6,0,0,-,caller=T0;Booting Linux on physical CPU 0x0000000000 [0x410fd462]
5,1,0,-,caller=T0;Linux version 5.10.66-android12-9-00005-gf6e6376090be-ab8060604 (build-user@build-host) (Android (7284624, based on r416183b) clang version 12.0.5 (https://android.googlesource.com/toolchain/llvm-project c935d99d7cf2016289302412d708641d52d2f7ee), LLD 12.0.5 (/buildbot/src/android/llvm-toolchain/out/llvm-project/lld c935d99d7cf2016289302412d708641d52d2f7ee)) #1 SMP PREEMPT Fri Jan 7 14:51:36 UTC 2022
6,2,0,-,caller=T0;Machine model: Qualcomm Technologies, Inc. Waipio MTP with PM8010
6,3,0,-,caller=T0;Stack Depot is disabled
6,4,0,-,caller=T0;PELT half life is set to 8ms
6,5,0,-,caller=T0;efi: UEFI not found.
6,6,0,-,caller=T0;OF: fdt: Reserved memory: failed to reserve memory for node 'demura_region_0': base 0x00**************, size 0 MiB
6,7,0,-,caller=T0;OF: fdt: Reserved memory: failed to reserve memory for node 'demura_region_1': base 0x00**************, size 0 MiB
6,8,0,-,caller=T0;Reserved memory: created CMA memory pool at 0x00000000fe000000, size 28 MiB
6,9,0,-,caller=T0;OF: reserved mem: initialized node audio_cma_region, compatible id shared-dma-pool
6,10,0,-,caller=T0;Reserved memory: created CMA memory pool at 0x0000000bff000000, size 16 MiB
6,11,0,-,caller=T0;OF: reserved mem: initialized node va_md_mem_region, compatible id shared-dma-pool
6,12,0,-,caller=T0;Reserved memory: created CMA memory pool at 0x00000000d5c00000, size 164 MiB
6,13,0,-,caller=T0;OF: reserved mem: initialized node non_secure_display_region, compatible id shared-dma-pool
6,14,0,-,caller=T0;Reserved memory: created CMA memory pool at 0x00000000fc000000, size 32 MiB
6,15,0,-,caller=T0;OF: reserved mem: initialized node qseecom_ta_region, compatible id shared-dma-pool
6,16,0,-,caller=T0;Reserved memory: created CMA memory pool at 0x0000000bfc800000, size 40 MiB
6,17,0,-,caller=T0;OF: reserved mem: initialized node demura_heap_region, compatible id shared-dma-pool
6,18,0,-,caller=T0;Reserved memory: created CMA memory pool at 0x00000000fac00000, size 20 MiB
6,19,0,-,caller=T0;OF: reserved mem: initialized node qseecom_region, compatible id shared-dma-pool
6,20,0,-,caller=T0;Reserved memory: created CMA memory pool at 0x00000000f8c00000, size 32 MiB
6,21,0,-,caller=T0;OF: reserved mem: initialized node cnss_wlan_region, compatible id shared-dma-pool
6,22,0,-,caller=T0;Reserved memory: created CMA memory pool at 0x0000000bf9000000, size 52 MiB
6,23,0,-,caller=T0;OF: reserved mem: initialized node mem_dump_region, compatible id shared-dma-pool
6,24,0,-,caller=T0;Reserved memory: created CMA memory pool at 0x00000000f8000000, size 12 MiB
6,25,0,-,caller=T0;OF: reserved mem: initialized node adsp_heap_region, compatible id shared-dma-pool
6,26,0,-,caller=T0;Reserved memory: created CMA memory pool at 0x00000000e7800000, size 16 MiB
6,27,0,-,caller=T0;OF: reserved mem: initialized node user_contig_region, compatible id shared-dma-pool
6,28,0,-,caller=T0;Reserved memory: created CMA memory pool at 0x00000000e6800000, size 16 MiB
6,29,0,-,caller=T0;OF: reserved mem: initialized node sp_region, compatible id shared-dma-pool
6,30,0,-,caller=T0;Reserved memory: created CMA memory pool at 0x00000000e6400000, size 4 MiB
6,31,0,-,caller=T0;OF: reserved mem: initialized node cdsp_eva_region, compatible id shared-dma-pool
6,32,0,-,caller=T0;Reserved memory: created CMA memory pool at 0x00000000e5c00000, size 8 MiB
6,33,0,-,caller=T0;OF: reserved mem: initialized node sdsp_region, compatible id shared-dma-pool
6,34,0,-,caller=T0;Reserved memory: created CMA memory pool at 0x00000000d3c00000, size 32 MiB
6,35,0,-,caller=T0;OF: reserved mem: initialized node linux,cma, compatible id shared-dma-pool
6,36,0,-,caller=T0;Zone ranges:
6,37,0,-,caller=T0;  DMA32    [mem 0x00**************-0x00000000ffffffff]
6,38,0,-,caller=T0;  Normal   [mem 0x00**************-0x0000000bffffffff]
6,39,0,-,caller=T0;Movable zone start for each node
6,40,0,-,caller=T0;Early memory node ranges
6,41,0,-,caller=T0;  node   0: [mem 0x00**************-0x00000000808f3fff]
6,42,0,-,caller=T0;  node   0: [mem 0x00000000808f4000-0x00000000808fffff]
6,43,0,-,caller=T0;  node   0: [mem 0x00**************-0x00000000851fffff]
6,44,0,-,caller=T0;  node   0: [mem 0x00**************-0x00000000856fffff]
6,45,0,-,caller=T0;  node   0: [mem 0x00**************-0x0000000085dfffff]
6,46,0,-,caller=T0;  node   0: [mem 0x0000000085e00000-0x0000000087ffffff]
6,47,0,-,caller=T0;  node   0: [mem 0x00**************-0x000000008b91bfff]
6,48,0,-,caller=T0;  node   0: [mem 0x000000008b91c000-0x000000008b9fffff]
6,49,0,-,caller=T0;  node   0: [mem 0x000000008ba00000-0x00000000a24fffff]
6,50,0,-,caller=T0;  node   0: [mem 0x00000000a2500000-0x00000000a6dfffff]
6,51,0,-,caller=T0;  node   0: [mem 0x00000000a6e00000-0x00000000a6e3ffff]
6,52,0,-,caller=T0;  node   0: [mem 0x00000000a6e40000-0x00000000a6efffff]
6,53,0,-,caller=T0;  node   0: [mem 0x00000000a6f00000-0x00000000a6ffffff]
6,54,0,-,caller=T0;  node   0: [mem 0x00000000a7000000-0x00000000baffffff]
6,55,0,-,caller=T0;  node   0: [mem 0x00000000bb000000-0x00000000bfffffff]
6,56,0,-,caller=T0;  node   0: [mem 0x00000000c0000000-0x00000000dfffffff]
6,57,0,-,caller=T0;  node   0: [mem 0x00000000e0000000-0x00000000e56fffff]
6,58,0,-,caller=T0;  node   0: [mem 0x00000000e5700000-0x00000000e87fffff]
6,59,0,-,caller=T0;  node   0: [mem 0x00000000e8800000-0x00000000e9ffffff]
6,60,0,-,caller=T0;  node   0: [mem 0x00000000f8000000-0x00000000ffffffff]
6,61,0,-,caller=T0;  node   0: [mem 0x00**************-0x00000008377fffff]
6,62,0,-,caller=T0;  node   0: [mem 0x00**************-0x0000000bffffffff]
6,63,0,-,caller=T0;Initmem setup node 0 [mem 0x00**************-0x0000000bffffffff]
7,64,0,-,caller=T0;On node 0 totalpages: 4626432
7,65,0,-,caller=T0;  DMA32 zone: 7296 pages used for memmap
7,66,0,-,caller=T0;  DMA32 zone: 0 pages reserved
7,67,0,-,caller=T0;  DMA32 zone: 466944 pages, LIFO batch:63
7,68,0,-,caller=T0;  Normal zone: 64992 pages used for memmap
7,69,0,-,caller=T0;  Normal zone: 4159488 pages, LIFO batch:63
6,70,0,-,caller=T0;psci: probing for conduit method from DT.
6,71,0,-,caller=T0;psci: PSCIv1.1 detected in firmware.
6,72,0,-,caller=T0;psci: Using standard PSCI v0.2 function IDs
6,73,0,-,caller=T0;psci: MIGRATE_INFO_TYPE not supported.
6,74,0,-,caller=T0;psci: SMC Calling Convention v1.0
6,75,0,-,caller=T0;psci: OSI mode supported.
6,76,0,-,caller=T0;Load bootconfig: 805 bytes 46 nodes
6,77,0,-,caller=T0;percpu: Embedded 33 pages/cpu s95960 r8192 d31016 u135168
7,78,0,-,caller=T0;pcpu-alloc: s95960 r8192 d31016 u135168 alloc=33*4096
7,79,0,-,caller=T0;pcpu-alloc: [0] 0 [0] 1 [0] 2 [0] 3 [0] 4 [0] 5 [0] 6 [0] 7 
6,80,0,-,caller=T0;Detected PIPT I-cache on CPU0
4,81,0,-,caller=T0;CPU features: SYS_ID_AA64MMFR1_EL1[11:8]: forced to 0
6,82,0,-,caller=T0;CPU features: detected: GIC system register CPU interface
6,83,0,-,caller=T0;CPU features: kernel page table isolation forced OFF by kpti command line option
6,84,0,-,caller=T0;CPU features: detected: Hardware dirty bit management
6,85,0,-,caller=T0;CPU features: detected: Spectre-v4
6,86,0,-,caller=T0;CPU features: detected: Address authentication (architected algorithm)
6,87,0,-,caller=T0;CPU features: detected: Branch Target Identification
6,88,0,-,caller=T0;alternatives: patching kernel code
6,89,0,-,caller=T0;Built 1 zonelists, mobility grouping on.  Total pages: 4554144
5,90,0,-,caller=T0;Kernel command line: stack_depot_disable=on kasan.stacktrace=off kvm-arm.mode=protected cgroup_disable=pressure cgroup.memory=nokmem console=ttyMSM0,115200n8 loglevel=6 kpti=0 log_buf_len=256K kernel.panic_on_rcu_stall=1 swiotlb=noforce loop.max_part=7 cgroup.memory=nokmem,nosocket pcie_ports=compat service_locator.enable=1 msm_rtb.filter=0x237 allow_mismatched_32bit_el0 cpufreq.default_governor=performance pelt=8 kasan=off rcupdate.rcu_expedited=1 rcu_nocbs=0-7 irqaffinity=0-3 ftrace_dump_on_oops pstore.compress=none fsa4480_i2c.async_probe=1 can.stats_timer=0 video=vfb:640x400,bpp=32,memsize=3072000 qcom-dload-mode.download_mode=1 bootconfig  msm_drm.dsi_display0=qcom,mdss_dsi_r6130_1080_2400_amoled_cmd: rootwait ro init=/init
6,91,0,-,caller=T0;cgroup: Disabling pressure control group feature
6,92,0,-,caller=T0;printk: log_buf_len: 262144 bytes
6,93,0,-,caller=T0;printk: early log buf free: 123600(94%)
6,94,0,-,caller=T0;Dentry cache hash table entries: 4194304 (order: 13, 33554432 bytes, linear)
6,95,0,-,caller=T0;Inode-cache hash table entries: 2097152 (order: 12, 16777216 bytes, linear)
6,96,0,-,caller=T0;mem auto-init: stack:all(zero), heap alloc:on, heap free:off
6,97,0,-,caller=T0;software IO TLB: mapped [mem 0x00000000ffffe000-0x00000000ffffe800] (0MB)
6,98,0,-,caller=T0;Memory: 16809668K/18505728K available (28800K kernel code, 2088K rwdata, 10664K rodata, 3072K init, 969K bss, 1212732K reserved, 483328K cma-reserved)
5,99,0,-,caller=T0;random: get_random_u64 called from kmem_cache_open+0x2c/0x39c with crng_init=0
6,100,0,-,caller=T0;SLUB: HWalign=64, Order=0-3, MinObjects=0, CPUs=8, Nodes=1
6,101,0,-,caller=T0;rcu: Preemptible hierarchical RCU implementation.
6,102,0,-,caller=T0;rcu: \x09RCU event tracing is enabled.
6,103,0,-,caller=T0;rcu: \x09RCU dyntick-idle grace-period acceleration is enabled.
6,104,0,-,caller=T0;rcu: \x09RCU restricting CPUs from NR_CPUS=32 to nr_cpu_ids=8.
6,105,0,-,caller=T0;\x09All grace periods are expedited (rcu_expedited).
6,106,0,-,caller=T0;\x09Trampoline variant of Tasks RCU enabled.
6,107,0,-,caller=T0;\x09Tracing variant of Tasks RCU enabled.
6,108,0,-,caller=T0;rcu: RCU calculated value of scheduler-enlistment delay is 25 jiffies.
6,109,0,-,caller=T0;rcu: Adjusting geometry for rcu_fanout_leaf=16, nr_cpu_ids=8
6,110,0,-,caller=T0;NR_IRQS: 64, nr_irqs: 64, preallocated irqs: 0
6,111,0,-,caller=T0;GICv3: 988 SPIs implemented
6,112,0,-,caller=T0;GICv3: 0 Extended SPIs implemented
6,113,0,-,caller=T0;GICv3: Distributor has no Range Selector support
6,114,0,-,caller=T0;GICv3: 16 PPIs implemented
6,115,0,-,caller=T0;GICv3: Enabling SGIs without active state
6,116,0,-,caller=T0;GICv3: CPU0: found redistributor 0 region 0:0x00**************
6,117,0,-,caller=T0;ITS [mem 0x17140000-0x1715ffff]
4,118,0,-,caller=T0;ITS@0x00**************: Devices Table too large, reduce ids 32->19
4,119,0,-,caller=T0;ITS@0x00**************: Devices too large, reduce ITS pages 1024->256
6,120,0,-,caller=T0;ITS@0x00**************: allocated 131072 Devices @800100000 (indirect, esz 8, psz 4K, shr 1)
6,121,0,-,caller=T0;ITS@0x00**************: allocated 4096 Interrupt Collections @8000d2000 (flat, esz 1, psz 4K, shr 1)
6,122,0,-,caller=T0;GICv3: using LPI property table @0x00000008000f0000
6,123,0,-,caller=T0;GICv3: CPU0: using allocated LPI pending table @0x00**************
6,124,0,-,caller=T0;rcu: \x09Offload RCU callbacks from CPUs: 0-7.
6,125,0,-,caller=T0;kfence: initialized - using 524288 bytes for 63 objects at 0x(____ptrval____)-0x(____ptrval____)
6,126,0,-,caller=T0;arch_timer: cp15 and mmio timer(s) running at 19.20MHz (virt/virt).
6,127,0,-,caller=T0;clocksource: arch_sys_counter: mask: 0xffffffffffffff max_cycles: 0x46d987e47, max_idle_ns: 440795202767 ns
6,128,3,-,caller=T0;sched_clock: 56 bits at 19MHz, resolution 52ns, wraps every 4398046511078ns
6,129,5656,-,caller=T0;Calibrating delay loop (skipped), value calculated using timer frequency.. 38.40 BogoMIPS (lpj=76800)
6,130,5667,-,caller=T0;pid_max: default: 32768 minimum: 301
6,131,5755,-,caller=T0;LSM: Security Framework initializing
6,132,5789,-,caller=T0;SELinux:  Initializing.
6,133,5904,-,caller=T0;Mount-cache hash table entries: 65536 (order: 7, 524288 bytes, linear)
6,134,5933,-,caller=T0;Mountpoint-cache hash table entries: 65536 (order: 7, 524288 bytes, linear)
6,135,7433,-,caller=T1;rcu: Hierarchical SRCU implementation.
6,136,7901,-,caller=T1;Platform MSI: msi-controller@17140000 domain created
6,137,8676,-,caller=T1;PCI/MSI: /soc/interrupt-controller@17100000/msi-controller@17140000 domain created
6,138,9361,-,caller=T1;EFI services will not be available.
6,139,9647,-,caller=T1;smp: Bringing up secondary CPUs ...
6,140,10570,-,caller=T0;Detected PIPT I-cache on CPU1
6,141,10588,-,caller=T0;GICv3: CPU1: found redistributor 100 region 0:0x00000000171c0000
6,142,10699,-,caller=T0;GICv3: CPU1: using allocated LPI pending table @0x00**************
6,143,10783,-,caller=T0;CPU1: Booted secondary processor 0x0000000100 [0x410fd462]
6,144,11815,-,caller=T0;Detected PIPT I-cache on CPU2
6,145,11831,-,caller=T0;GICv3: CPU2: found redistributor 200 region 0:0x00**************
6,146,11932,-,caller=T0;GICv3: CPU2: using allocated LPI pending table @0x00**************
6,147,12005,-,caller=T0;CPU2: Booted secondary processor 0x0000000200 [0x410fd462]
6,148,12917,-,caller=T0;Detected PIPT I-cache on CPU3
6,149,12933,-,caller=T0;GICv3: CPU3: found redistributor 300 region 0:0x00**************
6,150,13024,-,caller=T0;GICv3: CPU3: using allocated LPI pending table @0x00**************
6,151,13094,-,caller=T0;CPU3: Booted secondary processor 0x0000000300 [0x410fd462]
6,152,16127,-,caller=T0;Detected PIPT I-cache on CPU4
4,153,16131,-,caller=T0;CPU features: SANITY CHECK: Unexpected variation in SYS_ID_AA64MMFR1_EL1. Boot CPU: 0x00000011212122, CPU4: 0x00000010212122
4,154,16139,-,caller=T0;CPU features: Unsupported CPU feature variation detected.
6,155,16145,-,caller=T0;GICv3: CPU4: found redistributor 400 region 0:0x00**************
6,156,16201,-,caller=T0;GICv3: CPU4: using allocated LPI pending table @0x00**************
6,157,16255,-,caller=T0;CPU4: Booted secondary processor 0x0000000400 [0x412fd470]
6,158,17158,-,caller=T0;Detected PIPT I-cache on CPU5
4,159,17162,-,caller=T0;CPU features: SANITY CHECK: Unexpected variation in SYS_ID_AA64MMFR1_EL1. Boot CPU: 0x00000011212122, CPU5: 0x00000010212122
6,160,17172,-,caller=T0;GICv3: CPU5: found redistributor 500 region 0:0x00000000172c0000
6,161,17229,-,caller=T0;GICv3: CPU5: using allocated LPI pending table @0x00**************
6,162,17285,-,caller=T0;CPU5: Booted secondary processor 0x0000000500 [0x412fd470]
6,163,18203,-,caller=T0;Detected PIPT I-cache on CPU6
4,164,18207,-,caller=T0;CPU features: SANITY CHECK: Unexpected variation in SYS_ID_AA64MMFR1_EL1. Boot CPU: 0x00000011212122, CPU6: 0x00000010212122
6,165,18216,-,caller=T0;GICv3: CPU6: found redistributor 600 region 0:0x00**************
6,166,18276,-,caller=T0;GICv3: CPU6: using allocated LPI pending table @0x00**************
6,167,18330,-,caller=T0;CPU6: Booted secondary processor 0x0000000600 [0x412fd470]
6,168,21257,-,caller=T0;Detected PIPT I-cache on CPU7
4,169,21260,-,caller=T0;CPU features: SANITY CHECK: Unexpected variation in SYS_ID_AA64MMFR1_EL1. Boot CPU: 0x00000011212122, CPU7: 0x00000010212122
6,170,21270,-,caller=T0;GICv3: CPU7: found redistributor 700 region 0:0x00**************
6,171,21326,-,caller=T0;GICv3: CPU7: using allocated LPI pending table @0x00**************
6,172,21380,-,caller=T0;CPU7: Booted secondary processor 0x0000000700 [0x412fd480]
6,173,21429,-,caller=T1;smp: Brought up 1 node, 8 CPUs
6,174,21454,-,caller=T1;SMP: Total of 8 processors activated.
6,175,21457,-,caller=T1;CPU features: detected: Privileged Access Never
6,176,21460,-,caller=T1;CPU features: detected: LSE atomic instructions
6,177,21463,-,caller=T1;CPU features: detected: User Access Override
6,178,21466,-,caller=T1;CPU features: detected: Common not Private translations
6,179,21470,-,caller=T1;CPU features: detected: Data cache clean to the PoU not required for I/D coherence
6,180,21473,-,caller=T1;CPU features: detected: Stage-2 Force Write-Back
6,181,21475,-,caller=T1;CPU features: detected: CRC32 instructions
6,182,21478,-,caller=T1;CPU features: detected: Speculative Store Bypassing Safe (SSBS)
6,183,21481,-,caller=T1;CPU features: detected: Speculation barrier (SB)
6,184,21484,-,caller=T1;CPU features: detected: Generic authentication (architected algorithm)
6,185,21487,-,caller=T1;CPU features: detected: E0PD
6,186,21490,-,caller=T1;CPU features: detected: ARMv8.4 Translation Table Level
6,187,21492,-,caller=T1;CPU features: detected: TLB range maintenance instructions
6,188,21495,-,caller=T1;CPU features: detected: RCpc load-acquire (LDAPR)
6,189,21498,-,caller=T1;CPU features: detected: Protected KVM
6,190,68626,-,caller=T56;CPU features: detected CPU7: Activity Monitors Unit (AMU)
6,191,68629,-,caller=T16;CPU features: detected CPU0: Activity Monitors Unit (AMU)
6,192,68633,-,caller=T31;CPU features: detected CPU3: Activity Monitors Unit (AMU)
6,193,68636,-,caller=T25;CPU features: detected CPU2: Activity Monitors Unit (AMU)
6,194,68638,-,caller=T19;CPU features: detected CPU1: Activity Monitors Unit (AMU)
6,195,68644,-,caller=T44;CPU features: detected CPU5: Activity Monitors Unit (AMU)
6,196,68646,-,caller=T37;CPU features: detected CPU4: Activity Monitors Unit (AMU)
6,197,68649,-,caller=T50;CPU features: detected CPU6: Activity Monitors Unit (AMU)
6,198,118757,-,caller=T1;CPU: All CPU(s) started at EL1
5,199,166503,-,caller=T1;Registered cp15_barrier emulation handler
5,200,166516,-,caller=T1;Registered setend emulation handler
6,201,166518,-,caller=T1;KASLR enabled
6,202,166554,-,caller=T1;clocksource: jiffies: mask: 0xffffffff max_cycles: 0xffffffff, max_idle_ns: 76************** ns
6,203,166563,-,caller=T1;futex hash table entries: 2048 (order: 5, 131072 bytes, linear)
6,204,168242,-,caller=T1;pinctrl core: initialized pinctrl subsystem
6,205,168460,-,caller=T1;NET: Registered protocol family 16
6,206,169356,-,caller=T1;DMA: preallocated 4096 KiB GFP_KERNEL pool for atomic allocations
6,207,169672,-,caller=T1;DMA: preallocated 4096 KiB GFP_KERNEL|GFP_DMA32 pool for atomic allocations
6,208,169695,-,caller=T1;audit: initializing netlink subsys (disabled)
5,209,169784,-,caller=T70;audit: type=2000 audit(0.144:1): state=initialized audit_enabled=0 res=1
6,210,169857,-,caller=T1;thermal_sys: Registered thermal governor 'step_wise'
6,211,169858,-,caller=T1;thermal_sys: Registered thermal governor 'user_space'
6,212,169859,-,caller=T1;thermal_sys: Registered thermal governor 'power_allocator'
6,213,172356,-,caller=T1;cpuidle: using governor menu
6,214,172394,-,caller=T1;hw-breakpoint: found 6 breakpoint and 4 watchpoint registers.
6,215,172512,-,caller=T1;ASID allocator initialised with 65536 entries
6,216,172534,-,caller=T1;Serial: AMBA PL011 UART driver
6,217,172652,-,caller=T1;pstore: Registered ramoops as persistent store backend
6,218,172653,-,caller=T1;ramoops: using 0x200000@0xbfc600000, ecc: 0
3,219,179536,-,caller=T1;OF: /soc/spf_core_platform/lpass-cdc/va-macro@33F0000: could not get #gpio-cells for /soc/interrupt-controller@17100000
3,220,179727,-,caller=T1;OF: /soc/spf_core_platform/sound: could not get #gpio-cells for /soc/spf_core_platform/pri_mi2s_pinctrl
6,221,199937,-,caller=T1;iommu: Default domain type: Translated 
5,222,200036,-,caller=T1;SCSI subsystem initialized
6,223,200059,-,caller=T1;usbcore: registered new interface driver usbfs
6,224,200064,-,caller=T1;usbcore: registered new interface driver hub
6,225,200069,-,caller=T1;usbcore: registered new device driver usb
6,226,200086,-,caller=T1;mc: Linux media interface: v0.10
6,227,200090,-,caller=T1;videodev: Linux video capture interface: v2.00
6,228,200103,-,caller=T1;EDAC MC: Ver: 3.0.0
6,229,200217,-,caller=T1;CPUidle PSCI: Initialized CPU PM domain topology
6,230,200466,-,caller=T1;Advanced Linux Sound Architecture Driver Initialized.
6,231,200559,-,caller=T1;Bluetooth: Core ver 2.22
6,232,200563,-,caller=T1;NET: Registered protocol family 31
6,233,200564,-,caller=T1;Bluetooth: HCI device and connection manager initialized
6,234,200566,-,caller=T1;Bluetooth: HCI socket layer initialized
6,235,200568,-,caller=T1;Bluetooth: L2CAP socket layer initialized
6,236,200571,-,caller=T1;Bluetooth: SCO socket layer initialized
6,237,200597,-,caller=T1;nfc: nfc_init: NFC Core ver 0.1
6,238,200602,-,caller=T1;NET: Registered protocol family 39
6,239,200726,-,caller=T36;CPU features: Asymmetric 32-bit EL0 support detected on CPU 4; CPU hot-unplug disabled on CPU 4
6,240,200863,-,caller=T1;clocksource: Switched to clocksource arch_sys_counter
5,241,211374,-,caller=T1;VFS: Disk quotas dquot_6.6.0
6,242,211391,-,caller=T1;VFS: Dquot-cache hash table entries: 512 (order 0, 4096 bytes)
6,243,211538,-,caller=T1;NET: Registered protocol family 2
6,244,211641,-,caller=T1;IP idents hash table entries: 262144 (order: 9, 2097152 bytes, linear)
6,245,213174,-,caller=T1;tcp_listen_portaddr_hash hash table entries: 16384 (order: 6, 262144 bytes, linear)
6,246,213280,-,caller=T1;TCP established hash table entries: 262144 (order: 9, 2097152 bytes, linear)
6,247,213486,-,caller=T1;TCP bind hash table entries: 65536 (order: 8, 1048576 bytes, linear)
6,248,213529,-,caller=T1;TCP: Hash tables configured (established 262144 bind 65536)
6,249,213581,-,caller=T1;UDP hash table entries: 16384 (order: 7, 524288 bytes, linear)
6,250,213633,-,caller=T1;UDP-Lite hash table entries: 16384 (order: 7, 524288 bytes, linear)
6,251,213692,-,caller=T1;NET: Registered protocol family 1
6,252,213697,-,caller=T1;NET: Registered protocol family 44
6,253,213702,-,caller=T1;PCI: CLS 0 bytes, default 64
6,254,213773,-,caller=T1;Trying to unpack rootfs image as initramfs...
6,255,265131,-,caller=T1;Freeing initrd memory: 20948K
6,256,266302,-,caller=T1;hw perfevents: enabled with armv8_pmuv3 PMU driver, 7 counters available
6,257,266679,-,caller=T1;kvm [1]: HYP mode not available
5,258,269725,-,caller=T1;Initialise system trusted keyrings
6,259,269886,-,caller=T1;workingset: timestamp_bits=46 max_order=23 bucket_order=0
6,260,270798,-,caller=T1;fuse: init (API version 7.32)
5,261,281135,-,caller=T1;Key type asymmetric registered
5,262,281140,-,caller=T1;Asymmetric key parser 'x509' registered
6,263,281152,-,caller=T1;Block layer SCSI generic (bsg) driver version 0.4 loaded (major 240)
6,264,281160,-,caller=T1;io scheduler mq-deadline registered
6,265,281161,-,caller=T1;io scheduler kyber registered
6,266,281180,-,caller=T1;io scheduler bfq registered
6,267,282762,-,caller=T1;Serial: 8250/16550 driver, 4 ports, IRQ sharing disabled
6,268,284948,-,caller=T1;brd: module loaded
6,269,287382,-,caller=T1;loop: module loaded
6,270,287935,-,caller=T1;wireguard: WireGuard 1.0.0 loaded. See www.wireguard.com for information.
6,271,287936,-,caller=T1;wireguard: Copyright (C) 2015-2019 Jason A. Donenfeld <Jason@zx2c4.com>. All Rights Reserved.
6,272,288081,-,caller=T1;libphy: Fixed MDIO Bus: probed
6,273,288082,-,caller=T1;tun: Universal TUN/TAP device driver, 1.6
6,274,288091,-,caller=T1;CAN device driver interface
6,275,288091,-,caller=T1;PPP generic driver version 2.4.2
6,276,288103,-,caller=T1;PPP BSD Compression module registered
6,277,288104,-,caller=T1;PPP Deflate Compression module registered
6,278,288111,-,caller=T1;PPP MPPE Compression module registered
6,279,288112,-,caller=T1;NET: Registered protocol family 24
6,280,288113,-,caller=T1;PPTP driver version 0.8.5
6,281,288172,-,caller=T1;usbcore: registered new interface driver rtl8150
6,282,288177,-,caller=T1;usbcore: registered new interface driver r8152
6,283,288180,-,caller=T1;usbcore: registered new interface driver cdc_ether
6,284,288183,-,caller=T1;usbcore: registered new interface driver cdc_eem
6,285,288188,-,caller=T1;usbcore: registered new interface driver cdc_ncm
6,286,288191,-,caller=T1;usbcore: registered new interface driver aqc111
6,287,288467,-,caller=T1;ehci_hcd: USB 2.0 'Enhanced' Host Controller (EHCI) Driver
6,288,288468,-,caller=T1;ehci-pci: EHCI PCI platform driver
6,289,288473,-,caller=T1;ehci-platform: EHCI generic platform driver
6,290,288750,-,caller=T1;usbcore: registered new interface driver cdc_acm
6,291,288751,-,caller=T1;cdc_acm: USB Abstract Control Model driver for USB modems and ISDN adapters
6,292,288919,-,caller=T1;usbcore: registered new interface driver uas
6,293,288925,-,caller=T1;usbcore: registered new interface driver usb-storage
6,294,289016,-,caller=T1;dummy_hcd dummy_hcd.0: USB Host+Gadget Emulator, driver 02 May 2005
 SUBSYSTEM=platform
 DEVICE=+platform:dummy_hcd.0
6,295,289020,-,caller=T1;dummy_hcd dummy_hcd.0: Dummy host controller
 SUBSYSTEM=platform
 DEVICE=+platform:dummy_hcd.0
6,296,289023,-,caller=T1;dummy_hcd dummy_hcd.0: new USB bus registered, assigned bus number 1
 SUBSYSTEM=platform
 DEVICE=+platform:dummy_hcd.0
6,297,289057,-,caller=T1;usb usb1: New USB device found, idVendor=1d6b, idProduct=0002, bcdDevice= 5.10
 SUBSYSTEM=usb
 DEVICE=c189:0
6,298,289058,-,caller=T1;usb usb1: New USB device strings: Mfr=3, Product=2, SerialNumber=1
 SUBSYSTEM=usb
 DEVICE=c189:0
6,299,289060,-,caller=T1;usb usb1: Product: Dummy host controller
 SUBSYSTEM=usb
 DEVICE=c189:0
6,300,289061,-,caller=T1;usb usb1: Manufacturer: Linux 5.10.66-android12-9-00005-gf6e6376090be-ab8060604 dummy_hcd
 SUBSYSTEM=usb
 DEVICE=c189:0
6,301,289062,-,caller=T1;usb usb1: SerialNumber: dummy_hcd.0
 SUBSYSTEM=usb
 DEVICE=c189:0
6,302,289119,-,caller=T1;hub 1-0:1.0: USB hub found
 SUBSYSTEM=usb
 DEVICE=+usb:1-0:1.0
6,303,289123,-,caller=T1;hub 1-0:1.0: 1 port detected
 SUBSYSTEM=usb
 DEVICE=+usb:1-0:1.0
6,304,289248,-,caller=T1;usbcore: registered new interface driver xpad
6,305,289295,-,caller=T1;usbcore: registered new interface driver uvcvideo
6,306,289296,-,caller=T1;USB Video Class driver (1.1.1)
6,307,289297,-,caller=T1;gspca_main: v2.14.0 registered
6,308,289409,-,caller=T1;device-mapper: uevent: version 1.0.3
6,309,289439,-,caller=T1;device-mapper: ioctl: 4.44.0-ioctl (2021-02-01) initialised: dm-devel@redhat.com
6,310,289598,-,caller=T1;Bluetooth: HCI UART driver ver 2.3
6,311,289600,-,caller=T1;Bluetooth: HCI UART protocol H4 registered
6,312,289605,-,caller=T1;Bluetooth: HCI UART protocol LL registered
6,313,289626,-,caller=T1;Bluetooth: HCI UART protocol Broadcom registered
6,314,289628,-,caller=T1;Bluetooth: HCI UART protocol QCA registered
6,315,289933,-,caller=T1;sdhci: Secure Digital Host Controller Interface driver
6,316,289935,-,caller=T1;sdhci: Copyright(c) Pierre Ossman
6,317,289935,-,caller=T1;sdhci-pltfm: SDHCI platform and OF driver helper
6,318,290002,-,caller=T1;hid: raw HID events driver (C) Jiri Kosina
6,319,290132,-,caller=T1;usbcore: registered new interface driver usbhid
6,320,290133,-,caller=T1;usbhid: USB HID core driver
6,321,290160,-,caller=T1;ashmem: initialized
6,322,290265,-,caller=T1;gnss: GNSS driver registered with major 511
6,323,290707,-,caller=T1;usbcore: registered new interface driver snd-usb-audio
6,324,290792,-,caller=T1;GACT probability NOT on
6,325,290795,-,caller=T1;Mirror/redirect action on
6,326,290799,-,caller=T1;netem: version 1.3
6,327,290808,-,caller=T1;u32 classifier
6,328,290809,-,caller=T1;    input device check on
6,329,290809,-,caller=T1;    Actions configured
6,330,291000,-,caller=T1;xt_time: kernel timezone is -0000
6,331,291035,-,caller=T1;ipip: IPv4 and MPLS over IPv4 tunneling driver
6,332,291109,-,caller=T1;gre: GRE over IPv4 demultiplexor driver
6,333,291110,-,caller=T1;ip_gre: GRE over IPv4 tunneling driver
6,334,291231,-,caller=T1;IPv4 over IPsec tunneling driver
6,335,291338,-,caller=T1;Initializing XFRM netlink socket
6,336,291342,-,caller=T1;IPsec XFRM device driver
6,337,291405,-,caller=T1;NET: Registered protocol family 10
6,338,291720,-,caller=T1;Segment Routing with IPv6
6,339,291739,-,caller=T1;mip6: Mobile IPv6
6,340,291853,-,caller=T1;sit: IPv6, IPv4 and MPLS over IPv4 tunneling driver
6,341,291938,-,caller=T1;ip6_gre: GRE over IPv6 tunneling driver
6,342,291980,-,caller=T1;NET: Registered protocol family 17
6,343,291983,-,caller=T1;NET: Registered protocol family 15
6,344,291996,-,caller=T1;can: controller area network core
6,345,292010,-,caller=T1;NET: Registered protocol family 29
6,346,292011,-,caller=T1;can: raw protocol
6,347,292013,-,caller=T1;can: broadcast manager protocol
6,348,292015,-,caller=T1;can: netlink gateway - max_hops=1
6,349,292150,-,caller=T1;Bluetooth: RFCOMM TTY layer initialized
6,350,292151,-,caller=T1;Bluetooth: RFCOMM socket layer initialized
6,351,292155,-,caller=T1;Bluetooth: RFCOMM ver 1.11
6,352,292158,-,caller=T1;Bluetooth: HIDP (Human Interface Emulation) ver 1.2
6,353,292159,-,caller=T1;Bluetooth: HIDP socket layer initialized
6,354,292165,-,caller=T1;l2tp_core: L2TP core driver, V2.0
6,355,292166,-,caller=T1;l2tp_ppp: PPPoL2TP kernel driver, V2.0
6,356,292167,-,caller=T1;tipc: Activated (version 2.0.0)
6,357,292187,-,caller=T1;NET: Registered protocol family 30
6,358,292203,-,caller=T1;tipc: Started in single node mode
6,359,292231,-,caller=T1;NET: Registered protocol family 36
6,360,292261,-,caller=T1;NET: Registered protocol family 40
6,361,292325,-,caller=T1;registered taskstats version 1
5,362,292328,-,caller=T1;Loading compiled-in X.509 certificates
6,363,292341,-,caller=T1;page_owner is disabled
5,364,292537,-,caller=T1;Key type ._fscrypt registered
5,365,292539,-,caller=T1;Key type .fscrypt registered
5,366,292540,-,caller=T1;Key type fscrypt-provisioning registered
6,367,295010,-,caller=T1;ALSA device list:
6,368,295016,-,caller=T1;  No soundcards found.
3,369,295038,-,caller=T1;Warning: unable to open an initial console.
6,370,295462,-,caller=T1;Freeing unused kernel memory: 3072K
6,371,318647,-,caller=T1;Run /init as init process
7,372,318652,-,caller=T1;  with arguments:
7,373,318653,-,caller=T1;    /init
7,374,318654,-,caller=T1;  with environment:
7,375,318655,-,caller=T1;    HOME=/
7,376,318656,-,caller=T1;    TERM=linux
9,377,373010,-,caller=T153;nx679j: journal mirror: 1047 bytes (file open, kmsg=1 pmsg=2 rd=-1)
9,378,373028,-,caller=T153;nx679j: journal mirror: 1047 bytes (file open, kmsg=1 pmsg=2 rd=-1)
9,379,423460,-,caller=T154;nx679j: journal mirror: 1146 bytes (file open, kmsg=1 pmsg=2 rd=-1)
9,380,423473,-,caller=T154;nx679j: journal mirror: 1146 bytes (file open, kmsg=1 pmsg=2 rd=-1)
9,381,474587,-,caller=T155;nx679j: journal mirror: 1213 bytes (file open, kmsg=1 pmsg=2 rd=-1)
9,382,474600,-,caller=T155;nx679j: journal mirror: 1213 bytes (file open, kmsg=1 pmsg=2 rd=-1)
9,383,526271,-,caller=T156;nx679j: journal mirror: 1472 bytes (file open, kmsg=1 pmsg=2 rd=-1)
9,384,526283,-,caller=T156;nx679j: journal mirror: 1472 bytes (file open, kmsg=1 pmsg=2 rd=-1)
9,385,576591,-,caller=T157;nx679j: journal mirror: 1647 bytes (file open, kmsg=1 pmsg=2 rd=-1)
9,386,576602,-,caller=T157;nx679j: journal mirror: 1647 bytes (file open, kmsg=1 pmsg=2 rd=-1)
9,387,12637766,-,caller=T158;nx679j: journal mirror: 2347 bytes (file open, kmsg=1 pmsg=2 rd=-1)
9,388,12637778,-,caller=T158;nx679j: journal mirror: 2347 bytes (file open, kmsg=1 pmsg=2 rd=-1)
9,389,12681031,-,caller=T159;nx679j: journal mirror: 2478 bytes (file open, kmsg=1 pmsg=2 rd=-1)
9,390,12681043,-,caller=T159;nx679j: journal mirror: 2478 bytes (file open, kmsg=1 pmsg=2 rd=-1)
9,391,12786800,-,caller=T160;nx679j: journal mirror: 2816 bytes (file open, kmsg=1 pmsg=2 rd=-1)
9,392,12786812,-,caller=T160;nx679j: journal mirror: 2816 bytes (file open, kmsg=1 pmsg=2 rd=-1)
6,393,13145984,-,caller=T171;gh_msgq: Registered client for label: 0
9,394,13194733,-,caller=T160;nx679j: journal mirror: 3773 bytes (file open, kmsg=1 pmsg=2 rd=-1)
9,395,13194756,-,caller=T160;nx679j: journal mirror: 3773 bytes (file open, kmsg=1 pmsg=2 rd=-1)
6,396,13405239,-,caller=T180;Minidump: Enabled with max number of regions 200
6,397,13553755,-,caller=T183;NET: Registered protocol family 42
9,398,13602637,-,caller=T160;nx679j: journal mirror: 4727 bytes (file open, kmsg=1 pmsg=2 rd=-1)
9,399,13602652,-,caller=T160;nx679j: journal mirror: 4727 bytes (file open, kmsg=1 pmsg=2 rd=-1)
1,400,13963908,-,caller=T192;pcie:pcie_init.
9,401,14010623,-,caller=T160;nx679j: journal mirror: 5707 bytes (file open, kmsg=1 pmsg=2 rd=-1)
9,402,14010639,-,caller=T160;nx679j: journal mirror: 5707 bytes (file open, kmsg=1 pmsg=2 rd=-1)
6,403,14120012,-,caller=T196;qcom-scm: __get_convention: qcom_scm: convention: smc arm 64
3,404,14120401,-,caller=T196;qtee shmbridge registered default bridge with size 4194304 bytes
4,405,14121490,-,caller=T196;shmbridge is enabled
6,406,14269578,-,caller=T202;qcom_system_heap_create: DMA-BUF Heap: Created 'qcom,system'
6,407,14269619,-,caller=T202;qcom_system_heap_create: DMA-BUF Heap: Created 'system'
6,408,14269661,-,caller=T202;qcom_secure_system_heap_create: DMA-BUF Heap: Created 'qcom,secure-pixel'
6,409,14269693,-,caller=T202;qcom_secure_system_heap_create: DMA-BUF Heap: Created 'qcom,secure-non-pixel'
6,410,14269950,-,caller=T202;platform soc:qcom,dma-heaps:qcom,adsp: assigned reserved memory node sdsp_region
 SUBSYSTEM=platform
 DEVICE=+platform:soc:qcom,dma-heaps:qcom,adsp
6,411,14270193,-,caller=T202;platform soc:qcom,dma-heaps:qcom,sp_hlos: assigned reserved memory node sp_region
 SUBSYSTEM=platform
 DEVICE=+platform:soc:qcom,dma-heaps:qcom,sp_hlos
6,412,14270529,-,caller=T202;platform soc:qcom,dma-heaps:qcom,user_contig: assigned reserved memory node user_contig_region
 SUBSYSTEM=platform
 DEVICE=+platform:soc:qcom,dma-heaps:qcom,user_contig
6,413,14270640,-,caller=T202;platform soc:qcom,dma-heaps:qcom,qseecom: assigned reserved memory node qseecom_region
 SUBSYSTEM=platform
 DEVICE=+platform:soc:qcom,dma-heaps:qcom,qseecom
6,414,14270750,-,caller=T202;platform soc:qcom,dma-heaps:qcom,qseecom_ta: assigned reserved memory node qseecom_ta_region
 SUBSYSTEM=platform
 DEVICE=+platform:soc:qcom,dma-heaps:qcom,qseecom_ta
6,415,14270859,-,caller=T202;platform soc:qcom,dma-heaps:qcom,display: assigned reserved memory node non_secure_display_region
 SUBSYSTEM=platform
 DEVICE=+platform:soc:qcom,dma-heaps:qcom,display
6,416,14270971,-,caller=T202;platform soc:qcom,dma-heaps:qcom,demura: assigned reserved memory node demura_heap_region
 SUBSYSTEM=platform
 DEVICE=+platform:soc:qcom,dma-heaps:qcom,demura
6,417,14271077,-,caller=T202;platform soc:qcom,dma-heaps:qcom,audio_ml: assigned reserved memory node audio_cma_region
 SUBSYSTEM=platform
 DEVICE=+platform:soc:qcom,dma-heaps:qcom,audio_ml
6,418,14271115,-,caller=T202;qcom_dma_heap_probe: DMA-BUF Heap: Created qcom,adsp
6,419,14314290,-,caller=T202;qcom_dma_heap_probe: DMA-BUF Heap: Created qcom,secure-cdsp
6,420,14314309,-,caller=T202;qcom_dma_heap_probe: DMA-BUF Heap: Created qcom,sp-hlos
6,421,14314854,-,caller=T202;qcom_dma_heap_probe: DMA-BUF Heap: Created qcom,secure-sp-modem
6,422,14316748,-,caller=T202;qcom_dma_heap_probe: DMA-BUF Heap: Created qcom,secure-sp-tz
6,423,14316757,-,caller=T202;qcom_dma_heap_probe: DMA-BUF Heap: Created qcom,user-contig
6,424,14316766,-,caller=T202;qcom_dma_heap_probe: DMA-BUF Heap: Created qcom,qseecom
6,425,14316775,-,caller=T202;qcom_dma_heap_probe: DMA-BUF Heap: Created qcom,qseecom-ta
6,426,14316785,-,caller=T202;qcom_dma_heap_probe: DMA-BUF Heap: Created qcom,display
6,427,14316793,-,caller=T202;qcom_dma_heap_probe: DMA-BUF Heap: Created qcom,demura
6,428,14316800,-,caller=T202;qcom_dma_heap_probe: DMA-BUF Heap: Created qcom,audio-ml
9,429,14469771,-,caller=T160;nx679j: journal mirror: 6678 bytes (file open, kmsg=1 pmsg=2 rd=-1)
9,430,14469790,-,caller=T160;nx679j: journal mirror: 6678 bytes (file open, kmsg=1 pmsg=2 rd=-1)
6,431,14727486,-,caller=T211;IPA framework init
6,432,15493977,-,caller=T229;qcom_dma_iommu soc:dma_dev@0x0: assigned reserved memory node linux,cma
 SUBSYSTEM=platform
 DEVICE=+platform:soc:dma_dev@0x0
6,433,15494770,-,caller=T229;DMA: preallocated 256 KiB pool for atomic allocations
6,434,15900665,-,caller=T237;qcom-llcc-pmu 19095000.llcc-pmu: Registered llcc_pmu, type: 9
 SUBSYSTEM=platform
 DEVICE=+platform:19095000.llcc-pmu
6,435,16411186,-,caller=T247;msm_geni_serial_init: Driver initialized
6,436,16616410,-,caller=T251;pm8450_s4_level: supplied by pm8350c_s6_mmcx_sup_level
6,437,16617520,-,caller=T7;gpu_cc_cx_gdsc: supplied by pm8350c_s6_level
6,438,16618481,-,caller=T251;pm8350c_s2_mmcx_voter_level: supplied by pm8450_s4_level
6,439,16618761,-,caller=T251;pm8350c_s2_gfx_voter_level: supplied by pm8350_s5_level
6,440,16620365,-,caller=T7;gcc_pcie_0_gdsc: supplied by pm8350c_s6_level
6,441,16620746,-,caller=T7;gcc_pcie_1_gdsc: supplied by pm8350c_s6_level
6,442,16621029,-,caller=T7;gcc_ufs_phy_gdsc: supplied by pm8350c_s6_level
6,443,16625374,-,caller=T251;pm8350c_l7: Bringing 3000000uV into 3008000-3008000uV
6,444,16626201,-,caller=T251;gpu_cc_gx_gdsc: supplied by pm8350c_s2_gfx_voter_level
3,445,16626573,-,caller=T251;rpmh_regulator_probe: ldof1: could not find RPMh address for resource
3,446,16626584,-,caller=T251;rpmh_regulator_probe: ldof2: could not find RPMh address for resource
3,447,16626594,-,caller=T251;rpmh_regulator_probe: ldof4: could not find RPMh address for resource
3,448,16626602,-,caller=T251;rpmh_regulator_probe: ldof5: could not find RPMh address for resource
3,449,16626610,-,caller=T251;rpmh_regulator_probe: ldof6: could not find RPMh address for resource
3,450,16627026,-,caller=T251;rpmh_regulator_probe: ldoj1: could not find RPMh address for resource
3,451,16627047,-,caller=T251;rpmh_regulator_probe: ldoj2: could not find RPMh address for resource
3,452,16627080,-,caller=T251;rpmh_regulator_probe: ldoj3: could not find RPMh address for resource
3,453,16627106,-,caller=T251;rpmh_regulator_probe: ldoj4: could not find RPMh address for resource
3,454,16627115,-,caller=T251;rpmh_regulator_probe: ldoj5: could not find RPMh address for resource
3,455,16627126,-,caller=T251;rpmh_regulator_probe: ldoj6: could not find RPMh address for resource
3,456,16627146,-,caller=T251;rpmh_regulator_probe: ldoj7: could not find RPMh address for resource
6,457,16972028,-,caller=T258;gh_msgq: Registered client for label: 1
6,458,17020866,-,caller=T260;v0.15, id=457, ver=2.2, raw_id=391, raw_ver=3, hw_plat=8, hw_plat_ver=65536\x0a accessory_chip=0, hw_plat_subtype=0, pmic_model=65550, pmic_die_revision=131072 foundry_id=7 serial_number=1242140786 num_pmics=7 chip_family=0x74 raw_device_family=0xa raw_device_number=0x1 nproduct_id=0x432 num_clusters=0x1 ncluster_array_offset=0xb0 num_defective_parts=0xf ndefective_parts_array_offset=0xb4 nmodem_supported=0xffffffff
6,459,17123346,-,caller=T262;gh-watchdog hypervisor:qcom,gh-watchdog: QCOM Apps Watchdog Initialized
 SUBSYSTEM=platform
 DEVICE=+platform:hypervisor:qcom,gh-watchdog
6,460,17224006,-,caller=T265;msm_mem_dump soc:mem_dump: assigned reserved memory node mem_dump_region
 SUBSYSTEM=platform
 DEVICE=+platform:soc:mem_dump
6,461,17238007,-,caller=T265;MSM Memory Dump apps data table set up
3,462,17428509,-,caller=T269;qnoc-waipio soc:interconnect@1: failed to register ICC provider
 SUBSYSTEM=platform
 DEVICE=+platform:soc:interconnect@1
3,463,17429309,-,caller=T7;qnoc-waipio soc:interconnect@1: failed to register ICC provider
 SUBSYSTEM=platform
 DEVICE=+platform:soc:interconnect@1
3,464,17431375,-,caller=T269;qnoc-waipio 1740000.interconnect: failed to register ICC provider
 SUBSYSTEM=platform
 DEVICE=+platform:1740000.interconnect
3,465,17431455,-,caller=T269;qnoc-waipio 19100000.interconnect: failed to register ICC provider
 SUBSYSTEM=platform
 DEVICE=+platform:19100000.interconnect
3,466,17431919,-,caller=T7;qnoc-waipio soc:interconnect@1: failed to register ICC provider
 SUBSYSTEM=platform
 DEVICE=+platform:soc:interconnect@1
3,467,17433786,-,caller=T7;qnoc-waipio 1740000.interconnect: failed to register ICC provider
 SUBSYSTEM=platform
 DEVICE=+platform:1740000.interconnect
3,468,17433856,-,caller=T7;qnoc-waipio 19100000.interconnect: failed to register ICC provider
 SUBSYSTEM=platform
 DEVICE=+platform:19100000.interconnect
5,469,17643304,-,caller=T273;cfg80211: Loading compiled-in X.509 certificates for regulatory database
5,470,17649782,-,caller=T273;cfg80211: Loaded X.509 cert 'sforshee: 00b28ddf47aef9cea7'
4,471,17649850,-,caller=T67;platform regulatory.0: Direct firmware load for regulatory.db failed with error -2
 SUBSYSTEM=platform
 DEVICE=+platform:regulatory.0
6,472,17649854,-,caller=T67;cfg80211: failed to load regulatory.db
3,473,17988138,-,caller=T7;qnoc-waipio soc:interconnect@1: failed to register ICC provider
 SUBSYSTEM=platform
 DEVICE=+platform:soc:interconnect@1
3,474,17989472,-,caller=T7;qnoc-waipio 1740000.interconnect: failed to register ICC provider
 SUBSYSTEM=platform
 DEVICE=+platform:1740000.interconnect
3,475,17989754,-,caller=T7;qnoc-waipio 19100000.interconnect: failed to register ICC provider
 SUBSYSTEM=platform
 DEVICE=+platform:19100000.interconnect
4,476,18035886,-,caller=T285;msm_mmrm: loading out-of-tree module taints kernel.
3,477,18038719,-,caller=T7;qnoc-waipio soc:interconnect@1: failed to register ICC provider
 SUBSYSTEM=platform
 DEVICE=+platform:soc:interconnect@1
3,478,18040017,-,caller=T7;qnoc-waipio 1740000.interconnect: failed to register ICC provider
 SUBSYSTEM=platform
 DEVICE=+platform:1740000.interconnect
3,479,18040296,-,caller=T7;qnoc-waipio 19100000.interconnect: failed to register ICC provider
 SUBSYSTEM=platform
 DEVICE=+platform:19100000.interconnect
9,480,18086731,-,caller=T160;nx679j: journal mirror: 15418 bytes (file open, kmsg=1 pmsg=2 rd=-1)
9,481,18086742,-,caller=T160;nx679j: journal mirror: 15418 bytes (file open, kmsg=1 pmsg=2 rd=-1)
6,482,18089550,-,caller=T7;spmi spmi-0: PMIC arbiter version v7 (0x70000000)
 SUBSYSTEM=spmi
 DEVICE=+spmi:spmi-0
3,483,18092321,-,caller=T7;qnoc-waipio soc:interconnect@1: failed to register ICC provider
 SUBSYSTEM=platform
 DEVICE=+platform:soc:interconnect@1
3,484,18093762,-,caller=T7;qnoc-waipio 1740000.interconnect: failed to register ICC provider
 SUBSYSTEM=platform
 DEVICE=+platform:1740000.interconnect
3,485,18094060,-,caller=T7;qnoc-waipio 19100000.interconnect: failed to register ICC provider
 SUBSYSTEM=platform
 DEVICE=+platform:19100000.interconnect
4,486,18094704,-,caller=T7;gpio-keys soc:gpio_keys: deferred probe timeout, ignoring dependency
 SUBSYSTEM=platform
 DEVICE=+platform:soc:gpio_keys
6,487,18096500,-,caller=T7;spmi spmi-1: PMIC arbiter version v7 (0x70000000)
 SUBSYSTEM=spmi
 DEVICE=+spmi:spmi-1
3,488,18097249,-,caller=T7;qnoc-waipio soc:interconnect@1: failed to register ICC provider
 SUBSYSTEM=platform
 DEVICE=+platform:soc:interconnect@1
3,489,18098510,-,caller=T7;qnoc-waipio 1740000.interconnect: failed to register ICC provider
 SUBSYSTEM=platform
 DEVICE=+platform:1740000.interconnect
3,490,18098785,-,caller=T7;qnoc-waipio 19100000.interconnect: failed to register ICC provider
 SUBSYSTEM=platform
 DEVICE=+platform:19100000.interconnect
4,491,18099226,-,caller=T7;gpio-keys soc:gpio_keys: deferred probe timeout, ignoring dependency
 SUBSYSTEM=platform
 DEVICE=+platform:soc:gpio_keys
3,492,18191435,-,caller=T7;qnoc-waipio soc:interconnect@1: failed to register ICC provider
 SUBSYSTEM=platform
 DEVICE=+platform:soc:interconnect@1
3,493,18192717,-,caller=T7;qnoc-waipio 1740000.interconnect: failed to register ICC provider
 SUBSYSTEM=platform
 DEVICE=+platform:1740000.interconnect
3,494,18193026,-,caller=T7;qnoc-waipio 19100000.interconnect: failed to register ICC provider
 SUBSYSTEM=platform
 DEVICE=+platform:19100000.interconnect
4,495,18193467,-,caller=T7;gpio-keys soc:gpio_keys: deferred probe timeout, ignoring dependency
 SUBSYSTEM=platform
 DEVICE=+platform:soc:gpio_keys
6,496,18241417,-,caller=T289;[msm-dp-info]nubia_usb_switch_dp_probe +
6,497,18241470,-,caller=T289;[msm-dp-info]nubia_parse_switcher_dt:pswitcher->switch_en = 371, pswitcher->switch_mode = 375
6,498,18241478,-,caller=T289;[msm-dp-info]nubia_usb_switch_dp_probe -
3,499,18241918,-,caller=T7;qnoc-waipio soc:interconnect@1: failed to register ICC provider
 SUBSYSTEM=platform
 DEVICE=+platform:soc:interconnect@1
3,500,18243180,-,caller=T7;qnoc-waipio 1740000.interconnect: failed to register ICC provider
 SUBSYSTEM=platform
 DEVICE=+platform:1740000.interconnect
3,501,18243455,-,caller=T7;qnoc-waipio 19100000.interconnect: failed to register ICC provider
 SUBSYSTEM=platform
 DEVICE=+platform:19100000.interconnect
4,502,18243896,-,caller=T7;gpio-keys soc:gpio_keys: deferred probe timeout, ignoring dependency
 SUBSYSTEM=platform
 DEVICE=+platform:soc:gpio_keys
9,503,18493802,-,caller=T160;nx679j: journal mirror: 16409 bytes (file open, kmsg=1 pmsg=2 rd=-1)
9,504,18493813,-,caller=T160;nx679j: journal mirror: 16409 bytes (file open, kmsg=1 pmsg=2 rd=-1)
4,505,18511887,-,caller=T294;dsi_phy ae94400.qcom,mdss_dsi_phy0: supply gdsc not found, using dummy regulator
 SUBSYSTEM=platform
 DEVICE=+platform:ae94400.qcom,mdss_dsi_phy0
6,506,18512225,-,caller=T294;[drm:dsi_pll_init [msm_drm]] [msm-dsi-info]: DSI_PLL_0: DSI pll label = dsi_pll_5nm
6,507,18512327,-,caller=T294;[drm:dsi_pll_init [msm_drm]] [msm-dsi-info]: DSI_PLL_0: PLL SSC enabled
6,508,18512332,-,caller=T294;dsi_pll_init: PLL base=(____ptrval____)
3,509,18512370,-,caller=T7;qnoc-waipio soc:interconnect@1: failed to register ICC provider
 SUBSYSTEM=platform
 DEVICE=+platform:soc:interconnect@1
6,510,18512483,-,caller=T294;[drm:dsi_pll_clock_register_5nm [msm_drm]] [msm-dsi-info]: DSI_PLL_0: Registered clocks successfully
6,511,18512581,-,caller=T294;[drm:dsi_phy_driver_probe$f82802b0bf108c90655d299f84d4d244 [msm_drm]] [msm-dsi-info]: DSI_0: Probe successful
4,512,18512628,-,caller=T294;dsi_phy ae96400.qcom,mdss_dsi_phy1: supply gdsc not found, using dummy regulator
 SUBSYSTEM=platform
 DEVICE=+platform:ae96400.qcom,mdss_dsi_phy1
6,513,18512771,-,caller=T294;[drm:dsi_pll_init [msm_drm]] [msm-dsi-info]: DSI_PLL_0: DSI pll label = dsi_pll_5nm
6,514,18512869,-,caller=T294;[drm:dsi_pll_init [msm_drm]] [msm-dsi-info]: DSI_PLL_1: PLL SSC enabled
6,515,18512884,-,caller=T294;dsi_pll_init: PLL base=(____ptrval____)
6,516,18513025,-,caller=T294;[drm:dsi_pll_clock_register_5nm [msm_drm]] [msm-dsi-info]: DSI_PLL_1: Registered clocks successfully
6,517,18513117,-,caller=T294;[drm:dsi_phy_driver_probe$f82802b0bf108c90655d299f84d4d244 [msm_drm]] [msm-dsi-info]: DSI_1: Probe successful
6,518,18513621,-,caller=T294;zxb get panel_name from uefi: i=0, name=
3,519,18513723,-,caller=T294;[drm:dsi_display_register [msm_drm]] *ERROR* [msm-dsi-error]: display name[]is not valid
6,520,18513725,-,caller=T294;zxb get panel_name from uefi: i=1, name=
3,521,18513819,-,caller=T294;[drm:dsi_display_register [msm_drm]] *ERROR* [msm-dsi-error]: display name[]is not valid
3,522,18514148,-,caller=T294;Error: Driver 'sde_wb' is already registered, aborting...
3,523,18514151,-,caller=T7;qnoc-waipio 1740000.interconnect: failed to register ICC provider
 SUBSYSTEM=platform
 DEVICE=+platform:1740000.interconnect
3,524,18514154,-,caller=T294;[ZtemtDisp] [nubia_disp_preference_init: 707] start
3,525,18514170,-,caller=T294;[ZtemtDisp] [nubia_disp_preference_init: 732] success
3,526,18514585,-,caller=T7;qnoc-waipio 19100000.interconnect: failed to register ICC provider
 SUBSYSTEM=platform
 DEVICE=+platform:19100000.interconnect
4,527,18515140,-,caller=T7;gpio-keys soc:gpio_keys: deferred probe timeout, ignoring dependency
 SUBSYSTEM=platform
 DEVICE=+platform:soc:gpio_keys
3,528,18517938,-,caller=T7;qnoc-waipio soc:interconnect@1: failed to register ICC provider
 SUBSYSTEM=platform
 DEVICE=+platform:soc:interconnect@1
3,529,18802855,-,caller=T7;qnoc-waipio 1740000.interconnect: failed to register ICC provider
 SUBSYSTEM=platform
 DEVICE=+platform:1740000.interconnect
3,530,18803149,-,caller=T7;qnoc-waipio 19100000.interconnect: failed to register ICC provider
 SUBSYSTEM=platform
 DEVICE=+platform:19100000.interconnect
6,531,18803686,-,caller=T7;arm-scmi soc:qcom,scmi: SCMI Notifications - Core Enabled.
 SUBSYSTEM=platform
 DEVICE=+platform:soc:qcom,scmi
6,532,18806968,-,caller=T7;arm-scmi soc:qcom,scmi: SCMI Protocol v2.0 'Qualcomm:' Firmware version 0x10000
 SUBSYSTEM=platform
 DEVICE=+platform:soc:qcom,scmi
3,533,18807541,-,caller=T7;arm-scmi soc:qcom,scmi: SCMI protocol 128 not implemented
 SUBSYSTEM=platform
 DEVICE=+platform:soc:qcom,scmi
4,534,18807709,-,caller=T7;gpio-keys soc:gpio_keys: deferred probe timeout, ignoring dependency
 SUBSYSTEM=platform
 DEVICE=+platform:soc:gpio_keys
3,535,18810471,-,caller=T7;qnoc-waipio soc:interconnect@1: failed to register ICC provider
 SUBSYSTEM=platform
 DEVICE=+platform:soc:interconnect@1
3,536,18812929,-,caller=T7;qnoc-waipio 1740000.interconnect: failed to register ICC provider
 SUBSYSTEM=platform
 DEVICE=+platform:1740000.interconnect
3,537,18813217,-,caller=T7;qnoc-waipio 19100000.interconnect: failed to register ICC provider
 SUBSYSTEM=platform
 DEVICE=+platform:19100000.interconnect
3,538,18813942,-,caller=T7;arm-scmi soc:qcom,scmi: version 1.0
 SUBSYSTEM=platform
 DEVICE=+platform:soc:qcom,scmi
4,539,18814029,-,caller=T7;gpio-keys soc:gpio_keys: deferred probe timeout, ignoring dependency
 SUBSYSTEM=platform
 DEVICE=+platform:soc:gpio_keys
3,540,18816736,-,caller=T7;qnoc-waipio soc:interconnect@1: failed to register ICC provider
 SUBSYSTEM=platform
 DEVICE=+platform:soc:interconnect@1
3,541,18819102,-,caller=T7;qnoc-waipio 1740000.interconnect: failed to register ICC provider
 SUBSYSTEM=platform
 DEVICE=+platform:1740000.interconnect
3,542,18819388,-,caller=T7;qnoc-waipio 19100000.interconnect: failed to register ICC provider
 SUBSYSTEM=platform
 DEVICE=+platform:19100000.interconnect
9,543,18901088,-,caller=T160;nx679j: journal mirror: 17377 bytes (file open, kmsg=1 pmsg=2 rd=-1)
9,544,18901099,-,caller=T160;nx679j: journal mirror: 17377 bytes (file open, kmsg=1 pmsg=2 rd=-1)
4,545,18957710,-,caller=T7;gpio-keys soc:gpio_keys: deferred probe timeout, ignoring dependency
 SUBSYSTEM=platform
 DEVICE=+platform:soc:gpio_keys
3,546,18958389,-,caller=T7;qnoc-waipio soc:interconnect@1: failed to register ICC provider
 SUBSYSTEM=platform
 DEVICE=+platform:soc:interconnect@1
3,547,18959046,-,caller=T7;qnoc-waipio 1740000.interconnect: failed to register ICC provider
 SUBSYSTEM=platform
 DEVICE=+platform:1740000.interconnect
3,548,18959116,-,caller=T7;qnoc-waipio 19100000.interconnect: failed to register ICC provider
 SUBSYSTEM=platform
 DEVICE=+platform:19100000.interconnect
6,549,18964939,-,caller=T7;gcc-waipio 100000.clock-controller: Registered GCC clocks
 SUBSYSTEM=platform
 DEVICE=+platform:100000.clock-controller
6,550,18965157,-,caller=T7;video_cc_mvs0c_gdsc: supplied by pm8350c_s2_mmcx_voter_level
6,551,18965258,-,caller=T7;video_cc_mvs1c_gdsc: supplied by pm8350c_s2_mmcx_voter_level
4,552,18965501,-,caller=T7;gpio-keys soc:gpio_keys: deferred probe timeout, ignoring dependency
 SUBSYSTEM=platform
 DEVICE=+platform:soc:gpio_keys
6,553,18965567,-,caller=T7;cam_cc_bps_gdsc: supplied by pm8350c_s2_mmcx_voter_level
6,554,18965632,-,caller=T7;cam_cc_ife_0_gdsc: supplied by pm8350c_s2_mmcx_voter_level
6,555,18965695,-,caller=T7;cam_cc_ife_1_gdsc: supplied by pm8350c_s2_mmcx_voter_level
6,556,18965756,-,caller=T7;cam_cc_ife_2_gdsc: supplied by pm8350c_s2_mmcx_voter_level
6,557,18965815,-,caller=T7;cam_cc_ipe_0_gdsc: supplied by pm8350c_s2_mmcx_voter_level
6,558,18965876,-,caller=T7;cam_cc_sbi_gdsc: supplied by pm8350c_s2_mmcx_voter_level
6,559,18965935,-,caller=T7;cam_cc_sfe_0_gdsc: supplied by pm8350c_s2_mmcx_voter_level
6,560,18966011,-,caller=T7;cam_cc_sfe_1_gdsc: supplied by pm8350c_s2_mmcx_voter_level
6,561,18966082,-,caller=T7;cam_cc_titan_top_gdsc: supplied by pm8350c_s2_mmcx_voter_level
4,562,18967890,-,caller=T7;disp_cc_pll0 PLL is already enabled
6,563,18968008,-,caller=T7;disp_cc-waipio af00000.clock-controller: Registered DISP CC clocks
 SUBSYSTEM=platform
 DEVICE=+platform:af00000.clock-controller
6,564,18968201,-,caller=T7;disp_cc_mdss_core_gdsc: supplied by pm8450_s4_level
6,565,18968285,-,caller=T7;disp_cc_mdss_core_int2_gdsc: supplied by pm8450_s4_level
6,566,18969181,-,caller=T7;cpu cpu0: EM: created perf domain
 SUBSYSTEM=cpu
 DEVICE=+cpu:cpu0
6,567,18970419,-,caller=T7;cpu cpu4: EM: created perf domain
 SUBSYSTEM=cpu
 DEVICE=+cpu:cpu4
6,568,18971584,-,caller=T7;cpu cpu7: EM: created perf domain
 SUBSYSTEM=cpu
 DEVICE=+cpu:cpu7
6,569,18974878,-,caller=T39;core_ctl: Creating CPU group 0
6,570,18974884,-,caller=T39;core_ctl: Init CPU0 state
6,571,18974885,-,caller=T39;core_ctl: Init CPU1 state
6,572,18974886,-,caller=T39;core_ctl: Init CPU2 state
6,573,18974886,-,caller=T39;core_ctl: Init CPU3 state
3,574,18974891,-,caller=T7;qnoc-waipio soc:interconnect@1: failed to register ICC provider
 SUBSYSTEM=platform
 DEVICE=+platform:soc:interconnect@1
6,575,18974896,-,caller=T39;core_ctl: Creating CPU group 4
6,576,18974897,-,caller=T39;core_ctl: Init CPU4 state
6,577,18974898,-,caller=T39;core_ctl: Init CPU5 state
6,578,18974899,-,caller=T39;core_ctl: Init CPU6 state
6,579,18974906,-,caller=T39;core_ctl: Creating CPU group 7
6,580,18974907,-,caller=T39;core_ctl: Init CPU7 state
6,581,18975372,-,caller=T7;[drm:dsi_display_dev_probe [msm_drm]] [nubia-dsi-debug]: 8450 dsi_display_dev_probe [soc:qcom,dsi-display-primary] , pdev->dev.of_node->name is qcom,dsi-display-primary, pdev->dev.of_node->full_name is qcom,dsi-display-primary
6,582,18975662,-,caller=T7;[drm:dsi_display_dev_probe [msm_drm]] [nubia-dsi-debug]: mdp_node name is qcom,mdss_mdp ++
6,583,18975732,-,caller=T7;[drm:dsi_display_dev_probe [msm_drm]] [nubia-dsi-debug]: mdp_node full name is qcom,mdss_mdp@ae00000 ++
6,584,18975877,-,caller=T7;[drm:dsi_display_dev_probe [msm_drm]] [nubia-dsi-debug]: get disply :[(null)]++ 
3,585,18976056,-,caller=T7;[drm:dsi_display_dev_probe [msm_drm]] *ERROR* [msm-dsi-error]: resources required for display probe not present: rc=-517
6,586,18976199,-,caller=T7;[drm:dsi_display_dev_probe [msm_drm]] [nubia-dsi-debug]: 8450 dsi_display_dev_probe [soc:qcom,dsi-display-secondary] , pdev->dev.of_node->name is qcom,dsi-display-secondary, pdev->dev.of_node->full_name is qcom,dsi-display-secondary
6,587,18976289,-,caller=T7;[drm:dsi_display_dev_probe [msm_drm]] [nubia-dsi-debug]: mdp_node name is qcom,mdss_mdp ++
6,588,18976356,-,caller=T7;[drm:dsi_display_dev_probe [msm_drm]] [nubia-dsi-debug]: mdp_node full name is qcom,mdss_mdp@ae00000 ++
4,589,18976360,-,caller=T7;[drm] [msm-dsi-warn]: secondary default panel not found
6,590,18976428,-,caller=T7;[drm:dsi_display_dev_probe [msm_drm]] [nubia-dsi-debug]: get disply :[(null)]++ 
3,591,18976497,-,caller=T7;[drm:dsi_display_dev_probe [msm_drm]] *ERROR* [msm-dsi-error]: resources required for display probe not present: rc=-517
6,592,18976679,-,caller=T7;88e0000.qcom,msm-eud: ttyEUD0 at MMIO 0x0 (irq = 296, base_baud = 0) is a EUD UART
3,593,18979470,-,caller=T7;msm_geni_serial 99c000.qcom,qup_uart: msm_geni_serial_probe, Console Disabled
 SUBSYSTEM=platform
 DEVICE=+platform:99c000.qcom,qup_uart
6,594,18981107,-,caller=T7;video_cc_mvs0_gdsc: supplied by video_cc_mvs0c_gdsc
6,595,18981169,-,caller=T7;video_cc_mvs1_gdsc: supplied by video_cc_mvs1c_gdsc
4,596,18981213,-,caller=T7;gpio-keys soc:gpio_keys: deferred probe timeout, ignoring dependency
 SUBSYSTEM=platform
 DEVICE=+platform:soc:gpio_keys
6,597,18983166,-,caller=T7;[drm:dsi_display_dev_probe [msm_drm]] [nubia-dsi-debug]: 8450 dsi_display_dev_probe [soc:qcom,dsi-display-primary] , pdev->dev.of_node->name is qcom,dsi-display-primary, pdev->dev.of_node->full_name is qcom,dsi-display-primary
6,598,18983295,-,caller=T7;[drm:dsi_display_dev_probe [msm_drm]] [nubia-dsi-debug]: mdp_node name is qcom,mdss_mdp ++
6,599,18983365,-,caller=T7;[drm:dsi_display_dev_probe [msm_drm]] [nubia-dsi-debug]: mdp_node full name is qcom,mdss_mdp@ae00000 ++
6,600,18983438,-,caller=T7;[drm:dsi_display_dev_probe [msm_drm]] [nubia-dsi-debug]: get disply :[(null)]++ 
3,601,18983549,-,caller=T7;[drm:dsi_display_dev_probe [msm_drm]] *ERROR* [msm-dsi-error]: resources required for display probe not present: rc=-517
6,602,18983682,-,caller=T7;[drm:dsi_display_dev_probe [msm_drm]] [nubia-dsi-debug]: 8450 dsi_display_dev_probe [soc:qcom,dsi-display-secondary] , pdev->dev.of_node->name is qcom,dsi-display-secondary, pdev->dev.of_node->full_name is qcom,dsi-display-secondary
6,603,18983773,-,caller=T7;[drm:dsi_display_dev_probe [msm_drm]] [nubia-dsi-debug]: mdp_node name is qcom,mdss_mdp ++
6,604,18983843,-,caller=T7;[drm:dsi_display_dev_probe [msm_drm]] [nubia-dsi-debug]: mdp_node full name is qcom,mdss_mdp@ae00000 ++
4,605,18983846,-,caller=T7;[drm] [msm-dsi-warn]: secondary default panel not found
6,606,18983918,-,caller=T7;[drm:dsi_display_dev_probe [msm_drm]] [nubia-dsi-debug]: get disply :[(null)]++ 
3,607,18983990,-,caller=T7;[drm:dsi_display_dev_probe [msm_drm]] *ERROR* [msm-dsi-error]: resources required for display probe not present: rc=-517
3,608,18984072,-,caller=T7;msm-dwc3 a600000.ssusb: IRQ hs_phy_irq not found
 SUBSYSTEM=platform
 DEVICE=+platform:a600000.ssusb
3,609,18984416,-,caller=T7;nubia enhance_kobj init in dwc3_msm_probe
4,610,18985995,-,caller=T7;gpio-keys soc:gpio_keys: deferred probe timeout, ignoring dependency
 SUBSYSTEM=platform
 DEVICE=+platform:soc:gpio_keys
4,611,18986645,-,caller=T7;qcom-bwmon: Zone thres larger than hw limit: hi:267 med:400 lo:0
6,612,18986873,-,caller=T7;[sde_rsc_hw:rsc_hw_init_v3:537]: sde rsc init successfully done
6,613,18986886,-,caller=T7;[sde_rsc:sde_rsc_probe:1807]: sde rsc index:0 probed successfully
6,614,18987621,-,caller=T7;[drm:sde_dbg_init:2407] evtlog_status: enable:11, panic:1, dump:2
6,615,18988141,-,caller=T7;[drm:dsi_display_dev_probe [msm_drm]] [nubia-dsi-debug]: 8450 dsi_display_dev_probe [soc:qcom,dsi-display-primary] , pdev->dev.of_node->name is qcom,dsi-display-primary, pdev->dev.of_node->full_name is qcom,dsi-display-primary
6,616,18988248,-,caller=T7;[drm:dsi_display_dev_probe [msm_drm]] [nubia-dsi-debug]: mdp_node name is qcom,mdss_mdp ++
6,617,18988319,-,caller=T7;[drm:dsi_display_dev_probe [msm_drm]] [nubia-dsi-debug]: mdp_node full name is qcom,mdss_mdp@ae00000 ++
6,618,18988392,-,caller=T7;[drm:dsi_display_dev_probe [msm_drm]] [nubia-dsi-debug]: get disply :[(null)]++ 
3,619,18988549,-,caller=T7;[drm:dsi_display_dev_probe [msm_drm]] *ERROR* [msm-dsi-error]: resources required for display probe not present: rc=-517
6,620,18988694,-,caller=T7;[drm:dsi_display_dev_probe [msm_drm]] [nubia-dsi-debug]: 8450 dsi_display_dev_probe [soc:qcom,dsi-display-secondary] , pdev->dev.of_node->name is qcom,dsi-display-secondary, pdev->dev.of_node->full_name is qcom,dsi-display-secondary
6,621,18988797,-,caller=T7;[drm:dsi_display_dev_probe [msm_drm]] [nubia-dsi-debug]: mdp_node name is qcom,mdss_mdp ++
6,622,18988867,-,caller=T7;[drm:dsi_display_dev_probe [msm_drm]] [nubia-dsi-debug]: mdp_node full name is qcom,mdss_mdp@ae00000 ++
4,623,18988880,-,caller=T7;[drm] [msm-dsi-warn]: secondary default panel not found
6,624,18988949,-,caller=T7;[drm:dsi_display_dev_probe [msm_drm]] [nubia-dsi-debug]: get disply :[(null)]++ 
3,625,18989019,-,caller=T7;[drm:dsi_display_dev_probe [msm_drm]] *ERROR* [msm-dsi-error]: resources required for display probe not present: rc=-517
6,626,18989246,-,caller=T7;[drm:dsi_ctrl_dev_probe$ac852388496582ddec80c3e2c0809167 [msm_drm]] [msm-dsi-info]: dsi-ctrl-0: Probe successful
6,627,18989380,-,caller=T7;[drm:dsi_ctrl_dev_probe$ac852388496582ddec80c3e2c0809167 [msm_drm]] [msm-dsi-info]: dsi-ctrl-1: Probe successful
4,628,18989737,-,caller=T7;gpio-keys soc:gpio_keys: deferred probe timeout, ignoring dependency
 SUBSYSTEM=platform
 DEVICE=+platform:soc:gpio_keys
6,629,18990011,-,caller=T7;[drm:dsi_display_dev_probe [msm_drm]] [nubia-dsi-debug]: 8450 dsi_display_dev_probe [soc:qcom,dsi-display-primary] , pdev->dev.of_node->name is qcom,dsi-display-primary, pdev->dev.of_node->full_name is qcom,dsi-display-primary
6,630,18990114,-,caller=T7;[drm:dsi_display_dev_probe [msm_drm]] [nubia-dsi-debug]: mdp_node name is qcom,mdss_mdp ++
6,631,18990183,-,caller=T7;[drm:dsi_display_dev_probe [msm_drm]] [nubia-dsi-debug]: mdp_node full name is qcom,mdss_mdp@ae00000 ++
6,632,18990254,-,caller=T7;[drm:dsi_display_dev_probe [msm_drm]] [nubia-dsi-debug]: get disply :[(null)]++ 
3,633,18990259,-,caller=T7;[ZtemtDisp] [nubia_set_dsi_ctrl: 694] start primary
6,634,18990394,-,caller=T7;[drm:dsi_display_dev_probe [msm_drm]] [nubia-dsi-debug]: 8450 dsi_display_dev_probe [soc:qcom,dsi-display-secondary] , pdev->dev.of_node->name is qcom,dsi-display-secondary, pdev->dev.of_node->full_name is qcom,dsi-display-secondary
4,635,18990418,-,caller=T120;msm-dsi-display soc:qcom,dsi-display-primary: Direct firmware load for dsi_prop failed with error -2
 SUBSYSTEM=platform
 DEVICE=+platform:soc:qcom,dsi-display-primary
6,636,18990490,-,caller=T120;[drm:dsi_display_firmware_display$1ae4955404bb03e2af56b768bf162ccf [msm_drm]] [msm-dsi-info]: no firmware available, fallback to device node
6,637,18990558,-,caller=T120;[drm:dsi_display_init [msm_drm]] [nubia-dsi-debug]: dsi_display_init ++: (null)
3,638,18990568,-,caller=T120;OF: graph: no port node found in /soc/qcom,dsi-display-primary
3,639,18990673,-,caller=T120;[drm:dsi_panel_parse_gpios$6b9df652b2950c0b73ec8b08e6bcf15e [msm_drm]] *ERROR* [msm-dsi-error]: gpio [r66451 amoled cmd mode dsi visionox panel with DSC] panel_dvdd_1p2_goio is not set, rc=0
4,640,18990808,-,caller=T120;msm-dsi-display soc:qcom,dsi-display-primary: supply lab not found, using dummy regulator
 SUBSYSTEM=platform
 DEVICE=+platform:soc:qcom,dsi-display-primary
4,641,18990827,-,caller=T120;msm-dsi-display soc:qcom,dsi-display-primary: supply ibb not found, using dummy regulator
 SUBSYSTEM=platform
 DEVICE=+platform:soc:qcom,dsi-display-primary
6,642,18990936,-,caller=T7;[drm:dsi_display_dev_probe [msm_drm]] [nubia-dsi-debug]: mdp_node name is qcom,mdss_mdp ++
6,643,18991003,-,caller=T7;[drm:dsi_display_dev_probe [msm_drm]] [nubia-dsi-debug]: mdp_node full name is qcom,mdss_mdp@ae00000 ++
4,644,18991006,-,caller=T7;[drm] [msm-dsi-warn]: secondary default panel not found
6,645,18991073,-,caller=T7;[drm:dsi_display_dev_probe [msm_drm]] [nubia-dsi-debug]: get disply :[(null)]++ 
3,646,18991077,-,caller=T7;[ZtemtDisp] [nubia_set_dsi_ctrl: 694] start secondary
4,647,18991408,-,caller=T7;gpio-keys soc:gpio_keys: deferred probe timeout, ignoring dependency
 SUBSYSTEM=platform
 DEVICE=+platform:soc:gpio_keys
4,648,18991581,-,caller=T62;msm-dsi-display soc:qcom,dsi-display-secondary: Direct firmware load for dsi_prop_sec failed with error -2
 SUBSYSTEM=platform
 DEVICE=+platform:soc:qcom,dsi-display-secondary
6,649,18991652,-,caller=T62;[drm:dsi_display_firmware_display$1ae4955404bb03e2af56b768bf162ccf [msm_drm]] [msm-dsi-info]: no firmware available, fallback to device node
6,650,18991718,-,caller=T62;[drm:dsi_display_init [msm_drm]] [nubia-dsi-debug]: dsi_display_init ++: (null)
6,651,19106002,-,caller=T328;qti-reg-fixed-voltage soc:display_gpio_regulator@1: there is not valid maps for state default
 SUBSYSTEM=platform
 DEVICE=+platform:soc:display_gpio_regulator@1
4,652,19106796,-,caller=T7;gpio-keys soc:gpio_keys: deferred probe timeout, ignoring dependency
 SUBSYSTEM=platform
 DEVICE=+platform:soc:gpio_keys
4,653,19158156,-,caller=T7;gpio-keys soc:gpio_keys: deferred probe timeout, ignoring dependency
 SUBSYSTEM=platform
 DEVICE=+platform:soc:gpio_keys
4,654,19158726,-,caller=T7;gpio-keys soc:gpio_keys: deferred probe timeout, ignoring dependency
 SUBSYSTEM=platform
 DEVICE=+platform:soc:gpio_keys
4,655,19159274,-,caller=T7;gpio-keys soc:gpio_keys: deferred probe timeout, ignoring dependency
 SUBSYSTEM=platform
 DEVICE=+platform:soc:gpio_keys
4,656,19159811,-,caller=T7;gpio-keys soc:gpio_keys: deferred probe timeout, ignoring dependency
 SUBSYSTEM=platform
 DEVICE=+platform:soc:gpio_keys
4,657,19160335,-,caller=T7;gpio-keys soc:gpio_keys: deferred probe timeout, ignoring dependency
 SUBSYSTEM=platform
 DEVICE=+platform:soc:gpio_keys
4,658,19160844,-,caller=T7;gpio-keys soc:gpio_keys: deferred probe timeout, ignoring dependency
 SUBSYSTEM=platform
 DEVICE=+platform:soc:gpio_keys
5,659,19161626,-,caller=T329;arm-smmu 15000000.apps-smmu: \x09coherent table walk
 SUBSYSTEM=platform
 DEVICE=+platform:15000000.apps-smmu
5,660,19161628,-,caller=T329;arm-smmu 15000000.apps-smmu: \x09stream matching with 113 register groups
 SUBSYSTEM=platform
 DEVICE=+platform:15000000.apps-smmu
4,661,19161805,-,caller=T7;gpio-keys soc:gpio_keys: deferred probe timeout, ignoring dependency
 SUBSYSTEM=platform
 DEVICE=+platform:soc:gpio_keys
4,662,19163248,-,caller=T7;gpio-keys soc:gpio_keys: deferred probe timeout, ignoring dependency
 SUBSYSTEM=platform
 DEVICE=+platform:soc:gpio_keys
6,663,19163571,-,caller=T7;msmdrm_smmu soc:qcom,smmu_sde_unsec_cb: Adding to iommu group 0
 SUBSYSTEM=platform
 DEVICE=+platform:soc:qcom,smmu_sde_unsec_cb
6,664,19164115,-,caller=T7;[drm] probing device qcom,smmu_sde_unsec
6,665,19164118,-,caller=T7;[drm] Created domain mdp_ns, secure=0
6,666,19164209,-,caller=T7;msmdrm_smmu soc:qcom,smmu_sde_sec_cb: Adding to iommu group 1
 SUBSYSTEM=platform
 DEVICE=+platform:soc:qcom,smmu_sde_sec_cb
6,667,19164478,-,caller=T7;[drm] probing device qcom,smmu_sde_sec
6,668,19164479,-,caller=T7;[drm] Created domain mdp_s, secure=1
6,669,19164632,-,caller=T7;[drm:dsi_display_bind$1ae4955404bb03e2af56b768bf162ccf [msm_drm]] [msm-dsi-info]: Successfully bind display panel 'qcom,mdss_dsi_visionox_r66451_fhd_plus_cmd '
6,670,19164706,-,caller=T7;msm_drm ae00000.qcom,mdss_mdp: bound soc:qcom,dsi-display-primary (ops dsi_display_comp_ops [msm_drm])
 SUBSYSTEM=platform
 DEVICE=+platform:ae00000.qcom,mdss_mdp
6,671,19164778,-,caller=T7;msm_drm ae00000.qcom,mdss_mdp: bound soc:qcom,dsi-display-secondary (ops dsi_display_comp_ops [msm_drm])
 SUBSYSTEM=platform
 DEVICE=+platform:ae00000.qcom,mdss_mdp
6,672,19164848,-,caller=T7;msm_drm ae00000.qcom,mdss_mdp: bound soc:qcom,smmu_sde_unsec_cb (ops msm_smmu_comp_ops [msm_drm])
 SUBSYSTEM=platform
 DEVICE=+platform:ae00000.qcom,mdss_mdp
6,673,19164920,-,caller=T7;msm_drm ae00000.qcom,mdss_mdp: bound soc:qcom,smmu_sde_sec_cb (ops msm_smmu_comp_ops [msm_drm])
 SUBSYSTEM=platform
 DEVICE=+platform:ae00000.qcom,mdss_mdp
6,674,19165003,-,caller=T7;msm_drm ae00000.qcom,mdss_mdp: bound soc:qcom,wb-display@0 (ops sde_wb_comp_ops [msm_drm])
 SUBSYSTEM=platform
 DEVICE=+platform:ae00000.qcom,mdss_mdp
6,675,19165073,-,caller=T7;msm_drm ae00000.qcom,mdss_mdp: bound ae90000.qcom,dp_display (ops dp_display_comp_ops [msm_drm])
 SUBSYSTEM=platform
 DEVICE=+platform:ae00000.qcom,mdss_mdp
6,676,19165143,-,caller=T7;msm_drm ae00000.qcom,mdss_mdp: bound af20000.qcom,sde_rscc (ops sde_rsc_comp_ops [msm_drm])
 SUBSYSTEM=platform
 DEVICE=+platform:ae00000.qcom,mdss_mdp
6,677,19165156,-,caller=T7;[drm] mapped mdp address space @(____ptrval____)
6,678,19165911,-,caller=T7;[drm:_sde_kms_hw_init_blocks:4654] sde hardware revision:0x80010000
3,679,19165992,-,caller=T7;[drm:msm_smmu_new [msm_drm]] *ERROR* unable to find domain 1 compat: qcom,smmu_sde_nrt_unsec
3,680,19166065,-,caller=T7;[drm:msm_smmu_new [msm_drm]] *ERROR* unable to find domain 3 compat: qcom,smmu_sde_nrt_sec
6,681,19166591,-,caller=T7;[drm:dsi_panel_get_mode [msm_drm]] [msm-dsi-info]: default topology: lm: 2 comp_enc:2 intf: 1
6,682,19166683,-,caller=T7;[drm:dsi_panel_get_mode [msm_drm]] [msm-dsi-info]: roi alignment: [540, 20, 20, 20, 1080, 20]
6,683,19166762,-,caller=T7;[drm:dsi_panel_get_mode [msm_drm]] [msm-dsi-info]: default topology: lm: 2 comp_enc:2 intf: 1
6,684,19166850,-,caller=T7;[drm:dsi_panel_get_mode [msm_drm]] [msm-dsi-info]: roi alignment: [540, 20, 20, 20, 1080, 20]
6,685,19166931,-,caller=T7;[drm:dsi_panel_get_mode [msm_drm]] [msm-dsi-info]: default topology: lm: 2 comp_enc:2 intf: 1
6,686,19167015,-,caller=T7;[drm:dsi_panel_get_mode [msm_drm]] [msm-dsi-info]: roi alignment: [540, 20, 20, 20, 1080, 20]
6,687,19167476,-,caller=T7;[drm:dp_pll_get][msm-dp-info][7   ]revision=DP_PLL_5NM_V1, ssc_en=0, bonding_en=0
3,688,19167754,-,caller=T7;[sde-hdcp1x] sde_hdcp_1x_init: Error creating HDCP 1.x handle
6,689,19167766,-,caller=T7;[drm:dp_init_sub_modules][msm-dp-info][7   ]: hdcp_disabled = 1
6,690,19168328,-,caller=T7;gh_msgq: Registered client for label: 2
4,691,19168384,-,caller=T7;------------[ cut here ]------------
4,692,19168390,-,caller=T7;WARNING: CPU: 7 PID: 7 at kernel/kthread.c:874 kthread_queue_work+0x194/0x254
4,693,19168391,-,caller=T7;Modules linked in: arm_smmu qti_fixed_regulator nvmem_qcom_spmi_sdam ufs_qcom clk_rpmh regmap_spmi cqhci qcom_rimps msm_qmp pmu_vendor ufshcd_crypto_qti crypto_qti_common crypto_qti_hwkm msm_drm(O) panel_event_notifier gh_irq_lend gh_mem_notifier altmode_glink usb_switch_dp msm_ext_display fsa4480_i2c spmi_pmic_arb msm_mmrm(O) pinctrl_waipio hwkm qnoc_diwali rtc_pm8xxx phy_qcom_ufs_qmp_v4_diwali pinctrl_cape stub_regulator cfg80211 smp2p dispcc_diwali mem_hooks qnoc_waipio mhi_cntrl_qcom qcom_esoc kryo_arm64_edac memory_dump_v2 bwmon gh_virt_wdt c1dcvs_scmi socinfo mem_buf qti_regmap_debugfs gcc_diwali qcom_gic_intr_routing qcom_wdt_core pinctrl_diwali dispcc_waipio rpmh_regulator gcc_waipio reboot_mode tmecom_intf msm_geni_serial iommu_logger qcom_cpu_vendor_hooks qcom_q6v5_pas qcom_q6v5 qcom_pil_info qcom_dcvs dcvs_fp llcc_qcom qcom_pmu_lib qcom_llcc_pmu icc_rpmh icc_bcm_voter qcom_rpmh cmd_db qnoc_qos msm_geni_se pinctrl_msm qcom_iommu_util icc_debug gh_ctrl
4,694,19168426,c,caller=T7; phy_qcom_ufs_qmp_v4_waipio c1dcvs_vendor usb_f_gsi dwc3_msm eud phy_msm_ssusb_qmp phy_msm_snps_hs phy_generic ssusb_redriver_nb7vpq904m ucsi_glink pmic_glink pdr_interface ipa_fmwk phy_qcom_ufs_qmp_v4_cape qcom_pdc qcom_reboot_reason qcom_aoss qcom_dload_mode mdt_loader qcom_sysmon qcom_dma_heaps mem_buf_dev secure_buffer qcom_scm msm_dma_iommu_mapping mhi pci_msm_drv rproc_qcom_common qcom_glink_smem qcom_glink qcom_smd smp2p_sleepstate phy_qcom_ufs qmi_helpers qrtr ns qcom_ipc_logging minidump smem qcom_hwspinlock sched_walt qcom_cpufreq_hw gh_rm_drv gh_arm_drv gh_msgq gh_dbl clk_dummy clk_qcom gdsc_regulator proxy_consumer debug_regulator
4,695,19168450,-,caller=T7;CPU: 7 PID: 7 Comm: kworker/u16:0 Tainted: G S         O      5.10.66-android12-9-00005-gf6e6376090be-ab8060604 #1
4,696,19168451,-,caller=T7;Hardware name: Qualcomm Technologies, Inc. Waipio MTP with PM8010 (DT)
4,697,19168455,-,caller=T7;Workqueue: events_unbound deferred_probe_work_func.cfi_jt
4,698,19168457,-,caller=T7;pstate: 80c00085 (Nzcv daIf +PAN +UAO -TCO BTYPE=--)
4,699,19168458,-,caller=T7;pc : kthread_queue_work+0x194/0x254
4,700,19168529,-,caller=T7;lr : msm_drm_bind$98f8e18cfc04c71c4ebc615b0054683d+0x3f0/0x860 [msm_drm]
4,701,19168530,-,caller=T7;sp : ffffffc0100a3920
4,702,19168531,-,caller=T7;x29: ffffffc0100a3920 x28: 00************** 
4,703,19168533,-,caller=T7;x27: ffffffe7cf174328 x26: ffffff87966eb780 
4,704,19168534,-,caller=T7;x25: ffffff8795fea8b8 x24: ffffff8795feade0 
4,705,19168535,-,caller=T7;x23: 00************** x22: ffffff87802f5c80 
4,706,19168536,-,caller=T7;x21: ffffff8795fea8b8 x20: ffffff8795feade0 
4,707,19168538,-,caller=T7;x19: ffffff8795fea8bc x18: ffffffc01008d080 
4,708,19168539,-,caller=T7;x17: 00************** x16: 00************** 
4,709,19168540,-,caller=T7;x15: 00************** x14: ffffffe7d4b9d8c8 
4,710,19168541,-,caller=T7;x13: ffffffe7d4b9d8b8 x12: 00************** 
4,711,19168542,-,caller=T7;x11: 00************** x10: 00************** 
4,712,19168544,-,caller=T7;x9 : 00************** x8 : ffffff8795fea3b8 
4,713,19168545,-,caller=T7;x7 : ffffff87966eb840 x6 : ffffff87802f5d40 
4,714,19168546,-,caller=T7;x5 : 00************** x4 : ffffffc0100a3790 
4,715,19168547,-,caller=T7;x3 : ffffff8795fea8c0 x2 : 00************** 
4,716,19168549,-,caller=T7;x1 : 00************** x0 : 00************** 
4,717,19168550,-,caller=T7;Call trace:
4,718,19168552,-,caller=T7; kthread_queue_work+0x194/0x254
4,719,19168622,-,caller=T7; msm_drm_bind$98f8e18cfc04c71c4ebc615b0054683d+0x3f0/0x860 [msm_drm]
4,720,19168625,-,caller=T7; try_to_bring_up_master+0x1f4/0x25c
4,721,19168626,-,caller=T7; __component_add+0xf0/0x290
4,722,19168627,-,caller=T7; component_add+0x18/0x28
4,723,19168698,-,caller=T7; msm_smmu_probe$53769042edf31190487d36ea935dc7d2+0x1ac/0x1c4 [msm_drm]
4,724,19168700,-,caller=T7; platform_drv_probe+0x60/0x180
4,725,19168701,-,caller=T7; really_probe+0x514/0xb2c
4,726,19168702,-,caller=T7; driver_probe_device+0x1b0/0x230
4,727,19168703,-,caller=T7; __device_attach_driver+0x210/0x308
4,728,19168705,-,caller=T7; __device_attach+0x210/0x33c
4,729,19168705,-,caller=T7; bus_probe_device+0x44/0x1b4
4,730,19168707,-,caller=T7; deferred_probe_work_func+0x108/0x278
4,731,19168708,-,caller=T7; process_one_work+0x248/0x780
4,732,19168710,-,caller=T7; worker_thread+0x438/0xbd8
4,733,19168711,-,caller=T7; kthread+0x150/0x200
4,734,19168713,-,caller=T7; ret_from_fork+0x10/0x30
4,735,19168714,-,caller=T7;---[ end trace 5bcaa389d72f7695 ]---
6,736,19169338,-,caller=T7;[drm] Initialized msm_drm 1.4.0 20130625 for ae00000.qcom,mdss_mdp on minor 0
6,737,19169340,-,caller=T7;[drm] cont_splash enabled in 1 of 1 display(s)
6,738,19169450,-,caller=T7;[drm:dsi_ctrl_isr_configure [msm_drm]] [msm-dsi-info]: dsi-ctrl-0: IRQ 303 registered
6,739,19170347,-,caller=T7;ufshcd-qcom 1d84000.ufshc: Adding to iommu group 2
 SUBSYSTEM=platform
 DEVICE=+platform:1d84000.ufshc
6,740,19171273,-,caller=T7;ufshcd-qcom 1d84000.ufshc: ufshcd_populate_vreg: unable to find vdd-hba-max-microamp
 SUBSYSTEM=platform
 DEVICE=+platform:1d84000.ufshc
6,741,19171380,-,caller=T7;ufshcd-qcom 1d84000.ufshc: ufshcd_populate_vreg: Unable to find vccq2-supply regulator, assuming enabled
 SUBSYSTEM=platform
 DEVICE=+platform:1d84000.ufshc
6,742,19172495,-,caller=T7;ufshcd-qcom 1d84000.ufshc: Found QC Inline Crypto Engine (ICE) v3.2.1
 SUBSYSTEM=platform
 DEVICE=+platform:1d84000.ufshc
6,743,19174578,-,caller=T7;scsi host0: ufshcd
 SUBSYSTEM=scsi
 DEVICE=+scsi:host0
6,744,19182497,-,caller=T7;qupv3_geni_se 9c0000.qcom,qupv3_0_geni_se: Adding to iommu group 3
 SUBSYSTEM=platform
 DEVICE=+platform:9c0000.qcom,qupv3_0_geni_se
6,745,19182962,-,caller=T7;qupv3_geni_se ac0000.qcom,qupv3_1_geni_se: Adding to iommu group 4
 SUBSYSTEM=platform
 DEVICE=+platform:ac0000.qcom,qupv3_1_geni_se
6,746,19183413,-,caller=T7;qupv3_geni_se 8c0000.qcom,qupv3_2_geni_se: Adding to iommu group 5
 SUBSYSTEM=platform
 DEVICE=+platform:8c0000.qcom,qupv3_2_geni_se
6,747,19183846,-,caller=T7;pci-msm 1c00000.qcom,pcie: PCIe: msm_pcie_probe
 SUBSYSTEM=platform
 DEVICE=+platform:1c00000.qcom,pcie
3,748,19184146,-,caller=T7;msm_pcie_get_reg: PCIe: RC0: no mhi resource found.
3,749,19184149,-,caller=T7;msm_pcie_get_reg: PCIe: RC0: no tcsr resource found.
3,750,19184150,-,caller=T7;msm_pcie_get_reg: PCIe: RC0: no rumi resource found.
6,751,19184998,-,caller=T7;msm_geni_serial 894000.qcom,qup_uart: Wakeup byte 0xfd
 SUBSYSTEM=platform
 DEVICE=+platform:894000.qcom,qup_uart
6,752,19185078,-,caller=T7;msm_geni_serial 894000.qcom,qup_uart: Serial port0 added.FifoSize 64 is_console0
 SUBSYSTEM=platform
 DEVICE=+platform:894000.qcom,qup_uart
6,753,19186157,-,caller=T7;894000.qcom,qup_uart: ttyHS0 at MMIO 0x894000 (irq = 85, base_baud = 0) is a MSM
4,754,19186999,-,caller=T7;gpio-keys soc:gpio_keys: deferred probe timeout, ignoring dependency
 SUBSYSTEM=platform
 DEVICE=+platform:soc:gpio_keys
3,755,19194869,-,caller=T198;ufshcd-qcom 1d84000.ufshc: ufshcd_print_pwr_info:[RX, TX]: gear=[1, 1], lane[1, 1], pwr[SLOWAUTO_MODE, SLOWAUTO_MODE], rate = 0
 SUBSYSTEM=platform
 DEVICE=+platform:1d84000.ufshc
4,756,19207491,-,caller=T7;gpio-keys soc:gpio_keys: deferred probe timeout, ignoring dependency
 SUBSYSTEM=platform
 DEVICE=+platform:soc:gpio_keys
4,757,19258173,-,caller=T7;gpio-keys soc:gpio_keys: deferred probe timeout, ignoring dependency
 SUBSYSTEM=platform
 DEVICE=+platform:soc:gpio_keys
9,758,19307099,-,caller=T160;nx679j: journal mirror: 18348 bytes (file open, kmsg=1 pmsg=2 rd=-1)
9,759,19307103,-,caller=T160;nx679j: journal mirror: 18348 bytes (file open, kmsg=1 pmsg=2 rd=-1)
4,760,19308660,-,caller=T7;gpio-keys soc:gpio_keys: deferred probe timeout, ignoring dependency
 SUBSYSTEM=platform
 DEVICE=+platform:soc:gpio_keys
4,761,19311057,-,caller=T7;qcom_q6v5_pas 3000000.remoteproc-adsp: adsp_init_bus_scaling: No bus client
 SUBSYSTEM=platform
 DEVICE=+platform:3000000.remoteproc-adsp
6,762,19311287,-,caller=T7;remoteproc remoteproc0: 3000000.remoteproc-adsp is available
 SUBSYSTEM=remoteproc
 DEVICE=c243:0
6,763,19311755,-,caller=T7;remoteproc remoteproc1: 32300000.remoteproc-cdsp is available
 SUBSYSTEM=remoteproc
 DEVICE=c243:1
4,764,19311844,-,caller=T7;qcom_q6v5_pas 2400000.remoteproc-slpi: adsp_init_bus_scaling: No bus client
 SUBSYSTEM=platform
 DEVICE=+platform:2400000.remoteproc-slpi
6,765,19312026,-,caller=T7;remoteproc remoteproc2: 2400000.remoteproc-slpi is available
 SUBSYSTEM=remoteproc
 DEVICE=c243:2
6,766,19312291,-,caller=T7;remoteproc remoteproc3: 4080000.remoteproc-mss is available
 SUBSYSTEM=remoteproc
 DEVICE=c243:3
6,767,19312636,-,caller=T7;tmecom-qmp-client soc:qcom,tmecom-qmp-client: tmecom probe success
 SUBSYSTEM=platform
 DEVICE=+platform:soc:qcom,tmecom-qmp-client
4,768,19312668,-,caller=T7;gpio-keys soc:gpio_keys: deferred probe timeout, ignoring dependency
 SUBSYSTEM=platform
 DEVICE=+platform:soc:gpio_keys
4,769,19313051,-,caller=T7;gpio-keys soc:gpio_keys: deferred probe timeout, ignoring dependency
 SUBSYSTEM=platform
 DEVICE=+platform:soc:gpio_keys
3,770,19339413,-,caller=T198;ufshcd-qcom 1d84000.ufshc: No HPB LU supported
 SUBSYSTEM=platform
 DEVICE=+platform:1d84000.ufshc
3,771,19351674,-,caller=T198;ufshcd-qcom 1d84000.ufshc: ufshcd_print_pwr_info:[RX, TX]: gear=[4, 4], lane[2, 2], pwr[FAST MODE, FAST MODE], rate = 2
 SUBSYSTEM=platform
 DEVICE=+platform:1d84000.ufshc
3,772,19352162,-,caller=T198;ufshcd-qcom 1d84000.ufshc: ufshcd_find_max_sup_active_icc_level: Regulator capability was not set, actvIccLevel=0
 SUBSYSTEM=platform
 DEVICE=+platform:1d84000.ufshc
6,773,19352271,-,caller=T198;ufshcd-qcom 1d84000.ufshc: ufshcd_wb_config: Write Booster Configured
 SUBSYSTEM=platform
 DEVICE=+platform:1d84000.ufshc
5,774,19352885,-,caller=T198;scsi 0:0:0:49488: Well-known LUN    SAMSUNG  KLUEG8UHDC-B0E1  0400 PQ: 0 ANSI: 6
 SUBSYSTEM=scsi
 DEVICE=+scsi:0:0:0:49488
5,775,19354062,-,caller=T198;scsi 0:0:0:49476: Well-known LUN    SAMSUNG  KLUEG8UHDC-B0E1  0400 PQ: 0 ANSI: 6
 SUBSYSTEM=scsi
 DEVICE=+scsi:0:0:0:49476
5,776,19355219,-,caller=T198;scsi 0:0:0:49456: Well-known LUN    SAMSUNG  KLUEG8UHDC-B0E1  0400 PQ: 0 ANSI: 6
 SUBSYSTEM=scsi
 DEVICE=+scsi:0:0:0:49456
5,777,19356475,-,caller=T198;scsi 0:0:0:0: Direct-Access     SAMSUNG  KLUEG8UHDC-B0E1  0400 PQ: 0 ANSI: 6
 SUBSYSTEM=scsi
 DEVICE=+scsi:0:0:0:0
5,778,19359060,-,caller=T198;scsi 0:0:0:1: Direct-Access     SAMSUNG  KLUEG8UHDC-B0E1  0400 PQ: 0 ANSI: 6
 SUBSYSTEM=scsi
 DEVICE=+scsi:0:0:0:1
5,779,19360774,-,caller=T198;scsi 0:0:0:2: Direct-Access     SAMSUNG  KLUEG8UHDC-B0E1  0400 PQ: 0 ANSI: 6
 SUBSYSTEM=scsi
 DEVICE=+scsi:0:0:0:2
5,780,19362500,-,caller=T198;scsi 0:0:0:3: Direct-Access     SAMSUNG  KLUEG8UHDC-B0E1  0400 PQ: 0 ANSI: 6
 SUBSYSTEM=scsi
 DEVICE=+scsi:0:0:0:3
5,781,19364236,-,caller=T198;scsi 0:0:0:4: Direct-Access     SAMSUNG  KLUEG8UHDC-B0E1  0400 PQ: 0 ANSI: 6
 SUBSYSTEM=scsi
 DEVICE=+scsi:0:0:0:4
4,782,19365336,-,caller=C7;sd 0:0:0:0: Power-on or device reset occurred
 SUBSYSTEM=scsi
 DEVICE=+scsi:0:0:0:0
4,783,19365340,-,caller=C6;sd 0:0:0:1: Power-on or device reset occurred
 SUBSYSTEM=scsi
 DEVICE=+scsi:0:0:0:1
4,784,19365437,-,caller=C5;sd 0:0:0:2: Power-on or device reset occurred
 SUBSYSTEM=scsi
 DEVICE=+scsi:0:0:0:2
5,785,19366122,-,caller=T198;scsi 0:0:0:5: Direct-Access     SAMSUNG  KLUEG8UHDC-B0E1  0400 PQ: 0 ANSI: 6
 SUBSYSTEM=scsi
 DEVICE=+scsi:0:0:0:5
5,786,19366799,-,caller=T9;sd 0:0:0:0: [sda] 60884992 4096-byte logical blocks: (249 GB/232 GiB)
 SUBSYSTEM=scsi
 DEVICE=+scsi:0:0:0:0
4,787,19367290,-,caller=C6;sd 0:0:0:3: Power-on or device reset occurred
 SUBSYSTEM=scsi
 DEVICE=+scsi:0:0:0:3
5,788,19367302,-,caller=T365;sd 0:0:0:2: [sdc] 2048 4096-byte logical blocks: (8.39 MB/8.00 MiB)
 SUBSYSTEM=scsi
 DEVICE=+scsi:0:0:0:2
5,789,19367304,-,caller=T9;sd 0:0:0:0: [sda] Write Protect is off
 SUBSYSTEM=scsi
 DEVICE=+scsi:0:0:0:0
7,790,19367305,-,caller=T9;sd 0:0:0:0: [sda] Mode Sense: 00 32 00 10
 SUBSYSTEM=scsi
 DEVICE=+scsi:0:0:0:0
4,791,19367363,-,caller=C7;sd 0:0:0:4: Power-on or device reset occurred
 SUBSYSTEM=scsi
 DEVICE=+scsi:0:0:0:4
5,792,19367367,-,caller=T7;sd 0:0:0:1: [sdb] 2048 4096-byte logical blocks: (8.39 MB/8.00 MiB)
 SUBSYSTEM=scsi
 DEVICE=+scsi:0:0:0:1
5,793,19367376,-,caller=T365;sd 0:0:0:2: [sdc] Write Protect is off
 SUBSYSTEM=scsi
 DEVICE=+scsi:0:0:0:2
7,794,19367378,-,caller=T365;sd 0:0:0:2: [sdc] Mode Sense: 00 32 00 10
 SUBSYSTEM=scsi
 DEVICE=+scsi:0:0:0:2
5,795,19367423,-,caller=T7;sd 0:0:0:1: [sdb] Write Protect is off
 SUBSYSTEM=scsi
 DEVICE=+scsi:0:0:0:1
7,796,19367425,-,caller=T7;sd 0:0:0:1: [sdb] Mode Sense: 00 32 00 10
 SUBSYSTEM=scsi
 DEVICE=+scsi:0:0:0:1
5,797,19367430,-,caller=T9;sd 0:0:0:0: [sda] Write cache: enabled, read cache: enabled, supports DPO and FUA
 SUBSYSTEM=scsi
 DEVICE=+scsi:0:0:0:0
6,798,19367503,-,caller=T9;sd 0:0:0:0: [sda] Optimal transfer size 524288 bytes
 SUBSYSTEM=scsi
 DEVICE=+scsi:0:0:0:0
5,799,19367577,-,caller=T365;sd 0:0:0:2: [sdc] Write cache: enabled, read cache: enabled, supports DPO and FUA
 SUBSYSTEM=scsi
 DEVICE=+scsi:0:0:0:2
5,800,19367582,-,caller=T7;sd 0:0:0:1: [sdb] Write cache: enabled, read cache: enabled, supports DPO and FUA
 SUBSYSTEM=scsi
 DEVICE=+scsi:0:0:0:1
6,801,19367618,-,caller=T7;sd 0:0:0:1: [sdb] Optimal transfer size 524288 bytes
 SUBSYSTEM=scsi
 DEVICE=+scsi:0:0:0:1
6,802,19367679,-,caller=T365;sd 0:0:0:2: [sdc] Optimal transfer size 524288 bytes
 SUBSYSTEM=scsi
 DEVICE=+scsi:0:0:0:2
5,803,19367692,-,caller=T198;sd 0:0:0:3: [sdd] 8192 4096-byte logical blocks: (33.6 MB/32.0 MiB)
 SUBSYSTEM=scsi
 DEVICE=+scsi:0:0:0:3
5,804,19367733,-,caller=T198;sd 0:0:0:3: [sdd] Write Protect is off
 SUBSYSTEM=scsi
 DEVICE=+scsi:0:0:0:3
7,805,19367736,-,caller=T198;sd 0:0:0:3: [sdd] Mode Sense: 00 32 00 10
 SUBSYSTEM=scsi
 DEVICE=+scsi:0:0:0:3
5,806,19367818,-,caller=T198;sd 0:0:0:3: [sdd] Write cache: enabled, read cache: enabled, supports DPO and FUA
 SUBSYSTEM=scsi
 DEVICE=+scsi:0:0:0:3
5,807,19367836,-,caller=T378;sd 0:0:0:4: [sde] 1572864 4096-byte logical blocks: (6.44 GB/6.00 GiB)
 SUBSYSTEM=scsi
 DEVICE=+scsi:0:0:0:4
6,808,19367866,-,caller=T198;sd 0:0:0:3: [sdd] Optimal transfer size 524288 bytes
 SUBSYSTEM=scsi
 DEVICE=+scsi:0:0:0:3
5,809,19367889,-,caller=T378;sd 0:0:0:4: [sde] Write Protect is off
 SUBSYSTEM=scsi
 DEVICE=+scsi:0:0:0:4
7,810,19367890,-,caller=T378;sd 0:0:0:4: [sde] Mode Sense: 00 32 00 10
 SUBSYSTEM=scsi
 DEVICE=+scsi:0:0:0:4
5,811,19367971,-,caller=T378;sd 0:0:0:4: [sde] Write cache: enabled, read cache: enabled, supports DPO and FUA
 SUBSYSTEM=scsi
 DEVICE=+scsi:0:0:0:4
6,812,19368021,-,caller=T378;sd 0:0:0:4: [sde] Optimal transfer size 524288 bytes
 SUBSYSTEM=scsi
 DEVICE=+scsi:0:0:0:4
5,813,19368043,-,caller=C0;random: fast init done
6,814,19372042,-,caller=T9; sda: sda1 sda2 sda3 sda4 sda5 sda6 sda7 sda8 sda9 sda10 sda11 sda12
6,815,19372380,-,caller=T7; sdb: sdb1 sdb2 sdb3 sdb4 sdb5
4,816,19374376,-,caller=C7;sd 0:0:0:5: Power-on or device reset occurred
 SUBSYSTEM=scsi
 DEVICE=+scsi:0:0:0:5
6,817,19374400,-,caller=T365; sdc: sdc1 sdc2 sdc3 sdc4 sdc5
6,818,19374406,-,caller=T198; sdd: sdd1 sdd2 sdd3
6,819,19376723,-,caller=T378; sde: sde1 sde2 sde3 sde4 sde5 sde6 sde7 sde8 sde9 sde10 sde11 sde12 sde13 sde14 sde15 sde16 sde17 sde18 sde19 sde20 sde21 sde22 sde23 sde24 sde25 sde26 sde27 sde28 sde29 sde30 sde31 sde32 sde33 sde34 sde35 sde36 sde37 sde38 sde39 sde40 sde41 sde42 sde43 sde44 sde45 sde46 sde47 sde48 sde49 sde50 sde51 sde52 sde53 sde54 sde55 sde56 sde57 sde58 sde59 sde60 sde61 sde62 sde63 sde64 sde65 sde66 sde67 sde68 sde69 sde70 sde71 sde72 sde73 sde74
5,820,19377456,-,caller=T9;sd 0:0:0:0: [sda] Attached SCSI disk
 SUBSYSTEM=scsi
 DEVICE=+scsi:0:0:0:0
4,821,19377603,-,caller=T9;gpio-keys soc:gpio_keys: deferred probe timeout, ignoring dependency
 SUBSYSTEM=platform
 DEVICE=+platform:soc:gpio_keys
5,822,19377983,-,caller=T7;sd 0:0:0:1: [sdb] Attached SCSI disk
 SUBSYSTEM=scsi
 DEVICE=+scsi:0:0:0:1
5,823,19377992,-,caller=T379;sd 0:0:0:5: [sdf] 8192 4096-byte logical blocks: (33.6 MB/32.0 MiB)
 SUBSYSTEM=scsi
 DEVICE=+scsi:0:0:0:5
4,824,19378048,-,caller=T383;gpio-keys soc:gpio_keys: deferred probe timeout, ignoring dependency
 SUBSYSTEM=platform
 DEVICE=+platform:soc:gpio_keys
5,825,19378534,-,caller=T379;sd 0:0:0:5: [sdf] Write Protect is off
 SUBSYSTEM=scsi
 DEVICE=+scsi:0:0:0:5
7,826,19378536,-,caller=T379;sd 0:0:0:5: [sdf] Mode Sense: 00 32 00 10
 SUBSYSTEM=scsi
 DEVICE=+scsi:0:0:0:5
5,827,19378643,-,caller=T198;sd 0:0:0:3: [sdd] Attached SCSI disk
 SUBSYSTEM=scsi
 DEVICE=+scsi:0:0:0:3
5,828,19378655,-,caller=T365;sd 0:0:0:2: [sdc] Attached SCSI disk
 SUBSYSTEM=scsi
 DEVICE=+scsi:0:0:0:2
5,829,19378657,-,caller=T379;sd 0:0:0:5: [sdf] Write cache: enabled, read cache: enabled, supports DPO and FUA
 SUBSYSTEM=scsi
 DEVICE=+scsi:0:0:0:5
4,830,19378750,-,caller=T383;gpio-keys soc:gpio_keys: deferred probe timeout, ignoring dependency
 SUBSYSTEM=platform
 DEVICE=+platform:soc:gpio_keys
6,831,19379185,-,caller=T379;sd 0:0:0:5: [sdf] Optimal transfer size 524288 bytes
 SUBSYSTEM=scsi
 DEVICE=+scsi:0:0:0:5
5,832,19379518,-,caller=T378;sd 0:0:0:4: [sde] Attached SCSI disk
 SUBSYSTEM=scsi
 DEVICE=+scsi:0:0:0:4
4,833,19379629,-,caller=T383;gpio-keys soc:gpio_keys: deferred probe timeout, ignoring dependency
 SUBSYSTEM=platform
 DEVICE=+platform:soc:gpio_keys
6,834,19380703,-,caller=T379; sdf: sdf1 sdf2 sdf3 sdf4 sdf5
5,835,19383863,-,caller=T379;sd 0:0:0:5: [sdf] Attached SCSI disk
 SUBSYSTEM=scsi
 DEVICE=+scsi:0:0:0:5
4,836,19383954,-,caller=T379;gpio-keys soc:gpio_keys: deferred probe timeout, ignoring dependency
 SUBSYSTEM=platform
 DEVICE=+platform:soc:gpio_keys
4,837,19408763,-,caller=T383;gpio-keys soc:gpio_keys: deferred probe timeout, ignoring dependency
 SUBSYSTEM=platform
 DEVICE=+platform:soc:gpio_keys
4,838,19408902,-,caller=T383;gpio-keys soc:gpio_keys: deferred probe timeout, ignoring dependency
 SUBSYSTEM=platform
 DEVICE=+platform:soc:gpio_keys
4,839,19408991,-,caller=T383;gpio-keys soc:gpio_keys: deferred probe timeout, ignoring dependency
 SUBSYSTEM=platform
 DEVICE=+platform:soc:gpio_keys
4,840,19409074,-,caller=T383;gpio-keys soc:gpio_keys: deferred probe timeout, ignoring dependency
 SUBSYSTEM=platform
 DEVICE=+platform:soc:gpio_keys
4,841,19409155,-,caller=T383;gpio-keys soc:gpio_keys: deferred probe timeout, ignoring dependency
 SUBSYSTEM=platform
 DEVICE=+platform:soc:gpio_keys
4,842,19409236,-,caller=T383;gpio-keys soc:gpio_keys: deferred probe timeout, ignoring dependency
 SUBSYSTEM=platform
 DEVICE=+platform:soc:gpio_keys
4,843,19409319,-,caller=T383;gpio-keys soc:gpio_keys: deferred probe timeout, ignoring dependency
 SUBSYSTEM=platform
 DEVICE=+platform:soc:gpio_keys
4,844,19409402,-,caller=T383;gpio-keys soc:gpio_keys: deferred probe timeout, ignoring dependency
 SUBSYSTEM=platform
 DEVICE=+platform:soc:gpio_keys
4,845,19409483,-,caller=T383;gpio-keys soc:gpio_keys: deferred probe timeout, ignoring dependency
 SUBSYSTEM=platform
 DEVICE=+platform:soc:gpio_keys
4,846,19409561,-,caller=T383;gpio-keys soc:gpio_keys: deferred probe timeout, ignoring dependency
 SUBSYSTEM=platform
 DEVICE=+platform:soc:gpio_keys
4,847,19409878,-,caller=T383;gpio-keys soc:gpio_keys: deferred probe timeout, ignoring dependency
 SUBSYSTEM=platform
 DEVICE=+platform:soc:gpio_keys
6,848,19409901,-,caller=T384;rtc-pm8xxx c42d000.qcom,spmi:qcom,pmk8350@0:rtc@6100: registered as rtc0
 SUBSYSTEM=platform
 DEVICE=+platform:c42d000.qcom,spmi:qcom,pmk8350@0:rtc@
6,849,19410354,-,caller=T384;rtc-pm8xxx c42d000.qcom,spmi:qcom,pmk8350@0:rtc@6100: setting system clock to 1970-01-04T12:58:34 UTC (305914)
 SUBSYSTEM=platform
 DEVICE=+platform:c42d000.qcom,spmi:qcom,pmk8350@0:rtc@
4,850,19410384,-,caller=T383;gpio-keys soc:gpio_keys: deferred probe timeout, ignoring dependency
 SUBSYSTEM=platform
 DEVICE=+platform:soc:gpio_keys
4,851,19410423,-,caller=T383;gpio-keys soc:gpio_keys: deferred probe timeout, ignoring dependency
 SUBSYSTEM=platform
 DEVICE=+platform:soc:gpio_keys
4,852,19410558,-,caller=T383;gpio-keys soc:gpio_keys: deferred probe timeout, ignoring dependency
 SUBSYSTEM=platform
 DEVICE=+platform:soc:gpio_keys
4,853,19410926,-,caller=T383;gpio-keys soc:gpio_keys: deferred probe timeout, ignoring dependency
 SUBSYSTEM=platform
 DEVICE=+platform:soc:gpio_keys
4,854,19411283,-,caller=T383;gpio-keys soc:gpio_keys: deferred probe timeout, ignoring dependency
 SUBSYSTEM=platform
 DEVICE=+platform:soc:gpio_keys
4,855,19411452,-,caller=T383;gpio-keys soc:gpio_keys: deferred probe timeout, ignoring dependency
 SUBSYSTEM=platform
 DEVICE=+platform:soc:gpio_keys
4,856,19411575,-,caller=T383;gpio-keys soc:gpio_keys: deferred probe timeout, ignoring dependency
 SUBSYSTEM=platform
 DEVICE=+platform:soc:gpio_keys
4,857,19411698,-,caller=T383;gpio-keys soc:gpio_keys: deferred probe timeout, ignoring dependency
 SUBSYSTEM=platform
 DEVICE=+platform:soc:gpio_keys
4,858,19411843,-,caller=T383;gpio-keys soc:gpio_keys: deferred probe timeout, ignoring dependency
 SUBSYSTEM=platform
 DEVICE=+platform:soc:gpio_keys
4,859,19411941,-,caller=T383;gpio-keys soc:gpio_keys: deferred probe timeout, ignoring dependency
 SUBSYSTEM=platform
 DEVICE=+platform:soc:gpio_keys
4,860,19458568,-,caller=T386;rmnet_core: Unknown symbol rmnet_ctl_if (err -2)
4,861,19508417,-,caller=T387;rmnet_shs: Unknown symbol __traceiter_rmnet_shs_high (err -2)
4,862,19508433,-,caller=T387;rmnet_shs: Unknown symbol qmi_rmnet_ps_ind_deregister (err -2)
4,863,19508441,-,caller=T387;rmnet_shs: Unknown symbol rmnet_map_dl_ind_deregister (err -2)
4,864,19508448,-,caller=T387;rmnet_shs: Unknown symbol rmnet_get_port (err -2)
4,865,19508454,-,caller=T387;rmnet_shs: Unknown symbol rmnet_map_dl_ind_register (err -2)
4,866,19508461,-,caller=T387;rmnet_shs: Unknown symbol qmi_rmnet_ps_ind_register (err -2)
4,867,19508472,-,caller=T387;rmnet_shs: Unknown symbol __tracepoint_rmnet_shs_high (err -2)
4,868,19508481,-,caller=T387;rmnet_shs: Unknown symbol rmnet_shs_skb_entry (err -2)
4,869,19508488,-,caller=T387;rmnet_shs: Unknown symbol rmnet_shs_switch (err -2)
4,870,19508499,-,caller=T387;rmnet_shs: Unknown symbol rmnet_is_real_dev_registered (err -2)
4,871,19508507,-,caller=T387;rmnet_shs: Unknown symbol rmnet_rx_handler (err -2)
4,872,19508535,-,caller=T387;rmnet_shs: Unknown symbol __traceiter_print_icmp_rx (err -2)
4,873,19508542,-,caller=T387;rmnet_shs: Unknown symbol __traceiter_rmnet_shs_low (err -2)
4,874,19508552,-,caller=T387;rmnet_shs: Unknown symbol __traceiter_rmnet_shs_err (err -2)
4,875,19508569,-,caller=T387;rmnet_shs: Unknown symbol __tracepoint_print_icmp_rx (err -2)
4,876,19508577,-,caller=T387;rmnet_shs: Unknown symbol __tracepoint_rmnet_shs_low (err -2)
4,877,19508583,-,caller=T387;rmnet_shs: Unknown symbol __tracepoint_rmnet_shs_err (err -2)
4,878,19508591,-,caller=T387;rmnet_shs: Unknown symbol __traceiter_rmnet_shs_wq_low (err -2)
4,879,19508599,-,caller=T387;rmnet_shs: Unknown symbol __tracepoint_rmnet_shs_wq_low (err -2)
4,880,19508611,-,caller=T387;rmnet_shs: Unknown symbol __traceiter_rmnet_shs_wq_high (err -2)
4,881,19508619,-,caller=T387;rmnet_shs: Unknown symbol __tracepoint_rmnet_shs_wq_high (err -2)
4,882,19508630,-,caller=T387;rmnet_shs: Unknown symbol __traceiter_rmnet_freq_boost (err -2)
4,883,19508637,-,caller=T387;rmnet_shs: Unknown symbol __traceiter_rmnet_freq_reset (err -2)
4,884,19508648,-,caller=T387;rmnet_shs: Unknown symbol __tracepoint_rmnet_freq_boost (err -2)
4,885,19508654,-,caller=T387;rmnet_shs: Unknown symbol __tracepoint_rmnet_freq_reset (err -2)
9,886,19559862,-,caller=T160;nx679j: journal mirror: 19323 bytes (file open, kmsg=1 pmsg=2 rd=8)
9,887,19559865,-,caller=T160;nx679j: journal mirror: 19323 bytes (file open, kmsg=1 pmsg=2 rd=8)
4,888,19562490,-,caller=T388;rmnet_perf: Unknown symbol rmnet_perf_ingress_hook1 (err -2)
4,889,19562500,-,caller=T388;rmnet_perf: Unknown symbol rmnet_perf_egress_hook1 (err -2)
4,890,19612577,-,caller=T389;rmnet_offload: Unknown symbol rmnet_get_port (err -2)
4,891,19612589,-,caller=T389;rmnet_offload: Unknown symbol qmi_rmnet_ps_ind_register (err -2)
4,892,19612595,-,caller=T389;rmnet_offload: Unknown symbol rmnet_map_dl_ind_register (err -2)
4,893,19612602,-,caller=T389;rmnet_offload: Unknown symbol qmi_rmnet_ps_ind_deregister (err -2)
4,894,19612608,-,caller=T389;rmnet_offload: Unknown symbol rmnet_map_dl_ind_deregister (err -2)
4,895,19612616,-,caller=T389;rmnet_offload: Unknown symbol rmnet_frag_deliver (err -2)
4,896,19612624,-,caller=T389;rmnet_offload: Unknown symbol rmnet_recycle_frag_descriptor (err -2)
4,897,19612630,-,caller=T389;rmnet_offload: Unknown symbol rmnet_frag_header_ptr (err -2)
4,898,19612636,-,caller=T389;rmnet_offload: Unknown symbol rmnet_frag_ipv6_skip_exthdr (err -2)
4,899,19612645,-,caller=T389;rmnet_offload: Unknown symbol rmnet_perf_desc_entry (err -2)
4,900,19612652,-,caller=T389;rmnet_offload: Unknown symbol rmnet_frag_descriptor_add_frags_from (err -2)
4,901,19612657,-,caller=T389;rmnet_offload: Unknown symbol rmnet_perf_chain_end (err -2)
4,902,19663077,-,caller=T390;rmnet_aps: Unknown symbol rmnet_aps_set_prio (err -2)
6,903,19714564,-,caller=T391;sch: init (1.0)
6,904,19765839,-,caller=T392;DATARMNET7eb0fa5c8f(): rmnet_wlan initializing
4,905,19815679,-,caller=T393;rmnet_perf_tether: Unknown symbol rmnet_perf_tether_ingress_hook (err -2)
4,906,19815689,-,caller=T393;rmnet_perf_tether: Unknown symbol rmnet_perf_tether_egress_hook (err -2)
4,907,19815696,-,caller=T393;rmnet_perf_tether: Unknown symbol rmnet_perf_tether_cmd_hook (err -2)
4,908,19922455,-,caller=T395;ipam: Unknown symbol gsi_pending_irq_type (err -2)
4,909,19922492,-,caller=T395;ipam: Unknown symbol gsi_map_base (err -2)
4,910,19922550,-,caller=T395;ipam: Unknown symbol gsi_flow_control_ee (err -2)
4,911,19922557,-,caller=T395;ipam: Unknown symbol gsi_halt_channel_ee (err -2)
4,912,19922615,-,caller=T395;ipam: Unknown symbol gsi_register_device (err -2)
4,913,19922621,-,caller=T395;ipam: Unknown symbol gsi_query_device_msi_addr (err -2)
4,914,19922628,-,caller=T395;ipam: Unknown symbol gsi_deregister_device (err -2)
4,915,19922634,-,caller=T395;ipam: Unknown symbol gsi_alloc_channel_ee (err -2)
4,916,19922683,-,caller=T395;ipam: Unknown symbol gsi_enable_fw (err -2)
4,917,19922715,-,caller=T395;ipam: Unknown symbol gsi_unmap_base (err -2)
4,918,19922736,-,caller=T395;ipam: Unknown symbol gsi_configure_regs (err -2)
4,919,19922790,-,caller=T395;ipam: Unknown symbol gsi_queue_xfer (err -2)
4,920,19922797,-,caller=T395;ipam: Unknown symbol gsi_start_channel (err -2)
4,921,19922806,-,caller=T395;ipam: Unknown symbol gsi_dealloc_channel (err -2)
4,922,19922812,-,caller=T395;ipam: Unknown symbol gsi_reset_evt_ring (err -2)
4,923,19922818,-,caller=T395;ipam: Unknown symbol gsi_dealloc_evt_ring (err -2)
4,924,19922828,-,caller=T395;ipam: Unknown symbol gsi_alloc_evt_ring (err -2)
4,925,19922834,-,caller=T395;ipam: Unknown symbol gsi_alloc_channel (err -2)
4,926,19922847,-,caller=T395;ipam: Unknown symbol gsi_ring_evt_doorbell_polling_mode (err -2)
4,927,19922853,-,caller=T395;ipam: Unknown symbol gsi_config_channel_mode (err -2)
4,928,19922873,-,caller=T395;ipam: Unknown symbol gsi_write_channel_scratch (err -2)
4,929,19922879,-,caller=T395;ipam: Unknown symbol gsi_poll_n_channel (err -2)
4,930,19922891,-,caller=T395;ipam: Unknown symbol gsi_reset_channel (err -2)
4,931,19922898,-,caller=T395;ipam: Unknown symbol gsi_write_evt_ring_scratch (err -2)
4,932,19922904,-,caller=T395;ipam: Unknown symbol gsi_query_channel_db_addr (err -2)
4,933,19922910,-,caller=T395;ipam: Unknown symbol gsi_write_device_scratch (err -2)
4,934,19922915,-,caller=T395;ipam: Unknown symbol gsi_enable_flow_control_ee (err -2)
4,935,19922921,-,caller=T395;ipam: Unknown symbol gsi_query_channel_info (err -2)
4,936,19922927,-,caller=T395;ipam: Unknown symbol gsi_query_flow_control_state_ee (err -2)
4,937,19922942,-,caller=T395;ipam: Unknown symbol gsi_get_inst_ram_offset_and_size (err -2)
4,938,19922947,-,caller=T395;ipam: Unknown symbol gsi_ntn3_client_stats_get (err -2)
4,939,19922953,-,caller=T395;ipam: Unknown symbol gsi_get_refetch_reg (err -2)
4,940,19922959,-,caller=T395;ipam: Unknown symbol gsi_get_drop_stats (err -2)
4,941,19922965,-,caller=T395;ipam: Unknown symbol gsi_get_wp (err -2)
4,942,19922972,-,caller=T395;ipam: Unknown symbol gsi_stop_channel (err -2)
4,943,19922977,-,caller=T395;ipam: Unknown symbol gsi_is_channel_empty (err -2)
4,944,19922984,-,caller=T395;ipam: Unknown symbol gsi_map_virtual_ch_to_per_ep (err -2)
4,945,19923000,-,caller=T395;ipam: Unknown symbol gsi_wdi3_write_evt_ring_db (err -2)
4,946,19923005,-,caller=T395;ipam: Unknown symbol gsi_read_channel_scratch (err -2)
4,947,19923011,-,caller=T395;ipam: Unknown symbol gsi_write_channel_scratch3_reg (err -2)
4,948,19923017,-,caller=T395;ipam: Unknown symbol gsi_write_channel_scratch2_reg (err -2)
4,949,19923027,-,caller=T395;ipam: Unknown symbol gsi_poll_channel (err -2)
4,950,19923033,-,caller=T395;ipam: Unknown symbol gsi_update_mhi_channel_scratch (err -2)
4,951,19923038,-,caller=T395;ipam: Unknown symbol gsi_ring_evt_ring_db (err -2)
4,952,19923044,-,caller=T395;ipam: Unknown symbol gsi_update_almst_empty_thrshold (err -2)
4,953,19923054,-,caller=T395;ipam: Unknown symbol gsi_query_evt_ring_db_addr (err -2)
4,954,19923060,-,caller=T395;ipam: Unknown symbol gsi_read_wdi3_channel_scratch2_reg (err -2)
4,955,19923065,-,caller=T395;ipam: Unknown symbol gsi_write_wdi3_channel_scratch2_reg (err -2)
4,956,19923071,-,caller=T395;ipam: Unknown symbol gsi_ring_ch_ring_db (err -2)
4,957,19923083,-,caller=T395;ipam: Unknown symbol gsi_query_msi_addr (err -2)
4,958,19923103,-,caller=T395;ipam: Unknown symbol gsi_get_chan_prot_type (err -2)
4,959,19923109,-,caller=T395;ipam: Unknown symbol gsi_get_chan_state (err -2)
4,960,19923115,-,caller=T395;ipam: Unknown symbol gsi_get_chan_stop_stm (err -2)
4,961,19923120,-,caller=T395;ipam: Unknown symbol gsi_get_peripheral_ee (err -2)
4,962,19923126,-,caller=T395;ipam: Unknown symbol gsi_get_chan_poll_mode (err -2)
4,963,19923132,-,caller=T395;ipam: Unknown symbol gsi_get_ring_len (err -2)
4,964,19923137,-,caller=T395;ipam: Unknown symbol gsi_get_chan_props_db_in_bytes (err -2)
4,965,19923143,-,caller=T395;ipam: Unknown symbol gsi_read_chan_ring_bp (err -2)
4,966,19923148,-,caller=T395;ipam: Unknown symbol gsi_read_chan_ring_rp (err -2)
4,967,19923154,-,caller=T395;ipam: Unknown symbol gsi_read_chan_ring_wp (err -2)
4,968,19923160,-,caller=T395;ipam: Unknown symbol gsi_get_evt_ring_re_size (err -2)
4,969,19923165,-,caller=T395;ipam: Unknown symbol gsi_get_evt_ring_len (err -2)
4,970,19923171,-,caller=T395;ipam: Unknown symbol gsi_read_event_ring_bp (err -2)
4,971,19923177,-,caller=T395;ipam: Unknown symbol gsi_get_evt_ring_rp (err -2)
4,972,19923182,-,caller=T395;ipam: Unknown symbol gsi_read_event_ring_wp (err -2)
4,973,19972516,-,caller=T396;ipa_clientsm: Unknown symbol ipa3_notify_clients_registered (err -2)
4,974,19972527,-,caller=T396;ipa_clientsm: Unknown symbol ipa3_qdss_register (err -2)
4,975,19972548,-,caller=T396;ipa_clientsm: Unknown symbol ipa3_get_ipc_logbuf_low (err -2)
4,976,19972563,-,caller=T396;ipa_clientsm: Unknown symbol ipa3_deregister_client_callback (err -2)
4,977,19972571,-,caller=T396;ipa_clientsm: Unknown symbol ipa3_get_ipc_logbuf (err -2)
4,978,19972591,-,caller=T396;ipa_clientsm: Unknown symbol rndis_ipa_init (err -2)
4,979,19972597,-,caller=T396;ipa_clientsm: Unknown symbol ipa3_register_client_callback (err -2)
4,980,19972604,-,caller=T396;ipa_clientsm: Unknown symbol ipa_pm_register (err -2)
4,981,19972610,-,caller=T396;ipa_clientsm: Unknown symbol ipa_pm_associate_ipa_cons_to_client (err -2)
4,982,19972616,-,caller=T396;ipa_clientsm: Unknown symbol ipa_pm_deregister (err -2)
4,983,19972623,-,caller=T396;ipa_clientsm: Unknown symbol ipa3_teth_bridge_init (err -2)
4,984,19972634,-,caller=T396;ipa_clientsm: Unknown symbol ipa3_get_r_rev_version (err -2)
4,985,19972640,-,caller=T396;ipa_clientsm: Unknown symbol ipa_smmu_store_sgt (err -2)
4,986,19972646,-,caller=T396;ipa_clientsm: Unknown symbol ipa_smmu_free_sgt (err -2)
4,987,19972652,-,caller=T396;ipa_clientsm: Unknown symbol ipa3_request_gsi_channel (err -2)
4,988,19972658,-,caller=T396;ipa_clientsm: Unknown symbol ipa3_smmu_map_peer_reg (err -2)
4,989,19972663,-,caller=T396;ipa_clientsm: Unknown symbol ipa3_smmu_map_peer_buff (err -2)
4,990,19972669,-,caller=T396;ipa_clientsm: Unknown symbol ipa3_set_usb_max_packet_size (err -2)
4,991,19972675,-,caller=T396;ipa_clientsm: Unknown symbol ipa_pm_set_throughput (err -2)
4,992,19972681,-,caller=T396;ipa_clientsm: Unknown symbol ipa_pm_activate_sync (err -2)
4,993,19972687,-,caller=T396;ipa_clientsm: Unknown symbol ipa3_is_mhip_offload_enabled (err -2)
4,994,19972693,-,caller=T396;ipa_clientsm: Unknown symbol ipa_mpm_mhip_xdci_pipe_enable (err -2)
4,995,19972698,-,caller=T396;ipa_clientsm: Unknown symbol ipa3_xdci_start (err -2)
4,996,19972704,-,caller=T396;ipa_clientsm: Unknown symbol ipa3_xdci_disconnect (err -2)
4,997,19972710,-,caller=T396;ipa_clientsm: Unknown symbol ipa3_reset_gsi_channel (err -2)
4,998,19972716,-,caller=T396;ipa_clientsm: Unknown symbol ipa3_reset_gsi_event_ring (err -2)
4,999,19972722,-,caller=T396;ipa_clientsm: Unknown symbol ipa_mpm_mhip_xdci_pipe_disable (err -2)
4,1000,19972728,-,caller=T396;ipa_clientsm: Unknown symbol ipa_pm_deactivate_sync (err -2)
4,1001,19972734,-,caller=T396;ipa_clientsm: Unknown symbol rndis_ipa_pipe_connect_notify (err -2)
4,1002,19972740,-,caller=T396;ipa_clientsm: Unknown symbol ipa3_teth_bridge_connect (err -2)
4,1003,19972747,-,caller=T396;ipa_clientsm: Unknown symbol rndis_ipa_pipe_disconnect_notify (err -2)
4,1004,19972752,-,caller=T396;ipa_clientsm: Unknown symbol ipa3_teth_bridge_disconnect (err -2)
4,1005,19972758,-,caller=T396;ipa_clientsm: Unknown symbol ipa3_release_gsi_channel (err -2)
4,1006,19972764,-,caller=T396;ipa_clientsm: Unknown symbol ipa3_cfg_ep_holb (err -2)
4,1007,19972769,-,caller=T396;ipa_clientsm: Unknown symbol ipa3_xdci_ep_delay_rm (err -2)
4,1008,19972776,-,caller=T396;ipa_clientsm: Unknown symbol rndis_ipa_cleanup (err -2)
4,1009,19972781,-,caller=T396;ipa_clientsm: Unknown symbol ipa3_xdci_suspend (err -2)
4,1010,19972787,-,caller=T396;ipa_clientsm: Unknown symbol ipa3_xdci_resume (err -2)
4,1011,19972792,-,caller=T396;ipa_clientsm: Unknown symbol ipa3_xdci_connect (err -2)
4,1012,19972803,-,caller=T396;ipa_clientsm: Unknown symbol ipa3_start_gsi_channel (err -2)
4,1013,19972808,-,caller=T396;ipa_clientsm: Unknown symbol ipa3_stop_gsi_channel (err -2)
4,1014,19972815,-,caller=T396;ipa_clientsm: Unknown symbol ipa3_ctx (err -2)
4,1015,19972825,-,caller=T396;ipa_clientsm: Unknown symbol ipa3_create_wdi_mapping (err -2)
4,1016,19972835,-,caller=T396;ipa_clientsm: Unknown symbol ipa3_release_wdi_mapping (err -2)
4,1017,19972841,-,caller=T396;ipa_clientsm: Unknown symbol ipa3_set_wlan_tx_info (err -2)
4,1018,19972921,-,caller=T396;ipa_clientsm: Unknown symbol ipa3_conn_wdi3_pipes (err -2)
4,1019,19972928,-,caller=T396;ipa_clientsm: Unknown symbol ipa3_connect_wdi_pipe (err -2)
4,1020,19972934,-,caller=T396;ipa_clientsm: Unknown symbol ipa3_disconnect_wdi_pipe (err -2)
4,1021,19972945,-,caller=T396;ipa_clientsm: Unknown symbol ipa3_del_hdr (err -2)
4,1022,19972951,-,caller=T396;ipa_clientsm: Unknown symbol ipa3_deregister_intf (err -2)
4,1023,19972957,-,caller=T396;ipa_clientsm: Unknown symbol ipa3_disable_wdi3_pipes (err -2)
4,1024,19972963,-,caller=T396;ipa_clientsm: Unknown symbol ipa3_suspend_wdi_pipe (err -2)
4,1025,19972968,-,caller=T396;ipa_clientsm: Unknown symbol ipa3_disable_wdi_pipe (err -2)
4,1026,19972974,-,caller=T396;ipa_clientsm: Unknown symbol ipa3_disconn_wdi3_pipes (err -2)
4,1027,19972980,-,caller=T396;ipa_clientsm: Unknown symbol ipa3_enable_wdi3_pipes (err -2)
4,1028,19972985,-,caller=T396;ipa_clientsm: Unknown symbol ipa3_enable_wdi_pipe (err -2)
4,1029,19972991,-,caller=T396;ipa_clientsm: Unknown symbol ipa3_resume_wdi_pipe (err -2)
4,1030,19972996,-,caller=T396;ipa_clientsm: Unknown symbol ipa3_uc_reg_rdyCB (err -2)
4,1031,19973002,-,caller=T396;ipa_clientsm: Unknown symbol ipa3_get_smmu_params (err -2)
4,1032,19973013,-,caller=T396;ipa_clientsm: Unknown symbol ipa3_get_ctx (err -2)
4,1033,19973018,-,caller=T396;ipa_clientsm: Unknown symbol ipa3_register_intf (err -2)
4,1034,19973025,-,caller=T396;ipa_clientsm: Unknown symbol ipa3_add_hdr (err -2)
4,1035,19973032,-,caller=T396;ipa_clientsm: Unknown symbol ipa_pm_wrapper_wdi_set_perf_profile_internal (err -2)
4,1036,19973061,-,caller=T396;ipa_clientsm: Unknown symbol ipa3_setup_uc_ntn_pipes (err -2)
4,1037,19973067,-,caller=T396;ipa_clientsm: Unknown symbol ipa3_ntn_uc_reg_rdyCB (err -2)
4,1038,19973073,-,caller=T396;ipa_clientsm: Unknown symbol ipa3_ntn_uc_dereg_rdyCB (err -2)
4,1039,19973087,-,caller=T396;ipa_clientsm: Unknown symbol ipa3_tear_down_uc_offload_pipes (err -2)
4,1040,19973096,-,caller=T396;ipa_clientsm: Unknown symbol ipa3_wigig_internal_init (err -2)
4,1041,19973106,-,caller=T396;ipa_clientsm: Unknown symbol ipa_wigig_send_wlan_msg (err -2)
4,1042,19973112,-,caller=T396;ipa_clientsm: Unknown symbol ipa3_uc_state_check (err -2)
4,1043,19973117,-,caller=T396;ipa_clientsm: Unknown symbol ipa3_wigig_uc_msi_init (err -2)
4,1044,19973123,-,caller=T396;ipa_clientsm: Unknown symbol ipa3_conn_wigig_rx_pipe_i (err -2)
4,1045,19973129,-,caller=T396;ipa_clientsm: Unknown symbol ipa3_disconn_wigig_pipe_i (err -2)
4,1046,19973137,-,caller=T396;ipa_clientsm: Unknown symbol ipa3_conn_wigig_client_i (err -2)
4,1047,19973142,-,caller=T396;ipa_clientsm: Unknown symbol ipa_wigig_send_msg (err -2)
4,1048,19973152,-,caller=T396;ipa_clientsm: Unknown symbol ipa3_enable_wigig_pipe_i (err -2)
4,1049,19973158,-,caller=T396;ipa_clientsm: Unknown symbol ipa3_disable_wigig_pipe_i (err -2)
4,1050,19973173,-,caller=T396;ipa_clientsm: Unknown symbol ipa3_get_dma_dev (err -2)
4,1051,19973192,-,caller=T396;ipa_clientsm: Unknown symbol ipa3_mhi_destroy_channel (err -2)
4,1052,19973206,-,caller=T396;ipa_clientsm: Unknown symbol ipa3_mhi_init_engine (err -2)
4,1053,19973212,-,caller=T396;ipa_clientsm: Unknown symbol ipa3_inc_client_enable_clks (err -2)
4,1054,19973218,-,caller=T396;ipa_clientsm: Unknown symbol ipa3_connect_mhi_pipe (err -2)
4,1055,19973223,-,caller=T396;ipa_clientsm: Unknown symbol ipa3_dec_client_disable_clks (err -2)
4,1056,19973229,-,caller=T396;ipa_clientsm: Unknown symbol ipa3_update_mhi_ctrl_state (err -2)
4,1057,19973235,-,caller=T396;ipa_clientsm: Unknown symbol ipa_assert (err -2)
4,1058,19973240,-,caller=T396;ipa_clientsm: Unknown symbol ipa3_mhi_reset_channel_internal (err -2)
4,1059,19973246,-,caller=T396;ipa_clientsm: Unknown symbol ipa3_mhi_stop_gsi_channel (err -2)
4,1060,19973252,-,caller=T396;ipa_clientsm: Unknown symbol ipahal_get_ep_bit (err -2)
4,1061,19973257,-,caller=T396;ipa_clientsm: Unknown symbol ipahal_get_ep_reg_idx (err -2)
4,1062,19973263,-,caller=T396;ipa_clientsm: Unknown symbol ipa3_qmi_enable_force_clear_datapath_send (err -2)
4,1063,19973269,-,caller=T396;ipa_clientsm: Unknown symbol ipa3_qmi_disable_force_clear_datapath_send (err -2)
4,1064,19973274,-,caller=T396;ipa_clientsm: Unknown symbol ipa3_get_client_mapping (err -2)
4,1065,19973280,-,caller=T396;ipa_clientsm: Unknown symbol ipa3_disconnect_mhi_pipe (err -2)
4,1066,19973287,-,caller=T396;ipa_clientsm: Unknown symbol ipa3_set_tag_process_before_gating (err -2)
4,1067,19973292,-,caller=T396;ipa_clientsm: Unknown symbol ipa3_has_open_aggr_frame (err -2)
4,1068,19973298,-,caller=T396;ipa_clientsm: Unknown symbol ipa3_mhi_query_ch_info (err -2)
4,1069,19973304,-,caller=T396;ipa_clientsm: Unknown symbol ipa3_mhi_resume_channels_internal (err -2)
4,1070,19973311,-,caller=T396;ipa_clientsm: Unknown symbol ipa_clients_strings (err -2)
4,1071,19973326,-,caller=T396;ipa_clientsm: Unknown symbol ipa3_uc_register_ready_cb (err -2)
4,1072,19973331,-,caller=T396;ipa_clientsm: Unknown symbol ipa3_uc_loaded_check (err -2)
4,1073,19973337,-,caller=T396;ipa_clientsm: Unknown symbol ipa3_eth_debugfs_init (err -2)
4,1074,19973343,-,caller=T396;ipa_clientsm: Unknown symbol ipa3_eth_debugfs_add_node (err -2)
4,1075,19973348,-,caller=T396;ipa_clientsm: Unknown symbol ipa3_eth_connect (err -2)
4,1076,19973357,-,caller=T396;ipa_clientsm: Unknown symbol ipa3_eth_disconnect (err -2)
4,1077,20022169,-,caller=T397;rndisipam: Unknown symbol ipa3_is_ulso_supported (err -2)
4,1078,20022190,-,caller=T397;rndisipam: Unknown symbol ipa_hdrs_hpc_destroy (err -2)
4,1079,20022216,-,caller=T397;rndisipam: Unknown symbol ipa_pm_activate (err -2)
4,1080,20022224,-,caller=T397;rndisipam: Unknown symbol qmap_encapsulate_skb (err -2)
4,1081,20022235,-,caller=T397;rndisipam: Unknown symbol ipa_pm_deferred_deactivate (err -2)
4,1082,20022250,-,caller=T397;rndisipam: Unknown symbol ipa3_add_hdr_hpc (err -2)
4,1083,20022256,-,caller=T397;rndisipam: Unknown symbol ipa_set_pkt_init_ex_hdr_ofst (err -2)
4,1084,20022262,-,caller=T397;rndisipam: Unknown symbol ipa3_add_hdr (err -2)
4,1085,20022268,-,caller=T397;rndisipam: Unknown symbol ipa3_del_hdr (err -2)
4,1086,20022274,-,caller=T397;rndisipam: Unknown symbol ipa3_register_intf (err -2)
4,1087,20022280,-,caller=T397;rndisipam: Unknown symbol ipa3_deregister_intf (err -2)
4,1088,20022286,-,caller=T397;rndisipam: Unknown symbol ipa_pm_register (err -2)
4,1089,20022292,-,caller=T397;rndisipam: Unknown symbol ipa_pm_deactivate_sync (err -2)
4,1090,20022298,-,caller=T397;rndisipam: Unknown symbol ipa_pm_deregister (err -2)
4,1091,20022304,-,caller=T397;rndisipam: Unknown symbol ipa3_cfg_ep (err -2)
4,1092,20073114,-,caller=T398;ipanetm: Unknown symbol ipa3_wwan_platform_driver_register (err -2)
4,1093,20073125,-,caller=T398;ipanetm: Unknown symbol ipa3_wwan_cleanup (err -2)
4,1094,20073132,-,caller=T398;ipanetm: Unknown symbol ipa3_ctx (err -2)
4,1095,20126608,-,caller=T383;gpio-keys soc:gpio_keys: deferred probe timeout, ignoring dependency
 SUBSYSTEM=platform
 DEVICE=+platform:soc:gpio_keys
4,1096,20178502,-,caller=T160;printk: worker: 22 output lines suppressed due to ratelimiting
4,1097,20212417,-,caller=T1;FAT-fs (sde6): Volume was not properly unmounted. Some data may be corrupt. Please run fsck.
9,1098,20216934,-,caller=T400;nx679j: journal mirror: 21547 bytes (file open, kmsg=1 pmsg=2 rd=8)
9,1099,20216937,-,caller=T400;nx679j: journal mirror: 21547 bytes (file open, kmsg=1 pmsg=2 rd=8)
9,1100,20267488,-,caller=T401;nx679j: journal mirror: 21728 bytes (file open, kmsg=1 pmsg=2 rd=8)
9,1101,20267490,-,caller=T401;nx679j: journal mirror: 21728 bytes (file open, kmsg=1 pmsg=2 rd=8)
9,1102,20319605,-,caller=T402;nx679j: journal mirror: 21893 bytes (file open, kmsg=2 pmsg=3 rd=8)
6,1103,20371055,-,caller=T1;remoteproc remoteproc4: 188101c.remoteproc-spss is available
 SUBSYSTEM=remoteproc
 DEVICE=c243:4
4,1104,20371399,-,caller=T378;gpio-keys soc:gpio_keys: deferred probe timeout, ignoring dependency
 SUBSYSTEM=platform
 DEVICE=+platform:soc:gpio_keys
9,1105,20372363,-,caller=T404;nx679j: journal mirror: 44026 bytes (file open, kmsg=3 pmsg=4 rd=8)
9,1106,20423189,-,caller=T406;nx679j: journal mirror: 44213 bytes (file open, kmsg=3 pmsg=4 rd=8)
6,1107,20428016,-,caller=T405;DATARMNET163e93649e(): Starting rmnet SHS module 43a6b 
6,1108,20428947,-,caller=T405;DATARMNETb1c42acd9c(): rmnet_offload initializing
6,1109,20430191,-,caller=T405;DATARMNET63abbdc3d3(): Loading
6,1110,20431501,-,caller=T405;DATARMNET5e4be08a32(): Loading
6,1111,20432801,-,caller=T405;aps: init (1.0)
4,1112,20433090,-,caller=T405;rndisipam: Unknown symbol ipa3_is_ulso_supported (err -2)
4,1113,20433105,-,caller=T405;rndisipam: Unknown symbol ipa_hdrs_hpc_destroy (err -2)
4,1114,20433129,-,caller=T405;rndisipam: Unknown symbol ipa_pm_activate (err -2)
4,1115,20433136,-,caller=T405;rndisipam: Unknown symbol qmap_encapsulate_skb (err -2)
4,1116,20433148,-,caller=T405;rndisipam: Unknown symbol ipa_pm_deferred_deactivate (err -2)
4,1117,20433162,-,caller=T405;rndisipam: Unknown symbol ipa3_add_hdr_hpc (err -2)
4,1118,20433169,-,caller=T405;rndisipam: Unknown symbol ipa_set_pkt_init_ex_hdr_ofst (err -2)
4,1119,20433176,-,caller=T405;rndisipam: Unknown symbol ipa3_add_hdr (err -2)
4,1120,20433183,-,caller=T405;rndisipam: Unknown symbol ipa3_del_hdr (err -2)
4,1121,20433189,-,caller=T405;rndisipam: Unknown symbol ipa3_register_intf (err -2)
4,1122,20433196,-,caller=T405;rndisipam: Unknown symbol ipa3_deregister_intf (err -2)
4,1123,20433203,-,caller=T405;rndisipam: Unknown symbol ipa_pm_register (err -2)
4,1124,20433209,-,caller=T405;rndisipam: Unknown symbol ipa_pm_deactivate_sync (err -2)
4,1125,20433216,-,caller=T405;rndisipam: Unknown symbol ipa_pm_deregister (err -2)
4,1126,20433223,-,caller=T405;rndisipam: Unknown symbol ipa3_cfg_ep (err -2)
4,1127,20434350,-,caller=T405;ipa_clientsm: Unknown symbol ipa3_notify_clients_registered (err -2)
4,1128,20434359,-,caller=T405;ipa_clientsm: Unknown symbol ipa3_qdss_register (err -2)
4,1129,20434378,-,caller=T405;ipa_clientsm: Unknown symbol ipa3_get_ipc_logbuf_low (err -2)
4,1130,20434392,-,caller=T405;ipa_clientsm: Unknown symbol ipa3_deregister_client_callback (err -2)
4,1131,20434401,-,caller=T405;ipa_clientsm: Unknown symbol ipa3_get_ipc_logbuf (err -2)
4,1132,20434417,-,caller=T405;ipa_clientsm: Unknown symbol rndis_ipa_init (err -2)
4,1133,20434424,-,caller=T405;ipa_clientsm: Unknown symbol ipa3_register_client_callback (err -2)
4,1134,20434431,-,caller=T405;ipa_clientsm: Unknown symbol ipa_pm_register (err -2)
4,1135,20434437,-,caller=T405;ipa_clientsm: Unknown symbol ipa_pm_associate_ipa_cons_to_client (err -2)
4,1136,20434444,-,caller=T405;ipa_clientsm: Unknown symbol ipa_pm_deregister (err -2)
4,1137,20434451,-,caller=T405;ipa_clientsm: Unknown symbol ipa3_teth_bridge_init (err -2)
4,1138,20434463,-,caller=T405;ipa_clientsm: Unknown symbol ipa3_get_r_rev_version (err -2)
4,1139,20434470,-,caller=T405;ipa_clientsm: Unknown symbol ipa_smmu_store_sgt (err -2)
4,1140,20434477,-,caller=T405;ipa_clientsm: Unknown symbol ipa_smmu_free_sgt (err -2)
4,1141,20434483,-,caller=T405;ipa_clientsm: Unknown symbol ipa3_request_gsi_channel (err -2)
4,1142,20434489,-,caller=T405;ipa_clientsm: Unknown symbol ipa3_smmu_map_peer_reg (err -2)
4,1143,20434495,-,caller=T405;ipa_clientsm: Unknown symbol ipa3_smmu_map_peer_buff (err -2)
4,1144,20434502,-,caller=T405;ipa_clientsm: Unknown symbol ipa3_set_usb_max_packet_size (err -2)
4,1145,20434508,-,caller=T405;ipa_clientsm: Unknown symbol ipa_pm_set_throughput (err -2)
4,1146,20434514,-,caller=T405;ipa_clientsm: Unknown symbol ipa_pm_activate_sync (err -2)
4,1147,20434521,-,caller=T405;ipa_clientsm: Unknown symbol ipa3_is_mhip_offload_enabled (err -2)
4,1148,20434527,-,caller=T405;ipa_clientsm: Unknown symbol ipa_mpm_mhip_xdci_pipe_enable (err -2)
4,1149,20434534,-,caller=T405;ipa_clientsm: Unknown symbol ipa3_xdci_start (err -2)
4,1150,20434540,-,caller=T405;ipa_clientsm: Unknown symbol ipa3_xdci_disconnect (err -2)
4,1151,20434546,-,caller=T405;ipa_clientsm: Unknown symbol ipa3_reset_gsi_channel (err -2)
4,1152,20434553,-,caller=T405;ipa_clientsm: Unknown symbol ipa3_reset_gsi_event_ring (err -2)
4,1153,20434559,-,caller=T405;ipa_clientsm: Unknown symbol ipa_mpm_mhip_xdci_pipe_disable (err -2)
4,1154,20434566,-,caller=T405;ipa_clientsm: Unknown symbol ipa_pm_deactivate_sync (err -2)
4,1155,20434573,-,caller=T405;ipa_clientsm: Unknown symbol rndis_ipa_pipe_connect_notify (err -2)
4,1156,20434579,-,caller=T405;ipa_clientsm: Unknown symbol ipa3_teth_bridge_connect (err -2)
4,1157,20434586,-,caller=T405;ipa_clientsm: Unknown symbol rndis_ipa_pipe_disconnect_notify (err -2)
4,1158,20434592,-,caller=T405;ipa_clientsm: Unknown symbol ipa3_teth_bridge_disconnect (err -2)
4,1159,20434599,-,caller=T405;ipa_clientsm: Unknown symbol ipa3_release_gsi_channel (err -2)
4,1160,20434605,-,caller=T405;ipa_clientsm: Unknown symbol ipa3_cfg_ep_holb (err -2)
4,1161,20434611,-,caller=T405;ipa_clientsm: Unknown symbol ipa3_xdci_ep_delay_rm (err -2)
4,1162,20434618,-,caller=T405;ipa_clientsm: Unknown symbol rndis_ipa_cleanup (err -2)
4,1163,20434624,-,caller=T405;ipa_clientsm: Unknown symbol ipa3_xdci_suspend (err -2)
4,1164,20434630,-,caller=T405;ipa_clientsm: Unknown symbol ipa3_xdci_resume (err -2)
4,1165,20434636,-,caller=T405;ipa_clientsm: Unknown symbol ipa3_xdci_connect (err -2)
4,1166,20434648,-,caller=T405;ipa_clientsm: Unknown symbol ipa3_start_gsi_channel (err -2)
4,1167,20434654,-,caller=T405;ipa_clientsm: Unknown symbol ipa3_stop_gsi_channel (err -2)
4,1168,20434660,-,caller=T405;ipa_clientsm: Unknown symbol ipa3_ctx (err -2)
4,1169,20434672,-,caller=T405;ipa_clientsm: Unknown symbol ipa3_create_wdi_mapping (err -2)
4,1170,20434683,-,caller=T405;ipa_clientsm: Unknown symbol ipa3_release_wdi_mapping (err -2)
4,1171,20434689,-,caller=T405;ipa_clientsm: Unknown symbol ipa3_set_wlan_tx_info (err -2)
4,1172,20434710,-,caller=T405;ipa_clientsm: Unknown symbol ipa3_conn_wdi3_pipes (err -2)
4,1173,20434716,-,caller=T405;ipa_clientsm: Unknown symbol ipa3_connect_wdi_pipe (err -2)
4,1174,20434722,-,caller=T405;ipa_clientsm: Unknown symbol ipa3_disconnect_wdi_pipe (err -2)
4,1175,20434733,-,caller=T405;ipa_clientsm: Unknown symbol ipa3_del_hdr (err -2)
4,1176,20434740,-,caller=T405;ipa_clientsm: Unknown symbol ipa3_deregister_intf (err -2)
4,1177,20434746,-,caller=T405;ipa_clientsm: Unknown symbol ipa3_disable_wdi3_pipes (err -2)
4,1178,20434752,-,caller=T405;ipa_clientsm: Unknown symbol ipa3_suspend_wdi_pipe (err -2)
4,1179,20434758,-,caller=T405;ipa_clientsm: Unknown symbol ipa3_disable_wdi_pipe (err -2)
4,1180,20434764,-,caller=T405;ipa_clientsm: Unknown symbol ipa3_disconn_wdi3_pipes (err -2)
4,1181,20434770,-,caller=T405;ipa_clientsm: Unknown symbol ipa3_enable_wdi3_pipes (err -2)
4,1182,20434776,-,caller=T405;ipa_clientsm: Unknown symbol ipa3_enable_wdi_pipe (err -2)
4,1183,20434783,-,caller=T405;ipa_clientsm: Unknown symbol ipa3_resume_wdi_pipe (err -2)
4,1184,20434789,-,caller=T405;ipa_clientsm: Unknown symbol ipa3_uc_reg_rdyCB (err -2)
4,1185,20434795,-,caller=T405;ipa_clientsm: Unknown symbol ipa3_get_smmu_params (err -2)
4,1186,20434806,-,caller=T405;ipa_clientsm: Unknown symbol ipa3_get_ctx (err -2)
4,1187,20434812,-,caller=T405;ipa_clientsm: Unknown symbol ipa3_register_intf (err -2)
4,1188,20434819,-,caller=T405;ipa_clientsm: Unknown symbol ipa3_add_hdr (err -2)
4,1189,20434827,-,caller=T405;ipa_clientsm: Unknown symbol ipa_pm_wrapper_wdi_set_perf_profile_internal (err -2)
4,1190,20434858,-,caller=T405;ipa_clientsm: Unknown symbol ipa3_setup_uc_ntn_pipes (err -2)
4,1191,20434865,-,caller=T405;ipa_clientsm: Unknown symbol ipa3_ntn_uc_reg_rdyCB (err -2)
4,1192,20434871,-,caller=T405;ipa_clientsm: Unknown symbol ipa3_ntn_uc_dereg_rdyCB (err -2)
4,1193,20434886,-,caller=T405;ipa_clientsm: Unknown symbol ipa3_tear_down_uc_offload_pipes (err -2)
4,1194,20434897,-,caller=T405;ipa_clientsm: Unknown symbol ipa3_wigig_internal_init (err -2)
4,1195,20434907,-,caller=T405;ipa_clientsm: Unknown symbol ipa_wigig_send_wlan_msg (err -2)
4,1196,20434913,-,caller=T405;ipa_clientsm: Unknown symbol ipa3_uc_state_check (err -2)
4,1197,20434920,-,caller=T405;ipa_clientsm: Unknown symbol ipa3_wigig_uc_msi_init (err -2)
4,1198,20434926,-,caller=T405;ipa_clientsm: Unknown symbol ipa3_conn_wigig_rx_pipe_i (err -2)
4,1199,20434932,-,caller=T405;ipa_clientsm: Unknown symbol ipa3_disconn_wigig_pipe_i (err -2)
4,1200,20434940,-,caller=T405;ipa_clientsm: Unknown symbol ipa3_conn_wigig_client_i (err -2)
4,1201,20434946,-,caller=T405;ipa_clientsm: Unknown symbol ipa_wigig_send_msg (err -2)
4,1202,20434956,-,caller=T405;ipa_clientsm: Unknown symbol ipa3_enable_wigig_pipe_i (err -2)
4,1203,20434963,-,caller=T405;ipa_clientsm: Unknown symbol ipa3_disable_wigig_pipe_i (err -2)
4,1204,20434978,-,caller=T405;ipa_clientsm: Unknown symbol ipa3_get_dma_dev (err -2)
4,1205,20434998,-,caller=T405;ipa_clientsm: Unknown symbol ipa3_mhi_destroy_channel (err -2)
4,1206,20435014,-,caller=T405;ipa_clientsm: Unknown symbol ipa3_mhi_init_engine (err -2)
4,1207,20435020,-,caller=T405;ipa_clientsm: Unknown symbol ipa3_inc_client_enable_clks (err -2)
4,1208,20435027,-,caller=T405;ipa_clientsm: Unknown symbol ipa3_connect_mhi_pipe (err -2)
4,1209,20435033,-,caller=T405;ipa_clientsm: Unknown symbol ipa3_dec_client_disable_clks (err -2)
4,1210,20435039,-,caller=T405;ipa_clientsm: Unknown symbol ipa3_update_mhi_ctrl_state (err -2)
4,1211,20435045,-,caller=T405;ipa_clientsm: Unknown symbol ipa_assert (err -2)
4,1212,20435051,-,caller=T405;ipa_clientsm: Unknown symbol ipa3_mhi_reset_channel_internal (err -2)
4,1213,20435057,-,caller=T405;ipa_clientsm: Unknown symbol ipa3_mhi_stop_gsi_channel (err -2)
4,1214,20435063,-,caller=T405;ipa_clientsm: Unknown symbol ipahal_get_ep_bit (err -2)
4,1215,20435069,-,caller=T405;ipa_clientsm: Unknown symbol ipahal_get_ep_reg_idx (err -2)
4,1216,20435076,-,caller=T405;ipa_clientsm: Unknown symbol ipa3_qmi_enable_force_clear_datapath_send (err -2)
4,1217,20435082,-,caller=T405;ipa_clientsm: Unknown symbol ipa3_qmi_disable_force_clear_datapath_send (err -2)
4,1218,20435088,-,caller=T405;ipa_clientsm: Unknown symbol ipa3_get_client_mapping (err -2)
4,1219,20435094,-,caller=T405;ipa_clientsm: Unknown symbol ipa3_disconnect_mhi_pipe (err -2)
4,1220,20435101,-,caller=T405;ipa_clientsm: Unknown symbol ipa3_set_tag_process_before_gating (err -2)
4,1221,20435107,-,caller=T405;ipa_clientsm: Unknown symbol ipa3_has_open_aggr_frame (err -2)
4,1222,20435113,-,caller=T405;ipa_clientsm: Unknown symbol ipa3_mhi_query_ch_info (err -2)
4,1223,20435119,-,caller=T405;ipa_clientsm: Unknown symbol ipa3_mhi_resume_channels_internal (err -2)
4,1224,20435126,-,caller=T405;ipa_clientsm: Unknown symbol ipa_clients_strings (err -2)
4,1225,20435136,-,caller=T405;ipa_clientsm: Unknown symbol ipa3_uc_register_ready_cb (err -2)
4,1226,20435142,-,caller=T405;ipa_clientsm: Unknown symbol ipa3_uc_loaded_check (err -2)
4,1227,20435149,-,caller=T405;ipa_clientsm: Unknown symbol ipa3_eth_debugfs_init (err -2)
4,1228,20435155,-,caller=T405;ipa_clientsm: Unknown symbol ipa3_eth_debugfs_add_node (err -2)
4,1229,20435161,-,caller=T405;ipa_clientsm: Unknown symbol ipa3_eth_connect (err -2)
4,1230,20435169,-,caller=T405;ipa_clientsm: Unknown symbol ipa3_eth_disconnect (err -2)
4,1231,20435245,-,caller=T405;ipanetm: Unknown symbol ipa3_wwan_platform_driver_register (err -2)
4,1232,20435252,-,caller=T405;ipanetm: Unknown symbol ipa3_wwan_cleanup (err -2)
4,1233,20435258,-,caller=T405;ipanetm: Unknown symbol ipa3_ctx (err -2)
6,1234,20452541,-,caller=T405;ipa 3e00000.qcom,ipa:ipa_smmu_ap: Adding to iommu group 6
 SUBSYSTEM=platform
 DEVICE=+platform:3e00000.qcom,ipa:ipa_smmu_ap
4,1235,20452643,-,caller=T378;gpio-keys soc:gpio_keys: deferred probe timeout, ignoring dependency
 SUBSYSTEM=platform
 DEVICE=+platform:soc:gpio_keys
4,1236,20454151,-,caller=T378;gpio-keys soc:gpio_keys: deferred probe timeout, ignoring dependency
 SUBSYSTEM=platform
 DEVICE=+platform:soc:gpio_keys
6,1237,20454169,-,caller=T405;ipa 3e00000.qcom,ipa:ipa_smmu_wlan: Adding to iommu group 7
 SUBSYSTEM=platform
 DEVICE=+platform:3e00000.qcom,ipa:ipa_smmu_wlan
4,1238,20454887,-,caller=T378;gpio-keys soc:gpio_keys: deferred probe timeout, ignoring dependency
 SUBSYSTEM=platform
 DEVICE=+platform:soc:gpio_keys
6,1239,20454952,-,caller=T405;ipa 3e00000.qcom,ipa:ipa_smmu_uc: Adding to iommu group 8
 SUBSYSTEM=platform
 DEVICE=+platform:3e00000.qcom,ipa:ipa_smmu_uc
4,1240,20455701,-,caller=T378;gpio-keys soc:gpio_keys: deferred probe timeout, ignoring dependency
 SUBSYSTEM=platform
 DEVICE=+platform:soc:gpio_keys
6,1241,20455749,-,caller=T405;ipa 3e00000.qcom,ipa:ipa_smmu_11ad: Adding to iommu group 9
 SUBSYSTEM=platform
 DEVICE=+platform:3e00000.qcom,ipa:ipa_smmu_11ad
4,1242,20455914,-,caller=T378;gpio-keys soc:gpio_keys: deferred probe timeout, ignoring dependency
 SUBSYSTEM=platform
 DEVICE=+platform:soc:gpio_keys
6,1243,20459944,-,caller=T405;RNDIS_IPA module is loaded.
6,1244,20462623,-,caller=T405;IPA clients manager init
6,1245,20462624,-,caller=T405;ipa_usb driver init
6,1246,20462995,-,caller=T405;ipa_usb registered successfully
6,1247,20462996,-,caller=T405;exit: IPA_USB init success!
6,1248,20462997,-,caller=T405;ipa_wdi3 registered successfully
6,1249,20462997,-,caller=T405;ipa_gsb registered successfully
6,1250,20462998,-,caller=T405;ipa_uc_offload registered successfully
6,1251,20462999,-,caller=T405;ipa_mhi registered successfully
6,1252,20462999,-,caller=T405;ipa_wigig registered successfully
6,1253,20463000,-,caller=T405;ipa_eth registered successfully
6,1254,20463002,-,caller=T405;ipa_qdss registered successfully
6,1255,20464923,-,caller=T405;rmnet_ipa3 started initialization
4,1256,20465268,-,caller=T383;gpio-keys soc:gpio_keys: deferred probe timeout, ignoring dependency
 SUBSYSTEM=platform
 DEVICE=+platform:soc:gpio_keys
9,1257,20472183,-,caller=T418;nx679j: journal mirror: 44374 bytes (file open, kmsg=31 pmsg=32 rd=8)
9,1258,20473568,-,caller=T419;nx679j: journal mirror: 44501 bytes (file open, kmsg=3 pmsg=4 rd=8)
6,1259,20522661,-,caller=T378;[ZtemtUSB] [dwc3_otg_sm_work: 5805] Otg drd_state = undefined
7,1260,20524393,-,caller=T378;msm-usb-ssphy-qmp 88e8000.ssphy: QMP PHY set_suspend for resume called with cable disconnected
 SUBSYSTEM=platform
 DEVICE=+platform:88e8000.ssphy
7,1261,20524394,-,caller=T378;msm-usb-ssphy-qmp 88e8000.ssphy: msm_ssphy_qmp_set_suspend: USB PHY is already resumed.
 SUBSYSTEM=platform
 DEVICE=+platform:88e8000.ssphy
6,1262,20524407,-,caller=T378;msm-dwc3 a600000.ssusb: DWC3 exited from low power mode
 SUBSYSTEM=platform
 DEVICE=+platform:a600000.ssusb
6,1263,20524561,-,caller=T378;dwc3 a600000.dwc3: Adding to iommu group 10
 SUBSYSTEM=platform
 DEVICE=+platform:a600000.dwc3
7,1264,20525375,-,caller=T378;msm-usb-ssphy-qmp 88e8000.ssphy: Initializing QMP phy
 SUBSYSTEM=platform
 DEVICE=+platform:88e8000.ssphy
7,1265,20525377,-,caller=T378;msm-usb-ssphy-qmp 88e8000.ssphy: reg (HPM)
 SUBSYSTEM=platform
 DEVICE=+platform:88e8000.ssphy
7,1266,20525799,-,caller=T378;msm-usb-ssphy-qmp 88e8000.ssphy: min_vol:912000 max_vol:912000
 SUBSYSTEM=platform
 DEVICE=+platform:88e8000.ssphy
7,1267,20525913,-,caller=T378;msm-usb-ssphy-qmp 88e8000.ssphy: msm_ssphy_qmp_enable_clks(): clk_enabled:0 on:1
 SUBSYSTEM=platform
 DEVICE=+platform:88e8000.ssphy
7,1268,20525916,-,caller=T378;msm-usb-ssphy-qmp 88e8000.ssphy: Global reset of QMP DP combo phy
 SUBSYSTEM=platform
 DEVICE=+platform:88e8000.ssphy
7,1269,20548869,-,caller=T378;msm-usb-ssphy-qmp 88e8000.ssphy: QMP PHY set_suspend for resume called with cable disconnected
 SUBSYSTEM=platform
 DEVICE=+platform:88e8000.ssphy
7,1270,20548870,-,caller=T378;msm-usb-ssphy-qmp 88e8000.ssphy: msm_ssphy_qmp_set_suspend: USB PHY is already resumed.
 SUBSYSTEM=platform
 DEVICE=+platform:88e8000.ssphy
6,1271,20549118,-,caller=T378;[ZtemtUSB] [dwc3_otg_start_peripheral: 5681] Turn 1 the gadget.
4,1272,20549318,-,caller=T198;gpio-keys soc:gpio_keys: deferred probe timeout, ignoring dependency
 SUBSYSTEM=platform
 DEVICE=+platform:soc:gpio_keys
7,1273,20654020,-,caller=T416;msm-usb-ssphy-qmp 88e8000.ssphy: Initializing QMP phy
 SUBSYSTEM=platform
 DEVICE=+platform:88e8000.ssphy
7,1274,20654022,-,caller=T416;msm-usb-ssphy-qmp 88e8000.ssphy: reg (HPM)
 SUBSYSTEM=platform
 DEVICE=+platform:88e8000.ssphy
7,1275,20654024,-,caller=T416;msm-usb-ssphy-qmp 88e8000.ssphy: PHYs' regulators status 1
 SUBSYSTEM=platform
 DEVICE=+platform:88e8000.ssphy
7,1276,20654025,-,caller=T416;msm-usb-ssphy-qmp 88e8000.ssphy: msm_ssphy_qmp_enable_clks(): clk_enabled:1 on:1
 SUBSYSTEM=platform
 DEVICE=+platform:88e8000.ssphy
7,1277,20654027,-,caller=T416;msm-usb-ssphy-qmp 88e8000.ssphy: Global reset of QMP DP combo phy
 SUBSYSTEM=platform
 DEVICE=+platform:88e8000.ssphy
7,1278,20677304,-,caller=T378;msm-usb-ssphy-qmp 88e8000.ssphy: QMP phy connect notification
 SUBSYSTEM=platform
 DEVICE=+platform:88e8000.ssphy
6,1279,20678560,-,caller=T378;[ZtemtUSB] [dwc3_otg_sm_work: 5805] Otg drd_state = peripheral
4,1280,21522888,-,caller=T420;using random self ethernet address
4,1281,21522891,-,caller=T420;using random host ethernet address
6,1282,21523102,-,caller=T420;usb0: HOST MAC xx:xx:xx:xx:xx:xx
6,1283,21523115,-,caller=T420;usb0: MAC xx:xx:xx:xx:xx:xx
6,1284,21527826,-,caller=T420;dwc3 a600000.dwc3: Set IRQ thread:irq/301-dwc3 pid:422 to SCHED_NORMAL prio
 SUBSYSTEM=platform
 DEVICE=+platform:a600000.dwc3
3,1285,22072216,-,caller=T201;msm-usb-hsphy 88e3000.hsphy: Could not get usb psy
 SUBSYSTEM=platform
 DEVICE=+platform:88e3000.hsphy
6,1286,22195162,-,caller=T201;android_work: sent uevent USB_STATE=CONNECTED
3,1287,22234288,-,caller=T201;msm-usb-hsphy 88e3000.hsphy: Could not get usb psy
 SUBSYSTEM=platform
 DEVICE=+platform:88e3000.hsphy
6,1288,22234300,-,caller=T201;android_work: sent uevent USB_STATE=CONFIGURED
5,1289,22784901,-,caller=T62;sd 0:0:0:2: [sdc] Synchronizing SCSI cache
 SUBSYSTEM=scsi
 DEVICE=+scsi:0:0:0:2
5,1290,22784957,-,caller=T58;sd 0:0:0:5: [sdf] Synchronizing SCSI cache
 SUBSYSTEM=scsi
 DEVICE=+scsi:0:0:0:5
5,1291,22784963,-,caller=T416;sd 0:0:0:3: [sdd] Synchronizing SCSI cache
 SUBSYSTEM=scsi
 DEVICE=+scsi:0:0:0:3
5,1292,23133239,-,caller=T39;sd 0:0:0:1: [sdb] Synchronizing SCSI cache
 SUBSYSTEM=scsi
 DEVICE=+scsi:0:0:0:1
9,1293,23529481,-,caller=T420;nx679j: journal mirror: 45154 bytes (file open, kmsg=3 pmsg=4 rd=8)
9,1294,23540556,-,caller=T423;nx679j: journal mirror: 45367 bytes (file open, kmsg=3 pmsg=4 rd=8)
9,1295,23590705,-,caller=T425;nx679j: journal mirror: 45602 bytes (file open, kmsg=3 pmsg=4 rd=8)
9,1296,23641717,-,caller=T427;nx679j: journal mirror: 45757 bytes (file open, kmsg=3 pmsg=4 rd=8)
5,1297,23792896,-,caller=T62;sd 0:0:0:4: [sde] Synchronizing SCSI cache
 SUBSYSTEM=scsi
 DEVICE=+scsi:0:0:0:4
6,1298,26614249,-,caller=T198;(virq:irq_count)- 2:3996 11:2833 1:1833 6:451 30:322 35:205 301:105 21:11 37:7 28:3 
6,1299,26614257,-,caller=T198;(cpu:irq_count)- 0:1623 1:901 2:588 3:473 4:923 5:1029 6:982 7:3257 
6,1300,26614261,-,caller=T198;(ipi:irq_count)- 0:1833 1:3996 2:0 3:0 4:0 5:451 6:0 
5,1301,27352899,-,caller=T62;sd 0:0:0:0: [sda] Synchronizing SCSI cache
 SUBSYSTEM=scsi
 DEVICE=+scsi:0:0:0:0
4,1302,27354967,-,caller=C7;scsi 0:0:0:49488: Power-on or device reset occurred
 SUBSYSTEM=scsi
 DEVICE=+scsi:0:0:0:49488
9,1303,27725389,-,caller=T470;nx679j: journal mirror: 46656 bytes (file open, kmsg=3 pmsg=4 rd=8)
9,1304,29777464,-,caller=T471;nx679j: journal mirror: 47304 bytes (file open, kmsg=3 pmsg=4 rd=8)
6,1305,31733874,-,caller=T62;display_panel_avdd: disabling
9,1306,31817086,-,caller=T478;nx679j: journal mirror: 48796 bytes (file open, kmsg=3 pmsg=4 rd=8)
5,1307,33714509,-,caller=T554;random: jshn: uninitialized urandom read (4 bytes read)
5,1308,33718300,-,caller=T557;random: jshn: uninitialized urandom read (4 bytes read)
5,1309,33719881,-,caller=T560;random: jshn: uninitialized urandom read (4 bytes read)
9,1310,33853891,-,caller=T491;nx679j: journal mirror: 62723 bytes (file open, kmsg=3 pmsg=4 rd=8)
9,1311,35889226,-,caller=T866;nx679j: journal mirror: 262143 bytes (file open, kmsg=3 pmsg=4 rd=8)
6,1312,36084924,-,caller=T198;(virq:irq_count)- 1:10962 2:4233 11:4204 6:981 30:347 35:308 301:117 37:31 21:11 28:3 
6,1313,36084931,-,caller=T198;(cpu:irq_count)- 0:2045 1:901 2:590 3:473 4:1995 5:2040 6:1811 7:11352 
6,1314,36084934,-,caller=T198;(ipi:irq_count)- 0:10962 1:4233 2:0 3:0 4:0 5:981 6:0 
4,1315,37762171,-,caller=T7930;urandom_read: 6 callbacks suppressed
5,1316,37762173,-,caller=T7930;random: jshn: uninitialized urandom read (4 bytes read)
9,1317,37944258,-,caller=T4631;nx679j: journal mirror: 262143 bytes (file open, kmsg=3 pmsg=4 rd=8)
9,1318,40000682,-,caller=T7935;nx679j: journal mirror: 262143 bytes (file open, kmsg=3 pmsg=4 rd=8)
5,1319,41432878,-,caller=C7;random: crng init done
9,1320,42037620,-,caller=T7938;nx679j: journal mirror: 262143 bytes (file open, kmsg=3 pmsg=4 rd=8)
9,1321,44066144,-,caller=T7940;nx679j: journal mirror: 262143 bytes (file open, kmsg=3 pmsg=4 rd=8)
6,1322,45557889,-,caller=T198;(virq:irq_count)- 1:17334 11:5522 2:4490 6:1490 35:382 30:359 301:119 37:42 21:11 28:3 
6,1323,45557895,-,caller=T198;(cpu:irq_count)- 0:2415 1:901 2:590 3:473 4:2748 5:2766 6:2453 7:17416 
6,1324,45557898,-,caller=T198;(ipi:irq_count)- 0:17334 1:4490 2:0 3:0 4:0 5:1490 6:0 
9,1325,46103298,-,caller=T7941;nx679j: journal mirror: 262143 bytes (file open, kmsg=3 pmsg=4 rd=8)
9,1326,48139213,-,caller=T7943;nx679j: journal mirror: 262143 bytes (file open, kmsg=3 pmsg=4 rd=8)
9,1327,50179182,-,caller=T7944;nx679j: journal mirror: 262143 bytes (file open, kmsg=3 pmsg=4 rd=8)
9,1328,52215035,-,caller=T7948;nx679j: journal mirror: 262143 bytes (file open, kmsg=3 pmsg=4 rd=8)
9,1329,54256485,-,caller=T7949;nx679j: journal mirror: 262143 bytes (file open, kmsg=3 pmsg=4 rd=8)
6,1330,55029770,-,caller=T383;(virq:irq_count)- 1:17420 11:5908 2:4554 6:1777 35:420 30:374 301:153 37:42 21:11 28:3 
6,1331,55029776,-,caller=T383;(cpu:irq_count)- 0:2592 1:901 2:590 3:473 4:2758 5:2769 6:2457 7:18132 
6,1332,55029779,-,caller=T383;(ipi:irq_count)- 0:17420 1:4554 2:0 3:0 4:0 5:1777 6:0 
9,1333,56292129,-,caller=T7950;nx679j: journal mirror: 262143 bytes (file open, kmsg=3 pmsg=4 rd=8)
9,1334,58327038,-,caller=T7951;nx679j: journal mirror: 262143 bytes (file open, kmsg=3 pmsg=4 rd=8)
9,1335,60364515,-,caller=T7952;nx679j: journal mirror: 262143 bytes (file open, kmsg=3 pmsg=4 rd=8)
9,1336,62404624,-,caller=T7953;nx679j: journal mirror: 262143 bytes (file open, kmsg=3 pmsg=4 rd=8)
9,1337,64442535,-,caller=T7954;nx679j: journal mirror: 262143 bytes (file open, kmsg=3 pmsg=4 rd=8)
6,1338,64501857,-,caller=T198;(virq:irq_count)- 1:17482 11:6250 2:4618 6:2041 35:448 30:389 301:156 37:42 21:11 28:3 
6,1339,64501863,-,caller=T198;(cpu:irq_count)- 0:2714 1:901 2:590 3:473 4:2760 5:2773 6:2461 7:18778 
6,1340,64501866,-,caller=T198;(ipi:irq_count)- 0:17482 1:4618 2:0 3:0 4:0 5:2041 6:0 
9,1341,66478885,-,caller=T7960;nx679j: journal mirror: 262143 bytes (file open, kmsg=3 pmsg=4 rd=8)
9,1342,68517265,-,caller=T7961;nx679j: journal mirror: 262143 bytes (file open, kmsg=3 pmsg=4 rd=8)
9,1343,70556256,-,caller=T7962;nx679j: journal mirror: 262143 bytes (file open, kmsg=3 pmsg=4 rd=8)
9,1344,72594762,-,caller=T7963;nx679j: journal mirror: 262143 bytes (file open, kmsg=3 pmsg=4 rd=8)
6,1345,73973883,-,caller=T378;(virq:irq_count)- 1:17525 11:6571 2:4678 6:2291 35:472 30:401 301:159 37:42 21:11 28:3 
6,1346,73973889,-,caller=T378;(cpu:irq_count)- 0:2824 1:901 2:590 3:473 4:2760 5:2773 6:2461 7:19381 
6,1347,73973892,-,caller=T378;(ipi:irq_count)- 0:17525 1:4678 2:0 3:0 4:0 5:2291 6:0 
9,1348,74635248,-,caller=T7964;nx679j: journal mirror: 262143 bytes (file open, kmsg=3 pmsg=4 rd=8)
9,1349,76670488,-,caller=T7965;nx679j: journal mirror: 262143 bytes (file open, kmsg=3 pmsg=4 rd=8)
9,1350,78707447,-,caller=T7966;nx679j: journal mirror: 262143 bytes (file open, kmsg=3 pmsg=4 rd=8)
9,1351,80745921,-,caller=T7967;nx679j: journal mirror: 262143 bytes (file open, kmsg=3 pmsg=4 rd=8)
9,1352,82777553,-,caller=T7978;nx679j: journal mirror: 262143 bytes (file open, kmsg=3 pmsg=4 rd=8)
6,1353,83444926,-,caller=T198;(virq:irq_count)- 1:18170 11:7119 2:4789 6:2608 301:874 35:517 30:450 37:44 21:11 28:3 
6,1354,83444934,-,caller=T198;(cpu:irq_count)- 0:3843 1:912 2:592 3:475 4:2777 5:2790 6:2502 7:20704 
6,1355,83444939,-,caller=T198;(ipi:irq_count)- 0:18170 1:4789 2:0 3:0 4:0 5:2608 6:0 
9,1356,84787451,-,caller=T7979;nx679j: journal mirror: 262143 bytes (file open, kmsg=3 pmsg=4 rd=8)
9,1357,86818951,-,caller=T7980;nx679j: journal mirror: 262143 bytes (file open, kmsg=3 pmsg=4 rd=8)
9,1358,88857822,-,caller=T7981;nx679j: journal mirror: 262143 bytes (file open, kmsg=3 pmsg=4 rd=8)
9,1359,90893844,-,caller=T7982;nx679j: journal mirror: 262143 bytes (file open, kmsg=3 pmsg=4 rd=8)
6,1360,92917654,-,caller=T379;(virq:irq_count)- 1:18210 11:7435 2:4844 6:2861 301:875 35:539 30:462 37:44 21:11 28:3 
6,1361,92917661,-,caller=T379;(cpu:irq_count)- 0:3941 1:913 2:592 3:475 4:2777 5:2790 6:2502 7:21304 
6,1362,92917664,-,caller=T379;(ipi:irq_count)- 0:18210 1:4844 2:0 3:0 4:0 5:2861 6:0 
9,1363,92932860,-,caller=T7983;nx679j: journal mirror: 262143 bytes (file open, kmsg=3 pmsg=4 rd=8)
9,1364,94970849,-,caller=T7984;nx679j: journal mirror: 262143 bytes (file open, kmsg=3 pmsg=4 rd=8)
9,1365,97007574,-,caller=T7985;nx679j: journal mirror: 262143 bytes (file open, kmsg=3 pmsg=4 rd=8)
9,1366,99044726,-,caller=T7986;nx679j: journal mirror: 262143 bytes (file open, kmsg=3 pmsg=4 rd=8)
9,1367,101078799,-,caller=T7987;nx679j: journal mirror: 262143 bytes (file open, kmsg=3 pmsg=4 rd=8)
6,1368,102388940,-,caller=T378;(virq:irq_count)- 1:18257 11:7772 2:4909 6:3128 301:879 35:563 30:477 37:44 21:11 28:3 
6,1369,102388947,-,caller=T378;(cpu:irq_count)- 0:4060 1:913 2:592 3:475 4:2777 5:2790 6:2502 7:21944 
6,1370,102388949,-,caller=T378;(ipi:irq_count)- 0:18257 1:4909 2:0 3:0 4:0 5:3128 6:0 
9,1371,103118623,-,caller=T7988;nx679j: journal mirror: 262143 bytes (file open, kmsg=3 pmsg=4 rd=8)
9,1372,105155235,-,caller=T7989;nx679j: journal mirror: 262143 bytes (file open, kmsg=3 pmsg=4 rd=8)
9,1373,107193211,-,caller=T7990;nx679j: journal mirror: 262143 bytes (file open, kmsg=3 pmsg=4 rd=8)
9,1374,109231122,-,caller=T7991;nx679j: journal mirror: 262143 bytes (file open, kmsg=3 pmsg=4 rd=8)
9,1375,111268193,-,caller=T7992;nx679j: journal mirror: 262143 bytes (file open, kmsg=3 pmsg=4 rd=8)
6,1376,111861773,-,caller=T378;(virq:irq_count)- 1:18304 11:8104 2:4975 6:3394 301:879 35:591 30:492 37:44 21:11 28:3 
6,1377,111861779,-,caller=T378;(cpu:irq_count)- 0:4177 1:913 2:592 3:475 4:2777 5:2790 6:2502 7:22581 
6,1378,111861782,-,caller=T378;(ipi:irq_count)- 0:18304 1:4975 2:0 3:0 4:0 5:3394 6:0 
9,1379,113305199,-,caller=T7993;nx679j: journal mirror: 262143 bytes (file open, kmsg=3 pmsg=4 rd=8)
9,1380,115341434,-,caller=T7994;nx679j: journal mirror: 262143 bytes (file open, kmsg=3 pmsg=4 rd=8)
9,1381,117378378,-,caller=T7995;nx679j: journal mirror: 262143 bytes (file open, kmsg=3 pmsg=4 rd=8)
9,1382,119415586,-,caller=T7996;nx679j: journal mirror: 262143 bytes (file open, kmsg=3 pmsg=4 rd=8)
6,1383,121333882,-,caller=T198;(virq:irq_count)- 1:18342 11:8418 2:5021 6:3642 301:879 35:611 30:504 37:44 21:11 28:3 
6,1384,121333890,-,caller=T198;(cpu:irq_count)- 0:4264 1:913 2:592 3:475 4:2779 5:2790 6:2502 7:23170 
6,1385,121333895,-,caller=T198;(ipi:irq_count)- 0:18342 1:5021 2:0 3:0 4:0 5:3642 6:0 
9,1386,121451649,-,caller=T7997;nx679j: journal mirror: 262143 bytes (file open, kmsg=3 pmsg=4 rd=8)
9,1387,123489026,-,caller=T7998;nx679j: journal mirror: 262143 bytes (file open, kmsg=3 pmsg=4 rd=8)
9,1388,125527337,-,caller=T7999;nx679j: journal mirror: 262143 bytes (file open, kmsg=3 pmsg=4 rd=8)
9,1389,127565597,-,caller=T8000;nx679j: journal mirror: 262143 bytes (file open, kmsg=3 pmsg=4 rd=8)
9,1390,129603895,-,caller=T8001;nx679j: journal mirror: 262143 bytes (file open, kmsg=3 pmsg=4 rd=8)
6,1391,130805813,-,caller=T198;(virq:irq_count)- 1:18394 11:8751 2:5087 6:3908 301:882 35:639 30:519 37:44 21:11 28:3 
6,1392,130805820,-,caller=T198;(cpu:irq_count)- 0:4389 1:913 2:592 3:477 4:2779 5:2790 6:2502 7:23806 
6,1393,130805823,-,caller=T198;(ipi:irq_count)- 0:18394 1:5087 2:0 3:0 4:0 5:3908 6:0 
9,1394,131642560,-,caller=T8002;nx679j: journal mirror: 262143 bytes (file open, kmsg=3 pmsg=4 rd=8)
9,1395,133681796,-,caller=T8003;nx679j: journal mirror: 262143 bytes (file open, kmsg=3 pmsg=4 rd=8)
9,1396,135719441,-,caller=T8004;nx679j: journal mirror: 262143 bytes (file open, kmsg=3 pmsg=4 rd=8)
9,1397,137757791,-,caller=T8005;nx679j: journal mirror: 262143 bytes (file open, kmsg=3 pmsg=4 rd=8)
9,1398,139795960,-,caller=T8006;nx679j: journal mirror: 262143 bytes (file open, kmsg=3 pmsg=4 rd=8)
6,1399,140277860,-,caller=T198;(virq:irq_count)- 1:18444 11:9085 2:5149 6:4173 301:886 35:667 30:534 37:44 21:11 28:3 
6,1400,140277867,-,caller=T198;(cpu:irq_count)- 0:4509 1:913 2:592 3:477 4:2779 5:2790 6:2502 7:24444 
6,1401,140277870,-,caller=T198;(ipi:irq_count)- 0:18444 1:5149 2:0 3:0 4:0 5:4173 6:0 
9,1402,141832469,-,caller=T8007;nx679j: journal mirror: 262143 bytes (file open, kmsg=3 pmsg=4 rd=8)
9,1403,143870082,-,caller=T8008;nx679j: journal mirror: 262143 bytes (file open, kmsg=3 pmsg=4 rd=8)
9,1404,145909737,-,caller=T8009;nx679j: journal mirror: 262143 bytes (file open, kmsg=3 pmsg=4 rd=8)
9,1405,147947836,-,caller=T8010;nx679j: journal mirror: 262143 bytes (file open, kmsg=3 pmsg=4 rd=8)
6,1406,149749867,-,caller=T379;(virq:irq_count)- 1:18485 11:9408 2:5205 6:4435 301:890 35:689 30:546 37:44 21:11 28:3 
6,1407,149749873,-,caller=T379;(cpu:irq_count)- 0:4619 1:913 2:592 3:477 4:2779 5:2790 6:2502 7:25054 
6,1408,149749876,-,caller=T379;(ipi:irq_count)- 0:18485 1:5205 2:0 3:0 4:0 5:4435 6:0 
9,1409,149982599,-,caller=T8011;nx679j: journal mirror: 262143 bytes (file open, kmsg=3 pmsg=4 rd=8)
9,1410,152020198,-,caller=T8012;nx679j: journal mirror: 262143 bytes (file open, kmsg=3 pmsg=4 rd=8)
9,1411,154058498,-,caller=T8013;nx679j: journal mirror: 262143 bytes (file open, kmsg=3 pmsg=4 rd=8)
9,1412,156095573,-,caller=T8014;nx679j: journal mirror: 262143 bytes (file open, kmsg=3 pmsg=4 rd=8)
9,1413,158134136,-,caller=T8015;nx679j: journal mirror: 262143 bytes (file open, kmsg=3 pmsg=4 rd=8)
6,1414,159221860,-,caller=T198;(virq:irq_count)- 1:18536 11:9741 2:5267 6:4694 301:895 35:715 30:561 37:44 21:11 28:3 
6,1415,159221867,-,caller=T198;(cpu:irq_count)- 0:4738 1:913 2:592 3:477 4:2779 5:2791 6:2502 7:25685 
6,1416,159221870,-,caller=T198;(ipi:irq_count)- 0:18536 1:5267 2:0 3:0 4:0 5:4694 6:0 
9,1417,160173595,-,caller=T8016;nx679j: journal mirror: 262143 bytes (file open, kmsg=3 pmsg=4 rd=8)
9,1418,162209877,-,caller=T8017;nx679j: journal mirror: 262143 bytes (file open, kmsg=3 pmsg=4 rd=8)
9,1419,164247213,-,caller=T8018;nx679j: journal mirror: 262143 bytes (file open, kmsg=3 pmsg=4 rd=8)
9,1420,166285505,-,caller=T8019;nx679j: journal mirror: 262143 bytes (file open, kmsg=3 pmsg=4 rd=8)
9,1421,168324063,-,caller=T8020;nx679j: journal mirror: 262143 bytes (file open, kmsg=3 pmsg=4 rd=8)
6,1422,168693769,-,caller=T379;(virq:irq_count)- 1:18585 11:10084 2:5339 6:4962 301:898 35:741 30:576 37:44 21:11 28:3 
6,1423,168693775,-,caller=T379;(cpu:irq_count)- 0:4864 1:914 2:592 3:477 4:2779 5:2791 6:2502 7:26334 
6,1424,168693778,-,caller=T379;(ipi:irq_count)- 0:18585 1:5339 2:0 3:0 4:0 5:4962 6:0 
9,1425,170360267,-,caller=T8021;nx679j: journal mirror: 262143 bytes (file open, kmsg=3 pmsg=4 rd=8)
9,1426,172398781,-,caller=T8022;nx679j: journal mirror: 262143 bytes (file open, kmsg=3 pmsg=4 rd=8)
9,1427,174437018,-,caller=T8023;nx679j: journal mirror: 262143 bytes (file open, kmsg=3 pmsg=4 rd=8)
9,1428,176473471,-,caller=T8024;nx679j: journal mirror: 262143 bytes (file open, kmsg=3 pmsg=4 rd=8)
6,1429,178165877,-,caller=T378;(virq:irq_count)- 1:18623 11:10407 2:5398 6:5222 301:901 35:763 30:588 37:44 21:11 28:3 
6,1430,178165884,-,caller=T378;(cpu:irq_count)- 0:4964 1:914 2:592 3:477 4:2779 5:2791 6:2502 7:26951 
6,1431,178165887,-,caller=T378;(ipi:irq_count)- 0:18623 1:5398 2:0 3:0 4:0 5:5222 6:0 
9,1432,178511569,-,caller=T8025;nx679j: journal mirror: 262143 bytes (file open, kmsg=3 pmsg=4 rd=8)
9,1433,180551168,-,caller=T8026;nx679j: journal mirror: 262143 bytes (file open, kmsg=3 pmsg=4 rd=8)
9,1434,182587938,-,caller=T8027;nx679j: journal mirror: 262143 bytes (file open, kmsg=3 pmsg=4 rd=8)
9,1435,184626370,-,caller=T8028;nx679j: journal mirror: 262143 bytes (file open, kmsg=3 pmsg=4 rd=8)
9,1436,186662680,-,caller=T8029;nx679j: journal mirror: 262143 bytes (file open, kmsg=3 pmsg=4 rd=8)
6,1437,187637853,-,caller=T379;(virq:irq_count)- 1:18670 11:10740 6:5481 2:5464 301:904 35:791 30:603 37:44 21:11 28:3 
6,1438,187637859,-,caller=T379;(cpu:irq_count)- 0:5080 1:914 2:592 3:477 4:2779 5:2791 6:2502 7:27586 
6,1439,187637862,-,caller=T379;(ipi:irq_count)- 0:18670 1:5464 2:0 3:0 4:0 5:5481 6:0 
9,1440,188699849,-,caller=T8030;nx679j: journal mirror: 262143 bytes (file open, kmsg=3 pmsg=4 rd=8)
9,1441,190736444,-,caller=T8031;nx679j: journal mirror: 262143 bytes (file open, kmsg=3 pmsg=4 rd=8)
9,1442,192773491,-,caller=T8032;nx679j: journal mirror: 262143 bytes (file open, kmsg=3 pmsg=4 rd=8)
9,1443,194810854,-,caller=T8033;nx679j: journal mirror: 262143 bytes (file open, kmsg=3 pmsg=4 rd=8)
9,1444,196847213,-,caller=T8034;nx679j: journal mirror: 262143 bytes (file open, kmsg=3 pmsg=4 rd=8)
6,1445,197109880,-,caller=T378;(virq:irq_count)- 1:18718 11:11077 6:5747 2:5531 301:910 35:817 30:618 37:44 21:11 28:3 
6,1446,197109886,-,caller=T378;(cpu:irq_count)- 0:5200 1:914 2:592 3:477 4:2779 5:2791 6:2502 7:28231 
6,1447,197109888,-,caller=T378;(ipi:irq_count)- 0:18718 1:5531 2:0 3:0 4:0 5:5747 6:0 
9,1448,198886683,-,caller=T8035;nx679j: journal mirror: 262143 bytes (file open, kmsg=3 pmsg=4 rd=8)
9,1449,200922085,-,caller=T8036;nx679j: journal mirror: 262143 bytes (file open, kmsg=3 pmsg=4 rd=8)
9,1450,202962233,-,caller=T8037;nx679j: journal mirror: 262143 bytes (file open, kmsg=3 pmsg=4 rd=8)
9,1451,205001558,-,caller=T8038;nx679j: journal mirror: 262143 bytes (file open, kmsg=3 pmsg=4 rd=8)
6,1452,206581864,-,caller=T198;(virq:irq_count)- 1:18753 11:11394 6:5994 2:5587 301:910 35:839 30:630 37:44 21:11 28:3 
6,1453,206581871,-,caller=T198;(cpu:irq_count)- 0:5290 1:914 2:592 3:477 4:2779 5:2791 6:2502 7:28830 
6,1454,206581874,-,caller=T198;(ipi:irq_count)- 0:18753 1:5587 2:0 3:0 4:0 5:5994 6:0 
9,1455,207038908,-,caller=T8039;nx679j: journal mirror: 262143 bytes (file open, kmsg=3 pmsg=4 rd=8)
9,1456,209077353,-,caller=T8040;nx679j: journal mirror: 262143 bytes (file open, kmsg=3 pmsg=4 rd=8)
9,1457,211113836,-,caller=T8041;nx679j: journal mirror: 262143 bytes (file open, kmsg=3 pmsg=4 rd=8)
9,1458,213152182,-,caller=T8042;nx679j: journal mirror: 262143 bytes (file open, kmsg=3 pmsg=4 rd=8)
9,1459,215189876,-,caller=T8043;nx679j: journal mirror: 262143 bytes (file open, kmsg=3 pmsg=4 rd=8)
6,1460,216053871,-,caller=T198;(virq:irq_count)- 1:18796 11:11724 6:6249 2:5641 301:913 35:863 30:645 37:44 21:11 28:3 
6,1461,216053878,-,caller=T198;(cpu:irq_count)- 0:5389 1:914 2:592 3:477 4:2779 5:2791 6:2502 7:29455 
6,1462,216053882,-,caller=T198;(ipi:irq_count)- 0:18796 1:5641 2:0 3:0 4:0 5:6249 6:0 
9,1463,217229231,-,caller=T8044;nx679j: journal mirror: 262143 bytes (file open, kmsg=3 pmsg=4 rd=8)
9,1464,219267318,-,caller=T8045;nx679j: journal mirror: 262143 bytes (file open, kmsg=3 pmsg=4 rd=8)
9,1465,221303543,-,caller=T8046;nx679j: journal mirror: 262143 bytes (file open, kmsg=3 pmsg=4 rd=8)
9,1466,223340374,-,caller=T8047;nx679j: journal mirror: 262143 bytes (file open, kmsg=3 pmsg=4 rd=8)
9,1467,225379085,-,caller=T8048;nx679j: journal mirror: 262143 bytes (file open, kmsg=3 pmsg=4 rd=8)
6,1468,225525847,-,caller=T383;(virq:irq_count)- 1:18839 11:12057 6:6511 2:5707 301:913 35:887 30:660 37:44 21:11 28:3 
6,1469,225525854,-,caller=T383;(cpu:irq_count)- 0:5494 1:914 2:592 3:477 4:2779 5:2791 6:2502 7:30093 
6,1470,225525857,-,caller=T383;(ipi:irq_count)- 0:18839 1:5707 2:0 3:0 4:0 5:6511 6:0 
9,1471,227416427,-,caller=T8049;nx679j: journal mirror: 262143 bytes (file open, kmsg=3 pmsg=4 rd=8)
9,1472,229455656,-,caller=T8050;nx679j: journal mirror: 262143 bytes (file open, kmsg=3 pmsg=4 rd=8)
9,1473,231492268,-,caller=T8051;nx679j: journal mirror: 262143 bytes (file open, kmsg=3 pmsg=4 rd=8)
9,1474,233530570,-,caller=T8052;nx679j: journal mirror: 262143 bytes (file open, kmsg=3 pmsg=4 rd=8)
6,1475,234996937,-,caller=T383;(virq:irq_count)- 1:18876 11:12373 6:6767 2:5772 301:913 35:909 30:672 37:44 21:11 28:3 
6,1476,234996943,-,caller=T383;(cpu:irq_count)- 0:5593 1:914 2:592 3:478 4:2781 5:2791 6:2502 7:30699 
6,1477,234996946,-,caller=T383;(ipi:irq_count)- 0:18876 1:5772 2:0 3:0 4:0 5:6767 6:0 
9,1478,235568089,-,caller=T8053;nx679j: journal mirror: 262143 bytes (file open, kmsg=3 pmsg=4 rd=8)
9,1479,237605134,-,caller=T8054;nx679j: journal mirror: 262143 bytes (file open, kmsg=3 pmsg=4 rd=8)
9,1480,239644054,-,caller=T8055;nx679j: journal mirror: 262143 bytes (file open, kmsg=3 pmsg=4 rd=8)
9,1481,241681001,-,caller=T8056;nx679j: journal mirror: 262143 bytes (file open, kmsg=3 pmsg=4 rd=8)
9,1482,243717756,-,caller=T8057;nx679j: journal mirror: 262143 bytes (file open, kmsg=3 pmsg=4 rd=8)
6,1483,244468932,-,caller=T378;(virq:irq_count)- 1:18922 11:12706 6:7020 2:5840 35:935 301:916 30:687 37:44 21:11 28:3 
6,1484,244468940,-,caller=T378;(cpu:irq_count)- 0:5709 1:914 2:592 3:478 4:2781 5:2791 6:2502 7:31327 
6,1485,244468944,-,caller=T378;(ipi:irq_count)- 0:18922 1:5840 2:0 3:0 4:0 5:7020 6:0 
9,1486,245754261,-,caller=T8058;nx679j: journal mirror: 262143 bytes (file open, kmsg=3 pmsg=4 rd=8)
9,1487,247794239,-,caller=T8059;nx679j: journal mirror: 262143 bytes (file open, kmsg=3 pmsg=4 rd=8)
9,1488,249831803,-,caller=T8060;nx679j: journal mirror: 262143 bytes (file open, kmsg=3 pmsg=4 rd=8)
9,1489,251869231,-,caller=T8061;nx679j: journal mirror: 262143 bytes (file open, kmsg=3 pmsg=4 rd=8)
9,1490,253907205,-,caller=T8062;nx679j: journal mirror: 262143 bytes (file open, kmsg=3 pmsg=4 rd=8)
6,1491,253941822,-,caller=T379;(virq:irq_count)- 1:18969 11:13028 6:7277 2:5903 35:961 301:918 30:702 37:44 21:11 28:3 
6,1492,253941828,-,caller=T379;(cpu:irq_count)- 0:5817 1:914 2:592 3:478 4:2781 5:2791 6:2502 7:31951 
6,1493,253941831,-,caller=T379;(ipi:irq_count)- 0:18969 1:5903 2:0 3:0 4:0 5:7277 6:0 
9,1494,255944018,-,caller=T8063;nx679j: journal mirror: 262143 bytes (file open, kmsg=3 pmsg=4 rd=8)
9,1495,257982168,-,caller=T8064;nx679j: journal mirror: 262143 bytes (file open, kmsg=3 pmsg=4 rd=8)
9,1496,260019765,-,caller=T8065;nx679j: journal mirror: 262143 bytes (file open, kmsg=3 pmsg=4 rd=8)
9,1497,262056132,-,caller=T8066;nx679j: journal mirror: 262143 bytes (file open, kmsg=3 pmsg=4 rd=8)
6,1498,263413786,-,caller=T198;(virq:irq_count)- 1:19006 11:13345 6:7530 2:5957 35:983 301:918 30:714 37:44 21:11 28:3 
6,1499,263413792,-,caller=T198;(cpu:irq_count)- 0:5905 1:914 2:592 3:478 4:2781 5:2791 6:2502 7:32558 
6,1500,263413795,-,caller=T198;(ipi:irq_count)- 0:19006 1:5957 2:0 3:0 4:0 5:7530 6:0 
9,1501,264095073,-,caller=T8067;nx679j: journal mirror: 262143 bytes (file open, kmsg=3 pmsg=4 rd=8)
9,1502,266132352,-,caller=T8068;nx679j: journal mirror: 262143 bytes (file open, kmsg=3 pmsg=4 rd=8)
9,1503,268170436,-,caller=T8069;nx679j: journal mirror: 262143 bytes (file open, kmsg=3 pmsg=4 rd=8)
9,1504,270207875,-,caller=T8070;nx679j: journal mirror: 262143 bytes (file open, kmsg=3 pmsg=4 rd=8)
9,1505,272243996,-,caller=T8071;nx679j: journal mirror: 262143 bytes (file open, kmsg=3 pmsg=4 rd=8)
6,1506,272885876,-,caller=T378;(virq:irq_count)- 1:19057 11:13676 6:7793 2:6019 35:1011 301:925 30:729 37:44 21:11 28:3 
6,1507,272885882,-,caller=T378;(cpu:irq_count)- 0:6026 1:914 2:592 3:478 4:2781 5:2791 6:2502 7:33194 
6,1508,272885885,-,caller=T378;(ipi:irq_count)- 0:19057 1:6019 2:0 3:0 4:0 5:7793 6:0 
9,1509,274280374,-,caller=T8072;nx679j: journal mirror: 262143 bytes (file open, kmsg=3 pmsg=4 rd=8)
9,1510,276317711,-,caller=T8073;nx679j: journal mirror: 262143 bytes (file open, kmsg=3 pmsg=4 rd=8)
9,1511,278355768,-,caller=T8074;nx679j: journal mirror: 262143 bytes (file open, kmsg=3 pmsg=4 rd=8)
9,1512,280395073,-,caller=T8075;nx679j: journal mirror: 262143 bytes (file open, kmsg=3 pmsg=4 rd=8)
6,1513,282357874,-,caller=T379;(virq:irq_count)- 1:19094 11:13998 6:8056 2:6084 35:1033 301:929 30:741 37:44 21:11 28:3 
6,1514,282357880,-,caller=T379;(cpu:irq_count)- 0:6132 1:914 2:592 3:478 4:2781 5:2791 6:2502 7:33813 
6,1515,282357883,-,caller=T379;(ipi:irq_count)- 0:19094 1:6084 2:0 3:0 4:0 5:8056 6:0 
9,1516,282432103,-,caller=T8076;nx679j: journal mirror: 262143 bytes (file open, kmsg=3 pmsg=4 rd=8)
9,1517,284470156,-,caller=T8077;nx679j: journal mirror: 262143 bytes (file open, kmsg=3 pmsg=4 rd=8)
9,1518,286507235,-,caller=T8078;nx679j: journal mirror: 262143 bytes (file open, kmsg=3 pmsg=4 rd=8)
9,1519,288544571,-,caller=T8079;nx679j: journal mirror: 262143 bytes (file open, kmsg=3 pmsg=4 rd=8)
9,1520,290582777,-,caller=T8080;nx679j: journal mirror: 262143 bytes (file open, kmsg=3 pmsg=4 rd=8)
6,1521,291829796,-,caller=T198;(virq:irq_count)- 1:19135 11:14330 6:8318 2:6145 35:1057 301:930 30:756 37:44 21:11 28:3 
6,1522,291829802,-,caller=T198;(cpu:irq_count)- 0:6234 1:914 2:592 3:478 4:2781 5:2791 6:2502 7:34447 
6,1523,291829805,-,caller=T198;(ipi:irq_count)- 0:19135 1:6145 2:0 3:0 4:0 5:8318 6:0 
9,1524,292619744,-,caller=T8081;nx679j: journal mirror: 262143 bytes (file open, kmsg=3 pmsg=4 rd=8)
9,1525,294656147,-,caller=T8082;nx679j: journal mirror: 262143 bytes (file open, kmsg=3 pmsg=4 rd=8)
9,1526,296695275,-,caller=T8083;nx679j: journal mirror: 262143 bytes (file open, kmsg=3 pmsg=4 rd=8)
9,1527,298733622,-,caller=T8084;nx679j: journal mirror: 262143 bytes (file open, kmsg=3 pmsg=4 rd=8)
9,1528,300771068,-,caller=T8085;nx679j: journal mirror: 262143 bytes (file open, kmsg=3 pmsg=4 rd=8)
6,1529,301301765,-,caller=T198;(virq:irq_count)- 1:19182 11:14669 6:8577 2:6210 35:1087 301:933 30:771 37:44 21:11 28:3 
6,1530,301301771,-,caller=T198;(cpu:irq_count)- 0:6349 1:914 2:592 3:478 4:2781 5:2791 6:2502 7:35090 
6,1531,301301774,-,caller=T198;(ipi:irq_count)- 0:19182 1:6210 2:0 3:0 4:0 5:8577 6:0 
9,1532,302806739,-,caller=T8086;nx679j: journal mirror: 262143 bytes (file open, kmsg=3 pmsg=4 rd=8)
9,1533,304846454,-,caller=T8087;nx679j: journal mirror: 262143 bytes (file open, kmsg=3 pmsg=4 rd=8)
9,1534,306883224,-,caller=T8088;nx679j: journal mirror: 262143 bytes (file open, kmsg=3 pmsg=4 rd=8)
9,1535,308921254,-,caller=T8089;nx679j: journal mirror: 262143 bytes (file open, kmsg=3 pmsg=4 rd=8)
6,1536,310773883,-,caller=T379;(virq:irq_count)- 1:19221 11:14978 6:8827 2:6258 35:1109 301:936 30:783 37:44 21:11 28:3 
6,1537,310773891,-,caller=T379;(cpu:irq_count)- 0:6439 1:915 2:592 3:478 4:2781 5:2791 6:2502 7:35682 
6,1538,310773895,-,caller=T379;(ipi:irq_count)- 0:19221 1:6258 2:0 3:0 4:0 5:8827 6:0 
9,1539,310958415,-,caller=T8090;nx679j: journal mirror: 262143 bytes (file open, kmsg=3 pmsg=4 rd=8)
9,1540,312995598,-,caller=T8091;nx679j: journal mirror: 262143 bytes (file open, kmsg=3 pmsg=4 rd=8)
9,1541,315034277,-,caller=T8092;nx679j: journal mirror: 262143 bytes (file open, kmsg=3 pmsg=4 rd=8)
9,1542,317072540,-,caller=T8093;nx679j: journal mirror: 262143 bytes (file open, kmsg=3 pmsg=4 rd=8)
9,1543,319111163,-,caller=T8094;nx679j: journal mirror: 262143 bytes (file open, kmsg=3 pmsg=4 rd=8)
6,1544,320245807,-,caller=T379;(virq:irq_count)- 1:19270 11:15311 6:9090 2:6318 35:1137 301:940 30:798 37:44 21:11 28:3 
6,1545,320245815,-,caller=T379;(cpu:irq_count)- 0:6551 1:915 2:592 3:478 4:2781 5:2791 6:2502 7:36322 
6,1546,320245819,-,caller=T379;(ipi:irq_count)- 0:19270 1:6318 2:0 3:0 4:0 5:9090 6:0 
9,1547,321149361,-,caller=T8095;nx679j: journal mirror: 262143 bytes (file open, kmsg=3 pmsg=4 rd=8)
9,1548,323183463,-,caller=T8096;nx679j: journal mirror: 262143 bytes (file open, kmsg=3 pmsg=4 rd=8)
9,1549,325199384,-,caller=T8097;nx679j: journal mirror: 262143 bytes (file open, kmsg=3 pmsg=4 rd=8)
9,1550,327213804,-,caller=T8098;nx679j: journal mirror: 262143 bytes (file open, kmsg=3 pmsg=4 rd=8)
9,1551,329229214,-,caller=T8099;nx679j: journal mirror: 262143 bytes (file open, kmsg=3 pmsg=4 rd=8)
6,1552,329717289,-,caller=T379;(virq:irq_count)- 1:19316 11:15650 6:9349 2:6382 35:1159 301:940 30:813 37:44 21:11 28:3 
6,1553,329717296,-,caller=T379;(cpu:irq_count)- 0:6651 1:915 2:592 3:478 4:2782 5:2793 6:2506 7:36960 
6,1554,329717299,-,caller=T379;(ipi:irq_count)- 0:19316 1:6382 2:0 3:0 4:0 5:9349 6:0 
9,1555,331245386,-,caller=T8100;nx679j: journal mirror: 262143 bytes (file open, kmsg=3 pmsg=4 rd=8)
9,1556,333277008,-,caller=T8101;nx679j: journal mirror: 262143 bytes (file open, kmsg=3 pmsg=4 rd=8)
9,1557,335315510,-,caller=T8102;nx679j: journal mirror: 262143 bytes (file open, kmsg=3 pmsg=4 rd=8)
9,1558,337353551,-,caller=T8103;nx679j: journal mirror: 262143 bytes (file open, kmsg=3 pmsg=4 rd=8)
6,1559,339189878,-,caller=T379;(virq:irq_count)- 1:19355 11:15975 6:9604 2:6448 35:1181 301:943 30:825 37:44 21:11 28:3 
6,1560,339189887,-,caller=T379;(cpu:irq_count)- 0:6755 1:915 2:592 3:478 4:2782 5:2793 6:2506 7:37578 
6,1561,339189891,-,caller=T379;(ipi:irq_count)- 0:19355 1:6448 2:0 3:0 4:0 5:9604 6:0 
9,1562,339391554,-,caller=T8104;nx679j: journal mirror: 262143 bytes (file open, kmsg=3 pmsg=4 rd=8)
9,1563,341429022,-,caller=T8105;nx679j: journal mirror: 262143 bytes (file open, kmsg=3 pmsg=4 rd=8)
9,1564,343465196,-,caller=T8106;nx679j: journal mirror: 262143 bytes (file open, kmsg=3 pmsg=4 rd=8)
9,1565,345502379,-,caller=T8107;nx679j: journal mirror: 262143 bytes (file open, kmsg=3 pmsg=4 rd=8)
9,1566,347539727,-,caller=T8108;nx679j: journal mirror: 262143 bytes (file open, kmsg=3 pmsg=4 rd=8)
6,1567,348661873,-,caller=T378;(virq:irq_count)- 1:19398 11:16306 6:9867 2:6513 35:1207 301:943 30:840 37:44 21:11 28:3 
6,1568,348661881,-,caller=T378;(cpu:irq_count)- 0:6861 1:915 2:592 3:479 4:2782 5:2793 6:2506 7:38214 
6,1569,348661885,-,caller=T378;(ipi:irq_count)- 0:19398 1:6513 2:0 3:0 4:0 5:9867 6:0 
9,1570,349577424,-,caller=T8109;nx679j: journal mirror: 262143 bytes (file open, kmsg=3 pmsg=4 rd=8)
9,1571,351614921,-,caller=T8110;nx679j: journal mirror: 262143 bytes (file open, kmsg=3 pmsg=4 rd=8)
9,1572,353649815,-,caller=T8111;nx679j: journal mirror: 262143 bytes (file open, kmsg=3 pmsg=4 rd=8)
9,1573,355688039,-,caller=T8112;nx679j: journal mirror: 262143 bytes (file open, kmsg=3 pmsg=4 rd=8)
9,1574,357725505,-,caller=T8113;nx679j: journal mirror: 262143 bytes (file open, kmsg=3 pmsg=4 rd=8)
6,1575,358133886,-,caller=T379;(virq:irq_count)- 1:19444 11:16645 6:10127 2:6584 35:1235 301:944 30:855 37:44 21:11 28:3 
6,1576,358133892,-,caller=T379;(cpu:irq_count)- 0:6979 1:915 2:592 3:479 4:2782 5:2793 6:2506 7:38856 
6,1577,358133895,-,caller=T379;(ipi:irq_count)- 0:19444 1:6584 2:0 3:0 4:0 5:10127 6:0 
9,1578,359764917,-,caller=T8114;nx679j: journal mirror: 262143 bytes (file open, kmsg=3 pmsg=4 rd=8)
9,1579,361802560,-,caller=T8115;nx679j: journal mirror: 262143 bytes (file open, kmsg=3 pmsg=4 rd=8)
9,1580,363839865,-,caller=T8116;nx679j: journal mirror: 262143 bytes (file open, kmsg=3 pmsg=4 rd=8)
9,1581,365877903,-,caller=T8117;nx679j: journal mirror: 262143 bytes (file open, kmsg=3 pmsg=4 rd=8)
6,1582,367605870,-,caller=T378;(virq:irq_count)- 1:19483 11:16962 6:10379 2:6654 35:1259 301:947 30:867 37:44 21:11 28:3 
6,1583,367605878,-,caller=T378;(cpu:irq_count)- 0:7092 1:915 2:592 3:479 4:2782 5:2793 6:2506 7:39460 
6,1584,367605881,-,caller=T378;(ipi:irq_count)- 0:19483 1:6654 2:0 3:0 4:0 5:10379 6:0 
9,1585,367915442,-,caller=T8118;nx679j: journal mirror: 262143 bytes (file open, kmsg=3 pmsg=4 rd=8)
9,1586,369955901,-,caller=T8119;nx679j: journal mirror: 262143 bytes (file open, kmsg=3 pmsg=4 rd=8)
9,1587,371992960,-,caller=T8120;nx679j: journal mirror: 262143 bytes (file open, kmsg=3 pmsg=4 rd=8)
9,1588,374029819,-,caller=T8121;nx679j: journal mirror: 262143 bytes (file open, kmsg=3 pmsg=4 rd=8)
9,1589,376069457,-,caller=T8122;nx679j: journal mirror: 262143 bytes (file open, kmsg=3 pmsg=4 rd=8)
6,1590,377076928,-,caller=T378;(virq:irq_count)- 1:19526 11:17292 6:10639 2:6711 35:1287 301:947 30:882 37:44 21:11 28:3 
6,1591,377076934,-,caller=T378;(cpu:irq_count)- 0:7192 1:915 2:592 3:479 4:2782 5:2793 6:2506 7:40093 
6,1592,377076937,-,caller=T378;(ipi:irq_count)- 0:19526 1:6711 2:0 3:0 4:0 5:10639 6:0 
9,1593,378105227,-,caller=T8123;nx679j: journal mirror: 262143 bytes (file open, kmsg=3 pmsg=4 rd=8)
9,1594,380145036,-,caller=T8124;nx679j: journal mirror: 262143 bytes (file open, kmsg=3 pmsg=4 rd=8)
9,1595,382183736,-,caller=T8125;nx679j: journal mirror: 262143 bytes (file open, kmsg=3 pmsg=4 rd=8)
9,1596,384218852,-,caller=T8126;nx679j: journal mirror: 262143 bytes (file open, kmsg=3 pmsg=4 rd=8)
9,1597,386256973,-,caller=T8127;nx679j: journal mirror: 262143 bytes (file open, kmsg=3 pmsg=4 rd=8)
6,1598,386548964,-,caller=T378;(virq:irq_count)- 1:19571 11:17621 6:10900 2:6775 35:1313 301:951 30:897 37:44 21:11 28:3 
6,1599,386548970,-,caller=T378;(cpu:irq_count)- 0:7306 1:915 2:592 3:479 4:2782 5:2793 6:2506 7:40723 
6,1600,386548973,-,caller=T378;(ipi:irq_count)- 0:19571 1:6775 2:0 3:0 4:0 5:10900 6:0 
9,1601,388294531,-,caller=T8128;nx679j: journal mirror: 262143 bytes (file open, kmsg=3 pmsg=4 rd=8)
9,1602,390333724,-,caller=T8129;nx679j: journal mirror: 262143 bytes (file open, kmsg=3 pmsg=4 rd=8)
9,1603,392371049,-,caller=T8130;nx679j: journal mirror: 262143 bytes (file open, kmsg=3 pmsg=4 rd=8)
9,1604,394408432,-,caller=T8131;nx679j: journal mirror: 262143 bytes (file open, kmsg=3 pmsg=4 rd=8)
6,1605,396021822,-,caller=T379;(virq:irq_count)- 1:19613 11:17948 6:11166 2:6840 35:1335 301:960 30:909 37:44 21:11 28:3 
6,1606,396021828,-,caller=T379;(cpu:irq_count)- 0:7426 1:915 2:592 3:479 4:2782 5:2793 6:2506 7:41346 
6,1607,396021831,-,caller=T379;(ipi:irq_count)- 0:19613 1:6840 2:0 3:0 4:0 5:11166 6:0 
9,1608,396446738,-,caller=T8132;nx679j: journal mirror: 262143 bytes (file open, kmsg=3 pmsg=4 rd=8)
9,1609,398485394,-,caller=T8133;nx679j: journal mirror: 262143 bytes (file open, kmsg=3 pmsg=4 rd=8)
9,1610,400523038,-,caller=T8134;nx679j: journal mirror: 262143 bytes (file open, kmsg=3 pmsg=4 rd=8)
9,1611,402560246,-,caller=T8135;nx679j: journal mirror: 262143 bytes (file open, kmsg=3 pmsg=4 rd=8)
9,1612,404597718,-,caller=T8136;nx679j: journal mirror: 262143 bytes (file open, kmsg=3 pmsg=4 rd=8)
6,1613,405493882,-,caller=T379;(virq:irq_count)- 1:19658 11:18282 6:11427 2:6902 35:1365 301:960 30:924 37:44 21:11 28:3 
6,1614,405493889,-,caller=T379;(cpu:irq_count)- 0:7533 1:915 2:592 3:479 4:2782 5:2793 6:2506 7:41986 
6,1615,405493892,-,caller=T379;(ipi:irq_count)- 0:19658 1:6902 2:0 3:0 4:0 5:11427 6:0 
9,1616,406635665,-,caller=T8137;nx679j: journal mirror: 262143 bytes (file open, kmsg=3 pmsg=4 rd=8)
9,1617,408672337,-,caller=T8138;nx679j: journal mirror: 262143 bytes (file open, kmsg=3 pmsg=4 rd=8)
9,1618,410711889,-,caller=T8139;nx679j: journal mirror: 262143 bytes (file open, kmsg=3 pmsg=4 rd=8)
9,1619,412751504,-,caller=T8140;nx679j: journal mirror: 262143 bytes (file open, kmsg=3 pmsg=4 rd=8)
9,1620,414787838,-,caller=T8141;nx679j: journal mirror: 262143 bytes (file open, kmsg=3 pmsg=4 rd=8)
6,1621,414964925,-,caller=T378;(virq:irq_count)- 1:19703 11:18613 6:11686 2:6972 35:1391 301:963 30:939 37:44 21:11 28:3 
6,1622,414964932,-,caller=T378;(cpu:irq_count)- 0:7651 1:915 2:592 3:479 4:2782 5:2793 6:2506 7:42617 
6,1623,414964935,-,caller=T378;(ipi:irq_count)- 0:19703 1:6972 2:0 3:0 4:0 5:11686 6:0 
9,1624,416824930,-,caller=T8142;nx679j: journal mirror: 262143 bytes (file open, kmsg=3 pmsg=4 rd=8)
9,1625,418862524,-,caller=T8143;nx679j: journal mirror: 262143 bytes (file open, kmsg=3 pmsg=4 rd=8)
9,1626,420900176,-,caller=T8144;nx679j: journal mirror: 262143 bytes (file open, kmsg=3 pmsg=4 rd=8)
9,1627,422938505,-,caller=T8145;nx679j: journal mirror: 262143 bytes (file open, kmsg=3 pmsg=4 rd=8)
6,1628,424437881,-,caller=T378;(virq:irq_count)- 1:19738 11:18929 6:11941 2:7032 35:1413 301:964 30:951 37:44 21:11 28:3 
6,1629,424437887,-,caller=T378;(cpu:irq_count)- 0:7747 1:915 2:592 3:479 4:2782 5:2793 6:2506 7:43222 
6,1630,424437890,-,caller=T378;(ipi:irq_count)- 0:19738 1:7032 2:0 3:0 4:0 5:11941 6:0 
9,1631,424975872,-,caller=T8146;nx679j: journal mirror: 262143 bytes (file open, kmsg=3 pmsg=4 rd=8)
9,1632,427012796,-,caller=T8147;nx679j: journal mirror: 262143 bytes (file open, kmsg=3 pmsg=4 rd=8)
9,1633,429049422,-,caller=T8148;nx679j: journal mirror: 262143 bytes (file open, kmsg=3 pmsg=4 rd=8)
9,1634,431089291,-,caller=T8149;nx679j: journal mirror: 262143 bytes (file open, kmsg=3 pmsg=4 rd=8)
9,1635,433125989,-,caller=T8150;nx679j: journal mirror: 262143 bytes (file open, kmsg=3 pmsg=4 rd=8)
6,1636,433909828,-,caller=T378;(virq:irq_count)- 1:19791 11:19261 6:12200 2:7097 35:1443 301:968 30:966 37:44 21:11 28:3 
6,1637,433909835,-,caller=T378;(cpu:irq_count)- 0:7865 1:915 2:592 3:479 4:2782 5:2793 6:2506 7:43862 
6,1638,433909838,-,caller=T378;(ipi:irq_count)- 0:19791 1:7097 2:0 3:0 4:0 5:12200 6:0 
9,1639,435161941,-,caller=T8151;nx679j: journal mirror: 262143 bytes (file open, kmsg=3 pmsg=4 rd=8)
9,1640,437198972,-,caller=T8152;nx679j: journal mirror: 262143 bytes (file open, kmsg=3 pmsg=4 rd=8)
9,1641,439236017,-,caller=T8153;nx679j: journal mirror: 262143 bytes (file open, kmsg=3 pmsg=4 rd=8)
9,1642,441275789,-,caller=T8154;nx679j: journal mirror: 262143 bytes (file open, kmsg=3 pmsg=4 rd=8)
9,1643,443313734,-,caller=T8155;nx679j: journal mirror: 262143 bytes (file open, kmsg=3 pmsg=4 rd=8)
6,1644,443380936,-,caller=T378;(virq:irq_count)- 1:19842 11:19601 6:12460 2:7159 35:1472 30:981 301:972 37:44 21:11 28:3 
6,1645,443380944,-,caller=T378;(cpu:irq_count)- 0:7979 1:917 2:592 3:479 4:2782 5:2793 6:2506 7:44507 
6,1646,443380948,-,caller=T378;(ipi:irq_count)- 0:19842 1:7159 2:0 3:0 4:0 5:12460 6:0 
9,1647,445350951,-,caller=T8156;nx679j: journal mirror: 262143 bytes (file open, kmsg=3 pmsg=4 rd=8)
9,1648,447390189,-,caller=T8157;nx679j: journal mirror: 262143 bytes (file open, kmsg=3 pmsg=4 rd=8)
9,1649,449429029,-,caller=T8158;nx679j: journal mirror: 262143 bytes (file open, kmsg=3 pmsg=4 rd=8)
9,1650,451467636,-,caller=T8159;nx679j: journal mirror: 262143 bytes (file open, kmsg=3 pmsg=4 rd=8)
6,1651,452853767,-,caller=T378;(virq:irq_count)- 11:19916 1:19878 6:12716 2:7219 35:1495 30:993 301:973 37:44 21:11 28:3 
6,1652,452853773,-,caller=T378;(cpu:irq_count)- 0:8075 1:917 2:592 3:479 4:2782 5:2793 6:2506 7:45114 
6,1653,452853777,-,caller=T378;(ipi:irq_count)- 0:19878 1:7219 2:0 3:0 4:0 5:12716 6:0 
9,1654,453504200,-,caller=T8160;nx679j: journal mirror: 262143 bytes (file open, kmsg=3 pmsg=4 rd=8)
9,1655,455541158,-,caller=T8161;nx679j: journal mirror: 262143 bytes (file open, kmsg=3 pmsg=4 rd=8)
9,1656,457579857,-,caller=T8162;nx679j: journal mirror: 262143 bytes (file open, kmsg=3 pmsg=4 rd=8)
9,1657,459616647,-,caller=T8178;nx679j: journal mirror: 262143 bytes (file open, kmsg=3 pmsg=4 rd=8)
9,1658,461654975,-,caller=T8179;nx679j: journal mirror: 262143 bytes (file open, kmsg=3 pmsg=4 rd=8)
6,1659,462325879,-,caller=T378;(virq:irq_count)- 11:20309 1:19969 6:12995 2:7296 35:1529 301:1020 30:1008 37:44 21:11 28:3 
6,1660,462325886,-,caller=T378;(cpu:irq_count)- 0:8265 1:917 2:592 3:479 4:2789 5:2797 6:2510 7:45845 
6,1661,462325890,-,caller=T378;(ipi:irq_count)- 0:19969 1:7296 2:0 3:0 4:0 5:12995 6:0 
9,1662,463694452,-,caller=T8180;nx679j: journal mirror: 262143 bytes (file open, kmsg=3 pmsg=4 rd=8)
9,1663,465730605,-,caller=T8181;nx679j: journal mirror: 262143 bytes (file open, kmsg=3 pmsg=4 rd=8)
9,1664,467767774,-,caller=T8182;nx679j: journal mirror: 262143 bytes (file open, kmsg=3 pmsg=4 rd=8)
9,1665,469805421,-,caller=T8183;nx679j: journal mirror: 262143 bytes (file open, kmsg=3 pmsg=4 rd=8)
6,1666,471797871,-,caller=T383;(virq:irq_count)- 11:20622 1:20002 6:13249 2:7360 35:1549 30:1020 301:1020 37:44 21:11 28:3 
6,1667,471797877,-,caller=T383;(cpu:irq_count)- 0:8361 1:917 2:592 3:479 4:2789 5:2797 6:2510 7:46445 
6,1668,471797880,-,caller=T383;(ipi:irq_count)- 0:20002 1:7360 2:0 3:0 4:0 5:13249 6:0 
9,1669,471843994,-,caller=T8184;nx679j: journal mirror: 262143 bytes (file open, kmsg=3 pmsg=4 rd=8)
9,1670,473882066,-,caller=T8185;nx679j: journal mirror: 262143 bytes (file open, kmsg=3 pmsg=4 rd=8)
9,1671,475919180,-,caller=T8186;nx679j: journal mirror: 262143 bytes (file open, kmsg=3 pmsg=4 rd=8)
9,1672,477957564,-,caller=T8187;nx679j: journal mirror: 262143 bytes (file open, kmsg=3 pmsg=4 rd=8)
9,1673,479995145,-,caller=T8188;nx679j: journal mirror: 262143 bytes (file open, kmsg=3 pmsg=4 rd=8)
6,1674,481269878,-,caller=T378;(virq:irq_count)- 11:20962 1:20043 6:13503 2:7418 35:1575 30:1035 301:1020 37:44 21:11 28:3 
6,1675,481269884,-,caller=T378;(cpu:irq_count)- 0:8460 1:917 2:592 3:479 4:2789 5:2797 6:2510 7:47080 
6,1676,481269888,-,caller=T378;(ipi:irq_count)- 0:20043 1:7418 2:0 3:0 4:0 5:13503 6:0 
9,1677,482035001,-,caller=T8189;nx679j: journal mirror: 262143 bytes (file open, kmsg=3 pmsg=4 rd=8)
9,1678,484073061,-,caller=T8190;nx679j: journal mirror: 262143 bytes (file open, kmsg=3 pmsg=4 rd=8)
9,1679,486108040,-,caller=T8191;nx679j: journal mirror: 262143 bytes (file open, kmsg=3 pmsg=4 rd=8)
9,1680,488148068,-,caller=T8192;nx679j: journal mirror: 262143 bytes (file open, kmsg=3 pmsg=4 rd=8)
9,1681,490186892,-,caller=T8193;nx679j: journal mirror: 262143 bytes (file open, kmsg=3 pmsg=4 rd=8)
6,1682,490741850,-,caller=T198;(virq:irq_count)- 11:21295 1:20088 6:13761 2:7478 35:1603 30:1050 301:1020 37:44 21:11 28:3 
6,1683,490741857,-,caller=T198;(cpu:irq_count)- 0:8565 1:917 2:592 3:479 4:2789 5:2797 6:2510 7:47714 
6,1684,490741860,-,caller=T198;(ipi:irq_count)- 0:20088 1:7478 2:0 3:0 4:0 5:13761 6:0 
9,1685,492223700,-,caller=T8194;nx679j: journal mirror: 262143 bytes (file open, kmsg=3 pmsg=4 rd=8)
9,1686,494262287,-,caller=T8195;nx679j: journal mirror: 262143 bytes (file open, kmsg=3 pmsg=4 rd=8)
9,1687,496297956,-,caller=T8196;nx679j: journal mirror: 262143 bytes (file open, kmsg=3 pmsg=4 rd=8)
9,1688,498335580,-,caller=T8197;nx679j: journal mirror: 262143 bytes (file open, kmsg=3 pmsg=4 rd=8)
6,1689,500213806,-,caller=T378;(virq:irq_count)- 11:21614 1:20123 6:14006 2:7532 35:1625 30:1062 301:1020 37:44 21:11 28:3 
6,1690,500213814,-,caller=T378;(cpu:irq_count)- 0:8653 1:917 2:592 3:479 4:2789 5:2797 6:2510 7:48313 
6,1691,500213819,-,caller=T378;(ipi:irq_count)- 0:20123 1:7532 2:0 3:0 4:0 5:14006 6:0 
9,1692,500372555,-,caller=T8198;nx679j: journal mirror: 262143 bytes (file open, kmsg=3 pmsg=4 rd=8)
9,1693,502411050,-,caller=T8199;nx679j: journal mirror: 262143 bytes (file open, kmsg=3 pmsg=4 rd=8)
9,1694,504449736,-,caller=T8200;nx679j: journal mirror: 262143 bytes (file open, kmsg=3 pmsg=4 rd=8)
9,1695,506487321,-,caller=T8201;nx679j: journal mirror: 262143 bytes (file open, kmsg=3 pmsg=4 rd=8)
9,1696,508525459,-,caller=T8202;nx679j: journal mirror: 262143 bytes (file open, kmsg=3 pmsg=4 rd=8)
6,1697,509684941,-,caller=T378;(virq:irq_count)- 11:21948 1:20169 6:14270 2:7592 35:1653 30:1077 301:1026 37:44 21:11 28:3 
6,1698,509684947,-,caller=T378;(cpu:irq_count)- 0:8769 1:917 2:592 3:479 4:2789 5:2797 6:2510 7:48950 
6,1699,509684950,-,caller=T378;(ipi:irq_count)- 0:20169 1:7592 2:0 3:0 4:0 5:14270 6:0 
9,1700,510563857,-,caller=T8203;nx679j: journal mirror: 262143 bytes (file open, kmsg=3 pmsg=4 rd=8)
9,1701,512598530,-,caller=T8208;nx679j: journal mirror: 262143 bytes (file open, kmsg=3 pmsg=4 rd=8)
9,1702,514636107,-,caller=T8209;nx679j: journal mirror: 262143 bytes (file open, kmsg=3 pmsg=4 rd=8)
9,1703,516673871,-,caller=T8210;nx679j: journal mirror: 262143 bytes (file open, kmsg=3 pmsg=4 rd=8)
9,1704,518711704,-,caller=T8211;nx679j: journal mirror: 262143 bytes (file open, kmsg=3 pmsg=4 rd=8)
6,1705,519156938,-,caller=T379;(virq:irq_count)- 11:22321 1:20249 6:14547 2:7658 35:1685 30:1092 301:1061 37:44 21:11 28:3 
6,1706,519156945,-,caller=T379;(cpu:irq_count)- 0:8936 1:917 2:592 3:479 4:2797 5:2803 6:2513 7:49644 
6,1707,519156948,-,caller=T379;(ipi:irq_count)- 0:20249 1:7658 2:0 3:0 4:0 5:14547 6:0 
9,1708,520750051,-,caller=T8212;nx679j: journal mirror: 262143 bytes (file open, kmsg=3 pmsg=4 rd=8)
9,1709,522789041,-,caller=T8213;nx679j: journal mirror: 262143 bytes (file open, kmsg=3 pmsg=4 rd=8)
9,1710,524827703,-,caller=T8214;nx679j: journal mirror: 262143 bytes (file open, kmsg=3 pmsg=4 rd=8)
9,1711,526866540,-,caller=T8215;nx679j: journal mirror: 262143 bytes (file open, kmsg=3 pmsg=4 rd=8)
6,1712,528629821,-,caller=T378;(virq:irq_count)- 11:22642 1:20293 6:14806 2:7723 35:1711 30:1104 301:1061 37:44 21:11 28:3 
6,1713,528629827,-,caller=T378;(cpu:irq_count)- 0:9039 1:917 2:592 3:479 4:2798 5:2803 6:2513 7:50267 
6,1714,528629830,-,caller=T378;(ipi:irq_count)- 0:20293 1:7723 2:0 3:0 4:0 5:14806 6:0 
9,1715,528903695,-,caller=T8216;nx679j: journal mirror: 262143 bytes (file open, kmsg=3 pmsg=4 rd=8)
9,1716,530942524,-,caller=T8217;nx679j: journal mirror: 262143 bytes (file open, kmsg=3 pmsg=4 rd=8)
9,1717,532982537,-,caller=T8218;nx679j: journal mirror: 262143 bytes (file open, kmsg=3 pmsg=4 rd=8)
9,1718,535022322,-,caller=T8219;nx679j: journal mirror: 262143 bytes (file open, kmsg=3 pmsg=4 rd=8)
9,1719,537061017,-,caller=T8220;nx679j: journal mirror: 262143 bytes (file open, kmsg=3 pmsg=4 rd=8)
6,1720,538101873,-,caller=T379;(virq:irq_count)- 11:22975 1:20343 6:15064 2:7785 35:1739 30:1119 301:1064 37:44 21:11 28:3 
6,1721,538101879,-,caller=T379;(cpu:irq_count)- 0:9150 1:917 2:592 3:479 4:2798 5:2803 6:2513 7:50905 
6,1722,538101882,-,caller=T379;(ipi:irq_count)- 0:20343 1:7785 2:0 3:0 4:0 5:15064 6:0 
9,1723,539096170,-,caller=T8221;nx679j: journal mirror: 262143 bytes (file open, kmsg=3 pmsg=4 rd=8)
9,1724,541135017,-,caller=T8222;nx679j: journal mirror: 262143 bytes (file open, kmsg=3 pmsg=4 rd=8)
9,1725,543172293,-,caller=T8223;nx679j: journal mirror: 262143 bytes (file open, kmsg=3 pmsg=4 rd=8)
9,1726,545209438,-,caller=T8224;nx679j: journal mirror: 262143 bytes (file open, kmsg=3 pmsg=4 rd=8)
9,1727,547248211,-,caller=T8225;nx679j: journal mirror: 262143 bytes (file open, kmsg=3 pmsg=4 rd=8)
6,1728,547573879,-,caller=T379;(virq:irq_count)- 11:23311 1:20389 6:15328 2:7848 35:1767 30:1134 301:1065 37:44 21:11 28:3 
6,1729,547573884,-,caller=T379;(cpu:irq_count)- 0:9261 1:918 2:592 3:479 4:2798 5:2803 6:2513 7:51546 
6,1730,547573887,-,caller=T379;(ipi:irq_count)- 0:20389 1:7848 2:0 3:0 4:0 5:15328 6:0 
9,1731,549285061,-,caller=T8226;nx679j: journal mirror: 262143 bytes (file open, kmsg=3 pmsg=4 rd=8)
9,1732,551323767,-,caller=T8227;nx679j: journal mirror: 262143 bytes (file open, kmsg=3 pmsg=4 rd=8)
9,1733,553361546,-,caller=T8228;nx679j: journal mirror: 262143 bytes (file open, kmsg=3 pmsg=4 rd=8)
9,1734,555399495,-,caller=T8229;nx679j: journal mirror: 262143 bytes (file open, kmsg=3 pmsg=4 rd=8)
6,1735,557045887,-,caller=T378;(virq:irq_count)- 11:23627 1:20427 6:15589 2:7907 35:1789 30:1146 301:1070 37:44 21:11 28:3 
6,1736,557045893,-,caller=T378;(cpu:irq_count)- 0:9364 1:919 2:592 3:479 4:2798 5:2803 6:2513 7:52155 
6,1737,557045896,-,caller=T378;(ipi:irq_count)- 0:20427 1:7907 2:0 3:0 4:0 5:15589 6:0 
9,1738,557436216,-,caller=T8230;nx679j: journal mirror: 262143 bytes (file open, kmsg=3 pmsg=4 rd=8)
9,1739,559471965,-,caller=T8231;nx679j: journal mirror: 262143 bytes (file open, kmsg=3 pmsg=4 rd=8)
9,1740,561511377,-,caller=T8232;nx679j: journal mirror: 262143 bytes (file open, kmsg=3 pmsg=4 rd=8)
9,1741,563550116,-,caller=T8233;nx679j: journal mirror: 262143 bytes (file open, kmsg=3 pmsg=4 rd=8)
9,1742,565587840,-,caller=T8234;nx679j: journal mirror: 262143 bytes (file open, kmsg=3 pmsg=4 rd=8)
6,1743,566517764,-,caller=T383;(virq:irq_count)- 11:23959 1:20466 6:15852 2:7971 35:1813 30:1161 301:1070 37:44 21:11 28:3 
6,1744,566517770,-,caller=T383;(cpu:irq_count)- 0:9467 1:919 2:592 3:479 4:2798 5:2803 6:2513 7:52789 
6,1745,566517773,-,caller=T383;(ipi:irq_count)- 0:20466 1:7971 2:0 3:0 4:0 5:15852 6:0 
9,1746,567626962,-,caller=T8235;nx679j: journal mirror: 262143 bytes (file open, kmsg=3 pmsg=4 rd=8)
9,1747,569664670,-,caller=T8236;nx679j: journal mirror: 262143 bytes (file open, kmsg=3 pmsg=4 rd=8)
9,1748,571702556,-,caller=T8237;nx679j: journal mirror: 262143 bytes (file open, kmsg=3 pmsg=4 rd=8)
9,1749,573739428,-,caller=T8238;nx679j: journal mirror: 262143 bytes (file open, kmsg=3 pmsg=4 rd=8)
9,1750,575779146,-,caller=T8239;nx679j: journal mirror: 262143 bytes (file open, kmsg=3 pmsg=4 rd=8)
6,1751,575989887,-,caller=T383;(virq:irq_count)- 11:24297 1:20512 6:16112 2:8036 35:1840 30:1176 301:1073 37:44 21:11 28:3 
6,1752,575989894,-,caller=T383;(cpu:irq_count)- 0:9580 1:919 2:592 3:479 4:2798 5:2803 6:2513 7:53430 
6,1753,575989897,-,caller=T383;(ipi:irq_count)- 0:20512 1:8036 2:0 3:0 4:0 5:16112 6:0 
9,1754,577816715,-,caller=T8240;nx679j: journal mirror: 262143 bytes (file open, kmsg=3 pmsg=4 rd=8)
9,1755,579853678,-,caller=T8241;nx679j: journal mirror: 262143 bytes (file open, kmsg=3 pmsg=4 rd=8)
9,1756,581893168,-,caller=T8242;nx679j: journal mirror: 262143 bytes (file open, kmsg=3 pmsg=4 rd=8)
9,1757,583928843,-,caller=T8243;nx679j: journal mirror: 262143 bytes (file open, kmsg=3 pmsg=4 rd=8)
6,1758,585461860,-,caller=T198;(virq:irq_count)- 11:24625 1:20547 6:16376 2:8102 35:1863 30:1188 301:1074 37:44 21:11 28:3 
6,1759,585461866,-,caller=T198;(cpu:irq_count)- 0:9682 1:919 2:592 3:479 4:2798 5:2803 6:2513 7:54057 
6,1760,585461869,-,caller=T198;(ipi:irq_count)- 0:20547 1:8102 2:0 3:0 4:0 5:16376 6:0 
9,1761,585968136,-,caller=T8244;nx679j: journal mirror: 262143 bytes (file open, kmsg=3 pmsg=4 rd=8)
9,1762,588007133,-,caller=T8245;nx679j: journal mirror: 262143 bytes (file open, kmsg=3 pmsg=4 rd=8)
9,1763,590041728,-,caller=T8246;nx679j: journal mirror: 262143 bytes (file open, kmsg=3 pmsg=4 rd=8)
9,1764,592079635,-,caller=T8247;nx679j: journal mirror: 262143 bytes (file open, kmsg=3 pmsg=4 rd=8)
9,1765,594118215,-,caller=T8248;nx679j: journal mirror: 262143 bytes (file open, kmsg=3 pmsg=4 rd=8)
6,1766,594933882,-,caller=T378;(virq:irq_count)- 11:24943 1:20592 6:16624 2:8154 35:1891 30:1203 301:1074 37:44 21:11 28:3 
6,1767,594933889,-,caller=T378;(cpu:irq_count)- 0:9777 1:919 2:592 3:479 4:2798 5:2803 6:2513 7:54668 
6,1768,594933893,-,caller=T378;(ipi:irq_count)- 0:20592 1:8154 2:0 3:0 4:0 5:16624 6:0 
9,1769,596158296,-,caller=T8249;nx679j: journal mirror: 262143 bytes (file open, kmsg=3 pmsg=4 rd=8)
9,1770,598195079,-,caller=T8250;nx679j: journal mirror: 262143 bytes (file open, kmsg=3 pmsg=4 rd=8)
9,1771,600233142,-,caller=T8251;nx679j: journal mirror: 262143 bytes (file open, kmsg=3 pmsg=4 rd=8)
9,1772,602271819,-,caller=T8252;nx679j: journal mirror: 262143 bytes (file open, kmsg=3 pmsg=4 rd=8)
9,1773,604309785,-,caller=T8253;nx679j: journal mirror: 262143 bytes (file open, kmsg=3 pmsg=4 rd=8)
6,1774,604404950,-,caller=T198;(virq:irq_count)- 11:25271 1:20633 6:16874 2:8206 35:1916 30:1218 301:1074 37:44 21:11 28:3 
6,1775,604404955,-,caller=T198;(cpu:irq_count)- 0:9869 1:919 2:592 3:479 4:2798 5:2803 6:2513 7:55287 
6,1776,604404958,-,caller=T198;(ipi:irq_count)- 0:20633 1:8206 2:0 3:0 4:0 5:16874 6:0 
9,1777,606346495,-,caller=T8254;nx679j: journal mirror: 262143 bytes (file open, kmsg=3 pmsg=4 rd=8)
9,1778,608385098,-,caller=T8255;nx679j: journal mirror: 262143 bytes (file open, kmsg=3 pmsg=4 rd=8)
9,1779,610422392,-,caller=T8256;nx679j: journal mirror: 262143 bytes (file open, kmsg=3 pmsg=4 rd=8)
9,1780,612459294,-,caller=T8257;nx679j: journal mirror: 262143 bytes (file open, kmsg=3 pmsg=4 rd=8)
6,1781,613877870,-,caller=T383;(virq:irq_count)- 11:25594 1:20669 6:17121 2:8269 35:1937 30:1230 301:1077 37:44 21:11 28:3 
6,1782,613877877,-,caller=T383;(cpu:irq_count)- 0:9971 1:919 2:592 3:479 4:2798 5:2803 6:2513 7:55890 
6,1783,613877881,-,caller=T383;(ipi:irq_count)- 0:20669 1:8269 2:0 3:0 4:0 5:17121 6:0 
9,1784,614498879,-,caller=T8258;nx679j: journal mirror: 262143 bytes (file open, kmsg=3 pmsg=4 rd=8)
9,1785,616535737,-,caller=T8259;nx679j: journal mirror: 262143 bytes (file open, kmsg=3 pmsg=4 rd=8)
9,1786,618573726,-,caller=T8260;nx679j: journal mirror: 262143 bytes (file open, kmsg=3 pmsg=4 rd=8)
9,1787,620612419,-,caller=T8261;nx679j: journal mirror: 262143 bytes (file open, kmsg=3 pmsg=4 rd=8)
9,1788,622650255,-,caller=T8262;nx679j: journal mirror: 262143 bytes (file open, kmsg=3 pmsg=4 rd=8)
6,1789,623349845,-,caller=T378;(virq:irq_count)- 11:25924 1:20714 6:17379 2:8330 35:1965 30:1245 301:1077 37:44 21:11 28:3 
6,1790,623349851,-,caller=T378;(cpu:irq_count)- 0:10075 1:919 2:592 3:479 4:2798 5:2803 6:2513 7:56523 
6,1791,623349854,-,caller=T378;(ipi:irq_count)- 0:20714 1:8330 2:0 3:0 4:0 5:17379 6:0 
9,1792,624689098,-,caller=T8263;nx679j: journal mirror: 262143 bytes (file open, kmsg=3 pmsg=4 rd=8)
9,1793,626727740,-,caller=T8264;nx679j: journal mirror: 262143 bytes (file open, kmsg=3 pmsg=4 rd=8)
9,1794,628766474,-,caller=T8265;nx679j: journal mirror: 262143 bytes (file open, kmsg=3 pmsg=4 rd=8)
9,1795,630804324,-,caller=T8266;nx679j: journal mirror: 262143 bytes (file open, kmsg=3 pmsg=4 rd=8)
6,1796,632821904,-,caller=T378;(virq:irq_count)- 11:26240 1:20754 6:17642 2:8386 35:1987 30:1257 301:1084 37:44 21:11 28:3 
6,1797,632821910,-,caller=T378;(cpu:irq_count)- 0:10179 1:919 2:592 3:479 4:2798 5:2803 6:2513 7:57135 
6,1798,632821913,-,caller=T378;(ipi:irq_count)- 0:20754 1:8386 2:0 3:0 4:0 5:17642 6:0 
9,1799,632841193,-,caller=T8267;nx679j: journal mirror: 262143 bytes (file open, kmsg=3 pmsg=4 rd=8)
9,1800,634879274,-,caller=T8268;nx679j: journal mirror: 262143 bytes (file open, kmsg=3 pmsg=4 rd=8)
9,1801,636914932,-,caller=T8269;nx679j: journal mirror: 262143 bytes (file open, kmsg=3 pmsg=4 rd=8)
9,1802,638954684,-,caller=T8270;nx679j: journal mirror: 262143 bytes (file open, kmsg=3 pmsg=4 rd=8)
9,1803,640991444,-,caller=T8271;nx679j: journal mirror: 262143 bytes (file open, kmsg=3 pmsg=4 rd=8)
6,1804,642293822,-,caller=T383;(virq:irq_count)- 11:26575 1:20801 6:17907 2:8457 35:2013 30:1272 301:1087 37:44 21:11 28:3 
6,1805,642293828,-,caller=T383;(cpu:irq_count)- 0:10296 1:919 2:592 3:479 4:2798 5:2803 6:2513 7:57780 
6,1806,642293831,-,caller=T383;(ipi:irq_count)- 0:20801 1:8457 2:0 3:0 4:0 5:17907 6:0 
9,1807,643028103,-,caller=T8272;nx679j: journal mirror: 262143 bytes (file open, kmsg=3 pmsg=4 rd=8)
9,1808,645067792,-,caller=T8273;nx679j: journal mirror: 262143 bytes (file open, kmsg=3 pmsg=4 rd=8)
9,1809,647105933,-,caller=T8274;nx679j: journal mirror: 262143 bytes (file open, kmsg=3 pmsg=4 rd=8)
9,1810,649143922,-,caller=T8275;nx679j: journal mirror: 262143 bytes (file open, kmsg=3 pmsg=4 rd=8)
9,1811,651182624,-,caller=T8276;nx679j: journal mirror: 262143 bytes (file open, kmsg=3 pmsg=4 rd=8)
6,1812,651765851,-,caller=T383;(virq:irq_count)- 11:26910 1:20846 6:18164 2:8514 35:2039 30:1287 301:1087 37:44 21:11 28:3 
6,1813,651765859,-,caller=T383;(cpu:irq_count)- 0:10394 1:919 2:592 3:479 4:2798 5:2803 6:2513 7:58417 
6,1814,651765864,-,caller=T383;(ipi:irq_count)- 0:20846 1:8514 2:0 3:0 4:0 5:18164 6:0 
9,1815,653219308,-,caller=T8277;nx679j: journal mirror: 262143 bytes (file open, kmsg=3 pmsg=4 rd=8)
9,1816,655256165,-,caller=T8278;nx679j: journal mirror: 262143 bytes (file open, kmsg=3 pmsg=4 rd=8)
9,1817,657295955,-,caller=T8279;nx679j: journal mirror: 262143 bytes (file open, kmsg=3 pmsg=4 rd=8)
9,1818,659334654,-,caller=T8280;nx679j: journal mirror: 262143 bytes (file open, kmsg=3 pmsg=4 rd=8)
6,1819,661237818,-,caller=T198;(virq:irq_count)- 11:27225 1:20883 6:18414 2:8575 35:2059 30:1299 301:1091 37:44 21:11 28:3 
6,1820,661237824,-,caller=T198;(cpu:irq_count)- 0:10495 1:919 2:592 3:479 4:2798 5:2803 6:2513 7:59015 
6,1821,661237827,-,caller=T198;(ipi:irq_count)- 0:20883 1:8575 2:0 3:0 4:0 5:18414 6:0 
9,1822,661371104,-,caller=T8281;nx679j: journal mirror: 262143 bytes (file open, kmsg=3 pmsg=4 rd=8)
9,1823,663407845,-,caller=T8282;nx679j: journal mirror: 262143 bytes (file open, kmsg=3 pmsg=4 rd=8)
9,1824,665446686,-,caller=T8283;nx679j: journal mirror: 262143 bytes (file open, kmsg=3 pmsg=4 rd=8)
9,1825,667483532,-,caller=T8284;nx679j: journal mirror: 262143 bytes (file open, kmsg=3 pmsg=4 rd=8)
9,1826,669521635,-,caller=T8285;nx679j: journal mirror: 262143 bytes (file open, kmsg=3 pmsg=4 rd=8)
6,1827,670709857,-,caller=T378;(virq:irq_count)- 11:27555 1:20930 6:18672 2:8630 35:2087 30:1314 301:1094 37:44 21:11 28:3 
6,1828,670709863,-,caller=T378;(cpu:irq_count)- 0:10599 1:919 2:592 3:479 4:2798 5:2803 6:2513 7:59647 
6,1829,670709866,-,caller=T378;(ipi:irq_count)- 0:20930 1:8630 2:0 3:0 4:0 5:18672 6:0 
9,1830,671561708,-,caller=T8286;nx679j: journal mirror: 262143 bytes (file open, kmsg=3 pmsg=4 rd=8)
9,1831,673597315,-,caller=T8287;nx679j: journal mirror: 262143 bytes (file open, kmsg=3 pmsg=4 rd=8)
9,1832,675635080,-,caller=T8288;nx679j: journal mirror: 262143 bytes (file open, kmsg=3 pmsg=4 rd=8)
9,1833,677670870,-,caller=T8289;nx679j: journal mirror: 262143 bytes (file open, kmsg=3 pmsg=4 rd=8)
9,1834,679708841,-,caller=T8290;nx679j: journal mirror: 262143 bytes (file open, kmsg=3 pmsg=4 rd=8)
6,1835,680181818,-,caller=T378;(virq:irq_count)- 11:27903 1:20979 6:18937 2:8699 35:2113 30:1329 301:1100 37:44 21:11 28:3 
6,1836,680181824,-,caller=T378;(cpu:irq_count)- 0:10718 1:919 2:592 3:479 4:2798 5:2803 6:2513 7:60306 
6,1837,680181827,-,caller=T378;(ipi:irq_count)- 0:20979 1:8699 2:0 3:0 4:0 5:18937 6:0 
9,1838,681743878,-,caller=T8291;nx679j: journal mirror: 262143 bytes (file open, kmsg=3 pmsg=4 rd=8)
9,1839,683781980,-,caller=T8292;nx679j: journal mirror: 262143 bytes (file open, kmsg=3 pmsg=4 rd=8)
9,1840,685819667,-,caller=T8293;nx679j: journal mirror: 262143 bytes (file open, kmsg=3 pmsg=4 rd=8)
9,1841,687858834,-,caller=T8294;nx679j: journal mirror: 262143 bytes (file open, kmsg=3 pmsg=4 rd=8)
6,1842,689653900,-,caller=T378;(virq:irq_count)- 11:28225 1:21015 6:19203 2:8759 35:2137 30:1341 301:1100 37:44 21:11 28:3 
6,1843,689653908,-,caller=T378;(cpu:irq_count)- 0:10814 1:919 2:592 3:479 4:2798 5:2803 6:2513 7:60930 
6,1844,689653912,-,caller=T378;(ipi:irq_count)- 0:21015 1:8759 2:0 3:0 4:0 5:19203 6:0 
9,1845,689897798,-,caller=T8295;nx679j: journal mirror: 262143 bytes (file open, kmsg=3 pmsg=4 rd=8)
9,1846,691935233,-,caller=T8296;nx679j: journal mirror: 262143 bytes (file open, kmsg=3 pmsg=4 rd=8)
9,1847,693972824,-,caller=T8297;nx679j: journal mirror: 262143 bytes (file open, kmsg=3 pmsg=4 rd=8)
9,1848,696011136,-,caller=T8298;nx679j: journal mirror: 262143 bytes (file open, kmsg=3 pmsg=4 rd=8)
9,1849,698048917,-,caller=T8299;nx679j: journal mirror: 262143 bytes (file open, kmsg=3 pmsg=4 rd=8)
6,1850,699125883,-,caller=T198;(virq:irq_count)- 11:28552 1:21061 6:19461 2:8814 35:2163 30:1356 301:1103 37:44 21:11 28:3 
6,1851,699125890,-,caller=T198;(cpu:irq_count)- 0:10916 1:919 2:592 3:479 4:2798 5:2803 6:2513 7:61558 
6,1852,699125893,-,caller=T198;(ipi:irq_count)- 0:21061 1:8814 2:0 3:0 4:0 5:19461 6:0 
9,1853,700088051,-,caller=T8300;nx679j: journal mirror: 262143 bytes (file open, kmsg=3 pmsg=4 rd=8)
9,1854,702127105,-,caller=T8301;nx679j: journal mirror: 262143 bytes (file open, kmsg=3 pmsg=4 rd=8)
9,1855,704164047,-,caller=T8302;nx679j: journal mirror: 262143 bytes (file open, kmsg=3 pmsg=4 rd=8)
9,1856,706202622,-,caller=T8303;nx679j: journal mirror: 262143 bytes (file open, kmsg=3 pmsg=4 rd=8)
9,1857,708241486,-,caller=T8304;nx679j: journal mirror: 262143 bytes (file open, kmsg=3 pmsg=4 rd=8)
6,1858,708597884,-,caller=T198;(virq:irq_count)- 11:28884 1:21103 6:19710 2:8875 35:2189 30:1371 301:1103 37:44 21:11 28:3 
6,1859,708597890,-,caller=T198;(cpu:irq_count)- 0:11018 1:919 2:592 3:479 4:2798 5:2803 6:2513 7:62181 
6,1860,708597893,-,caller=T198;(ipi:irq_count)- 0:21103 1:8875 2:0 3:0 4:0 5:19710 6:0 
9,1861,710278457,-,caller=T8305;nx679j: journal mirror: 262143 bytes (file open, kmsg=3 pmsg=4 rd=8)
9,1862,712316409,-,caller=T8306;nx679j: journal mirror: 262143 bytes (file open, kmsg=3 pmsg=4 rd=8)
9,1863,714353340,-,caller=T8307;nx679j: journal mirror: 262143 bytes (file open, kmsg=3 pmsg=4 rd=8)
9,1864,716391288,-,caller=T8308;nx679j: journal mirror: 262143 bytes (file open, kmsg=3 pmsg=4 rd=8)
6,1865,718069860,-,caller=T198;(virq:irq_count)- 11:29197 1:21137 6:19962 2:8928 35:2211 30:1383 301:1103 37:44 21:11 28:3 
6,1866,718069867,-,caller=T198;(cpu:irq_count)- 0:11104 1:919 2:592 3:479 4:2798 5:2803 6:2513 7:62781 
6,1867,718069870,-,caller=T198;(ipi:irq_count)- 0:21137 1:8928 2:0 3:0 4:0 5:19962 6:0 
9,1868,718429318,-,caller=T8309;nx679j: journal mirror: 262143 bytes (file open, kmsg=3 pmsg=4 rd=8)
9,1869,720467166,-,caller=T8310;nx679j: journal mirror: 262143 bytes (file open, kmsg=3 pmsg=4 rd=8)
9,1870,722504578,-,caller=T8311;nx679j: journal mirror: 262143 bytes (file open, kmsg=3 pmsg=4 rd=8)
9,1871,724539708,-,caller=T8312;nx679j: journal mirror: 262143 bytes (file open, kmsg=3 pmsg=4 rd=8)
9,1872,726578603,-,caller=T8313;nx679j: journal mirror: 262143 bytes (file open, kmsg=3 pmsg=4 rd=8)
6,1873,727541838,-,caller=T378;(virq:irq_count)- 11:29529 1:21185 6:20218 2:8984 35:2239 30:1398 301:1106 37:44 21:11 28:3 
6,1874,727541845,-,caller=T378;(cpu:irq_count)- 0:11210 1:919 2:592 3:479 4:2798 5:2803 6:2513 7:63413 
6,1875,727541849,-,caller=T378;(ipi:irq_count)- 0:21185 1:8984 2:0 3:0 4:0 5:20218 6:0 
9,1876,728616334,-,caller=T8314;nx679j: journal mirror: 262143 bytes (file open, kmsg=3 pmsg=4 rd=8)
9,1877,730654962,-,caller=T8315;nx679j: journal mirror: 262143 bytes (file open, kmsg=3 pmsg=4 rd=8)
9,1878,732693067,-,caller=T8316;nx679j: journal mirror: 262143 bytes (file open, kmsg=3 pmsg=4 rd=8)
9,1879,734729950,-,caller=T8317;nx679j: journal mirror: 262143 bytes (file open, kmsg=3 pmsg=4 rd=8)
9,1880,736769428,-,caller=T8318;nx679j: journal mirror: 262143 bytes (file open, kmsg=3 pmsg=4 rd=8)
6,1881,737012943,-,caller=T383;(virq:irq_count)- 11:29855 1:21229 6:20469 2:9044 35:2267 30:1413 301:1106 37:44 21:11 28:3 
6,1882,737012951,-,caller=T383;(cpu:irq_count)- 0:11314 1:919 2:592 3:479 4:2798 5:2803 6:2513 7:64033 
6,1883,737012956,-,caller=T383;(ipi:irq_count)- 0:21229 1:9044 2:0 3:0 4:0 5:20469 6:0 
9,1884,738806403,-,caller=T8319;nx679j: journal mirror: 262143 bytes (file open, kmsg=3 pmsg=4 rd=8)
9,1885,740846275,-,caller=T8320;nx679j: journal mirror: 262143 bytes (file open, kmsg=3 pmsg=4 rd=8)
9,1886,742885638,-,caller=T8321;nx679j: journal mirror: 262143 bytes (file open, kmsg=3 pmsg=4 rd=8)
9,1887,744920168,-,caller=T8322;nx679j: journal mirror: 262143 bytes (file open, kmsg=3 pmsg=4 rd=8)
6,1888,746485907,-,caller=T383;(virq:irq_count)- 11:30148 1:21264 6:20708 2:9094 35:2287 30:1425 301:1107 37:44 21:11 28:3 
6,1889,746485913,-,caller=T383;(cpu:irq_count)- 0:11397 1:919 2:592 3:479 4:2798 5:2803 6:2513 7:64600 
6,1890,746485916,-,caller=T383;(ipi:irq_count)- 0:21264 1:9094 2:0 3:0 4:0 5:20708 6:0 
9,1891,746960089,-,caller=T8323;nx679j: journal mirror: 262143 bytes (file open, kmsg=3 pmsg=4 rd=8)
9,1892,748998037,-,caller=T8324;nx679j: journal mirror: 262143 bytes (file open, kmsg=3 pmsg=4 rd=8)
9,1893,751036735,-,caller=T8325;nx679j: journal mirror: 262143 bytes (file open, kmsg=3 pmsg=4 rd=8)
9,1894,753076700,-,caller=T8326;nx679j: journal mirror: 262143 bytes (file open, kmsg=3 pmsg=4 rd=8)
9,1895,755114710,-,caller=T8327;nx679j: journal mirror: 262143 bytes (file open, kmsg=3 pmsg=4 rd=8)
6,1896,755957820,-,caller=T383;(virq:irq_count)- 11:30465 1:21315 6:20964 2:9153 35:2315 30:1440 301:1116 37:44 21:11 28:3 
6,1897,755957827,-,caller=T383;(cpu:irq_count)- 0:11518 1:919 2:592 3:479 4:2798 5:2803 6:2513 7:65214 
6,1898,755957830,-,caller=T383;(ipi:irq_count)- 0:21315 1:9153 2:0 3:0 4:0 5:20964 6:0 
9,1899,757150488,-,caller=T8328;nx679j: journal mirror: 262143 bytes (file open, kmsg=3 pmsg=4 rd=8)
9,1900,759188404,-,caller=T8329;nx679j: journal mirror: 262143 bytes (file open, kmsg=3 pmsg=4 rd=8)
9,1901,761227343,-,caller=T8330;nx679j: journal mirror: 262143 bytes (file open, kmsg=3 pmsg=4 rd=8)
9,1902,763266208,-,caller=T8331;nx679j: journal mirror: 262143 bytes (file open, kmsg=3 pmsg=4 rd=8)
9,1903,765305596,-,caller=T8332;nx679j: journal mirror: 262143 bytes (file open, kmsg=3 pmsg=4 rd=8)
6,1904,765429914,-,caller=T383;(virq:irq_count)- 11:30777 1:21354 6:21211 2:9207 35:2340 30:1455 301:1117 37:44 21:11 28:3 
6,1905,765429919,-,caller=T383;(cpu:irq_count)- 0:11613 1:919 2:592 3:479 4:2798 5:2803 6:2513 7:65812 
6,1906,765429922,-,caller=T383;(ipi:irq_count)- 0:21354 1:9207 2:0 3:0 4:0 5:21211 6:0 
9,1907,767344041,-,caller=T8333;nx679j: journal mirror: 262143 bytes (file open, kmsg=3 pmsg=4 rd=8)
9,1908,769383751,-,caller=T8334;nx679j: journal mirror: 262143 bytes (file open, kmsg=3 pmsg=4 rd=8)
9,1909,771423633,-,caller=T8335;nx679j: journal mirror: 262143 bytes (file open, kmsg=3 pmsg=4 rd=8)
9,1910,773463296,-,caller=T8336;nx679j: journal mirror: 262143 bytes (file open, kmsg=3 pmsg=4 rd=8)
6,1911,774901776,-,caller=T383;(virq:irq_count)- 11:31078 6:21458 1:21389 2:9262 35:2361 30:1467 301:1117 37:44 21:11 28:3 
6,1912,774901782,-,caller=T383;(cpu:irq_count)- 0:11701 1:919 2:592 3:479 4:2798 5:2803 6:2513 7:66395 
6,1913,774901786,-,caller=T383;(ipi:irq_count)- 0:21389 1:9262 2:0 3:0 4:0 5:21458 6:0 
9,1914,775502326,-,caller=T8337;nx679j: journal mirror: 262143 bytes (file open, kmsg=3 pmsg=4 rd=8)
9,1915,777539393,-,caller=T8338;nx679j: journal mirror: 262143 bytes (file open, kmsg=3 pmsg=4 rd=8)
9,1916,779577319,-,caller=T8339;nx679j: journal mirror: 262143 bytes (file open, kmsg=3 pmsg=4 rd=8)
9,1917,781617240,-,caller=T8340;nx679j: journal mirror: 262143 bytes (file open, kmsg=3 pmsg=4 rd=8)
9,1918,783656184,-,caller=T8341;nx679j: journal mirror: 262143 bytes (file open, kmsg=3 pmsg=4 rd=8)
6,1919,784373893,-,caller=T378;(virq:irq_count)- 11:31393 6:21699 1:21434 2:9316 35:2389 30:1482 301:1119 37:44 21:11 28:3 
6,1920,784373901,-,caller=T378;(cpu:irq_count)- 0:11801 1:919 2:592 3:479 4:2798 5:2803 6:2513 7:66995 
6,1921,784373905,-,caller=T378;(ipi:irq_count)- 0:21434 1:9316 2:0 3:0 4:0 5:21699 6:0 
9,1922,785694554,-,caller=T8342;nx679j: journal mirror: 262143 bytes (file open, kmsg=3 pmsg=4 rd=8)
9,1923,787731832,-,caller=T8343;nx679j: journal mirror: 262143 bytes (file open, kmsg=3 pmsg=4 rd=8)
9,1924,789768772,-,caller=T8344;nx679j: journal mirror: 262143 bytes (file open, kmsg=3 pmsg=4 rd=8)
9,1925,791804012,-,caller=T8345;nx679j: journal mirror: 262143 bytes (file open, kmsg=3 pmsg=4 rd=8)
9,1926,793843092,-,caller=T8346;nx679j: journal mirror: 262143 bytes (file open, kmsg=3 pmsg=4 rd=8)
6,1927,793844956,-,caller=T378;(virq:irq_count)- 11:31702 6:21949 1:21480 2:9369 35:2415 30:1495 301:1124 37:44 21:11 28:3 
6,1928,793844961,-,caller=T378;(cpu:irq_count)- 0:11903 1:919 2:592 3:479 4:2798 5:2803 6:2513 7:67595 
6,1929,793844964,-,caller=T378;(ipi:irq_count)- 0:21480 1:9369 2:0 3:0 4:0 5:21949 6:0 
9,1930,795882372,-,caller=T8347;nx679j: journal mirror: 262143 bytes (file open, kmsg=3 pmsg=4 rd=8)
9,1931,797918502,-,caller=T8348;nx679j: journal mirror: 262143 bytes (file open, kmsg=3 pmsg=4 rd=8)
9,1932,799956849,-,caller=T8349;nx679j: journal mirror: 262143 bytes (file open, kmsg=3 pmsg=4 rd=8)
9,1933,801994884,-,caller=T8350;nx679j: journal mirror: 262143 bytes (file open, kmsg=3 pmsg=4 rd=8)
6,1934,803317870,-,caller=T378;(virq:irq_count)- 11:32016 6:22198 1:21522 2:9422 35:2439 30:1509 301:1126 37:44 21:11 28:3 
6,1935,803317876,-,caller=T378;(cpu:irq_count)- 0:11999 1:919 2:592 3:479 4:2798 5:2803 6:2513 7:68197 
6,1936,803317879,-,caller=T378;(ipi:irq_count)- 0:21522 1:9422 2:0 3:0 4:0 5:22198 6:0 
9,1937,804032206,-,caller=T8351;nx679j: journal mirror: 262143 bytes (file open, kmsg=3 pmsg=4 rd=8)
9,1938,806070814,-,caller=T8352;nx679j: journal mirror: 262143 bytes (file open, kmsg=3 pmsg=4 rd=8)
9,1939,808108026,-,caller=T8353;nx679j: journal mirror: 262143 bytes (file open, kmsg=3 pmsg=4 rd=8)
9,1940,810145226,-,caller=T8354;nx679j: journal mirror: 262143 bytes (file open, kmsg=3 pmsg=4 rd=8)
9,1941,812185133,-,caller=T8355;nx679j: journal mirror: 262143 bytes (file open, kmsg=3 pmsg=4 rd=8)
6,1942,812788927,-,caller=T383;(virq:irq_count)- 11:32327 6:22443 1:21567 2:9473 35:2465 30:1524 301:1129 37:44 21:11 28:3 
6,1943,812788936,-,caller=T383;(cpu:irq_count)- 0:12097 1:919 2:592 3:479 4:2798 5:2803 6:2513 7:68795 
6,1944,812788940,-,caller=T383;(ipi:irq_count)- 0:21567 1:9473 2:0 3:0 4:0 5:22443 6:0 
9,1945,814223967,-,caller=T8356;nx679j: journal mirror: 262143 bytes (file open, kmsg=3 pmsg=4 rd=8)
9,1946,816263095,-,caller=T8357;nx679j: journal mirror: 262143 bytes (file open, kmsg=3 pmsg=4 rd=8)
9,1947,818303085,-,caller=T8358;nx679j: journal mirror: 262143 bytes (file open, kmsg=3 pmsg=4 rd=8)
9,1948,820339833,-,caller=T8359;nx679j: journal mirror: 262143 bytes (file open, kmsg=3 pmsg=4 rd=8)
6,1949,822261209,-,caller=T378;(virq:irq_count)- 11:32635 6:22688 1:21604 2:9531 35:2487 30:1536 301:1132 37:44 21:11 28:3 
6,1950,822261217,-,caller=T378;(cpu:irq_count)- 0:12194 1:919 2:592 3:479 4:2798 5:2803 6:2513 7:69383 
6,1951,822261222,-,caller=T378;(ipi:irq_count)- 0:21604 1:9531 2:0 3:0 4:0 5:22688 6:0 
9,1952,822377495,-,caller=T8360;nx679j: journal mirror: 262143 bytes (file open, kmsg=3 pmsg=4 rd=8)
9,1953,824416425,-,caller=T8361;nx679j: journal mirror: 262143 bytes (file open, kmsg=3 pmsg=4 rd=8)
9,1954,826455447,-,caller=T8362;nx679j: journal mirror: 262143 bytes (file open, kmsg=3 pmsg=4 rd=8)
9,1955,828494671,-,caller=T8363;nx679j: journal mirror: 262143 bytes (file open, kmsg=3 pmsg=4 rd=8)
9,1956,830533493,-,caller=T8364;nx679j: journal mirror: 262143 bytes (file open, kmsg=3 pmsg=4 rd=8)
6,1957,831733881,-,caller=T378;(virq:irq_count)- 11:32943 6:22935 1:21649 2:9585 35:2515 30:1551 301:1132 37:44 21:11 28:3 
6,1958,831733887,-,caller=T378;(cpu:irq_count)- 0:12291 1:919 2:592 3:479 4:2798 5:2803 6:2513 7:69983 
6,1959,831733890,-,caller=T378;(ipi:irq_count)- 0:21649 1:9585 2:0 3:0 4:0 5:22935 6:0 
9,1960,832571440,-,caller=T8365;nx679j: journal mirror: 262143 bytes (file open, kmsg=3 pmsg=4 rd=8)
9,1961,834611328,-,caller=T8366;nx679j: journal mirror: 262143 bytes (file open, kmsg=3 pmsg=4 rd=8)
9,1962,836649577,-,caller=T8367;nx679j: journal mirror: 262143 bytes (file open, kmsg=3 pmsg=4 rd=8)
9,1963,838689862,-,caller=T8368;nx679j: journal mirror: 262143 bytes (file open, kmsg=3 pmsg=4 rd=8)
9,1964,840728536,-,caller=T8369;nx679j: journal mirror: 262143 bytes (file open, kmsg=3 pmsg=4 rd=8)
6,1965,841205854,-,caller=T379;(virq:irq_count)- 11:33250 6:23183 1:21696 2:9637 35:2541 30:1566 301:1135 37:44 21:11 28:3 
6,1966,841205861,-,caller=T379;(cpu:irq_count)- 0:12388 1:919 2:592 3:479 4:2798 5:2803 6:2513 7:70584 
6,1967,841205864,-,caller=T379;(ipi:irq_count)- 0:21696 1:9637 2:0 3:0 4:0 5:23183 6:0 
9,1968,842765042,-,caller=T8370;nx679j: journal mirror: 262143 bytes (file open, kmsg=3 pmsg=4 rd=8)
9,1969,844803126,-,caller=T8371;nx679j: journal mirror: 262143 bytes (file open, kmsg=3 pmsg=4 rd=8)
9,1970,846843243,-,caller=T8372;nx679j: journal mirror: 262143 bytes (file open, kmsg=3 pmsg=4 rd=8)
9,1971,848883142,-,caller=T8373;nx679j: journal mirror: 262143 bytes (file open, kmsg=3 pmsg=4 rd=8)
6,1972,850677875,-,caller=T379;(virq:irq_count)- 11:33554 6:23426 1:21736 2:9690 35:2563 30:1578 301:1138 37:44 21:11 28:3 
6,1973,850677881,-,caller=T379;(cpu:irq_count)- 0:12481 1:919 2:592 3:479 4:2798 5:2803 6:2513 7:71168 
6,1974,850677884,-,caller=T379;(ipi:irq_count)- 0:21736 1:9690 2:0 3:0 4:0 5:23426 6:0 
9,1975,850922703,-,caller=T8374;nx679j: journal mirror: 262143 bytes (file open, kmsg=3 pmsg=4 rd=8)
9,1976,852962488,-,caller=T8375;nx679j: journal mirror: 262143 bytes (file open, kmsg=3 pmsg=4 rd=8)
9,1977,854999386,-,caller=T8376;nx679j: journal mirror: 262143 bytes (file open, kmsg=3 pmsg=4 rd=8)
9,1978,857039355,-,caller=T8377;nx679j: journal mirror: 262143 bytes (file open, kmsg=3 pmsg=4 rd=8)
9,1979,859078114,-,caller=T8378;nx679j: journal mirror: 262143 bytes (file open, kmsg=3 pmsg=4 rd=8)
6,1980,860149892,-,caller=T383;(virq:irq_count)- 11:33869 6:23674 1:21781 2:9737 35:2589 30:1593 301:1138 37:44 21:11 28:3 
6,1981,860149898,-,caller=T383;(cpu:irq_count)- 0:12569 1:919 2:592 3:479 4:2798 5:2803 6:2513 7:71776 
6,1982,860149901,-,caller=T383;(ipi:irq_count)- 0:21781 1:9737 2:0 3:0 4:0 5:23674 6:0 
9,1983,861117808,-,caller=T8379;nx679j: journal mirror: 262143 bytes (file open, kmsg=3 pmsg=4 rd=8)
9,1984,863155912,-,caller=T8380;nx679j: journal mirror: 262143 bytes (file open, kmsg=3 pmsg=4 rd=8)
9,1985,865192954,-,caller=T8381;nx679j: journal mirror: 262143 bytes (file open, kmsg=3 pmsg=4 rd=8)
9,1986,867232634,-,caller=T8382;nx679j: journal mirror: 262143 bytes (file open, kmsg=3 pmsg=4 rd=8)
9,1987,869271843,-,caller=T8383;nx679j: journal mirror: 262143 bytes (file open, kmsg=3 pmsg=4 rd=8)
6,1988,869620923,-,caller=T379;(virq:irq_count)- 11:34180 6:23919 1:21831 2:9791 35:2619 30:1608 301:1143 37:44 21:11 28:3 
6,1989,869620929,-,caller=T379;(cpu:irq_count)- 0:12679 1:919 2:592 3:479 4:2798 5:2803 6:2513 7:72376 
6,1990,869620932,-,caller=T379;(ipi:irq_count)- 0:21831 1:9791 2:0 3:0 4:0 5:23919 6:0 
9,1991,871310856,-,caller=T8384;nx679j: journal mirror: 262143 bytes (file open, kmsg=3 pmsg=4 rd=8)
9,1992,873350831,-,caller=T8385;nx679j: journal mirror: 262143 bytes (file open, kmsg=3 pmsg=4 rd=8)
9,1993,875390758,-,caller=T8386;nx679j: journal mirror: 262143 bytes (file open, kmsg=3 pmsg=4 rd=8)
9,1994,877428944,-,caller=T8387;nx679j: journal mirror: 262143 bytes (file open, kmsg=3 pmsg=4 rd=8)
6,1995,879092910,-,caller=T379;(virq:irq_count)- 11:34893 6:24262 1:22229 2:9869 35:2649 301:1680 30:1620 37:47 21:11 38:4 
6,1996,879092917,-,caller=T379;(cpu:irq_count)- 0:13483 1:932 2:592 3:479 4:2856 5:2860 6:2546 7:73526 
6,1997,879092920,-,caller=T379;(ipi:irq_count)- 0:22229 1:9869 2:0 3:0 4:0 5:24262 6:0 
9,1998,879468176,-,caller=T8388;nx679j: journal mirror: 262143 bytes (file open, kmsg=3 pmsg=4 rd=8)
9,1999,881496758,-,caller=T8416;nx679j: journal mirror: 262143 bytes (file open, kmsg=3 pmsg=4 rd=8)
9,2000,883551160,-,caller=T8417;nx679j: journal mirror: 262143 bytes (file open, kmsg=3 pmsg=4 rd=8)
9,2001,885587656,-,caller=T8418;nx679j: journal mirror: 262143 bytes (file open, kmsg=3 pmsg=4 rd=8)
9,2002,887626282,-,caller=T8419;nx679j: journal mirror: 262143 bytes (file open, kmsg=3 pmsg=4 rd=8)
6,2003,888565772,-,caller=T198;(virq:irq_count)- 11:35676 6:24587 1:22705 2:9951 35:2686 301:2434 30:1635 37:49 21:11 38:5 
6,2004,888565780,-,caller=T198;(cpu:irq_count)- 0:14499 1:950 2:594 3:481 4:2927 5:2959 6:2578 7:74761 
6,2005,888565784,-,caller=T198;(ipi:irq_count)- 0:22705 1:9951 2:0 3:0 4:0 5:24587 6:0 
9,2006,889662094,-,caller=T8420;nx679j: journal mirror: 262143 bytes (file open, kmsg=3 pmsg=4 rd=8)
9,2007,891699114,-,caller=T8421;nx679j: journal mirror: 262143 bytes (file open, kmsg=3 pmsg=4 rd=8)
9,2008,893737854,-,caller=T8422;nx679j: journal mirror: 262143 bytes (file open, kmsg=3 pmsg=4 rd=8)
9,2009,895775471,-,caller=T8423;nx679j: journal mirror: 262143 bytes (file open, kmsg=3 pmsg=4 rd=8)
9,2010,897811346,-,caller=T8424;nx679j: journal mirror: 262143 bytes (file open, kmsg=3 pmsg=4 rd=8)
6,2011,898037883,-,caller=T379;(virq:irq_count)- 11:35988 6:24837 1:22745 2:10006 35:2711 301:2434 30:1650 37:49 21:11 38:5 
6,2012,898037891,-,caller=T379;(cpu:irq_count)- 0:14594 1:950 2:594 3:481 4:2927 5:2959 6:2578 7:75363 
6,2013,898037895,-,caller=T379;(ipi:irq_count)- 0:22745 1:10006 2:0 3:0 4:0 5:24837 6:0 
9,2014,899848307,-,caller=T8425;nx679j: journal mirror: 262143 bytes (file open, kmsg=3 pmsg=4 rd=8)
9,2015,901886304,-,caller=T8426;nx679j: journal mirror: 262143 bytes (file open, kmsg=3 pmsg=4 rd=8)
9,2016,903923297,-,caller=T8427;nx679j: journal mirror: 262143 bytes (file open, kmsg=3 pmsg=4 rd=8)
9,2017,905960243,-,caller=T8428;nx679j: journal mirror: 262143 bytes (file open, kmsg=3 pmsg=4 rd=8)
6,2018,907509792,-,caller=T379;(virq:irq_count)- 11:36286 6:25081 1:22783 2:10052 35:2734 301:2437 30:1662 37:49 21:11 38:5 
6,2019,907509798,-,caller=T379;(cpu:irq_count)- 0:14683 1:950 2:594 3:481 4:2927 5:2959 6:2578 7:75938 
6,2020,907509801,-,caller=T379;(ipi:irq_count)- 0:22783 1:10052 2:0 3:0 4:0 5:25081 6:0 
9,2021,907993306,-,caller=T8429;nx679j: journal mirror: 262143 bytes (file open, kmsg=3 pmsg=4 rd=8)
9,2022,910033357,-,caller=T8430;nx679j: journal mirror: 262143 bytes (file open, kmsg=3 pmsg=4 rd=8)
9,2023,912071306,-,caller=T8431;nx679j: journal mirror: 262143 bytes (file open, kmsg=3 pmsg=4 rd=8)
9,2024,914109274,-,caller=T8432;nx679j: journal mirror: 262143 bytes (file open, kmsg=3 pmsg=4 rd=8)
9,2025,916147604,-,caller=T8433;nx679j: journal mirror: 262143 bytes (file open, kmsg=3 pmsg=4 rd=8)
6,2026,916981859,-,caller=T198;(virq:irq_count)- 11:36603 6:25337 1:22834 2:10107 35:2760 301:2443 30:1677 37:49 21:11 38:5 
6,2027,916981866,-,caller=T198;(cpu:irq_count)- 0:14796 1:950 2:594 3:481 4:2927 5:2959 6:2578 7:76551 
6,2028,916981868,-,caller=T198;(ipi:irq_count)- 0:22834 1:10107 2:0 3:0 4:0 5:25337 6:0 
9,2029,918183930,-,caller=T8434;nx679j: journal mirror: 262143 bytes (file open, kmsg=3 pmsg=4 rd=8)
9,2030,920222415,-,caller=T8435;nx679j: journal mirror: 262143 bytes (file open, kmsg=3 pmsg=4 rd=8)
9,2031,922259488,-,caller=T8436;nx679j: journal mirror: 262143 bytes (file open, kmsg=3 pmsg=4 rd=8)
9,2032,924298488,-,caller=T8437;nx679j: journal mirror: 262143 bytes (file open, kmsg=3 pmsg=4 rd=8)
9,2033,926337315,-,caller=T8438;nx679j: journal mirror: 262143 bytes (file open, kmsg=3 pmsg=4 rd=8)
6,2034,926453847,-,caller=T383;(virq:irq_count)- 11:36908 6:25581 1:22880 2:10151 35:2786 301:2443 30:1692 37:49 21:11 38:5 
6,2035,926453853,-,caller=T383;(cpu:irq_count)- 0:14881 1:950 2:594 3:481 4:2927 5:2959 6:2578 7:77146 
6,2036,926453856,-,caller=T383;(ipi:irq_count)- 0:22880 1:10151 2:0 3:0 4:0 5:25581 6:0 
9,2037,928373303,-,caller=T8439;nx679j: journal mirror: 262143 bytes (file open, kmsg=3 pmsg=4 rd=8)
9,2038,930410969,-,caller=T8440;nx679j: journal mirror: 262143 bytes (file open, kmsg=3 pmsg=4 rd=8)
9,2039,932448746,-,caller=T8441;nx679j: journal mirror: 262143 bytes (file open, kmsg=3 pmsg=4 rd=8)
9,2040,934487223,-,caller=T8442;nx679j: journal mirror: 262143 bytes (file open, kmsg=3 pmsg=4 rd=8)
6,2041,935925864,-,caller=T198;(virq:irq_count)- 11:37211 6:25830 1:22918 2:10204 35:2806 301:2449 30:1704 37:49 21:11 38:5 
6,2042,935925873,-,caller=T198;(cpu:irq_count)- 0:14977 1:950 2:594 3:481 4:2927 5:2959 6:2578 7:77731 
6,2043,935925878,-,caller=T198;(ipi:irq_count)- 0:22918 1:10204 2:0 3:0 4:0 5:25830 6:0 
9,2044,936524069,-,caller=T8443;nx679j: journal mirror: 262143 bytes (file open, kmsg=3 pmsg=4 rd=8)
9,2045,938559915,-,caller=T8444;nx679j: journal mirror: 262143 bytes (file open, kmsg=3 pmsg=4 rd=8)
9,2046,940596805,-,caller=T8445;nx679j: journal mirror: 262143 bytes (file open, kmsg=3 pmsg=4 rd=8)
9,2047,942634546,-,caller=T8446;nx679j: journal mirror: 262143 bytes (file open, kmsg=3 pmsg=4 rd=8)
9,2048,944673137,-,caller=T8447;nx679j: journal mirror: 262143 bytes (file open, kmsg=3 pmsg=4 rd=8)
6,2049,945397763,-,caller=T198;(virq:irq_count)- 11:37522 6:26080 1:22964 2:10266 35:2834 301:2449 30:1719 37:49 21:11 38:5 
6,2050,945397769,-,caller=T198;(cpu:irq_count)- 0:15082 1:950 2:594 3:481 4:2927 5:2959 6:2578 7:78338 
6,2051,945397772,-,caller=T198;(ipi:irq_count)- 0:22964 1:10266 2:0 3:0 4:0 5:26080 6:0 
9,2052,946710390,-,caller=T8448;nx679j: journal mirror: 262143 bytes (file open, kmsg=3 pmsg=4 rd=8)
9,2053,948746531,-,caller=T8449;nx679j: journal mirror: 262143 bytes (file open, kmsg=3 pmsg=4 rd=8)
9,2054,950785494,-,caller=T8450;nx679j: journal mirror: 262143 bytes (file open, kmsg=3 pmsg=4 rd=8)
9,2055,952822764,-,caller=T8451;nx679j: journal mirror: 262143 bytes (file open, kmsg=3 pmsg=4 rd=8)
9,2056,954861976,-,caller=T8452;nx679j: journal mirror: 262143 bytes (file open, kmsg=3 pmsg=4 rd=8)
6,2057,954868918,-,caller=T198;(virq:irq_count)- 11:37820 6:26327 1:23004 2:10315 35:2858 301:2449 30:1733 37:49 21:11 38:5 
6,2058,954868923,-,caller=T198;(cpu:irq_count)- 0:15168 1:950 2:594 3:481 4:2927 5:2959 6:2578 7:78924 
6,2059,954868926,-,caller=T198;(ipi:irq_count)- 0:23004 1:10315 2:0 3:0 4:0 5:26327 6:0 
9,2060,956900318,-,caller=T8453;nx679j: journal mirror: 262143 bytes (file open, kmsg=3 pmsg=4 rd=8)
9,2061,958933662,-,caller=T8491;nx679j: journal mirror: 262143 bytes (file open, kmsg=3 pmsg=4 rd=8)
9,2062,960966906,-,caller=T8501;nx679j: journal mirror: 262143 bytes (file open, kmsg=3 pmsg=4 rd=8)
9,2063,963006265,-,caller=T8502;nx679j: journal mirror: 262143 bytes (file open, kmsg=3 pmsg=4 rd=8)
6,2064,964341868,-,caller=T379;(virq:irq_count)- 11:38344 6:26652 1:23249 2:10397 35:2908 301:2679 30:1760 37:49 21:11 38:5 
6,2065,964341876,-,caller=T379;(cpu:irq_count)- 0:15644 1:952 2:594 3:481 4:2938 5:2994 6:2599 7:79862 
6,2066,964341881,-,caller=T379;(ipi:irq_count)- 0:23249 1:10397 2:0 3:0 4:0 5:26652 6:0 
9,2067,965045668,-,caller=T8503;nx679j: journal mirror: 262143 bytes (file open, kmsg=3 pmsg=4 rd=8)
9,2068,967084116,-,caller=T8504;nx679j: journal mirror: 262143 bytes (file open, kmsg=3 pmsg=4 rd=8)
9,2069,969121602,-,caller=T8505;nx679j: journal mirror: 262143 bytes (file open, kmsg=3 pmsg=4 rd=8)
9,2070,971161050,-,caller=T8506;nx679j: journal mirror: 262143 bytes (file open, kmsg=3 pmsg=4 rd=8)
9,2071,973199613,-,caller=T8507;nx679j: journal mirror: 262143 bytes (file open, kmsg=3 pmsg=4 rd=8)
6,2072,973813871,-,caller=T379;(virq:irq_count)- 11:38652 6:26899 1:23294 2:10444 35:2934 301:2681 30:1775 37:49 21:11 38:5 
6,2073,973813879,-,caller=T379;(cpu:irq_count)- 0:15738 1:952 2:594 3:481 4:2938 5:2994 6:2599 7:80458 
6,2074,973813884,-,caller=T379;(ipi:irq_count)- 0:23294 1:10444 2:0 3:0 4:0 5:26899 6:0 
9,2075,975236215,-,caller=T8508;nx679j: journal mirror: 262143 bytes (file open, kmsg=3 pmsg=4 rd=8)
9,2076,977273438,-,caller=T8509;nx679j: journal mirror: 262143 bytes (file open, kmsg=3 pmsg=4 rd=8)
9,2077,979310512,-,caller=T8510;nx679j: journal mirror: 262143 bytes (file open, kmsg=3 pmsg=4 rd=8)
9,2078,981349255,-,caller=T8511;nx679j: journal mirror: 262143 bytes (file open, kmsg=3 pmsg=4 rd=8)
6,2079,983285854,-,caller=T383;(virq:irq_count)- 11:38945 6:27142 1:23331 2:10503 35:2956 301:2681 30:1787 37:49 21:11 38:5 
6,2080,983285861,-,caller=T383;(cpu:irq_count)- 0:15831 1:952 2:594 3:481 4:2938 5:2994 6:2599 7:81031 
6,2081,983285863,-,caller=T383;(ipi:irq_count)- 0:23331 1:10503 2:0 3:0 4:0 5:27142 6:0 
9,2082,983387480,-,caller=T8512;nx679j: journal mirror: 262143 bytes (file open, kmsg=3 pmsg=4 rd=8)
9,2083,985424927,-,caller=T8513;nx679j: journal mirror: 262143 bytes (file open, kmsg=3 pmsg=4 rd=8)
9,2084,987462321,-,caller=T8514;nx679j: journal mirror: 262143 bytes (file open, kmsg=3 pmsg=4 rd=8)
9,2085,989500750,-,caller=T8515;nx679j: journal mirror: 262143 bytes (file open, kmsg=3 pmsg=4 rd=8)
9,2086,991540126,-,caller=T8516;nx679j: journal mirror: 262143 bytes (file open, kmsg=3 pmsg=4 rd=8)
6,2087,992757872,-,caller=T378;(virq:irq_count)- 11:39254 6:27388 1:23375 2:10554 35:2980 301:2686 30:1802 37:49 21:11 38:5 
6,2088,992757879,-,caller=T378;(cpu:irq_count)- 0:15932 1:952 2:594 3:481 4:2938 5:2994 6:2599 7:81624 
6,2089,992757882,-,caller=T378;(ipi:irq_count)- 0:23375 1:10554 2:0 3:0 4:0 5:27388 6:0 
9,2090,993578618,-,caller=T8517;nx679j: journal mirror: 262143 bytes (file open, kmsg=3 pmsg=4 rd=8)
9,2091,995616821,-,caller=T8518;nx679j: journal mirror: 262143 bytes (file open, kmsg=3 pmsg=4 rd=8)
9,2092,997653319,-,caller=T8519;nx679j: journal mirror: 262143 bytes (file open, kmsg=3 pmsg=4 rd=8)
9,2093,999690643,-,caller=T8520;nx679j: journal mirror: 262143 bytes (file open, kmsg=3 pmsg=4 rd=8)
9,2094,1001729737,-,caller=T8521;nx679j: journal mirror: 262143 bytes (file open, kmsg=3 pmsg=4 rd=8)
6,2095,1002228937,-,caller=T198;(virq:irq_count)- 11:39574 6:27641 1:23423 2:10617 35:3006 301:2691 30:1817 37:49 21:11 38:5 
6,2096,1002228944,-,caller=T198;(cpu:irq_count)- 0:16050 1:952 2:594 3:481 4:2938 5:2994 6:2599 7:82236 
6,2097,1002228947,-,caller=T198;(ipi:irq_count)- 0:23423 1:10617 2:0 3:0 4:0 5:27641 6:0 
9,2098,1003766843,-,caller=T8522;nx679j: journal mirror: 262143 bytes (file open, kmsg=3 pmsg=4 rd=8)
9,2099,1005805558,-,caller=T8523;nx679j: journal mirror: 262143 bytes (file open, kmsg=3 pmsg=4 rd=8)
9,2100,1007844790,-,caller=T8524;nx679j: journal mirror: 262143 bytes (file open, kmsg=3 pmsg=4 rd=8)
9,2101,1009879889,-,caller=T8525;nx679j: journal mirror: 262143 bytes (file open, kmsg=3 pmsg=4 rd=8)
6,2102,1011700946,-,caller=T378;(virq:irq_count)- 11:39870 6:27884 1:23459 2:10665 35:3028 301:2691 30:1829 37:49 21:11 38:5 
6,2103,1011700953,-,caller=T378;(cpu:irq_count)- 0:16132 1:952 2:594 3:481 4:2938 5:2994 6:2599 7:82811 
6,2104,1011700956,-,caller=T378;(ipi:irq_count)- 0:23459 1:10665 2:0 3:0 4:0 5:27884 6:0 
9,2105,1011918415,-,caller=T8526;nx679j: journal mirror: 262143 bytes (file open, kmsg=3 pmsg=4 rd=8)
9,2106,1013957060,-,caller=T8527;nx679j: journal mirror: 262143 bytes (file open, kmsg=3 pmsg=4 rd=8)
9,2107,1015995827,-,caller=T8528;nx679j: journal mirror: 262143 bytes (file open, kmsg=3 pmsg=4 rd=8)
9,2108,1018033303,-,caller=T8529;nx679j: journal mirror: 262143 bytes (file open, kmsg=3 pmsg=4 rd=8)
9,2109,1020069781,-,caller=T8530;nx679j: journal mirror: 262143 bytes (file open, kmsg=3 pmsg=4 rd=8)
6,2110,1021173814,-,caller=T198;(virq:irq_count)- 11:40175 6:28128 1:23502 2:10710 35:3054 301:2691 30:1844 37:49 21:11 38:5 
6,2111,1021173820,-,caller=T198;(cpu:irq_count)- 0:16218 1:952 2:594 3:481 4:2938 5:2994 6:2599 7:83403 
6,2112,1021173823,-,caller=T198;(ipi:irq_count)- 0:23502 1:10710 2:0 3:0 4:0 5:28128 6:0 
9,2113,1022106952,-,caller=T8531;nx679j: journal mirror: 262143 bytes (file open, kmsg=3 pmsg=4 rd=8)
9,2114,1024145641,-,caller=T8532;nx679j: journal mirror: 262143 bytes (file open, kmsg=3 pmsg=4 rd=8)
9,2115,1026183772,-,caller=T8533;nx679j: journal mirror: 262143 bytes (file open, kmsg=3 pmsg=4 rd=8)
9,2116,1028223154,-,caller=T8534;nx679j: journal mirror: 262143 bytes (file open, kmsg=3 pmsg=4 rd=8)
9,2117,1030258379,-,caller=T8535;nx679j: journal mirror: 262143 bytes (file open, kmsg=3 pmsg=4 rd=8)
6,2118,1030645870,-,caller=T198;(virq:irq_count)- 11:40484 6:28371 1:23549 2:10763 35:3082 301:2694 30:1859 37:49 21:11 38:5 
6,2119,1030645876,-,caller=T198;(cpu:irq_count)- 0:16321 1:952 2:594 3:481 4:2938 5:2994 6:2599 7:83998 
6,2120,1030645879,-,caller=T198;(ipi:irq_count)- 0:23549 1:10763 2:0 3:0 4:0 5:28371 6:0 
9,2121,1032296838,-,caller=T8536;nx679j: journal mirror: 262143 bytes (file open, kmsg=3 pmsg=4 rd=8)
9,2122,1034335306,-,caller=T8537;nx679j: journal mirror: 262143 bytes (file open, kmsg=3 pmsg=4 rd=8)
9,2123,1036373593,-,caller=T8538;nx679j: journal mirror: 262143 bytes (file open, kmsg=3 pmsg=4 rd=8)
9,2124,1038412160,-,caller=T8539;nx679j: journal mirror: 262143 bytes (file open, kmsg=3 pmsg=4 rd=8)
6,2125,1040117878,-,caller=T198;(virq:irq_count)- 11:40782 6:28618 1:23597 2:10810 35:3106 301:2698 30:1871 37:49 21:11 38:5 
6,2126,1040117885,-,caller=T198;(cpu:irq_count)- 0:16413 1:952 2:594 3:481 4:2939 5:2995 6:2600 7:84583 
6,2127,1040117888,-,caller=T198;(ipi:irq_count)- 0:23597 1:10810 2:0 3:0 4:0 5:28618 6:0 
9,2128,1040449810,-,caller=T8540;nx679j: journal mirror: 262143 bytes (file open, kmsg=3 pmsg=4 rd=8)
9,2129,1042487984,-,caller=T8541;nx679j: journal mirror: 262143 bytes (file open, kmsg=3 pmsg=4 rd=8)
9,2130,1044524772,-,caller=T8542;nx679j: journal mirror: 262143 bytes (file open, kmsg=3 pmsg=4 rd=8)
9,2131,1046563157,-,caller=T8543;nx679j: journal mirror: 262143 bytes (file open, kmsg=3 pmsg=4 rd=8)
9,2132,1048600927,-,caller=T8544;nx679j: journal mirror: 262143 bytes (file open, kmsg=3 pmsg=4 rd=8)
6,2133,1049589876,-,caller=T378;(virq:irq_count)- 11:41093 6:28877 1:23645 2:10864 35:3134 301:2701 30:1886 37:49 21:11 38:5 
6,2134,1049589882,-,caller=T378;(cpu:irq_count)- 0:16518 1:952 2:594 3:481 4:2939 5:2995 6:2600 7:85196 
6,2135,1049589885,-,caller=T378;(ipi:irq_count)- 0:23645 1:10864 2:0 3:0 4:0 5:28877 6:0 
9,2136,1050638031,-,caller=T8545;nx679j: journal mirror: 262143 bytes (file open, kmsg=3 pmsg=4 rd=8)
9,2137,1052677660,-,caller=T8546;nx679j: journal mirror: 262143 bytes (file open, kmsg=3 pmsg=4 rd=8)
9,2138,1054714229,-,caller=T8547;nx679j: journal mirror: 262143 bytes (file open, kmsg=3 pmsg=4 rd=8)
9,2139,1056752386,-,caller=T8548;nx679j: journal mirror: 262143 bytes (file open, kmsg=3 pmsg=4 rd=8)
9,2140,1058791884,-,caller=T8549;nx679j: journal mirror: 262143 bytes (file open, kmsg=3 pmsg=4 rd=8)
6,2141,1059061815,-,caller=T198;(virq:irq_count)- 11:41410 6:29134 1:23695 2:10919 35:3158 301:2708 30:1901 37:49 21:11 38:5 
6,2142,1059061821,-,caller=T198;(cpu:irq_count)- 0:16629 1:952 2:594 3:481 4:2939 5:2995 6:2600 7:85810 
6,2143,1059061824,-,caller=T198;(ipi:irq_count)- 0:23695 1:10919 2:0 3:0 4:0 5:29134 6:0 
9,2144,1060828062,-,caller=T8550;nx679j: journal mirror: 262143 bytes (file open, kmsg=3 pmsg=4 rd=8)
9,2145,1062866736,-,caller=T8551;nx679j: journal mirror: 262143 bytes (file open, kmsg=3 pmsg=4 rd=8)
9,2146,1064905271,-,caller=T8552;nx679j: journal mirror: 262143 bytes (file open, kmsg=3 pmsg=4 rd=8)
9,2147,1066942817,-,caller=T8553;nx679j: journal mirror: 262143 bytes (file open, kmsg=3 pmsg=4 rd=8)
6,2148,1068533846,-,caller=T378;(virq:irq_count)- 11:41708 6:29379 1:23733 2:10967 35:3178 301:2710 30:1913 37:49 21:11 38:5 
6,2149,1068533852,-,caller=T378;(cpu:irq_count)- 0:16714 1:952 2:594 3:481 4:2939 5:2995 6:2600 7:86388 
6,2150,1068533855,-,caller=T378;(ipi:irq_count)- 0:23733 1:10967 2:0 3:0 4:0 5:29379 6:0 
9,2151,1068981146,-,caller=T8554;nx679j: journal mirror: 262143 bytes (file open, kmsg=3 pmsg=4 rd=8)
9,2152,1071017340,-,caller=T8555;nx679j: journal mirror: 262143 bytes (file open, kmsg=3 pmsg=4 rd=8)
9,2153,1073054934,-,caller=T8556;nx679j: journal mirror: 262143 bytes (file open, kmsg=3 pmsg=4 rd=8)
9,2154,1075092346,-,caller=T8557;nx679j: journal mirror: 262143 bytes (file open, kmsg=3 pmsg=4 rd=8)
9,2155,1077130793,-,caller=T8558;nx679j: journal mirror: 262143 bytes (file open, kmsg=3 pmsg=4 rd=8)
6,2156,1078005860,-,caller=T383;(virq:irq_count)- 11:42017 6:29625 1:23775 2:11024 35:3204 301:2710 30:1928 37:49 21:11 38:5 
6,2157,1078005867,-,caller=T383;(cpu:irq_count)- 0:16812 1:952 2:594 3:481 4:2939 5:2995 6:2600 7:86985 
6,2158,1078005870,-,caller=T383;(ipi:irq_count)- 0:23775 1:11024 2:0 3:0 4:0 5:29625 6:0 
9,2159,1079170003,-,caller=T8559;nx679j: journal mirror: 262143 bytes (file open, kmsg=3 pmsg=4 rd=8)
9,2160,1081206454,-,caller=T8560;nx679j: journal mirror: 262143 bytes (file open, kmsg=3 pmsg=4 rd=8)
9,2161,1083244824,-,caller=T8561;nx679j: journal mirror: 262143 bytes (file open, kmsg=3 pmsg=4 rd=8)
9,2162,1085284542,-,caller=T8562;nx679j: journal mirror: 262143 bytes (file open, kmsg=3 pmsg=4 rd=8)
9,2163,1087319243,-,caller=T8573;nx679j: journal mirror: 262143 bytes (file open, kmsg=3 pmsg=4 rd=8)
6,2164,1087477898,-,caller=T383;(virq:irq_count)- 11:42394 6:29888 1:23880 2:11084 35:3236 301:2778 30:1943 37:49 21:11 38:5 
6,2165,1087477905,-,caller=T383;(cpu:irq_count)- 0:17011 1:953 2:594 3:481 4:2951 5:3002 6:2604 7:87682 
6,2166,1087477910,-,caller=T383;(ipi:irq_count)- 0:23880 1:11084 2:0 3:0 4:0 5:29888 6:0 
9,2167,1089357917,-,caller=T8574;nx679j: journal mirror: 262143 bytes (file open, kmsg=3 pmsg=4 rd=8)
9,2168,1091395372,-,caller=T8575;nx679j: journal mirror: 262143 bytes (file open, kmsg=3 pmsg=4 rd=8)
9,2169,1093433747,-,caller=T8576;nx679j: journal mirror: 262143 bytes (file open, kmsg=3 pmsg=4 rd=8)
9,2170,1095471317,-,caller=T8577;nx679j: journal mirror: 262143 bytes (file open, kmsg=3 pmsg=4 rd=8)
6,2171,1096949866,-,caller=T378;(virq:irq_count)- 11:42700 6:30134 1:23920 2:11136 35:3259 301:2782 30:1955 37:49 21:11 38:5 
6,2172,1096949873,-,caller=T378;(cpu:irq_count)- 0:17107 1:953 2:594 3:481 4:2951 5:3003 6:2604 7:88268 
6,2173,1096949876,-,caller=T378;(ipi:irq_count)- 0:23920 1:11136 2:0 3:0 4:0 5:30134 6:0 
9,2174,1097511070,-,caller=T8578;nx679j: journal mirror: 262143 bytes (file open, kmsg=3 pmsg=4 rd=8)
9,2175,1099549771,-,caller=T8579;nx679j: journal mirror: 262143 bytes (file open, kmsg=3 pmsg=4 rd=8)
9,2176,1101585807,-,caller=T8580;nx679j: journal mirror: 262143 bytes (file open, kmsg=3 pmsg=4 rd=8)
9,2177,1103624324,-,caller=T8581;nx679j: journal mirror: 262143 bytes (file open, kmsg=3 pmsg=4 rd=8)
9,2178,1105660005,-,caller=T8582;nx679j: journal mirror: 262143 bytes (file open, kmsg=3 pmsg=4 rd=8)
6,2179,1106421870,-,caller=T198;(virq:irq_count)- 11:43014 6:30385 1:23966 2:11187 35:3289 301:2784 30:1970 37:49 21:11 38:5 
6,2180,1106421877,-,caller=T198;(cpu:irq_count)- 0:17207 1:953 2:594 3:481 4:2951 5:3003 6:2604 7:88877 
6,2181,1106421880,-,caller=T198;(ipi:irq_count)- 0:23966 1:11187 2:0 3:0 4:0 5:30385 6:0 
9,2182,1107698232,-,caller=T8583;nx679j: journal mirror: 262143 bytes (file open, kmsg=3 pmsg=4 rd=8)
9,2183,1109737751,-,caller=T8584;nx679j: journal mirror: 262143 bytes (file open, kmsg=3 pmsg=4 rd=8)
9,2184,1111775780,-,caller=T8585;nx679j: journal mirror: 262143 bytes (file open, kmsg=3 pmsg=4 rd=8)
9,2185,1113812696,-,caller=T8586;nx679j: journal mirror: 262143 bytes (file open, kmsg=3 pmsg=4 rd=8)
9,2186,1115848432,-,caller=T8593;nx679j: journal mirror: 262143 bytes (file open, kmsg=3 pmsg=4 rd=8)
6,2187,1115892910,-,caller=T378;(virq:irq_count)- 11:43365 6:30654 1:24043 2:11243 35:3320 301:2826 30:1985 37:50 21:11 38:5 
6,2188,1115892917,-,caller=T378;(cpu:irq_count)- 0:17378 1:955 2:594 3:481 4:2956 5:3005 6:2606 7:89537 
6,2189,1115892921,-,caller=T378;(ipi:irq_count)- 0:24043 1:11243 2:0 3:0 4:0 5:30654 6:0 
9,2190,1117887150,-,caller=T8594;nx679j: journal mirror: 262143 bytes (file open, kmsg=3 pmsg=4 rd=8)
9,2191,1119924538,-,caller=T8595;nx679j: journal mirror: 262143 bytes (file open, kmsg=3 pmsg=4 rd=8)
9,2192,1121962137,-,caller=T8596;nx679j: journal mirror: 262143 bytes (file open, kmsg=3 pmsg=4 rd=8)
9,2193,1124001824,-,caller=T8597;nx679j: journal mirror: 262143 bytes (file open, kmsg=3 pmsg=4 rd=8)
6,2194,1125364947,-,caller=T383;(virq:irq_count)- 11:43668 6:30895 1:24078 2:11291 35:3340 301:2828 30:1997 37:50 21:11 38:5 
6,2195,1125364953,-,caller=T383;(cpu:irq_count)- 0:17463 1:955 2:594 3:481 4:2956 5:3005 6:2606 7:90113 
6,2196,1125364956,-,caller=T383;(ipi:irq_count)- 0:24078 1:11291 2:0 3:0 4:0 5:30895 6:0 
9,2197,1126039597,-,caller=T8598;nx679j: journal mirror: 262143 bytes (file open, kmsg=3 pmsg=4 rd=8)
9,2198,1128079208,-,caller=T8599;nx679j: journal mirror: 262143 bytes (file open, kmsg=3 pmsg=4 rd=8)
9,2199,1130116834,-,caller=T8600;nx679j: journal mirror: 262143 bytes (file open, kmsg=3 pmsg=4 rd=8)
9,2200,1132154780,-,caller=T8601;nx679j: journal mirror: 262143 bytes (file open, kmsg=3 pmsg=4 rd=8)
9,2201,1134192550,-,caller=T8602;nx679j: journal mirror: 262143 bytes (file open, kmsg=3 pmsg=4 rd=8)
6,2202,1134837814,-,caller=T378;(virq:irq_count)- 11:43979 6:31144 1:24124 2:11344 35:3366 301:2828 30:2012 37:50 21:11 38:5 
6,2203,1134837820,-,caller=T378;(cpu:irq_count)- 0:17557 1:955 2:594 3:481 4:2956 5:3005 6:2607 7:90718 
6,2204,1134837823,-,caller=T378;(ipi:irq_count)- 0:24124 1:11344 2:0 3:0 4:0 5:31144 6:0 
9,2205,1136231226,-,caller=T8603;nx679j: journal mirror: 262143 bytes (file open, kmsg=3 pmsg=4 rd=8)
9,2206,1138268923,-,caller=T8604;nx679j: journal mirror: 262143 bytes (file open, kmsg=3 pmsg=4 rd=8)
9,2207,1140307692,-,caller=T8605;nx679j: journal mirror: 262143 bytes (file open, kmsg=3 pmsg=4 rd=8)
9,2208,1142347328,-,caller=T8606;nx679j: journal mirror: 262143 bytes (file open, kmsg=3 pmsg=4 rd=8)
6,2209,1144309802,-,caller=T378;(virq:irq_count)- 11:44281 6:31384 1:24161 2:11400 35:3388 301:2829 30:2024 37:50 21:11 38:5 
6,2210,1144309808,-,caller=T378;(cpu:irq_count)- 0:17650 1:955 2:594 3:481 4:2956 5:3005 6:2607 7:91295 
6,2211,1144309811,-,caller=T378;(ipi:irq_count)- 0:24161 1:11400 2:0 3:0 4:0 5:31384 6:0 
9,2212,1144382073,-,caller=T8607;nx679j: journal mirror: 262143 bytes (file open, kmsg=3 pmsg=4 rd=8)
9,2213,1146420467,-,caller=T8608;nx679j: journal mirror: 262143 bytes (file open, kmsg=3 pmsg=4 rd=8)
9,2214,1148458417,-,caller=T8609;nx679j: journal mirror: 262143 bytes (file open, kmsg=3 pmsg=4 rd=8)
9,2215,1150494952,-,caller=T8610;nx679j: journal mirror: 262143 bytes (file open, kmsg=3 pmsg=4 rd=8)
9,2216,1152532613,-,caller=T8611;nx679j: journal mirror: 262143 bytes (file open, kmsg=3 pmsg=4 rd=8)
6,2217,1153781845,-,caller=T378;(virq:irq_count)- 11:44599 6:31642 1:24208 2:11459 35:3416 301:2831 30:2039 37:50 21:11 38:5 
6,2218,1153781852,-,caller=T378;(cpu:irq_count)- 0:17759 1:956 2:594 3:481 4:2956 5:3005 6:2607 7:91912 
6,2219,1153781856,-,caller=T378;(ipi:irq_count)- 0:24208 1:11459 2:0 3:0 4:0 5:31642 6:0 
9,2220,1154567956,-,caller=T8612;nx679j: journal mirror: 262143 bytes (file open, kmsg=3 pmsg=4 rd=8)
9,2221,1156606756,-,caller=T8613;nx679j: journal mirror: 262143 bytes (file open, kmsg=3 pmsg=4 rd=8)
9,2222,1158645091,-,caller=T8614;nx679j: journal mirror: 262143 bytes (file open, kmsg=3 pmsg=4 rd=8)
9,2223,1160681790,-,caller=T8621;nx679j: journal mirror: 262143 bytes (file open, kmsg=3 pmsg=4 rd=8)
9,2224,1162721517,-,caller=T8622;nx679j: journal mirror: 262143 bytes (file open, kmsg=3 pmsg=4 rd=8)
6,2225,1163253758,-,caller=T383;(virq:irq_count)- 11:44949 6:31904 1:24288 2:11521 35:3448 301:2867 30:2054 37:50 21:11 38:5 
6,2226,1163253764,-,caller=T383;(cpu:irq_count)- 0:17923 1:957 2:594 3:481 4:2957 5:3008 6:2609 7:92578 
6,2227,1163253767,-,caller=T383;(ipi:irq_count)- 0:24288 1:11521 2:0 3:0 4:0 5:31904 6:0 
9,2228,1164757843,-,caller=T8623;nx679j: journal mirror: 262143 bytes (file open, kmsg=3 pmsg=4 rd=8)
9,2229,1166797355,-,caller=T8624;nx679j: journal mirror: 262143 bytes (file open, kmsg=3 pmsg=4 rd=8)
9,2230,1168835851,-,caller=T8625;nx679j: journal mirror: 262143 bytes (file open, kmsg=3 pmsg=4 rd=8)
9,2231,1170874651,-,caller=T8626;nx679j: journal mirror: 262143 bytes (file open, kmsg=3 pmsg=4 rd=8)
6,2232,1172725815,-,caller=T198;(virq:irq_count)- 11:45251 6:32150 1:24326 2:11571 35:3470 301:2871 30:2066 37:50 21:11 38:5 
6,2233,1172725821,-,caller=T198;(cpu:irq_count)- 0:18015 1:957 2:594 3:481 4:2957 5:3008 6:2609 7:93160 
6,2234,1172725824,-,caller=T198;(ipi:irq_count)- 0:24326 1:11571 2:0 3:0 4:0 5:32150 6:0 
9,2235,1172914244,-,caller=T8627;nx679j: journal mirror: 262143 bytes (file open, kmsg=3 pmsg=4 rd=8)
9,2236,1174949998,-,caller=T8628;nx679j: journal mirror: 262143 bytes (file open, kmsg=3 pmsg=4 rd=8)
9,2237,1176987914,-,caller=T8629;nx679j: journal mirror: 262143 bytes (file open, kmsg=3 pmsg=4 rd=8)
9,2238,1179026561,-,caller=T8630;nx679j: journal mirror: 262143 bytes (file open, kmsg=3 pmsg=4 rd=8)
9,2239,1181065456,-,caller=T8631;nx679j: journal mirror: 262143 bytes (file open, kmsg=3 pmsg=4 rd=8)
6,2240,1182197879,-,caller=T198;(virq:irq_count)- 11:45683 6:32438 1:24518 2:11635 35:3508 301:3018 30:2081 37:51 21:11 38:5 
6,2241,1182197885,-,caller=T198;(cpu:irq_count)- 0:18325 1:962 2:594 3:481 4:2967 5:3032 6:2618 7:93979 
6,2242,1182197888,-,caller=T198;(ipi:irq_count)- 0:24518 1:11635 2:0 3:0 4:0 5:32438 6:0 
9,2243,1183101430,-,caller=T8641;nx679j: journal mirror: 262143 bytes (file open, kmsg=3 pmsg=4 rd=8)
9,2244,1185138322,-,caller=T8642;nx679j: journal mirror: 262143 bytes (file open, kmsg=3 pmsg=4 rd=8)
9,2245,1187176935,-,caller=T8643;nx679j: journal mirror: 262143 bytes (file open, kmsg=3 pmsg=4 rd=8)
9,2246,1189215818,-,caller=T8644;nx679j: journal mirror: 262143 bytes (file open, kmsg=3 pmsg=4 rd=8)
9,2247,1191254542,-,caller=T8645;nx679j: journal mirror: 262143 bytes (file open, kmsg=3 pmsg=4 rd=8)
6,2248,1191669870,-,caller=T378;(virq:irq_count)- 11:45993 6:32688 1:24565 2:11692 35:3536 301:3018 30:2096 37:51 21:11 38:5 
6,2249,1191669876,-,caller=T378;(cpu:irq_count)- 0:18425 1:962 2:594 3:481 4:2967 5:3033 6:2618 7:94585 
6,2250,1191669879,-,caller=T378;(ipi:irq_count)- 0:24565 1:11692 2:0 3:0 4:0 5:32688 6:0 
9,2251,1193293157,-,caller=T8646;nx679j: journal mirror: 262143 bytes (file open, kmsg=3 pmsg=4 rd=8)
9,2252,1195329084,-,caller=T8647;nx679j: journal mirror: 262143 bytes (file open, kmsg=3 pmsg=4 rd=8)
9,2253,1197367703,-,caller=T8648;nx679j: journal mirror: 262143 bytes (file open, kmsg=3 pmsg=4 rd=8)
9,2254,1199407519,-,caller=T8649;nx679j: journal mirror: 262143 bytes (file open, kmsg=3 pmsg=4 rd=8)
6,2255,1201141887,-,caller=T378;(virq:irq_count)- 11:46295 6:32934 1:24599 2:11745 35:3558 301:3019 30:2108 37:51 21:11 38:5 
6,2256,1201141895,-,caller=T378;(cpu:irq_count)- 0:18515 1:962 2:594 3:481 4:2967 5:3033 6:2618 7:95165 
6,2257,1201141899,-,caller=T378;(ipi:irq_count)- 0:24599 1:11745 2:0 3:0 4:0 5:32934 6:0 
9,2258,1201445302,-,caller=T8650;nx679j: journal mirror: 262143 bytes (file open, kmsg=3 pmsg=4 rd=8)
9,2259,1203483086,-,caller=T8651;nx679j: journal mirror: 262143 bytes (file open, kmsg=3 pmsg=4 rd=8)
9,2260,1205519642,-,caller=T8652;nx679j: journal mirror: 262143 bytes (file open, kmsg=3 pmsg=4 rd=8)
9,2261,1207558723,-,caller=T8653;nx679j: journal mirror: 262143 bytes (file open, kmsg=3 pmsg=4 rd=8)
9,2262,1209595018,-,caller=T8654;nx679j: journal mirror: 262143 bytes (file open, kmsg=3 pmsg=4 rd=8)
6,2263,1210613870,-,caller=T378;(virq:irq_count)- 11:46606 6:33179 1:24641 2:11800 35:3584 301:3019 30:2123 37:51 21:11 38:5 
6,2264,1210613876,-,caller=T378;(cpu:irq_count)- 0:18611 1:962 2:594 3:481 4:2967 5:3033 6:2618 7:95763 
6,2265,1210613879,-,caller=T378;(ipi:irq_count)- 0:24641 1:11800 2:0 3:0 4:0 5:33179 6:0 
9,2266,1211632806,-,caller=T8655;nx679j: journal mirror: 262143 bytes (file open, kmsg=3 pmsg=4 rd=8)
9,2267,1213669576,-,caller=T8656;nx679j: journal mirror: 262143 bytes (file open, kmsg=3 pmsg=4 rd=8)
9,2268,1215705289,-,caller=T8657;nx679j: journal mirror: 262143 bytes (file open, kmsg=3 pmsg=4 rd=8)
9,2269,1217746061,-,caller=T8658;nx679j: journal mirror: 262143 bytes (file open, kmsg=3 pmsg=4 rd=8)
9,2270,1219783867,-,caller=T8659;nx679j: journal mirror: 262143 bytes (file open, kmsg=3 pmsg=4 rd=8)
6,2271,1220085876,-,caller=T383;(virq:irq_count)- 11:46913 6:33423 1:24685 2:11851 35:3610 301:3019 30:2138 37:51 21:11 38:5 
6,2272,1220085883,-,caller=T383;(cpu:irq_count)- 0:18706 1:962 2:594 3:481 4:2967 5:3033 6:2618 7:96355 
6,2273,1220085887,-,caller=T383;(ipi:irq_count)- 0:24685 1:11851 2:0 3:0 4:0 5:33423 6:0 
9,2274,1221821770,-,caller=T8660;nx679j: journal mirror: 262143 bytes (file open, kmsg=3 pmsg=4 rd=8)
9,2275,1223861709,-,caller=T8661;nx679j: journal mirror: 262143 bytes (file open, kmsg=3 pmsg=4 rd=8)
9,2276,1225898360,-,caller=T8662;nx679j: journal mirror: 262143 bytes (file open, kmsg=3 pmsg=4 rd=8)
9,2277,1227936846,-,caller=T8663;nx679j: journal mirror: 262143 bytes (file open, kmsg=3 pmsg=4 rd=8)
6,2278,1229556935,-,caller=T198;(virq:irq_count)- 11:47209 6:33668 1:24723 2:11895 35:3632 301:3023 30:2150 37:51 21:11 38:5 
6,2279,1229556941,-,caller=T198;(cpu:irq_count)- 0:18792 1:962 2:594 3:481 4:2967 5:3033 6:2618 7:96930 
6,2280,1229556944,-,caller=T198;(ipi:irq_count)- 0:24723 1:11895 2:0 3:0 4:0 5:33668 6:0 
9,2281,1229976602,-,caller=T8664;nx679j: journal mirror: 262143 bytes (file open, kmsg=3 pmsg=4 rd=8)
9,2282,1232015515,-,caller=T8665;nx679j: journal mirror: 262143 bytes (file open, kmsg=3 pmsg=4 rd=8)
9,2283,1234053427,-,caller=T8666;nx679j: journal mirror: 262143 bytes (file open, kmsg=3 pmsg=4 rd=8)
9,2284,1236092201,-,caller=T8667;nx679j: journal mirror: 262143 bytes (file open, kmsg=3 pmsg=4 rd=8)
9,2285,1238129002,-,caller=T8668;nx679j: journal mirror: 262143 bytes (file open, kmsg=3 pmsg=4 rd=8)
6,2286,1239029889,-,caller=T198;(virq:irq_count)- 11:47526 6:33915 1:24771 2:11950 35:3658 301:3029 30:2165 37:51 21:11 38:5 
6,2287,1239029897,-,caller=T198;(cpu:irq_count)- 0:18899 1:962 2:594 3:481 4:2967 5:3033 6:2618 7:97537 
6,2288,1239029901,-,caller=T198;(ipi:irq_count)- 0:24771 1:11950 2:0 3:0 4:0 5:33915 6:0 
9,2289,1240167345,-,caller=T8669;nx679j: journal mirror: 262143 bytes (file open, kmsg=3 pmsg=4 rd=8)
9,2290,1242205048,-,caller=T8670;nx679j: journal mirror: 262143 bytes (file open, kmsg=3 pmsg=4 rd=8)
9,2291,1244243003,-,caller=T8671;nx679j: journal mirror: 262143 bytes (file open, kmsg=3 pmsg=4 rd=8)
9,2292,1246281583,-,caller=T8672;nx679j: journal mirror: 262143 bytes (file open, kmsg=3 pmsg=4 rd=8)
9,2293,1248318049,-,caller=T8673;nx679j: journal mirror: 262143 bytes (file open, kmsg=3 pmsg=4 rd=8)
6,2294,1248501795,-,caller=T198;(virq:irq_count)- 11:47849 6:34170 1:24817 2:12016 35:3684 301:3029 30:2180 37:51 21:11 38:5 
6,2295,1248501803,-,caller=T198;(cpu:irq_count)- 0:19006 1:962 2:594 3:481 4:2968 5:3034 6:2618 7:98159 
6,2296,1248501807,-,caller=T198;(ipi:irq_count)- 0:24817 1:12016 2:0 3:0 4:0 5:34170 6:0 
9,2297,1250356034,-,caller=T8674;nx679j: journal mirror: 262143 bytes (file open, kmsg=3 pmsg=4 rd=8)
9,2298,1252393177,-,caller=T8675;nx679j: journal mirror: 262143 bytes (file open, kmsg=3 pmsg=4 rd=8)
9,2299,1254432791,-,caller=T8676;nx679j: journal mirror: 262143 bytes (file open, kmsg=3 pmsg=4 rd=8)
9,2300,1256470685,-,caller=T8677;nx679j: journal mirror: 262143 bytes (file open, kmsg=3 pmsg=4 rd=8)
6,2301,1257973893,-,caller=T198;(virq:irq_count)- 11:48143 6:34411 1:24852 2:12065 35:3704 301:3029 30:2192 37:51 21:11 38:5 
6,2302,1257973899,-,caller=T198;(cpu:irq_count)- 0:19087 1:962 2:594 3:481 4:2968 5:3034 6:2618 7:98729 
6,2303,1257973902,-,caller=T198;(ipi:irq_count)- 0:24852 1:12065 2:0 3:0 4:0 5:34411 6:0 
9,2304,1258505167,-,caller=T8678;nx679j: journal mirror: 262143 bytes (file open, kmsg=3 pmsg=4 rd=8)
9,2305,1260544129,-,caller=T8679;nx679j: journal mirror: 262143 bytes (file open, kmsg=3 pmsg=4 rd=8)
9,2306,1262582768,-,caller=T8680;nx679j: journal mirror: 262143 bytes (file open, kmsg=3 pmsg=4 rd=8)
9,2307,1264620208,-,caller=T8681;nx679j: journal mirror: 262143 bytes (file open, kmsg=3 pmsg=4 rd=8)
9,2308,1266659294,-,caller=T8682;nx679j: journal mirror: 262143 bytes (file open, kmsg=3 pmsg=4 rd=8)
6,2309,1267445770,-,caller=T378;(virq:irq_count)- 11:48453 6:34658 1:24896 2:12122 35:3730 301:3029 30:2207 37:51 21:11 38:5 
6,2310,1267445776,-,caller=T378;(cpu:irq_count)- 0:19185 1:962 2:594 3:481 4:2968 5:3034 6:2618 7:99330 
6,2311,1267445780,-,caller=T378;(ipi:irq_count)- 0:24896 1:12122 2:0 3:0 4:0 5:34658 6:0 
9,2312,1268696051,-,caller=T8683;nx679j: journal mirror: 262143 bytes (file open, kmsg=3 pmsg=4 rd=8)
9,2313,1270734999,-,caller=T8684;nx679j: journal mirror: 262143 bytes (file open, kmsg=3 pmsg=4 rd=8)
9,2314,1272773832,-,caller=T8685;nx679j: journal mirror: 262143 bytes (file open, kmsg=3 pmsg=4 rd=8)
9,2315,1274813634,-,caller=T8686;nx679j: journal mirror: 262143 bytes (file open, kmsg=3 pmsg=4 rd=8)
9,2316,1276851198,-,caller=T8687;nx679j: journal mirror: 262143 bytes (file open, kmsg=3 pmsg=4 rd=8)
6,2317,1276916922,-,caller=T383;(virq:irq_count)- 11:48771 6:34910 1:24945 2:12178 35:3756 301:3032 30:2222 37:51 21:11 38:5 
6,2318,1276916929,-,caller=T383;(cpu:irq_count)- 0:19289 1:962 2:594 3:481 4:2968 5:3034 6:2618 7:99945 
6,2319,1276916932,-,caller=T383;(ipi:irq_count)- 0:24945 1:12178 2:0 3:0 4:0 5:34910 6:0 
9,2320,1278886074,-,caller=T8688;nx679j: journal mirror: 262143 bytes (file open, kmsg=3 pmsg=4 rd=8)
9,2321,1280925633,-,caller=T8689;nx679j: journal mirror: 262143 bytes (file open, kmsg=3 pmsg=4 rd=8)
9,2322,1282963299,-,caller=T8690;nx679j: journal mirror: 262143 bytes (file open, kmsg=3 pmsg=4 rd=8)
9,2323,1285002335,-,caller=T8691;nx679j: journal mirror: 262143 bytes (file open, kmsg=3 pmsg=4 rd=8)
6,2324,1286389778,-,caller=T378;(virq:irq_count)- 11:49073 6:35162 1:24985 2:12232 35:3778 301:3035 30:2234 37:51 21:11 38:5 
6,2325,1286389784,-,caller=T378;(cpu:irq_count)- 0:19386 1:963 2:594 3:481 4:2968 5:3034 6:2618 7:100532 
6,2326,1286389787,-,caller=T378;(ipi:irq_count)- 0:24985 1:12232 2:0 3:0 4:0 5:35162 6:0 
9,2327,1287041338,-,caller=T8692;nx679j: journal mirror: 262143 bytes (file open, kmsg=3 pmsg=4 rd=8)
9,2328,1289078030,-,caller=T8693;nx679j: journal mirror: 262143 bytes (file open, kmsg=3 pmsg=4 rd=8)
9,2329,1291116699,-,caller=T8694;nx679j: journal mirror: 262143 bytes (file open, kmsg=3 pmsg=4 rd=8)
9,2330,1293155539,-,caller=T8695;nx679j: journal mirror: 262143 bytes (file open, kmsg=3 pmsg=4 rd=8)
9,2331,1295193127,-,caller=T8696;nx679j: journal mirror: 262143 bytes (file open, kmsg=3 pmsg=4 rd=8)
6,2332,1295861901,-,caller=T198;(virq:irq_count)- 11:49389 6:35416 1:25033 2:12293 35:3806 301:3039 30:2249 37:51 21:11 38:5 
6,2333,1295861909,-,caller=T198;(cpu:irq_count)- 0:19499 1:963 2:594 3:481 4:2968 5:3034 6:2618 7:101145 
6,2334,1295861914,-,caller=T198;(ipi:irq_count)- 0:25033 1:12293 2:0 3:0 4:0 5:35416 6:0 
9,2335,1297229894,-,caller=T8697;nx679j: journal mirror: 262143 bytes (file open, kmsg=3 pmsg=4 rd=8)
9,2336,1299264993,-,caller=T8698;nx679j: journal mirror: 262143 bytes (file open, kmsg=3 pmsg=4 rd=8)
9,2337,1301302886,-,caller=T8699;nx679j: journal mirror: 262143 bytes (file open, kmsg=3 pmsg=4 rd=8)
9,2338,1303340431,-,caller=T8700;nx679j: journal mirror: 262143 bytes (file open, kmsg=3 pmsg=4 rd=8)
6,2339,1305333874,-,caller=T198;(virq:irq_count)- 11:49696 6:35671 1:25073 2:12355 35:3828 301:3045 30:2261 37:51 21:11 38:5 
6,2340,1305333880,-,caller=T198;(cpu:irq_count)- 0:19608 1:963 2:594 3:481 4:2968 5:3034 6:2618 7:101740 
6,2341,1305333883,-,caller=T198;(ipi:irq_count)- 0:25073 1:12355 2:0 3:0 4:0 5:35671 6:0 
9,2342,1305380025,-,caller=T8701;nx679j: journal mirror: 262143 bytes (file open, kmsg=3 pmsg=4 rd=8)
9,2343,1307417830,-,caller=T8702;nx679j: journal mirror: 262143 bytes (file open, kmsg=3 pmsg=4 rd=8)
9,2344,1309454013,-,caller=T8703;nx679j: journal mirror: 262143 bytes (file open, kmsg=3 pmsg=4 rd=8)
9,2345,1311493817,-,caller=T8704;nx679j: journal mirror: 262143 bytes (file open, kmsg=3 pmsg=4 rd=8)
9,2346,1313531797,-,caller=T8705;nx679j: journal mirror: 262143 bytes (file open, kmsg=3 pmsg=4 rd=8)
6,2347,1314805897,-,caller=T198;(virq:irq_count)- 11:50004 6:35919 1:25117 2:12406 35:3856 301:3045 30:2276 37:51 21:11 38:5 
6,2348,1314805904,-,caller=T198;(cpu:irq_count)- 0:19702 1:963 2:594 3:481 4:2968 5:3034 6:2618 7:102340 
6,2349,1314805908,-,caller=T198;(ipi:irq_count)- 0:25117 1:12406 2:0 3:0 4:0 5:35919 6:0 
9,2350,1315570492,-,caller=T8706;nx679j: journal mirror: 262143 bytes (file open, kmsg=3 pmsg=4 rd=8)
9,2351,1317608267,-,caller=T8707;nx679j: journal mirror: 262143 bytes (file open, kmsg=3 pmsg=4 rd=8)
9,2352,1319647317,-,caller=T8708;nx679j: journal mirror: 262143 bytes (file open, kmsg=3 pmsg=4 rd=8)
9,2353,1321683878,-,caller=T8709;nx679j: journal mirror: 262143 bytes (file open, kmsg=3 pmsg=4 rd=8)
9,2354,1323722966,-,caller=T8710;nx679j: journal mirror: 262143 bytes (file open, kmsg=3 pmsg=4 rd=8)
6,2355,1324277859,-,caller=T198;(virq:irq_count)- 11:50314 6:36164 1:25160 2:12454 35:3884 301:3045 30:2291 37:51 21:11 38:5 
6,2356,1324277866,-,caller=T198;(cpu:irq_count)- 0:19793 1:963 2:594 3:481 4:2968 5:3034 6:2618 7:102938 
6,2357,1324277870,-,caller=T198;(ipi:irq_count)- 0:25160 1:12454 2:0 3:0 4:0 5:36164 6:0 
9,2358,1325761602,-,caller=T8711;nx679j: journal mirror: 262143 bytes (file open, kmsg=3 pmsg=4 rd=8)
9,2359,1327800518,-,caller=T8712;nx679j: journal mirror: 262143 bytes (file open, kmsg=3 pmsg=4 rd=8)
9,2360,1329838613,-,caller=T8713;nx679j: journal mirror: 262143 bytes (file open, kmsg=3 pmsg=4 rd=8)
9,2361,1331873949,-,caller=T8722;nx679j: journal mirror: 262143 bytes (file open, kmsg=3 pmsg=4 rd=8)
6,2362,1333749362,-,caller=T378;(virq:irq_count)- 11:50644 6:36414 1:25236 2:12504 35:3909 301:3071 30:2303 37:51 21:11 38:5 
6,2363,1333749368,-,caller=T378;(cpu:irq_count)- 0:19917 1:964 2:594 3:481 4:2979 5:3037 6:2621 7:103565 
6,2364,1333749371,-,caller=T378;(ipi:irq_count)- 0:25236 1:12504 2:0 3:0 4:0 5:36414 6:0 
9,2365,1333892450,-,caller=T8723;nx679j: journal mirror: 262143 bytes (file open, kmsg=3 pmsg=4 rd=8)
9,2366,1335912127,-,caller=T8724;nx679j: journal mirror: 262143 bytes (file open, kmsg=3 pmsg=4 rd=8)
9,2367,1337949351,-,caller=T8725;nx679j: journal mirror: 262143 bytes (file open, kmsg=3 pmsg=4 rd=8)
9,2368,1339988002,-,caller=T8726;nx679j: journal mirror: 262143 bytes (file open, kmsg=3 pmsg=4 rd=8)
9,2369,1342026935,-,caller=T8727;nx679j: journal mirror: 262143 bytes (file open, kmsg=3 pmsg=4 rd=8)
6,2370,1343221883,-,caller=T198;(virq:irq_count)- 11:50963 6:36665 1:25280 2:12560 35:3933 301:3075 30:2318 37:51 21:11 38:5 
6,2371,1343221889,-,caller=T198;(cpu:irq_count)- 0:20019 1:964 2:594 3:481 4:2981 5:3037 6:2621 7:104174 
6,2372,1343221892,-,caller=T198;(ipi:irq_count)- 0:25280 1:12560 2:0 3:0 4:0 5:36665 6:0 
9,2373,1344062942,-,caller=T8728;nx679j: journal mirror: 262143 bytes (file open, kmsg=3 pmsg=4 rd=8)
9,2374,1346102875,-,caller=T8729;nx679j: journal mirror: 262143 bytes (file open, kmsg=3 pmsg=4 rd=8)
9,2375,1348142050,-,caller=T8730;nx679j: journal mirror: 262143 bytes (file open, kmsg=3 pmsg=4 rd=8)
9,2376,1350180481,-,caller=T8731;nx679j: journal mirror: 262143 bytes (file open, kmsg=3 pmsg=4 rd=8)
9,2377,1352219471,-,caller=T8732;nx679j: journal mirror: 262143 bytes (file open, kmsg=3 pmsg=4 rd=8)
6,2378,1352693829,-,caller=T383;(virq:irq_count)- 11:51270 6:36913 1:25323 2:12611 35:3959 301:3079 30:2333 37:51 21:11 38:5 
6,2379,1352693836,-,caller=T383;(cpu:irq_count)- 0:20118 1:964 2:594 3:481 4:2981 5:3037 6:2621 7:104769 
6,2380,1352693839,-,caller=T383;(ipi:irq_count)- 0:25323 1:12611 2:0 3:0 4:0 5:36913 6:0 
9,2381,1354257426,-,caller=T8733;nx679j: journal mirror: 262143 bytes (file open, kmsg=3 pmsg=4 rd=8)
9,2382,1356295002,-,caller=T8734;nx679j: journal mirror: 262143 bytes (file open, kmsg=3 pmsg=4 rd=8)
9,2383,1358332943,-,caller=T8735;nx679j: journal mirror: 262143 bytes (file open, kmsg=3 pmsg=4 rd=8)
9,2384,1360371853,-,caller=T8736;nx679j: journal mirror: 262143 bytes (file open, kmsg=3 pmsg=4 rd=8)
6,2385,1362165870,-,caller=T383;(virq:irq_count)- 11:51575 6:37164 1:25367 2:12670 35:3981 301:3083 30:2345 37:51 21:11 38:5 
6,2386,1362165877,-,caller=T383;(cpu:irq_count)- 0:20222 1:964 2:594 3:481 4:2981 5:3038 6:2621 7:105361 
6,2387,1362165880,-,caller=T383;(ipi:irq_count)- 0:25367 1:12670 2:0 3:0 4:0 5:37164 6:0 
9,2388,1362409702,-,caller=T8737;nx679j: journal mirror: 262143 bytes (file open, kmsg=3 pmsg=4 rd=8)
6,2389,1362970076,-,caller=T8798;DATARMNET50e3d76d94(): exiting
6,2390,1362980435,-,caller=T8816;DATARMNETa343229e33(): exiting
6,2391,1362990641,-,caller=T8834;DATARMNET0f6d85e415(): rmnet_offload exiting
6,2392,1363000699,-,caller=T8852;DATARMNETf3298dab6f(): Exiting rmnet SHS module
6,2393,1364223573,-,caller=T8895;msm_sharedmem: msm_sharedmem_probe: Device created for client 'rmtfs'
4,2394,1364223624,-,caller=T383;gpio-keys soc:gpio_keys: deferred probe timeout, ignoring dependency
 SUBSYSTEM=platform
 DEVICE=+platform:soc:gpio_keys
9,2395,1364449962,-,caller=T8738;nx679j: journal mirror: 262143 bytes (file open, kmsg=3 pmsg=4 rd=8)
9,2396,1366466094,-,caller=T8916;nx679j: journal mirror: 262143 bytes (file open, kmsg=3 pmsg=4 rd=8)
9,2397,1368502930,-,caller=T8925;nx679j: journal mirror: 262143 bytes (file open, kmsg=3 pmsg=4 rd=8)
6,2398,1369247268,-,caller=T8976;remoteproc remoteproc3: powering up 4080000.remoteproc-mss
 SUBSYSTEM=remoteproc
 DEVICE=c243:3
6,2399,1369249996,-,caller=T8976;remoteproc remoteproc3: Booting fw image modem.mdt, size 5884
 SUBSYSTEM=remoteproc
 DEVICE=c243:3
6,2400,1370273892,-,caller=T8976;remoteproc remoteproc3: remote processor 4080000.remoteproc-mss is now up
 SUBSYSTEM=remoteproc
 DEVICE=c243:3
4,2401,1370274496,-,caller=T198;gpio-keys soc:gpio_keys: deferred probe timeout, ignoring dependency
 SUBSYSTEM=platform
 DEVICE=+platform:soc:gpio_keys
6,2402,1370280070,-,caller=T201;qcom_smd_qrtr_probe:Entered
6,2403,1370280205,-,caller=T201;qcom_smd_qrtr_probe:SMD QRTR driver probed
4,2404,1370280376,-,caller=T198;gpio-keys soc:gpio_keys: deferred probe timeout, ignoring dependency
 SUBSYSTEM=platform
 DEVICE=+platform:soc:gpio_keys
9,2405,1370537204,-,caller=T8969;nx679j: journal mirror: 262143 bytes (file open, kmsg=3 pmsg=4 rd=8)
4,2406,1370891718,-,caller=T383;gpio-keys soc:gpio_keys: deferred probe timeout, ignoring dependency
 SUBSYSTEM=platform
 DEVICE=+platform:soc:gpio_keys
4,2407,1370891918,-,caller=T383;gpio-keys soc:gpio_keys: deferred probe timeout, ignoring dependency
 SUBSYSTEM=platform
 DEVICE=+platform:soc:gpio_keys
4,2408,1370892175,-,caller=T383;gpio-keys soc:gpio_keys: deferred probe timeout, ignoring dependency
 SUBSYSTEM=platform
 DEVICE=+platform:soc:gpio_keys
4,2409,1370892353,-,caller=T383;gpio-keys soc:gpio_keys: deferred probe timeout, ignoring dependency
 SUBSYSTEM=platform
 DEVICE=+platform:soc:gpio_keys
6,2410,1371637310,-,caller=T378;(virq:irq_count)- 11:52561 6:37688 1:26361 2:13143 35:4109 301:3390 30:2622 358:135 28:126 37:56 
6,2411,1371637317,-,caller=T378;(cpu:irq_count)- 0:21530 1:973 2:600 3:487 4:3067 5:3170 6:2860 7:107534 
6,2412,1371637321,-,caller=T378;(ipi:irq_count)- 0:26361 1:13143 2:0 3:0 4:0 5:37688 6:0 
9,2413,1372557858,-,caller=T8986;nx679j: journal mirror: 262143 bytes (file open, kmsg=3 pmsg=4 rd=8)
5,2414,1372886633,-,caller=T8896;sd 0:0:0:4: [sde] Synchronizing SCSI cache
 SUBSYSTEM=scsi
 DEVICE=+scsi:0:0:0:4
5,2415,1373956324,-,caller=T8896;sd 0:0:0:5: [sdf] Synchronizing SCSI cache
 SUBSYSTEM=scsi
 DEVICE=+scsi:0:0:0:5
9,2416,1374583685,-,caller=T9028;nx679j: journal mirror: 262143 bytes (file open, kmsg=3 pmsg=4 rd=8)
9,2417,1376615582,-,caller=T9070;nx679j: journal mirror: 262143 bytes (file open, kmsg=3 pmsg=4 rd=8)
9,2418,1378644910,-,caller=T9077;nx679j: journal mirror: 262143 bytes (file open, kmsg=3 pmsg=4 rd=8)
9,2419,1380670576,-,caller=T9119;nx679j: journal mirror: 262143 bytes (file open, kmsg=3 pmsg=4 rd=8)
6,2420,1381109286,-,caller=T378;(virq:irq_count)- 11:53016 6:38015 1:26574 2:13221 35:4173 301:3390 30:2655 358:165 28:156 37:56 
6,2421,1381109292,-,caller=T378;(cpu:irq_count)- 0:21766 1:973 2:600 3:487 4:3097 5:3192 6:2881 7:108455 
6,2422,1381109295,-,caller=T378;(ipi:irq_count)- 0:26574 1:13221 2:0 3:0 4:0 5:38015 6:0 
9,2423,1382705963,-,caller=T9161;nx679j: journal mirror: 262143 bytes (file open, kmsg=3 pmsg=4 rd=8)
9,2424,1384736987,-,caller=T9172;nx679j: journal mirror: 262143 bytes (file open, kmsg=3 pmsg=4 rd=8)
9,2425,1386773659,-,caller=T9214;nx679j: journal mirror: 262143 bytes (file open, kmsg=3 pmsg=4 rd=8)
9,2426,1388805990,-,caller=T9256;nx679j: journal mirror: 262143 bytes (file open, kmsg=3 pmsg=4 rd=8)
6,2427,1390581839,-,caller=T378;(virq:irq_count)- 11:53474 6:38350 1:26760 2:13295 35:4232 301:3420 30:2679 358:165 28:156 37:56 
6,2428,1390581846,-,caller=T378;(cpu:irq_count)- 0:21969 1:975 2:600 3:487 4:3123 5:3209 6:2902 7:109352 
6,2429,1390581850,-,caller=T378;(ipi:irq_count)- 0:26760 1:13295 2:0 3:0 4:0 5:38350 6:0 
9,2430,1390842180,-,caller=T9263;nx679j: journal mirror: 262143 bytes (file open, kmsg=3 pmsg=4 rd=8)
9,2431,1392878882,-,caller=T9305;nx679j: journal mirror: 262143 bytes (file open, kmsg=3 pmsg=4 rd=8)
9,2432,1394915665,-,caller=T9347;nx679j: journal mirror: 262143 bytes (file open, kmsg=3 pmsg=4 rd=8)
9,2433,1396950516,-,caller=T9354;nx679j: journal mirror: 262143 bytes (file open, kmsg=3 pmsg=4 rd=8)
9,2434,1398982425,-,caller=T9396;nx679j: journal mirror: 262143 bytes (file open, kmsg=3 pmsg=4 rd=8)
6,2435,1400053851,-,caller=T198;(virq:irq_count)- 11:53902 6:38678 1:26974 2:13370 35:4290 301:3423 30:2706 358:165 28:156 37:56 
6,2436,1400053857,-,caller=T198;(cpu:irq_count)- 0:22132 1:975 2:600 3:487 4:3135 5:3230 6:2946 7:110245 
6,2437,1400053860,-,caller=T198;(ipi:irq_count)- 0:26974 1:13370 2:0 3:0 4:0 5:38678 6:0 
9,2438,1401016717,-,caller=T9438;nx679j: journal mirror: 262143 bytes (file open, kmsg=3 pmsg=4 rd=8)
9,2439,1403053134,-,caller=T9445;nx679j: journal mirror: 262143 bytes (file open, kmsg=3 pmsg=4 rd=8)
9,2440,1405090855,-,caller=T9487;nx679j: journal mirror: 262143 bytes (file open, kmsg=3 pmsg=4 rd=8)
9,2441,1407127114,-,caller=T9529;nx679j: journal mirror: 262143 bytes (file open, kmsg=3 pmsg=4 rd=8)
9,2442,1409163804,-,caller=T9536;nx679j: journal mirror: 262143 bytes (file open, kmsg=3 pmsg=4 rd=8)
6,2443,1409525861,-,caller=T378;(virq:irq_count)- 11:54337 6:39003 1:27158 2:13444 35:4345 301:3423 30:2733 358:165 28:156 37:56 
6,2444,1409525868,-,caller=T378;(cpu:irq_count)- 0:22287 1:975 2:600 3:487 4:3152 5:3246 6:2984 7:111119 
6,2445,1409525871,-,caller=T378;(ipi:irq_count)- 0:27158 1:13444 2:0 3:0 4:0 5:39003 6:0 
9,2446,1411201612,-,caller=T9578;nx679j: journal mirror: 262143 bytes (file open, kmsg=3 pmsg=4 rd=8)
9,2447,1413237023,-,caller=T9620;nx679j: journal mirror: 262143 bytes (file open, kmsg=3 pmsg=4 rd=8)
9,2448,1415275616,-,caller=T9627;nx679j: journal mirror: 262143 bytes (file open, kmsg=3 pmsg=4 rd=8)
9,2449,1417310115,-,caller=T9669;nx679j: journal mirror: 262143 bytes (file open, kmsg=3 pmsg=4 rd=8)
6,2450,1418997859,-,caller=T198;(virq:irq_count)- 11:54765 6:39335 1:27347 2:13521 35:4397 301:3430 30:2757 358:165 28:156 37:56 
6,2451,1418997865,-,caller=T198;(cpu:irq_count)- 0:22451 1:975 2:600 3:487 4:3179 5:3264 6:3015 7:111988 
6,2452,1418997869,-,caller=T198;(ipi:irq_count)- 0:27347 1:13521 2:0 3:0 4:0 5:39335 6:0 
9,2453,1419347502,-,caller=T9711;nx679j: journal mirror: 262143 bytes (file open, kmsg=3 pmsg=4 rd=8)
9,2454,1421382883,-,caller=T9721;nx679j: journal mirror: 262143 bytes (file open, kmsg=3 pmsg=4 rd=8)
9,2455,1423409783,-,caller=T9763;nx679j: journal mirror: 262143 bytes (file open, kmsg=3 pmsg=4 rd=8)
9,2456,1425438010,-,caller=T9805;nx679j: journal mirror: 262143 bytes (file open, kmsg=3 pmsg=4 rd=8)
9,2457,1427476639,-,caller=T9812;nx679j: journal mirror: 262143 bytes (file open, kmsg=3 pmsg=4 rd=8)
6,2458,1428469876,-,caller=T383;(virq:irq_count)- 11:55196 6:39655 1:27526 2:13602 35:4453 301:3432 30:2784 358:165 28:156 37:56 
6,2459,1428469882,-,caller=T383;(cpu:irq_count)- 0:22617 1:975 2:600 3:487 4:3211 5:3281 6:3034 7:112850 
6,2460,1428469885,-,caller=T383;(ipi:irq_count)- 0:27526 1:13602 2:0 3:0 4:0 5:39655 6:0 
9,2461,1429506623,-,caller=T9854;nx679j: journal mirror: 262143 bytes (file open, kmsg=3 pmsg=4 rd=8)
9,2462,1431542560,-,caller=T9896;nx679j: journal mirror: 262143 bytes (file open, kmsg=3 pmsg=4 rd=8)
9,2463,1433581793,-,caller=T9903;nx679j: journal mirror: 262143 bytes (file open, kmsg=3 pmsg=4 rd=8)
9,2464,1435618716,-,caller=T9945;nx679j: journal mirror: 262143 bytes (file open, kmsg=3 pmsg=4 rd=8)
9,2465,1437653364,-,caller=T9987;nx679j: journal mirror: 262143 bytes (file open, kmsg=3 pmsg=4 rd=8)
6,2466,1437941866,-,caller=T383;(virq:irq_count)- 11:55642 6:39970 1:27710 2:13679 35:4514 301:3432 30:2815 358:165 28:156 37:56 
6,2467,1437941873,-,caller=T383;(cpu:irq_count)- 0:22782 1:975 2:600 3:487 4:3226 5:3291 6:3070 7:113738 
6,2468,1437941876,-,caller=T383;(ipi:irq_count)- 0:27710 1:13679 2:0 3:0 4:0 5:39970 6:0 
9,2469,1439692090,-,caller=T9994;nx679j: journal mirror: 262143 bytes (file open, kmsg=3 pmsg=4 rd=8)
9,2470,1441729348,-,caller=T10036;nx679j: journal mirror: 262143 bytes (file open, kmsg=3 pmsg=4 rd=8)
9,2471,1443765244,-,caller=T10078;nx679j: journal mirror: 262143 bytes (file open, kmsg=3 pmsg=4 rd=8)
9,2472,1445803191,-,caller=T10085;nx679j: journal mirror: 262143 bytes (file open, kmsg=3 pmsg=4 rd=8)
6,2473,1447412940,-,caller=T383;(virq:irq_count)- 11:56075 6:40302 1:27922 2:13758 35:4565 301:3435 30:2839 358:165 28:156 37:56 
6,2474,1447412947,-,caller=T383;(cpu:irq_count)- 0:22939 1:975 2:600 3:487 4:3250 5:3306 6:3124 7:114622 
6,2475,1447412950,-,caller=T383;(ipi:irq_count)- 0:27922 1:13758 2:0 3:0 4:0 5:40302 6:0 
9,2476,1447834399,-,caller=T10127;nx679j: journal mirror: 262143 bytes (file open, kmsg=3 pmsg=4 rd=8)
9,2477,1449866213,-,caller=T10169;nx679j: journal mirror: 262143 bytes (file open, kmsg=3 pmsg=4 rd=8)
9,2478,1451903035,-,caller=T10211;nx679j: journal mirror: 262143 bytes (file open, kmsg=3 pmsg=4 rd=8)
9,2479,1453937202,-,caller=T10218;nx679j: journal mirror: 262143 bytes (file open, kmsg=3 pmsg=4 rd=8)
6,2480,1455432060,-,caller=T10268;qcom_q6v5_pas 4080000.remoteproc-mss: Incrementing tid for modem to 1
 SUBSYSTEM=platform
 DEVICE=+platform:4080000.remoteproc-mss
9,2481,1455974948,-,caller=T10260;nx679j: journal mirror: 262143 bytes (file open, kmsg=3 pmsg=4 rd=8)
3,2482,1456380553,-,caller=T10268;qcom-scm: qcom_scm_pas_shutdown_retry: PAS Shutdown: First call to shutdown failed with error: -22
3,2483,1456562762,-,caller=T10268;qcom-scm: qcom_scm_pas_shutdown_retry: PAS Shutdown: Attempting to shutdown peripheral 1 time(s)
6,2484,1456565186,-,caller=T10268;remoteproc remoteproc3: stopped remote processor 4080000.remoteproc-mss
 SUBSYSTEM=remoteproc
 DEVICE=c243:3
6,2485,1456884917,-,caller=T198;(virq:irq_count)- 11:56537 6:40674 1:28159 2:14487 35:4634 30:3531 301:3435 358:170 28:163 37:56 
6,2486,1456884925,-,caller=T198;(cpu:irq_count)- 0:23803 1:975 2:600 3:487 4:3287 5:3324 6:3159 7:116244 
6,2487,1456884928,-,caller=T198;(ipi:irq_count)- 0:28159 1:14487 2:0 3:0 4:0 5:40674 6:0 
9,2488,1458010219,-,caller=T10305;nx679j: journal mirror: 262143 bytes (file open, kmsg=3 pmsg=4 rd=8)
5,2489,1459460424,-,caller=T8896;sd 0:0:0:5: [sdf] Synchronizing SCSI cache
 SUBSYSTEM=scsi
 DEVICE=+scsi:0:0:0:5
9,2490,1460038160,-,caller=T10306;nx679j: journal mirror: 262143 bytes (file open, kmsg=3 pmsg=4 rd=8)
6,2491,1461435832,-,caller=T10348;remoteproc remoteproc3: powering up 4080000.remoteproc-mss
 SUBSYSTEM=remoteproc
 DEVICE=c243:3
6,2492,1461435858,-,caller=T10348;remoteproc remoteproc3: Booting fw image modem.mdt, size 5884
 SUBSYSTEM=remoteproc
 DEVICE=c243:3
9,2493,1462073355,-,caller=T10342;nx679j: journal mirror: 262143 bytes (file open, kmsg=3 pmsg=4 rd=8)
6,2494,1462333677,-,caller=T10348;remoteproc remoteproc3: remote processor 4080000.remoteproc-mss is now up
 SUBSYSTEM=remoteproc
 DEVICE=c243:3
4,2495,1462334176,-,caller=T198;gpio-keys soc:gpio_keys: deferred probe timeout, ignoring dependency
 SUBSYSTEM=platform
 DEVICE=+platform:soc:gpio_keys
6,2496,1462338186,-,caller=T201;qcom_smd_qrtr_probe:Entered
6,2497,1462338340,-,caller=T201;qcom_smd_qrtr_probe:SMD QRTR driver probed
4,2498,1462338508,-,caller=T198;gpio-keys soc:gpio_keys: deferred probe timeout, ignoring dependency
 SUBSYSTEM=platform
 DEVICE=+platform:soc:gpio_keys
4,2499,1463025586,-,caller=T383;gpio-keys soc:gpio_keys: deferred probe timeout, ignoring dependency
 SUBSYSTEM=platform
 DEVICE=+platform:soc:gpio_keys
4,2500,1463025777,-,caller=T383;gpio-keys soc:gpio_keys: deferred probe timeout, ignoring dependency
 SUBSYSTEM=platform
 DEVICE=+platform:soc:gpio_keys
4,2501,1463026026,-,caller=T383;gpio-keys soc:gpio_keys: deferred probe timeout, ignoring dependency
 SUBSYSTEM=platform
 DEVICE=+platform:soc:gpio_keys
4,2502,1463026211,-,caller=T383;gpio-keys soc:gpio_keys: deferred probe timeout, ignoring dependency
 SUBSYSTEM=platform
 DEVICE=+platform:soc:gpio_keys
9,2503,1464100978,-,caller=T10391;nx679j: journal mirror: 262143 bytes (file open, kmsg=3 pmsg=4 rd=8)
9,2504,1466127793,-,caller=T10396;nx679j: journal mirror: 262143 bytes (file open, kmsg=3 pmsg=4 rd=8)
6,2505,1466356966,-,caller=T383;(virq:irq_count)- 11:57252 6:41071 1:28942 2:14640 35:4733 30:3589 301:3436 358:303 28:284 37:58 
6,2506,1466356972,-,caller=T383;(cpu:irq_count)- 0:24391 1:976 2:601 3:488 4:3622 5:3454 6:3381 7:117434 
6,2507,1466356975,-,caller=T383;(ipi:irq_count)- 0:28942 1:14640 2:0 3:0 4:0 5:41071 6:0 
9,2508,1468152733,-,caller=T10432;nx679j: journal mirror: 262143 bytes (file open, kmsg=3 pmsg=4 rd=8)
9,2509,1470187535,-,caller=T10468;nx679j: journal mirror: 262143 bytes (file open, kmsg=3 pmsg=4 rd=8)
9,2510,1472224090,-,caller=T10469;nx679j: journal mirror: 262143 bytes (file open, kmsg=3 pmsg=4 rd=8)
9,2511,1474248250,-,caller=T10505;nx679j: journal mirror: 262143 bytes (file open, kmsg=3 pmsg=4 rd=8)
6,2512,1475829836,-,caller=T383;(virq:irq_count)- 11:57628 6:41366 1:29113 2:14711 35:4784 30:3613 301:3441 358:329 28:308 37:58 
6,2513,1475829842,-,caller=T383;(cpu:irq_count)- 0:24601 1:976 2:601 3:488 4:3631 5:3489 6:3399 7:118205 
6,2514,1475829845,-,caller=T383;(ipi:irq_count)- 0:29113 1:14711 2:0 3:0 4:0 5:41366 6:0 
9,2515,1476265338,-,caller=T10541;nx679j: journal mirror: 262143 bytes (file open, kmsg=3 pmsg=4 rd=8)
9,2516,1478301293,-,caller=T10542;nx679j: journal mirror: 262143 bytes (file open, kmsg=3 pmsg=4 rd=8)
9,2517,1480336575,-,caller=T10584;nx679j: journal mirror: 262143 bytes (file open, kmsg=3 pmsg=4 rd=8)
9,2518,1482371511,-,caller=T10620;nx679j: journal mirror: 262143 bytes (file open, kmsg=3 pmsg=4 rd=8)
9,2519,1484388904,-,caller=T10621;nx679j: journal mirror: 262143 bytes (file open, kmsg=3 pmsg=4 rd=8)
6,2520,1485301848,-,caller=T378;(virq:irq_count)- 11:58023 6:41676 1:29298 2:14784 35:4843 30:3640 301:3442 358:331 28:310 37:58 
6,2521,1485301854,-,caller=T378;(cpu:irq_count)- 0:24762 1:976 2:601 3:488 4:3659 5:3525 6:3414 7:119019 
6,2522,1485301857,-,caller=T378;(ipi:irq_count)- 0:29298 1:14784 2:0 3:0 4:0 5:41676 6:0 
9,2523,1486417661,-,caller=T10657;nx679j: journal mirror: 262143 bytes (file open, kmsg=3 pmsg=4 rd=8)
9,2524,1488453573,-,caller=T10693;nx679j: journal mirror: 262143 bytes (file open, kmsg=3 pmsg=4 rd=8)
9,2525,1490491239,-,caller=T10694;nx679j: journal mirror: 262143 bytes (file open, kmsg=3 pmsg=4 rd=8)
9,2526,1492528070,-,caller=T10733;nx679j: journal mirror: 262143 bytes (file open, kmsg=3 pmsg=4 rd=8)
9,2527,1494566749,-,caller=T10769;nx679j: journal mirror: 262143 bytes (file open, kmsg=3 pmsg=4 rd=8)
6,2528,1494773858,-,caller=T10770;(virq:irq_count)- 11:58418 6:41986 1:29473 2:14864 35:4903 30:3667 301:3472 358:331 28:310 37:58 
6,2529,1494773864,-,caller=T10770;(cpu:irq_count)- 0:24969 1:977 2:601 3:488 4:3679 5:3541 6:3447 7:119819 
6,2530,1494773867,-,caller=T10770;(ipi:irq_count)- 0:29473 1:14864 2:0 3:0 4:0 5:41986 6:0 
9,2531,1496605779,-,caller=T10771;nx679j: journal mirror: 262143 bytes (file open, kmsg=3 pmsg=4 rd=8)
9,2532,1498630790,-,caller=T10807;nx679j: journal mirror: 262143 bytes (file open, kmsg=3 pmsg=4 rd=8)
9,2533,1500663954,-,caller=T10843;nx679j: journal mirror: 262143 bytes (file open, kmsg=3 pmsg=4 rd=8)
9,2534,1502682657,-,caller=T10844;nx679j: journal mirror: 262143 bytes (file open, kmsg=3 pmsg=4 rd=8)
6,2535,1504245881,-,caller=T383;(virq:irq_count)- 11:58793 6:42292 1:29639 2:14931 35:4950 30:3691 301:3474 358:331 28:310 37:59 
6,2536,1504245888,-,caller=T383;(cpu:irq_count)- 0:25110 1:977 2:601 3:488 4:3718 5:3568 6:3472 7:120575 
6,2537,1504245892,-,caller=T383;(ipi:irq_count)- 0:29639 1:14931 2:0 3:0 4:0 5:42292 6:0 
9,2538,1504706162,-,caller=T10880;nx679j: journal mirror: 262143 bytes (file open, kmsg=3 pmsg=4 rd=8)
9,2539,1506738706,-,caller=T10916;nx679j: journal mirror: 262143 bytes (file open, kmsg=3 pmsg=4 rd=8)
9,2540,1508755159,-,caller=T10917;nx679j: journal mirror: 262143 bytes (file open, kmsg=3 pmsg=4 rd=8)
9,2541,1510783601,-,caller=T10953;nx679j: journal mirror: 262143 bytes (file open, kmsg=3 pmsg=4 rd=8)
9,2542,1512817778,-,caller=T10989;nx679j: journal mirror: 262143 bytes (file open, kmsg=3 pmsg=4 rd=8)
6,2543,1513717980,-,caller=T10770;(virq:irq_count)- 11:59189 6:42607 1:29835 2:15015 35:5010 30:3722 301:3480 358:331 28:310 37:59 
6,2544,1513717987,-,caller=T10770;(cpu:irq_count)- 0:25295 1:977 2:601 3:488 4:3755 5:3594 6:3499 7:121388 
6,2545,1513717990,-,caller=T10770;(ipi:irq_count)- 0:29835 1:15015 2:0 3:0 4:0 5:42607 6:0 
9,2546,1514856111,-,caller=T10990;nx679j: journal mirror: 262143 bytes (file open, kmsg=3 pmsg=4 rd=8)
9,2547,1516892349,-,caller=T11026;nx679j: journal mirror: 262143 bytes (file open, kmsg=3 pmsg=4 rd=8)
9,2548,1518926117,-,caller=T11062;nx679j: journal mirror: 262143 bytes (file open, kmsg=3 pmsg=4 rd=8)
3,2549,1519704525,-,caller=T383;ipa ipa_smmu_perph_cb_probe:10174 cb 2 is disabled
3,2550,1519704540,-,caller=T383;ipa ipa_smmu_perph_cb_probe:10174 cb 5 is disabled
3,2551,1519704542,-,caller=T383;ipa ipa_smmu_perph_cb_probe:10174 cb 6 is disabled
6,2552,1519731783,-,caller=T383;IPA FW loaded successfully
3,2553,1519732683,-,caller=T383;gsi soc:qcom,msm_gsi: gsi_register_device:1534 GSI irq is wake enabled 40
 SUBSYSTEM=platform
 DEVICE=+platform:soc:qcom,msm_gsi
5,2554,1519732747,-,caller=T383;gsi soc:qcom,msm_gsi: saved msi 0 msg data 0 addr 0x00**************
 SUBSYSTEM=platform
 DEVICE=+platform:soc:qcom,msm_gsi
5,2555,1519732772,-,caller=T383;gsi soc:qcom,msm_gsi: saved msi 1 msg data 1 addr 0x00**************
 SUBSYSTEM=platform
 DEVICE=+platform:soc:qcom,msm_gsi
3,2556,1519737598,-,caller=T383;ipa ipa3_rmnet_ctl_register_pm_client:739 rmnet_ctl register done
3,2557,1519737611,-,caller=T383;ipa ipa3_rmnet_ll_register_pm_client:964 rmnet_ll register done
6,2558,1519737618,-,caller=T383;IPA driver is now in ready state
3,2559,1519737633,-,caller=T383;ipa-lnx-stats ipa_spearhead_stats_ioctl_init:1856 IPA ipa_lnx_stats_ioctl major(497) initial ok :>>>>
3,2560,1519737635,-,caller=T383;ipa-lnx-stats ipa_spearhead_stats_init:1884 IPA_LNX_STATS_IOCTL init success
6,2561,1519737637,-,caller=T383;IPA driver initialization was successful.
6,2562,1519737642,-,caller=T8896;rmnet_ipa3 started initialization
6,2563,1519737644,-,caller=T8896;IPA SSR support = True
6,2564,1519737645,-,caller=T8896;IPA SG support = True
6,2565,1519737646,-,caller=T8896;IPA Napi Enable = True
6,2566,1519737647,-,caller=T8896;using default for wan-rx-desc-size = 256
3,2567,1519737774,-,caller=T8896;ipa-wan ipa3_wwan_register_netdev_pm_client:3474 rmnet_ipa%d register done
3,2568,1519737909,-,caller=T8896;ipa-wan ipa3_wwan_probe:3669 rmnet_ipa completed initialization
6,2569,1519738335,-,caller=T10770;Sending QMI_IPA_INIT_MODEM_DRIVER_REQ_V01
3,2570,1519738774,-,caller=T378;ipa-wan ipa3_handle_indication_req:144 not send indication
3,2571,1519744429,-,caller=T383;ipa ipa3_uc_wdi_event_log_info_handler:373 WDI protocol missing 0x1
3,2572,1519744435,-,caller=T383;ipa ipa3_uc_ntn_event_log_info_handler:19 NTN protocol missing 0x1
3,2573,1519744462,-,caller=T383;ipa ipa_pc_qmp_enable:11184 mailbox channel request failed, ret=-19
6,2574,1519751729,-,caller=T10770;QMI_IPA_INIT_MODEM_DRIVER_REQ_V01 response received
9,2575,1520956110,-,caller=T11087;nx679j: journal mirror: 262143 bytes (file open, kmsg=3 pmsg=4 rd=8)
6,2576,1521757223,-,caller=T11216;rmnet_ctl driver probed
9,2577,1522986140,-,caller=T11194;nx679j: journal mirror: 262143 bytes (file open, kmsg=3 pmsg=4 rd=8)
6,2578,1523189912,-,caller=T383;(virq:irq_count)- 11:59854 6:43054 1:30480 2:15122 35:5147 30:3766 301:3692 358:357 28:337 40:61 
6,2579,1523189918,-,caller=T383;(cpu:irq_count)- 0:26002 1:982 2:601 3:488 4:3856 5:3673 6:3572 7:122800 
6,2580,1523189921,-,caller=T383;(ipi:irq_count)- 0:30480 1:15122 2:0 3:0 4:0 5:43054 6:0 
5,2581,1523413859,-,caller=T8896;sd 0:0:0:4: [sde] Synchronizing SCSI cache
 SUBSYSTEM=scsi
 DEVICE=+scsi:0:0:0:4
9,2582,1525008933,-,caller=T11276;nx679j: journal mirror: 262143 bytes (file open, kmsg=3 pmsg=4 rd=8)
9,2583,1527046689,-,caller=T11277;nx679j: journal mirror: 262143 bytes (file open, kmsg=3 pmsg=4 rd=8)
9,2584,1529081185,-,caller=T11313;nx679j: journal mirror: 262143 bytes (file open, kmsg=3 pmsg=4 rd=8)
9,2585,1531114460,-,caller=T11349;nx679j: journal mirror: 262143 bytes (file open, kmsg=3 pmsg=4 rd=8)
6,2586,1532660935,-,caller=T10770;(virq:irq_count)- 11:60226 6:43365 1:30644 2:15183 35:5201 30:3793 301:3692 358:357 28:337 40:61 
6,2587,1532660944,-,caller=T10770;(cpu:irq_count)- 0:26141 1:982 2:601 3:488 4:3885 5:3699 6:3590 7:123577 
6,2588,1532660948,-,caller=T10770;(ipi:irq_count)- 0:30644 1:15183 2:0 3:0 4:0 5:43365 6:0 
9,2589,1533133761,-,caller=T11350;nx679j: journal mirror: 262143 bytes (file open, kmsg=3 pmsg=4 rd=8)
9,2590,1535168434,-,caller=T11386;nx679j: journal mirror: 262143 bytes (file open, kmsg=3 pmsg=4 rd=8)
9,2591,1537206874,-,caller=T11422;nx679j: journal mirror: 262143 bytes (file open, kmsg=3 pmsg=4 rd=8)
9,2592,1539245316,-,caller=T11423;nx679j: journal mirror: 262143 bytes (file open, kmsg=3 pmsg=4 rd=8)
9,2593,1541278170,-,caller=T11459;nx679j: journal mirror: 262143 bytes (file open, kmsg=3 pmsg=4 rd=8)
6,2594,1542133375,-,caller=T383;(virq:irq_count)- 11:60622 6:43678 1:30813 2:15258 35:5258 30:3820 301:3700 358:357 28:337 40:61 
6,2595,1542133382,-,caller=T383;(cpu:irq_count)- 0:26314 1:982 2:601 3:488 4:3921 5:3719 6:3604 7:124379 
6,2596,1542133385,-,caller=T383;(ipi:irq_count)- 0:30813 1:15258 2:0 3:0 4:0 5:43678 6:0 
9,2597,1543309834,-,caller=T11495;nx679j: journal mirror: 262143 bytes (file open, kmsg=3 pmsg=4 rd=8)
9,2598,1545340671,-,caller=T11496;nx679j: journal mirror: 262143 bytes (file open, kmsg=3 pmsg=4 rd=8)
9,2599,1547375463,-,caller=T11532;nx679j: journal mirror: 262143 bytes (file open, kmsg=3 pmsg=4 rd=8)
9,2600,1549414303,-,caller=T11568;nx679j: journal mirror: 262143 bytes (file open, kmsg=3 pmsg=4 rd=8)
9,2601,1551452290,-,caller=T11569;nx679j: journal mirror: 262143 bytes (file open, kmsg=3 pmsg=4 rd=8)
6,2602,1551604964,-,caller=T10770;(virq:irq_count)- 11:61292 6:44071 1:31323 2:15389 35:5330 301:4347 30:3881 358:357 28:337 37:61 
6,2603,1551604970,-,caller=T10770;(cpu:irq_count)- 0:27337 1:995 2:603 3:490 4:3981 5:3785 6:3648 7:125654 
6,2604,1551604973,-,caller=T10770;(ipi:irq_count)- 0:31323 1:15389 2:0 3:0 4:0 5:44071 6:0 
9,2605,1553471185,-,caller=T11620;nx679j: journal mirror: 262143 bytes (file open, kmsg=3 pmsg=4 rd=8)
9,2606,1555483330,-,caller=T11656;nx679j: journal mirror: 262143 bytes (file open, kmsg=3 pmsg=4 rd=8)
5,2607,1556229364,-,caller=T8896;sd 0:0:0:5: [sdf] Synchronizing SCSI cache
 SUBSYSTEM=scsi
 DEVICE=+scsi:0:0:0:5
9,2608,1557518834,-,caller=T11657;nx679j: journal mirror: 262143 bytes (file open, kmsg=3 pmsg=4 rd=8)
9,2609,1559556427,-,caller=T11693;nx679j: journal mirror: 262143 bytes (file open, kmsg=3 pmsg=4 rd=8)
6,2610,1561077350,-,caller=T10770;(virq:irq_count)- 11:61677 6:44381 1:31511 2:15471 35:5392 301:4349 30:3916 358:360 28:340 37:61 
6,2611,1561077356,-,caller=T10770;(cpu:irq_count)- 0:27525 1:996 2:604 3:491 4:4016 5:3797 6:3677 7:126457 
6,2612,1561077359,-,caller=T10770;(ipi:irq_count)- 0:31511 1:15471 2:0 3:0 4:0 5:44381 6:0 
9,2613,1561584838,-,caller=T11729;nx679j: journal mirror: 262143 bytes (file open, kmsg=3 pmsg=4 rd=8)
9,2614,1563606190,-,caller=T11730;nx679j: journal mirror: 262143 bytes (file open, kmsg=3 pmsg=4 rd=8)
9,2615,1565624534,-,caller=T11766;nx679j: journal mirror: 262143 bytes (file open, kmsg=3 pmsg=4 rd=8)
9,2616,1567648104,-,caller=T11802;nx679j: journal mirror: 262143 bytes (file open, kmsg=3 pmsg=4 rd=8)
9,2617,1569684180,-,caller=T11803;nx679j: journal mirror: 262143 bytes (file open, kmsg=3 pmsg=4 rd=8)
6,2618,1570549306,-,caller=T378;(virq:irq_count)- 11:62071 6:44683 1:31682 2:15544 35:5446 301:4356 30:3943 358:360 28:340 37:61 
6,2619,1570549313,-,caller=T378;(cpu:irq_count)- 0:27692 1:996 2:604 3:491 4:4032 5:3834 6:3699 7:127243 
6,2620,1570549316,-,caller=T378;(ipi:irq_count)- 0:31682 1:15544 2:0 3:0 4:0 5:44683 6:0 
9,2621,1571701983,-,caller=T11839;nx679j: journal mirror: 262143 bytes (file open, kmsg=3 pmsg=4 rd=8)
9,2622,1573722207,-,caller=T11875;nx679j: journal mirror: 262143 bytes (file open, kmsg=3 pmsg=4 rd=8)
9,2623,1575740576,-,caller=T11876;nx679j: journal mirror: 262143 bytes (file open, kmsg=3 pmsg=4 rd=8)
9,2624,1577764222,-,caller=T11912;nx679j: journal mirror: 262143 bytes (file open, kmsg=3 pmsg=4 rd=8)
9,2625,1579801624,-,caller=T11948;nx679j: journal mirror: 262143 bytes (file open, kmsg=3 pmsg=4 rd=8)
6,2626,1580021383,-,caller=T383;(virq:irq_count)- 11:62474 6:44995 1:31843 2:15620 35:5507 301:4356 30:3974 358:360 28:340 37:61 
6,2627,1580021392,-,caller=T383;(cpu:irq_count)- 0:27856 1:996 2:604 3:491 4:4057 5:3858 6:3721 7:128052 
6,2628,1580021397,-,caller=T383;(ipi:irq_count)- 0:31843 1:15620 2:0 3:0 4:0 5:44995 6:0 
9,2629,1581838011,-,caller=T11949;nx679j: journal mirror: 262143 bytes (file open, kmsg=3 pmsg=4 rd=8)
9,2630,1583876085,-,caller=T11985;nx679j: journal mirror: 262143 bytes (file open, kmsg=3 pmsg=4 rd=8)
9,2631,1585911931,-,caller=T12021;nx679j: journal mirror: 262143 bytes (file open, kmsg=3 pmsg=4 rd=8)
3,2632,1586943707,-,caller=T12104;ipa ipa3_setup_apps_low_lat_prod_pipe:374 Configuring low lat prod without rmnet config
9,2633,1587947463,-,caller=T12046;nx679j: journal mirror: 262143 bytes (file open, kmsg=3 pmsg=4 rd=8)
6,2634,1589493337,-,caller=T10770;(virq:irq_count)- 11:63126 6:45399 1:32357 2:15723 35:5612 301:4646 30:4016 358:363 28:343 40:87 
6,2635,1589493345,-,caller=T10770;(cpu:irq_count)- 0:28541 1:1000 2:604 3:491 4:4111 5:3923 6:3813 7:129296 
6,2636,1589493348,-,caller=T10770;(ipi:irq_count)- 0:32357 1:15723 2:0 3:0 4:0 5:45399 6:0 
9,2637,1589974720,-,caller=T12128;nx679j: journal mirror: 262143 bytes (file open, kmsg=3 pmsg=4 rd=8)
3,2638,1591370737,-,caller=T12257;ipa-wan ipa3_wwan_ioctl:2891 dev(rmnet_data0) register to IPA
9,2639,1592004201,-,caller=T12217;nx679j: journal mirror: 262143 bytes (file open, kmsg=3 pmsg=4 rd=8)
9,2640,1594035642,-,caller=T12313;nx679j: journal mirror: 262143 bytes (file open, kmsg=3 pmsg=4 rd=8)
9,2641,1596060308,-,caller=T12363;nx679j: journal mirror: 262143 bytes (file open, kmsg=3 pmsg=4 rd=8)
9,2642,1598077334,-,caller=T12437;nx679j: journal mirror: 262143 bytes (file open, kmsg=3 pmsg=4 rd=8)
6,2643,1598965887,-,caller=T10770;(virq:irq_count)- 11:64124 6:45866 1:33117 2:15848 35:5776 301:5352 30:4069 358:371 28:351 40:180 
6,2644,1598965893,-,caller=T10770;(cpu:irq_count)- 0:29930 1:1005 2:604 3:491 4:4169 5:4040 6:3880 7:131042 
6,2645,1598965895,-,caller=T10770;(ipi:irq_count)- 0:33117 1:15848 2:0 3:0 4:0 5:45866 6:0 
9,2646,1600109486,-,caller=T12487;nx679j: journal mirror: 262143 bytes (file open, kmsg=3 pmsg=4 rd=8)
9,2647,1602146559,-,caller=T12502;nx679j: journal mirror: 262143 bytes (file open, kmsg=3 pmsg=4 rd=8)
9,2648,1604182873,-,caller=T12552;nx679j: journal mirror: 262143 bytes (file open, kmsg=3 pmsg=4 rd=8)
9,2649,1606219386,-,caller=T12602;nx679j: journal mirror: 262143 bytes (file open, kmsg=3 pmsg=4 rd=8)
9,2650,1608255501,-,caller=T12617;nx679j: journal mirror: 262143 bytes (file open, kmsg=3 pmsg=4 rd=8)
6,2651,1608437871,-,caller=T198;(virq:irq_count)- 11:64581 6:46188 1:33295 2:15928 35:5851 301:5352 30:4096 358:371 28:351 40:195 
6,2652,1608437877,-,caller=T198;(cpu:irq_count)- 0:30126 1:1005 2:604 3:491 4:4186 5:4060 6:3899 7:131944 
6,2653,1608437880,-,caller=T198;(ipi:irq_count)- 0:33295 1:15928 2:0 3:0 4:0 5:46188 6:0 
9,2654,1610289066,-,caller=T12667;nx679j: journal mirror: 262143 bytes (file open, kmsg=3 pmsg=4 rd=8)
9,2655,1612326203,-,caller=T12717;nx679j: journal mirror: 262143 bytes (file open, kmsg=3 pmsg=4 rd=8)
9,2656,1614363572,-,caller=T12732;nx679j: journal mirror: 262143 bytes (file open, kmsg=3 pmsg=4 rd=8)
9,2657,1616391595,-,caller=T12782;nx679j: journal mirror: 262143 bytes (file open, kmsg=3 pmsg=4 rd=8)
6,2658,1617909883,-,caller=T198;(virq:irq_count)- 11:65027 6:46510 1:33441 2:16005 35:5908 301:5352 30:4120 358:371 28:351 40:195 
6,2659,1617909891,-,caller=T198;(cpu:irq_count)- 0:30281 1:1005 2:604 3:491 4:4211 5:4076 6:3920 7:132799 
6,2660,1617909894,-,caller=T198;(ipi:irq_count)- 0:33441 1:16005 2:0 3:0 4:0 5:46510 6:0 
9,2661,1618426399,-,caller=T12832;nx679j: journal mirror: 262143 bytes (file open, kmsg=3 pmsg=4 rd=8)
9,2662,1620463079,-,caller=T12847;nx679j: journal mirror: 262143 bytes (file open, kmsg=3 pmsg=4 rd=8)
9,2663,1622501605,-,caller=T12897;nx679j: journal mirror: 262143 bytes (file open, kmsg=3 pmsg=4 rd=8)
9,2664,1624533626,-,caller=T12947;nx679j: journal mirror: 262143 bytes (file open, kmsg=3 pmsg=4 rd=8)
9,2665,1626554221,-,caller=T13003;nx679j: journal mirror: 262143 bytes (file open, kmsg=3 pmsg=4 rd=8)
6,2666,1627380923,-,caller=T10770;(virq:irq_count)- 11:65845 6:46976 1:34001 2:16124 35:6001 301:5800 30:4163 358:371 28:351 40:210 
6,2667,1627380931,-,caller=T10770;(cpu:irq_count)- 0:31162 1:1012 2:604 3:491 4:4283 5:4203 6:3985 7:134211 
6,2668,1627380934,-,caller=T10770;(ipi:irq_count)- 0:34001 1:16124 2:0 3:0 4:0 5:46976 6:0 
9,2669,1628570139,-,caller=T13103;nx679j: journal mirror: 262143 bytes (file open, kmsg=3 pmsg=4 rd=8)
9,2670,1630585948,-,caller=T13203;nx679j: journal mirror: 262143 bytes (file open, kmsg=3 pmsg=4 rd=8)
9,2671,1632604377,-,caller=T13268;nx679j: journal mirror: 262143 bytes (file open, kmsg=3 pmsg=4 rd=8)
9,2672,1634635565,-,caller=T13373;nx679j: journal mirror: 262143 bytes (file open, kmsg=3 pmsg=4 rd=8)
9,2673,1636663721,-,caller=T13476;nx679j: journal mirror: 262143 bytes (file open, kmsg=3 pmsg=4 rd=8)
6,2674,1636853864,-,caller=T10770;(virq:irq_count)- 11:67157 6:47585 1:34999 2:16308 301:6861 35:6131 30:4234 358:371 28:351 40:210 
6,2675,1636853871,-,caller=T10770;(cpu:irq_count)- 0:32976 1:1023 2:604 3:491 4:4431 5:4332 6:4126 7:136336 
6,2676,1636853875,-,caller=T10770;(ipi:irq_count)- 0:34999 1:16308 2:0 3:0 4:0 5:47585 6:0 
9,2677,1638681562,-,caller=T13503;nx679j: journal mirror: 262143 bytes (file open, kmsg=3 pmsg=4 rd=8)
9,2678,1640715204,-,caller=T13553;nx679j: journal mirror: 262143 bytes (file open, kmsg=3 pmsg=4 rd=8)
9,2679,1642749584,-,caller=T13603;nx679j: journal mirror: 262143 bytes (file open, kmsg=3 pmsg=4 rd=8)
9,2680,1644787915,-,caller=T13618;nx679j: journal mirror: 262143 bytes (file open, kmsg=3 pmsg=4 rd=8)
6,2681,1646325765,-,caller=T10770;(virq:irq_count)- 11:67613 6:47922 1:35153 2:16389 301:6864 35:6191 30:4258 358:371 28:351 40:210 
6,2682,1646325770,-,caller=T10770;(cpu:irq_count)- 0:33147 1:1023 2:604 3:491 4:4441 5:4362 6:4149 7:137217 
6,2683,1646325773,-,caller=T10770;(ipi:irq_count)- 0:35153 1:16389 2:0 3:0 4:0 5:47922 6:0 
9,2684,1646823450,-,caller=T13668;nx679j: journal mirror: 262143 bytes (file open, kmsg=3 pmsg=4 rd=8)
9,2685,1648855821,-,caller=T13718;nx679j: journal mirror: 262143 bytes (file open, kmsg=3 pmsg=4 rd=8)
9,2686,1650871901,-,caller=T13733;nx679j: journal mirror: 262143 bytes (file open, kmsg=3 pmsg=4 rd=8)
9,2687,1652901125,-,caller=T13783;nx679j: journal mirror: 262143 bytes (file open, kmsg=3 pmsg=4 rd=8)
9,2688,1654939549,-,caller=T13833;nx679j: journal mirror: 262143 bytes (file open, kmsg=3 pmsg=4 rd=8)
6,2689,1655797952,-,caller=T378;(virq:irq_count)- 11:68076 6:48257 1:35342 2:16472 301:6866 35:6260 30:4289 358:371 28:351 40:210 
6,2690,1655797959,-,caller=T378;(cpu:irq_count)- 0:33331 1:1023 2:604 3:491 4:4474 5:4383 6:4175 7:138125 
6,2691,1655797962,-,caller=T378;(ipi:irq_count)- 0:35342 1:16472 2:0 3:0 4:0 5:48257 6:0 
9,2692,1656978130,-,caller=T13848;nx679j: journal mirror: 262143 bytes (file open, kmsg=3 pmsg=4 rd=8)
9,2693,1659011306,-,caller=T13898;nx679j: journal mirror: 262143 bytes (file open, kmsg=3 pmsg=4 rd=8)
9,2694,1661049493,-,caller=T13948;nx679j: journal mirror: 262143 bytes (file open, kmsg=3 pmsg=4 rd=8)
9,2695,1663086881,-,caller=T13963;nx679j: journal mirror: 262143 bytes (file open, kmsg=3 pmsg=4 rd=8)
9,2696,1665116472,-,caller=T14020;nx679j: journal mirror: 262143 bytes (file open, kmsg=3 pmsg=4 rd=8)
6,2697,1665269879,-,caller=T378;(virq:irq_count)- 11:68545 6:48588 1:35526 2:16552 301:6872 35:6333 30:4316 358:371 28:351 40:225 
6,2698,1665269885,-,caller=T378;(cpu:irq_count)- 0:33538 1:1024 2:604 3:491 4:4499 5:4403 6:4191 7:139041 
6,2699,1665269888,-,caller=T378;(ipi:irq_count)- 0:35526 1:16552 2:0 3:0 4:0 5:48588 6:0 
9,2700,1667154856,-,caller=T14070;nx679j: journal mirror: 262143 bytes (file open, kmsg=3 pmsg=4 rd=8)
9,2701,1669193659,-,caller=T14085;nx679j: journal mirror: 262143 bytes (file open, kmsg=3 pmsg=4 rd=8)
9,2702,1671228768,-,caller=T14135;nx679j: journal mirror: 262143 bytes (file open, kmsg=3 pmsg=4 rd=8)
9,2703,1673267464,-,caller=T14185;nx679j: journal mirror: 262143 bytes (file open, kmsg=3 pmsg=4 rd=8)
6,2704,1674740960,-,caller=T378;(virq:irq_count)- 11:68975 6:48900 1:35680 2:16631 301:6874 35:6391 30:4340 358:371 28:351 40:225 
6,2705,1674740967,-,caller=T378;(cpu:irq_count)- 0:33701 1:1024 2:604 3:491 4:4513 5:4427 6:4210 7:139880 
6,2706,1674740970,-,caller=T378;(ipi:irq_count)- 0:35680 1:16631 2:0 3:0 4:0 5:48900 6:0 
9,2707,1675283102,-,caller=T14200;nx679j: journal mirror: 262143 bytes (file open, kmsg=3 pmsg=4 rd=8)
9,2708,1677302362,-,caller=T14250;nx679j: journal mirror: 262143 bytes (file open, kmsg=3 pmsg=4 rd=8)
9,2709,1679338768,-,caller=T14300;nx679j: journal mirror: 262143 bytes (file open, kmsg=3 pmsg=4 rd=8)
9,2710,1681376380,-,caller=T14315;nx679j: journal mirror: 262143 bytes (file open, kmsg=3 pmsg=4 rd=8)
9,2711,1683410720,-,caller=T14365;nx679j: journal mirror: 262143 bytes (file open, kmsg=3 pmsg=4 rd=8)
6,2712,1684213355,-,caller=T378;(virq:irq_count)- 11:69429 6:49238 1:35851 2:16712 301:6875 35:6455 30:4367 358:371 28:351 40:225 
6,2713,1684213365,-,caller=T378;(cpu:irq_count)- 0:33873 1:1024 2:604 3:491 4:4541 5:4444 6:4235 7:140774 
6,2714,1684213368,-,caller=T378;(ipi:irq_count)- 0:35851 1:16712 2:0 3:0 4:0 5:49238 6:0 
9,2715,1685440017,-,caller=T14415;nx679j: journal mirror: 262143 bytes (file open, kmsg=3 pmsg=4 rd=8)
9,2716,1687470355,-,caller=T14430;nx679j: journal mirror: 262143 bytes (file open, kmsg=3 pmsg=4 rd=8)
9,2717,1689505871,-,caller=T14480;nx679j: journal mirror: 262143 bytes (file open, kmsg=3 pmsg=4 rd=8)
9,2718,1691542048,-,caller=T14530;nx679j: journal mirror: 262143 bytes (file open, kmsg=3 pmsg=4 rd=8)
9,2719,1693579796,-,caller=T14545;nx679j: journal mirror: 262143 bytes (file open, kmsg=3 pmsg=4 rd=8)
6,2720,1693685760,-,caller=T198;(virq:irq_count)- 11:69881 6:49557 1:36019 2:16793 301:6878 35:6519 30:4394 358:371 28:351 40:225 
6,2721,1693685766,-,caller=T198;(cpu:irq_count)- 0:34048 1:1024 2:604 3:491 4:4571 5:4463 6:4254 7:141645 
6,2722,1693685768,-,caller=T198;(ipi:irq_count)- 0:36019 1:16793 2:0 3:0 4:0 5:49557 6:0 
9,2723,1695599212,-,caller=T14595;nx679j: journal mirror: 262143 bytes (file open, kmsg=3 pmsg=4 rd=8)
9,2724,1697636158,-,caller=T14645;nx679j: journal mirror: 262143 bytes (file open, kmsg=3 pmsg=4 rd=8)
3,2725,1698131329,-,caller=C0;ipahal ipa_hw_opcode_to_opcode:1396 unsupported Status Opcode 0x0
