/home/user/nx679j-stock/experiments/refs/strace-7.2.tar.xz: OK
checking for a BSD-compatible install... /usr/bin/install -c
checking whether build environment is sane... yes
checking for aarch64-linux-gnu-strip... aarch64-linux-gnu-strip
checking for a race-free mkdir -p... /usr/bin/mkdir -p
checking for gawk... gawk
checking whether make sets $(MAKE)... yes
checking whether make supports nested variables... yes
checking whether to enable maintainer-specific portions of Makefiles... no
checking build system type... x86_64-pc-linux-gnu
checking host system type... aarch64-unknown-linux-gnu
checking for aarch64-linux-gnu-gcc... aarch64-linux-gnu-gcc
checking whether the C compiler works... yes
checking for C compiler default output file name... a.out
checking for suffix of executables... 
checking whether we are cross compiling... yes
checking for suffix of object files... o
checking whether the compiler supports GNU C... yes
checking whether aarch64-linux-gnu-gcc accepts -g... yes
checking for aarch64-linux-gnu-gcc option to enable C11 features... none needed
checking whether aarch64-linux-gnu-gcc understands -c and -o together... yes
checking whether make supports the include directive... yes (GNU style)
checking dependency style of aarch64-linux-gnu-gcc... gcc3
checking how to run the C preprocessor... aarch64-linux-gnu-gcc -E
checking for aarch64-linux-gnu-ranlib... aarch64-linux-gnu-ranlib
checking whether ln -s works... yes
checking for stdio.h... yes
checking for stdlib.h... yes
checking for string.h... yes
checking for inttypes.h... yes
checking for stdint.h... yes
checking for strings.h... yes
checking for sys/stat.h... yes
checking for sys/types.h... yes
checking for unistd.h... yes
checking for wchar.h... yes
checking for minix/config.h... no
checking whether it is safe to define __EXTENSIONS__... yes
checking whether _XOPEN_SOURCE should be defined... no
checking for a sed that does not truncate output... /usr/bin/sed
checking whether to build with code coverage support... no
checking whether byte ordering is bigendian... no
checking for supported architecture... aarch64
checking whether to use bundled linux kernel headers... yes
checking whether aarch64-linux-gnu-gcc is fresh enough for -Werror... yes
checking whether to try aarch64-linux-gnu-gcc with -Werror by default... yes
checking whether aarch64-linux-gnu-gcc handles -Werror -Wunknown-warning-option... no
checking whether aarch64-linux-gnu-gcc handles -Wall... yes
checking whether aarch64-linux-gnu-gcc handles -Wextra... yes
checking whether aarch64-linux-gnu-gcc handles -Wno-missing-field-initializers... yes
checking whether aarch64-linux-gnu-gcc handles -Wno-unused-parameter... yes
checking whether aarch64-linux-gnu-gcc handles -Wdate-time... yes
checking whether aarch64-linux-gnu-gcc handles -Wformat-security... yes
checking whether aarch64-linux-gnu-gcc handles -Wimplicit-fallthrough=5... yes
checking whether aarch64-linux-gnu-gcc handles -Winit-self... yes
checking whether aarch64-linux-gnu-gcc handles -Winitializer-overrides... no
checking whether aarch64-linux-gnu-gcc handles -Wlogical-op... yes
checking whether aarch64-linux-gnu-gcc handles -Wmissing-prototypes... yes
checking whether aarch64-linux-gnu-gcc handles -Wnested-externs... yes
checking whether aarch64-linux-gnu-gcc handles -Wold-style-definition... yes
checking whether aarch64-linux-gnu-gcc handles -Wtrampolines... yes
checking whether aarch64-linux-gnu-gcc handles -Wundef... yes
checking whether aarch64-linux-gnu-gcc handles -Wwrite-strings... yes
checking whether aarch64-linux-gnu-gcc handles -Werror... yes
checking whether aarch64-linux-gnu-gcc handles -Wno-error=unterminated-string-initialization... yes
checking whether aarch64-linux-gnu-gcc handles -Wno-error=stringop-overflow... yes
checking whether aarch64-linux-gnu-gcc handles -gdwarf-aranges... no
configure: looking for a C compiler that generates native executables
checking for gcc... gcc
checking whether the compiler supports GNU C... yes
checking whether gcc accepts -g... yes
checking for gcc option to enable C11 features... none needed
checking whether gcc understands -c and -o together... yes
checking dependency style of gcc... gcc3
checking how to run the C preprocessor... gcc -E
checking whether gcc is fresh enough for -Werror... yes
checking whether to try gcc with -Werror by default... yes
checking whether gcc handles -Werror -Wunknown-warning-option... no
checking whether gcc handles -Wall... yes
checking whether gcc handles -Wextra... yes
checking whether gcc handles -Wno-missing-field-initializers... yes
checking whether gcc handles -Wno-unused-parameter... yes
checking whether gcc handles -Wdate-time... yes
checking whether gcc handles -Wformat-security... yes
checking whether gcc handles -Wimplicit-fallthrough=5... yes
checking whether gcc handles -Winit-self... yes
checking whether gcc handles -Winitializer-overrides... no
checking whether gcc handles -Wlogical-op... yes
checking whether gcc handles -Wmissing-prototypes... yes
checking whether gcc handles -Wnested-externs... yes
checking whether gcc handles -Wold-style-definition... yes
checking whether gcc handles -Wtrampolines... yes
checking whether gcc handles -Wundef... yes
checking whether gcc handles -Wwrite-strings... yes
checking whether gcc handles -Werror... yes
checking whether gcc handles -Wno-error=unterminated-string-initialization... yes
checking whether gcc handles -Wno-error=stringop-overflow... yes
checking for aarch64-linux-gnu-ar... aarch64-linux-gnu-ar
checking the archiver (aarch64-linux-gnu-ar) interface... ar
checking for typeof syntax and keyword spelling... typeof
checking for uid_t... yes
checking for gid_t... yes
checking for accept4... yes
checking for be64toh... no
checking for fallocate... yes
checking for fanotify_mark... yes
checking for fcntl64... yes
checking for fopen64... yes
checking for fork... yes
checking for fputs_unlocked... yes
checking for fstatat... yes
checking for ftruncate... yes
checking for futimens... yes
checking for iconv_open... yes
checking for if_indextoname... yes
checking for mempcpy... yes
checking for open64... yes
checking for open_memstream... yes
checking for preadv... yes
checking for process_vm_readv... yes
checking for process_vm_writev... yes
checking for pwritev... yes
checking for readahead... yes
checking for signalfd... yes
checking for stpcpy... yes
checking for strerror... yes
checking for strndup... yes
checking for sync_file_range... yes
checking for sig_atomic_t... yes
checking for struct sigcontext... yes
checking for struct sockaddr_storage... yes
checking for struct mmsghdr... yes
checking for __kernel_long_t... yes
checking for __kernel_ulong_t... yes
checking for struct __kernel_timespec... yes
checking for struct __kernel_sock_timeval... yes
checking for struct stat64... no
checking for struct __old_kernel_stat... no
checking for struct termios2... yes
checking for struct termios.c_ispeed... no
checking for struct termios.c_ospeed... no
checking for struct user_desc... no
checking for struct stat.st_mtime_nsec... yes
checking for struct stat64.st_mtime_nsec... no
checking for struct pt_all_user_regs... no
checking for struct ia64_fpreg... no
checking for struct ptrace_peeksiginfo_args... no
checking for s390_compat_regs... no
checking for struct utsname.domainname... yes
checking for siginfo_t.si_syscall... yes
checking for siginfo_t.si_timerid... yes
checking for siginfo_t.si_overrun... yes
checking for siginfo_t.si_pkey... yes
checking for siginfo_t.si_trapno... no
checking for siginfo_t.si_addr_lsb... yes
checking for siginfo_t.si_lower... yes
checking for siginfo_t.si_upper... yes
checking for siginfo_t.si_perf_data... no
checking for siginfo_t.si_perf_type... no
checking for siginfo_t.si_perf_flags... no
checking for asm/cachectl.h... no
checking for asm/guarded_storage.h... no
checking for asm/sysmips.h... no
checking for elf.h... yes
checking for gcov.h... yes
checking for iconv.h... yes
checking for linux/rxrpc.h... yes
checking for mqueue.h... yes
checking for netinet/sctp.h... no
checking for paths.h... yes
checking for scsi/sg.h... yes
checking for sys/eventfd.h... yes
checking for sys/fanotify.h... yes
checking for sys/ipc.h... yes
checking for sys/quota.h... yes
checking for sys/signalfd.h... yes
checking for sys/xattr.h... yes
checking for ustat.h... no
checking for linux/ipx.h... no
checking for netipx/ipx.h... yes
checking for struct sockaddr_ipx... yes
checking for linux/ipc.h... yes
checking for linux/kvm.h... yes
checking for asm/sigcontext.h... yes
checking for netinet/tcp.h... yes
checking for netinet/udp.h... yes
checking for linux/netfilter_arp/arp_tables.h... yes
checking for linux/netfilter_bridge/ebtables.h... yes
checking for linux/netfilter_ipv4/ip_tables.h... yes
checking for linux/netfilter_ipv6/ip6_tables.h... yes
checking for linux/bpf.h... yes
checking for struct bpf_insn... yes
checking for struct bpf_map_info... yes
checking for struct bpf_prog_info... yes
checking for struct bpf_map_info.btf_id... yes
checking for struct bpf_map_info.btf_key_type_id... yes
checking for struct bpf_map_info.btf_value_type_id... yes
checking for struct bpf_map_info.btf_vmlinux_id... yes
checking for struct bpf_map_info.btf_vmlinux_value_type_id... yes
checking for struct bpf_map_info.hash... yes
checking for struct bpf_map_info.hash_size... yes
checking for struct bpf_map_info.id... yes
checking for struct bpf_map_info.ifindex... yes
checking for struct bpf_map_info.key_size... yes
checking for struct bpf_map_info.map_extra... yes
checking for struct bpf_map_info.map_flags... yes
checking for struct bpf_map_info.max_entries... yes
checking for struct bpf_map_info.name... yes
checking for struct bpf_map_info.type... yes
checking for struct bpf_map_info.value_size... yes
checking for struct bpf_prog_info.attach_btf_id... yes
checking for struct bpf_prog_info.attach_btf_obj_id... yes
checking for struct bpf_prog_info.btf_id... yes
checking for struct bpf_prog_info.created_by_uid... yes
checking for struct bpf_prog_info.func_info... yes
checking for struct bpf_prog_info.func_info_rec_size... yes
checking for struct bpf_prog_info.id... yes
checking for struct bpf_prog_info.ifindex... yes
checking for struct bpf_prog_info.jited_func_lens... yes
checking for struct bpf_prog_info.jited_ksyms... yes
checking for struct bpf_prog_info.jited_line_info... yes
checking for struct bpf_prog_info.jited_line_info_rec_size... yes
checking for struct bpf_prog_info.jited_prog_insns... yes
checking for struct bpf_prog_info.jited_prog_len... yes
checking for struct bpf_prog_info.line_info... yes
checking for struct bpf_prog_info.line_info_rec_size... yes
checking for struct bpf_prog_info.load_time... yes
checking for struct bpf_prog_info.map_ids... yes
checking for struct bpf_prog_info.name... yes
checking for struct bpf_prog_info.nr_func_info... yes
checking for struct bpf_prog_info.nr_jited_func_lens... yes
checking for struct bpf_prog_info.nr_jited_ksyms... yes
checking for struct bpf_prog_info.nr_jited_line_info... yes
checking for struct bpf_prog_info.nr_line_info... yes
checking for struct bpf_prog_info.nr_map_ids... yes
checking for struct bpf_prog_info.nr_prog_tags... yes
checking for struct bpf_prog_info.prog_tags... yes
checking for struct bpf_prog_info.recursion_misses... yes
checking for struct bpf_prog_info.run_cnt... yes
checking for struct bpf_prog_info.run_time_ns... yes
checking for struct bpf_prog_info.tag... yes
checking for struct bpf_prog_info.type... yes
checking for struct bpf_prog_info.verified_insns... yes
checking for struct bpf_prog_info.xlated_prog_insns... yes
checking for struct bpf_prog_info.xlated_prog_len... yes
checking for union bpf_attr.attach_bpf_fd... yes
checking for union bpf_attr.attach_btf_id... yes
checking for union bpf_attr.attach_flags... yes
checking for union bpf_attr.attach_prog_fd... yes
checking for union bpf_attr.attach_type... yes
checking for union bpf_attr.batch.count... yes
checking for union bpf_attr.batch.elem_flags... yes
checking for union bpf_attr.batch.flags... yes
checking for union bpf_attr.batch.in_batch... yes
checking for union bpf_attr.batch.keys... yes
checking for union bpf_attr.batch.map_fd... yes
checking for union bpf_attr.batch.out_batch... yes
checking for union bpf_attr.batch.values... yes
checking for union bpf_attr.bpf_fd... yes
checking for union bpf_attr.btf... yes
checking for union bpf_attr.btf_fd... yes
checking for union bpf_attr.btf_flags... yes
checking for union bpf_attr.btf_id... yes
checking for union bpf_attr.btf_key_type_id... yes
checking for union bpf_attr.btf_log_buf... yes
checking for union bpf_attr.btf_log_level... yes
checking for union bpf_attr.btf_log_size... yes
checking for union bpf_attr.btf_log_true_size... yes
checking for union bpf_attr.btf_size... yes
checking for union bpf_attr.btf_token_fd... yes
checking for union bpf_attr.btf_value_type_id... yes
checking for union bpf_attr.btf_vmlinux_value_type_id... yes
checking for union bpf_attr.core_relo_cnt... yes
checking for union bpf_attr.core_relo_rec_size... yes
checking for union bpf_attr.core_relos... yes
checking for union bpf_attr.enable_stats.type... yes
checking for union bpf_attr.excl_prog_hash... yes
checking for union bpf_attr.excl_prog_hash_size... yes
checking for union bpf_attr.expected_attach_type... yes
checking for union bpf_attr.expected_revision... yes
checking for union bpf_attr.fd_array... yes
checking for union bpf_attr.fd_array_cnt... yes
checking for union bpf_attr.fd_by_id_token_fd... yes
checking for union bpf_attr.file_flags... yes
checking for union bpf_attr.flags... yes
checking for union bpf_attr.func_info... yes
checking for union bpf_attr.func_info_cnt... yes
checking for union bpf_attr.func_info_rec_size... yes
checking for union bpf_attr.info.bpf_fd... yes
checking for union bpf_attr.info.info... yes
checking for union bpf_attr.info.info_len... yes
checking for union bpf_attr.inner_map_fd... yes
checking for union bpf_attr.insn_cnt... yes
checking for union bpf_attr.insns... yes
checking for union bpf_attr.iter_create.flags... yes
checking for union bpf_attr.iter_create.link_fd... yes
checking for union bpf_attr.kern_version... yes
checking for union bpf_attr.key... yes
checking for union bpf_attr.key_size... yes
checking for union bpf_attr.keyring_id... yes
checking for union bpf_attr.license... yes
checking for union bpf_attr.line_info... yes
checking for union bpf_attr.line_info_cnt... yes
checking for union bpf_attr.line_info_rec_size... yes
checking for union bpf_attr.link_create.addrs... no
checking for union bpf_attr.link_create.attach_type... yes
checking for union bpf_attr.link_create.bpf_cookie... no
checking for union bpf_attr.link_create.cnt... no
checking for union bpf_attr.link_create.cookies... no
checking for union bpf_attr.link_create.expected_revision... no
checking for union bpf_attr.link_create.flags... yes
checking for union bpf_attr.link_create.hooknum... no
checking for union bpf_attr.link_create.ids... no
checking for union bpf_attr.link_create.iter_info... yes
checking for union bpf_attr.link_create.iter_info_len... yes
checking for union bpf_attr.link_create.kprobe_multi... yes
checking for union bpf_attr.link_create.netfilter... yes
checking for union bpf_attr.link_create.offsets... no
checking for union bpf_attr.link_create.path... no
checking for union bpf_attr.link_create.path_fd... no
checking for union bpf_attr.link_create.perf_event... yes
checking for union bpf_attr.link_create.pf... no
checking for union bpf_attr.link_create.pid... no
checking for union bpf_attr.link_create.priority... no
checking for union bpf_attr.link_create.prog_fd... yes
checking for union bpf_attr.link_create.ref_ctr_offsets... no
checking for union bpf_attr.link_create.relative_fd... no
checking for union bpf_attr.link_create.relative_id... no
checking for union bpf_attr.link_create.syms... no
checking for union bpf_attr.link_create.target_btf_id... yes
checking for union bpf_attr.link_create.target_fd... yes
checking for union bpf_attr.link_create.target_ifindex... yes
checking for union bpf_attr.link_create.tracing_multi... no
checking for union bpf_attr.link_create.uprobe_multi... yes
checking for union bpf_attr.link_detach.link_fd... yes
checking for union bpf_attr.link_id... yes
checking for union bpf_attr.link_update.flags... yes
checking for union bpf_attr.link_update.link_fd... yes
checking for union bpf_attr.link_update.new_prog_fd... yes
checking for union bpf_attr.link_update.old_prog_fd... yes
checking for union bpf_attr.log_buf... yes
checking for union bpf_attr.log_level... yes
checking for union bpf_attr.log_size... yes
checking for union bpf_attr.log_true_size... yes
checking for union bpf_attr.map_extra... yes
checking for union bpf_attr.map_fd... yes
checking for union bpf_attr.map_flags... yes
checking for union bpf_attr.map_id... yes
checking for union bpf_attr.map_ifindex... yes
checking for union bpf_attr.map_name... yes
checking for union bpf_attr.map_token_fd... yes
checking for union bpf_attr.map_type... yes
checking for union bpf_attr.max_entries... yes
checking for union bpf_attr.next_id... yes
checking for union bpf_attr.next_key... yes
checking for union bpf_attr.numa_node... yes
checking for union bpf_attr.open_flags... yes
checking for union bpf_attr.path_fd... yes
checking for union bpf_attr.pathname... yes
checking for union bpf_attr.prog_assoc_struct_ops... yes
checking for union bpf_attr.prog_bind_map.flags... yes
checking for union bpf_attr.prog_bind_map.map_fd... yes
checking for union bpf_attr.prog_bind_map.prog_fd... yes
checking for union bpf_attr.prog_btf_fd... yes
checking for union bpf_attr.prog_flags... yes
checking for union bpf_attr.prog_id... yes
checking for union bpf_attr.prog_ifindex... yes
checking for union bpf_attr.prog_name... yes
checking for union bpf_attr.prog_stream_read.prog_fd... yes
checking for union bpf_attr.prog_stream_read.stream_buf... yes
checking for union bpf_attr.prog_stream_read.stream_buf_len... yes
checking for union bpf_attr.prog_stream_read.stream_id... yes
checking for union bpf_attr.prog_token_fd... yes
checking for union bpf_attr.prog_type... yes
checking for union bpf_attr.query.attach_flags... yes
checking for union bpf_attr.query.attach_type... yes
checking for union bpf_attr.query.dummy... no
checking for union bpf_attr.query.link_attach_flags... yes
checking for union bpf_attr.query.link_ids... yes
checking for union bpf_attr.query.prog_attach_flags... yes
checking for union bpf_attr.query.prog_cnt... yes
checking for union bpf_attr.query.prog_ids... yes
checking for union bpf_attr.query.query_flags... yes
checking for union bpf_attr.query.revision... yes
checking for union bpf_attr.query.target_fd... yes
checking for union bpf_attr.query.target_ifindex... yes
checking for union bpf_attr.raw_tracepoint.cookie... yes
checking for union bpf_attr.raw_tracepoint.dummy... no
checking for union bpf_attr.raw_tracepoint.name... yes
checking for union bpf_attr.raw_tracepoint.prog_fd... yes
checking for union bpf_attr.relative_fd... yes
checking for union bpf_attr.relative_id... yes
checking for union bpf_attr.replace_bpf_fd... yes
checking for union bpf_attr.signature... yes
checking for union bpf_attr.signature_size... yes
checking for union bpf_attr.start_id... yes
checking for union bpf_attr.target_fd... yes
checking for union bpf_attr.target_ifindex... yes
checking for union bpf_attr.task_fd_query.buf... yes
checking for union bpf_attr.task_fd_query.buf_len... yes
checking for union bpf_attr.task_fd_query.fd... yes
checking for union bpf_attr.task_fd_query.fd_type... yes
checking for union bpf_attr.task_fd_query.flags... yes
checking for union bpf_attr.task_fd_query.pid... yes
checking for union bpf_attr.task_fd_query.probe_addr... yes
checking for union bpf_attr.task_fd_query.probe_offset... yes
checking for union bpf_attr.task_fd_query.prog_id... yes
checking for union bpf_attr.test.batch_size... yes
checking for union bpf_attr.test.cpu... yes
checking for union bpf_attr.test.ctx_in... yes
checking for union bpf_attr.test.ctx_out... yes
checking for union bpf_attr.test.ctx_size_in... yes
checking for union bpf_attr.test.ctx_size_out... yes
checking for union bpf_attr.test.data_in... yes
checking for union bpf_attr.test.data_out... yes
checking for union bpf_attr.test.data_size_in... yes
checking for union bpf_attr.test.data_size_out... yes
checking for union bpf_attr.test.duration... yes
checking for union bpf_attr.test.flags... yes
checking for union bpf_attr.test.prog_fd... yes
checking for union bpf_attr.test.repeat... yes
checking for union bpf_attr.test.retval... yes
checking for union bpf_attr.token_create.bpffs_fd... yes
checking for union bpf_attr.token_create.flags... yes
checking for union bpf_attr.value... yes
checking for union bpf_attr.value_size... yes
checking for union bpf_attr.value_type_btf_obj_fd... yes
checking for union bpf_attr.dummy... no
checking for bluetooth/bluetooth.h... no
checking for struct statfs... yes
checking for struct statfs.f_frsize... yes
checking for struct statfs.f_flags... yes
checking for struct statfs.f_fsid.val... yes
checking for struct statfs.f_fsid.__val... no
checking for struct statfs64... yes
checking for struct statfs64.f_frsize... yes
checking for struct statfs64.f_flags... yes
checking for struct statfs64.f_fsid.val... yes
checking for struct statfs64.f_fsid.__val... no
checking for struct kbdiacruc... yes
checking for struct kbdiacrsuc... yes
checking for struct kvm_cpuid2... no
checking for struct kvm_regs... yes
checking for struct kvm_sregs... yes
checking for struct kvm_userspace_memory_region... yes
checking for struct kvm_run.immediate_exit... yes
checking for struct kvm_run.flags... yes
checking for struct tcp_diag_md5sig... yes
checking whether <linux/signal.h> can be used along with <signal.h>... no
checking for struct __aio_sigset... no
checking for struct iocb.aio_flags... yes
checking for struct iocb.aio_rw_flags... yes
checking for aarch64-linux-gnu-gcc options needed to detect all undeclared functions... none needed
checking whether IEEE802154_ADDR_NONE is declared... no
checking whether IEEE802154_ADDR_SHORT is declared... no
checking whether IEEE802154_ADDR_LONG is declared... no
checking whether LO_FLAGS_READ_ONLY is declared... yes
checking whether LO_FLAGS_USE_AOPS is declared... no
checking whether LO_FLAGS_AUTOCLEAR is declared... yes
checking whether LO_FLAGS_PARTSCAN is declared... yes
checking whether LO_FLAGS_DIRECT_IO is declared... yes
checking whether XFRM_MSG_NEWSA is declared... yes
checking whether XFRM_MSG_DELSA is declared... yes
checking whether XFRM_MSG_GETSA is declared... yes
checking whether XFRM_MSG_NEWPOLICY is declared... yes
checking whether XFRM_MSG_DELPOLICY is declared... yes
checking whether XFRM_MSG_GETPOLICY is declared... yes
checking whether XFRM_MSG_ALLOCSPI is declared... yes
checking whether XFRM_MSG_ACQUIRE is declared... yes
checking whether XFRM_MSG_EXPIRE is declared... yes
checking whether XFRM_MSG_UPDPOLICY is declared... yes
checking whether XFRM_MSG_UPDSA is declared... yes
checking whether XFRM_MSG_POLEXPIRE is declared... yes
checking whether XFRM_MSG_FLUSHSA is declared... yes
checking whether XFRM_MSG_FLUSHPOLICY is declared... yes
checking whether XFRM_MSG_NEWAE is declared... yes
checking whether XFRM_MSG_GETAE is declared... yes
checking whether XFRM_MSG_REPORT is declared... yes
checking whether XFRM_MSG_MIGRATE is declared... yes
checking whether XFRM_MSG_NEWSADINFO is declared... yes
checking whether XFRM_MSG_GETSADINFO is declared... yes
checking whether XFRM_MSG_NEWSPDINFO is declared... yes
checking whether XFRM_MSG_GETSPDINFO is declared... yes
checking whether XFRM_MSG_MAPPING is declared... yes
checking whether XFRM_MSG_SETDEFAULT is declared... yes
checking whether XFRM_MSG_GETDEFAULT is declared... yes
checking whether XFRM_MSG_MIGRATE_STATE is declared... no
checking whether PTP_PF_NONE is declared... no
checking whether PTP_PF_EXTTS is declared... no
checking whether PTP_PF_PEROUT is declared... no
checking whether PTP_PF_PHYSYNC is declared... no
checking whether NFEA_UNSPEC is declared... no
checking whether NFEA_ACTIVITY_NOTIFY is declared... no
checking whether NFEA_DONT_REFRESH is declared... no
checking whether TCA_ACT_UNSPEC is declared... yes
checking whether TCA_ACT_KIND is declared... yes
checking whether TCA_ACT_OPTIONS is declared... yes
checking whether TCA_ACT_INDEX is declared... yes
checking whether TCA_ACT_STATS is declared... yes
checking whether TCA_ACT_PAD is declared... yes
checking whether TCA_ACT_COOKIE is declared... yes
checking whether TCA_ACT_FLAGS is declared... yes
checking whether TCA_ACT_HW_STATS is declared... yes
checking whether TCA_ACT_USED_HW_STATS is declared... yes
checking whether TCA_ACT_IN_HW_COUNT is declared... yes
checking whether P_ALL is declared... yes
checking whether P_PID is declared... yes
checking whether P_PGID is declared... yes
checking whether P_PIDFD is declared... yes
checking whether sys_errlist is declared... no
checking whether PTRACE_PEEKUSER is declared... yes
checking whether PTRACE_POKEUSER is declared... yes
checking size of long... 8
checking size of long long... 8
checking size of off_t... 8
checking size of kernel_long_t... 8
checking size of struct i64_i32... 16
checking size of struct msqid64_ds... 120
checking for SIGRTMIN... 32
checking for SA_RESTORER... 0x04000000
checking for __builtin_popcount... yes
checking for program_invocation_name... yes
checking for static_assert... yes
checking for library containing dladdr... none required
checking for library containing timer_create... none required
checking for library containing clock_gettime... none required
checking for library containing log10... -lm
checking for library containing mq_open... none required
checking for termcap.h... no
checking for aarch64-linux-gnu-readelf... aarch64-linux-gnu-readelf
checking whether to enable stack tracing support... no
checking whether to enable security contexts support... no
checking for arm-linux-gnu-gcc... no
checking for arm-linux-gnu-cc... no
checking for arm-linux-gnueabi-gcc... no
checking for arm-linux-gnueabi-cc... no
checking for arm-linux-gnueabihf-gcc... no
checking for arm-linux-gnueabihf-cc... no
checking for arm-unknown-linux-gnu-gcc... no
checking for arm-unknown-linux-gnu-cc... no
checking for arm-unknown-linux-gnueabi-gcc... no
checking for arm-unknown-linux-gnueabi-cc... no
checking for arm-unknown-linux-gnueabihf-gcc... no
checking for arm-unknown-linux-gnueabihf-cc... no
checking for arm7-linux-gnu-gcc... no
checking for arm7-linux-gnu-cc... no
checking for arm7-linux-gnueabi-gcc... no
checking for arm7-linux-gnueabi-cc... no
checking for arm7-linux-gnueabihf-gcc... no
checking for arm7-linux-gnueabihf-cc... no
checking for arm7-unknown-linux-gnu-gcc... no
checking for arm7-unknown-linux-gnu-cc... no
checking for arm7-unknown-linux-gnueabi-gcc... no
checking for arm7-unknown-linux-gnueabi-cc... no
checking for arm7-unknown-linux-gnueabihf-gcc... no
checking for arm7-unknown-linux-gnueabihf-cc... no
checking for arm7hl-linux-gnu-gcc... no
checking for arm7hl-linux-gnu-cc... no
checking for arm7hl-linux-gnueabi-gcc... no
checking for arm7hl-linux-gnueabi-cc... no
checking for arm7hl-linux-gnueabihf-gcc... no
checking for arm7hl-linux-gnueabihf-cc... no
checking for arm7hl-unknown-linux-gnu-gcc... no
checking for arm7hl-unknown-linux-gnu-cc... no
checking for arm7hl-unknown-linux-gnueabi-gcc... no
checking for arm7hl-unknown-linux-gnueabi-cc... no
checking for arm7hl-unknown-linux-gnueabihf-gcc... no
checking for arm7hl-unknown-linux-gnueabihf-cc... no
checking for armh-linux-gnu-gcc... no
checking for armh-linux-gnu-cc... no
checking for armh-linux-gnueabi-gcc... no
checking for armh-linux-gnueabi-cc... no
checking for armh-linux-gnueabihf-gcc... no
checking for armh-linux-gnueabihf-cc... no
checking for armh-unknown-linux-gnu-gcc... no
checking for armh-unknown-linux-gnu-cc... no
checking for armh-unknown-linux-gnueabi-gcc... no
checking for armh-unknown-linux-gnueabi-cc... no
checking for armh-unknown-linux-gnueabihf-gcc... no
checking for armh-unknown-linux-gnueabihf-cc... no
checking whether to enable m32 personality support... no
checking for valgrind... no
checking that generated files are newer than configure... done
configure: creating ./config.status
config.status: creating Makefile
config.status: creating bundled/Makefile
config.status: creating debian/changelog
config.status: creating doc/strace.1
config.status: creating doc/strace-log-merge.1
config.status: creating src/Makefile
config.status: creating strace.spec
config.status: creating tests/Makefile
config.status: creating tests-m32/Makefile
config.status: creating tests-mx32/Makefile
config.status: creating src/config.h
config.status: executing depfiles commands
make: Entering directory '/home/user/nx679j-stock/experiments/refs/strace-7.2-build-aarch64'
make  all-recursive
make[1]: Entering directory '/home/user/nx679j-stock/experiments/refs/strace-7.2-build-aarch64'
Making all in bundled
make[2]: Entering directory '/home/user/nx679j-stock/experiments/refs/strace-7.2-build-aarch64/bundled'
make[2]: Nothing to be done for 'all'.
make[2]: Leaving directory '/home/user/nx679j-stock/experiments/refs/strace-7.2-build-aarch64/bundled'
Making all in src
make[2]: Entering directory '/home/user/nx679j-stock/experiments/refs/strace-7.2-build-aarch64/src'
aarch64-linux-gnu-gcc -E -P -DHAVE_CONFIG_H    -I./linux/aarch64 -I/home/user/nx679j-stock/experiments/refs/strace-7.2/src/linux/aarch64 -I./linux/generic -I/home/user/nx679j-stock/experiments/refs/strace-7.2/src/linux/generic -I. -I/home/user/nx679j-stock/experiments/refs/strace-7.2/src -isystem /home/user/nx679j-stock/experiments/refs/strace-7.2/bundled/linux/arch/arm64/include/uapi -isystem /home/user/nx679j-stock/experiments/refs/strace-7.2/bundled/linux/include/uapi -isystem /home/user/nx679j-stock/experiments/refs/strace-7.2/bundled/linux/arch/arm64/include/uapi -isystem /home/user/nx679j-stock/experiments/refs/strace-7.2/bundled/linux/include/uapi -include ../src/config.h /home/user/nx679j-stock/experiments/refs/strace-7.2/src/linux/aarch64/syscallent.h -o syscallent.i
echo '/* Generated by Makefile from /home/user/nx679j-stock/experiments/refs/strace-7.2/src/scno.head syscallent.i; do not edit. */' > scno.h-t
cat /home/user/nx679j-stock/experiments/refs/strace-7.2/src/scno.head >> scno.h-t
LC_ALL=C sed -n '/TRACE_INDIRECT_SUBCALL/d; s/^\[[[:space:]]*\([[:digit:]][[:digit:]]*\([[:space:]]*+[[:space:]]*[[:digit:]][[:digit:]]*\)\?\)\][[:space:]]*=[[:space:]]*{[^,]*,[^,]*,[^,]*,[[:space:]]*"\([[:alnum:]_][[:alnum:]_]*\)"[[:space:]]*},.*/#ifndef __NR_\3\n# define __NR_\3 (SYSCALL_BIT | (\1))\n#endif/p' syscallent.i >> scno.h-t
mv scno.h-t scno.h
 cd .. && /bin/sh ./config.status src/Makefile depfiles
config.status: creating src/Makefile
config.status: executing depfiles commands
aarch64-linux-gnu-gcc -E -P -DHAVE_CONFIG_H   \
	-I./linux/aarch64 -I/home/user/nx679j-stock/experiments/refs/strace-7.2/src/linux/aarch64 -I./linux/generic -I/home/user/nx679j-stock/experiments/refs/strace-7.2/src/linux/generic -I. -I/home/user/nx679j-stock/experiments/refs/strace-7.2/src -isystem /home/user/nx679j-stock/experiments/refs/strace-7.2/bundled/linux/arch/arm64/include/uapi -isystem /home/user/nx679j-stock/experiments/refs/strace-7.2/bundled/linux/include/uapi -DIN_STRACE=1      -isystem /home/user/nx679j-stock/experiments/refs/strace-7.2/bundled/linux/arch/arm64/include/uapi -isystem /home/user/nx679j-stock/experiments/refs/strace-7.2/bundled/linux/include/uapi /home/user/nx679j-stock/experiments/refs/strace-7.2/src/ioctl_iocdef.c -o ioctl_iocdef.i
cat /home/user/nx679j-stock/experiments/refs/strace-7.2/src/linux/aarch64/ioctls_inc1.h /home/user/nx679j-stock/experiments/refs/strace-7.2/src/linux/aarch64/ioctls_arch1.h > ioctls_all1.h
cat /home/user/nx679j-stock/experiments/refs/strace-7.2/src/linux/aarch64/ioctls_inc0.h /home/user/nx679j-stock/experiments/refs/strace-7.2/src/linux/aarch64/ioctls_arch0.h > ioctls_all0.h
aarch64-linux-gnu-gcc -E -P -DHAVE_CONFIG_H   -I./linux/aarch64 -I/home/user/nx679j-stock/experiments/refs/strace-7.2/src/linux/aarch64 -I./linux/generic -I/home/user/nx679j-stock/experiments/refs/strace-7.2/src/linux/generic -I. -I/home/user/nx679j-stock/experiments/refs/strace-7.2/src -isystem /home/user/nx679j-stock/experiments/refs/strace-7.2/bundled/linux/arch/arm64/include/uapi -isystem /home/user/nx679j-stock/experiments/refs/strace-7.2/bundled/linux/include/uapi -DIN_STRACE=1      -isystem /home/user/nx679j-stock/experiments/refs/strace-7.2/bundled/linux/arch/arm64/include/uapi -isystem /home/user/nx679j-stock/experiments/refs/strace-7.2/bundled/linux/include/uapi -DIN_MPERS_BOOTSTRAP /home/user/nx679j-stock/experiments/refs/strace-7.2/src/block.c -o block.c.mpers.i
aarch64-linux-gnu-gcc -E -P -DHAVE_CONFIG_H   -I./linux/aarch64 -I/home/user/nx679j-stock/experiments/refs/strace-7.2/src/linux/aarch64 -I./linux/generic -I/home/user/nx679j-stock/experiments/refs/strace-7.2/src/linux/generic -I. -I/home/user/nx679j-stock/experiments/refs/strace-7.2/src -isystem /home/user/nx679j-stock/experiments/refs/strace-7.2/bundled/linux/arch/arm64/include/uapi -isystem /home/user/nx679j-stock/experiments/refs/strace-7.2/bundled/linux/include/uapi -DIN_STRACE=1      -isystem /home/user/nx679j-stock/experiments/refs/strace-7.2/bundled/linux/arch/arm64/include/uapi -isystem /home/user/nx679j-stock/experiments/refs/strace-7.2/bundled/linux/include/uapi -DIN_MPERS_BOOTSTRAP /home/user/nx679j-stock/experiments/refs/strace-7.2/src/btrfs.c -o btrfs.c.mpers.i
aarch64-linux-gnu-gcc -E -P -DHAVE_CONFIG_H   -I./linux/aarch64 -I/home/user/nx679j-stock/experiments/refs/strace-7.2/src/linux/aarch64 -I./linux/generic -I/home/user/nx679j-stock/experiments/refs/strace-7.2/src/linux/generic -I. -I/home/user/nx679j-stock/experiments/refs/strace-7.2/src -isystem /home/user/nx679j-stock/experiments/refs/strace-7.2/bundled/linux/arch/arm64/include/uapi -isystem /home/user/nx679j-stock/experiments/refs/strace-7.2/bundled/linux/include/uapi -DIN_STRACE=1      -isystem /home/user/nx679j-stock/experiments/refs/strace-7.2/bundled/linux/arch/arm64/include/uapi -isystem /home/user/nx679j-stock/experiments/refs/strace-7.2/bundled/linux/include/uapi -DIN_MPERS_BOOTSTRAP /home/user/nx679j-stock/experiments/refs/strace-7.2/src/dirent.c -o dirent.c.mpers.i
aarch64-linux-gnu-gcc -E -P -DHAVE_CONFIG_H   -I./linux/aarch64 -I/home/user/nx679j-stock/experiments/refs/strace-7.2/src/linux/aarch64 -I./linux/generic -I/home/user/nx679j-stock/experiments/refs/strace-7.2/src/linux/generic -I. -I/home/user/nx679j-stock/experiments/refs/strace-7.2/src -isystem /home/user/nx679j-stock/experiments/refs/strace-7.2/bundled/linux/arch/arm64/include/uapi -isystem /home/user/nx679j-stock/experiments/refs/strace-7.2/bundled/linux/include/uapi -DIN_STRACE=1      -isystem /home/user/nx679j-stock/experiments/refs/strace-7.2/bundled/linux/arch/arm64/include/uapi -isystem /home/user/nx679j-stock/experiments/refs/strace-7.2/bundled/linux/include/uapi -DIN_MPERS_BOOTSTRAP /home/user/nx679j-stock/experiments/refs/strace-7.2/src/evdev_mpers.c -o evdev_mpers.c.mpers.i
aarch64-linux-gnu-gcc -E -P -DHAVE_CONFIG_H   -I./linux/aarch64 -I/home/user/nx679j-stock/experiments/refs/strace-7.2/src/linux/aarch64 -I./linux/generic -I/home/user/nx679j-stock/experiments/refs/strace-7.2/src/linux/generic -I. -I/home/user/nx679j-stock/experiments/refs/strace-7.2/src -isystem /home/user/nx679j-stock/experiments/refs/strace-7.2/bundled/linux/arch/arm64/include/uapi -isystem /home/user/nx679j-stock/experiments/refs/strace-7.2/bundled/linux/include/uapi -DIN_STRACE=1      -isystem /home/user/nx679j-stock/experiments/refs/strace-7.2/bundled/linux/arch/arm64/include/uapi -isystem /home/user/nx679j-stock/experiments/refs/strace-7.2/bundled/linux/include/uapi -DIN_MPERS_BOOTSTRAP /home/user/nx679j-stock/experiments/refs/strace-7.2/src/fetch_bpf_fprog.c -o fetch_bpf_fprog.c.mpers.i
aarch64-linux-gnu-gcc -E -P -DHAVE_CONFIG_H   -I./linux/aarch64 -I/home/user/nx679j-stock/experiments/refs/strace-7.2/src/linux/aarch64 -I./linux/generic -I/home/user/nx679j-stock/experiments/refs/strace-7.2/src/linux/generic -I. -I/home/user/nx679j-stock/experiments/refs/strace-7.2/src -isystem /home/user/nx679j-stock/experiments/refs/strace-7.2/bundled/linux/arch/arm64/include/uapi -isystem /home/user/nx679j-stock/experiments/refs/strace-7.2/bundled/linux/include/uapi -DIN_STRACE=1      -isystem /home/user/nx679j-stock/experiments/refs/strace-7.2/bundled/linux/arch/arm64/include/uapi -isystem /home/user/nx679j-stock/experiments/refs/strace-7.2/bundled/linux/include/uapi -DIN_MPERS_BOOTSTRAP /home/user/nx679j-stock/experiments/refs/strace-7.2/src/fetch_struct_flock.c -o fetch_struct_flock.c.mpers.i
aarch64-linux-gnu-gcc -E -P -DHAVE_CONFIG_H   -I./linux/aarch64 -I/home/user/nx679j-stock/experiments/refs/strace-7.2/src/linux/aarch64 -I./linux/generic -I/home/user/nx679j-stock/experiments/refs/strace-7.2/src/linux/generic -I. -I/home/user/nx679j-stock/experiments/refs/strace-7.2/src -isystem /home/user/nx679j-stock/experiments/refs/strace-7.2/bundled/linux/arch/arm64/include/uapi -isystem /home/user/nx679j-stock/experiments/refs/strace-7.2/bundled/linux/include/uapi -DIN_STRACE=1      -isystem /home/user/nx679j-stock/experiments/refs/strace-7.2/bundled/linux/arch/arm64/include/uapi -isystem /home/user/nx679j-stock/experiments/refs/strace-7.2/bundled/linux/include/uapi -DIN_MPERS_BOOTSTRAP /home/user/nx679j-stock/experiments/refs/strace-7.2/src/fetch_struct_iovec.c -o fetch_struct_iovec.c.mpers.i
aarch64-linux-gnu-gcc -E -P -DHAVE_CONFIG_H   -I./linux/aarch64 -I/home/user/nx679j-stock/experiments/refs/strace-7.2/src/linux/aarch64 -I./linux/generic -I/home/user/nx679j-stock/experiments/refs/strace-7.2/src/linux/generic -I. -I/home/user/nx679j-stock/experiments/refs/strace-7.2/src -isystem /home/user/nx679j-stock/experiments/refs/strace-7.2/bundled/linux/arch/arm64/include/uapi -isystem /home/user/nx679j-stock/experiments/refs/strace-7.2/bundled/linux/include/uapi -DIN_STRACE=1      -isystem /home/user/nx679j-stock/experiments/refs/strace-7.2/bundled/linux/arch/arm64/include/uapi -isystem /home/user/nx679j-stock/experiments/refs/strace-7.2/bundled/linux/include/uapi -DIN_MPERS_BOOTSTRAP /home/user/nx679j-stock/experiments/refs/strace-7.2/src/fetch_struct_keyctl_kdf_params.c -o fetch_struct_keyctl_kdf_params.c.mpers.i
aarch64-linux-gnu-gcc -E -P -DHAVE_CONFIG_H   -I./linux/aarch64 -I/home/user/nx679j-stock/experiments/refs/strace-7.2/src/linux/aarch64 -I./linux/generic -I/home/user/nx679j-stock/experiments/refs/strace-7.2/src/linux/generic -I. -I/home/user/nx679j-stock/experiments/refs/strace-7.2/src -isystem /home/user/nx679j-stock/experiments/refs/strace-7.2/bundled/linux/arch/arm64/include/uapi -isystem /home/user/nx679j-stock/experiments/refs/strace-7.2/bundled/linux/include/uapi -DIN_STRACE=1      -isystem /home/user/nx679j-stock/experiments/refs/strace-7.2/bundled/linux/arch/arm64/include/uapi -isystem /home/user/nx679j-stock/experiments/refs/strace-7.2/bundled/linux/include/uapi -DIN_MPERS_BOOTSTRAP /home/user/nx679j-stock/experiments/refs/strace-7.2/src/fetch_struct_mmsghdr.c -o fetch_struct_mmsghdr.c.mpers.i
aarch64-linux-gnu-gcc -E -P -DHAVE_CONFIG_H   -I./linux/aarch64 -I/home/user/nx679j-stock/experiments/refs/strace-7.2/src/linux/aarch64 -I./linux/generic -I/home/user/nx679j-stock/experiments/refs/strace-7.2/src/linux/generic -I. -I/home/user/nx679j-stock/experiments/refs/strace-7.2/src -isystem /home/user/nx679j-stock/experiments/refs/strace-7.2/bundled/linux/arch/arm64/include/uapi -isystem /home/user/nx679j-stock/experiments/refs/strace-7.2/bundled/linux/include/uapi -DIN_STRACE=1      -isystem /home/user/nx679j-stock/experiments/refs/strace-7.2/bundled/linux/arch/arm64/include/uapi -isystem /home/user/nx679j-stock/experiments/refs/strace-7.2/bundled/linux/include/uapi -DIN_MPERS_BOOTSTRAP /home/user/nx679j-stock/experiments/refs/strace-7.2/src/fetch_struct_msghdr.c -o fetch_struct_msghdr.c.mpers.i
aarch64-linux-gnu-gcc -E -P -DHAVE_CONFIG_H   -I./linux/aarch64 -I/home/user/nx679j-stock/experiments/refs/strace-7.2/src/linux/aarch64 -I./linux/generic -I/home/user/nx679j-stock/experiments/refs/strace-7.2/src/linux/generic -I. -I/home/user/nx679j-stock/experiments/refs/strace-7.2/src -isystem /home/user/nx679j-stock/experiments/refs/strace-7.2/bundled/linux/arch/arm64/include/uapi -isystem /home/user/nx679j-stock/experiments/refs/strace-7.2/bundled/linux/include/uapi -DIN_STRACE=1      -isystem /home/user/nx679j-stock/experiments/refs/strace-7.2/bundled/linux/arch/arm64/include/uapi -isystem /home/user/nx679j-stock/experiments/refs/strace-7.2/bundled/linux/include/uapi -DIN_MPERS_BOOTSTRAP /home/user/nx679j-stock/experiments/refs/strace-7.2/src/fetch_struct_stat.c -o fetch_struct_stat.c.mpers.i
aarch64-linux-gnu-gcc -E -P -DHAVE_CONFIG_H   -I./linux/aarch64 -I/home/user/nx679j-stock/experiments/refs/strace-7.2/src/linux/aarch64 -I./linux/generic -I/home/user/nx679j-stock/experiments/refs/strace-7.2/src/linux/generic -I. -I/home/user/nx679j-stock/experiments/refs/strace-7.2/src -isystem /home/user/nx679j-stock/experiments/refs/strace-7.2/bundled/linux/arch/arm64/include/uapi -isystem /home/user/nx679j-stock/experiments/refs/strace-7.2/bundled/linux/include/uapi -DIN_STRACE=1      -isystem /home/user/nx679j-stock/experiments/refs/strace-7.2/bundled/linux/arch/arm64/include/uapi -isystem /home/user/nx679j-stock/experiments/refs/strace-7.2/bundled/linux/include/uapi -DIN_MPERS_BOOTSTRAP /home/user/nx679j-stock/experiments/refs/strace-7.2/src/fetch_struct_stat64.c -o fetch_struct_stat64.c.mpers.i
aarch64-linux-gnu-gcc -E -P -DHAVE_CONFIG_H   -I./linux/aarch64 -I/home/user/nx679j-stock/experiments/refs/strace-7.2/src/linux/aarch64 -I./linux/generic -I/home/user/nx679j-stock/experiments/refs/strace-7.2/src/linux/generic -I. -I/home/user/nx679j-stock/experiments/refs/strace-7.2/src -isystem /home/user/nx679j-stock/experiments/refs/strace-7.2/bundled/linux/arch/arm64/include/uapi -isystem /home/user/nx679j-stock/experiments/refs/strace-7.2/bundled/linux/include/uapi -DIN_STRACE=1      -isystem /home/user/nx679j-stock/experiments/refs/strace-7.2/bundled/linux/arch/arm64/include/uapi -isystem /home/user/nx679j-stock/experiments/refs/strace-7.2/bundled/linux/include/uapi -DIN_MPERS_BOOTSTRAP /home/user/nx679j-stock/experiments/refs/strace-7.2/src/fetch_struct_statfs.c -o fetch_struct_statfs.c.mpers.i
aarch64-linux-gnu-gcc -E -P -DHAVE_CONFIG_H   -I./linux/aarch64 -I/home/user/nx679j-stock/experiments/refs/strace-7.2/src/linux/aarch64 -I./linux/generic -I/home/user/nx679j-stock/experiments/refs/strace-7.2/src/linux/generic -I. -I/home/user/nx679j-stock/experiments/refs/strace-7.2/src -isystem /home/user/nx679j-stock/experiments/refs/strace-7.2/bundled/linux/arch/arm64/include/uapi -isystem /home/user/nx679j-stock/experiments/refs/strace-7.2/bundled/linux/include/uapi -DIN_STRACE=1      -isystem /home/user/nx679j-stock/experiments/refs/strace-7.2/bundled/linux/arch/arm64/include/uapi -isystem /home/user/nx679j-stock/experiments/refs/strace-7.2/bundled/linux/include/uapi -DIN_MPERS_BOOTSTRAP /home/user/nx679j-stock/experiments/refs/strace-7.2/src/fetch_struct_xfs_quotastat.c -o fetch_struct_xfs_quotastat.c.mpers.i
aarch64-linux-gnu-gcc -E -P -DHAVE_CONFIG_H   -I./linux/aarch64 -I/home/user/nx679j-stock/experiments/refs/strace-7.2/src/linux/aarch64 -I./linux/generic -I/home/user/nx679j-stock/experiments/refs/strace-7.2/src/linux/generic -I. -I/home/user/nx679j-stock/experiments/refs/strace-7.2/src -isystem /home/user/nx679j-stock/experiments/refs/strace-7.2/bundled/linux/arch/arm64/include/uapi -isystem /home/user/nx679j-stock/experiments/refs/strace-7.2/bundled/linux/include/uapi -DIN_STRACE=1      -isystem /home/user/nx679j-stock/experiments/refs/strace-7.2/bundled/linux/arch/arm64/include/uapi -isystem /home/user/nx679j-stock/experiments/refs/strace-7.2/bundled/linux/include/uapi -DIN_MPERS_BOOTSTRAP /home/user/nx679j-stock/experiments/refs/strace-7.2/src/hdio.c -o hdio.c.mpers.i
aarch64-linux-gnu-gcc -E -P -DHAVE_CONFIG_H   -I./linux/aarch64 -I/home/user/nx679j-stock/experiments/refs/strace-7.2/src/linux/aarch64 -I./linux/generic -I/home/user/nx679j-stock/experiments/refs/strace-7.2/src/linux/generic -I. -I/home/user/nx679j-stock/experiments/refs/strace-7.2/src -isystem /home/user/nx679j-stock/experiments/refs/strace-7.2/bundled/linux/arch/arm64/include/uapi -isystem /home/user/nx679j-stock/experiments/refs/strace-7.2/bundled/linux/include/uapi -DIN_STRACE=1      -isystem /home/user/nx679j-stock/experiments/refs/strace-7.2/bundled/linux/arch/arm64/include/uapi -isystem /home/user/nx679j-stock/experiments/refs/strace-7.2/bundled/linux/include/uapi -DIN_MPERS_BOOTSTRAP /home/user/nx679j-stock/experiments/refs/strace-7.2/src/ipc_msgctl.c -o ipc_msgctl.c.mpers.i
aarch64-linux-gnu-gcc -E -P -DHAVE_CONFIG_H   -I./linux/aarch64 -I/home/user/nx679j-stock/experiments/refs/strace-7.2/src/linux/aarch64 -I./linux/generic -I/home/user/nx679j-stock/experiments/refs/strace-7.2/src/linux/generic -I. -I/home/user/nx679j-stock/experiments/refs/strace-7.2/src -isystem /home/user/nx679j-stock/experiments/refs/strace-7.2/bundled/linux/arch/arm64/include/uapi -isystem /home/user/nx679j-stock/experiments/refs/strace-7.2/bundled/linux/include/uapi -DIN_STRACE=1      -isystem /home/user/nx679j-stock/experiments/refs/strace-7.2/bundled/linux/arch/arm64/include/uapi -isystem /home/user/nx679j-stock/experiments/refs/strace-7.2/bundled/linux/include/uapi -DIN_MPERS_BOOTSTRAP /home/user/nx679j-stock/experiments/refs/strace-7.2/src/ipc_semctl.c -o ipc_semctl.c.mpers.i
aarch64-linux-gnu-gcc -E -P -DHAVE_CONFIG_H   -I./linux/aarch64 -I/home/user/nx679j-stock/experiments/refs/strace-7.2/src/linux/aarch64 -I./linux/generic -I/home/user/nx679j-stock/experiments/refs/strace-7.2/src/linux/generic -I. -I/home/user/nx679j-stock/experiments/refs/strace-7.2/src -isystem /home/user/nx679j-stock/experiments/refs/strace-7.2/bundled/linux/arch/arm64/include/uapi -isystem /home/user/nx679j-stock/experiments/refs/strace-7.2/bundled/linux/include/uapi -DIN_STRACE=1      -isystem /home/user/nx679j-stock/experiments/refs/strace-7.2/bundled/linux/arch/arm64/include/uapi -isystem /home/user/nx679j-stock/experiments/refs/strace-7.2/bundled/linux/include/uapi -DIN_MPERS_BOOTSTRAP /home/user/nx679j-stock/experiments/refs/strace-7.2/src/ipc_shmctl.c -o ipc_shmctl.c.mpers.i
aarch64-linux-gnu-gcc -E -P -DHAVE_CONFIG_H   -I./linux/aarch64 -I/home/user/nx679j-stock/experiments/refs/strace-7.2/src/linux/aarch64 -I./linux/generic -I/home/user/nx679j-stock/experiments/refs/strace-7.2/src/linux/generic -I. -I/home/user/nx679j-stock/experiments/refs/strace-7.2/src -isystem /home/user/nx679j-stock/experiments/refs/strace-7.2/bundled/linux/arch/arm64/include/uapi -isystem /home/user/nx679j-stock/experiments/refs/strace-7.2/bundled/linux/include/uapi -DIN_STRACE=1      -isystem /home/user/nx679j-stock/experiments/refs/strace-7.2/bundled/linux/arch/arm64/include/uapi -isystem /home/user/nx679j-stock/experiments/refs/strace-7.2/bundled/linux/include/uapi -DIN_MPERS_BOOTSTRAP /home/user/nx679j-stock/experiments/refs/strace-7.2/src/kd_mpers_ioctl.c -o kd_mpers_ioctl.c.mpers.i
aarch64-linux-gnu-gcc -E -P -DHAVE_CONFIG_H   -I./linux/aarch64 -I/home/user/nx679j-stock/experiments/refs/strace-7.2/src/linux/aarch64 -I./linux/generic -I/home/user/nx679j-stock/experiments/refs/strace-7.2/src/linux/generic -I. -I/home/user/nx679j-stock/experiments/refs/strace-7.2/src -isystem /home/user/nx679j-stock/experiments/refs/strace-7.2/bundled/linux/arch/arm64/include/uapi -isystem /home/user/nx679j-stock/experiments/refs/strace-7.2/bundled/linux/include/uapi -DIN_STRACE=1      -isystem /home/user/nx679j-stock/experiments/refs/strace-7.2/bundled/linux/arch/arm64/include/uapi -isystem /home/user/nx679j-stock/experiments/refs/strace-7.2/bundled/linux/include/uapi -DIN_MPERS_BOOTSTRAP /home/user/nx679j-stock/experiments/refs/strace-7.2/src/loop.c -o loop.c.mpers.i
aarch64-linux-gnu-gcc -E -P -DHAVE_CONFIG_H   -I./linux/aarch64 -I/home/user/nx679j-stock/experiments/refs/strace-7.2/src/linux/aarch64 -I./linux/generic -I/home/user/nx679j-stock/experiments/refs/strace-7.2/src/linux/generic -I. -I/home/user/nx679j-stock/experiments/refs/strace-7.2/src -isystem /home/user/nx679j-stock/experiments/refs/strace-7.2/bundled/linux/arch/arm64/include/uapi -isystem /home/user/nx679j-stock/experiments/refs/strace-7.2/bundled/linux/include/uapi -DIN_STRACE=1      -isystem /home/user/nx679j-stock/experiments/refs/strace-7.2/bundled/linux/arch/arm64/include/uapi -isystem /home/user/nx679j-stock/experiments/refs/strace-7.2/bundled/linux/include/uapi -DIN_MPERS_BOOTSTRAP /home/user/nx679j-stock/experiments/refs/strace-7.2/src/mtd.c -o mtd.c.mpers.i
aarch64-linux-gnu-gcc -E -P -DHAVE_CONFIG_H   -I./linux/aarch64 -I/home/user/nx679j-stock/experiments/refs/strace-7.2/src/linux/aarch64 -I./linux/generic -I/home/user/nx679j-stock/experiments/refs/strace-7.2/src/linux/generic -I. -I/home/user/nx679j-stock/experiments/refs/strace-7.2/src -isystem /home/user/nx679j-stock/experiments/refs/strace-7.2/bundled/linux/arch/arm64/include/uapi -isystem /home/user/nx679j-stock/experiments/refs/strace-7.2/bundled/linux/include/uapi -DIN_STRACE=1      -isystem /home/user/nx679j-stock/experiments/refs/strace-7.2/bundled/linux/arch/arm64/include/uapi -isystem /home/user/nx679j-stock/experiments/refs/strace-7.2/bundled/linux/include/uapi -DIN_MPERS_BOOTSTRAP /home/user/nx679j-stock/experiments/refs/strace-7.2/src/perf_ioctl.c -o perf_ioctl.c.mpers.i
aarch64-linux-gnu-gcc -E -P -DHAVE_CONFIG_H   -I./linux/aarch64 -I/home/user/nx679j-stock/experiments/refs/strace-7.2/src/linux/aarch64 -I./linux/generic -I/home/user/nx679j-stock/experiments/refs/strace-7.2/src/linux/generic -I. -I/home/user/nx679j-stock/experiments/refs/strace-7.2/src -isystem /home/user/nx679j-stock/experiments/refs/strace-7.2/bundled/linux/arch/arm64/include/uapi -isystem /home/user/nx679j-stock/experiments/refs/strace-7.2/bundled/linux/include/uapi -DIN_STRACE=1      -isystem /home/user/nx679j-stock/experiments/refs/strace-7.2/bundled/linux/arch/arm64/include/uapi -isystem /home/user/nx679j-stock/experiments/refs/strace-7.2/bundled/linux/include/uapi -DIN_MPERS_BOOTSTRAP /home/user/nx679j-stock/experiments/refs/strace-7.2/src/print_group_req.c -o print_group_req.c.mpers.i
aarch64-linux-gnu-gcc -E -P -DHAVE_CONFIG_H   -I./linux/aarch64 -I/home/user/nx679j-stock/experiments/refs/strace-7.2/src/linux/aarch64 -I./linux/generic -I/home/user/nx679j-stock/experiments/refs/strace-7.2/src/linux/generic -I. -I/home/user/nx679j-stock/experiments/refs/strace-7.2/src -isystem /home/user/nx679j-stock/experiments/refs/strace-7.2/bundled/linux/arch/arm64/include/uapi -isystem /home/user/nx679j-stock/experiments/refs/strace-7.2/bundled/linux/include/uapi -DIN_STRACE=1      -isystem /home/user/nx679j-stock/experiments/refs/strace-7.2/bundled/linux/arch/arm64/include/uapi -isystem /home/user/nx679j-stock/experiments/refs/strace-7.2/bundled/linux/include/uapi -DIN_MPERS_BOOTSTRAP /home/user/nx679j-stock/experiments/refs/strace-7.2/src/print_kernel_sigset.c -o print_kernel_sigset.c.mpers.i
aarch64-linux-gnu-gcc -E -P -DHAVE_CONFIG_H   -I./linux/aarch64 -I/home/user/nx679j-stock/experiments/refs/strace-7.2/src/linux/aarch64 -I./linux/generic -I/home/user/nx679j-stock/experiments/refs/strace-7.2/src/linux/generic -I. -I/home/user/nx679j-stock/experiments/refs/strace-7.2/src -isystem /home/user/nx679j-stock/experiments/refs/strace-7.2/bundled/linux/arch/arm64/include/uapi -isystem /home/user/nx679j-stock/experiments/refs/strace-7.2/bundled/linux/include/uapi -DIN_STRACE=1      -isystem /home/user/nx679j-stock/experiments/refs/strace-7.2/bundled/linux/arch/arm64/include/uapi -isystem /home/user/nx679j-stock/experiments/refs/strace-7.2/bundled/linux/include/uapi -DIN_MPERS_BOOTSTRAP /home/user/nx679j-stock/experiments/refs/strace-7.2/src/print_mq_attr.c -o print_mq_attr.c.mpers.i
aarch64-linux-gnu-gcc -E -P -DHAVE_CONFIG_H   -I./linux/aarch64 -I/home/user/nx679j-stock/experiments/refs/strace-7.2/src/linux/aarch64 -I./linux/generic -I/home/user/nx679j-stock/experiments/refs/strace-7.2/src/linux/generic -I. -I/home/user/nx679j-stock/experiments/refs/strace-7.2/src -isystem /home/user/nx679j-stock/experiments/refs/strace-7.2/bundled/linux/arch/arm64/include/uapi -isystem /home/user/nx679j-stock/experiments/refs/strace-7.2/bundled/linux/include/uapi -DIN_STRACE=1      -isystem /home/user/nx679j-stock/experiments/refs/strace-7.2/bundled/linux/arch/arm64/include/uapi -isystem /home/user/nx679j-stock/experiments/refs/strace-7.2/bundled/linux/include/uapi -DIN_MPERS_BOOTSTRAP /home/user/nx679j-stock/experiments/refs/strace-7.2/src/print_msgbuf.c -o print_msgbuf.c.mpers.i
aarch64-linux-gnu-gcc -E -P -DHAVE_CONFIG_H   -I./linux/aarch64 -I/home/user/nx679j-stock/experiments/refs/strace-7.2/src/linux/aarch64 -I./linux/generic -I/home/user/nx679j-stock/experiments/refs/strace-7.2/src/linux/generic -I. -I/home/user/nx679j-stock/experiments/refs/strace-7.2/src -isystem /home/user/nx679j-stock/experiments/refs/strace-7.2/bundled/linux/arch/arm64/include/uapi -isystem /home/user/nx679j-stock/experiments/refs/strace-7.2/bundled/linux/include/uapi -DIN_STRACE=1      -isystem /home/user/nx679j-stock/experiments/refs/strace-7.2/bundled/linux/arch/arm64/include/uapi -isystem /home/user/nx679j-stock/experiments/refs/strace-7.2/bundled/linux/include/uapi -DIN_MPERS_BOOTSTRAP /home/user/nx679j-stock/experiments/refs/strace-7.2/src/print_sg_req_info.c -o print_sg_req_info.c.mpers.i
aarch64-linux-gnu-gcc -E -P -DHAVE_CONFIG_H   -I./linux/aarch64 -I/home/user/nx679j-stock/experiments/refs/strace-7.2/src/linux/aarch64 -I./linux/generic -I/home/user/nx679j-stock/experiments/refs/strace-7.2/src/linux/generic -I. -I/home/user/nx679j-stock/experiments/refs/strace-7.2/src -isystem /home/user/nx679j-stock/experiments/refs/strace-7.2/bundled/linux/arch/arm64/include/uapi -isystem /home/user/nx679j-stock/experiments/refs/strace-7.2/bundled/linux/include/uapi -DIN_STRACE=1      -isystem /home/user/nx679j-stock/experiments/refs/strace-7.2/bundled/linux/arch/arm64/include/uapi -isystem /home/user/nx679j-stock/experiments/refs/strace-7.2/bundled/linux/include/uapi -DIN_MPERS_BOOTSTRAP /home/user/nx679j-stock/experiments/refs/strace-7.2/src/print_sigevent.c -o print_sigevent.c.mpers.i
aarch64-linux-gnu-gcc -E -P -DHAVE_CONFIG_H   -I./linux/aarch64 -I/home/user/nx679j-stock/experiments/refs/strace-7.2/src/linux/aarch64 -I./linux/generic -I/home/user/nx679j-stock/experiments/refs/strace-7.2/src/linux/generic -I. -I/home/user/nx679j-stock/experiments/refs/strace-7.2/src -isystem /home/user/nx679j-stock/experiments/refs/strace-7.2/bundled/linux/arch/arm64/include/uapi -isystem /home/user/nx679j-stock/experiments/refs/strace-7.2/bundled/linux/include/uapi -DIN_STRACE=1      -isystem /home/user/nx679j-stock/experiments/refs/strace-7.2/bundled/linux/arch/arm64/include/uapi -isystem /home/user/nx679j-stock/experiments/refs/strace-7.2/bundled/linux/include/uapi -DIN_MPERS_BOOTSTRAP /home/user/nx679j-stock/experiments/refs/strace-7.2/src/print_time.c -o print_time.c.mpers.i
aarch64-linux-gnu-gcc -E -P -DHAVE_CONFIG_H   -I./linux/aarch64 -I/home/user/nx679j-stock/experiments/refs/strace-7.2/src/linux/aarch64 -I./linux/generic -I/home/user/nx679j-stock/experiments/refs/strace-7.2/src/linux/generic -I. -I/home/user/nx679j-stock/experiments/refs/strace-7.2/src -isystem /home/user/nx679j-stock/experiments/refs/strace-7.2/bundled/linux/arch/arm64/include/uapi -isystem /home/user/nx679j-stock/experiments/refs/strace-7.2/bundled/linux/include/uapi -DIN_STRACE=1      -isystem /home/user/nx679j-stock/experiments/refs/strace-7.2/bundled/linux/arch/arm64/include/uapi -isystem /home/user/nx679j-stock/experiments/refs/strace-7.2/bundled/linux/include/uapi -DIN_MPERS_BOOTSTRAP /home/user/nx679j-stock/experiments/refs/strace-7.2/src/print_timeval.c -o print_timeval.c.mpers.i
aarch64-linux-gnu-gcc -E -P -DHAVE_CONFIG_H   -I./linux/aarch64 -I/home/user/nx679j-stock/experiments/refs/strace-7.2/src/linux/aarch64 -I./linux/generic -I/home/user/nx679j-stock/experiments/refs/strace-7.2/src/linux/generic -I. -I/home/user/nx679j-stock/experiments/refs/strace-7.2/src -isystem /home/user/nx679j-stock/experiments/refs/strace-7.2/bundled/linux/arch/arm64/include/uapi -isystem /home/user/nx679j-stock/experiments/refs/strace-7.2/bundled/linux/include/uapi -DIN_STRACE=1      -isystem /home/user/nx679j-stock/experiments/refs/strace-7.2/bundled/linux/arch/arm64/include/uapi -isystem /home/user/nx679j-stock/experiments/refs/strace-7.2/bundled/linux/include/uapi -DIN_MPERS_BOOTSTRAP /home/user/nx679j-stock/experiments/refs/strace-7.2/src/printrusage.c -o printrusage.c.mpers.i
aarch64-linux-gnu-gcc -E -P -DHAVE_CONFIG_H   -I./linux/aarch64 -I/home/user/nx679j-stock/experiments/refs/strace-7.2/src/linux/aarch64 -I./linux/generic -I/home/user/nx679j-stock/experiments/refs/strace-7.2/src/linux/generic -I. -I/home/user/nx679j-stock/experiments/refs/strace-7.2/src -isystem /home/user/nx679j-stock/experiments/refs/strace-7.2/bundled/linux/arch/arm64/include/uapi -isystem /home/user/nx679j-stock/experiments/refs/strace-7.2/bundled/linux/include/uapi -DIN_STRACE=1      -isystem /home/user/nx679j-stock/experiments/refs/strace-7.2/bundled/linux/arch/arm64/include/uapi -isystem /home/user/nx679j-stock/experiments/refs/strace-7.2/bundled/linux/include/uapi -DIN_MPERS_BOOTSTRAP /home/user/nx679j-stock/experiments/refs/strace-7.2/src/printsiginfo.c -o printsiginfo.c.mpers.i
aarch64-linux-gnu-gcc -E -P -DHAVE_CONFIG_H   -I./linux/aarch64 -I/home/user/nx679j-stock/experiments/refs/strace-7.2/src/linux/aarch64 -I./linux/generic -I/home/user/nx679j-stock/experiments/refs/strace-7.2/src/linux/generic -I. -I/home/user/nx679j-stock/experiments/refs/strace-7.2/src -isystem /home/user/nx679j-stock/experiments/refs/strace-7.2/bundled/linux/arch/arm64/include/uapi -isystem /home/user/nx679j-stock/experiments/refs/strace-7.2/bundled/linux/include/uapi -DIN_STRACE=1      -isystem /home/user/nx679j-stock/experiments/refs/strace-7.2/bundled/linux/arch/arm64/include/uapi -isystem /home/user/nx679j-stock/experiments/refs/strace-7.2/bundled/linux/include/uapi -DIN_MPERS_BOOTSTRAP /home/user/nx679j-stock/experiments/refs/strace-7.2/src/regset.c -o regset.c.mpers.i
aarch64-linux-gnu-gcc -E -P -DHAVE_CONFIG_H   -I./linux/aarch64 -I/home/user/nx679j-stock/experiments/refs/strace-7.2/src/linux/aarch64 -I./linux/generic -I/home/user/nx679j-stock/experiments/refs/strace-7.2/src/linux/generic -I. -I/home/user/nx679j-stock/experiments/refs/strace-7.2/src -isystem /home/user/nx679j-stock/experiments/refs/strace-7.2/bundled/linux/arch/arm64/include/uapi -isystem /home/user/nx679j-stock/experiments/refs/strace-7.2/bundled/linux/include/uapi -DIN_STRACE=1      -isystem /home/user/nx679j-stock/experiments/refs/strace-7.2/bundled/linux/arch/arm64/include/uapi -isystem /home/user/nx679j-stock/experiments/refs/strace-7.2/bundled/linux/include/uapi -DIN_MPERS_BOOTSTRAP /home/user/nx679j-stock/experiments/refs/strace-7.2/src/rt_sigreturn.c -o rt_sigreturn.c.mpers.i
aarch64-linux-gnu-gcc -E -P -DHAVE_CONFIG_H   -I./linux/aarch64 -I/home/user/nx679j-stock/experiments/refs/strace-7.2/src/linux/aarch64 -I./linux/generic -I/home/user/nx679j-stock/experiments/refs/strace-7.2/src/linux/generic -I. -I/home/user/nx679j-stock/experiments/refs/strace-7.2/src -isystem /home/user/nx679j-stock/experiments/refs/strace-7.2/bundled/linux/arch/arm64/include/uapi -isystem /home/user/nx679j-stock/experiments/refs/strace-7.2/bundled/linux/include/uapi -DIN_STRACE=1      -isystem /home/user/nx679j-stock/experiments/refs/strace-7.2/bundled/linux/arch/arm64/include/uapi -isystem /home/user/nx679j-stock/experiments/refs/strace-7.2/bundled/linux/include/uapi -DIN_MPERS_BOOTSTRAP /home/user/nx679j-stock/experiments/refs/strace-7.2/src/rtc.c -o rtc.c.mpers.i
aarch64-linux-gnu-gcc -E -P -DHAVE_CONFIG_H   -I./linux/aarch64 -I/home/user/nx679j-stock/experiments/refs/strace-7.2/src/linux/aarch64 -I./linux/generic -I/home/user/nx679j-stock/experiments/refs/strace-7.2/src/linux/generic -I. -I/home/user/nx679j-stock/experiments/refs/strace-7.2/src -isystem /home/user/nx679j-stock/experiments/refs/strace-7.2/bundled/linux/arch/arm64/include/uapi -isystem /home/user/nx679j-stock/experiments/refs/strace-7.2/bundled/linux/include/uapi -DIN_STRACE=1      -isystem /home/user/nx679j-stock/experiments/refs/strace-7.2/bundled/linux/arch/arm64/include/uapi -isystem /home/user/nx679j-stock/experiments/refs/strace-7.2/bundled/linux/include/uapi -DIN_MPERS_BOOTSTRAP /home/user/nx679j-stock/experiments/refs/strace-7.2/src/sg_io_v3.c -o sg_io_v3.c.mpers.i
aarch64-linux-gnu-gcc -E -P -DHAVE_CONFIG_H   -I./linux/aarch64 -I/home/user/nx679j-stock/experiments/refs/strace-7.2/src/linux/aarch64 -I./linux/generic -I/home/user/nx679j-stock/experiments/refs/strace-7.2/src/linux/generic -I. -I/home/user/nx679j-stock/experiments/refs/strace-7.2/src -isystem /home/user/nx679j-stock/experiments/refs/strace-7.2/bundled/linux/arch/arm64/include/uapi -isystem /home/user/nx679j-stock/experiments/refs/strace-7.2/bundled/linux/include/uapi -DIN_STRACE=1      -isystem /home/user/nx679j-stock/experiments/refs/strace-7.2/bundled/linux/arch/arm64/include/uapi -isystem /home/user/nx679j-stock/experiments/refs/strace-7.2/bundled/linux/include/uapi -DIN_MPERS_BOOTSTRAP /home/user/nx679j-stock/experiments/refs/strace-7.2/src/sigaltstack.c -o sigaltstack.c.mpers.i
aarch64-linux-gnu-gcc -E -P -DHAVE_CONFIG_H   -I./linux/aarch64 -I/home/user/nx679j-stock/experiments/refs/strace-7.2/src/linux/aarch64 -I./linux/generic -I/home/user/nx679j-stock/experiments/refs/strace-7.2/src/linux/generic -I. -I/home/user/nx679j-stock/experiments/refs/strace-7.2/src -isystem /home/user/nx679j-stock/experiments/refs/strace-7.2/bundled/linux/arch/arm64/include/uapi -isystem /home/user/nx679j-stock/experiments/refs/strace-7.2/bundled/linux/include/uapi -DIN_STRACE=1      -isystem /home/user/nx679j-stock/experiments/refs/strace-7.2/bundled/linux/arch/arm64/include/uapi -isystem /home/user/nx679j-stock/experiments/refs/strace-7.2/bundled/linux/include/uapi -DIN_MPERS_BOOTSTRAP /home/user/nx679j-stock/experiments/refs/strace-7.2/src/sock.c -o sock.c.mpers.i
aarch64-linux-gnu-gcc -E -P -DHAVE_CONFIG_H   -I./linux/aarch64 -I/home/user/nx679j-stock/experiments/refs/strace-7.2/src/linux/aarch64 -I./linux/generic -I/home/user/nx679j-stock/experiments/refs/strace-7.2/src/linux/generic -I. -I/home/user/nx679j-stock/experiments/refs/strace-7.2/src -isystem /home/user/nx679j-stock/experiments/refs/strace-7.2/bundled/linux/arch/arm64/include/uapi -isystem /home/user/nx679j-stock/experiments/refs/strace-7.2/bundled/linux/include/uapi -DIN_STRACE=1      -isystem /home/user/nx679j-stock/experiments/refs/strace-7.2/bundled/linux/arch/arm64/include/uapi -isystem /home/user/nx679j-stock/experiments/refs/strace-7.2/bundled/linux/include/uapi -DIN_MPERS_BOOTSTRAP /home/user/nx679j-stock/experiments/refs/strace-7.2/src/sysctl.c -o sysctl.c.mpers.i
aarch64-linux-gnu-gcc -E -P -DHAVE_CONFIG_H   -I./linux/aarch64 -I/home/user/nx679j-stock/experiments/refs/strace-7.2/src/linux/aarch64 -I./linux/generic -I/home/user/nx679j-stock/experiments/refs/strace-7.2/src/linux/generic -I. -I/home/user/nx679j-stock/experiments/refs/strace-7.2/src -isystem /home/user/nx679j-stock/experiments/refs/strace-7.2/bundled/linux/arch/arm64/include/uapi -isystem /home/user/nx679j-stock/experiments/refs/strace-7.2/bundled/linux/include/uapi -DIN_STRACE=1      -isystem /home/user/nx679j-stock/experiments/refs/strace-7.2/bundled/linux/arch/arm64/include/uapi -isystem /home/user/nx679j-stock/experiments/refs/strace-7.2/bundled/linux/include/uapi -DIN_MPERS_BOOTSTRAP /home/user/nx679j-stock/experiments/refs/strace-7.2/src/sysinfo.c -o sysinfo.c.mpers.i
aarch64-linux-gnu-gcc -E -P -DHAVE_CONFIG_H   -I./linux/aarch64 -I/home/user/nx679j-stock/experiments/refs/strace-7.2/src/linux/aarch64 -I./linux/generic -I/home/user/nx679j-stock/experiments/refs/strace-7.2/src/linux/generic -I. -I/home/user/nx679j-stock/experiments/refs/strace-7.2/src -isystem /home/user/nx679j-stock/experiments/refs/strace-7.2/bundled/linux/arch/arm64/include/uapi -isystem /home/user/nx679j-stock/experiments/refs/strace-7.2/bundled/linux/include/uapi -DIN_STRACE=1      -isystem /home/user/nx679j-stock/experiments/refs/strace-7.2/bundled/linux/arch/arm64/include/uapi -isystem /home/user/nx679j-stock/experiments/refs/strace-7.2/bundled/linux/include/uapi -DIN_MPERS_BOOTSTRAP /home/user/nx679j-stock/experiments/refs/strace-7.2/src/times.c -o times.c.mpers.i
aarch64-linux-gnu-gcc -E -P -DHAVE_CONFIG_H   -I./linux/aarch64 -I/home/user/nx679j-stock/experiments/refs/strace-7.2/src/linux/aarch64 -I./linux/generic -I/home/user/nx679j-stock/experiments/refs/strace-7.2/src/linux/generic -I. -I/home/user/nx679j-stock/experiments/refs/strace-7.2/src -isystem /home/user/nx679j-stock/experiments/refs/strace-7.2/bundled/linux/arch/arm64/include/uapi -isystem /home/user/nx679j-stock/experiments/refs/strace-7.2/bundled/linux/include/uapi -DIN_STRACE=1      -isystem /home/user/nx679j-stock/experiments/refs/strace-7.2/bundled/linux/arch/arm64/include/uapi -isystem /home/user/nx679j-stock/experiments/refs/strace-7.2/bundled/linux/include/uapi -DIN_MPERS_BOOTSTRAP /home/user/nx679j-stock/experiments/refs/strace-7.2/src/ustat.c -o ustat.c.mpers.i
aarch64-linux-gnu-gcc -E -P -DHAVE_CONFIG_H   -I./linux/aarch64 -I/home/user/nx679j-stock/experiments/refs/strace-7.2/src/linux/aarch64 -I./linux/generic -I/home/user/nx679j-stock/experiments/refs/strace-7.2/src/linux/generic -I. -I/home/user/nx679j-stock/experiments/refs/strace-7.2/src -isystem /home/user/nx679j-stock/experiments/refs/strace-7.2/bundled/linux/arch/arm64/include/uapi -isystem /home/user/nx679j-stock/experiments/refs/strace-7.2/bundled/linux/include/uapi -DIN_STRACE=1      -isystem /home/user/nx679j-stock/experiments/refs/strace-7.2/bundled/linux/arch/arm64/include/uapi -isystem /home/user/nx679j-stock/experiments/refs/strace-7.2/bundled/linux/include/uapi -DIN_MPERS_BOOTSTRAP /home/user/nx679j-stock/experiments/refs/strace-7.2/src/utime.c -o utime.c.mpers.i
aarch64-linux-gnu-gcc -E -P -DHAVE_CONFIG_H   -I./linux/aarch64 -I/home/user/nx679j-stock/experiments/refs/strace-7.2/src/linux/aarch64 -I./linux/generic -I/home/user/nx679j-stock/experiments/refs/strace-7.2/src/linux/generic -I. -I/home/user/nx679j-stock/experiments/refs/strace-7.2/src -isystem /home/user/nx679j-stock/experiments/refs/strace-7.2/bundled/linux/arch/arm64/include/uapi -isystem /home/user/nx679j-stock/experiments/refs/strace-7.2/bundled/linux/include/uapi -DIN_STRACE=1      -isystem /home/user/nx679j-stock/experiments/refs/strace-7.2/bundled/linux/arch/arm64/include/uapi -isystem /home/user/nx679j-stock/experiments/refs/strace-7.2/bundled/linux/include/uapi -DIN_MPERS_BOOTSTRAP /home/user/nx679j-stock/experiments/refs/strace-7.2/src/v4l2.c -o v4l2.c.mpers.i
for f in /home/user/nx679j-stock/experiments/refs/strace-7.2/src/linux/32/subcallent.h /home/user/nx679j-stock/experiments/refs/strace-7.2/src/linux/32/syscallent-common-32.h /home/user/nx679j-stock/experiments/refs/strace-7.2/src/linux/32/syscallent.h /home/user/nx679j-stock/experiments/refs/strace-7.2/src/linux/64/subcallent.h /home/user/nx679j-stock/experiments/refs/strace-7.2/src/linux/64/syscallent.h /home/user/nx679j-stock/experiments/refs/strace-7.2/src/linux/aarch64/syscallent.h /home/user/nx679j-stock/experiments/refs/strace-7.2/src/linux/aarch64/syscallent1.h /home/user/nx679j-stock/experiments/refs/strace-7.2/src/linux/alpha/syscallent.h /home/user/nx679j-stock/experiments/refs/strace-7.2/src/linux/arc/syscallent.h /home/user/nx679j-stock/experiments/refs/strace-7.2/src/linux/arm/syscallent.h /home/user/nx679j-stock/experiments/refs/strace-7.2/src/linux/avr32/syscallent.h /home/user/nx679j-stock/experiments/refs/strace-7.2/src/linux/bfin/syscallent.h /home/user/nx679j-stock/experiments/refs/strace-7.2/src/linux/csky/syscallent.h /home/user/nx679j-stock/experiments/refs/strace-7.2/src/linux/generic/subcallent.h /home/user/nx679j-stock/experiments/refs/strace-7.2/src/linux/generic/syscallent-common.h /home/user/nx679j-stock/experiments/refs/strace-7.2/src/linux/hppa/syscallent.h /home/user/nx679j-stock/experiments/refs/strace-7.2/src/linux/i386/syscallent.h /home/user/nx679j-stock/experiments/refs/strace-7.2/src/linux/ia64/syscallent.h /home/user/nx679j-stock/experiments/refs/strace-7.2/src/linux/loongarch64/syscallent.h /home/user/nx679j-stock/experiments/refs/strace-7.2/src/linux/m68k/syscallent.h /home/user/nx679j-stock/experiments/refs/strace-7.2/src/linux/metag/syscallent.h /home/user/nx679j-stock/experiments/refs/strace-7.2/src/linux/microblaze/syscallent.h /home/user/nx679j-stock/experiments/refs/strace-7.2/src/linux/mips/syscallent-n32.h /home/user/nx679j-stock/experiments/refs/strace-7.2/src/linux/mips/syscallent-n64.h /home/user/nx679j-stock/experiments/refs/strace-7.2/src/linux/mips/syscallent-o32.h /home/user/nx679j-stock/experiments/refs/strace-7.2/src/linux/mips/syscallent.h /home/user/nx679j-stock/experiments/refs/strace-7.2/src/linux/nios2/syscallent.h /home/user/nx679j-stock/experiments/refs/strace-7.2/src/linux/or1k/syscallent.h /home/user/nx679j-stock/experiments/refs/strace-7.2/src/linux/powerpc/syscallent.h /home/user/nx679j-stock/experiments/refs/strace-7.2/src/linux/powerpc64/syscallent.h /home/user/nx679j-stock/experiments/refs/strace-7.2/src/linux/powerpc64/syscallent1.h /home/user/nx679j-stock/experiments/refs/strace-7.2/src/linux/powerpc64le/syscallent.h /home/user/nx679j-stock/experiments/refs/strace-7.2/src/linux/riscv64/syscallent.h /home/user/nx679j-stock/experiments/refs/strace-7.2/src/linux/s390/syscallent.h /home/user/nx679j-stock/experiments/refs/strace-7.2/src/linux/s390x/syscallent.h /home/user/nx679j-stock/experiments/refs/strace-7.2/src/linux/s390x/syscallent1.h /home/user/nx679j-stock/experiments/refs/strace-7.2/src/linux/sh/syscallent.h /home/user/nx679j-stock/experiments/refs/strace-7.2/src/linux/sh64/syscallent.h /home/user/nx679j-stock/experiments/refs/strace-7.2/src/linux/sparc/syscallent.h /home/user/nx679j-stock/experiments/refs/strace-7.2/src/linux/sparc64/syscallent.h /home/user/nx679j-stock/experiments/refs/strace-7.2/src/linux/sparc64/syscallent1.h /home/user/nx679j-stock/experiments/refs/strace-7.2/src/linux/tile/syscallent.h /home/user/nx679j-stock/experiments/refs/strace-7.2/src/linux/tile/syscallent1.h /home/user/nx679j-stock/experiments/refs/strace-7.2/src/linux/x32/syscallent.h /home/user/nx679j-stock/experiments/refs/strace-7.2/src/linux/x32/syscallent1.h /home/user/nx679j-stock/experiments/refs/strace-7.2/src/linux/x86_64/syscallent.h /home/user/nx679j-stock/experiments/refs/strace-7.2/src/linux/x86_64/syscallent1.h /home/user/nx679j-stock/experiments/refs/strace-7.2/src/linux/xtensa/syscallent.h; do cat -- $f; done | \
	D="" \
	/home/user/nx679j-stock/experiments/refs/strace-7.2/src/generate_sen.sh > sen.h
for f in /home/user/nx679j-stock/experiments/refs/strace-7.2/src/strace.c /home/user/nx679j-stock/experiments/refs/strace-7.2/src/access.c /home/user/nx679j-stock/experiments/refs/strace-7.2/src/affinity.c /home/user/nx679j-stock/experiments/refs/strace-7.2/src/aio.c /home/user/nx679j-stock/experiments/refs/strace-7.2/src/alarm.c /home/user/nx679j-stock/experiments/refs/strace-7.2/src/alpha.c /home/user/nx679j-stock/experiments/refs/strace-7.2/src/basic_filters.c /home/user/nx679j-stock/experiments/refs/strace-7.2/src/bind.c /home/user/nx679j-stock/experiments/refs/strace-7.2/src/bjm.c /home/user/nx679j-stock/experiments/refs/strace-7.2/src/block.c /home/user/nx679j-stock/experiments/refs/strace-7.2/src/bpf.c /home/user/nx679j-stock/experiments/refs/strace-7.2/src/bpf_filter.c /home/user/nx679j-stock/experiments/refs/strace-7.2/src/bpf_seccomp_filter.c /home/user/nx679j-stock/experiments/refs/strace-7.2/src/bpf_sock_filter.c /home/user/nx679j-stock/experiments/refs/strace-7.2/src/btrfs.c /home/user/nx679j-stock/experiments/refs/strace-7.2/src/cacheflush.c /home/user/nx679j-stock/experiments/refs/strace-7.2/src/cachestat.c /home/user/nx679j-stock/experiments/refs/strace-7.2/src/capability.c /home/user/nx679j-stock/experiments/refs/strace-7.2/src/chdir.c /home/user/nx679j-stock/experiments/refs/strace-7.2/src/chmod.c /home/user/nx679j-stock/experiments/refs/strace-7.2/src/clone.c /home/user/nx679j-stock/experiments/refs/strace-7.2/src/close_range.c /home/user/nx679j-stock/experiments/refs/strace-7.2/src/color.c /home/user/nx679j-stock/experiments/refs/strace-7.2/src/copy_file_range.c /home/user/nx679j-stock/experiments/refs/strace-7.2/src/count.c /home/user/nx679j-stock/experiments/refs/strace-7.2/src/counter_ioctl.c /home/user/nx679j-stock/experiments/refs/strace-7.2/src/delay.c /home/user/nx679j-stock/experiments/refs/strace-7.2/src/desc.c /home/user/nx679j-stock/experiments/refs/strace-7.2/src/dirent.c /home/user/nx679j-stock/experiments/refs/strace-7.2/src/dirent64.c /home/user/nx679j-stock/experiments/refs/strace-7.2/src/dirent_types.c /home/user/nx679j-stock/experiments/refs/strace-7.2/src/dm.c /home/user/nx679j-stock/experiments/refs/strace-7.2/src/dup.c /home/user/nx679j-stock/experiments/refs/strace-7.2/src/dyxlat.c /home/user/nx679j-stock/experiments/refs/strace-7.2/src/epoll.c /home/user/nx679j-stock/experiments/refs/strace-7.2/src/epoll_ioctl.c /home/user/nx679j-stock/experiments/refs/strace-7.2/src/error_prints.c /home/user/nx679j-stock/experiments/refs/strace-7.2/src/evdev.c /home/user/nx679j-stock/experiments/refs/strace-7.2/src/evdev_mpers.c /home/user/nx679j-stock/experiments/refs/strace-7.2/src/eventfd.c /home/user/nx679j-stock/experiments/refs/strace-7.2/src/execve.c /home/user/nx679j-stock/experiments/refs/strace-7.2/src/exit.c /home/user/nx679j-stock/experiments/refs/strace-7.2/src/exitkill.c /home/user/nx679j-stock/experiments/refs/strace-7.2/src/fadvise.c /home/user/nx679j-stock/experiments/refs/strace-7.2/src/fallocate.c /home/user/nx679j-stock/experiments/refs/strace-7.2/src/fanotify.c /home/user/nx679j-stock/experiments/refs/strace-7.2/src/fchownat.c /home/user/nx679j-stock/experiments/refs/strace-7.2/src/fcntl.c /home/user/nx679j-stock/experiments/refs/strace-7.2/src/fetch_bpf_fprog.c /home/user/nx679j-stock/experiments/refs/strace-7.2/src/fetch_indirect_syscall_args.c /home/user/nx679j-stock/experiments/refs/strace-7.2/src/fetch_struct_flock.c /home/user/nx679j-stock/experiments/refs/strace-7.2/src/fetch_struct_iovec.c /home/user/nx679j-stock/experiments/refs/strace-7.2/src/fetch_struct_keyctl_kdf_params.c /home/user/nx679j-stock/experiments/refs/strace-7.2/src/fetch_struct_mmsghdr.c /home/user/nx679j-stock/experiments/refs/strace-7.2/src/fetch_struct_msghdr.c /home/user/nx679j-stock/experiments/refs/strace-7.2/src/fetch_struct_stat.c /home/user/nx679j-stock/experiments/refs/strace-7.2/src/fetch_struct_stat64.c /home/user/nx679j-stock/experiments/refs/strace-7.2/src/fetch_struct_statfs.c /home/user/nx679j-stock/experiments/refs/strace-7.2/src/fetch_struct_xfs_quotastat.c /home/user/nx679j-stock/experiments/refs/strace-7.2/src/file_attr.c /home/user/nx679j-stock/experiments/refs/strace-7.2/src/file_handle.c /home/user/nx679j-stock/experiments/refs/strace-7.2/src/filter_qualify.c /home/user/nx679j-stock/experiments/refs/strace-7.2/src/filter_seccomp.c /home/user/nx679j-stock/experiments/refs/strace-7.2/src/flock.c /home/user/nx679j-stock/experiments/refs/strace-7.2/src/fs_0x15_ioctl.c /home/user/nx679j-stock/experiments/refs/strace-7.2/src/fs_0x94_ioctl.c /home/user/nx679j-stock/experiments/refs/strace-7.2/src/fs_f_ioctl.c /home/user/nx679j-stock/experiments/refs/strace-7.2/src/fs_x_ioctl.c /home/user/nx679j-stock/experiments/refs/strace-7.2/src/fsconfig.c /home/user/nx679j-stock/experiments/refs/strace-7.2/src/fsmount.c /home/user/nx679j-stock/experiments/refs/strace-7.2/src/fsopen.c /home/user/nx679j-stock/experiments/refs/strace-7.2/src/fspick.c /home/user/nx679j-stock/experiments/refs/strace-7.2/src/fstatfs.c /home/user/nx679j-stock/experiments/refs/strace-7.2/src/fstatfs64.c /home/user/nx679j-stock/experiments/refs/strace-7.2/src/futex.c /home/user/nx679j-stock/experiments/refs/strace-7.2/src/futex2.c /home/user/nx679j-stock/experiments/refs/strace-7.2/src/gen/gen_hdio.c /home/user/nx679j-stock/experiments/refs/strace-7.2/src/get_personality.c /home/user/nx679j-stock/experiments/refs/strace-7.2/src/get_robust_list.c /home/user/nx679j-stock/experiments/refs/strace-7.2/src/getcpu.c /home/user/nx679j-stock/experiments/refs/strace-7.2/src/getcwd.c /home/user/nx679j-stock/experiments/refs/strace-7.2/src/getpagesize.c /home/user/nx679j-stock/experiments/refs/strace-7.2/src/getpid.c /home/user/nx679j-stock/experiments/refs/strace-7.2/src/getrandom.c /home/user/nx679j-stock/experiments/refs/strace-7.2/src/gpio_ioctl.c /home/user/nx679j-stock/experiments/refs/strace-7.2/src/hdio.c /home/user/nx679j-stock/experiments/refs/strace-7.2/src/hostname.c /home/user/nx679j-stock/experiments/refs/strace-7.2/src/inotify.c /home/user/nx679j-stock/experiments/refs/strace-7.2/src/inotify_ioctl.c /home/user/nx679j-stock/experiments/refs/strace-7.2/src/io.c /home/user/nx679j-stock/experiments/refs/strace-7.2/src/io_uring.c /home/user/nx679j-stock/experiments/refs/strace-7.2/src/ioctl.c /home/user/nx679j-stock/experiments/refs/strace-7.2/src/ioperm.c /home/user/nx679j-stock/experiments/refs/strace-7.2/src/iopl.c /home/user/nx679j-stock/experiments/refs/strace-7.2/src/ioprio.c /home/user/nx679j-stock/experiments/refs/strace-7.2/src/ipc.c /home/user/nx679j-stock/experiments/refs/strace-7.2/src/ipc_msg.c /home/user/nx679j-stock/experiments/refs/strace-7.2/src/ipc_msgctl.c /home/user/nx679j-stock/experiments/refs/strace-7.2/src/ipc_sem.c /home/user/nx679j-stock/experiments/refs/strace-7.2/src/ipc_semctl.c /home/user/nx679j-stock/experiments/refs/strace-7.2/src/ipc_shm.c /home/user/nx679j-stock/experiments/refs/strace-7.2/src/ipc_shmctl.c /home/user/nx679j-stock/experiments/refs/strace-7.2/src/kcmp.c /home/user/nx679j-stock/experiments/refs/strace-7.2/src/kd_ioctl.c /home/user/nx679j-stock/experiments/refs/strace-7.2/src/kd_mpers_ioctl.c /home/user/nx679j-stock/experiments/refs/strace-7.2/src/kexec.c /home/user/nx679j-stock/experiments/refs/strace-7.2/src/keyctl.c /home/user/nx679j-stock/experiments/refs/strace-7.2/src/kvm.c /home/user/nx679j-stock/experiments/refs/strace-7.2/src/landlock.c /home/user/nx679j-stock/experiments/refs/strace-7.2/src/ldt.c /home/user/nx679j-stock/experiments/refs/strace-7.2/src/link.c /home/user/nx679j-stock/experiments/refs/strace-7.2/src/lirc_ioctl.c /home/user/nx679j-stock/experiments/refs/strace-7.2/src/listen.c /home/user/nx679j-stock/experiments/refs/strace-7.2/src/listmount.c /home/user/nx679j-stock/experiments/refs/strace-7.2/src/listns.c /home/user/nx679j-stock/experiments/refs/strace-7.2/src/lookup_dcookie.c /home/user/nx679j-stock/experiments/refs/strace-7.2/src/loop.c /home/user/nx679j-stock/experiments/refs/strace-7.2/src/lseek.c /home/user/nx679j-stock/experiments/refs/strace-7.2/src/lsm.c /home/user/nx679j-stock/experiments/refs/strace-7.2/src/map_shadow_stack.c /home/user/nx679j-stock/experiments/refs/strace-7.2/src/mem.c /home/user/nx679j-stock/experiments/refs/strace-7.2/src/membarrier.c /home/user/nx679j-stock/experiments/refs/strace-7.2/src/memfd_create.c /home/user/nx679j-stock/experiments/refs/strace-7.2/src/memfd_secret.c /home/user/nx679j-stock/experiments/refs/strace-7.2/src/mknod.c /home/user/nx679j-stock/experiments/refs/strace-7.2/src/mmap_cache.c /home/user/nx679j-stock/experiments/refs/strace-7.2/src/mmap_notify.c /home/user/nx679j-stock/experiments/refs/strace-7.2/src/mmsghdr.c /home/user/nx679j-stock/experiments/refs/strace-7.2/src/mount.c /home/user/nx679j-stock/experiments/refs/strace-7.2/src/mount_setattr.c /home/user/nx679j-stock/experiments/refs/strace-7.2/src/move_mount.c /home/user/nx679j-stock/experiments/refs/strace-7.2/src/mq.c /home/user/nx679j-stock/experiments/refs/strace-7.2/src/msghdr.c /home/user/nx679j-stock/experiments/refs/strace-7.2/src/mtd.c /home/user/nx679j-stock/experiments/refs/strace-7.2/src/nbd_ioctl.c /home/user/nx679j-stock/experiments/refs/strace-7.2/src/net.c /home/user/nx679j-stock/experiments/refs/strace-7.2/src/netlink.c /home/user/nx679j-stock/experiments/refs/strace-7.2/src/netlink_crypto.c /home/user/nx679j-stock/experiments/refs/strace-7.2/src/netlink_generic.c /home/user/nx679j-stock/experiments/refs/strace-7.2/src/netlink_inet_diag.c /home/user/nx679j-stock/experiments/refs/strace-7.2/src/netlink_kobject_uevent.c /home/user/nx679j-stock/experiments/refs/strace-7.2/src/netlink_netfilter.c /home/user/nx679j-stock/experiments/refs/strace-7.2/src/netlink_netlink_diag.c /home/user/nx679j-stock/experiments/refs/strace-7.2/src/netlink_nlctrl.c /home/user/nx679j-stock/experiments/refs/strace-7.2/src/netlink_packet_diag.c /home/user/nx679j-stock/experiments/refs/strace-7.2/src/netlink_route.c /home/user/nx679j-stock/experiments/refs/strace-7.2/src/netlink_selinux.c /home/user/nx679j-stock/experiments/refs/strace-7.2/src/netlink_smc_diag.c /home/user/nx679j-stock/experiments/refs/strace-7.2/src/netlink_sock_diag.c /home/user/nx679j-stock/experiments/refs/strace-7.2/src/netlink_unix_diag.c /home/user/nx679j-stock/experiments/refs/strace-7.2/src/nice.c /home/user/nx679j-stock/experiments/refs/strace-7.2/src/nlattr.c /home/user/nx679j-stock/experiments/refs/strace-7.2/src/nsfs.c /home/user/nx679j-stock/experiments/refs/strace-7.2/src/numa.c /home/user/nx679j-stock/experiments/refs/strace-7.2/src/number_set.c /home/user/nx679j-stock/experiments/refs/strace-7.2/src/oldstat.c /home/user/nx679j-stock/experiments/refs/strace-7.2/src/open.c /home/user/nx679j-stock/experiments/refs/strace-7.2/src/or1k_atomic.c /home/user/nx679j-stock/experiments/refs/strace-7.2/src/pathtrace.c /home/user/nx679j-stock/experiments/refs/strace-7.2/src/perf.c /home/user/nx679j-stock/experiments/refs/strace-7.2/src/perf_ioctl.c /home/user/nx679j-stock/experiments/refs/strace-7.2/src/personality.c /home/user/nx679j-stock/experiments/refs/strace-7.2/src/pidfd_getfd.c /home/user/nx679j-stock/experiments/refs/strace-7.2/src/pidfd_ioctl.c /home/user/nx679j-stock/experiments/refs/strace-7.2/src/pidfd_open.c /home/user/nx679j-stock/experiments/refs/strace-7.2/src/pidns.c /home/user/nx679j-stock/experiments/refs/strace-7.2/src/pkeys.c /home/user/nx679j-stock/experiments/refs/strace-7.2/src/poke.c /home/user/nx679j-stock/experiments/refs/strace-7.2/src/poll.c /home/user/nx679j-stock/experiments/refs/strace-7.2/src/prctl.c /home/user/nx679j-stock/experiments/refs/strace-7.2/src/print_dev_t.c /home/user/nx679j-stock/experiments/refs/strace-7.2/src/print_fields.c /home/user/nx679j-stock/experiments/refs/strace-7.2/src/print_group_req.c /home/user/nx679j-stock/experiments/refs/strace-7.2/src/print_ifindex.c /home/user/nx679j-stock/experiments/refs/strace-7.2/src/print_instruction_pointer.c /home/user/nx679j-stock/experiments/refs/strace-7.2/src/print_kernel_sigset.c /home/user/nx679j-stock/experiments/refs/strace-7.2/src/print_kernel_version.c /home/user/nx679j-stock/experiments/refs/strace-7.2/src/print_mac.c /home/user/nx679j-stock/experiments/refs/strace-7.2/src/print_mq_attr.c /home/user/nx679j-stock/experiments/refs/strace-7.2/src/print_msgbuf.c /home/user/nx679j-stock/experiments/refs/strace-7.2/src/print_sg_req_info.c /home/user/nx679j-stock/experiments/refs/strace-7.2/src/print_sigevent.c /home/user/nx679j-stock/experiments/refs/strace-7.2/src/print_statfs.c /home/user/nx679j-stock/experiments/refs/strace-7.2/src/print_struct_stat.c /home/user/nx679j-stock/experiments/refs/strace-7.2/src/print_syscall_number.c /home/user/nx679j-stock/experiments/refs/strace-7.2/src/print_time.c /home/user/nx679j-stock/experiments/refs/strace-7.2/src/print_timespec32.c /home/user/nx679j-stock/experiments/refs/strace-7.2/src/print_timespec64.c /home/user/nx679j-stock/experiments/refs/strace-7.2/src/print_timeval.c /home/user/nx679j-stock/experiments/refs/strace-7.2/src/print_timeval64.c /home/user/nx679j-stock/experiments/refs/strace-7.2/src/print_timex.c /home/user/nx679j-stock/experiments/refs/strace-7.2/src/printmode.c /home/user/nx679j-stock/experiments/refs/strace-7.2/src/printrusage.c /home/user/nx679j-stock/experiments/refs/strace-7.2/src/printsiginfo.c /home/user/nx679j-stock/experiments/refs/strace-7.2/src/process_vm.c /home/user/nx679j-stock/experiments/refs/strace-7.2/src/ptp.c /home/user/nx679j-stock/experiments/refs/strace-7.2/src/ptrace.c /home/user/nx679j-stock/experiments/refs/strace-7.2/src/ptrace_syscall_info.c /home/user/nx679j-stock/experiments/refs/strace-7.2/src/quota.c /home/user/nx679j-stock/experiments/refs/strace-7.2/src/random_ioctl.c /home/user/nx679j-stock/experiments/refs/strace-7.2/src/readahead.c /home/user/nx679j-stock/experiments/refs/strace-7.2/src/readlink.c /home/user/nx679j-stock/experiments/refs/strace-7.2/src/reboot.c /home/user/nx679j-stock/experiments/refs/strace-7.2/src/regset.c /home/user/nx679j-stock/experiments/refs/strace-7.2/src/renameat.c /home/user/nx679j-stock/experiments/refs/strace-7.2/src/resource.c /home/user/nx679j-stock/experiments/refs/strace-7.2/src/rseq.c /home/user/nx679j-stock/experiments/refs/strace-7.2/src/retval.c /home/user/nx679j-stock/experiments/refs/strace-7.2/src/riscv.c /home/user/nx679j-stock/experiments/refs/strace-7.2/src/rt_sigframe.c /home/user/nx679j-stock/experiments/refs/strace-7.2/src/rt_sigreturn.c /home/user/nx679j-stock/experiments/refs/strace-7.2/src/rtc.c /home/user/nx679j-stock/experiments/refs/strace-7.2/src/rtnl_addr.c /home/user/nx679j-stock/experiments/refs/strace-7.2/src/rtnl_addrlabel.c /home/user/nx679j-stock/experiments/refs/strace-7.2/src/rtnl_cachereport.c /home/user/nx679j-stock/experiments/refs/strace-7.2/src/rtnl_dcb.c /home/user/nx679j-stock/experiments/refs/strace-7.2/src/rtnl_link.c /home/user/nx679j-stock/experiments/refs/strace-7.2/src/rtnl_mdb.c /home/user/nx679j-stock/experiments/refs/strace-7.2/src/rtnl_neigh.c /home/user/nx679j-stock/experiments/refs/strace-7.2/src/rtnl_neightbl.c /home/user/nx679j-stock/experiments/refs/strace-7.2/src/rtnl_netconf.c /home/user/nx679j-stock/experiments/refs/strace-7.2/src/rtnl_nh.c /home/user/nx679j-stock/experiments/refs/strace-7.2/src/rtnl_nsid.c /home/user/nx679j-stock/experiments/refs/strace-7.2/src/rtnl_route.c /home/user/nx679j-stock/experiments/refs/strace-7.2/src/rtnl_rule.c /home/user/nx679j-stock/experiments/refs/strace-7.2/src/rtnl_stats.c /home/user/nx679j-stock/experiments/refs/strace-7.2/src/rtnl_tc.c /home/user/nx679j-stock/experiments/refs/strace-7.2/src/rtnl_tc_action.c /home/user/nx679j-stock/experiments/refs/strace-7.2/src/s390.c /home/user/nx679j-stock/experiments/refs/strace-7.2/src/sched.c /home/user/nx679j-stock/experiments/refs/strace-7.2/src/scsi.c /home/user/nx679j-stock/experiments/refs/strace-7.2/src/seccomp.c /home/user/nx679j-stock/experiments/refs/strace-7.2/src/seccomp_ioctl.c /home/user/nx679j-stock/experiments/refs/strace-7.2/src/sendfile.c /home/user/nx679j-stock/experiments/refs/strace-7.2/src/set_tid_address.c /home/user/nx679j-stock/experiments/refs/strace-7.2/src/sg_io_v3.c /home/user/nx679j-stock/experiments/refs/strace-7.2/src/sg_io_v4.c /home/user/nx679j-stock/experiments/refs/strace-7.2/src/shutdown.c /home/user/nx679j-stock/experiments/refs/strace-7.2/src/sigaltstack.c /home/user/nx679j-stock/experiments/refs/strace-7.2/src/signal.c /home/user/nx679j-stock/experiments/refs/strace-7.2/src/signalfd.c /home/user/nx679j-stock/experiments/refs/strace-7.2/src/sigreturn.c /home/user/nx679j-stock/experiments/refs/strace-7.2/src/sock.c /home/user/nx679j-stock/experiments/refs/strace-7.2/src/sockaddr.c /home/user/nx679j-stock/experiments/refs/strace-7.2/src/socketcall.c /home/user/nx679j-stock/experiments/refs/strace-7.2/src/socketutils.c /home/user/nx679j-stock/experiments/refs/strace-7.2/src/sparc.c /home/user/nx679j-stock/experiments/refs/strace-7.2/src/sram_alloc.c /home/user/nx679j-stock/experiments/refs/strace-7.2/src/stage_output.c /home/user/nx679j-stock/experiments/refs/strace-7.2/src/stat.c /home/user/nx679j-stock/experiments/refs/strace-7.2/src/stat64.c /home/user/nx679j-stock/experiments/refs/strace-7.2/src/statfs.c /home/user/nx679j-stock/experiments/refs/strace-7.2/src/statfs64.c /home/user/nx679j-stock/experiments/refs/strace-7.2/src/statmount.c /home/user/nx679j-stock/experiments/refs/strace-7.2/src/statx.c /home/user/nx679j-stock/experiments/refs/strace-7.2/src/strauss.c /home/user/nx679j-stock/experiments/refs/strace-7.2/src/string_to_uint.c /home/user/nx679j-stock/experiments/refs/strace-7.2/src/swapon.c /home/user/nx679j-stock/experiments/refs/strace-7.2/src/sync_file_range.c /home/user/nx679j-stock/experiments/refs/strace-7.2/src/sync_file_range2.c /home/user/nx679j-stock/experiments/refs/strace-7.2/src/syscall.c /home/user/nx679j-stock/experiments/refs/strace-7.2/src/syscall_name.c /home/user/nx679j-stock/experiments/refs/strace-7.2/src/sysctl.c /home/user/nx679j-stock/experiments/refs/strace-7.2/src/sysinfo.c /home/user/nx679j-stock/experiments/refs/strace-7.2/src/syslog.c /home/user/nx679j-stock/experiments/refs/strace-7.2/src/sysmips.c /home/user/nx679j-stock/experiments/refs/strace-7.2/src/tee.c /home/user/nx679j-stock/experiments/refs/strace-7.2/src/term.c /home/user/nx679j-stock/experiments/refs/strace-7.2/src/time.c /home/user/nx679j-stock/experiments/refs/strace-7.2/src/times.c /home/user/nx679j-stock/experiments/refs/strace-7.2/src/trie.c /home/user/nx679j-stock/experiments/refs/strace-7.2/src/truncate.c /home/user/nx679j-stock/experiments/refs/strace-7.2/src/ubi.c /home/user/nx679j-stock/experiments/refs/strace-7.2/src/ucopy.c /home/user/nx679j-stock/experiments/refs/strace-7.2/src/udmabuf.c /home/user/nx679j-stock/experiments/refs/strace-7.2/src/uid.c /home/user/nx679j-stock/experiments/refs/strace-7.2/src/uid16.c /home/user/nx679j-stock/experiments/refs/strace-7.2/src/umask.c /home/user/nx679j-stock/experiments/refs/strace-7.2/src/umount.c /home/user/nx679j-stock/experiments/refs/strace-7.2/src/uname.c /home/user/nx679j-stock/experiments/refs/strace-7.2/src/upeek.c /home/user/nx679j-stock/experiments/refs/strace-7.2/src/upoke.c /home/user/nx679j-stock/experiments/refs/strace-7.2/src/userfaultfd.c /home/user/nx679j-stock/experiments/refs/strace-7.2/src/ustat.c /home/user/nx679j-stock/experiments/refs/strace-7.2/src/util.c /home/user/nx679j-stock/experiments/refs/strace-7.2/src/utime.c /home/user/nx679j-stock/experiments/refs/strace-7.2/src/utimes.c /home/user/nx679j-stock/experiments/refs/strace-7.2/src/v4l2.c /home/user/nx679j-stock/experiments/refs/strace-7.2/src/wait.c /home/user/nx679j-stock/experiments/refs/strace-7.2/src/watchdog_ioctl.c /home/user/nx679j-stock/experiments/refs/strace-7.2/src/xattr.c /home/user/nx679j-stock/experiments/refs/strace-7.2/src/xgetdents.c /home/user/nx679j-stock/experiments/refs/strace-7.2/src/xlat.c /home/user/nx679j-stock/experiments/refs/strace-7.2/src/xmalloc.c; do \
	sed -n 's/^SYS_FUNC(.*/extern &;/p' $f; \
done | sort -u > sys_func.h
sed -n 's/^DEFINE HOST/#define /p' ioctl_iocdef.i > ioctl_iocdef.h
gcc -DHAVE_CONFIG_H   -I./linux/aarch64 -I/home/user/nx679j-stock/experiments/refs/strace-7.2/src/linux/aarch64 -I./linux/generic -I/home/user/nx679j-stock/experiments/refs/strace-7.2/src/linux/generic -I. -I/home/user/nx679j-stock/experiments/refs/strace-7.2/src -isystem /home/user/nx679j-stock/experiments/refs/strace-7.2/bundled/linux/arch/arm64/include/uapi -isystem /home/user/nx679j-stock/experiments/refs/strace-7.2/bundled/linux/include/uapi  -Wall -Wextra -Wno-missing-field-initializers -Wno-unused-parameter -Wdate-time -Wformat-security -Wimplicit-fallthrough=5 -Winit-self -Wlogical-op -Wmissing-prototypes -Wnested-externs -Wold-style-definition -Wtrampolines -Wundef -Wwrite-strings -Werror -g -O2 -DIOCTLSORT_INC=\"ioctls_all1.h\" -c -o ioctlsort1.o /home/user/nx679j-stock/experiments/refs/strace-7.2/src/ioctlsort.c
gcc -DHAVE_CONFIG_H   -I./linux/aarch64 -I/home/user/nx679j-stock/experiments/refs/strace-7.2/src/linux/aarch64 -I./linux/generic -I/home/user/nx679j-stock/experiments/refs/strace-7.2/src/linux/generic -I. -I/home/user/nx679j-stock/experiments/refs/strace-7.2/src -isystem /home/user/nx679j-stock/experiments/refs/strace-7.2/bundled/linux/arch/arm64/include/uapi -isystem /home/user/nx679j-stock/experiments/refs/strace-7.2/bundled/linux/include/uapi  -Wall -Wextra -Wno-missing-field-initializers -Wno-unused-parameter -Wdate-time -Wformat-security -Wimplicit-fallthrough=5 -Winit-self -Wlogical-op -Wmissing-prototypes -Wnested-externs -Wold-style-definition -Wtrampolines -Wundef -Wwrite-strings -Werror -g -O2 -DIOCTLSORT_INC=\"ioctls_all0.h\" -c -o ioctlsort0.o /home/user/nx679j-stock/experiments/refs/strace-7.2/src/ioctlsort.c
echo '/* Generated by Makefile from block.c.mpers.i btrfs.c.mpers.i dirent.c.mpers.i evdev_mpers.c.mpers.i fetch_bpf_fprog.c.mpers.i fetch_struct_flock.c.mpers.i fetch_struct_iovec.c.mpers.i fetch_struct_keyctl_kdf_params.c.mpers.i fetch_struct_mmsghdr.c.mpers.i fetch_struct_msghdr.c.mpers.i fetch_struct_stat.c.mpers.i fetch_struct_stat64.c.mpers.i fetch_struct_statfs.c.mpers.i fetch_struct_xfs_quotastat.c.mpers.i hdio.c.mpers.i ipc_msgctl.c.mpers.i ipc_semctl.c.mpers.i ipc_shmctl.c.mpers.i kd_mpers_ioctl.c.mpers.i loop.c.mpers.i mtd.c.mpers.i perf_ioctl.c.mpers.i print_group_req.c.mpers.i print_kernel_sigset.c.mpers.i print_mq_attr.c.mpers.i print_msgbuf.c.mpers.i print_sg_req_info.c.mpers.i print_sigevent.c.mpers.i print_time.c.mpers.i print_timeval.c.mpers.i printrusage.c.mpers.i printsiginfo.c.mpers.i regset.c.mpers.i rt_sigreturn.c.mpers.i rtc.c.mpers.i sg_io_v3.c.mpers.i sigaltstack.c.mpers.i sock.c.mpers.i sysctl.c.mpers.i sysinfo.c.mpers.i times.c.mpers.i ustat.c.mpers.i utime.c.mpers.i v4l2.c.mpers.i; do not edit. */' > native_printer_decls.h-t
echo '/* Generated by Makefile from block.c.mpers.i btrfs.c.mpers.i dirent.c.mpers.i evdev_mpers.c.mpers.i fetch_bpf_fprog.c.mpers.i fetch_struct_flock.c.mpers.i fetch_struct_iovec.c.mpers.i fetch_struct_keyctl_kdf_params.c.mpers.i fetch_struct_mmsghdr.c.mpers.i fetch_struct_msghdr.c.mpers.i fetch_struct_stat.c.mpers.i fetch_struct_stat64.c.mpers.i fetch_struct_statfs.c.mpers.i fetch_struct_xfs_quotastat.c.mpers.i hdio.c.mpers.i ipc_msgctl.c.mpers.i ipc_semctl.c.mpers.i ipc_shmctl.c.mpers.i kd_mpers_ioctl.c.mpers.i loop.c.mpers.i mtd.c.mpers.i perf_ioctl.c.mpers.i print_group_req.c.mpers.i print_kernel_sigset.c.mpers.i print_mq_attr.c.mpers.i print_msgbuf.c.mpers.i print_sg_req_info.c.mpers.i print_sigevent.c.mpers.i print_time.c.mpers.i print_timeval.c.mpers.i printrusage.c.mpers.i printsiginfo.c.mpers.i regset.c.mpers.i rt_sigreturn.c.mpers.i rtc.c.mpers.i sg_io_v3.c.mpers.i sigaltstack.c.mpers.i sock.c.mpers.i sysctl.c.mpers.i sysinfo.c.mpers.i times.c.mpers.i ustat.c.mpers.i utime.c.mpers.i v4l2.c.mpers.i; do not edit. */' > native_printer_defs.h-t
echo '/* Generated by Makefile from block.c.mpers.i btrfs.c.mpers.i dirent.c.mpers.i evdev_mpers.c.mpers.i fetch_bpf_fprog.c.mpers.i fetch_struct_flock.c.mpers.i fetch_struct_iovec.c.mpers.i fetch_struct_keyctl_kdf_params.c.mpers.i fetch_struct_mmsghdr.c.mpers.i fetch_struct_msghdr.c.mpers.i fetch_struct_stat.c.mpers.i fetch_struct_stat64.c.mpers.i fetch_struct_statfs.c.mpers.i fetch_struct_xfs_quotastat.c.mpers.i hdio.c.mpers.i ipc_msgctl.c.mpers.i ipc_semctl.c.mpers.i ipc_shmctl.c.mpers.i kd_mpers_ioctl.c.mpers.i loop.c.mpers.i mtd.c.mpers.i perf_ioctl.c.mpers.i print_group_req.c.mpers.i print_kernel_sigset.c.mpers.i print_mq_attr.c.mpers.i print_msgbuf.c.mpers.i print_sg_req_info.c.mpers.i print_sigevent.c.mpers.i print_time.c.mpers.i print_timeval.c.mpers.i printrusage.c.mpers.i printsiginfo.c.mpers.i regset.c.mpers.i rt_sigreturn.c.mpers.i rtc.c.mpers.i sg_io_v3.c.mpers.i sigaltstack.c.mpers.i sock.c.mpers.i sysctl.c.mpers.i sysinfo.c.mpers.i times.c.mpers.i ustat.c.mpers.i utime.c.mpers.i v4l2.c.mpers.i; do not edit. */' > printers.h-t
for f in block.c.mpers.i btrfs.c.mpers.i dirent.c.mpers.i evdev_mpers.c.mpers.i fetch_bpf_fprog.c.mpers.i fetch_struct_flock.c.mpers.i fetch_struct_iovec.c.mpers.i fetch_struct_keyctl_kdf_params.c.mpers.i fetch_struct_mmsghdr.c.mpers.i fetch_struct_msghdr.c.mpers.i fetch_struct_stat.c.mpers.i fetch_struct_stat64.c.mpers.i fetch_struct_statfs.c.mpers.i fetch_struct_xfs_quotastat.c.mpers.i hdio.c.mpers.i ipc_msgctl.c.mpers.i ipc_semctl.c.mpers.i ipc_shmctl.c.mpers.i kd_mpers_ioctl.c.mpers.i loop.c.mpers.i mtd.c.mpers.i perf_ioctl.c.mpers.i print_group_req.c.mpers.i print_kernel_sigset.c.mpers.i print_mq_attr.c.mpers.i print_msgbuf.c.mpers.i print_sg_req_info.c.mpers.i print_sigevent.c.mpers.i print_time.c.mpers.i print_timeval.c.mpers.i printrusage.c.mpers.i printsiginfo.c.mpers.i regset.c.mpers.i rt_sigreturn.c.mpers.i rtc.c.mpers.i sg_io_v3.c.mpers.i sigaltstack.c.mpers.i sock.c.mpers.i sysctl.c.mpers.i sysinfo.c.mpers.i times.c.mpers.i ustat.c.mpers.i utime.c.mpers.i v4l2.c.mpers.i; do \
	sed -E -n 's/^MPERS_PRINTER_DECL\(([^,)]+),[[:space:]]*([^,)]+),[[:space:]]*([^)]+)\)$/extern \1 \2(\3);/p' $f \
	|| exit; \
done >> native_printer_decls.h-t
for f in block.c.mpers.i btrfs.c.mpers.i dirent.c.mpers.i evdev_mpers.c.mpers.i fetch_bpf_fprog.c.mpers.i fetch_struct_flock.c.mpers.i fetch_struct_iovec.c.mpers.i fetch_struct_keyctl_kdf_params.c.mpers.i fetch_struct_mmsghdr.c.mpers.i fetch_struct_msghdr.c.mpers.i fetch_struct_stat.c.mpers.i fetch_struct_stat64.c.mpers.i fetch_struct_statfs.c.mpers.i fetch_struct_xfs_quotastat.c.mpers.i hdio.c.mpers.i ipc_msgctl.c.mpers.i ipc_semctl.c.mpers.i ipc_shmctl.c.mpers.i kd_mpers_ioctl.c.mpers.i loop.c.mpers.i mtd.c.mpers.i perf_ioctl.c.mpers.i print_group_req.c.mpers.i print_kernel_sigset.c.mpers.i print_mq_attr.c.mpers.i print_msgbuf.c.mpers.i print_sg_req_info.c.mpers.i print_sigevent.c.mpers.i print_time.c.mpers.i print_timeval.c.mpers.i printrusage.c.mpers.i printsiginfo.c.mpers.i regset.c.mpers.i rt_sigreturn.c.mpers.i rtc.c.mpers.i sg_io_v3.c.mpers.i sigaltstack.c.mpers.i sock.c.mpers.i sysctl.c.mpers.i sysinfo.c.mpers.i times.c.mpers.i ustat.c.mpers.i utime.c.mpers.i v4l2.c.mpers.i; do \
	sed -E -n 's/^MPERS_PRINTER_DECL\(([^,)]+),[[:space:]]*([^,)]+),[[:space:]]*([^)]+)\)$/.\2 = \2,/p' $f \
	|| exit; \
done >> native_printer_defs.h-t
echo 'typedef struct {' >> printers.h-t
for f in block.c.mpers.i btrfs.c.mpers.i dirent.c.mpers.i evdev_mpers.c.mpers.i fetch_bpf_fprog.c.mpers.i fetch_struct_flock.c.mpers.i fetch_struct_iovec.c.mpers.i fetch_struct_keyctl_kdf_params.c.mpers.i fetch_struct_mmsghdr.c.mpers.i fetch_struct_msghdr.c.mpers.i fetch_struct_stat.c.mpers.i fetch_struct_stat64.c.mpers.i fetch_struct_statfs.c.mpers.i fetch_struct_xfs_quotastat.c.mpers.i hdio.c.mpers.i ipc_msgctl.c.mpers.i ipc_semctl.c.mpers.i ipc_shmctl.c.mpers.i kd_mpers_ioctl.c.mpers.i loop.c.mpers.i mtd.c.mpers.i perf_ioctl.c.mpers.i print_group_req.c.mpers.i print_kernel_sigset.c.mpers.i print_mq_attr.c.mpers.i print_msgbuf.c.mpers.i print_sg_req_info.c.mpers.i print_sigevent.c.mpers.i print_time.c.mpers.i print_timeval.c.mpers.i printrusage.c.mpers.i printsiginfo.c.mpers.i regset.c.mpers.i rt_sigreturn.c.mpers.i rtc.c.mpers.i sg_io_v3.c.mpers.i sigaltstack.c.mpers.i sock.c.mpers.i sysctl.c.mpers.i sysinfo.c.mpers.i times.c.mpers.i ustat.c.mpers.i utime.c.mpers.i v4l2.c.mpers.i; do \
	sed -E -n 's/^MPERS_PRINTER_DECL\(([^,)]+),[[:space:]]*([^,)]+),[[:space:]]*([^)]+)\)$/ \1 (*\2)(\3);\n#define \2 MPERS_PRINTER_NAME(\2)\n/p' $f \
	|| exit; \
done >> printers.h-t
gcc -Wall -Wextra -Wno-missing-field-initializers -Wno-unused-parameter -Wdate-time -Wformat-security -Wimplicit-fallthrough=5 -Winit-self -Wlogical-op -Wmissing-prototypes -Wnested-externs -Wold-style-definition -Wtrampolines -Wundef -Wwrite-strings -Werror -g -O2   ioctlsort0.o -o ioctlsort0
./ioctlsort0 > ioctlent0.h
mv native_printer_decls.h-t native_printer_decls.h
mv native_printer_defs.h-t native_printer_defs.h
echo '} struct_printers;' >> printers.h-t
echo 'extern const struct_printers *printers;' >> printers.h-t
echo '#define MPERS_PRINTER_NAME(printer_name) printers->printer_name' >> printers.h-t
mv printers.h-t printers.h
gcc -Wall -Wextra -Wno-missing-field-initializers -Wno-unused-parameter -Wdate-time -Wformat-security -Wimplicit-fallthrough=5 -Winit-self -Wlogical-op -Wmissing-prototypes -Wnested-externs -Wold-style-definition -Wtrampolines -Wundef -Wwrite-strings -Werror -g -O2   ioctlsort1.o -o ioctlsort1
./ioctlsort1 > ioctlent1.h
sort ioctlent1.h > ioctlent1.h-t
sort ioctlent0.h | comm -23 ioctlent1.h-t - | \
	sed -E -n 's/^\{ "([^"]+)", (0x[[:xdigit:]]+) \},$/#ifdef \1\n# undef \1\n# define \1 \2\n#endif/p' \
	> ioctl_redefs1.h-t
rm -f ioctlent1.h-t
mv ioctl_redefs1.h-t ioctl_redefs1.h
make  all-am
make[3]: Entering directory '/home/user/nx679j-stock/experiments/refs/strace-7.2-build-aarch64/src'
aarch64-linux-gnu-gcc -DHAVE_CONFIG_H   -I./linux/aarch64 -I/home/user/nx679j-stock/experiments/refs/strace-7.2/src/linux/aarch64 -I./linux/generic -I/home/user/nx679j-stock/experiments/refs/strace-7.2/src/linux/generic -I. -I/home/user/nx679j-stock/experiments/refs/strace-7.2/src -isystem /home/user/nx679j-stock/experiments/refs/strace-7.2/bundled/linux/arch/arm64/include/uapi -isystem /home/user/nx679j-stock/experiments/refs/strace-7.2/bundled/linux/include/uapi -DIN_STRACE=1      -isystem /home/user/nx679j-stock/experiments/refs/strace-7.2/bundled/linux/arch/arm64/include/uapi -isystem /home/user/nx679j-stock/experiments/refs/strace-7.2/bundled/linux/include/uapi -Wall -Wextra -Wno-missing-field-initializers -Wno-unused-parameter -Wdate-time -Wformat-security -Wimplicit-fallthrough=5 -Winit-self -Wlogical-op -Wmissing-prototypes -Wnested-externs -Wold-style-definition -Wtrampolines -Wundef -Wwrite-strings -Werror   -Os -Wall -Wextra -MT strace-strace.o -MD -MP -MF .deps/strace-strace.Tpo -c -o strace-strace.o `test -f 'strace.c' || echo '/home/user/nx679j-stock/experiments/refs/strace-7.2/src/'`strace.c
aarch64-linux-gnu-gcc -DHAVE_CONFIG_H   -I./linux/aarch64 -I/home/user/nx679j-stock/experiments/refs/strace-7.2/src/linux/aarch64 -I./linux/generic -I/home/user/nx679j-stock/experiments/refs/strace-7.2/src/linux/generic -I. -I/home/user/nx679j-stock/experiments/refs/strace-7.2/src -isystem /home/user/nx679j-stock/experiments/refs/strace-7.2/bundled/linux/arch/arm64/include/uapi -isystem /home/user/nx679j-stock/experiments/refs/strace-7.2/bundled/linux/include/uapi -DIN_STRACE=1      -isystem /home/user/nx679j-stock/experiments/refs/strace-7.2/bundled/linux/arch/arm64/include/uapi -isystem /home/user/nx679j-stock/experiments/refs/strace-7.2/bundled/linux/include/uapi -Wall -Wextra -Wno-missing-field-initializers -Wno-unused-parameter -Wdate-time -Wformat-security -Wimplicit-fallthrough=5 -Winit-self -Wlogical-op -Wmissing-prototypes -Wnested-externs -Wold-style-definition -Wtrampolines -Wundef -Wwrite-strings -Werror   -Os -Wall -Wextra -MT libstrace_a-access.o -MD -MP -MF .deps/libstrace_a-access.Tpo -c -o libstrace_a-access.o `test -f 'access.c' || echo '/home/user/nx679j-stock/experiments/refs/strace-7.2/src/'`access.c
aarch64-linux-gnu-gcc -DHAVE_CONFIG_H   -I./linux/aarch64 -I/home/user/nx679j-stock/experiments/refs/strace-7.2/src/linux/aarch64 -I./linux/generic -I/home/user/nx679j-stock/experiments/refs/strace-7.2/src/linux/generic -I. -I/home/user/nx679j-stock/experiments/refs/strace-7.2/src -isystem /home/user/nx679j-stock/experiments/refs/strace-7.2/bundled/linux/arch/arm64/include/uapi -isystem /home/user/nx679j-stock/experiments/refs/strace-7.2/bundled/linux/include/uapi -DIN_STRACE=1      -isystem /home/user/nx679j-stock/experiments/refs/strace-7.2/bundled/linux/arch/arm64/include/uapi -isystem /home/user/nx679j-stock/experiments/refs/strace-7.2/bundled/linux/include/uapi -Wall -Wextra -Wno-missing-field-initializers -Wno-unused-parameter -Wdate-time -Wformat-security -Wimplicit-fallthrough=5 -Winit-self -Wlogical-op -Wmissing-prototypes -Wnested-externs -Wold-style-definition -Wtrampolines -Wundef -Wwrite-strings -Werror   -Os -Wall -Wextra -MT libstrace_a-affinity.o -MD -MP -MF .deps/libstrace_a-affinity.Tpo -c -o libstrace_a-affinity.o `test -f 'affinity.c' || echo '/home/user/nx679j-stock/experiments/refs/strace-7.2/src/'`affinity.c
aarch64-linux-gnu-gcc -DHAVE_CONFIG_H   -I./linux/aarch64 -I/home/user/nx679j-stock/experiments/refs/strace-7.2/src/linux/aarch64 -I./linux/generic -I/home/user/nx679j-stock/experiments/refs/strace-7.2/src/linux/generic -I. -I/home/user/nx679j-stock/experiments/refs/strace-7.2/src -isystem /home/user/nx679j-stock/experiments/refs/strace-7.2/bundled/linux/arch/arm64/include/uapi -isystem /home/user/nx679j-stock/experiments/refs/strace-7.2/bundled/linux/include/uapi -DIN_STRACE=1      -isystem /home/user/nx679j-stock/experiments/refs/strace-7.2/bundled/linux/arch/arm64/include/uapi -isystem /home/user/nx679j-stock/experiments/refs/strace-7.2/bundled/linux/include/uapi -Wall -Wextra -Wno-missing-field-initializers -Wno-unused-parameter -Wdate-time -Wformat-security -Wimplicit-fallthrough=5 -Winit-self -Wlogical-op -Wmissing-prototypes -Wnested-externs -Wold-style-definition -Wtrampolines -Wundef -Wwrite-strings -Werror   -Os -Wall -Wextra -MT libstrace_a-aio.o -MD -MP -MF .deps/libstrace_a-aio.Tpo -c -o libstrace_a-aio.o `test -f 'aio.c' || echo '/home/user/nx679j-stock/experiments/refs/strace-7.2/src/'`aio.c
aarch64-linux-gnu-gcc -DHAVE_CONFIG_H   -I./linux/aarch64 -I/home/user/nx679j-stock/experiments/refs/strace-7.2/src/linux/aarch64 -I./linux/generic -I/home/user/nx679j-stock/experiments/refs/strace-7.2/src/linux/generic -I. -I/home/user/nx679j-stock/experiments/refs/strace-7.2/src -isystem /home/user/nx679j-stock/experiments/refs/strace-7.2/bundled/linux/arch/arm64/include/uapi -isystem /home/user/nx679j-stock/experiments/refs/strace-7.2/bundled/linux/include/uapi -DIN_STRACE=1      -isystem /home/user/nx679j-stock/experiments/refs/strace-7.2/bundled/linux/arch/arm64/include/uapi -isystem /home/user/nx679j-stock/experiments/refs/strace-7.2/bundled/linux/include/uapi -Wall -Wextra -Wno-missing-field-initializers -Wno-unused-parameter -Wdate-time -Wformat-security -Wimplicit-fallthrough=5 -Winit-self -Wlogical-op -Wmissing-prototypes -Wnested-externs -Wold-style-definition -Wtrampolines -Wundef -Wwrite-strings -Werror   -Os -Wall -Wextra -MT libstrace_a-alarm.o -MD -MP -MF .deps/libstrace_a-alarm.Tpo -c -o libstrace_a-alarm.o `test -f 'alarm.c' || echo '/home/user/nx679j-stock/experiments/refs/strace-7.2/src/'`alarm.c
aarch64-linux-gnu-gcc -DHAVE_CONFIG_H   -I./linux/aarch64 -I/home/user/nx679j-stock/experiments/refs/strace-7.2/src/linux/aarch64 -I./linux/generic -I/home/user/nx679j-stock/experiments/refs/strace-7.2/src/linux/generic -I. -I/home/user/nx679j-stock/experiments/refs/strace-7.2/src -isystem /home/user/nx679j-stock/experiments/refs/strace-7.2/bundled/linux/arch/arm64/include/uapi -isystem /home/user/nx679j-stock/experiments/refs/strace-7.2/bundled/linux/include/uapi -DIN_STRACE=1      -isystem /home/user/nx679j-stock/experiments/refs/strace-7.2/bundled/linux/arch/arm64/include/uapi -isystem /home/user/nx679j-stock/experiments/refs/strace-7.2/bundled/linux/include/uapi -Wall -Wextra -Wno-missing-field-initializers -Wno-unused-parameter -Wdate-time -Wformat-security -Wimplicit-fallthrough=5 -Winit-self -Wlogical-op -Wmissing-prototypes -Wnested-externs -Wold-style-definition -Wtrampolines -Wundef -Wwrite-strings -Werror   -Os -Wall -Wextra -MT libstrace_a-alpha.o -MD -MP -MF .deps/libstrace_a-alpha.Tpo -c -o libstrace_a-alpha.o `test -f 'alpha.c' || echo '/home/user/nx679j-stock/experiments/refs/strace-7.2/src/'`alpha.c
aarch64-linux-gnu-gcc -DHAVE_CONFIG_H   -I./linux/aarch64 -I/home/user/nx679j-stock/experiments/refs/strace-7.2/src/linux/aarch64 -I./linux/generic -I/home/user/nx679j-stock/experiments/refs/strace-7.2/src/linux/generic -I. -I/home/user/nx679j-stock/experiments/refs/strace-7.2/src -isystem /home/user/nx679j-stock/experiments/refs/strace-7.2/bundled/linux/arch/arm64/include/uapi -isystem /home/user/nx679j-stock/experiments/refs/strace-7.2/bundled/linux/include/uapi -DIN_STRACE=1      -isystem /home/user/nx679j-stock/experiments/refs/strace-7.2/bundled/linux/arch/arm64/include/uapi -isystem /home/user/nx679j-stock/experiments/refs/strace-7.2/bundled/linux/include/uapi -Wall -Wextra -Wno-missing-field-initializers -Wno-unused-parameter -Wdate-time -Wformat-security -Wimplicit-fallthrough=5 -Winit-self -Wlogical-op -Wmissing-prototypes -Wnested-externs -Wold-style-definition -Wtrampolines -Wundef -Wwrite-strings -Werror   -Os -Wall -Wextra -MT libstrace_a-basic_filters.o -MD -MP -MF .deps/libstrace_a-basic_filters.Tpo -c -o libstrace_a-basic_filters.o `test -f 'basic_filters.c' || echo '/home/user/nx679j-stock/experiments/refs/strace-7.2/src/'`basic_filters.c
aarch64-linux-gnu-gcc -DHAVE_CONFIG_H   -I./linux/aarch64 -I/home/user/nx679j-stock/experiments/refs/strace-7.2/src/linux/aarch64 -I./linux/generic -I/home/user/nx679j-stock/experiments/refs/strace-7.2/src/linux/generic -I. -I/home/user/nx679j-stock/experiments/refs/strace-7.2/src -isystem /home/user/nx679j-stock/experiments/refs/strace-7.2/bundled/linux/arch/arm64/include/uapi -isystem /home/user/nx679j-stock/experiments/refs/strace-7.2/bundled/linux/include/uapi -DIN_STRACE=1      -isystem /home/user/nx679j-stock/experiments/refs/strace-7.2/bundled/linux/arch/arm64/include/uapi -isystem /home/user/nx679j-stock/experiments/refs/strace-7.2/bundled/linux/include/uapi -Wall -Wextra -Wno-missing-field-initializers -Wno-unused-parameter -Wdate-time -Wformat-security -Wimplicit-fallthrough=5 -Winit-self -Wlogical-op -Wmissing-prototypes -Wnested-externs -Wold-style-definition -Wtrampolines -Wundef -Wwrite-strings -Werror   -Os -Wall -Wextra -MT libstrace_a-bind.o -MD -MP -MF .deps/libstrace_a-bind.Tpo -c -o libstrace_a-bind.o `test -f 'bind.c' || echo '/home/user/nx679j-stock/experiments/refs/strace-7.2/src/'`bind.c
mv -f .deps/libstrace_a-alpha.Tpo .deps/libstrace_a-alpha.Po
aarch64-linux-gnu-gcc -DHAVE_CONFIG_H   -I./linux/aarch64 -I/home/user/nx679j-stock/experiments/refs/strace-7.2/src/linux/aarch64 -I./linux/generic -I/home/user/nx679j-stock/experiments/refs/strace-7.2/src/linux/generic -I. -I/home/user/nx679j-stock/experiments/refs/strace-7.2/src -isystem /home/user/nx679j-stock/experiments/refs/strace-7.2/bundled/linux/arch/arm64/include/uapi -isystem /home/user/nx679j-stock/experiments/refs/strace-7.2/bundled/linux/include/uapi -DIN_STRACE=1      -isystem /home/user/nx679j-stock/experiments/refs/strace-7.2/bundled/linux/arch/arm64/include/uapi -isystem /home/user/nx679j-stock/experiments/refs/strace-7.2/bundled/linux/include/uapi -Wall -Wextra -Wno-missing-field-initializers -Wno-unused-parameter -Wdate-time -Wformat-security -Wimplicit-fallthrough=5 -Winit-self -Wlogical-op -Wmissing-prototypes -Wnested-externs -Wold-style-definition -Wtrampolines -Wundef -Wwrite-strings -Werror   -Os -Wall -Wextra -MT libstrace_a-bjm.o -MD -MP -MF .deps/libstrace_a-bjm.Tpo -c -o libstrace_a-bjm.o `test -f 'bjm.c' || echo '/home/user/nx679j-stock/experiments/refs/strace-7.2/src/'`bjm.c
mv -f .deps/libstrace_a-bind.Tpo .deps/libstrace_a-bind.Po
aarch64-linux-gnu-gcc -DHAVE_CONFIG_H   -I./linux/aarch64 -I/home/user/nx679j-stock/experiments/refs/strace-7.2/src/linux/aarch64 -I./linux/generic -I/home/user/nx679j-stock/experiments/refs/strace-7.2/src/linux/generic -I. -I/home/user/nx679j-stock/experiments/refs/strace-7.2/src -isystem /home/user/nx679j-stock/experiments/refs/strace-7.2/bundled/linux/arch/arm64/include/uapi -isystem /home/user/nx679j-stock/experiments/refs/strace-7.2/bundled/linux/include/uapi -DIN_STRACE=1      -isystem /home/user/nx679j-stock/experiments/refs/strace-7.2/bundled/linux/arch/arm64/include/uapi -isystem /home/user/nx679j-stock/experiments/refs/strace-7.2/bundled/linux/include/uapi -Wall -Wextra -Wno-missing-field-initializers -Wno-unused-parameter -Wdate-time -Wformat-security -Wimplicit-fallthrough=5 -Winit-self -Wlogical-op -Wmissing-prototypes -Wnested-externs -Wold-style-definition -Wtrampolines -Wundef -Wwrite-strings -Werror   -Os -Wall -Wextra -MT libstrace_a-block.o -MD -MP -MF .deps/libstrace_a-block.Tpo -c -o libstrace_a-block.o `test -f 'block.c' || echo '/home/user/nx679j-stock/experiments/refs/strace-7.2/src/'`block.c
mv -f .deps/libstrace_a-alarm.Tpo .deps/libstrace_a-alarm.Po
aarch64-linux-gnu-gcc -DHAVE_CONFIG_H   -I./linux/aarch64 -I/home/user/nx679j-stock/experiments/refs/strace-7.2/src/linux/aarch64 -I./linux/generic -I/home/user/nx679j-stock/experiments/refs/strace-7.2/src/linux/generic -I. -I/home/user/nx679j-stock/experiments/refs/strace-7.2/src -isystem /home/user/nx679j-stock/experiments/refs/strace-7.2/bundled/linux/arch/arm64/include/uapi -isystem /home/user/nx679j-stock/experiments/refs/strace-7.2/bundled/linux/include/uapi -DIN_STRACE=1      -isystem /home/user/nx679j-stock/experiments/refs/strace-7.2/bundled/linux/arch/arm64/include/uapi -isystem /home/user/nx679j-stock/experiments/refs/strace-7.2/bundled/linux/include/uapi -Wall -Wextra -Wno-missing-field-initializers -Wno-unused-parameter -Wdate-time -Wformat-security -Wimplicit-fallthrough=5 -Winit-self -Wlogical-op -Wmissing-prototypes -Wnested-externs -Wold-style-definition -Wtrampolines -Wundef -Wwrite-strings -Werror   -Os -Wall -Wextra -MT libstrace_a-bpf.o -MD -MP -MF .deps/libstrace_a-bpf.Tpo -c -o libstrace_a-bpf.o `test -f 'bpf.c' || echo '/home/user/nx679j-stock/experiments/refs/strace-7.2/src/'`bpf.c
mv -f .deps/libstrace_a-access.Tpo .deps/libstrace_a-access.Po
mv -f .deps/libstrace_a-affinity.Tpo .deps/libstrace_a-affinity.Po
aarch64-linux-gnu-gcc -DHAVE_CONFIG_H   -I./linux/aarch64 -I/home/user/nx679j-stock/experiments/refs/strace-7.2/src/linux/aarch64 -I./linux/generic -I/home/user/nx679j-stock/experiments/refs/strace-7.2/src/linux/generic -I. -I/home/user/nx679j-stock/experiments/refs/strace-7.2/src -isystem /home/user/nx679j-stock/experiments/refs/strace-7.2/bundled/linux/arch/arm64/include/uapi -isystem /home/user/nx679j-stock/experiments/refs/strace-7.2/bundled/linux/include/uapi -DIN_STRACE=1      -isystem /home/user/nx679j-stock/experiments/refs/strace-7.2/bundled/linux/arch/arm64/include/uapi -isystem /home/user/nx679j-stock/experiments/refs/strace-7.2/bundled/linux/include/uapi -Wall -Wextra -Wno-missing-field-initializers -Wno-unused-parameter -Wdate-time -Wformat-security -Wimplicit-fallthrough=5 -Winit-self -Wlogical-op -Wmissing-prototypes -Wnested-externs -Wold-style-definition -Wtrampolines -Wundef -Wwrite-strings -Werror   -Os -Wall -Wextra -MT libstrace_a-bpf_filter.o -MD -MP -MF .deps/libstrace_a-bpf_filter.Tpo -c -o libstrace_a-bpf_filter.o `test -f 'bpf_filter.c' || echo '/home/user/nx679j-stock/experiments/refs/strace-7.2/src/'`bpf_filter.c
aarch64-linux-gnu-gcc -DHAVE_CONFIG_H   -I./linux/aarch64 -I/home/user/nx679j-stock/experiments/refs/strace-7.2/src/linux/aarch64 -I./linux/generic -I/home/user/nx679j-stock/experiments/refs/strace-7.2/src/linux/generic -I. -I/home/user/nx679j-stock/experiments/refs/strace-7.2/src -isystem /home/user/nx679j-stock/experiments/refs/strace-7.2/bundled/linux/arch/arm64/include/uapi -isystem /home/user/nx679j-stock/experiments/refs/strace-7.2/bundled/linux/include/uapi -DIN_STRACE=1      -isystem /home/user/nx679j-stock/experiments/refs/strace-7.2/bundled/linux/arch/arm64/include/uapi -isystem /home/user/nx679j-stock/experiments/refs/strace-7.2/bundled/linux/include/uapi -Wall -Wextra -Wno-missing-field-initializers -Wno-unused-parameter -Wdate-time -Wformat-security -Wimplicit-fallthrough=5 -Winit-self -Wlogical-op -Wmissing-prototypes -Wnested-externs -Wold-style-definition -Wtrampolines -Wundef -Wwrite-strings -Werror   -Os -Wall -Wextra -MT libstrace_a-bpf_seccomp_filter.o -MD -MP -MF .deps/libstrace_a-bpf_seccomp_filter.Tpo -c -o libstrace_a-bpf_seccomp_filter.o `test -f 'bpf_seccomp_filter.c' || echo '/home/user/nx679j-stock/experiments/refs/strace-7.2/src/'`bpf_seccomp_filter.c
mv -f .deps/libstrace_a-bjm.Tpo .deps/libstrace_a-bjm.Po
aarch64-linux-gnu-gcc -DHAVE_CONFIG_H   -I./linux/aarch64 -I/home/user/nx679j-stock/experiments/refs/strace-7.2/src/linux/aarch64 -I./linux/generic -I/home/user/nx679j-stock/experiments/refs/strace-7.2/src/linux/generic -I. -I/home/user/nx679j-stock/experiments/refs/strace-7.2/src -isystem /home/user/nx679j-stock/experiments/refs/strace-7.2/bundled/linux/arch/arm64/include/uapi -isystem /home/user/nx679j-stock/experiments/refs/strace-7.2/bundled/linux/include/uapi -DIN_STRACE=1      -isystem /home/user/nx679j-stock/experiments/refs/strace-7.2/bundled/linux/arch/arm64/include/uapi -isystem /home/user/nx679j-stock/experiments/refs/strace-7.2/bundled/linux/include/uapi -Wall -Wextra -Wno-missing-field-initializers -Wno-unused-parameter -Wdate-time -Wformat-security -Wimplicit-fallthrough=5 -Winit-self -Wlogical-op -Wmissing-prototypes -Wnested-externs -Wold-style-definition -Wtrampolines -Wundef -Wwrite-strings -Werror   -Os -Wall -Wextra -MT libstrace_a-bpf_sock_filter.o -MD -MP -MF .deps/libstrace_a-bpf_sock_filter.Tpo -c -o libstrace_a-bpf_sock_filter.o `test -f 'bpf_sock_filter.c' || echo '/home/user/nx679j-stock/experiments/refs/strace-7.2/src/'`bpf_sock_filter.c
mv -f .deps/libstrace_a-basic_filters.Tpo .deps/libstrace_a-basic_filters.Po
aarch64-linux-gnu-gcc -DHAVE_CONFIG_H   -I./linux/aarch64 -I/home/user/nx679j-stock/experiments/refs/strace-7.2/src/linux/aarch64 -I./linux/generic -I/home/user/nx679j-stock/experiments/refs/strace-7.2/src/linux/generic -I. -I/home/user/nx679j-stock/experiments/refs/strace-7.2/src -isystem /home/user/nx679j-stock/experiments/refs/strace-7.2/bundled/linux/arch/arm64/include/uapi -isystem /home/user/nx679j-stock/experiments/refs/strace-7.2/bundled/linux/include/uapi -DIN_STRACE=1      -isystem /home/user/nx679j-stock/experiments/refs/strace-7.2/bundled/linux/arch/arm64/include/uapi -isystem /home/user/nx679j-stock/experiments/refs/strace-7.2/bundled/linux/include/uapi -Wall -Wextra -Wno-missing-field-initializers -Wno-unused-parameter -Wdate-time -Wformat-security -Wimplicit-fallthrough=5 -Winit-self -Wlogical-op -Wmissing-prototypes -Wnested-externs -Wold-style-definition -Wtrampolines -Wundef -Wwrite-strings -Werror   -Os -Wall -Wextra -MT libstrace_a-btrfs.o -MD -MP -MF .deps/libstrace_a-btrfs.Tpo -c -o libstrace_a-btrfs.o `test -f 'btrfs.c' || echo '/home/user/nx679j-stock/experiments/refs/strace-7.2/src/'`btrfs.c
mv -f .deps/libstrace_a-block.Tpo .deps/libstrace_a-block.Po
aarch64-linux-gnu-gcc -DHAVE_CONFIG_H   -I./linux/aarch64 -I/home/user/nx679j-stock/experiments/refs/strace-7.2/src/linux/aarch64 -I./linux/generic -I/home/user/nx679j-stock/experiments/refs/strace-7.2/src/linux/generic -I. -I/home/user/nx679j-stock/experiments/refs/strace-7.2/src -isystem /home/user/nx679j-stock/experiments/refs/strace-7.2/bundled/linux/arch/arm64/include/uapi -isystem /home/user/nx679j-stock/experiments/refs/strace-7.2/bundled/linux/include/uapi -DIN_STRACE=1      -isystem /home/user/nx679j-stock/experiments/refs/strace-7.2/bundled/linux/arch/arm64/include/uapi -isystem /home/user/nx679j-stock/experiments/refs/strace-7.2/bundled/linux/include/uapi -Wall -Wextra -Wno-missing-field-initializers -Wno-unused-parameter -Wdate-time -Wformat-security -Wimplicit-fallthrough=5 -Winit-self -Wlogical-op -Wmissing-prototypes -Wnested-externs -Wold-style-definition -Wtrampolines -Wundef -Wwrite-strings -Werror   -Os -Wall -Wextra -MT libstrace_a-cacheflush.o -MD -MP -MF .deps/libstrace_a-cacheflush.Tpo -c -o libstrace_a-cacheflush.o `test -f 'cacheflush.c' || echo '/home/user/nx679j-stock/experiments/refs/strace-7.2/src/'`cacheflush.c
mv -f .deps/libstrace_a-bpf_seccomp_filter.Tpo .deps/libstrace_a-bpf_seccomp_filter.Po
aarch64-linux-gnu-gcc -DHAVE_CONFIG_H   -I./linux/aarch64 -I/home/user/nx679j-stock/experiments/refs/strace-7.2/src/linux/aarch64 -I./linux/generic -I/home/user/nx679j-stock/experiments/refs/strace-7.2/src/linux/generic -I. -I/home/user/nx679j-stock/experiments/refs/strace-7.2/src -isystem /home/user/nx679j-stock/experiments/refs/strace-7.2/bundled/linux/arch/arm64/include/uapi -isystem /home/user/nx679j-stock/experiments/refs/strace-7.2/bundled/linux/include/uapi -DIN_STRACE=1      -isystem /home/user/nx679j-stock/experiments/refs/strace-7.2/bundled/linux/arch/arm64/include/uapi -isystem /home/user/nx679j-stock/experiments/refs/strace-7.2/bundled/linux/include/uapi -Wall -Wextra -Wno-missing-field-initializers -Wno-unused-parameter -Wdate-time -Wformat-security -Wimplicit-fallthrough=5 -Winit-self -Wlogical-op -Wmissing-prototypes -Wnested-externs -Wold-style-definition -Wtrampolines -Wundef -Wwrite-strings -Werror   -Os -Wall -Wextra -MT libstrace_a-cachestat.o -MD -MP -MF .deps/libstrace_a-cachestat.Tpo -c -o libstrace_a-cachestat.o `test -f 'cachestat.c' || echo '/home/user/nx679j-stock/experiments/refs/strace-7.2/src/'`cachestat.c
mv -f .deps/libstrace_a-aio.Tpo .deps/libstrace_a-aio.Po
aarch64-linux-gnu-gcc -DHAVE_CONFIG_H   -I./linux/aarch64 -I/home/user/nx679j-stock/experiments/refs/strace-7.2/src/linux/aarch64 -I./linux/generic -I/home/user/nx679j-stock/experiments/refs/strace-7.2/src/linux/generic -I. -I/home/user/nx679j-stock/experiments/refs/strace-7.2/src -isystem /home/user/nx679j-stock/experiments/refs/strace-7.2/bundled/linux/arch/arm64/include/uapi -isystem /home/user/nx679j-stock/experiments/refs/strace-7.2/bundled/linux/include/uapi -DIN_STRACE=1      -isystem /home/user/nx679j-stock/experiments/refs/strace-7.2/bundled/linux/arch/arm64/include/uapi -isystem /home/user/nx679j-stock/experiments/refs/strace-7.2/bundled/linux/include/uapi -Wall -Wextra -Wno-missing-field-initializers -Wno-unused-parameter -Wdate-time -Wformat-security -Wimplicit-fallthrough=5 -Winit-self -Wlogical-op -Wmissing-prototypes -Wnested-externs -Wold-style-definition -Wtrampolines -Wundef -Wwrite-strings -Werror   -Os -Wall -Wextra -MT libstrace_a-capability.o -MD -MP -MF .deps/libstrace_a-capability.Tpo -c -o libstrace_a-capability.o `test -f 'capability.c' || echo '/home/user/nx679j-stock/experiments/refs/strace-7.2/src/'`capability.c
mv -f .deps/libstrace_a-bpf_sock_filter.Tpo .deps/libstrace_a-bpf_sock_filter.Po
aarch64-linux-gnu-gcc -DHAVE_CONFIG_H   -I./linux/aarch64 -I/home/user/nx679j-stock/experiments/refs/strace-7.2/src/linux/aarch64 -I./linux/generic -I/home/user/nx679j-stock/experiments/refs/strace-7.2/src/linux/generic -I. -I/home/user/nx679j-stock/experiments/refs/strace-7.2/src -isystem /home/user/nx679j-stock/experiments/refs/strace-7.2/bundled/linux/arch/arm64/include/uapi -isystem /home/user/nx679j-stock/experiments/refs/strace-7.2/bundled/linux/include/uapi -DIN_STRACE=1      -isystem /home/user/nx679j-stock/experiments/refs/strace-7.2/bundled/linux/arch/arm64/include/uapi -isystem /home/user/nx679j-stock/experiments/refs/strace-7.2/bundled/linux/include/uapi -Wall -Wextra -Wno-missing-field-initializers -Wno-unused-parameter -Wdate-time -Wformat-security -Wimplicit-fallthrough=5 -Winit-self -Wlogical-op -Wmissing-prototypes -Wnested-externs -Wold-style-definition -Wtrampolines -Wundef -Wwrite-strings -Werror   -Os -Wall -Wextra -MT libstrace_a-chdir.o -MD -MP -MF .deps/libstrace_a-chdir.Tpo -c -o libstrace_a-chdir.o `test -f 'chdir.c' || echo '/home/user/nx679j-stock/experiments/refs/strace-7.2/src/'`chdir.c
mv -f .deps/libstrace_a-cacheflush.Tpo .deps/libstrace_a-cacheflush.Po
aarch64-linux-gnu-gcc -DHAVE_CONFIG_H   -I./linux/aarch64 -I/home/user/nx679j-stock/experiments/refs/strace-7.2/src/linux/aarch64 -I./linux/generic -I/home/user/nx679j-stock/experiments/refs/strace-7.2/src/linux/generic -I. -I/home/user/nx679j-stock/experiments/refs/strace-7.2/src -isystem /home/user/nx679j-stock/experiments/refs/strace-7.2/bundled/linux/arch/arm64/include/uapi -isystem /home/user/nx679j-stock/experiments/refs/strace-7.2/bundled/linux/include/uapi -DIN_STRACE=1      -isystem /home/user/nx679j-stock/experiments/refs/strace-7.2/bundled/linux/arch/arm64/include/uapi -isystem /home/user/nx679j-stock/experiments/refs/strace-7.2/bundled/linux/include/uapi -Wall -Wextra -Wno-missing-field-initializers -Wno-unused-parameter -Wdate-time -Wformat-security -Wimplicit-fallthrough=5 -Winit-self -Wlogical-op -Wmissing-prototypes -Wnested-externs -Wold-style-definition -Wtrampolines -Wundef -Wwrite-strings -Werror   -Os -Wall -Wextra -MT libstrace_a-chmod.o -MD -MP -MF .deps/libstrace_a-chmod.Tpo -c -o libstrace_a-chmod.o `test -f 'chmod.c' || echo '/home/user/nx679j-stock/experiments/refs/strace-7.2/src/'`chmod.c
mv -f .deps/libstrace_a-bpf_filter.Tpo .deps/libstrace_a-bpf_filter.Po
aarch64-linux-gnu-gcc -DHAVE_CONFIG_H   -I./linux/aarch64 -I/home/user/nx679j-stock/experiments/refs/strace-7.2/src/linux/aarch64 -I./linux/generic -I/home/user/nx679j-stock/experiments/refs/strace-7.2/src/linux/generic -I. -I/home/user/nx679j-stock/experiments/refs/strace-7.2/src -isystem /home/user/nx679j-stock/experiments/refs/strace-7.2/bundled/linux/arch/arm64/include/uapi -isystem /home/user/nx679j-stock/experiments/refs/strace-7.2/bundled/linux/include/uapi -DIN_STRACE=1      -isystem /home/user/nx679j-stock/experiments/refs/strace-7.2/bundled/linux/arch/arm64/include/uapi -isystem /home/user/nx679j-stock/experiments/refs/strace-7.2/bundled/linux/include/uapi -Wall -Wextra -Wno-missing-field-initializers -Wno-unused-parameter -Wdate-time -Wformat-security -Wimplicit-fallthrough=5 -Winit-self -Wlogical-op -Wmissing-prototypes -Wnested-externs -Wold-style-definition -Wtrampolines -Wundef -Wwrite-strings -Werror   -Os -Wall -Wextra -MT libstrace_a-clone.o -MD -MP -MF .deps/libstrace_a-clone.Tpo -c -o libstrace_a-clone.o `test -f 'clone.c' || echo '/home/user/nx679j-stock/experiments/refs/strace-7.2/src/'`clone.c
mv -f .deps/libstrace_a-cachestat.Tpo .deps/libstrace_a-cachestat.Po
aarch64-linux-gnu-gcc -DHAVE_CONFIG_H   -I./linux/aarch64 -I/home/user/nx679j-stock/experiments/refs/strace-7.2/src/linux/aarch64 -I./linux/generic -I/home/user/nx679j-stock/experiments/refs/strace-7.2/src/linux/generic -I. -I/home/user/nx679j-stock/experiments/refs/strace-7.2/src -isystem /home/user/nx679j-stock/experiments/refs/strace-7.2/bundled/linux/arch/arm64/include/uapi -isystem /home/user/nx679j-stock/experiments/refs/strace-7.2/bundled/linux/include/uapi -DIN_STRACE=1      -isystem /home/user/nx679j-stock/experiments/refs/strace-7.2/bundled/linux/arch/arm64/include/uapi -isystem /home/user/nx679j-stock/experiments/refs/strace-7.2/bundled/linux/include/uapi -Wall -Wextra -Wno-missing-field-initializers -Wno-unused-parameter -Wdate-time -Wformat-security -Wimplicit-fallthrough=5 -Winit-self -Wlogical-op -Wmissing-prototypes -Wnested-externs -Wold-style-definition -Wtrampolines -Wundef -Wwrite-strings -Werror   -Os -Wall -Wextra -MT libstrace_a-close_range.o -MD -MP -MF .deps/libstrace_a-close_range.Tpo -c -o libstrace_a-close_range.o `test -f 'close_range.c' || echo '/home/user/nx679j-stock/experiments/refs/strace-7.2/src/'`close_range.c
mv -f .deps/libstrace_a-chdir.Tpo .deps/libstrace_a-chdir.Po
aarch64-linux-gnu-gcc -DHAVE_CONFIG_H   -I./linux/aarch64 -I/home/user/nx679j-stock/experiments/refs/strace-7.2/src/linux/aarch64 -I./linux/generic -I/home/user/nx679j-stock/experiments/refs/strace-7.2/src/linux/generic -I. -I/home/user/nx679j-stock/experiments/refs/strace-7.2/src -isystem /home/user/nx679j-stock/experiments/refs/strace-7.2/bundled/linux/arch/arm64/include/uapi -isystem /home/user/nx679j-stock/experiments/refs/strace-7.2/bundled/linux/include/uapi -DIN_STRACE=1      -isystem /home/user/nx679j-stock/experiments/refs/strace-7.2/bundled/linux/arch/arm64/include/uapi -isystem /home/user/nx679j-stock/experiments/refs/strace-7.2/bundled/linux/include/uapi -Wall -Wextra -Wno-missing-field-initializers -Wno-unused-parameter -Wdate-time -Wformat-security -Wimplicit-fallthrough=5 -Winit-self -Wlogical-op -Wmissing-prototypes -Wnested-externs -Wold-style-definition -Wtrampolines -Wundef -Wwrite-strings -Werror   -Os -Wall -Wextra -MT libstrace_a-color.o -MD -MP -MF .deps/libstrace_a-color.Tpo -c -o libstrace_a-color.o `test -f 'color.c' || echo '/home/user/nx679j-stock/experiments/refs/strace-7.2/src/'`color.c
mv -f .deps/libstrace_a-chmod.Tpo .deps/libstrace_a-chmod.Po
aarch64-linux-gnu-gcc -DHAVE_CONFIG_H   -I./linux/aarch64 -I/home/user/nx679j-stock/experiments/refs/strace-7.2/src/linux/aarch64 -I./linux/generic -I/home/user/nx679j-stock/experiments/refs/strace-7.2/src/linux/generic -I. -I/home/user/nx679j-stock/experiments/refs/strace-7.2/src -isystem /home/user/nx679j-stock/experiments/refs/strace-7.2/bundled/linux/arch/arm64/include/uapi -isystem /home/user/nx679j-stock/experiments/refs/strace-7.2/bundled/linux/include/uapi -DIN_STRACE=1      -isystem /home/user/nx679j-stock/experiments/refs/strace-7.2/bundled/linux/arch/arm64/include/uapi -isystem /home/user/nx679j-stock/experiments/refs/strace-7.2/bundled/linux/include/uapi -Wall -Wextra -Wno-missing-field-initializers -Wno-unused-parameter -Wdate-time -Wformat-security -Wimplicit-fallthrough=5 -Winit-self -Wlogical-op -Wmissing-prototypes -Wnested-externs -Wold-style-definition -Wtrampolines -Wundef -Wwrite-strings -Werror   -Os -Wall -Wextra -MT libstrace_a-copy_file_range.o -MD -MP -MF .deps/libstrace_a-copy_file_range.Tpo -c -o libstrace_a-copy_file_range.o `test -f 'copy_file_range.c' || echo '/home/user/nx679j-stock/experiments/refs/strace-7.2/src/'`copy_file_range.c
mv -f .deps/libstrace_a-capability.Tpo .deps/libstrace_a-capability.Po
aarch64-linux-gnu-gcc -DHAVE_CONFIG_H   -I./linux/aarch64 -I/home/user/nx679j-stock/experiments/refs/strace-7.2/src/linux/aarch64 -I./linux/generic -I/home/user/nx679j-stock/experiments/refs/strace-7.2/src/linux/generic -I. -I/home/user/nx679j-stock/experiments/refs/strace-7.2/src -isystem /home/user/nx679j-stock/experiments/refs/strace-7.2/bundled/linux/arch/arm64/include/uapi -isystem /home/user/nx679j-stock/experiments/refs/strace-7.2/bundled/linux/include/uapi -DIN_STRACE=1      -isystem /home/user/nx679j-stock/experiments/refs/strace-7.2/bundled/linux/arch/arm64/include/uapi -isystem /home/user/nx679j-stock/experiments/refs/strace-7.2/bundled/linux/include/uapi -Wall -Wextra -Wno-missing-field-initializers -Wno-unused-parameter -Wdate-time -Wformat-security -Wimplicit-fallthrough=5 -Winit-self -Wlogical-op -Wmissing-prototypes -Wnested-externs -Wold-style-definition -Wtrampolines -Wundef -Wwrite-strings -Werror   -Os -Wall -Wextra -MT libstrace_a-count.o -MD -MP -MF .deps/libstrace_a-count.Tpo -c -o libstrace_a-count.o `test -f 'count.c' || echo '/home/user/nx679j-stock/experiments/refs/strace-7.2/src/'`count.c
mv -f .deps/libstrace_a-close_range.Tpo .deps/libstrace_a-close_range.Po
aarch64-linux-gnu-gcc -DHAVE_CONFIG_H   -I./linux/aarch64 -I/home/user/nx679j-stock/experiments/refs/strace-7.2/src/linux/aarch64 -I./linux/generic -I/home/user/nx679j-stock/experiments/refs/strace-7.2/src/linux/generic -I. -I/home/user/nx679j-stock/experiments/refs/strace-7.2/src -isystem /home/user/nx679j-stock/experiments/refs/strace-7.2/bundled/linux/arch/arm64/include/uapi -isystem /home/user/nx679j-stock/experiments/refs/strace-7.2/bundled/linux/include/uapi -DIN_STRACE=1      -isystem /home/user/nx679j-stock/experiments/refs/strace-7.2/bundled/linux/arch/arm64/include/uapi -isystem /home/user/nx679j-stock/experiments/refs/strace-7.2/bundled/linux/include/uapi -Wall -Wextra -Wno-missing-field-initializers -Wno-unused-parameter -Wdate-time -Wformat-security -Wimplicit-fallthrough=5 -Winit-self -Wlogical-op -Wmissing-prototypes -Wnested-externs -Wold-style-definition -Wtrampolines -Wundef -Wwrite-strings -Werror   -Os -Wall -Wextra -MT libstrace_a-counter_ioctl.o -MD -MP -MF .deps/libstrace_a-counter_ioctl.Tpo -c -o libstrace_a-counter_ioctl.o `test -f 'counter_ioctl.c' || echo '/home/user/nx679j-stock/experiments/refs/strace-7.2/src/'`counter_ioctl.c
mv -f .deps/libstrace_a-copy_file_range.Tpo .deps/libstrace_a-copy_file_range.Po
aarch64-linux-gnu-gcc -DHAVE_CONFIG_H   -I./linux/aarch64 -I/home/user/nx679j-stock/experiments/refs/strace-7.2/src/linux/aarch64 -I./linux/generic -I/home/user/nx679j-stock/experiments/refs/strace-7.2/src/linux/generic -I. -I/home/user/nx679j-stock/experiments/refs/strace-7.2/src -isystem /home/user/nx679j-stock/experiments/refs/strace-7.2/bundled/linux/arch/arm64/include/uapi -isystem /home/user/nx679j-stock/experiments/refs/strace-7.2/bundled/linux/include/uapi -DIN_STRACE=1      -isystem /home/user/nx679j-stock/experiments/refs/strace-7.2/bundled/linux/arch/arm64/include/uapi -isystem /home/user/nx679j-stock/experiments/refs/strace-7.2/bundled/linux/include/uapi -Wall -Wextra -Wno-missing-field-initializers -Wno-unused-parameter -Wdate-time -Wformat-security -Wimplicit-fallthrough=5 -Winit-self -Wlogical-op -Wmissing-prototypes -Wnested-externs -Wold-style-definition -Wtrampolines -Wundef -Wwrite-strings -Werror   -Os -Wall -Wextra -MT libstrace_a-delay.o -MD -MP -MF .deps/libstrace_a-delay.Tpo -c -o libstrace_a-delay.o `test -f 'delay.c' || echo '/home/user/nx679j-stock/experiments/refs/strace-7.2/src/'`delay.c
mv -f .deps/libstrace_a-counter_ioctl.Tpo .deps/libstrace_a-counter_ioctl.Po
aarch64-linux-gnu-gcc -DHAVE_CONFIG_H   -I./linux/aarch64 -I/home/user/nx679j-stock/experiments/refs/strace-7.2/src/linux/aarch64 -I./linux/generic -I/home/user/nx679j-stock/experiments/refs/strace-7.2/src/linux/generic -I. -I/home/user/nx679j-stock/experiments/refs/strace-7.2/src -isystem /home/user/nx679j-stock/experiments/refs/strace-7.2/bundled/linux/arch/arm64/include/uapi -isystem /home/user/nx679j-stock/experiments/refs/strace-7.2/bundled/linux/include/uapi -DIN_STRACE=1      -isystem /home/user/nx679j-stock/experiments/refs/strace-7.2/bundled/linux/arch/arm64/include/uapi -isystem /home/user/nx679j-stock/experiments/refs/strace-7.2/bundled/linux/include/uapi -Wall -Wextra -Wno-missing-field-initializers -Wno-unused-parameter -Wdate-time -Wformat-security -Wimplicit-fallthrough=5 -Winit-self -Wlogical-op -Wmissing-prototypes -Wnested-externs -Wold-style-definition -Wtrampolines -Wundef -Wwrite-strings -Werror   -Os -Wall -Wextra -MT libstrace_a-desc.o -MD -MP -MF .deps/libstrace_a-desc.Tpo -c -o libstrace_a-desc.o `test -f 'desc.c' || echo '/home/user/nx679j-stock/experiments/refs/strace-7.2/src/'`desc.c
mv -f .deps/libstrace_a-color.Tpo .deps/libstrace_a-color.Po
aarch64-linux-gnu-gcc -DHAVE_CONFIG_H   -I./linux/aarch64 -I/home/user/nx679j-stock/experiments/refs/strace-7.2/src/linux/aarch64 -I./linux/generic -I/home/user/nx679j-stock/experiments/refs/strace-7.2/src/linux/generic -I. -I/home/user/nx679j-stock/experiments/refs/strace-7.2/src -isystem /home/user/nx679j-stock/experiments/refs/strace-7.2/bundled/linux/arch/arm64/include/uapi -isystem /home/user/nx679j-stock/experiments/refs/strace-7.2/bundled/linux/include/uapi -DIN_STRACE=1      -isystem /home/user/nx679j-stock/experiments/refs/strace-7.2/bundled/linux/arch/arm64/include/uapi -isystem /home/user/nx679j-stock/experiments/refs/strace-7.2/bundled/linux/include/uapi -Wall -Wextra -Wno-missing-field-initializers -Wno-unused-parameter -Wdate-time -Wformat-security -Wimplicit-fallthrough=5 -Winit-self -Wlogical-op -Wmissing-prototypes -Wnested-externs -Wold-style-definition -Wtrampolines -Wundef -Wwrite-strings -Werror   -Os -Wall -Wextra -MT libstrace_a-dirent.o -MD -MP -MF .deps/libstrace_a-dirent.Tpo -c -o libstrace_a-dirent.o `test -f 'dirent.c' || echo '/home/user/nx679j-stock/experiments/refs/strace-7.2/src/'`dirent.c
mv -f .deps/libstrace_a-clone.Tpo .deps/libstrace_a-clone.Po
aarch64-linux-gnu-gcc -DHAVE_CONFIG_H   -I./linux/aarch64 -I/home/user/nx679j-stock/experiments/refs/strace-7.2/src/linux/aarch64 -I./linux/generic -I/home/user/nx679j-stock/experiments/refs/strace-7.2/src/linux/generic -I. -I/home/user/nx679j-stock/experiments/refs/strace-7.2/src -isystem /home/user/nx679j-stock/experiments/refs/strace-7.2/bundled/linux/arch/arm64/include/uapi -isystem /home/user/nx679j-stock/experiments/refs/strace-7.2/bundled/linux/include/uapi -DIN_STRACE=1      -isystem /home/user/nx679j-stock/experiments/refs/strace-7.2/bundled/linux/arch/arm64/include/uapi -isystem /home/user/nx679j-stock/experiments/refs/strace-7.2/bundled/linux/include/uapi -Wall -Wextra -Wno-missing-field-initializers -Wno-unused-parameter -Wdate-time -Wformat-security -Wimplicit-fallthrough=5 -Winit-self -Wlogical-op -Wmissing-prototypes -Wnested-externs -Wold-style-definition -Wtrampolines -Wundef -Wwrite-strings -Werror   -Os -Wall -Wextra -MT libstrace_a-dirent64.o -MD -MP -MF .deps/libstrace_a-dirent64.Tpo -c -o libstrace_a-dirent64.o `test -f 'dirent64.c' || echo '/home/user/nx679j-stock/experiments/refs/strace-7.2/src/'`dirent64.c
mv -f .deps/libstrace_a-delay.Tpo .deps/libstrace_a-delay.Po
aarch64-linux-gnu-gcc -DHAVE_CONFIG_H   -I./linux/aarch64 -I/home/user/nx679j-stock/experiments/refs/strace-7.2/src/linux/aarch64 -I./linux/generic -I/home/user/nx679j-stock/experiments/refs/strace-7.2/src/linux/generic -I. -I/home/user/nx679j-stock/experiments/refs/strace-7.2/src -isystem /home/user/nx679j-stock/experiments/refs/strace-7.2/bundled/linux/arch/arm64/include/uapi -isystem /home/user/nx679j-stock/experiments/refs/strace-7.2/bundled/linux/include/uapi -DIN_STRACE=1      -isystem /home/user/nx679j-stock/experiments/refs/strace-7.2/bundled/linux/arch/arm64/include/uapi -isystem /home/user/nx679j-stock/experiments/refs/strace-7.2/bundled/linux/include/uapi -Wall -Wextra -Wno-missing-field-initializers -Wno-unused-parameter -Wdate-time -Wformat-security -Wimplicit-fallthrough=5 -Winit-self -Wlogical-op -Wmissing-prototypes -Wnested-externs -Wold-style-definition -Wtrampolines -Wundef -Wwrite-strings -Werror   -Os -Wall -Wextra -MT libstrace_a-dirent_types.o -MD -MP -MF .deps/libstrace_a-dirent_types.Tpo -c -o libstrace_a-dirent_types.o `test -f 'dirent_types.c' || echo '/home/user/nx679j-stock/experiments/refs/strace-7.2/src/'`dirent_types.c
mv -f .deps/libstrace_a-dirent.Tpo .deps/libstrace_a-dirent.Po
aarch64-linux-gnu-gcc -DHAVE_CONFIG_H   -I./linux/aarch64 -I/home/user/nx679j-stock/experiments/refs/strace-7.2/src/linux/aarch64 -I./linux/generic -I/home/user/nx679j-stock/experiments/refs/strace-7.2/src/linux/generic -I. -I/home/user/nx679j-stock/experiments/refs/strace-7.2/src -isystem /home/user/nx679j-stock/experiments/refs/strace-7.2/bundled/linux/arch/arm64/include/uapi -isystem /home/user/nx679j-stock/experiments/refs/strace-7.2/bundled/linux/include/uapi -DIN_STRACE=1      -isystem /home/user/nx679j-stock/experiments/refs/strace-7.2/bundled/linux/arch/arm64/include/uapi -isystem /home/user/nx679j-stock/experiments/refs/strace-7.2/bundled/linux/include/uapi -Wall -Wextra -Wno-missing-field-initializers -Wno-unused-parameter -Wdate-time -Wformat-security -Wimplicit-fallthrough=5 -Winit-self -Wlogical-op -Wmissing-prototypes -Wnested-externs -Wold-style-definition -Wtrampolines -Wundef -Wwrite-strings -Werror   -Os -Wall -Wextra -MT libstrace_a-dm.o -MD -MP -MF .deps/libstrace_a-dm.Tpo -c -o libstrace_a-dm.o `test -f 'dm.c' || echo '/home/user/nx679j-stock/experiments/refs/strace-7.2/src/'`dm.c
mv -f .deps/libstrace_a-dirent64.Tpo .deps/libstrace_a-dirent64.Po
aarch64-linux-gnu-gcc -DHAVE_CONFIG_H   -I./linux/aarch64 -I/home/user/nx679j-stock/experiments/refs/strace-7.2/src/linux/aarch64 -I./linux/generic -I/home/user/nx679j-stock/experiments/refs/strace-7.2/src/linux/generic -I. -I/home/user/nx679j-stock/experiments/refs/strace-7.2/src -isystem /home/user/nx679j-stock/experiments/refs/strace-7.2/bundled/linux/arch/arm64/include/uapi -isystem /home/user/nx679j-stock/experiments/refs/strace-7.2/bundled/linux/include/uapi -DIN_STRACE=1      -isystem /home/user/nx679j-stock/experiments/refs/strace-7.2/bundled/linux/arch/arm64/include/uapi -isystem /home/user/nx679j-stock/experiments/refs/strace-7.2/bundled/linux/include/uapi -Wall -Wextra -Wno-missing-field-initializers -Wno-unused-parameter -Wdate-time -Wformat-security -Wimplicit-fallthrough=5 -Winit-self -Wlogical-op -Wmissing-prototypes -Wnested-externs -Wold-style-definition -Wtrampolines -Wundef -Wwrite-strings -Werror   -Os -Wall -Wextra -MT libstrace_a-dup.o -MD -MP -MF .deps/libstrace_a-dup.Tpo -c -o libstrace_a-dup.o `test -f 'dup.c' || echo '/home/user/nx679j-stock/experiments/refs/strace-7.2/src/'`dup.c
mv -f .deps/libstrace_a-dirent_types.Tpo .deps/libstrace_a-dirent_types.Po
aarch64-linux-gnu-gcc -DHAVE_CONFIG_H   -I./linux/aarch64 -I/home/user/nx679j-stock/experiments/refs/strace-7.2/src/linux/aarch64 -I./linux/generic -I/home/user/nx679j-stock/experiments/refs/strace-7.2/src/linux/generic -I. -I/home/user/nx679j-stock/experiments/refs/strace-7.2/src -isystem /home/user/nx679j-stock/experiments/refs/strace-7.2/bundled/linux/arch/arm64/include/uapi -isystem /home/user/nx679j-stock/experiments/refs/strace-7.2/bundled/linux/include/uapi -DIN_STRACE=1      -isystem /home/user/nx679j-stock/experiments/refs/strace-7.2/bundled/linux/arch/arm64/include/uapi -isystem /home/user/nx679j-stock/experiments/refs/strace-7.2/bundled/linux/include/uapi -Wall -Wextra -Wno-missing-field-initializers -Wno-unused-parameter -Wdate-time -Wformat-security -Wimplicit-fallthrough=5 -Winit-self -Wlogical-op -Wmissing-prototypes -Wnested-externs -Wold-style-definition -Wtrampolines -Wundef -Wwrite-strings -Werror   -Os -Wall -Wextra -MT libstrace_a-dyxlat.o -MD -MP -MF .deps/libstrace_a-dyxlat.Tpo -c -o libstrace_a-dyxlat.o `test -f 'dyxlat.c' || echo '/home/user/nx679j-stock/experiments/refs/strace-7.2/src/'`dyxlat.c
mv -f .deps/libstrace_a-desc.Tpo .deps/libstrace_a-desc.Po
aarch64-linux-gnu-gcc -DHAVE_CONFIG_H   -I./linux/aarch64 -I/home/user/nx679j-stock/experiments/refs/strace-7.2/src/linux/aarch64 -I./linux/generic -I/home/user/nx679j-stock/experiments/refs/strace-7.2/src/linux/generic -I. -I/home/user/nx679j-stock/experiments/refs/strace-7.2/src -isystem /home/user/nx679j-stock/experiments/refs/strace-7.2/bundled/linux/arch/arm64/include/uapi -isystem /home/user/nx679j-stock/experiments/refs/strace-7.2/bundled/linux/include/uapi -DIN_STRACE=1      -isystem /home/user/nx679j-stock/experiments/refs/strace-7.2/bundled/linux/arch/arm64/include/uapi -isystem /home/user/nx679j-stock/experiments/refs/strace-7.2/bundled/linux/include/uapi -Wall -Wextra -Wno-missing-field-initializers -Wno-unused-parameter -Wdate-time -Wformat-security -Wimplicit-fallthrough=5 -Winit-self -Wlogical-op -Wmissing-prototypes -Wnested-externs -Wold-style-definition -Wtrampolines -Wundef -Wwrite-strings -Werror   -Os -Wall -Wextra -MT libstrace_a-epoll.o -MD -MP -MF .deps/libstrace_a-epoll.Tpo -c -o libstrace_a-epoll.o `test -f 'epoll.c' || echo '/home/user/nx679j-stock/experiments/refs/strace-7.2/src/'`epoll.c
mv -f .deps/libstrace_a-dyxlat.Tpo .deps/libstrace_a-dyxlat.Po
aarch64-linux-gnu-gcc -DHAVE_CONFIG_H   -I./linux/aarch64 -I/home/user/nx679j-stock/experiments/refs/strace-7.2/src/linux/aarch64 -I./linux/generic -I/home/user/nx679j-stock/experiments/refs/strace-7.2/src/linux/generic -I. -I/home/user/nx679j-stock/experiments/refs/strace-7.2/src -isystem /home/user/nx679j-stock/experiments/refs/strace-7.2/bundled/linux/arch/arm64/include/uapi -isystem /home/user/nx679j-stock/experiments/refs/strace-7.2/bundled/linux/include/uapi -DIN_STRACE=1      -isystem /home/user/nx679j-stock/experiments/refs/strace-7.2/bundled/linux/arch/arm64/include/uapi -isystem /home/user/nx679j-stock/experiments/refs/strace-7.2/bundled/linux/include/uapi -Wall -Wextra -Wno-missing-field-initializers -Wno-unused-parameter -Wdate-time -Wformat-security -Wimplicit-fallthrough=5 -Winit-self -Wlogical-op -Wmissing-prototypes -Wnested-externs -Wold-style-definition -Wtrampolines -Wundef -Wwrite-strings -Werror   -Os -Wall -Wextra -MT libstrace_a-epoll_ioctl.o -MD -MP -MF .deps/libstrace_a-epoll_ioctl.Tpo -c -o libstrace_a-epoll_ioctl.o `test -f 'epoll_ioctl.c' || echo '/home/user/nx679j-stock/experiments/refs/strace-7.2/src/'`epoll_ioctl.c
mv -f .deps/libstrace_a-dup.Tpo .deps/libstrace_a-dup.Po
aarch64-linux-gnu-gcc -DHAVE_CONFIG_H   -I./linux/aarch64 -I/home/user/nx679j-stock/experiments/refs/strace-7.2/src/linux/aarch64 -I./linux/generic -I/home/user/nx679j-stock/experiments/refs/strace-7.2/src/linux/generic -I. -I/home/user/nx679j-stock/experiments/refs/strace-7.2/src -isystem /home/user/nx679j-stock/experiments/refs/strace-7.2/bundled/linux/arch/arm64/include/uapi -isystem /home/user/nx679j-stock/experiments/refs/strace-7.2/bundled/linux/include/uapi -DIN_STRACE=1      -isystem /home/user/nx679j-stock/experiments/refs/strace-7.2/bundled/linux/arch/arm64/include/uapi -isystem /home/user/nx679j-stock/experiments/refs/strace-7.2/bundled/linux/include/uapi -Wall -Wextra -Wno-missing-field-initializers -Wno-unused-parameter -Wdate-time -Wformat-security -Wimplicit-fallthrough=5 -Winit-self -Wlogical-op -Wmissing-prototypes -Wnested-externs -Wold-style-definition -Wtrampolines -Wundef -Wwrite-strings -Werror   -Os -Wall -Wextra -MT libstrace_a-error_prints.o -MD -MP -MF .deps/libstrace_a-error_prints.Tpo -c -o libstrace_a-error_prints.o `test -f 'error_prints.c' || echo '/home/user/nx679j-stock/experiments/refs/strace-7.2/src/'`error_prints.c
mv -f .deps/libstrace_a-epoll.Tpo .deps/libstrace_a-epoll.Po
aarch64-linux-gnu-gcc -DHAVE_CONFIG_H   -I./linux/aarch64 -I/home/user/nx679j-stock/experiments/refs/strace-7.2/src/linux/aarch64 -I./linux/generic -I/home/user/nx679j-stock/experiments/refs/strace-7.2/src/linux/generic -I. -I/home/user/nx679j-stock/experiments/refs/strace-7.2/src -isystem /home/user/nx679j-stock/experiments/refs/strace-7.2/bundled/linux/arch/arm64/include/uapi -isystem /home/user/nx679j-stock/experiments/refs/strace-7.2/bundled/linux/include/uapi -DIN_STRACE=1      -isystem /home/user/nx679j-stock/experiments/refs/strace-7.2/bundled/linux/arch/arm64/include/uapi -isystem /home/user/nx679j-stock/experiments/refs/strace-7.2/bundled/linux/include/uapi -Wall -Wextra -Wno-missing-field-initializers -Wno-unused-parameter -Wdate-time -Wformat-security -Wimplicit-fallthrough=5 -Winit-self -Wlogical-op -Wmissing-prototypes -Wnested-externs -Wold-style-definition -Wtrampolines -Wundef -Wwrite-strings -Werror   -Os -Wall -Wextra -MT libstrace_a-evdev.o -MD -MP -MF .deps/libstrace_a-evdev.Tpo -c -o libstrace_a-evdev.o `test -f 'evdev.c' || echo '/home/user/nx679j-stock/experiments/refs/strace-7.2/src/'`evdev.c
mv -f .deps/libstrace_a-dm.Tpo .deps/libstrace_a-dm.Po
aarch64-linux-gnu-gcc -DHAVE_CONFIG_H   -I./linux/aarch64 -I/home/user/nx679j-stock/experiments/refs/strace-7.2/src/linux/aarch64 -I./linux/generic -I/home/user/nx679j-stock/experiments/refs/strace-7.2/src/linux/generic -I. -I/home/user/nx679j-stock/experiments/refs/strace-7.2/src -isystem /home/user/nx679j-stock/experiments/refs/strace-7.2/bundled/linux/arch/arm64/include/uapi -isystem /home/user/nx679j-stock/experiments/refs/strace-7.2/bundled/linux/include/uapi -DIN_STRACE=1      -isystem /home/user/nx679j-stock/experiments/refs/strace-7.2/bundled/linux/arch/arm64/include/uapi -isystem /home/user/nx679j-stock/experiments/refs/strace-7.2/bundled/linux/include/uapi -Wall -Wextra -Wno-missing-field-initializers -Wno-unused-parameter -Wdate-time -Wformat-security -Wimplicit-fallthrough=5 -Winit-self -Wlogical-op -Wmissing-prototypes -Wnested-externs -Wold-style-definition -Wtrampolines -Wundef -Wwrite-strings -Werror   -Os -Wall -Wextra -MT libstrace_a-evdev_mpers.o -MD -MP -MF .deps/libstrace_a-evdev_mpers.Tpo -c -o libstrace_a-evdev_mpers.o `test -f 'evdev_mpers.c' || echo '/home/user/nx679j-stock/experiments/refs/strace-7.2/src/'`evdev_mpers.c
mv -f .deps/libstrace_a-error_prints.Tpo .deps/libstrace_a-error_prints.Po
aarch64-linux-gnu-gcc -DHAVE_CONFIG_H   -I./linux/aarch64 -I/home/user/nx679j-stock/experiments/refs/strace-7.2/src/linux/aarch64 -I./linux/generic -I/home/user/nx679j-stock/experiments/refs/strace-7.2/src/linux/generic -I. -I/home/user/nx679j-stock/experiments/refs/strace-7.2/src -isystem /home/user/nx679j-stock/experiments/refs/strace-7.2/bundled/linux/arch/arm64/include/uapi -isystem /home/user/nx679j-stock/experiments/refs/strace-7.2/bundled/linux/include/uapi -DIN_STRACE=1      -isystem /home/user/nx679j-stock/experiments/refs/strace-7.2/bundled/linux/arch/arm64/include/uapi -isystem /home/user/nx679j-stock/experiments/refs/strace-7.2/bundled/linux/include/uapi -Wall -Wextra -Wno-missing-field-initializers -Wno-unused-parameter -Wdate-time -Wformat-security -Wimplicit-fallthrough=5 -Winit-self -Wlogical-op -Wmissing-prototypes -Wnested-externs -Wold-style-definition -Wtrampolines -Wundef -Wwrite-strings -Werror   -Os -Wall -Wextra -MT libstrace_a-eventfd.o -MD -MP -MF .deps/libstrace_a-eventfd.Tpo -c -o libstrace_a-eventfd.o `test -f 'eventfd.c' || echo '/home/user/nx679j-stock/experiments/refs/strace-7.2/src/'`eventfd.c
mv -f .deps/libstrace_a-epoll_ioctl.Tpo .deps/libstrace_a-epoll_ioctl.Po
aarch64-linux-gnu-gcc -DHAVE_CONFIG_H   -I./linux/aarch64 -I/home/user/nx679j-stock/experiments/refs/strace-7.2/src/linux/aarch64 -I./linux/generic -I/home/user/nx679j-stock/experiments/refs/strace-7.2/src/linux/generic -I. -I/home/user/nx679j-stock/experiments/refs/strace-7.2/src -isystem /home/user/nx679j-stock/experiments/refs/strace-7.2/bundled/linux/arch/arm64/include/uapi -isystem /home/user/nx679j-stock/experiments/refs/strace-7.2/bundled/linux/include/uapi -DIN_STRACE=1      -isystem /home/user/nx679j-stock/experiments/refs/strace-7.2/bundled/linux/arch/arm64/include/uapi -isystem /home/user/nx679j-stock/experiments/refs/strace-7.2/bundled/linux/include/uapi -Wall -Wextra -Wno-missing-field-initializers -Wno-unused-parameter -Wdate-time -Wformat-security -Wimplicit-fallthrough=5 -Winit-self -Wlogical-op -Wmissing-prototypes -Wnested-externs -Wold-style-definition -Wtrampolines -Wundef -Wwrite-strings -Werror   -Os -Wall -Wextra -MT libstrace_a-execve.o -MD -MP -MF .deps/libstrace_a-execve.Tpo -c -o libstrace_a-execve.o `test -f 'execve.c' || echo '/home/user/nx679j-stock/experiments/refs/strace-7.2/src/'`execve.c
mv -f .deps/libstrace_a-count.Tpo .deps/libstrace_a-count.Po
aarch64-linux-gnu-gcc -DHAVE_CONFIG_H   -I./linux/aarch64 -I/home/user/nx679j-stock/experiments/refs/strace-7.2/src/linux/aarch64 -I./linux/generic -I/home/user/nx679j-stock/experiments/refs/strace-7.2/src/linux/generic -I. -I/home/user/nx679j-stock/experiments/refs/strace-7.2/src -isystem /home/user/nx679j-stock/experiments/refs/strace-7.2/bundled/linux/arch/arm64/include/uapi -isystem /home/user/nx679j-stock/experiments/refs/strace-7.2/bundled/linux/include/uapi -DIN_STRACE=1      -isystem /home/user/nx679j-stock/experiments/refs/strace-7.2/bundled/linux/arch/arm64/include/uapi -isystem /home/user/nx679j-stock/experiments/refs/strace-7.2/bundled/linux/include/uapi -Wall -Wextra -Wno-missing-field-initializers -Wno-unused-parameter -Wdate-time -Wformat-security -Wimplicit-fallthrough=5 -Winit-self -Wlogical-op -Wmissing-prototypes -Wnested-externs -Wold-style-definition -Wtrampolines -Wundef -Wwrite-strings -Werror   -Os -Wall -Wextra -MT libstrace_a-exit.o -MD -MP -MF .deps/libstrace_a-exit.Tpo -c -o libstrace_a-exit.o `test -f 'exit.c' || echo '/home/user/nx679j-stock/experiments/refs/strace-7.2/src/'`exit.c
mv -f .deps/libstrace_a-btrfs.Tpo .deps/libstrace_a-btrfs.Po
aarch64-linux-gnu-gcc -DHAVE_CONFIG_H   -I./linux/aarch64 -I/home/user/nx679j-stock/experiments/refs/strace-7.2/src/linux/aarch64 -I./linux/generic -I/home/user/nx679j-stock/experiments/refs/strace-7.2/src/linux/generic -I. -I/home/user/nx679j-stock/experiments/refs/strace-7.2/src -isystem /home/user/nx679j-stock/experiments/refs/strace-7.2/bundled/linux/arch/arm64/include/uapi -isystem /home/user/nx679j-stock/experiments/refs/strace-7.2/bundled/linux/include/uapi -DIN_STRACE=1      -isystem /home/user/nx679j-stock/experiments/refs/strace-7.2/bundled/linux/arch/arm64/include/uapi -isystem /home/user/nx679j-stock/experiments/refs/strace-7.2/bundled/linux/include/uapi -Wall -Wextra -Wno-missing-field-initializers -Wno-unused-parameter -Wdate-time -Wformat-security -Wimplicit-fallthrough=5 -Winit-self -Wlogical-op -Wmissing-prototypes -Wnested-externs -Wold-style-definition -Wtrampolines -Wundef -Wwrite-strings -Werror   -Os -Wall -Wextra -MT libstrace_a-exitkill.o -MD -MP -MF .deps/libstrace_a-exitkill.Tpo -c -o libstrace_a-exitkill.o `test -f 'exitkill.c' || echo '/home/user/nx679j-stock/experiments/refs/strace-7.2/src/'`exitkill.c
mv -f .deps/libstrace_a-eventfd.Tpo .deps/libstrace_a-eventfd.Po
aarch64-linux-gnu-gcc -DHAVE_CONFIG_H   -I./linux/aarch64 -I/home/user/nx679j-stock/experiments/refs/strace-7.2/src/linux/aarch64 -I./linux/generic -I/home/user/nx679j-stock/experiments/refs/strace-7.2/src/linux/generic -I. -I/home/user/nx679j-stock/experiments/refs/strace-7.2/src -isystem /home/user/nx679j-stock/experiments/refs/strace-7.2/bundled/linux/arch/arm64/include/uapi -isystem /home/user/nx679j-stock/experiments/refs/strace-7.2/bundled/linux/include/uapi -DIN_STRACE=1      -isystem /home/user/nx679j-stock/experiments/refs/strace-7.2/bundled/linux/arch/arm64/include/uapi -isystem /home/user/nx679j-stock/experiments/refs/strace-7.2/bundled/linux/include/uapi -Wall -Wextra -Wno-missing-field-initializers -Wno-unused-parameter -Wdate-time -Wformat-security -Wimplicit-fallthrough=5 -Winit-self -Wlogical-op -Wmissing-prototypes -Wnested-externs -Wold-style-definition -Wtrampolines -Wundef -Wwrite-strings -Werror   -Os -Wall -Wextra -MT libstrace_a-fadvise.o -MD -MP -MF .deps/libstrace_a-fadvise.Tpo -c -o libstrace_a-fadvise.o `test -f 'fadvise.c' || echo '/home/user/nx679j-stock/experiments/refs/strace-7.2/src/'`fadvise.c
mv -f .deps/libstrace_a-bpf.Tpo .deps/libstrace_a-bpf.Po
aarch64-linux-gnu-gcc -DHAVE_CONFIG_H   -I./linux/aarch64 -I/home/user/nx679j-stock/experiments/refs/strace-7.2/src/linux/aarch64 -I./linux/generic -I/home/user/nx679j-stock/experiments/refs/strace-7.2/src/linux/generic -I. -I/home/user/nx679j-stock/experiments/refs/strace-7.2/src -isystem /home/user/nx679j-stock/experiments/refs/strace-7.2/bundled/linux/arch/arm64/include/uapi -isystem /home/user/nx679j-stock/experiments/refs/strace-7.2/bundled/linux/include/uapi -DIN_STRACE=1      -isystem /home/user/nx679j-stock/experiments/refs/strace-7.2/bundled/linux/arch/arm64/include/uapi -isystem /home/user/nx679j-stock/experiments/refs/strace-7.2/bundled/linux/include/uapi -Wall -Wextra -Wno-missing-field-initializers -Wno-unused-parameter -Wdate-time -Wformat-security -Wimplicit-fallthrough=5 -Winit-self -Wlogical-op -Wmissing-prototypes -Wnested-externs -Wold-style-definition -Wtrampolines -Wundef -Wwrite-strings -Werror   -Os -Wall -Wextra -MT libstrace_a-fallocate.o -MD -MP -MF .deps/libstrace_a-fallocate.Tpo -c -o libstrace_a-fallocate.o `test -f 'fallocate.c' || echo '/home/user/nx679j-stock/experiments/refs/strace-7.2/src/'`fallocate.c
mv -f .deps/libstrace_a-exit.Tpo .deps/libstrace_a-exit.Po
aarch64-linux-gnu-gcc -DHAVE_CONFIG_H   -I./linux/aarch64 -I/home/user/nx679j-stock/experiments/refs/strace-7.2/src/linux/aarch64 -I./linux/generic -I/home/user/nx679j-stock/experiments/refs/strace-7.2/src/linux/generic -I. -I/home/user/nx679j-stock/experiments/refs/strace-7.2/src -isystem /home/user/nx679j-stock/experiments/refs/strace-7.2/bundled/linux/arch/arm64/include/uapi -isystem /home/user/nx679j-stock/experiments/refs/strace-7.2/bundled/linux/include/uapi -DIN_STRACE=1      -isystem /home/user/nx679j-stock/experiments/refs/strace-7.2/bundled/linux/arch/arm64/include/uapi -isystem /home/user/nx679j-stock/experiments/refs/strace-7.2/bundled/linux/include/uapi -Wall -Wextra -Wno-missing-field-initializers -Wno-unused-parameter -Wdate-time -Wformat-security -Wimplicit-fallthrough=5 -Winit-self -Wlogical-op -Wmissing-prototypes -Wnested-externs -Wold-style-definition -Wtrampolines -Wundef -Wwrite-strings -Werror   -Os -Wall -Wextra -MT libstrace_a-fanotify.o -MD -MP -MF .deps/libstrace_a-fanotify.Tpo -c -o libstrace_a-fanotify.o `test -f 'fanotify.c' || echo '/home/user/nx679j-stock/experiments/refs/strace-7.2/src/'`fanotify.c
mv -f .deps/libstrace_a-evdev_mpers.Tpo .deps/libstrace_a-evdev_mpers.Po
aarch64-linux-gnu-gcc -DHAVE_CONFIG_H   -I./linux/aarch64 -I/home/user/nx679j-stock/experiments/refs/strace-7.2/src/linux/aarch64 -I./linux/generic -I/home/user/nx679j-stock/experiments/refs/strace-7.2/src/linux/generic -I. -I/home/user/nx679j-stock/experiments/refs/strace-7.2/src -isystem /home/user/nx679j-stock/experiments/refs/strace-7.2/bundled/linux/arch/arm64/include/uapi -isystem /home/user/nx679j-stock/experiments/refs/strace-7.2/bundled/linux/include/uapi -DIN_STRACE=1      -isystem /home/user/nx679j-stock/experiments/refs/strace-7.2/bundled/linux/arch/arm64/include/uapi -isystem /home/user/nx679j-stock/experiments/refs/strace-7.2/bundled/linux/include/uapi -Wall -Wextra -Wno-missing-field-initializers -Wno-unused-parameter -Wdate-time -Wformat-security -Wimplicit-fallthrough=5 -Winit-self -Wlogical-op -Wmissing-prototypes -Wnested-externs -Wold-style-definition -Wtrampolines -Wundef -Wwrite-strings -Werror   -Os -Wall -Wextra -MT libstrace_a-fchownat.o -MD -MP -MF .deps/libstrace_a-fchownat.Tpo -c -o libstrace_a-fchownat.o `test -f 'fchownat.c' || echo '/home/user/nx679j-stock/experiments/refs/strace-7.2/src/'`fchownat.c
mv -f .deps/libstrace_a-exitkill.Tpo .deps/libstrace_a-exitkill.Po
aarch64-linux-gnu-gcc -DHAVE_CONFIG_H   -I./linux/aarch64 -I/home/user/nx679j-stock/experiments/refs/strace-7.2/src/linux/aarch64 -I./linux/generic -I/home/user/nx679j-stock/experiments/refs/strace-7.2/src/linux/generic -I. -I/home/user/nx679j-stock/experiments/refs/strace-7.2/src -isystem /home/user/nx679j-stock/experiments/refs/strace-7.2/bundled/linux/arch/arm64/include/uapi -isystem /home/user/nx679j-stock/experiments/refs/strace-7.2/bundled/linux/include/uapi -DIN_STRACE=1      -isystem /home/user/nx679j-stock/experiments/refs/strace-7.2/bundled/linux/arch/arm64/include/uapi -isystem /home/user/nx679j-stock/experiments/refs/strace-7.2/bundled/linux/include/uapi -Wall -Wextra -Wno-missing-field-initializers -Wno-unused-parameter -Wdate-time -Wformat-security -Wimplicit-fallthrough=5 -Winit-self -Wlogical-op -Wmissing-prototypes -Wnested-externs -Wold-style-definition -Wtrampolines -Wundef -Wwrite-strings -Werror   -Os -Wall -Wextra -MT libstrace_a-fcntl.o -MD -MP -MF .deps/libstrace_a-fcntl.Tpo -c -o libstrace_a-fcntl.o `test -f 'fcntl.c' || echo '/home/user/nx679j-stock/experiments/refs/strace-7.2/src/'`fcntl.c
mv -f .deps/libstrace_a-fadvise.Tpo .deps/libstrace_a-fadvise.Po
aarch64-linux-gnu-gcc -DHAVE_CONFIG_H   -I./linux/aarch64 -I/home/user/nx679j-stock/experiments/refs/strace-7.2/src/linux/aarch64 -I./linux/generic -I/home/user/nx679j-stock/experiments/refs/strace-7.2/src/linux/generic -I. -I/home/user/nx679j-stock/experiments/refs/strace-7.2/src -isystem /home/user/nx679j-stock/experiments/refs/strace-7.2/bundled/linux/arch/arm64/include/uapi -isystem /home/user/nx679j-stock/experiments/refs/strace-7.2/bundled/linux/include/uapi -DIN_STRACE=1      -isystem /home/user/nx679j-stock/experiments/refs/strace-7.2/bundled/linux/arch/arm64/include/uapi -isystem /home/user/nx679j-stock/experiments/refs/strace-7.2/bundled/linux/include/uapi -Wall -Wextra -Wno-missing-field-initializers -Wno-unused-parameter -Wdate-time -Wformat-security -Wimplicit-fallthrough=5 -Winit-self -Wlogical-op -Wmissing-prototypes -Wnested-externs -Wold-style-definition -Wtrampolines -Wundef -Wwrite-strings -Werror   -Os -Wall -Wextra -MT libstrace_a-fetch_bpf_fprog.o -MD -MP -MF .deps/libstrace_a-fetch_bpf_fprog.Tpo -c -o libstrace_a-fetch_bpf_fprog.o `test -f 'fetch_bpf_fprog.c' || echo '/home/user/nx679j-stock/experiments/refs/strace-7.2/src/'`fetch_bpf_fprog.c
mv -f .deps/libstrace_a-execve.Tpo .deps/libstrace_a-execve.Po
aarch64-linux-gnu-gcc -DHAVE_CONFIG_H   -I./linux/aarch64 -I/home/user/nx679j-stock/experiments/refs/strace-7.2/src/linux/aarch64 -I./linux/generic -I/home/user/nx679j-stock/experiments/refs/strace-7.2/src/linux/generic -I. -I/home/user/nx679j-stock/experiments/refs/strace-7.2/src -isystem /home/user/nx679j-stock/experiments/refs/strace-7.2/bundled/linux/arch/arm64/include/uapi -isystem /home/user/nx679j-stock/experiments/refs/strace-7.2/bundled/linux/include/uapi -DIN_STRACE=1      -isystem /home/user/nx679j-stock/experiments/refs/strace-7.2/bundled/linux/arch/arm64/include/uapi -isystem /home/user/nx679j-stock/experiments/refs/strace-7.2/bundled/linux/include/uapi -Wall -Wextra -Wno-missing-field-initializers -Wno-unused-parameter -Wdate-time -Wformat-security -Wimplicit-fallthrough=5 -Winit-self -Wlogical-op -Wmissing-prototypes -Wnested-externs -Wold-style-definition -Wtrampolines -Wundef -Wwrite-strings -Werror   -Os -Wall -Wextra -MT libstrace_a-fetch_indirect_syscall_args.o -MD -MP -MF .deps/libstrace_a-fetch_indirect_syscall_args.Tpo -c -o libstrace_a-fetch_indirect_syscall_args.o `test -f 'fetch_indirect_syscall_args.c' || echo '/home/user/nx679j-stock/experiments/refs/strace-7.2/src/'`fetch_indirect_syscall_args.c
mv -f .deps/libstrace_a-fallocate.Tpo .deps/libstrace_a-fallocate.Po
aarch64-linux-gnu-gcc -DHAVE_CONFIG_H   -I./linux/aarch64 -I/home/user/nx679j-stock/experiments/refs/strace-7.2/src/linux/aarch64 -I./linux/generic -I/home/user/nx679j-stock/experiments/refs/strace-7.2/src/linux/generic -I. -I/home/user/nx679j-stock/experiments/refs/strace-7.2/src -isystem /home/user/nx679j-stock/experiments/refs/strace-7.2/bundled/linux/arch/arm64/include/uapi -isystem /home/user/nx679j-stock/experiments/refs/strace-7.2/bundled/linux/include/uapi -DIN_STRACE=1      -isystem /home/user/nx679j-stock/experiments/refs/strace-7.2/bundled/linux/arch/arm64/include/uapi -isystem /home/user/nx679j-stock/experiments/refs/strace-7.2/bundled/linux/include/uapi -Wall -Wextra -Wno-missing-field-initializers -Wno-unused-parameter -Wdate-time -Wformat-security -Wimplicit-fallthrough=5 -Winit-self -Wlogical-op -Wmissing-prototypes -Wnested-externs -Wold-style-definition -Wtrampolines -Wundef -Wwrite-strings -Werror   -Os -Wall -Wextra -MT libstrace_a-fetch_struct_flock.o -MD -MP -MF .deps/libstrace_a-fetch_struct_flock.Tpo -c -o libstrace_a-fetch_struct_flock.o `test -f 'fetch_struct_flock.c' || echo '/home/user/nx679j-stock/experiments/refs/strace-7.2/src/'`fetch_struct_flock.c
mv -f .deps/libstrace_a-evdev.Tpo .deps/libstrace_a-evdev.Po
aarch64-linux-gnu-gcc -DHAVE_CONFIG_H   -I./linux/aarch64 -I/home/user/nx679j-stock/experiments/refs/strace-7.2/src/linux/aarch64 -I./linux/generic -I/home/user/nx679j-stock/experiments/refs/strace-7.2/src/linux/generic -I. -I/home/user/nx679j-stock/experiments/refs/strace-7.2/src -isystem /home/user/nx679j-stock/experiments/refs/strace-7.2/bundled/linux/arch/arm64/include/uapi -isystem /home/user/nx679j-stock/experiments/refs/strace-7.2/bundled/linux/include/uapi -DIN_STRACE=1      -isystem /home/user/nx679j-stock/experiments/refs/strace-7.2/bundled/linux/arch/arm64/include/uapi -isystem /home/user/nx679j-stock/experiments/refs/strace-7.2/bundled/linux/include/uapi -Wall -Wextra -Wno-missing-field-initializers -Wno-unused-parameter -Wdate-time -Wformat-security -Wimplicit-fallthrough=5 -Winit-self -Wlogical-op -Wmissing-prototypes -Wnested-externs -Wold-style-definition -Wtrampolines -Wundef -Wwrite-strings -Werror   -Os -Wall -Wextra -MT libstrace_a-fetch_struct_iovec.o -MD -MP -MF .deps/libstrace_a-fetch_struct_iovec.Tpo -c -o libstrace_a-fetch_struct_iovec.o `test -f 'fetch_struct_iovec.c' || echo '/home/user/nx679j-stock/experiments/refs/strace-7.2/src/'`fetch_struct_iovec.c
mv -f .deps/libstrace_a-fanotify.Tpo .deps/libstrace_a-fanotify.Po
aarch64-linux-gnu-gcc -DHAVE_CONFIG_H   -I./linux/aarch64 -I/home/user/nx679j-stock/experiments/refs/strace-7.2/src/linux/aarch64 -I./linux/generic -I/home/user/nx679j-stock/experiments/refs/strace-7.2/src/linux/generic -I. -I/home/user/nx679j-stock/experiments/refs/strace-7.2/src -isystem /home/user/nx679j-stock/experiments/refs/strace-7.2/bundled/linux/arch/arm64/include/uapi -isystem /home/user/nx679j-stock/experiments/refs/strace-7.2/bundled/linux/include/uapi -DIN_STRACE=1      -isystem /home/user/nx679j-stock/experiments/refs/strace-7.2/bundled/linux/arch/arm64/include/uapi -isystem /home/user/nx679j-stock/experiments/refs/strace-7.2/bundled/linux/include/uapi -Wall -Wextra -Wno-missing-field-initializers -Wno-unused-parameter -Wdate-time -Wformat-security -Wimplicit-fallthrough=5 -Winit-self -Wlogical-op -Wmissing-prototypes -Wnested-externs -Wold-style-definition -Wtrampolines -Wundef -Wwrite-strings -Werror   -Os -Wall -Wextra -MT libstrace_a-fetch_struct_keyctl_kdf_params.o -MD -MP -MF .deps/libstrace_a-fetch_struct_keyctl_kdf_params.Tpo -c -o libstrace_a-fetch_struct_keyctl_kdf_params.o `test -f 'fetch_struct_keyctl_kdf_params.c' || echo '/home/user/nx679j-stock/experiments/refs/strace-7.2/src/'`fetch_struct_keyctl_kdf_params.c
mv -f .deps/libstrace_a-fchownat.Tpo .deps/libstrace_a-fchownat.Po
aarch64-linux-gnu-gcc -DHAVE_CONFIG_H   -I./linux/aarch64 -I/home/user/nx679j-stock/experiments/refs/strace-7.2/src/linux/aarch64 -I./linux/generic -I/home/user/nx679j-stock/experiments/refs/strace-7.2/src/linux/generic -I. -I/home/user/nx679j-stock/experiments/refs/strace-7.2/src -isystem /home/user/nx679j-stock/experiments/refs/strace-7.2/bundled/linux/arch/arm64/include/uapi -isystem /home/user/nx679j-stock/experiments/refs/strace-7.2/bundled/linux/include/uapi -DIN_STRACE=1      -isystem /home/user/nx679j-stock/experiments/refs/strace-7.2/bundled/linux/arch/arm64/include/uapi -isystem /home/user/nx679j-stock/experiments/refs/strace-7.2/bundled/linux/include/uapi -Wall -Wextra -Wno-missing-field-initializers -Wno-unused-parameter -Wdate-time -Wformat-security -Wimplicit-fallthrough=5 -Winit-self -Wlogical-op -Wmissing-prototypes -Wnested-externs -Wold-style-definition -Wtrampolines -Wundef -Wwrite-strings -Werror   -Os -Wall -Wextra -MT libstrace_a-fetch_struct_mmsghdr.o -MD -MP -MF .deps/libstrace_a-fetch_struct_mmsghdr.Tpo -c -o libstrace_a-fetch_struct_mmsghdr.o `test -f 'fetch_struct_mmsghdr.c' || echo '/home/user/nx679j-stock/experiments/refs/strace-7.2/src/'`fetch_struct_mmsghdr.c
mv -f .deps/libstrace_a-fetch_bpf_fprog.Tpo .deps/libstrace_a-fetch_bpf_fprog.Po
aarch64-linux-gnu-gcc -DHAVE_CONFIG_H   -I./linux/aarch64 -I/home/user/nx679j-stock/experiments/refs/strace-7.2/src/linux/aarch64 -I./linux/generic -I/home/user/nx679j-stock/experiments/refs/strace-7.2/src/linux/generic -I. -I/home/user/nx679j-stock/experiments/refs/strace-7.2/src -isystem /home/user/nx679j-stock/experiments/refs/strace-7.2/bundled/linux/arch/arm64/include/uapi -isystem /home/user/nx679j-stock/experiments/refs/strace-7.2/bundled/linux/include/uapi -DIN_STRACE=1      -isystem /home/user/nx679j-stock/experiments/refs/strace-7.2/bundled/linux/arch/arm64/include/uapi -isystem /home/user/nx679j-stock/experiments/refs/strace-7.2/bundled/linux/include/uapi -Wall -Wextra -Wno-missing-field-initializers -Wno-unused-parameter -Wdate-time -Wformat-security -Wimplicit-fallthrough=5 -Winit-self -Wlogical-op -Wmissing-prototypes -Wnested-externs -Wold-style-definition -Wtrampolines -Wundef -Wwrite-strings -Werror   -Os -Wall -Wextra -MT libstrace_a-fetch_struct_msghdr.o -MD -MP -MF .deps/libstrace_a-fetch_struct_msghdr.Tpo -c -o libstrace_a-fetch_struct_msghdr.o `test -f 'fetch_struct_msghdr.c' || echo '/home/user/nx679j-stock/experiments/refs/strace-7.2/src/'`fetch_struct_msghdr.c
mv -f .deps/libstrace_a-fetch_struct_iovec.Tpo .deps/libstrace_a-fetch_struct_iovec.Po
aarch64-linux-gnu-gcc -DHAVE_CONFIG_H   -I./linux/aarch64 -I/home/user/nx679j-stock/experiments/refs/strace-7.2/src/linux/aarch64 -I./linux/generic -I/home/user/nx679j-stock/experiments/refs/strace-7.2/src/linux/generic -I. -I/home/user/nx679j-stock/experiments/refs/strace-7.2/src -isystem /home/user/nx679j-stock/experiments/refs/strace-7.2/bundled/linux/arch/arm64/include/uapi -isystem /home/user/nx679j-stock/experiments/refs/strace-7.2/bundled/linux/include/uapi -DIN_STRACE=1      -isystem /home/user/nx679j-stock/experiments/refs/strace-7.2/bundled/linux/arch/arm64/include/uapi -isystem /home/user/nx679j-stock/experiments/refs/strace-7.2/bundled/linux/include/uapi -Wall -Wextra -Wno-missing-field-initializers -Wno-unused-parameter -Wdate-time -Wformat-security -Wimplicit-fallthrough=5 -Winit-self -Wlogical-op -Wmissing-prototypes -Wnested-externs -Wold-style-definition -Wtrampolines -Wundef -Wwrite-strings -Werror   -Os -Wall -Wextra -MT libstrace_a-fetch_struct_stat.o -MD -MP -MF .deps/libstrace_a-fetch_struct_stat.Tpo -c -o libstrace_a-fetch_struct_stat.o `test -f 'fetch_struct_stat.c' || echo '/home/user/nx679j-stock/experiments/refs/strace-7.2/src/'`fetch_struct_stat.c
mv -f .deps/strace-strace.Tpo .deps/strace-strace.Po
aarch64-linux-gnu-gcc -DHAVE_CONFIG_H   -I./linux/aarch64 -I/home/user/nx679j-stock/experiments/refs/strace-7.2/src/linux/aarch64 -I./linux/generic -I/home/user/nx679j-stock/experiments/refs/strace-7.2/src/linux/generic -I. -I/home/user/nx679j-stock/experiments/refs/strace-7.2/src -isystem /home/user/nx679j-stock/experiments/refs/strace-7.2/bundled/linux/arch/arm64/include/uapi -isystem /home/user/nx679j-stock/experiments/refs/strace-7.2/bundled/linux/include/uapi -DIN_STRACE=1      -isystem /home/user/nx679j-stock/experiments/refs/strace-7.2/bundled/linux/arch/arm64/include/uapi -isystem /home/user/nx679j-stock/experiments/refs/strace-7.2/bundled/linux/include/uapi -Wall -Wextra -Wno-missing-field-initializers -Wno-unused-parameter -Wdate-time -Wformat-security -Wimplicit-fallthrough=5 -Winit-self -Wlogical-op -Wmissing-prototypes -Wnested-externs -Wold-style-definition -Wtrampolines -Wundef -Wwrite-strings -Werror   -Os -Wall -Wextra -MT libstrace_a-fetch_struct_stat64.o -MD -MP -MF .deps/libstrace_a-fetch_struct_stat64.Tpo -c -o libstrace_a-fetch_struct_stat64.o `test -f 'fetch_struct_stat64.c' || echo '/home/user/nx679j-stock/experiments/refs/strace-7.2/src/'`fetch_struct_stat64.c
mv -f .deps/libstrace_a-fetch_struct_flock.Tpo .deps/libstrace_a-fetch_struct_flock.Po
aarch64-linux-gnu-gcc -DHAVE_CONFIG_H   -I./linux/aarch64 -I/home/user/nx679j-stock/experiments/refs/strace-7.2/src/linux/aarch64 -I./linux/generic -I/home/user/nx679j-stock/experiments/refs/strace-7.2/src/linux/generic -I. -I/home/user/nx679j-stock/experiments/refs/strace-7.2/src -isystem /home/user/nx679j-stock/experiments/refs/strace-7.2/bundled/linux/arch/arm64/include/uapi -isystem /home/user/nx679j-stock/experiments/refs/strace-7.2/bundled/linux/include/uapi -DIN_STRACE=1      -isystem /home/user/nx679j-stock/experiments/refs/strace-7.2/bundled/linux/arch/arm64/include/uapi -isystem /home/user/nx679j-stock/experiments/refs/strace-7.2/bundled/linux/include/uapi -Wall -Wextra -Wno-missing-field-initializers -Wno-unused-parameter -Wdate-time -Wformat-security -Wimplicit-fallthrough=5 -Winit-self -Wlogical-op -Wmissing-prototypes -Wnested-externs -Wold-style-definition -Wtrampolines -Wundef -Wwrite-strings -Werror   -Os -Wall -Wextra -MT libstrace_a-fetch_struct_statfs.o -MD -MP -MF .deps/libstrace_a-fetch_struct_statfs.Tpo -c -o libstrace_a-fetch_struct_statfs.o `test -f 'fetch_struct_statfs.c' || echo '/home/user/nx679j-stock/experiments/refs/strace-7.2/src/'`fetch_struct_statfs.c
mv -f .deps/libstrace_a-fetch_indirect_syscall_args.Tpo .deps/libstrace_a-fetch_indirect_syscall_args.Po
aarch64-linux-gnu-gcc -DHAVE_CONFIG_H   -I./linux/aarch64 -I/home/user/nx679j-stock/experiments/refs/strace-7.2/src/linux/aarch64 -I./linux/generic -I/home/user/nx679j-stock/experiments/refs/strace-7.2/src/linux/generic -I. -I/home/user/nx679j-stock/experiments/refs/strace-7.2/src -isystem /home/user/nx679j-stock/experiments/refs/strace-7.2/bundled/linux/arch/arm64/include/uapi -isystem /home/user/nx679j-stock/experiments/refs/strace-7.2/bundled/linux/include/uapi -DIN_STRACE=1      -isystem /home/user/nx679j-stock/experiments/refs/strace-7.2/bundled/linux/arch/arm64/include/uapi -isystem /home/user/nx679j-stock/experiments/refs/strace-7.2/bundled/linux/include/uapi -Wall -Wextra -Wno-missing-field-initializers -Wno-unused-parameter -Wdate-time -Wformat-security -Wimplicit-fallthrough=5 -Winit-self -Wlogical-op -Wmissing-prototypes -Wnested-externs -Wold-style-definition -Wtrampolines -Wundef -Wwrite-strings -Werror   -Os -Wall -Wextra -MT libstrace_a-fetch_struct_xfs_quotastat.o -MD -MP -MF .deps/libstrace_a-fetch_struct_xfs_quotastat.Tpo -c -o libstrace_a-fetch_struct_xfs_quotastat.o `test -f 'fetch_struct_xfs_quotastat.c' || echo '/home/user/nx679j-stock/experiments/refs/strace-7.2/src/'`fetch_struct_xfs_quotastat.c
mv -f .deps/libstrace_a-fetch_struct_keyctl_kdf_params.Tpo .deps/libstrace_a-fetch_struct_keyctl_kdf_params.Po
aarch64-linux-gnu-gcc -DHAVE_CONFIG_H   -I./linux/aarch64 -I/home/user/nx679j-stock/experiments/refs/strace-7.2/src/linux/aarch64 -I./linux/generic -I/home/user/nx679j-stock/experiments/refs/strace-7.2/src/linux/generic -I. -I/home/user/nx679j-stock/experiments/refs/strace-7.2/src -isystem /home/user/nx679j-stock/experiments/refs/strace-7.2/bundled/linux/arch/arm64/include/uapi -isystem /home/user/nx679j-stock/experiments/refs/strace-7.2/bundled/linux/include/uapi -DIN_STRACE=1      -isystem /home/user/nx679j-stock/experiments/refs/strace-7.2/bundled/linux/arch/arm64/include/uapi -isystem /home/user/nx679j-stock/experiments/refs/strace-7.2/bundled/linux/include/uapi -Wall -Wextra -Wno-missing-field-initializers -Wno-unused-parameter -Wdate-time -Wformat-security -Wimplicit-fallthrough=5 -Winit-self -Wlogical-op -Wmissing-prototypes -Wnested-externs -Wold-style-definition -Wtrampolines -Wundef -Wwrite-strings -Werror   -Os -Wall -Wextra -MT libstrace_a-file_attr.o -MD -MP -MF .deps/libstrace_a-file_attr.Tpo -c -o libstrace_a-file_attr.o `test -f 'file_attr.c' || echo '/home/user/nx679j-stock/experiments/refs/strace-7.2/src/'`file_attr.c
mv -f .deps/libstrace_a-fetch_struct_mmsghdr.Tpo .deps/libstrace_a-fetch_struct_mmsghdr.Po
aarch64-linux-gnu-gcc -DHAVE_CONFIG_H   -I./linux/aarch64 -I/home/user/nx679j-stock/experiments/refs/strace-7.2/src/linux/aarch64 -I./linux/generic -I/home/user/nx679j-stock/experiments/refs/strace-7.2/src/linux/generic -I. -I/home/user/nx679j-stock/experiments/refs/strace-7.2/src -isystem /home/user/nx679j-stock/experiments/refs/strace-7.2/bundled/linux/arch/arm64/include/uapi -isystem /home/user/nx679j-stock/experiments/refs/strace-7.2/bundled/linux/include/uapi -DIN_STRACE=1      -isystem /home/user/nx679j-stock/experiments/refs/strace-7.2/bundled/linux/arch/arm64/include/uapi -isystem /home/user/nx679j-stock/experiments/refs/strace-7.2/bundled/linux/include/uapi -Wall -Wextra -Wno-missing-field-initializers -Wno-unused-parameter -Wdate-time -Wformat-security -Wimplicit-fallthrough=5 -Winit-self -Wlogical-op -Wmissing-prototypes -Wnested-externs -Wold-style-definition -Wtrampolines -Wundef -Wwrite-strings -Werror   -Os -Wall -Wextra -MT libstrace_a-file_handle.o -MD -MP -MF .deps/libstrace_a-file_handle.Tpo -c -o libstrace_a-file_handle.o `test -f 'file_handle.c' || echo '/home/user/nx679j-stock/experiments/refs/strace-7.2/src/'`file_handle.c
mv -f .deps/libstrace_a-fetch_struct_stat.Tpo .deps/libstrace_a-fetch_struct_stat.Po
mv -f .deps/libstrace_a-fetch_struct_stat64.Tpo .deps/libstrace_a-fetch_struct_stat64.Po
aarch64-linux-gnu-gcc -DHAVE_CONFIG_H   -I./linux/aarch64 -I/home/user/nx679j-stock/experiments/refs/strace-7.2/src/linux/aarch64 -I./linux/generic -I/home/user/nx679j-stock/experiments/refs/strace-7.2/src/linux/generic -I. -I/home/user/nx679j-stock/experiments/refs/strace-7.2/src -isystem /home/user/nx679j-stock/experiments/refs/strace-7.2/bundled/linux/arch/arm64/include/uapi -isystem /home/user/nx679j-stock/experiments/refs/strace-7.2/bundled/linux/include/uapi -DIN_STRACE=1      -isystem /home/user/nx679j-stock/experiments/refs/strace-7.2/bundled/linux/arch/arm64/include/uapi -isystem /home/user/nx679j-stock/experiments/refs/strace-7.2/bundled/linux/include/uapi -Wall -Wextra -Wno-missing-field-initializers -Wno-unused-parameter -Wdate-time -Wformat-security -Wimplicit-fallthrough=5 -Winit-self -Wlogical-op -Wmissing-prototypes -Wnested-externs -Wold-style-definition -Wtrampolines -Wundef -Wwrite-strings -Werror   -Os -Wall -Wextra -MT libstrace_a-filter_qualify.o -MD -MP -MF .deps/libstrace_a-filter_qualify.Tpo -c -o libstrace_a-filter_qualify.o `test -f 'filter_qualify.c' || echo '/home/user/nx679j-stock/experiments/refs/strace-7.2/src/'`filter_qualify.c
aarch64-linux-gnu-gcc -DHAVE_CONFIG_H   -I./linux/aarch64 -I/home/user/nx679j-stock/experiments/refs/strace-7.2/src/linux/aarch64 -I./linux/generic -I/home/user/nx679j-stock/experiments/refs/strace-7.2/src/linux/generic -I. -I/home/user/nx679j-stock/experiments/refs/strace-7.2/src -isystem /home/user/nx679j-stock/experiments/refs/strace-7.2/bundled/linux/arch/arm64/include/uapi -isystem /home/user/nx679j-stock/experiments/refs/strace-7.2/bundled/linux/include/uapi -DIN_STRACE=1      -isystem /home/user/nx679j-stock/experiments/refs/strace-7.2/bundled/linux/arch/arm64/include/uapi -isystem /home/user/nx679j-stock/experiments/refs/strace-7.2/bundled/linux/include/uapi -Wall -Wextra -Wno-missing-field-initializers -Wno-unused-parameter -Wdate-time -Wformat-security -Wimplicit-fallthrough=5 -Winit-self -Wlogical-op -Wmissing-prototypes -Wnested-externs -Wold-style-definition -Wtrampolines -Wundef -Wwrite-strings -Werror   -Os -Wall -Wextra -MT libstrace_a-filter_seccomp.o -MD -MP -MF .deps/libstrace_a-filter_seccomp.Tpo -c -o libstrace_a-filter_seccomp.o `test -f 'filter_seccomp.c' || echo '/home/user/nx679j-stock/experiments/refs/strace-7.2/src/'`filter_seccomp.c
mv -f .deps/libstrace_a-fetch_struct_msghdr.Tpo .deps/libstrace_a-fetch_struct_msghdr.Po
aarch64-linux-gnu-gcc -DHAVE_CONFIG_H   -I./linux/aarch64 -I/home/user/nx679j-stock/experiments/refs/strace-7.2/src/linux/aarch64 -I./linux/generic -I/home/user/nx679j-stock/experiments/refs/strace-7.2/src/linux/generic -I. -I/home/user/nx679j-stock/experiments/refs/strace-7.2/src -isystem /home/user/nx679j-stock/experiments/refs/strace-7.2/bundled/linux/arch/arm64/include/uapi -isystem /home/user/nx679j-stock/experiments/refs/strace-7.2/bundled/linux/include/uapi -DIN_STRACE=1      -isystem /home/user/nx679j-stock/experiments/refs/strace-7.2/bundled/linux/arch/arm64/include/uapi -isystem /home/user/nx679j-stock/experiments/refs/strace-7.2/bundled/linux/include/uapi -Wall -Wextra -Wno-missing-field-initializers -Wno-unused-parameter -Wdate-time -Wformat-security -Wimplicit-fallthrough=5 -Winit-self -Wlogical-op -Wmissing-prototypes -Wnested-externs -Wold-style-definition -Wtrampolines -Wundef -Wwrite-strings -Werror   -Os -Wall -Wextra -MT libstrace_a-flock.o -MD -MP -MF .deps/libstrace_a-flock.Tpo -c -o libstrace_a-flock.o `test -f 'flock.c' || echo '/home/user/nx679j-stock/experiments/refs/strace-7.2/src/'`flock.c
mv -f .deps/libstrace_a-fetch_struct_xfs_quotastat.Tpo .deps/libstrace_a-fetch_struct_xfs_quotastat.Po
aarch64-linux-gnu-gcc -DHAVE_CONFIG_H   -I./linux/aarch64 -I/home/user/nx679j-stock/experiments/refs/strace-7.2/src/linux/aarch64 -I./linux/generic -I/home/user/nx679j-stock/experiments/refs/strace-7.2/src/linux/generic -I. -I/home/user/nx679j-stock/experiments/refs/strace-7.2/src -isystem /home/user/nx679j-stock/experiments/refs/strace-7.2/bundled/linux/arch/arm64/include/uapi -isystem /home/user/nx679j-stock/experiments/refs/strace-7.2/bundled/linux/include/uapi -DIN_STRACE=1      -isystem /home/user/nx679j-stock/experiments/refs/strace-7.2/bundled/linux/arch/arm64/include/uapi -isystem /home/user/nx679j-stock/experiments/refs/strace-7.2/bundled/linux/include/uapi -Wall -Wextra -Wno-missing-field-initializers -Wno-unused-parameter -Wdate-time -Wformat-security -Wimplicit-fallthrough=5 -Winit-self -Wlogical-op -Wmissing-prototypes -Wnested-externs -Wold-style-definition -Wtrampolines -Wundef -Wwrite-strings -Werror   -Os -Wall -Wextra -MT libstrace_a-fs_0x15_ioctl.o -MD -MP -MF .deps/libstrace_a-fs_0x15_ioctl.Tpo -c -o libstrace_a-fs_0x15_ioctl.o `test -f 'fs_0x15_ioctl.c' || echo '/home/user/nx679j-stock/experiments/refs/strace-7.2/src/'`fs_0x15_ioctl.c
mv -f .deps/libstrace_a-fetch_struct_statfs.Tpo .deps/libstrace_a-fetch_struct_statfs.Po
aarch64-linux-gnu-gcc -DHAVE_CONFIG_H   -I./linux/aarch64 -I/home/user/nx679j-stock/experiments/refs/strace-7.2/src/linux/aarch64 -I./linux/generic -I/home/user/nx679j-stock/experiments/refs/strace-7.2/src/linux/generic -I. -I/home/user/nx679j-stock/experiments/refs/strace-7.2/src -isystem /home/user/nx679j-stock/experiments/refs/strace-7.2/bundled/linux/arch/arm64/include/uapi -isystem /home/user/nx679j-stock/experiments/refs/strace-7.2/bundled/linux/include/uapi -DIN_STRACE=1      -isystem /home/user/nx679j-stock/experiments/refs/strace-7.2/bundled/linux/arch/arm64/include/uapi -isystem /home/user/nx679j-stock/experiments/refs/strace-7.2/bundled/linux/include/uapi -Wall -Wextra -Wno-missing-field-initializers -Wno-unused-parameter -Wdate-time -Wformat-security -Wimplicit-fallthrough=5 -Winit-self -Wlogical-op -Wmissing-prototypes -Wnested-externs -Wold-style-definition -Wtrampolines -Wundef -Wwrite-strings -Werror   -Os -Wall -Wextra -MT libstrace_a-fs_0x94_ioctl.o -MD -MP -MF .deps/libstrace_a-fs_0x94_ioctl.Tpo -c -o libstrace_a-fs_0x94_ioctl.o `test -f 'fs_0x94_ioctl.c' || echo '/home/user/nx679j-stock/experiments/refs/strace-7.2/src/'`fs_0x94_ioctl.c
mv -f .deps/libstrace_a-fcntl.Tpo .deps/libstrace_a-fcntl.Po
aarch64-linux-gnu-gcc -DHAVE_CONFIG_H   -I./linux/aarch64 -I/home/user/nx679j-stock/experiments/refs/strace-7.2/src/linux/aarch64 -I./linux/generic -I/home/user/nx679j-stock/experiments/refs/strace-7.2/src/linux/generic -I. -I/home/user/nx679j-stock/experiments/refs/strace-7.2/src -isystem /home/user/nx679j-stock/experiments/refs/strace-7.2/bundled/linux/arch/arm64/include/uapi -isystem /home/user/nx679j-stock/experiments/refs/strace-7.2/bundled/linux/include/uapi -DIN_STRACE=1      -isystem /home/user/nx679j-stock/experiments/refs/strace-7.2/bundled/linux/arch/arm64/include/uapi -isystem /home/user/nx679j-stock/experiments/refs/strace-7.2/bundled/linux/include/uapi -Wall -Wextra -Wno-missing-field-initializers -Wno-unused-parameter -Wdate-time -Wformat-security -Wimplicit-fallthrough=5 -Winit-self -Wlogical-op -Wmissing-prototypes -Wnested-externs -Wold-style-definition -Wtrampolines -Wundef -Wwrite-strings -Werror   -Os -Wall -Wextra -MT libstrace_a-fs_f_ioctl.o -MD -MP -MF .deps/libstrace_a-fs_f_ioctl.Tpo -c -o libstrace_a-fs_f_ioctl.o `test -f 'fs_f_ioctl.c' || echo '/home/user/nx679j-stock/experiments/refs/strace-7.2/src/'`fs_f_ioctl.c
mv -f .deps/libstrace_a-flock.Tpo .deps/libstrace_a-flock.Po
mv -f .deps/libstrace_a-file_attr.Tpo .deps/libstrace_a-file_attr.Po
aarch64-linux-gnu-gcc -DHAVE_CONFIG_H   -I./linux/aarch64 -I/home/user/nx679j-stock/experiments/refs/strace-7.2/src/linux/aarch64 -I./linux/generic -I/home/user/nx679j-stock/experiments/refs/strace-7.2/src/linux/generic -I. -I/home/user/nx679j-stock/experiments/refs/strace-7.2/src -isystem /home/user/nx679j-stock/experiments/refs/strace-7.2/bundled/linux/arch/arm64/include/uapi -isystem /home/user/nx679j-stock/experiments/refs/strace-7.2/bundled/linux/include/uapi -DIN_STRACE=1      -isystem /home/user/nx679j-stock/experiments/refs/strace-7.2/bundled/linux/arch/arm64/include/uapi -isystem /home/user/nx679j-stock/experiments/refs/strace-7.2/bundled/linux/include/uapi -Wall -Wextra -Wno-missing-field-initializers -Wno-unused-parameter -Wdate-time -Wformat-security -Wimplicit-fallthrough=5 -Winit-self -Wlogical-op -Wmissing-prototypes -Wnested-externs -Wold-style-definition -Wtrampolines -Wundef -Wwrite-strings -Werror   -Os -Wall -Wextra -MT libstrace_a-fs_x_ioctl.o -MD -MP -MF .deps/libstrace_a-fs_x_ioctl.Tpo -c -o libstrace_a-fs_x_ioctl.o `test -f 'fs_x_ioctl.c' || echo '/home/user/nx679j-stock/experiments/refs/strace-7.2/src/'`fs_x_ioctl.c
aarch64-linux-gnu-gcc -DHAVE_CONFIG_H   -I./linux/aarch64 -I/home/user/nx679j-stock/experiments/refs/strace-7.2/src/linux/aarch64 -I./linux/generic -I/home/user/nx679j-stock/experiments/refs/strace-7.2/src/linux/generic -I. -I/home/user/nx679j-stock/experiments/refs/strace-7.2/src -isystem /home/user/nx679j-stock/experiments/refs/strace-7.2/bundled/linux/arch/arm64/include/uapi -isystem /home/user/nx679j-stock/experiments/refs/strace-7.2/bundled/linux/include/uapi -DIN_STRACE=1      -isystem /home/user/nx679j-stock/experiments/refs/strace-7.2/bundled/linux/arch/arm64/include/uapi -isystem /home/user/nx679j-stock/experiments/refs/strace-7.2/bundled/linux/include/uapi -Wall -Wextra -Wno-missing-field-initializers -Wno-unused-parameter -Wdate-time -Wformat-security -Wimplicit-fallthrough=5 -Winit-self -Wlogical-op -Wmissing-prototypes -Wnested-externs -Wold-style-definition -Wtrampolines -Wundef -Wwrite-strings -Werror   -Os -Wall -Wextra -MT libstrace_a-fsconfig.o -MD -MP -MF .deps/libstrace_a-fsconfig.Tpo -c -o libstrace_a-fsconfig.o `test -f 'fsconfig.c' || echo '/home/user/nx679j-stock/experiments/refs/strace-7.2/src/'`fsconfig.c
mv -f .deps/libstrace_a-fs_0x15_ioctl.Tpo .deps/libstrace_a-fs_0x15_ioctl.Po
aarch64-linux-gnu-gcc -DHAVE_CONFIG_H   -I./linux/aarch64 -I/home/user/nx679j-stock/experiments/refs/strace-7.2/src/linux/aarch64 -I./linux/generic -I/home/user/nx679j-stock/experiments/refs/strace-7.2/src/linux/generic -I. -I/home/user/nx679j-stock/experiments/refs/strace-7.2/src -isystem /home/user/nx679j-stock/experiments/refs/strace-7.2/bundled/linux/arch/arm64/include/uapi -isystem /home/user/nx679j-stock/experiments/refs/strace-7.2/bundled/linux/include/uapi -DIN_STRACE=1      -isystem /home/user/nx679j-stock/experiments/refs/strace-7.2/bundled/linux/arch/arm64/include/uapi -isystem /home/user/nx679j-stock/experiments/refs/strace-7.2/bundled/linux/include/uapi -Wall -Wextra -Wno-missing-field-initializers -Wno-unused-parameter -Wdate-time -Wformat-security -Wimplicit-fallthrough=5 -Winit-self -Wlogical-op -Wmissing-prototypes -Wnested-externs -Wold-style-definition -Wtrampolines -Wundef -Wwrite-strings -Werror   -Os -Wall -Wextra -MT libstrace_a-fsmount.o -MD -MP -MF .deps/libstrace_a-fsmount.Tpo -c -o libstrace_a-fsmount.o `test -f 'fsmount.c' || echo '/home/user/nx679j-stock/experiments/refs/strace-7.2/src/'`fsmount.c
mv -f .deps/libstrace_a-file_handle.Tpo .deps/libstrace_a-file_handle.Po
aarch64-linux-gnu-gcc -DHAVE_CONFIG_H   -I./linux/aarch64 -I/home/user/nx679j-stock/experiments/refs/strace-7.2/src/linux/aarch64 -I./linux/generic -I/home/user/nx679j-stock/experiments/refs/strace-7.2/src/linux/generic -I. -I/home/user/nx679j-stock/experiments/refs/strace-7.2/src -isystem /home/user/nx679j-stock/experiments/refs/strace-7.2/bundled/linux/arch/arm64/include/uapi -isystem /home/user/nx679j-stock/experiments/refs/strace-7.2/bundled/linux/include/uapi -DIN_STRACE=1      -isystem /home/user/nx679j-stock/experiments/refs/strace-7.2/bundled/linux/arch/arm64/include/uapi -isystem /home/user/nx679j-stock/experiments/refs/strace-7.2/bundled/linux/include/uapi -Wall -Wextra -Wno-missing-field-initializers -Wno-unused-parameter -Wdate-time -Wformat-security -Wimplicit-fallthrough=5 -Winit-self -Wlogical-op -Wmissing-prototypes -Wnested-externs -Wold-style-definition -Wtrampolines -Wundef -Wwrite-strings -Werror   -Os -Wall -Wextra -MT libstrace_a-fsopen.o -MD -MP -MF .deps/libstrace_a-fsopen.Tpo -c -o libstrace_a-fsopen.o `test -f 'fsopen.c' || echo '/home/user/nx679j-stock/experiments/refs/strace-7.2/src/'`fsopen.c
mv -f .deps/libstrace_a-fs_0x94_ioctl.Tpo .deps/libstrace_a-fs_0x94_ioctl.Po
aarch64-linux-gnu-gcc -DHAVE_CONFIG_H   -I./linux/aarch64 -I/home/user/nx679j-stock/experiments/refs/strace-7.2/src/linux/aarch64 -I./linux/generic -I/home/user/nx679j-stock/experiments/refs/strace-7.2/src/linux/generic -I. -I/home/user/nx679j-stock/experiments/refs/strace-7.2/src -isystem /home/user/nx679j-stock/experiments/refs/strace-7.2/bundled/linux/arch/arm64/include/uapi -isystem /home/user/nx679j-stock/experiments/refs/strace-7.2/bundled/linux/include/uapi -DIN_STRACE=1      -isystem /home/user/nx679j-stock/experiments/refs/strace-7.2/bundled/linux/arch/arm64/include/uapi -isystem /home/user/nx679j-stock/experiments/refs/strace-7.2/bundled/linux/include/uapi -Wall -Wextra -Wno-missing-field-initializers -Wno-unused-parameter -Wdate-time -Wformat-security -Wimplicit-fallthrough=5 -Winit-self -Wlogical-op -Wmissing-prototypes -Wnested-externs -Wold-style-definition -Wtrampolines -Wundef -Wwrite-strings -Werror   -Os -Wall -Wextra -MT libstrace_a-fspick.o -MD -MP -MF .deps/libstrace_a-fspick.Tpo -c -o libstrace_a-fspick.o `test -f 'fspick.c' || echo '/home/user/nx679j-stock/experiments/refs/strace-7.2/src/'`fspick.c
mv -f .deps/libstrace_a-fsmount.Tpo .deps/libstrace_a-fsmount.Po
mv -f .deps/libstrace_a-fs_f_ioctl.Tpo .deps/libstrace_a-fs_f_ioctl.Po
aarch64-linux-gnu-gcc -DHAVE_CONFIG_H   -I./linux/aarch64 -I/home/user/nx679j-stock/experiments/refs/strace-7.2/src/linux/aarch64 -I./linux/generic -I/home/user/nx679j-stock/experiments/refs/strace-7.2/src/linux/generic -I. -I/home/user/nx679j-stock/experiments/refs/strace-7.2/src -isystem /home/user/nx679j-stock/experiments/refs/strace-7.2/bundled/linux/arch/arm64/include/uapi -isystem /home/user/nx679j-stock/experiments/refs/strace-7.2/bundled/linux/include/uapi -DIN_STRACE=1      -isystem /home/user/nx679j-stock/experiments/refs/strace-7.2/bundled/linux/arch/arm64/include/uapi -isystem /home/user/nx679j-stock/experiments/refs/strace-7.2/bundled/linux/include/uapi -Wall -Wextra -Wno-missing-field-initializers -Wno-unused-parameter -Wdate-time -Wformat-security -Wimplicit-fallthrough=5 -Winit-self -Wlogical-op -Wmissing-prototypes -Wnested-externs -Wold-style-definition -Wtrampolines -Wundef -Wwrite-strings -Werror   -Os -Wall -Wextra -MT libstrace_a-fstatfs.o -MD -MP -MF .deps/libstrace_a-fstatfs.Tpo -c -o libstrace_a-fstatfs.o `test -f 'fstatfs.c' || echo '/home/user/nx679j-stock/experiments/refs/strace-7.2/src/'`fstatfs.c
aarch64-linux-gnu-gcc -DHAVE_CONFIG_H   -I./linux/aarch64 -I/home/user/nx679j-stock/experiments/refs/strace-7.2/src/linux/aarch64 -I./linux/generic -I/home/user/nx679j-stock/experiments/refs/strace-7.2/src/linux/generic -I. -I/home/user/nx679j-stock/experiments/refs/strace-7.2/src -isystem /home/user/nx679j-stock/experiments/refs/strace-7.2/bundled/linux/arch/arm64/include/uapi -isystem /home/user/nx679j-stock/experiments/refs/strace-7.2/bundled/linux/include/uapi -DIN_STRACE=1      -isystem /home/user/nx679j-stock/experiments/refs/strace-7.2/bundled/linux/arch/arm64/include/uapi -isystem /home/user/nx679j-stock/experiments/refs/strace-7.2/bundled/linux/include/uapi -Wall -Wextra -Wno-missing-field-initializers -Wno-unused-parameter -Wdate-time -Wformat-security -Wimplicit-fallthrough=5 -Winit-self -Wlogical-op -Wmissing-prototypes -Wnested-externs -Wold-style-definition -Wtrampolines -Wundef -Wwrite-strings -Werror   -Os -Wall -Wextra -MT libstrace_a-fstatfs64.o -MD -MP -MF .deps/libstrace_a-fstatfs64.Tpo -c -o libstrace_a-fstatfs64.o `test -f 'fstatfs64.c' || echo '/home/user/nx679j-stock/experiments/refs/strace-7.2/src/'`fstatfs64.c
mv -f .deps/libstrace_a-fsconfig.Tpo .deps/libstrace_a-fsconfig.Po
mv -f .deps/libstrace_a-fs_x_ioctl.Tpo .deps/libstrace_a-fs_x_ioctl.Po
aarch64-linux-gnu-gcc -DHAVE_CONFIG_H   -I./linux/aarch64 -I/home/user/nx679j-stock/experiments/refs/strace-7.2/src/linux/aarch64 -I./linux/generic -I/home/user/nx679j-stock/experiments/refs/strace-7.2/src/linux/generic -I. -I/home/user/nx679j-stock/experiments/refs/strace-7.2/src -isystem /home/user/nx679j-stock/experiments/refs/strace-7.2/bundled/linux/arch/arm64/include/uapi -isystem /home/user/nx679j-stock/experiments/refs/strace-7.2/bundled/linux/include/uapi -DIN_STRACE=1      -isystem /home/user/nx679j-stock/experiments/refs/strace-7.2/bundled/linux/arch/arm64/include/uapi -isystem /home/user/nx679j-stock/experiments/refs/strace-7.2/bundled/linux/include/uapi -Wall -Wextra -Wno-missing-field-initializers -Wno-unused-parameter -Wdate-time -Wformat-security -Wimplicit-fallthrough=5 -Winit-self -Wlogical-op -Wmissing-prototypes -Wnested-externs -Wold-style-definition -Wtrampolines -Wundef -Wwrite-strings -Werror   -Os -Wall -Wextra -MT libstrace_a-futex.o -MD -MP -MF .deps/libstrace_a-futex.Tpo -c -o libstrace_a-futex.o `test -f 'futex.c' || echo '/home/user/nx679j-stock/experiments/refs/strace-7.2/src/'`futex.c
aarch64-linux-gnu-gcc -DHAVE_CONFIG_H   -I./linux/aarch64 -I/home/user/nx679j-stock/experiments/refs/strace-7.2/src/linux/aarch64 -I./linux/generic -I/home/user/nx679j-stock/experiments/refs/strace-7.2/src/linux/generic -I. -I/home/user/nx679j-stock/experiments/refs/strace-7.2/src -isystem /home/user/nx679j-stock/experiments/refs/strace-7.2/bundled/linux/arch/arm64/include/uapi -isystem /home/user/nx679j-stock/experiments/refs/strace-7.2/bundled/linux/include/uapi -DIN_STRACE=1      -isystem /home/user/nx679j-stock/experiments/refs/strace-7.2/bundled/linux/arch/arm64/include/uapi -isystem /home/user/nx679j-stock/experiments/refs/strace-7.2/bundled/linux/include/uapi -Wall -Wextra -Wno-missing-field-initializers -Wno-unused-parameter -Wdate-time -Wformat-security -Wimplicit-fallthrough=5 -Winit-self -Wlogical-op -Wmissing-prototypes -Wnested-externs -Wold-style-definition -Wtrampolines -Wundef -Wwrite-strings -Werror   -Os -Wall -Wextra -MT libstrace_a-futex2.o -MD -MP -MF .deps/libstrace_a-futex2.Tpo -c -o libstrace_a-futex2.o `test -f 'futex2.c' || echo '/home/user/nx679j-stock/experiments/refs/strace-7.2/src/'`futex2.c
mv -f .deps/libstrace_a-fsopen.Tpo .deps/libstrace_a-fsopen.Po
aarch64-linux-gnu-gcc -DHAVE_CONFIG_H   -I./linux/aarch64 -I/home/user/nx679j-stock/experiments/refs/strace-7.2/src/linux/aarch64 -I./linux/generic -I/home/user/nx679j-stock/experiments/refs/strace-7.2/src/linux/generic -I. -I/home/user/nx679j-stock/experiments/refs/strace-7.2/src -isystem /home/user/nx679j-stock/experiments/refs/strace-7.2/bundled/linux/arch/arm64/include/uapi -isystem /home/user/nx679j-stock/experiments/refs/strace-7.2/bundled/linux/include/uapi -DIN_STRACE=1      -isystem /home/user/nx679j-stock/experiments/refs/strace-7.2/bundled/linux/arch/arm64/include/uapi -isystem /home/user/nx679j-stock/experiments/refs/strace-7.2/bundled/linux/include/uapi -Wall -Wextra -Wno-missing-field-initializers -Wno-unused-parameter -Wdate-time -Wformat-security -Wimplicit-fallthrough=5 -Winit-self -Wlogical-op -Wmissing-prototypes -Wnested-externs -Wold-style-definition -Wtrampolines -Wundef -Wwrite-strings -Werror   -Os -Wall -Wextra -MT libstrace_a-get_personality.o -MD -MP -MF .deps/libstrace_a-get_personality.Tpo -c -o libstrace_a-get_personality.o `test -f 'get_personality.c' || echo '/home/user/nx679j-stock/experiments/refs/strace-7.2/src/'`get_personality.c
mv -f .deps/libstrace_a-fstatfs.Tpo .deps/libstrace_a-fstatfs.Po
mv -f .deps/libstrace_a-fstatfs64.Tpo .deps/libstrace_a-fstatfs64.Po
aarch64-linux-gnu-gcc -DHAVE_CONFIG_H   -I./linux/aarch64 -I/home/user/nx679j-stock/experiments/refs/strace-7.2/src/linux/aarch64 -I./linux/generic -I/home/user/nx679j-stock/experiments/refs/strace-7.2/src/linux/generic -I. -I/home/user/nx679j-stock/experiments/refs/strace-7.2/src -isystem /home/user/nx679j-stock/experiments/refs/strace-7.2/bundled/linux/arch/arm64/include/uapi -isystem /home/user/nx679j-stock/experiments/refs/strace-7.2/bundled/linux/include/uapi -DIN_STRACE=1      -isystem /home/user/nx679j-stock/experiments/refs/strace-7.2/bundled/linux/arch/arm64/include/uapi -isystem /home/user/nx679j-stock/experiments/refs/strace-7.2/bundled/linux/include/uapi -Wall -Wextra -Wno-missing-field-initializers -Wno-unused-parameter -Wdate-time -Wformat-security -Wimplicit-fallthrough=5 -Winit-self -Wlogical-op -Wmissing-prototypes -Wnested-externs -Wold-style-definition -Wtrampolines -Wundef -Wwrite-strings -Werror   -Os -Wall -Wextra -MT libstrace_a-get_robust_list.o -MD -MP -MF .deps/libstrace_a-get_robust_list.Tpo -c -o libstrace_a-get_robust_list.o `test -f 'get_robust_list.c' || echo '/home/user/nx679j-stock/experiments/refs/strace-7.2/src/'`get_robust_list.c
aarch64-linux-gnu-gcc -DHAVE_CONFIG_H   -I./linux/aarch64 -I/home/user/nx679j-stock/experiments/refs/strace-7.2/src/linux/aarch64 -I./linux/generic -I/home/user/nx679j-stock/experiments/refs/strace-7.2/src/linux/generic -I. -I/home/user/nx679j-stock/experiments/refs/strace-7.2/src -isystem /home/user/nx679j-stock/experiments/refs/strace-7.2/bundled/linux/arch/arm64/include/uapi -isystem /home/user/nx679j-stock/experiments/refs/strace-7.2/bundled/linux/include/uapi -DIN_STRACE=1      -isystem /home/user/nx679j-stock/experiments/refs/strace-7.2/bundled/linux/arch/arm64/include/uapi -isystem /home/user/nx679j-stock/experiments/refs/strace-7.2/bundled/linux/include/uapi -Wall -Wextra -Wno-missing-field-initializers -Wno-unused-parameter -Wdate-time -Wformat-security -Wimplicit-fallthrough=5 -Winit-self -Wlogical-op -Wmissing-prototypes -Wnested-externs -Wold-style-definition -Wtrampolines -Wundef -Wwrite-strings -Werror   -Os -Wall -Wextra -MT libstrace_a-getcpu.o -MD -MP -MF .deps/libstrace_a-getcpu.Tpo -c -o libstrace_a-getcpu.o `test -f 'getcpu.c' || echo '/home/user/nx679j-stock/experiments/refs/strace-7.2/src/'`getcpu.c
mv -f .deps/libstrace_a-fspick.Tpo .deps/libstrace_a-fspick.Po
aarch64-linux-gnu-gcc -DHAVE_CONFIG_H   -I./linux/aarch64 -I/home/user/nx679j-stock/experiments/refs/strace-7.2/src/linux/aarch64 -I./linux/generic -I/home/user/nx679j-stock/experiments/refs/strace-7.2/src/linux/generic -I. -I/home/user/nx679j-stock/experiments/refs/strace-7.2/src -isystem /home/user/nx679j-stock/experiments/refs/strace-7.2/bundled/linux/arch/arm64/include/uapi -isystem /home/user/nx679j-stock/experiments/refs/strace-7.2/bundled/linux/include/uapi -DIN_STRACE=1      -isystem /home/user/nx679j-stock/experiments/refs/strace-7.2/bundled/linux/arch/arm64/include/uapi -isystem /home/user/nx679j-stock/experiments/refs/strace-7.2/bundled/linux/include/uapi -Wall -Wextra -Wno-missing-field-initializers -Wno-unused-parameter -Wdate-time -Wformat-security -Wimplicit-fallthrough=5 -Winit-self -Wlogical-op -Wmissing-prototypes -Wnested-externs -Wold-style-definition -Wtrampolines -Wundef -Wwrite-strings -Werror   -Os -Wall -Wextra -MT libstrace_a-getcwd.o -MD -MP -MF .deps/libstrace_a-getcwd.Tpo -c -o libstrace_a-getcwd.o `test -f 'getcwd.c' || echo '/home/user/nx679j-stock/experiments/refs/strace-7.2/src/'`getcwd.c
mv -f .deps/libstrace_a-filter_seccomp.Tpo .deps/libstrace_a-filter_seccomp.Po
aarch64-linux-gnu-gcc -DHAVE_CONFIG_H   -I./linux/aarch64 -I/home/user/nx679j-stock/experiments/refs/strace-7.2/src/linux/aarch64 -I./linux/generic -I/home/user/nx679j-stock/experiments/refs/strace-7.2/src/linux/generic -I. -I/home/user/nx679j-stock/experiments/refs/strace-7.2/src -isystem /home/user/nx679j-stock/experiments/refs/strace-7.2/bundled/linux/arch/arm64/include/uapi -isystem /home/user/nx679j-stock/experiments/refs/strace-7.2/bundled/linux/include/uapi -DIN_STRACE=1      -isystem /home/user/nx679j-stock/experiments/refs/strace-7.2/bundled/linux/arch/arm64/include/uapi -isystem /home/user/nx679j-stock/experiments/refs/strace-7.2/bundled/linux/include/uapi -Wall -Wextra -Wno-missing-field-initializers -Wno-unused-parameter -Wdate-time -Wformat-security -Wimplicit-fallthrough=5 -Winit-self -Wlogical-op -Wmissing-prototypes -Wnested-externs -Wold-style-definition -Wtrampolines -Wundef -Wwrite-strings -Werror   -Os -Wall -Wextra -MT libstrace_a-getpagesize.o -MD -MP -MF .deps/libstrace_a-getpagesize.Tpo -c -o libstrace_a-getpagesize.o `test -f 'getpagesize.c' || echo '/home/user/nx679j-stock/experiments/refs/strace-7.2/src/'`getpagesize.c
mv -f .deps/libstrace_a-get_personality.Tpo .deps/libstrace_a-get_personality.Po
aarch64-linux-gnu-gcc -DHAVE_CONFIG_H   -I./linux/aarch64 -I/home/user/nx679j-stock/experiments/refs/strace-7.2/src/linux/aarch64 -I./linux/generic -I/home/user/nx679j-stock/experiments/refs/strace-7.2/src/linux/generic -I. -I/home/user/nx679j-stock/experiments/refs/strace-7.2/src -isystem /home/user/nx679j-stock/experiments/refs/strace-7.2/bundled/linux/arch/arm64/include/uapi -isystem /home/user/nx679j-stock/experiments/refs/strace-7.2/bundled/linux/include/uapi -DIN_STRACE=1      -isystem /home/user/nx679j-stock/experiments/refs/strace-7.2/bundled/linux/arch/arm64/include/uapi -isystem /home/user/nx679j-stock/experiments/refs/strace-7.2/bundled/linux/include/uapi -Wall -Wextra -Wno-missing-field-initializers -Wno-unused-parameter -Wdate-time -Wformat-security -Wimplicit-fallthrough=5 -Winit-self -Wlogical-op -Wmissing-prototypes -Wnested-externs -Wold-style-definition -Wtrampolines -Wundef -Wwrite-strings -Werror   -Os -Wall -Wextra -MT libstrace_a-getpid.o -MD -MP -MF .deps/libstrace_a-getpid.Tpo -c -o libstrace_a-getpid.o `test -f 'getpid.c' || echo '/home/user/nx679j-stock/experiments/refs/strace-7.2/src/'`getpid.c
mv -f .deps/libstrace_a-filter_qualify.Tpo .deps/libstrace_a-filter_qualify.Po
aarch64-linux-gnu-gcc -DHAVE_CONFIG_H   -I./linux/aarch64 -I/home/user/nx679j-stock/experiments/refs/strace-7.2/src/linux/aarch64 -I./linux/generic -I/home/user/nx679j-stock/experiments/refs/strace-7.2/src/linux/generic -I. -I/home/user/nx679j-stock/experiments/refs/strace-7.2/src -isystem /home/user/nx679j-stock/experiments/refs/strace-7.2/bundled/linux/arch/arm64/include/uapi -isystem /home/user/nx679j-stock/experiments/refs/strace-7.2/bundled/linux/include/uapi -DIN_STRACE=1      -isystem /home/user/nx679j-stock/experiments/refs/strace-7.2/bundled/linux/arch/arm64/include/uapi -isystem /home/user/nx679j-stock/experiments/refs/strace-7.2/bundled/linux/include/uapi -Wall -Wextra -Wno-missing-field-initializers -Wno-unused-parameter -Wdate-time -Wformat-security -Wimplicit-fallthrough=5 -Winit-self -Wlogical-op -Wmissing-prototypes -Wnested-externs -Wold-style-definition -Wtrampolines -Wundef -Wwrite-strings -Werror   -Os -Wall -Wextra -MT libstrace_a-getrandom.o -MD -MP -MF .deps/libstrace_a-getrandom.Tpo -c -o libstrace_a-getrandom.o `test -f 'getrandom.c' || echo '/home/user/nx679j-stock/experiments/refs/strace-7.2/src/'`getrandom.c
mv -f .deps/libstrace_a-futex.Tpo .deps/libstrace_a-futex.Po
aarch64-linux-gnu-gcc -DHAVE_CONFIG_H   -I./linux/aarch64 -I/home/user/nx679j-stock/experiments/refs/strace-7.2/src/linux/aarch64 -I./linux/generic -I/home/user/nx679j-stock/experiments/refs/strace-7.2/src/linux/generic -I. -I/home/user/nx679j-stock/experiments/refs/strace-7.2/src -isystem /home/user/nx679j-stock/experiments/refs/strace-7.2/bundled/linux/arch/arm64/include/uapi -isystem /home/user/nx679j-stock/experiments/refs/strace-7.2/bundled/linux/include/uapi -DIN_STRACE=1      -isystem /home/user/nx679j-stock/experiments/refs/strace-7.2/bundled/linux/arch/arm64/include/uapi -isystem /home/user/nx679j-stock/experiments/refs/strace-7.2/bundled/linux/include/uapi -Wall -Wextra -Wno-missing-field-initializers -Wno-unused-parameter -Wdate-time -Wformat-security -Wimplicit-fallthrough=5 -Winit-self -Wlogical-op -Wmissing-prototypes -Wnested-externs -Wold-style-definition -Wtrampolines -Wundef -Wwrite-strings -Werror   -Os -Wall -Wextra -MT libstrace_a-gpio_ioctl.o -MD -MP -MF .deps/libstrace_a-gpio_ioctl.Tpo -c -o libstrace_a-gpio_ioctl.o `test -f 'gpio_ioctl.c' || echo '/home/user/nx679j-stock/experiments/refs/strace-7.2/src/'`gpio_ioctl.c
mv -f .deps/libstrace_a-getcwd.Tpo .deps/libstrace_a-getcwd.Po
aarch64-linux-gnu-gcc -DHAVE_CONFIG_H   -I./linux/aarch64 -I/home/user/nx679j-stock/experiments/refs/strace-7.2/src/linux/aarch64 -I./linux/generic -I/home/user/nx679j-stock/experiments/refs/strace-7.2/src/linux/generic -I. -I/home/user/nx679j-stock/experiments/refs/strace-7.2/src -isystem /home/user/nx679j-stock/experiments/refs/strace-7.2/bundled/linux/arch/arm64/include/uapi -isystem /home/user/nx679j-stock/experiments/refs/strace-7.2/bundled/linux/include/uapi -DIN_STRACE=1      -isystem /home/user/nx679j-stock/experiments/refs/strace-7.2/bundled/linux/arch/arm64/include/uapi -isystem /home/user/nx679j-stock/experiments/refs/strace-7.2/bundled/linux/include/uapi -Wall -Wextra -Wno-missing-field-initializers -Wno-unused-parameter -Wdate-time -Wformat-security -Wimplicit-fallthrough=5 -Winit-self -Wlogical-op -Wmissing-prototypes -Wnested-externs -Wold-style-definition -Wtrampolines -Wundef -Wwrite-strings -Werror   -Os -Wall -Wextra -MT libstrace_a-hdio.o -MD -MP -MF .deps/libstrace_a-hdio.Tpo -c -o libstrace_a-hdio.o `test -f 'hdio.c' || echo '/home/user/nx679j-stock/experiments/refs/strace-7.2/src/'`hdio.c
mv -f .deps/libstrace_a-getcpu.Tpo .deps/libstrace_a-getcpu.Po
aarch64-linux-gnu-gcc -DHAVE_CONFIG_H   -I./linux/aarch64 -I/home/user/nx679j-stock/experiments/refs/strace-7.2/src/linux/aarch64 -I./linux/generic -I/home/user/nx679j-stock/experiments/refs/strace-7.2/src/linux/generic -I. -I/home/user/nx679j-stock/experiments/refs/strace-7.2/src -isystem /home/user/nx679j-stock/experiments/refs/strace-7.2/bundled/linux/arch/arm64/include/uapi -isystem /home/user/nx679j-stock/experiments/refs/strace-7.2/bundled/linux/include/uapi -DIN_STRACE=1      -isystem /home/user/nx679j-stock/experiments/refs/strace-7.2/bundled/linux/arch/arm64/include/uapi -isystem /home/user/nx679j-stock/experiments/refs/strace-7.2/bundled/linux/include/uapi -Wall -Wextra -Wno-missing-field-initializers -Wno-unused-parameter -Wdate-time -Wformat-security -Wimplicit-fallthrough=5 -Winit-self -Wlogical-op -Wmissing-prototypes -Wnested-externs -Wold-style-definition -Wtrampolines -Wundef -Wwrite-strings -Werror   -Os -Wall -Wextra -MT libstrace_a-hostname.o -MD -MP -MF .deps/libstrace_a-hostname.Tpo -c -o libstrace_a-hostname.o `test -f 'hostname.c' || echo '/home/user/nx679j-stock/experiments/refs/strace-7.2/src/'`hostname.c
mv -f .deps/libstrace_a-get_robust_list.Tpo .deps/libstrace_a-get_robust_list.Po
aarch64-linux-gnu-gcc -DHAVE_CONFIG_H   -I./linux/aarch64 -I/home/user/nx679j-stock/experiments/refs/strace-7.2/src/linux/aarch64 -I./linux/generic -I/home/user/nx679j-stock/experiments/refs/strace-7.2/src/linux/generic -I. -I/home/user/nx679j-stock/experiments/refs/strace-7.2/src -isystem /home/user/nx679j-stock/experiments/refs/strace-7.2/bundled/linux/arch/arm64/include/uapi -isystem /home/user/nx679j-stock/experiments/refs/strace-7.2/bundled/linux/include/uapi -DIN_STRACE=1      -isystem /home/user/nx679j-stock/experiments/refs/strace-7.2/bundled/linux/arch/arm64/include/uapi -isystem /home/user/nx679j-stock/experiments/refs/strace-7.2/bundled/linux/include/uapi -Wall -Wextra -Wno-missing-field-initializers -Wno-unused-parameter -Wdate-time -Wformat-security -Wimplicit-fallthrough=5 -Winit-self -Wlogical-op -Wmissing-prototypes -Wnested-externs -Wold-style-definition -Wtrampolines -Wundef -Wwrite-strings -Werror   -Os -Wall -Wextra -MT libstrace_a-inotify.o -MD -MP -MF .deps/libstrace_a-inotify.Tpo -c -o libstrace_a-inotify.o `test -f 'inotify.c' || echo '/home/user/nx679j-stock/experiments/refs/strace-7.2/src/'`inotify.c
mv -f .deps/libstrace_a-getpagesize.Tpo .deps/libstrace_a-getpagesize.Po
mv -f .deps/libstrace_a-futex2.Tpo .deps/libstrace_a-futex2.Po
aarch64-linux-gnu-gcc -DHAVE_CONFIG_H   -I./linux/aarch64 -I/home/user/nx679j-stock/experiments/refs/strace-7.2/src/linux/aarch64 -I./linux/generic -I/home/user/nx679j-stock/experiments/refs/strace-7.2/src/linux/generic -I. -I/home/user/nx679j-stock/experiments/refs/strace-7.2/src -isystem /home/user/nx679j-stock/experiments/refs/strace-7.2/bundled/linux/arch/arm64/include/uapi -isystem /home/user/nx679j-stock/experiments/refs/strace-7.2/bundled/linux/include/uapi -DIN_STRACE=1      -isystem /home/user/nx679j-stock/experiments/refs/strace-7.2/bundled/linux/arch/arm64/include/uapi -isystem /home/user/nx679j-stock/experiments/refs/strace-7.2/bundled/linux/include/uapi -Wall -Wextra -Wno-missing-field-initializers -Wno-unused-parameter -Wdate-time -Wformat-security -Wimplicit-fallthrough=5 -Winit-self -Wlogical-op -Wmissing-prototypes -Wnested-externs -Wold-style-definition -Wtrampolines -Wundef -Wwrite-strings -Werror   -Os -Wall -Wextra -MT libstrace_a-inotify_ioctl.o -MD -MP -MF .deps/libstrace_a-inotify_ioctl.Tpo -c -o libstrace_a-inotify_ioctl.o `test -f 'inotify_ioctl.c' || echo '/home/user/nx679j-stock/experiments/refs/strace-7.2/src/'`inotify_ioctl.c
aarch64-linux-gnu-gcc -DHAVE_CONFIG_H   -I./linux/aarch64 -I/home/user/nx679j-stock/experiments/refs/strace-7.2/src/linux/aarch64 -I./linux/generic -I/home/user/nx679j-stock/experiments/refs/strace-7.2/src/linux/generic -I. -I/home/user/nx679j-stock/experiments/refs/strace-7.2/src -isystem /home/user/nx679j-stock/experiments/refs/strace-7.2/bundled/linux/arch/arm64/include/uapi -isystem /home/user/nx679j-stock/experiments/refs/strace-7.2/bundled/linux/include/uapi -DIN_STRACE=1      -isystem /home/user/nx679j-stock/experiments/refs/strace-7.2/bundled/linux/arch/arm64/include/uapi -isystem /home/user/nx679j-stock/experiments/refs/strace-7.2/bundled/linux/include/uapi -Wall -Wextra -Wno-missing-field-initializers -Wno-unused-parameter -Wdate-time -Wformat-security -Wimplicit-fallthrough=5 -Winit-self -Wlogical-op -Wmissing-prototypes -Wnested-externs -Wold-style-definition -Wtrampolines -Wundef -Wwrite-strings -Werror   -Os -Wall -Wextra -MT libstrace_a-io.o -MD -MP -MF .deps/libstrace_a-io.Tpo -c -o libstrace_a-io.o `test -f 'io.c' || echo '/home/user/nx679j-stock/experiments/refs/strace-7.2/src/'`io.c
mv -f .deps/libstrace_a-getpid.Tpo .deps/libstrace_a-getpid.Po
aarch64-linux-gnu-gcc -DHAVE_CONFIG_H   -I./linux/aarch64 -I/home/user/nx679j-stock/experiments/refs/strace-7.2/src/linux/aarch64 -I./linux/generic -I/home/user/nx679j-stock/experiments/refs/strace-7.2/src/linux/generic -I. -I/home/user/nx679j-stock/experiments/refs/strace-7.2/src -isystem /home/user/nx679j-stock/experiments/refs/strace-7.2/bundled/linux/arch/arm64/include/uapi -isystem /home/user/nx679j-stock/experiments/refs/strace-7.2/bundled/linux/include/uapi -DIN_STRACE=1      -isystem /home/user/nx679j-stock/experiments/refs/strace-7.2/bundled/linux/arch/arm64/include/uapi -isystem /home/user/nx679j-stock/experiments/refs/strace-7.2/bundled/linux/include/uapi -Wall -Wextra -Wno-missing-field-initializers -Wno-unused-parameter -Wdate-time -Wformat-security -Wimplicit-fallthrough=5 -Winit-self -Wlogical-op -Wmissing-prototypes -Wnested-externs -Wold-style-definition -Wtrampolines -Wundef -Wwrite-strings -Werror   -Os -Wall -Wextra -MT libstrace_a-io_uring.o -MD -MP -MF .deps/libstrace_a-io_uring.Tpo -c -o libstrace_a-io_uring.o `test -f 'io_uring.c' || echo '/home/user/nx679j-stock/experiments/refs/strace-7.2/src/'`io_uring.c
mv -f .deps/libstrace_a-getrandom.Tpo .deps/libstrace_a-getrandom.Po
aarch64-linux-gnu-gcc -DHAVE_CONFIG_H   -I./linux/aarch64 -I/home/user/nx679j-stock/experiments/refs/strace-7.2/src/linux/aarch64 -I./linux/generic -I/home/user/nx679j-stock/experiments/refs/strace-7.2/src/linux/generic -I. -I/home/user/nx679j-stock/experiments/refs/strace-7.2/src -isystem /home/user/nx679j-stock/experiments/refs/strace-7.2/bundled/linux/arch/arm64/include/uapi -isystem /home/user/nx679j-stock/experiments/refs/strace-7.2/bundled/linux/include/uapi -DIN_STRACE=1      -isystem /home/user/nx679j-stock/experiments/refs/strace-7.2/bundled/linux/arch/arm64/include/uapi -isystem /home/user/nx679j-stock/experiments/refs/strace-7.2/bundled/linux/include/uapi -Wall -Wextra -Wno-missing-field-initializers -Wno-unused-parameter -Wdate-time -Wformat-security -Wimplicit-fallthrough=5 -Winit-self -Wlogical-op -Wmissing-prototypes -Wnested-externs -Wold-style-definition -Wtrampolines -Wundef -Wwrite-strings -Werror   -Os -Wall -Wextra -MT libstrace_a-ioctl.o -MD -MP -MF .deps/libstrace_a-ioctl.Tpo -c -o libstrace_a-ioctl.o `test -f 'ioctl.c' || echo '/home/user/nx679j-stock/experiments/refs/strace-7.2/src/'`ioctl.c
mv -f .deps/libstrace_a-hdio.Tpo .deps/libstrace_a-hdio.Po
aarch64-linux-gnu-gcc -DHAVE_CONFIG_H   -I./linux/aarch64 -I/home/user/nx679j-stock/experiments/refs/strace-7.2/src/linux/aarch64 -I./linux/generic -I/home/user/nx679j-stock/experiments/refs/strace-7.2/src/linux/generic -I. -I/home/user/nx679j-stock/experiments/refs/strace-7.2/src -isystem /home/user/nx679j-stock/experiments/refs/strace-7.2/bundled/linux/arch/arm64/include/uapi -isystem /home/user/nx679j-stock/experiments/refs/strace-7.2/bundled/linux/include/uapi -DIN_STRACE=1      -isystem /home/user/nx679j-stock/experiments/refs/strace-7.2/bundled/linux/arch/arm64/include/uapi -isystem /home/user/nx679j-stock/experiments/refs/strace-7.2/bundled/linux/include/uapi -Wall -Wextra -Wno-missing-field-initializers -Wno-unused-parameter -Wdate-time -Wformat-security -Wimplicit-fallthrough=5 -Winit-self -Wlogical-op -Wmissing-prototypes -Wnested-externs -Wold-style-definition -Wtrampolines -Wundef -Wwrite-strings -Werror   -Os -Wall -Wextra -MT libstrace_a-ioperm.o -MD -MP -MF .deps/libstrace_a-ioperm.Tpo -c -o libstrace_a-ioperm.o `test -f 'ioperm.c' || echo '/home/user/nx679j-stock/experiments/refs/strace-7.2/src/'`ioperm.c
mv -f .deps/libstrace_a-hostname.Tpo .deps/libstrace_a-hostname.Po
aarch64-linux-gnu-gcc -DHAVE_CONFIG_H   -I./linux/aarch64 -I/home/user/nx679j-stock/experiments/refs/strace-7.2/src/linux/aarch64 -I./linux/generic -I/home/user/nx679j-stock/experiments/refs/strace-7.2/src/linux/generic -I. -I/home/user/nx679j-stock/experiments/refs/strace-7.2/src -isystem /home/user/nx679j-stock/experiments/refs/strace-7.2/bundled/linux/arch/arm64/include/uapi -isystem /home/user/nx679j-stock/experiments/refs/strace-7.2/bundled/linux/include/uapi -DIN_STRACE=1      -isystem /home/user/nx679j-stock/experiments/refs/strace-7.2/bundled/linux/arch/arm64/include/uapi -isystem /home/user/nx679j-stock/experiments/refs/strace-7.2/bundled/linux/include/uapi -Wall -Wextra -Wno-missing-field-initializers -Wno-unused-parameter -Wdate-time -Wformat-security -Wimplicit-fallthrough=5 -Winit-self -Wlogical-op -Wmissing-prototypes -Wnested-externs -Wold-style-definition -Wtrampolines -Wundef -Wwrite-strings -Werror   -Os -Wall -Wextra -MT libstrace_a-iopl.o -MD -MP -MF .deps/libstrace_a-iopl.Tpo -c -o libstrace_a-iopl.o `test -f 'iopl.c' || echo '/home/user/nx679j-stock/experiments/refs/strace-7.2/src/'`iopl.c
mv -f .deps/libstrace_a-inotify_ioctl.Tpo .deps/libstrace_a-inotify_ioctl.Po
aarch64-linux-gnu-gcc -DHAVE_CONFIG_H   -I./linux/aarch64 -I/home/user/nx679j-stock/experiments/refs/strace-7.2/src/linux/aarch64 -I./linux/generic -I/home/user/nx679j-stock/experiments/refs/strace-7.2/src/linux/generic -I. -I/home/user/nx679j-stock/experiments/refs/strace-7.2/src -isystem /home/user/nx679j-stock/experiments/refs/strace-7.2/bundled/linux/arch/arm64/include/uapi -isystem /home/user/nx679j-stock/experiments/refs/strace-7.2/bundled/linux/include/uapi -DIN_STRACE=1      -isystem /home/user/nx679j-stock/experiments/refs/strace-7.2/bundled/linux/arch/arm64/include/uapi -isystem /home/user/nx679j-stock/experiments/refs/strace-7.2/bundled/linux/include/uapi -Wall -Wextra -Wno-missing-field-initializers -Wno-unused-parameter -Wdate-time -Wformat-security -Wimplicit-fallthrough=5 -Winit-self -Wlogical-op -Wmissing-prototypes -Wnested-externs -Wold-style-definition -Wtrampolines -Wundef -Wwrite-strings -Werror   -Os -Wall -Wextra -MT libstrace_a-ioprio.o -MD -MP -MF .deps/libstrace_a-ioprio.Tpo -c -o libstrace_a-ioprio.o `test -f 'ioprio.c' || echo '/home/user/nx679j-stock/experiments/refs/strace-7.2/src/'`ioprio.c
mv -f .deps/libstrace_a-inotify.Tpo .deps/libstrace_a-inotify.Po
aarch64-linux-gnu-gcc -DHAVE_CONFIG_H   -I./linux/aarch64 -I/home/user/nx679j-stock/experiments/refs/strace-7.2/src/linux/aarch64 -I./linux/generic -I/home/user/nx679j-stock/experiments/refs/strace-7.2/src/linux/generic -I. -I/home/user/nx679j-stock/experiments/refs/strace-7.2/src -isystem /home/user/nx679j-stock/experiments/refs/strace-7.2/bundled/linux/arch/arm64/include/uapi -isystem /home/user/nx679j-stock/experiments/refs/strace-7.2/bundled/linux/include/uapi -DIN_STRACE=1      -isystem /home/user/nx679j-stock/experiments/refs/strace-7.2/bundled/linux/arch/arm64/include/uapi -isystem /home/user/nx679j-stock/experiments/refs/strace-7.2/bundled/linux/include/uapi -Wall -Wextra -Wno-missing-field-initializers -Wno-unused-parameter -Wdate-time -Wformat-security -Wimplicit-fallthrough=5 -Winit-self -Wlogical-op -Wmissing-prototypes -Wnested-externs -Wold-style-definition -Wtrampolines -Wundef -Wwrite-strings -Werror   -Os -Wall -Wextra -MT libstrace_a-ipc.o -MD -MP -MF .deps/libstrace_a-ipc.Tpo -c -o libstrace_a-ipc.o `test -f 'ipc.c' || echo '/home/user/nx679j-stock/experiments/refs/strace-7.2/src/'`ipc.c
mv -f .deps/libstrace_a-ioperm.Tpo .deps/libstrace_a-ioperm.Po
mv -f .deps/libstrace_a-iopl.Tpo .deps/libstrace_a-iopl.Po
aarch64-linux-gnu-gcc -DHAVE_CONFIG_H   -I./linux/aarch64 -I/home/user/nx679j-stock/experiments/refs/strace-7.2/src/linux/aarch64 -I./linux/generic -I/home/user/nx679j-stock/experiments/refs/strace-7.2/src/linux/generic -I. -I/home/user/nx679j-stock/experiments/refs/strace-7.2/src -isystem /home/user/nx679j-stock/experiments/refs/strace-7.2/bundled/linux/arch/arm64/include/uapi -isystem /home/user/nx679j-stock/experiments/refs/strace-7.2/bundled/linux/include/uapi -DIN_STRACE=1      -isystem /home/user/nx679j-stock/experiments/refs/strace-7.2/bundled/linux/arch/arm64/include/uapi -isystem /home/user/nx679j-stock/experiments/refs/strace-7.2/bundled/linux/include/uapi -Wall -Wextra -Wno-missing-field-initializers -Wno-unused-parameter -Wdate-time -Wformat-security -Wimplicit-fallthrough=5 -Winit-self -Wlogical-op -Wmissing-prototypes -Wnested-externs -Wold-style-definition -Wtrampolines -Wundef -Wwrite-strings -Werror   -Os -Wall -Wextra -MT libstrace_a-ipc_msg.o -MD -MP -MF .deps/libstrace_a-ipc_msg.Tpo -c -o libstrace_a-ipc_msg.o `test -f 'ipc_msg.c' || echo '/home/user/nx679j-stock/experiments/refs/strace-7.2/src/'`ipc_msg.c
aarch64-linux-gnu-gcc -DHAVE_CONFIG_H   -I./linux/aarch64 -I/home/user/nx679j-stock/experiments/refs/strace-7.2/src/linux/aarch64 -I./linux/generic -I/home/user/nx679j-stock/experiments/refs/strace-7.2/src/linux/generic -I. -I/home/user/nx679j-stock/experiments/refs/strace-7.2/src -isystem /home/user/nx679j-stock/experiments/refs/strace-7.2/bundled/linux/arch/arm64/include/uapi -isystem /home/user/nx679j-stock/experiments/refs/strace-7.2/bundled/linux/include/uapi -DIN_STRACE=1      -isystem /home/user/nx679j-stock/experiments/refs/strace-7.2/bundled/linux/arch/arm64/include/uapi -isystem /home/user/nx679j-stock/experiments/refs/strace-7.2/bundled/linux/include/uapi -Wall -Wextra -Wno-missing-field-initializers -Wno-unused-parameter -Wdate-time -Wformat-security -Wimplicit-fallthrough=5 -Winit-self -Wlogical-op -Wmissing-prototypes -Wnested-externs -Wold-style-definition -Wtrampolines -Wundef -Wwrite-strings -Werror   -Os -Wall -Wextra -MT libstrace_a-ipc_msgctl.o -MD -MP -MF .deps/libstrace_a-ipc_msgctl.Tpo -c -o libstrace_a-ipc_msgctl.o `test -f 'ipc_msgctl.c' || echo '/home/user/nx679j-stock/experiments/refs/strace-7.2/src/'`ipc_msgctl.c
mv -f .deps/libstrace_a-io.Tpo .deps/libstrace_a-io.Po
aarch64-linux-gnu-gcc -DHAVE_CONFIG_H   -I./linux/aarch64 -I/home/user/nx679j-stock/experiments/refs/strace-7.2/src/linux/aarch64 -I./linux/generic -I/home/user/nx679j-stock/experiments/refs/strace-7.2/src/linux/generic -I. -I/home/user/nx679j-stock/experiments/refs/strace-7.2/src -isystem /home/user/nx679j-stock/experiments/refs/strace-7.2/bundled/linux/arch/arm64/include/uapi -isystem /home/user/nx679j-stock/experiments/refs/strace-7.2/bundled/linux/include/uapi -DIN_STRACE=1      -isystem /home/user/nx679j-stock/experiments/refs/strace-7.2/bundled/linux/arch/arm64/include/uapi -isystem /home/user/nx679j-stock/experiments/refs/strace-7.2/bundled/linux/include/uapi -Wall -Wextra -Wno-missing-field-initializers -Wno-unused-parameter -Wdate-time -Wformat-security -Wimplicit-fallthrough=5 -Winit-self -Wlogical-op -Wmissing-prototypes -Wnested-externs -Wold-style-definition -Wtrampolines -Wundef -Wwrite-strings -Werror   -Os -Wall -Wextra -MT libstrace_a-ipc_sem.o -MD -MP -MF .deps/libstrace_a-ipc_sem.Tpo -c -o libstrace_a-ipc_sem.o `test -f 'ipc_sem.c' || echo '/home/user/nx679j-stock/experiments/refs/strace-7.2/src/'`ipc_sem.c
mv -f .deps/libstrace_a-gpio_ioctl.Tpo .deps/libstrace_a-gpio_ioctl.Po
mv -f .deps/libstrace_a-ipc.Tpo .deps/libstrace_a-ipc.Po
aarch64-linux-gnu-gcc -DHAVE_CONFIG_H   -I./linux/aarch64 -I/home/user/nx679j-stock/experiments/refs/strace-7.2/src/linux/aarch64 -I./linux/generic -I/home/user/nx679j-stock/experiments/refs/strace-7.2/src/linux/generic -I. -I/home/user/nx679j-stock/experiments/refs/strace-7.2/src -isystem /home/user/nx679j-stock/experiments/refs/strace-7.2/bundled/linux/arch/arm64/include/uapi -isystem /home/user/nx679j-stock/experiments/refs/strace-7.2/bundled/linux/include/uapi -DIN_STRACE=1      -isystem /home/user/nx679j-stock/experiments/refs/strace-7.2/bundled/linux/arch/arm64/include/uapi -isystem /home/user/nx679j-stock/experiments/refs/strace-7.2/bundled/linux/include/uapi -Wall -Wextra -Wno-missing-field-initializers -Wno-unused-parameter -Wdate-time -Wformat-security -Wimplicit-fallthrough=5 -Winit-self -Wlogical-op -Wmissing-prototypes -Wnested-externs -Wold-style-definition -Wtrampolines -Wundef -Wwrite-strings -Werror   -Os -Wall -Wextra -MT libstrace_a-ipc_semctl.o -MD -MP -MF .deps/libstrace_a-ipc_semctl.Tpo -c -o libstrace_a-ipc_semctl.o `test -f 'ipc_semctl.c' || echo '/home/user/nx679j-stock/experiments/refs/strace-7.2/src/'`ipc_semctl.c
aarch64-linux-gnu-gcc -DHAVE_CONFIG_H   -I./linux/aarch64 -I/home/user/nx679j-stock/experiments/refs/strace-7.2/src/linux/aarch64 -I./linux/generic -I/home/user/nx679j-stock/experiments/refs/strace-7.2/src/linux/generic -I. -I/home/user/nx679j-stock/experiments/refs/strace-7.2/src -isystem /home/user/nx679j-stock/experiments/refs/strace-7.2/bundled/linux/arch/arm64/include/uapi -isystem /home/user/nx679j-stock/experiments/refs/strace-7.2/bundled/linux/include/uapi -DIN_STRACE=1      -isystem /home/user/nx679j-stock/experiments/refs/strace-7.2/bundled/linux/arch/arm64/include/uapi -isystem /home/user/nx679j-stock/experiments/refs/strace-7.2/bundled/linux/include/uapi -Wall -Wextra -Wno-missing-field-initializers -Wno-unused-parameter -Wdate-time -Wformat-security -Wimplicit-fallthrough=5 -Winit-self -Wlogical-op -Wmissing-prototypes -Wnested-externs -Wold-style-definition -Wtrampolines -Wundef -Wwrite-strings -Werror   -Os -Wall -Wextra -MT libstrace_a-ipc_shm.o -MD -MP -MF .deps/libstrace_a-ipc_shm.Tpo -c -o libstrace_a-ipc_shm.o `test -f 'ipc_shm.c' || echo '/home/user/nx679j-stock/experiments/refs/strace-7.2/src/'`ipc_shm.c
mv -f .deps/libstrace_a-ioprio.Tpo .deps/libstrace_a-ioprio.Po
aarch64-linux-gnu-gcc -DHAVE_CONFIG_H   -I./linux/aarch64 -I/home/user/nx679j-stock/experiments/refs/strace-7.2/src/linux/aarch64 -I./linux/generic -I/home/user/nx679j-stock/experiments/refs/strace-7.2/src/linux/generic -I. -I/home/user/nx679j-stock/experiments/refs/strace-7.2/src -isystem /home/user/nx679j-stock/experiments/refs/strace-7.2/bundled/linux/arch/arm64/include/uapi -isystem /home/user/nx679j-stock/experiments/refs/strace-7.2/bundled/linux/include/uapi -DIN_STRACE=1      -isystem /home/user/nx679j-stock/experiments/refs/strace-7.2/bundled/linux/arch/arm64/include/uapi -isystem /home/user/nx679j-stock/experiments/refs/strace-7.2/bundled/linux/include/uapi -Wall -Wextra -Wno-missing-field-initializers -Wno-unused-parameter -Wdate-time -Wformat-security -Wimplicit-fallthrough=5 -Winit-self -Wlogical-op -Wmissing-prototypes -Wnested-externs -Wold-style-definition -Wtrampolines -Wundef -Wwrite-strings -Werror   -Os -Wall -Wextra -MT libstrace_a-ipc_shmctl.o -MD -MP -MF .deps/libstrace_a-ipc_shmctl.Tpo -c -o libstrace_a-ipc_shmctl.o `test -f 'ipc_shmctl.c' || echo '/home/user/nx679j-stock/experiments/refs/strace-7.2/src/'`ipc_shmctl.c
mv -f .deps/libstrace_a-ipc_msg.Tpo .deps/libstrace_a-ipc_msg.Po
aarch64-linux-gnu-gcc -DHAVE_CONFIG_H   -I./linux/aarch64 -I/home/user/nx679j-stock/experiments/refs/strace-7.2/src/linux/aarch64 -I./linux/generic -I/home/user/nx679j-stock/experiments/refs/strace-7.2/src/linux/generic -I. -I/home/user/nx679j-stock/experiments/refs/strace-7.2/src -isystem /home/user/nx679j-stock/experiments/refs/strace-7.2/bundled/linux/arch/arm64/include/uapi -isystem /home/user/nx679j-stock/experiments/refs/strace-7.2/bundled/linux/include/uapi -DIN_STRACE=1      -isystem /home/user/nx679j-stock/experiments/refs/strace-7.2/bundled/linux/arch/arm64/include/uapi -isystem /home/user/nx679j-stock/experiments/refs/strace-7.2/bundled/linux/include/uapi -Wall -Wextra -Wno-missing-field-initializers -Wno-unused-parameter -Wdate-time -Wformat-security -Wimplicit-fallthrough=5 -Winit-self -Wlogical-op -Wmissing-prototypes -Wnested-externs -Wold-style-definition -Wtrampolines -Wundef -Wwrite-strings -Werror   -Os -Wall -Wextra -MT libstrace_a-kcmp.o -MD -MP -MF .deps/libstrace_a-kcmp.Tpo -c -o libstrace_a-kcmp.o `test -f 'kcmp.c' || echo '/home/user/nx679j-stock/experiments/refs/strace-7.2/src/'`kcmp.c
mv -f .deps/libstrace_a-ioctl.Tpo .deps/libstrace_a-ioctl.Po
aarch64-linux-gnu-gcc -DHAVE_CONFIG_H   -I./linux/aarch64 -I/home/user/nx679j-stock/experiments/refs/strace-7.2/src/linux/aarch64 -I./linux/generic -I/home/user/nx679j-stock/experiments/refs/strace-7.2/src/linux/generic -I. -I/home/user/nx679j-stock/experiments/refs/strace-7.2/src -isystem /home/user/nx679j-stock/experiments/refs/strace-7.2/bundled/linux/arch/arm64/include/uapi -isystem /home/user/nx679j-stock/experiments/refs/strace-7.2/bundled/linux/include/uapi -DIN_STRACE=1      -isystem /home/user/nx679j-stock/experiments/refs/strace-7.2/bundled/linux/arch/arm64/include/uapi -isystem /home/user/nx679j-stock/experiments/refs/strace-7.2/bundled/linux/include/uapi -Wall -Wextra -Wno-missing-field-initializers -Wno-unused-parameter -Wdate-time -Wformat-security -Wimplicit-fallthrough=5 -Winit-self -Wlogical-op -Wmissing-prototypes -Wnested-externs -Wold-style-definition -Wtrampolines -Wundef -Wwrite-strings -Werror   -Os -Wall -Wextra -MT libstrace_a-kd_ioctl.o -MD -MP -MF .deps/libstrace_a-kd_ioctl.Tpo -c -o libstrace_a-kd_ioctl.o `test -f 'kd_ioctl.c' || echo '/home/user/nx679j-stock/experiments/refs/strace-7.2/src/'`kd_ioctl.c
mv -f .deps/libstrace_a-ipc_sem.Tpo .deps/libstrace_a-ipc_sem.Po
aarch64-linux-gnu-gcc -DHAVE_CONFIG_H   -I./linux/aarch64 -I/home/user/nx679j-stock/experiments/refs/strace-7.2/src/linux/aarch64 -I./linux/generic -I/home/user/nx679j-stock/experiments/refs/strace-7.2/src/linux/generic -I. -I/home/user/nx679j-stock/experiments/refs/strace-7.2/src -isystem /home/user/nx679j-stock/experiments/refs/strace-7.2/bundled/linux/arch/arm64/include/uapi -isystem /home/user/nx679j-stock/experiments/refs/strace-7.2/bundled/linux/include/uapi -DIN_STRACE=1      -isystem /home/user/nx679j-stock/experiments/refs/strace-7.2/bundled/linux/arch/arm64/include/uapi -isystem /home/user/nx679j-stock/experiments/refs/strace-7.2/bundled/linux/include/uapi -Wall -Wextra -Wno-missing-field-initializers -Wno-unused-parameter -Wdate-time -Wformat-security -Wimplicit-fallthrough=5 -Winit-self -Wlogical-op -Wmissing-prototypes -Wnested-externs -Wold-style-definition -Wtrampolines -Wundef -Wwrite-strings -Werror   -Os -Wall -Wextra -MT libstrace_a-kd_mpers_ioctl.o -MD -MP -MF .deps/libstrace_a-kd_mpers_ioctl.Tpo -c -o libstrace_a-kd_mpers_ioctl.o `test -f 'kd_mpers_ioctl.c' || echo '/home/user/nx679j-stock/experiments/refs/strace-7.2/src/'`kd_mpers_ioctl.c
mv -f .deps/libstrace_a-ipc_msgctl.Tpo .deps/libstrace_a-ipc_msgctl.Po
aarch64-linux-gnu-gcc -DHAVE_CONFIG_H   -I./linux/aarch64 -I/home/user/nx679j-stock/experiments/refs/strace-7.2/src/linux/aarch64 -I./linux/generic -I/home/user/nx679j-stock/experiments/refs/strace-7.2/src/linux/generic -I. -I/home/user/nx679j-stock/experiments/refs/strace-7.2/src -isystem /home/user/nx679j-stock/experiments/refs/strace-7.2/bundled/linux/arch/arm64/include/uapi -isystem /home/user/nx679j-stock/experiments/refs/strace-7.2/bundled/linux/include/uapi -DIN_STRACE=1      -isystem /home/user/nx679j-stock/experiments/refs/strace-7.2/bundled/linux/arch/arm64/include/uapi -isystem /home/user/nx679j-stock/experiments/refs/strace-7.2/bundled/linux/include/uapi -Wall -Wextra -Wno-missing-field-initializers -Wno-unused-parameter -Wdate-time -Wformat-security -Wimplicit-fallthrough=5 -Winit-self -Wlogical-op -Wmissing-prototypes -Wnested-externs -Wold-style-definition -Wtrampolines -Wundef -Wwrite-strings -Werror   -Os -Wall -Wextra -MT libstrace_a-kexec.o -MD -MP -MF .deps/libstrace_a-kexec.Tpo -c -o libstrace_a-kexec.o `test -f 'kexec.c' || echo '/home/user/nx679j-stock/experiments/refs/strace-7.2/src/'`kexec.c
mv -f .deps/libstrace_a-ipc_shm.Tpo .deps/libstrace_a-ipc_shm.Po
aarch64-linux-gnu-gcc -DHAVE_CONFIG_H   -I./linux/aarch64 -I/home/user/nx679j-stock/experiments/refs/strace-7.2/src/linux/aarch64 -I./linux/generic -I/home/user/nx679j-stock/experiments/refs/strace-7.2/src/linux/generic -I. -I/home/user/nx679j-stock/experiments/refs/strace-7.2/src -isystem /home/user/nx679j-stock/experiments/refs/strace-7.2/bundled/linux/arch/arm64/include/uapi -isystem /home/user/nx679j-stock/experiments/refs/strace-7.2/bundled/linux/include/uapi -DIN_STRACE=1      -isystem /home/user/nx679j-stock/experiments/refs/strace-7.2/bundled/linux/arch/arm64/include/uapi -isystem /home/user/nx679j-stock/experiments/refs/strace-7.2/bundled/linux/include/uapi -Wall -Wextra -Wno-missing-field-initializers -Wno-unused-parameter -Wdate-time -Wformat-security -Wimplicit-fallthrough=5 -Winit-self -Wlogical-op -Wmissing-prototypes -Wnested-externs -Wold-style-definition -Wtrampolines -Wundef -Wwrite-strings -Werror   -Os -Wall -Wextra -MT libstrace_a-keyctl.o -MD -MP -MF .deps/libstrace_a-keyctl.Tpo -c -o libstrace_a-keyctl.o `test -f 'keyctl.c' || echo '/home/user/nx679j-stock/experiments/refs/strace-7.2/src/'`keyctl.c
mv -f .deps/libstrace_a-kcmp.Tpo .deps/libstrace_a-kcmp.Po
aarch64-linux-gnu-gcc -DHAVE_CONFIG_H   -I./linux/aarch64 -I/home/user/nx679j-stock/experiments/refs/strace-7.2/src/linux/aarch64 -I./linux/generic -I/home/user/nx679j-stock/experiments/refs/strace-7.2/src/linux/generic -I. -I/home/user/nx679j-stock/experiments/refs/strace-7.2/src -isystem /home/user/nx679j-stock/experiments/refs/strace-7.2/bundled/linux/arch/arm64/include/uapi -isystem /home/user/nx679j-stock/experiments/refs/strace-7.2/bundled/linux/include/uapi -DIN_STRACE=1      -isystem /home/user/nx679j-stock/experiments/refs/strace-7.2/bundled/linux/arch/arm64/include/uapi -isystem /home/user/nx679j-stock/experiments/refs/strace-7.2/bundled/linux/include/uapi -Wall -Wextra -Wno-missing-field-initializers -Wno-unused-parameter -Wdate-time -Wformat-security -Wimplicit-fallthrough=5 -Winit-self -Wlogical-op -Wmissing-prototypes -Wnested-externs -Wold-style-definition -Wtrampolines -Wundef -Wwrite-strings -Werror   -Os -Wall -Wextra -MT libstrace_a-kvm.o -MD -MP -MF .deps/libstrace_a-kvm.Tpo -c -o libstrace_a-kvm.o `test -f 'kvm.c' || echo '/home/user/nx679j-stock/experiments/refs/strace-7.2/src/'`kvm.c
mv -f .deps/libstrace_a-ipc_shmctl.Tpo .deps/libstrace_a-ipc_shmctl.Po
mv -f .deps/libstrace_a-ipc_semctl.Tpo .deps/libstrace_a-ipc_semctl.Po
aarch64-linux-gnu-gcc -DHAVE_CONFIG_H   -I./linux/aarch64 -I/home/user/nx679j-stock/experiments/refs/strace-7.2/src/linux/aarch64 -I./linux/generic -I/home/user/nx679j-stock/experiments/refs/strace-7.2/src/linux/generic -I. -I/home/user/nx679j-stock/experiments/refs/strace-7.2/src -isystem /home/user/nx679j-stock/experiments/refs/strace-7.2/bundled/linux/arch/arm64/include/uapi -isystem /home/user/nx679j-stock/experiments/refs/strace-7.2/bundled/linux/include/uapi -DIN_STRACE=1      -isystem /home/user/nx679j-stock/experiments/refs/strace-7.2/bundled/linux/arch/arm64/include/uapi -isystem /home/user/nx679j-stock/experiments/refs/strace-7.2/bundled/linux/include/uapi -Wall -Wextra -Wno-missing-field-initializers -Wno-unused-parameter -Wdate-time -Wformat-security -Wimplicit-fallthrough=5 -Winit-self -Wlogical-op -Wmissing-prototypes -Wnested-externs -Wold-style-definition -Wtrampolines -Wundef -Wwrite-strings -Werror   -Os -Wall -Wextra -MT libstrace_a-landlock.o -MD -MP -MF .deps/libstrace_a-landlock.Tpo -c -o libstrace_a-landlock.o `test -f 'landlock.c' || echo '/home/user/nx679j-stock/experiments/refs/strace-7.2/src/'`landlock.c
aarch64-linux-gnu-gcc -DHAVE_CONFIG_H   -I./linux/aarch64 -I/home/user/nx679j-stock/experiments/refs/strace-7.2/src/linux/aarch64 -I./linux/generic -I/home/user/nx679j-stock/experiments/refs/strace-7.2/src/linux/generic -I. -I/home/user/nx679j-stock/experiments/refs/strace-7.2/src -isystem /home/user/nx679j-stock/experiments/refs/strace-7.2/bundled/linux/arch/arm64/include/uapi -isystem /home/user/nx679j-stock/experiments/refs/strace-7.2/bundled/linux/include/uapi -DIN_STRACE=1      -isystem /home/user/nx679j-stock/experiments/refs/strace-7.2/bundled/linux/arch/arm64/include/uapi -isystem /home/user/nx679j-stock/experiments/refs/strace-7.2/bundled/linux/include/uapi -Wall -Wextra -Wno-missing-field-initializers -Wno-unused-parameter -Wdate-time -Wformat-security -Wimplicit-fallthrough=5 -Winit-self -Wlogical-op -Wmissing-prototypes -Wnested-externs -Wold-style-definition -Wtrampolines -Wundef -Wwrite-strings -Werror   -Os -Wall -Wextra -MT libstrace_a-ldt.o -MD -MP -MF .deps/libstrace_a-ldt.Tpo -c -o libstrace_a-ldt.o `test -f 'ldt.c' || echo '/home/user/nx679j-stock/experiments/refs/strace-7.2/src/'`ldt.c
mv -f .deps/libstrace_a-kexec.Tpo .deps/libstrace_a-kexec.Po
aarch64-linux-gnu-gcc -DHAVE_CONFIG_H   -I./linux/aarch64 -I/home/user/nx679j-stock/experiments/refs/strace-7.2/src/linux/aarch64 -I./linux/generic -I/home/user/nx679j-stock/experiments/refs/strace-7.2/src/linux/generic -I. -I/home/user/nx679j-stock/experiments/refs/strace-7.2/src -isystem /home/user/nx679j-stock/experiments/refs/strace-7.2/bundled/linux/arch/arm64/include/uapi -isystem /home/user/nx679j-stock/experiments/refs/strace-7.2/bundled/linux/include/uapi -DIN_STRACE=1      -isystem /home/user/nx679j-stock/experiments/refs/strace-7.2/bundled/linux/arch/arm64/include/uapi -isystem /home/user/nx679j-stock/experiments/refs/strace-7.2/bundled/linux/include/uapi -Wall -Wextra -Wno-missing-field-initializers -Wno-unused-parameter -Wdate-time -Wformat-security -Wimplicit-fallthrough=5 -Winit-self -Wlogical-op -Wmissing-prototypes -Wnested-externs -Wold-style-definition -Wtrampolines -Wundef -Wwrite-strings -Werror   -Os -Wall -Wextra -MT libstrace_a-link.o -MD -MP -MF .deps/libstrace_a-link.Tpo -c -o libstrace_a-link.o `test -f 'link.c' || echo '/home/user/nx679j-stock/experiments/refs/strace-7.2/src/'`link.c
mv -f .deps/libstrace_a-ldt.Tpo .deps/libstrace_a-ldt.Po
aarch64-linux-gnu-gcc -DHAVE_CONFIG_H   -I./linux/aarch64 -I/home/user/nx679j-stock/experiments/refs/strace-7.2/src/linux/aarch64 -I./linux/generic -I/home/user/nx679j-stock/experiments/refs/strace-7.2/src/linux/generic -I. -I/home/user/nx679j-stock/experiments/refs/strace-7.2/src -isystem /home/user/nx679j-stock/experiments/refs/strace-7.2/bundled/linux/arch/arm64/include/uapi -isystem /home/user/nx679j-stock/experiments/refs/strace-7.2/bundled/linux/include/uapi -DIN_STRACE=1      -isystem /home/user/nx679j-stock/experiments/refs/strace-7.2/bundled/linux/arch/arm64/include/uapi -isystem /home/user/nx679j-stock/experiments/refs/strace-7.2/bundled/linux/include/uapi -Wall -Wextra -Wno-missing-field-initializers -Wno-unused-parameter -Wdate-time -Wformat-security -Wimplicit-fallthrough=5 -Winit-self -Wlogical-op -Wmissing-prototypes -Wnested-externs -Wold-style-definition -Wtrampolines -Wundef -Wwrite-strings -Werror   -Os -Wall -Wextra -MT libstrace_a-lirc_ioctl.o -MD -MP -MF .deps/libstrace_a-lirc_ioctl.Tpo -c -o libstrace_a-lirc_ioctl.o `test -f 'lirc_ioctl.c' || echo '/home/user/nx679j-stock/experiments/refs/strace-7.2/src/'`lirc_ioctl.c
mv -f .deps/libstrace_a-landlock.Tpo .deps/libstrace_a-landlock.Po
aarch64-linux-gnu-gcc -DHAVE_CONFIG_H   -I./linux/aarch64 -I/home/user/nx679j-stock/experiments/refs/strace-7.2/src/linux/aarch64 -I./linux/generic -I/home/user/nx679j-stock/experiments/refs/strace-7.2/src/linux/generic -I. -I/home/user/nx679j-stock/experiments/refs/strace-7.2/src -isystem /home/user/nx679j-stock/experiments/refs/strace-7.2/bundled/linux/arch/arm64/include/uapi -isystem /home/user/nx679j-stock/experiments/refs/strace-7.2/bundled/linux/include/uapi -DIN_STRACE=1      -isystem /home/user/nx679j-stock/experiments/refs/strace-7.2/bundled/linux/arch/arm64/include/uapi -isystem /home/user/nx679j-stock/experiments/refs/strace-7.2/bundled/linux/include/uapi -Wall -Wextra -Wno-missing-field-initializers -Wno-unused-parameter -Wdate-time -Wformat-security -Wimplicit-fallthrough=5 -Winit-self -Wlogical-op -Wmissing-prototypes -Wnested-externs -Wold-style-definition -Wtrampolines -Wundef -Wwrite-strings -Werror   -Os -Wall -Wextra -MT libstrace_a-listen.o -MD -MP -MF .deps/libstrace_a-listen.Tpo -c -o libstrace_a-listen.o `test -f 'listen.c' || echo '/home/user/nx679j-stock/experiments/refs/strace-7.2/src/'`listen.c
mv -f .deps/libstrace_a-kd_mpers_ioctl.Tpo .deps/libstrace_a-kd_mpers_ioctl.Po
aarch64-linux-gnu-gcc -DHAVE_CONFIG_H   -I./linux/aarch64 -I/home/user/nx679j-stock/experiments/refs/strace-7.2/src/linux/aarch64 -I./linux/generic -I/home/user/nx679j-stock/experiments/refs/strace-7.2/src/linux/generic -I. -I/home/user/nx679j-stock/experiments/refs/strace-7.2/src -isystem /home/user/nx679j-stock/experiments/refs/strace-7.2/bundled/linux/arch/arm64/include/uapi -isystem /home/user/nx679j-stock/experiments/refs/strace-7.2/bundled/linux/include/uapi -DIN_STRACE=1      -isystem /home/user/nx679j-stock/experiments/refs/strace-7.2/bundled/linux/arch/arm64/include/uapi -isystem /home/user/nx679j-stock/experiments/refs/strace-7.2/bundled/linux/include/uapi -Wall -Wextra -Wno-missing-field-initializers -Wno-unused-parameter -Wdate-time -Wformat-security -Wimplicit-fallthrough=5 -Winit-self -Wlogical-op -Wmissing-prototypes -Wnested-externs -Wold-style-definition -Wtrampolines -Wundef -Wwrite-strings -Werror   -Os -Wall -Wextra -MT libstrace_a-listmount.o -MD -MP -MF .deps/libstrace_a-listmount.Tpo -c -o libstrace_a-listmount.o `test -f 'listmount.c' || echo '/home/user/nx679j-stock/experiments/refs/strace-7.2/src/'`listmount.c
mv -f .deps/libstrace_a-link.Tpo .deps/libstrace_a-link.Po
aarch64-linux-gnu-gcc -DHAVE_CONFIG_H   -I./linux/aarch64 -I/home/user/nx679j-stock/experiments/refs/strace-7.2/src/linux/aarch64 -I./linux/generic -I/home/user/nx679j-stock/experiments/refs/strace-7.2/src/linux/generic -I. -I/home/user/nx679j-stock/experiments/refs/strace-7.2/src -isystem /home/user/nx679j-stock/experiments/refs/strace-7.2/bundled/linux/arch/arm64/include/uapi -isystem /home/user/nx679j-stock/experiments/refs/strace-7.2/bundled/linux/include/uapi -DIN_STRACE=1      -isystem /home/user/nx679j-stock/experiments/refs/strace-7.2/bundled/linux/arch/arm64/include/uapi -isystem /home/user/nx679j-stock/experiments/refs/strace-7.2/bundled/linux/include/uapi -Wall -Wextra -Wno-missing-field-initializers -Wno-unused-parameter -Wdate-time -Wformat-security -Wimplicit-fallthrough=5 -Winit-self -Wlogical-op -Wmissing-prototypes -Wnested-externs -Wold-style-definition -Wtrampolines -Wundef -Wwrite-strings -Werror   -Os -Wall -Wextra -MT libstrace_a-listns.o -MD -MP -MF .deps/libstrace_a-listns.Tpo -c -o libstrace_a-listns.o `test -f 'listns.c' || echo '/home/user/nx679j-stock/experiments/refs/strace-7.2/src/'`listns.c
mv -f .deps/libstrace_a-io_uring.Tpo .deps/libstrace_a-io_uring.Po
aarch64-linux-gnu-gcc -DHAVE_CONFIG_H   -I./linux/aarch64 -I/home/user/nx679j-stock/experiments/refs/strace-7.2/src/linux/aarch64 -I./linux/generic -I/home/user/nx679j-stock/experiments/refs/strace-7.2/src/linux/generic -I. -I/home/user/nx679j-stock/experiments/refs/strace-7.2/src -isystem /home/user/nx679j-stock/experiments/refs/strace-7.2/bundled/linux/arch/arm64/include/uapi -isystem /home/user/nx679j-stock/experiments/refs/strace-7.2/bundled/linux/include/uapi -DIN_STRACE=1      -isystem /home/user/nx679j-stock/experiments/refs/strace-7.2/bundled/linux/arch/arm64/include/uapi -isystem /home/user/nx679j-stock/experiments/refs/strace-7.2/bundled/linux/include/uapi -Wall -Wextra -Wno-missing-field-initializers -Wno-unused-parameter -Wdate-time -Wformat-security -Wimplicit-fallthrough=5 -Winit-self -Wlogical-op -Wmissing-prototypes -Wnested-externs -Wold-style-definition -Wtrampolines -Wundef -Wwrite-strings -Werror   -Os -Wall -Wextra -MT libstrace_a-lookup_dcookie.o -MD -MP -MF .deps/libstrace_a-lookup_dcookie.Tpo -c -o libstrace_a-lookup_dcookie.o `test -f 'lookup_dcookie.c' || echo '/home/user/nx679j-stock/experiments/refs/strace-7.2/src/'`lookup_dcookie.c
mv -f .deps/libstrace_a-lirc_ioctl.Tpo .deps/libstrace_a-lirc_ioctl.Po
aarch64-linux-gnu-gcc -DHAVE_CONFIG_H   -I./linux/aarch64 -I/home/user/nx679j-stock/experiments/refs/strace-7.2/src/linux/aarch64 -I./linux/generic -I/home/user/nx679j-stock/experiments/refs/strace-7.2/src/linux/generic -I. -I/home/user/nx679j-stock/experiments/refs/strace-7.2/src -isystem /home/user/nx679j-stock/experiments/refs/strace-7.2/bundled/linux/arch/arm64/include/uapi -isystem /home/user/nx679j-stock/experiments/refs/strace-7.2/bundled/linux/include/uapi -DIN_STRACE=1      -isystem /home/user/nx679j-stock/experiments/refs/strace-7.2/bundled/linux/arch/arm64/include/uapi -isystem /home/user/nx679j-stock/experiments/refs/strace-7.2/bundled/linux/include/uapi -Wall -Wextra -Wno-missing-field-initializers -Wno-unused-parameter -Wdate-time -Wformat-security -Wimplicit-fallthrough=5 -Winit-self -Wlogical-op -Wmissing-prototypes -Wnested-externs -Wold-style-definition -Wtrampolines -Wundef -Wwrite-strings -Werror   -Os -Wall -Wextra -MT libstrace_a-loop.o -MD -MP -MF .deps/libstrace_a-loop.Tpo -c -o libstrace_a-loop.o `test -f 'loop.c' || echo '/home/user/nx679j-stock/experiments/refs/strace-7.2/src/'`loop.c
mv -f .deps/libstrace_a-listen.Tpo .deps/libstrace_a-listen.Po
aarch64-linux-gnu-gcc -DHAVE_CONFIG_H   -I./linux/aarch64 -I/home/user/nx679j-stock/experiments/refs/strace-7.2/src/linux/aarch64 -I./linux/generic -I/home/user/nx679j-stock/experiments/refs/strace-7.2/src/linux/generic -I. -I/home/user/nx679j-stock/experiments/refs/strace-7.2/src -isystem /home/user/nx679j-stock/experiments/refs/strace-7.2/bundled/linux/arch/arm64/include/uapi -isystem /home/user/nx679j-stock/experiments/refs/strace-7.2/bundled/linux/include/uapi -DIN_STRACE=1      -isystem /home/user/nx679j-stock/experiments/refs/strace-7.2/bundled/linux/arch/arm64/include/uapi -isystem /home/user/nx679j-stock/experiments/refs/strace-7.2/bundled/linux/include/uapi -Wall -Wextra -Wno-missing-field-initializers -Wno-unused-parameter -Wdate-time -Wformat-security -Wimplicit-fallthrough=5 -Winit-self -Wlogical-op -Wmissing-prototypes -Wnested-externs -Wold-style-definition -Wtrampolines -Wundef -Wwrite-strings -Werror   -Os -Wall -Wextra -MT libstrace_a-lseek.o -MD -MP -MF .deps/libstrace_a-lseek.Tpo -c -o libstrace_a-lseek.o `test -f 'lseek.c' || echo '/home/user/nx679j-stock/experiments/refs/strace-7.2/src/'`lseek.c
mv -f .deps/libstrace_a-keyctl.Tpo .deps/libstrace_a-keyctl.Po
aarch64-linux-gnu-gcc -DHAVE_CONFIG_H   -I./linux/aarch64 -I/home/user/nx679j-stock/experiments/refs/strace-7.2/src/linux/aarch64 -I./linux/generic -I/home/user/nx679j-stock/experiments/refs/strace-7.2/src/linux/generic -I. -I/home/user/nx679j-stock/experiments/refs/strace-7.2/src -isystem /home/user/nx679j-stock/experiments/refs/strace-7.2/bundled/linux/arch/arm64/include/uapi -isystem /home/user/nx679j-stock/experiments/refs/strace-7.2/bundled/linux/include/uapi -DIN_STRACE=1      -isystem /home/user/nx679j-stock/experiments/refs/strace-7.2/bundled/linux/arch/arm64/include/uapi -isystem /home/user/nx679j-stock/experiments/refs/strace-7.2/bundled/linux/include/uapi -Wall -Wextra -Wno-missing-field-initializers -Wno-unused-parameter -Wdate-time -Wformat-security -Wimplicit-fallthrough=5 -Winit-self -Wlogical-op -Wmissing-prototypes -Wnested-externs -Wold-style-definition -Wtrampolines -Wundef -Wwrite-strings -Werror   -Os -Wall -Wextra -MT libstrace_a-lsm.o -MD -MP -MF .deps/libstrace_a-lsm.Tpo -c -o libstrace_a-lsm.o `test -f 'lsm.c' || echo '/home/user/nx679j-stock/experiments/refs/strace-7.2/src/'`lsm.c
mv -f .deps/libstrace_a-kd_ioctl.Tpo .deps/libstrace_a-kd_ioctl.Po
aarch64-linux-gnu-gcc -DHAVE_CONFIG_H   -I./linux/aarch64 -I/home/user/nx679j-stock/experiments/refs/strace-7.2/src/linux/aarch64 -I./linux/generic -I/home/user/nx679j-stock/experiments/refs/strace-7.2/src/linux/generic -I. -I/home/user/nx679j-stock/experiments/refs/strace-7.2/src -isystem /home/user/nx679j-stock/experiments/refs/strace-7.2/bundled/linux/arch/arm64/include/uapi -isystem /home/user/nx679j-stock/experiments/refs/strace-7.2/bundled/linux/include/uapi -DIN_STRACE=1      -isystem /home/user/nx679j-stock/experiments/refs/strace-7.2/bundled/linux/arch/arm64/include/uapi -isystem /home/user/nx679j-stock/experiments/refs/strace-7.2/bundled/linux/include/uapi -Wall -Wextra -Wno-missing-field-initializers -Wno-unused-parameter -Wdate-time -Wformat-security -Wimplicit-fallthrough=5 -Winit-self -Wlogical-op -Wmissing-prototypes -Wnested-externs -Wold-style-definition -Wtrampolines -Wundef -Wwrite-strings -Werror   -Os -Wall -Wextra -MT libstrace_a-map_shadow_stack.o -MD -MP -MF .deps/libstrace_a-map_shadow_stack.Tpo -c -o libstrace_a-map_shadow_stack.o `test -f 'map_shadow_stack.c' || echo '/home/user/nx679j-stock/experiments/refs/strace-7.2/src/'`map_shadow_stack.c
mv -f .deps/libstrace_a-lookup_dcookie.Tpo .deps/libstrace_a-lookup_dcookie.Po
mv -f .deps/libstrace_a-listmount.Tpo .deps/libstrace_a-listmount.Po
aarch64-linux-gnu-gcc -DHAVE_CONFIG_H   -I./linux/aarch64 -I/home/user/nx679j-stock/experiments/refs/strace-7.2/src/linux/aarch64 -I./linux/generic -I/home/user/nx679j-stock/experiments/refs/strace-7.2/src/linux/generic -I. -I/home/user/nx679j-stock/experiments/refs/strace-7.2/src -isystem /home/user/nx679j-stock/experiments/refs/strace-7.2/bundled/linux/arch/arm64/include/uapi -isystem /home/user/nx679j-stock/experiments/refs/strace-7.2/bundled/linux/include/uapi -DIN_STRACE=1      -isystem /home/user/nx679j-stock/experiments/refs/strace-7.2/bundled/linux/arch/arm64/include/uapi -isystem /home/user/nx679j-stock/experiments/refs/strace-7.2/bundled/linux/include/uapi -Wall -Wextra -Wno-missing-field-initializers -Wno-unused-parameter -Wdate-time -Wformat-security -Wimplicit-fallthrough=5 -Winit-self -Wlogical-op -Wmissing-prototypes -Wnested-externs -Wold-style-definition -Wtrampolines -Wundef -Wwrite-strings -Werror   -Os -Wall -Wextra -MT libstrace_a-mem.o -MD -MP -MF .deps/libstrace_a-mem.Tpo -c -o libstrace_a-mem.o `test -f 'mem.c' || echo '/home/user/nx679j-stock/experiments/refs/strace-7.2/src/'`mem.c
aarch64-linux-gnu-gcc -DHAVE_CONFIG_H   -I./linux/aarch64 -I/home/user/nx679j-stock/experiments/refs/strace-7.2/src/linux/aarch64 -I./linux/generic -I/home/user/nx679j-stock/experiments/refs/strace-7.2/src/linux/generic -I. -I/home/user/nx679j-stock/experiments/refs/strace-7.2/src -isystem /home/user/nx679j-stock/experiments/refs/strace-7.2/bundled/linux/arch/arm64/include/uapi -isystem /home/user/nx679j-stock/experiments/refs/strace-7.2/bundled/linux/include/uapi -DIN_STRACE=1      -isystem /home/user/nx679j-stock/experiments/refs/strace-7.2/bundled/linux/arch/arm64/include/uapi -isystem /home/user/nx679j-stock/experiments/refs/strace-7.2/bundled/linux/include/uapi -Wall -Wextra -Wno-missing-field-initializers -Wno-unused-parameter -Wdate-time -Wformat-security -Wimplicit-fallthrough=5 -Winit-self -Wlogical-op -Wmissing-prototypes -Wnested-externs -Wold-style-definition -Wtrampolines -Wundef -Wwrite-strings -Werror   -Os -Wall -Wextra -MT libstrace_a-membarrier.o -MD -MP -MF .deps/libstrace_a-membarrier.Tpo -c -o libstrace_a-membarrier.o `test -f 'membarrier.c' || echo '/home/user/nx679j-stock/experiments/refs/strace-7.2/src/'`membarrier.c
mv -f .deps/libstrace_a-listns.Tpo .deps/libstrace_a-listns.Po
aarch64-linux-gnu-gcc -DHAVE_CONFIG_H   -I./linux/aarch64 -I/home/user/nx679j-stock/experiments/refs/strace-7.2/src/linux/aarch64 -I./linux/generic -I/home/user/nx679j-stock/experiments/refs/strace-7.2/src/linux/generic -I. -I/home/user/nx679j-stock/experiments/refs/strace-7.2/src -isystem /home/user/nx679j-stock/experiments/refs/strace-7.2/bundled/linux/arch/arm64/include/uapi -isystem /home/user/nx679j-stock/experiments/refs/strace-7.2/bundled/linux/include/uapi -DIN_STRACE=1      -isystem /home/user/nx679j-stock/experiments/refs/strace-7.2/bundled/linux/arch/arm64/include/uapi -isystem /home/user/nx679j-stock/experiments/refs/strace-7.2/bundled/linux/include/uapi -Wall -Wextra -Wno-missing-field-initializers -Wno-unused-parameter -Wdate-time -Wformat-security -Wimplicit-fallthrough=5 -Winit-self -Wlogical-op -Wmissing-prototypes -Wnested-externs -Wold-style-definition -Wtrampolines -Wundef -Wwrite-strings -Werror   -Os -Wall -Wextra -MT libstrace_a-memfd_create.o -MD -MP -MF .deps/libstrace_a-memfd_create.Tpo -c -o libstrace_a-memfd_create.o `test -f 'memfd_create.c' || echo '/home/user/nx679j-stock/experiments/refs/strace-7.2/src/'`memfd_create.c
mv -f .deps/libstrace_a-lseek.Tpo .deps/libstrace_a-lseek.Po
mv -f .deps/libstrace_a-kvm.Tpo .deps/libstrace_a-kvm.Po
aarch64-linux-gnu-gcc -DHAVE_CONFIG_H   -I./linux/aarch64 -I/home/user/nx679j-stock/experiments/refs/strace-7.2/src/linux/aarch64 -I./linux/generic -I/home/user/nx679j-stock/experiments/refs/strace-7.2/src/linux/generic -I. -I/home/user/nx679j-stock/experiments/refs/strace-7.2/src -isystem /home/user/nx679j-stock/experiments/refs/strace-7.2/bundled/linux/arch/arm64/include/uapi -isystem /home/user/nx679j-stock/experiments/refs/strace-7.2/bundled/linux/include/uapi -DIN_STRACE=1      -isystem /home/user/nx679j-stock/experiments/refs/strace-7.2/bundled/linux/arch/arm64/include/uapi -isystem /home/user/nx679j-stock/experiments/refs/strace-7.2/bundled/linux/include/uapi -Wall -Wextra -Wno-missing-field-initializers -Wno-unused-parameter -Wdate-time -Wformat-security -Wimplicit-fallthrough=5 -Winit-self -Wlogical-op -Wmissing-prototypes -Wnested-externs -Wold-style-definition -Wtrampolines -Wundef -Wwrite-strings -Werror   -Os -Wall -Wextra -MT libstrace_a-memfd_secret.o -MD -MP -MF .deps/libstrace_a-memfd_secret.Tpo -c -o libstrace_a-memfd_secret.o `test -f 'memfd_secret.c' || echo '/home/user/nx679j-stock/experiments/refs/strace-7.2/src/'`memfd_secret.c
aarch64-linux-gnu-gcc -DHAVE_CONFIG_H   -I./linux/aarch64 -I/home/user/nx679j-stock/experiments/refs/strace-7.2/src/linux/aarch64 -I./linux/generic -I/home/user/nx679j-stock/experiments/refs/strace-7.2/src/linux/generic -I. -I/home/user/nx679j-stock/experiments/refs/strace-7.2/src -isystem /home/user/nx679j-stock/experiments/refs/strace-7.2/bundled/linux/arch/arm64/include/uapi -isystem /home/user/nx679j-stock/experiments/refs/strace-7.2/bundled/linux/include/uapi -DIN_STRACE=1      -isystem /home/user/nx679j-stock/experiments/refs/strace-7.2/bundled/linux/arch/arm64/include/uapi -isystem /home/user/nx679j-stock/experiments/refs/strace-7.2/bundled/linux/include/uapi -Wall -Wextra -Wno-missing-field-initializers -Wno-unused-parameter -Wdate-time -Wformat-security -Wimplicit-fallthrough=5 -Winit-self -Wlogical-op -Wmissing-prototypes -Wnested-externs -Wold-style-definition -Wtrampolines -Wundef -Wwrite-strings -Werror   -Os -Wall -Wextra -MT libstrace_a-mknod.o -MD -MP -MF .deps/libstrace_a-mknod.Tpo -c -o libstrace_a-mknod.o `test -f 'mknod.c' || echo '/home/user/nx679j-stock/experiments/refs/strace-7.2/src/'`mknod.c
mv -f .deps/libstrace_a-map_shadow_stack.Tpo .deps/libstrace_a-map_shadow_stack.Po
mv -f .deps/libstrace_a-membarrier.Tpo .deps/libstrace_a-membarrier.Po
mv -f .deps/libstrace_a-loop.Tpo .deps/libstrace_a-loop.Po
aarch64-linux-gnu-gcc -DHAVE_CONFIG_H   -I./linux/aarch64 -I/home/user/nx679j-stock/experiments/refs/strace-7.2/src/linux/aarch64 -I./linux/generic -I/home/user/nx679j-stock/experiments/refs/strace-7.2/src/linux/generic -I. -I/home/user/nx679j-stock/experiments/refs/strace-7.2/src -isystem /home/user/nx679j-stock/experiments/refs/strace-7.2/bundled/linux/arch/arm64/include/uapi -isystem /home/user/nx679j-stock/experiments/refs/strace-7.2/bundled/linux/include/uapi -DIN_STRACE=1      -isystem /home/user/nx679j-stock/experiments/refs/strace-7.2/bundled/linux/arch/arm64/include/uapi -isystem /home/user/nx679j-stock/experiments/refs/strace-7.2/bundled/linux/include/uapi -Wall -Wextra -Wno-missing-field-initializers -Wno-unused-parameter -Wdate-time -Wformat-security -Wimplicit-fallthrough=5 -Winit-self -Wlogical-op -Wmissing-prototypes -Wnested-externs -Wold-style-definition -Wtrampolines -Wundef -Wwrite-strings -Werror   -Os -Wall -Wextra -MT libstrace_a-mmap_cache.o -MD -MP -MF .deps/libstrace_a-mmap_cache.Tpo -c -o libstrace_a-mmap_cache.o `test -f 'mmap_cache.c' || echo '/home/user/nx679j-stock/experiments/refs/strace-7.2/src/'`mmap_cache.c
aarch64-linux-gnu-gcc -DHAVE_CONFIG_H   -I./linux/aarch64 -I/home/user/nx679j-stock/experiments/refs/strace-7.2/src/linux/aarch64 -I./linux/generic -I/home/user/nx679j-stock/experiments/refs/strace-7.2/src/linux/generic -I. -I/home/user/nx679j-stock/experiments/refs/strace-7.2/src -isystem /home/user/nx679j-stock/experiments/refs/strace-7.2/bundled/linux/arch/arm64/include/uapi -isystem /home/user/nx679j-stock/experiments/refs/strace-7.2/bundled/linux/include/uapi -DIN_STRACE=1      -isystem /home/user/nx679j-stock/experiments/refs/strace-7.2/bundled/linux/arch/arm64/include/uapi -isystem /home/user/nx679j-stock/experiments/refs/strace-7.2/bundled/linux/include/uapi -Wall -Wextra -Wno-missing-field-initializers -Wno-unused-parameter -Wdate-time -Wformat-security -Wimplicit-fallthrough=5 -Winit-self -Wlogical-op -Wmissing-prototypes -Wnested-externs -Wold-style-definition -Wtrampolines -Wundef -Wwrite-strings -Werror   -Os -Wall -Wextra -MT libstrace_a-mmap_notify.o -MD -MP -MF .deps/libstrace_a-mmap_notify.Tpo -c -o libstrace_a-mmap_notify.o `test -f 'mmap_notify.c' || echo '/home/user/nx679j-stock/experiments/refs/strace-7.2/src/'`mmap_notify.c
aarch64-linux-gnu-gcc -DHAVE_CONFIG_H   -I./linux/aarch64 -I/home/user/nx679j-stock/experiments/refs/strace-7.2/src/linux/aarch64 -I./linux/generic -I/home/user/nx679j-stock/experiments/refs/strace-7.2/src/linux/generic -I. -I/home/user/nx679j-stock/experiments/refs/strace-7.2/src -isystem /home/user/nx679j-stock/experiments/refs/strace-7.2/bundled/linux/arch/arm64/include/uapi -isystem /home/user/nx679j-stock/experiments/refs/strace-7.2/bundled/linux/include/uapi -DIN_STRACE=1      -isystem /home/user/nx679j-stock/experiments/refs/strace-7.2/bundled/linux/arch/arm64/include/uapi -isystem /home/user/nx679j-stock/experiments/refs/strace-7.2/bundled/linux/include/uapi -Wall -Wextra -Wno-missing-field-initializers -Wno-unused-parameter -Wdate-time -Wformat-security -Wimplicit-fallthrough=5 -Winit-self -Wlogical-op -Wmissing-prototypes -Wnested-externs -Wold-style-definition -Wtrampolines -Wundef -Wwrite-strings -Werror   -Os -Wall -Wextra -MT libstrace_a-mmsghdr.o -MD -MP -MF .deps/libstrace_a-mmsghdr.Tpo -c -o libstrace_a-mmsghdr.o `test -f 'mmsghdr.c' || echo '/home/user/nx679j-stock/experiments/refs/strace-7.2/src/'`mmsghdr.c
mv -f .deps/libstrace_a-lsm.Tpo .deps/libstrace_a-lsm.Po
aarch64-linux-gnu-gcc -DHAVE_CONFIG_H   -I./linux/aarch64 -I/home/user/nx679j-stock/experiments/refs/strace-7.2/src/linux/aarch64 -I./linux/generic -I/home/user/nx679j-stock/experiments/refs/strace-7.2/src/linux/generic -I. -I/home/user/nx679j-stock/experiments/refs/strace-7.2/src -isystem /home/user/nx679j-stock/experiments/refs/strace-7.2/bundled/linux/arch/arm64/include/uapi -isystem /home/user/nx679j-stock/experiments/refs/strace-7.2/bundled/linux/include/uapi -DIN_STRACE=1      -isystem /home/user/nx679j-stock/experiments/refs/strace-7.2/bundled/linux/arch/arm64/include/uapi -isystem /home/user/nx679j-stock/experiments/refs/strace-7.2/bundled/linux/include/uapi -Wall -Wextra -Wno-missing-field-initializers -Wno-unused-parameter -Wdate-time -Wformat-security -Wimplicit-fallthrough=5 -Winit-self -Wlogical-op -Wmissing-prototypes -Wnested-externs -Wold-style-definition -Wtrampolines -Wundef -Wwrite-strings -Werror   -Os -Wall -Wextra -MT libstrace_a-mount.o -MD -MP -MF .deps/libstrace_a-mount.Tpo -c -o libstrace_a-mount.o `test -f 'mount.c' || echo '/home/user/nx679j-stock/experiments/refs/strace-7.2/src/'`mount.c
mv -f .deps/libstrace_a-memfd_create.Tpo .deps/libstrace_a-memfd_create.Po
aarch64-linux-gnu-gcc -DHAVE_CONFIG_H   -I./linux/aarch64 -I/home/user/nx679j-stock/experiments/refs/strace-7.2/src/linux/aarch64 -I./linux/generic -I/home/user/nx679j-stock/experiments/refs/strace-7.2/src/linux/generic -I. -I/home/user/nx679j-stock/experiments/refs/strace-7.2/src -isystem /home/user/nx679j-stock/experiments/refs/strace-7.2/bundled/linux/arch/arm64/include/uapi -isystem /home/user/nx679j-stock/experiments/refs/strace-7.2/bundled/linux/include/uapi -DIN_STRACE=1      -isystem /home/user/nx679j-stock/experiments/refs/strace-7.2/bundled/linux/arch/arm64/include/uapi -isystem /home/user/nx679j-stock/experiments/refs/strace-7.2/bundled/linux/include/uapi -Wall -Wextra -Wno-missing-field-initializers -Wno-unused-parameter -Wdate-time -Wformat-security -Wimplicit-fallthrough=5 -Winit-self -Wlogical-op -Wmissing-prototypes -Wnested-externs -Wold-style-definition -Wtrampolines -Wundef -Wwrite-strings -Werror   -Os -Wall -Wextra -MT libstrace_a-mount_setattr.o -MD -MP -MF .deps/libstrace_a-mount_setattr.Tpo -c -o libstrace_a-mount_setattr.o `test -f 'mount_setattr.c' || echo '/home/user/nx679j-stock/experiments/refs/strace-7.2/src/'`mount_setattr.c
mv -f .deps/libstrace_a-mknod.Tpo .deps/libstrace_a-mknod.Po
mv -f .deps/libstrace_a-memfd_secret.Tpo .deps/libstrace_a-memfd_secret.Po
aarch64-linux-gnu-gcc -DHAVE_CONFIG_H   -I./linux/aarch64 -I/home/user/nx679j-stock/experiments/refs/strace-7.2/src/linux/aarch64 -I./linux/generic -I/home/user/nx679j-stock/experiments/refs/strace-7.2/src/linux/generic -I. -I/home/user/nx679j-stock/experiments/refs/strace-7.2/src -isystem /home/user/nx679j-stock/experiments/refs/strace-7.2/bundled/linux/arch/arm64/include/uapi -isystem /home/user/nx679j-stock/experiments/refs/strace-7.2/bundled/linux/include/uapi -DIN_STRACE=1      -isystem /home/user/nx679j-stock/experiments/refs/strace-7.2/bundled/linux/arch/arm64/include/uapi -isystem /home/user/nx679j-stock/experiments/refs/strace-7.2/bundled/linux/include/uapi -Wall -Wextra -Wno-missing-field-initializers -Wno-unused-parameter -Wdate-time -Wformat-security -Wimplicit-fallthrough=5 -Winit-self -Wlogical-op -Wmissing-prototypes -Wnested-externs -Wold-style-definition -Wtrampolines -Wundef -Wwrite-strings -Werror   -Os -Wall -Wextra -MT libstrace_a-move_mount.o -MD -MP -MF .deps/libstrace_a-move_mount.Tpo -c -o libstrace_a-move_mount.o `test -f 'move_mount.c' || echo '/home/user/nx679j-stock/experiments/refs/strace-7.2/src/'`move_mount.c
aarch64-linux-gnu-gcc -DHAVE_CONFIG_H   -I./linux/aarch64 -I/home/user/nx679j-stock/experiments/refs/strace-7.2/src/linux/aarch64 -I./linux/generic -I/home/user/nx679j-stock/experiments/refs/strace-7.2/src/linux/generic -I. -I/home/user/nx679j-stock/experiments/refs/strace-7.2/src -isystem /home/user/nx679j-stock/experiments/refs/strace-7.2/bundled/linux/arch/arm64/include/uapi -isystem /home/user/nx679j-stock/experiments/refs/strace-7.2/bundled/linux/include/uapi -DIN_STRACE=1      -isystem /home/user/nx679j-stock/experiments/refs/strace-7.2/bundled/linux/arch/arm64/include/uapi -isystem /home/user/nx679j-stock/experiments/refs/strace-7.2/bundled/linux/include/uapi -Wall -Wextra -Wno-missing-field-initializers -Wno-unused-parameter -Wdate-time -Wformat-security -Wimplicit-fallthrough=5 -Winit-self -Wlogical-op -Wmissing-prototypes -Wnested-externs -Wold-style-definition -Wtrampolines -Wundef -Wwrite-strings -Werror   -Os -Wall -Wextra -MT libstrace_a-mq.o -MD -MP -MF .deps/libstrace_a-mq.Tpo -c -o libstrace_a-mq.o `test -f 'mq.c' || echo '/home/user/nx679j-stock/experiments/refs/strace-7.2/src/'`mq.c
mv -f .deps/libstrace_a-mmap_notify.Tpo .deps/libstrace_a-mmap_notify.Po
aarch64-linux-gnu-gcc -DHAVE_CONFIG_H   -I./linux/aarch64 -I/home/user/nx679j-stock/experiments/refs/strace-7.2/src/linux/aarch64 -I./linux/generic -I/home/user/nx679j-stock/experiments/refs/strace-7.2/src/linux/generic -I. -I/home/user/nx679j-stock/experiments/refs/strace-7.2/src -isystem /home/user/nx679j-stock/experiments/refs/strace-7.2/bundled/linux/arch/arm64/include/uapi -isystem /home/user/nx679j-stock/experiments/refs/strace-7.2/bundled/linux/include/uapi -DIN_STRACE=1      -isystem /home/user/nx679j-stock/experiments/refs/strace-7.2/bundled/linux/arch/arm64/include/uapi -isystem /home/user/nx679j-stock/experiments/refs/strace-7.2/bundled/linux/include/uapi -Wall -Wextra -Wno-missing-field-initializers -Wno-unused-parameter -Wdate-time -Wformat-security -Wimplicit-fallthrough=5 -Winit-self -Wlogical-op -Wmissing-prototypes -Wnested-externs -Wold-style-definition -Wtrampolines -Wundef -Wwrite-strings -Werror   -Os -Wall -Wextra -MT libstrace_a-msghdr.o -MD -MP -MF .deps/libstrace_a-msghdr.Tpo -c -o libstrace_a-msghdr.o `test -f 'msghdr.c' || echo '/home/user/nx679j-stock/experiments/refs/strace-7.2/src/'`msghdr.c
mv -f .deps/libstrace_a-mem.Tpo .deps/libstrace_a-mem.Po
aarch64-linux-gnu-gcc -DHAVE_CONFIG_H   -I./linux/aarch64 -I/home/user/nx679j-stock/experiments/refs/strace-7.2/src/linux/aarch64 -I./linux/generic -I/home/user/nx679j-stock/experiments/refs/strace-7.2/src/linux/generic -I. -I/home/user/nx679j-stock/experiments/refs/strace-7.2/src -isystem /home/user/nx679j-stock/experiments/refs/strace-7.2/bundled/linux/arch/arm64/include/uapi -isystem /home/user/nx679j-stock/experiments/refs/strace-7.2/bundled/linux/include/uapi -DIN_STRACE=1      -isystem /home/user/nx679j-stock/experiments/refs/strace-7.2/bundled/linux/arch/arm64/include/uapi -isystem /home/user/nx679j-stock/experiments/refs/strace-7.2/bundled/linux/include/uapi -Wall -Wextra -Wno-missing-field-initializers -Wno-unused-parameter -Wdate-time -Wformat-security -Wimplicit-fallthrough=5 -Winit-self -Wlogical-op -Wmissing-prototypes -Wnested-externs -Wold-style-definition -Wtrampolines -Wundef -Wwrite-strings -Werror   -Os -Wall -Wextra -MT libstrace_a-mtd.o -MD -MP -MF .deps/libstrace_a-mtd.Tpo -c -o libstrace_a-mtd.o `test -f 'mtd.c' || echo '/home/user/nx679j-stock/experiments/refs/strace-7.2/src/'`mtd.c
mv -f .deps/libstrace_a-mount.Tpo .deps/libstrace_a-mount.Po
aarch64-linux-gnu-gcc -DHAVE_CONFIG_H   -I./linux/aarch64 -I/home/user/nx679j-stock/experiments/refs/strace-7.2/src/linux/aarch64 -I./linux/generic -I/home/user/nx679j-stock/experiments/refs/strace-7.2/src/linux/generic -I. -I/home/user/nx679j-stock/experiments/refs/strace-7.2/src -isystem /home/user/nx679j-stock/experiments/refs/strace-7.2/bundled/linux/arch/arm64/include/uapi -isystem /home/user/nx679j-stock/experiments/refs/strace-7.2/bundled/linux/include/uapi -DIN_STRACE=1      -isystem /home/user/nx679j-stock/experiments/refs/strace-7.2/bundled/linux/arch/arm64/include/uapi -isystem /home/user/nx679j-stock/experiments/refs/strace-7.2/bundled/linux/include/uapi -Wall -Wextra -Wno-missing-field-initializers -Wno-unused-parameter -Wdate-time -Wformat-security -Wimplicit-fallthrough=5 -Winit-self -Wlogical-op -Wmissing-prototypes -Wnested-externs -Wold-style-definition -Wtrampolines -Wundef -Wwrite-strings -Werror   -Os -Wall -Wextra -MT libstrace_a-nbd_ioctl.o -MD -MP -MF .deps/libstrace_a-nbd_ioctl.Tpo -c -o libstrace_a-nbd_ioctl.o `test -f 'nbd_ioctl.c' || echo '/home/user/nx679j-stock/experiments/refs/strace-7.2/src/'`nbd_ioctl.c
mv -f .deps/libstrace_a-mount_setattr.Tpo .deps/libstrace_a-mount_setattr.Po
aarch64-linux-gnu-gcc -DHAVE_CONFIG_H   -I./linux/aarch64 -I/home/user/nx679j-stock/experiments/refs/strace-7.2/src/linux/aarch64 -I./linux/generic -I/home/user/nx679j-stock/experiments/refs/strace-7.2/src/linux/generic -I. -I/home/user/nx679j-stock/experiments/refs/strace-7.2/src -isystem /home/user/nx679j-stock/experiments/refs/strace-7.2/bundled/linux/arch/arm64/include/uapi -isystem /home/user/nx679j-stock/experiments/refs/strace-7.2/bundled/linux/include/uapi -DIN_STRACE=1      -isystem /home/user/nx679j-stock/experiments/refs/strace-7.2/bundled/linux/arch/arm64/include/uapi -isystem /home/user/nx679j-stock/experiments/refs/strace-7.2/bundled/linux/include/uapi -Wall -Wextra -Wno-missing-field-initializers -Wno-unused-parameter -Wdate-time -Wformat-security -Wimplicit-fallthrough=5 -Winit-self -Wlogical-op -Wmissing-prototypes -Wnested-externs -Wold-style-definition -Wtrampolines -Wundef -Wwrite-strings -Werror   -Os -Wall -Wextra -MT libstrace_a-net.o -MD -MP -MF .deps/libstrace_a-net.Tpo -c -o libstrace_a-net.o `test -f 'net.c' || echo '/home/user/nx679j-stock/experiments/refs/strace-7.2/src/'`net.c
mv -f .deps/libstrace_a-move_mount.Tpo .deps/libstrace_a-move_mount.Po
aarch64-linux-gnu-gcc -DHAVE_CONFIG_H   -I./linux/aarch64 -I/home/user/nx679j-stock/experiments/refs/strace-7.2/src/linux/aarch64 -I./linux/generic -I/home/user/nx679j-stock/experiments/refs/strace-7.2/src/linux/generic -I. -I/home/user/nx679j-stock/experiments/refs/strace-7.2/src -isystem /home/user/nx679j-stock/experiments/refs/strace-7.2/bundled/linux/arch/arm64/include/uapi -isystem /home/user/nx679j-stock/experiments/refs/strace-7.2/bundled/linux/include/uapi -DIN_STRACE=1      -isystem /home/user/nx679j-stock/experiments/refs/strace-7.2/bundled/linux/arch/arm64/include/uapi -isystem /home/user/nx679j-stock/experiments/refs/strace-7.2/bundled/linux/include/uapi -Wall -Wextra -Wno-missing-field-initializers -Wno-unused-parameter -Wdate-time -Wformat-security -Wimplicit-fallthrough=5 -Winit-self -Wlogical-op -Wmissing-prototypes -Wnested-externs -Wold-style-definition -Wtrampolines -Wundef -Wwrite-strings -Werror   -Os -Wall -Wextra -MT libstrace_a-netlink.o -MD -MP -MF .deps/libstrace_a-netlink.Tpo -c -o libstrace_a-netlink.o `test -f 'netlink.c' || echo '/home/user/nx679j-stock/experiments/refs/strace-7.2/src/'`netlink.c
mv -f .deps/libstrace_a-mq.Tpo .deps/libstrace_a-mq.Po
aarch64-linux-gnu-gcc -DHAVE_CONFIG_H   -I./linux/aarch64 -I/home/user/nx679j-stock/experiments/refs/strace-7.2/src/linux/aarch64 -I./linux/generic -I/home/user/nx679j-stock/experiments/refs/strace-7.2/src/linux/generic -I. -I/home/user/nx679j-stock/experiments/refs/strace-7.2/src -isystem /home/user/nx679j-stock/experiments/refs/strace-7.2/bundled/linux/arch/arm64/include/uapi -isystem /home/user/nx679j-stock/experiments/refs/strace-7.2/bundled/linux/include/uapi -DIN_STRACE=1      -isystem /home/user/nx679j-stock/experiments/refs/strace-7.2/bundled/linux/arch/arm64/include/uapi -isystem /home/user/nx679j-stock/experiments/refs/strace-7.2/bundled/linux/include/uapi -Wall -Wextra -Wno-missing-field-initializers -Wno-unused-parameter -Wdate-time -Wformat-security -Wimplicit-fallthrough=5 -Winit-self -Wlogical-op -Wmissing-prototypes -Wnested-externs -Wold-style-definition -Wtrampolines -Wundef -Wwrite-strings -Werror   -Os -Wall -Wextra -MT libstrace_a-netlink_crypto.o -MD -MP -MF .deps/libstrace_a-netlink_crypto.Tpo -c -o libstrace_a-netlink_crypto.o `test -f 'netlink_crypto.c' || echo '/home/user/nx679j-stock/experiments/refs/strace-7.2/src/'`netlink_crypto.c
mv -f .deps/libstrace_a-mmap_cache.Tpo .deps/libstrace_a-mmap_cache.Po
aarch64-linux-gnu-gcc -DHAVE_CONFIG_H   -I./linux/aarch64 -I/home/user/nx679j-stock/experiments/refs/strace-7.2/src/linux/aarch64 -I./linux/generic -I/home/user/nx679j-stock/experiments/refs/strace-7.2/src/linux/generic -I. -I/home/user/nx679j-stock/experiments/refs/strace-7.2/src -isystem /home/user/nx679j-stock/experiments/refs/strace-7.2/bundled/linux/arch/arm64/include/uapi -isystem /home/user/nx679j-stock/experiments/refs/strace-7.2/bundled/linux/include/uapi -DIN_STRACE=1      -isystem /home/user/nx679j-stock/experiments/refs/strace-7.2/bundled/linux/arch/arm64/include/uapi -isystem /home/user/nx679j-stock/experiments/refs/strace-7.2/bundled/linux/include/uapi -Wall -Wextra -Wno-missing-field-initializers -Wno-unused-parameter -Wdate-time -Wformat-security -Wimplicit-fallthrough=5 -Winit-self -Wlogical-op -Wmissing-prototypes -Wnested-externs -Wold-style-definition -Wtrampolines -Wundef -Wwrite-strings -Werror   -Os -Wall -Wextra -MT libstrace_a-netlink_generic.o -MD -MP -MF .deps/libstrace_a-netlink_generic.Tpo -c -o libstrace_a-netlink_generic.o `test -f 'netlink_generic.c' || echo '/home/user/nx679j-stock/experiments/refs/strace-7.2/src/'`netlink_generic.c
mv -f .deps/libstrace_a-mmsghdr.Tpo .deps/libstrace_a-mmsghdr.Po
aarch64-linux-gnu-gcc -DHAVE_CONFIG_H   -I./linux/aarch64 -I/home/user/nx679j-stock/experiments/refs/strace-7.2/src/linux/aarch64 -I./linux/generic -I/home/user/nx679j-stock/experiments/refs/strace-7.2/src/linux/generic -I. -I/home/user/nx679j-stock/experiments/refs/strace-7.2/src -isystem /home/user/nx679j-stock/experiments/refs/strace-7.2/bundled/linux/arch/arm64/include/uapi -isystem /home/user/nx679j-stock/experiments/refs/strace-7.2/bundled/linux/include/uapi -DIN_STRACE=1      -isystem /home/user/nx679j-stock/experiments/refs/strace-7.2/bundled/linux/arch/arm64/include/uapi -isystem /home/user/nx679j-stock/experiments/refs/strace-7.2/bundled/linux/include/uapi -Wall -Wextra -Wno-missing-field-initializers -Wno-unused-parameter -Wdate-time -Wformat-security -Wimplicit-fallthrough=5 -Winit-self -Wlogical-op -Wmissing-prototypes -Wnested-externs -Wold-style-definition -Wtrampolines -Wundef -Wwrite-strings -Werror   -Os -Wall -Wextra -MT libstrace_a-netlink_inet_diag.o -MD -MP -MF .deps/libstrace_a-netlink_inet_diag.Tpo -c -o libstrace_a-netlink_inet_diag.o `test -f 'netlink_inet_diag.c' || echo '/home/user/nx679j-stock/experiments/refs/strace-7.2/src/'`netlink_inet_diag.c
mv -f .deps/libstrace_a-nbd_ioctl.Tpo .deps/libstrace_a-nbd_ioctl.Po
aarch64-linux-gnu-gcc -DHAVE_CONFIG_H   -I./linux/aarch64 -I/home/user/nx679j-stock/experiments/refs/strace-7.2/src/linux/aarch64 -I./linux/generic -I/home/user/nx679j-stock/experiments/refs/strace-7.2/src/linux/generic -I. -I/home/user/nx679j-stock/experiments/refs/strace-7.2/src -isystem /home/user/nx679j-stock/experiments/refs/strace-7.2/bundled/linux/arch/arm64/include/uapi -isystem /home/user/nx679j-stock/experiments/refs/strace-7.2/bundled/linux/include/uapi -DIN_STRACE=1      -isystem /home/user/nx679j-stock/experiments/refs/strace-7.2/bundled/linux/arch/arm64/include/uapi -isystem /home/user/nx679j-stock/experiments/refs/strace-7.2/bundled/linux/include/uapi -Wall -Wextra -Wno-missing-field-initializers -Wno-unused-parameter -Wdate-time -Wformat-security -Wimplicit-fallthrough=5 -Winit-self -Wlogical-op -Wmissing-prototypes -Wnested-externs -Wold-style-definition -Wtrampolines -Wundef -Wwrite-strings -Werror   -Os -Wall -Wextra -MT libstrace_a-netlink_kobject_uevent.o -MD -MP -MF .deps/libstrace_a-netlink_kobject_uevent.Tpo -c -o libstrace_a-netlink_kobject_uevent.o `test -f 'netlink_kobject_uevent.c' || echo '/home/user/nx679j-stock/experiments/refs/strace-7.2/src/'`netlink_kobject_uevent.c
mv -f .deps/libstrace_a-netlink_generic.Tpo .deps/libstrace_a-netlink_generic.Po
aarch64-linux-gnu-gcc -DHAVE_CONFIG_H   -I./linux/aarch64 -I/home/user/nx679j-stock/experiments/refs/strace-7.2/src/linux/aarch64 -I./linux/generic -I/home/user/nx679j-stock/experiments/refs/strace-7.2/src/linux/generic -I. -I/home/user/nx679j-stock/experiments/refs/strace-7.2/src -isystem /home/user/nx679j-stock/experiments/refs/strace-7.2/bundled/linux/arch/arm64/include/uapi -isystem /home/user/nx679j-stock/experiments/refs/strace-7.2/bundled/linux/include/uapi -DIN_STRACE=1      -isystem /home/user/nx679j-stock/experiments/refs/strace-7.2/bundled/linux/arch/arm64/include/uapi -isystem /home/user/nx679j-stock/experiments/refs/strace-7.2/bundled/linux/include/uapi -Wall -Wextra -Wno-missing-field-initializers -Wno-unused-parameter -Wdate-time -Wformat-security -Wimplicit-fallthrough=5 -Winit-self -Wlogical-op -Wmissing-prototypes -Wnested-externs -Wold-style-definition -Wtrampolines -Wundef -Wwrite-strings -Werror   -Os -Wall -Wextra -MT libstrace_a-netlink_netfilter.o -MD -MP -MF .deps/libstrace_a-netlink_netfilter.Tpo -c -o libstrace_a-netlink_netfilter.o `test -f 'netlink_netfilter.c' || echo '/home/user/nx679j-stock/experiments/refs/strace-7.2/src/'`netlink_netfilter.c
mv -f .deps/libstrace_a-netlink_kobject_uevent.Tpo .deps/libstrace_a-netlink_kobject_uevent.Po
mv -f .deps/libstrace_a-mtd.Tpo .deps/libstrace_a-mtd.Po
aarch64-linux-gnu-gcc -DHAVE_CONFIG_H   -I./linux/aarch64 -I/home/user/nx679j-stock/experiments/refs/strace-7.2/src/linux/aarch64 -I./linux/generic -I/home/user/nx679j-stock/experiments/refs/strace-7.2/src/linux/generic -I. -I/home/user/nx679j-stock/experiments/refs/strace-7.2/src -isystem /home/user/nx679j-stock/experiments/refs/strace-7.2/bundled/linux/arch/arm64/include/uapi -isystem /home/user/nx679j-stock/experiments/refs/strace-7.2/bundled/linux/include/uapi -DIN_STRACE=1      -isystem /home/user/nx679j-stock/experiments/refs/strace-7.2/bundled/linux/arch/arm64/include/uapi -isystem /home/user/nx679j-stock/experiments/refs/strace-7.2/bundled/linux/include/uapi -Wall -Wextra -Wno-missing-field-initializers -Wno-unused-parameter -Wdate-time -Wformat-security -Wimplicit-fallthrough=5 -Winit-self -Wlogical-op -Wmissing-prototypes -Wnested-externs -Wold-style-definition -Wtrampolines -Wundef -Wwrite-strings -Werror   -Os -Wall -Wextra -MT libstrace_a-netlink_netlink_diag.o -MD -MP -MF .deps/libstrace_a-netlink_netlink_diag.Tpo -c -o libstrace_a-netlink_netlink_diag.o `test -f 'netlink_netlink_diag.c' || echo '/home/user/nx679j-stock/experiments/refs/strace-7.2/src/'`netlink_netlink_diag.c
mv -f .deps/libstrace_a-msghdr.Tpo .deps/libstrace_a-msghdr.Po
aarch64-linux-gnu-gcc -DHAVE_CONFIG_H   -I./linux/aarch64 -I/home/user/nx679j-stock/experiments/refs/strace-7.2/src/linux/aarch64 -I./linux/generic -I/home/user/nx679j-stock/experiments/refs/strace-7.2/src/linux/generic -I. -I/home/user/nx679j-stock/experiments/refs/strace-7.2/src -isystem /home/user/nx679j-stock/experiments/refs/strace-7.2/bundled/linux/arch/arm64/include/uapi -isystem /home/user/nx679j-stock/experiments/refs/strace-7.2/bundled/linux/include/uapi -DIN_STRACE=1      -isystem /home/user/nx679j-stock/experiments/refs/strace-7.2/bundled/linux/arch/arm64/include/uapi -isystem /home/user/nx679j-stock/experiments/refs/strace-7.2/bundled/linux/include/uapi -Wall -Wextra -Wno-missing-field-initializers -Wno-unused-parameter -Wdate-time -Wformat-security -Wimplicit-fallthrough=5 -Winit-self -Wlogical-op -Wmissing-prototypes -Wnested-externs -Wold-style-definition -Wtrampolines -Wundef -Wwrite-strings -Werror   -Os -Wall -Wextra -MT libstrace_a-netlink_nlctrl.o -MD -MP -MF .deps/libstrace_a-netlink_nlctrl.Tpo -c -o libstrace_a-netlink_nlctrl.o `test -f 'netlink_nlctrl.c' || echo '/home/user/nx679j-stock/experiments/refs/strace-7.2/src/'`netlink_nlctrl.c
aarch64-linux-gnu-gcc -DHAVE_CONFIG_H   -I./linux/aarch64 -I/home/user/nx679j-stock/experiments/refs/strace-7.2/src/linux/aarch64 -I./linux/generic -I/home/user/nx679j-stock/experiments/refs/strace-7.2/src/linux/generic -I. -I/home/user/nx679j-stock/experiments/refs/strace-7.2/src -isystem /home/user/nx679j-stock/experiments/refs/strace-7.2/bundled/linux/arch/arm64/include/uapi -isystem /home/user/nx679j-stock/experiments/refs/strace-7.2/bundled/linux/include/uapi -DIN_STRACE=1      -isystem /home/user/nx679j-stock/experiments/refs/strace-7.2/bundled/linux/arch/arm64/include/uapi -isystem /home/user/nx679j-stock/experiments/refs/strace-7.2/bundled/linux/include/uapi -Wall -Wextra -Wno-missing-field-initializers -Wno-unused-parameter -Wdate-time -Wformat-security -Wimplicit-fallthrough=5 -Winit-self -Wlogical-op -Wmissing-prototypes -Wnested-externs -Wold-style-definition -Wtrampolines -Wundef -Wwrite-strings -Werror   -Os -Wall -Wextra -MT libstrace_a-netlink_packet_diag.o -MD -MP -MF .deps/libstrace_a-netlink_packet_diag.Tpo -c -o libstrace_a-netlink_packet_diag.o `test -f 'netlink_packet_diag.c' || echo '/home/user/nx679j-stock/experiments/refs/strace-7.2/src/'`netlink_packet_diag.c
mv -f .deps/libstrace_a-netlink_crypto.Tpo .deps/libstrace_a-netlink_crypto.Po
aarch64-linux-gnu-gcc -DHAVE_CONFIG_H   -I./linux/aarch64 -I/home/user/nx679j-stock/experiments/refs/strace-7.2/src/linux/aarch64 -I./linux/generic -I/home/user/nx679j-stock/experiments/refs/strace-7.2/src/linux/generic -I. -I/home/user/nx679j-stock/experiments/refs/strace-7.2/src -isystem /home/user/nx679j-stock/experiments/refs/strace-7.2/bundled/linux/arch/arm64/include/uapi -isystem /home/user/nx679j-stock/experiments/refs/strace-7.2/bundled/linux/include/uapi -DIN_STRACE=1      -isystem /home/user/nx679j-stock/experiments/refs/strace-7.2/bundled/linux/arch/arm64/include/uapi -isystem /home/user/nx679j-stock/experiments/refs/strace-7.2/bundled/linux/include/uapi -Wall -Wextra -Wno-missing-field-initializers -Wno-unused-parameter -Wdate-time -Wformat-security -Wimplicit-fallthrough=5 -Winit-self -Wlogical-op -Wmissing-prototypes -Wnested-externs -Wold-style-definition -Wtrampolines -Wundef -Wwrite-strings -Werror   -Os -Wall -Wextra -MT libstrace_a-netlink_route.o -MD -MP -MF .deps/libstrace_a-netlink_route.Tpo -c -o libstrace_a-netlink_route.o `test -f 'netlink_route.c' || echo '/home/user/nx679j-stock/experiments/refs/strace-7.2/src/'`netlink_route.c
mv -f .deps/libstrace_a-netlink_netfilter.Tpo .deps/libstrace_a-netlink_netfilter.Po
aarch64-linux-gnu-gcc -DHAVE_CONFIG_H   -I./linux/aarch64 -I/home/user/nx679j-stock/experiments/refs/strace-7.2/src/linux/aarch64 -I./linux/generic -I/home/user/nx679j-stock/experiments/refs/strace-7.2/src/linux/generic -I. -I/home/user/nx679j-stock/experiments/refs/strace-7.2/src -isystem /home/user/nx679j-stock/experiments/refs/strace-7.2/bundled/linux/arch/arm64/include/uapi -isystem /home/user/nx679j-stock/experiments/refs/strace-7.2/bundled/linux/include/uapi -DIN_STRACE=1      -isystem /home/user/nx679j-stock/experiments/refs/strace-7.2/bundled/linux/arch/arm64/include/uapi -isystem /home/user/nx679j-stock/experiments/refs/strace-7.2/bundled/linux/include/uapi -Wall -Wextra -Wno-missing-field-initializers -Wno-unused-parameter -Wdate-time -Wformat-security -Wimplicit-fallthrough=5 -Winit-self -Wlogical-op -Wmissing-prototypes -Wnested-externs -Wold-style-definition -Wtrampolines -Wundef -Wwrite-strings -Werror   -Os -Wall -Wextra -MT libstrace_a-netlink_selinux.o -MD -MP -MF .deps/libstrace_a-netlink_selinux.Tpo -c -o libstrace_a-netlink_selinux.o `test -f 'netlink_selinux.c' || echo '/home/user/nx679j-stock/experiments/refs/strace-7.2/src/'`netlink_selinux.c
mv -f .deps/libstrace_a-netlink_route.Tpo .deps/libstrace_a-netlink_route.Po
aarch64-linux-gnu-gcc -DHAVE_CONFIG_H   -I./linux/aarch64 -I/home/user/nx679j-stock/experiments/refs/strace-7.2/src/linux/aarch64 -I./linux/generic -I/home/user/nx679j-stock/experiments/refs/strace-7.2/src/linux/generic -I. -I/home/user/nx679j-stock/experiments/refs/strace-7.2/src -isystem /home/user/nx679j-stock/experiments/refs/strace-7.2/bundled/linux/arch/arm64/include/uapi -isystem /home/user/nx679j-stock/experiments/refs/strace-7.2/bundled/linux/include/uapi -DIN_STRACE=1      -isystem /home/user/nx679j-stock/experiments/refs/strace-7.2/bundled/linux/arch/arm64/include/uapi -isystem /home/user/nx679j-stock/experiments/refs/strace-7.2/bundled/linux/include/uapi -Wall -Wextra -Wno-missing-field-initializers -Wno-unused-parameter -Wdate-time -Wformat-security -Wimplicit-fallthrough=5 -Winit-self -Wlogical-op -Wmissing-prototypes -Wnested-externs -Wold-style-definition -Wtrampolines -Wundef -Wwrite-strings -Werror   -Os -Wall -Wextra -MT libstrace_a-netlink_smc_diag.o -MD -MP -MF .deps/libstrace_a-netlink_smc_diag.Tpo -c -o libstrace_a-netlink_smc_diag.o `test -f 'netlink_smc_diag.c' || echo '/home/user/nx679j-stock/experiments/refs/strace-7.2/src/'`netlink_smc_diag.c
mv -f .deps/libstrace_a-netlink.Tpo .deps/libstrace_a-netlink.Po
aarch64-linux-gnu-gcc -DHAVE_CONFIG_H   -I./linux/aarch64 -I/home/user/nx679j-stock/experiments/refs/strace-7.2/src/linux/aarch64 -I./linux/generic -I/home/user/nx679j-stock/experiments/refs/strace-7.2/src/linux/generic -I. -I/home/user/nx679j-stock/experiments/refs/strace-7.2/src -isystem /home/user/nx679j-stock/experiments/refs/strace-7.2/bundled/linux/arch/arm64/include/uapi -isystem /home/user/nx679j-stock/experiments/refs/strace-7.2/bundled/linux/include/uapi -DIN_STRACE=1      -isystem /home/user/nx679j-stock/experiments/refs/strace-7.2/bundled/linux/arch/arm64/include/uapi -isystem /home/user/nx679j-stock/experiments/refs/strace-7.2/bundled/linux/include/uapi -Wall -Wextra -Wno-missing-field-initializers -Wno-unused-parameter -Wdate-time -Wformat-security -Wimplicit-fallthrough=5 -Winit-self -Wlogical-op -Wmissing-prototypes -Wnested-externs -Wold-style-definition -Wtrampolines -Wundef -Wwrite-strings -Werror   -Os -Wall -Wextra -MT libstrace_a-netlink_sock_diag.o -MD -MP -MF .deps/libstrace_a-netlink_sock_diag.Tpo -c -o libstrace_a-netlink_sock_diag.o `test -f 'netlink_sock_diag.c' || echo '/home/user/nx679j-stock/experiments/refs/strace-7.2/src/'`netlink_sock_diag.c
mv -f .deps/libstrace_a-netlink_netlink_diag.Tpo .deps/libstrace_a-netlink_netlink_diag.Po
aarch64-linux-gnu-gcc -DHAVE_CONFIG_H   -I./linux/aarch64 -I/home/user/nx679j-stock/experiments/refs/strace-7.2/src/linux/aarch64 -I./linux/generic -I/home/user/nx679j-stock/experiments/refs/strace-7.2/src/linux/generic -I. -I/home/user/nx679j-stock/experiments/refs/strace-7.2/src -isystem /home/user/nx679j-stock/experiments/refs/strace-7.2/bundled/linux/arch/arm64/include/uapi -isystem /home/user/nx679j-stock/experiments/refs/strace-7.2/bundled/linux/include/uapi -DIN_STRACE=1      -isystem /home/user/nx679j-stock/experiments/refs/strace-7.2/bundled/linux/arch/arm64/include/uapi -isystem /home/user/nx679j-stock/experiments/refs/strace-7.2/bundled/linux/include/uapi -Wall -Wextra -Wno-missing-field-initializers -Wno-unused-parameter -Wdate-time -Wformat-security -Wimplicit-fallthrough=5 -Winit-self -Wlogical-op -Wmissing-prototypes -Wnested-externs -Wold-style-definition -Wtrampolines -Wundef -Wwrite-strings -Werror   -Os -Wall -Wextra -MT libstrace_a-netlink_unix_diag.o -MD -MP -MF .deps/libstrace_a-netlink_unix_diag.Tpo -c -o libstrace_a-netlink_unix_diag.o `test -f 'netlink_unix_diag.c' || echo '/home/user/nx679j-stock/experiments/refs/strace-7.2/src/'`netlink_unix_diag.c
mv -f .deps/libstrace_a-netlink_selinux.Tpo .deps/libstrace_a-netlink_selinux.Po
aarch64-linux-gnu-gcc -DHAVE_CONFIG_H   -I./linux/aarch64 -I/home/user/nx679j-stock/experiments/refs/strace-7.2/src/linux/aarch64 -I./linux/generic -I/home/user/nx679j-stock/experiments/refs/strace-7.2/src/linux/generic -I. -I/home/user/nx679j-stock/experiments/refs/strace-7.2/src -isystem /home/user/nx679j-stock/experiments/refs/strace-7.2/bundled/linux/arch/arm64/include/uapi -isystem /home/user/nx679j-stock/experiments/refs/strace-7.2/bundled/linux/include/uapi -DIN_STRACE=1      -isystem /home/user/nx679j-stock/experiments/refs/strace-7.2/bundled/linux/arch/arm64/include/uapi -isystem /home/user/nx679j-stock/experiments/refs/strace-7.2/bundled/linux/include/uapi -Wall -Wextra -Wno-missing-field-initializers -Wno-unused-parameter -Wdate-time -Wformat-security -Wimplicit-fallthrough=5 -Winit-self -Wlogical-op -Wmissing-prototypes -Wnested-externs -Wold-style-definition -Wtrampolines -Wundef -Wwrite-strings -Werror   -Os -Wall -Wextra -MT libstrace_a-nice.o -MD -MP -MF .deps/libstrace_a-nice.Tpo -c -o libstrace_a-nice.o `test -f 'nice.c' || echo '/home/user/nx679j-stock/experiments/refs/strace-7.2/src/'`nice.c
mv -f .deps/libstrace_a-netlink_packet_diag.Tpo .deps/libstrace_a-netlink_packet_diag.Po
aarch64-linux-gnu-gcc -DHAVE_CONFIG_H   -I./linux/aarch64 -I/home/user/nx679j-stock/experiments/refs/strace-7.2/src/linux/aarch64 -I./linux/generic -I/home/user/nx679j-stock/experiments/refs/strace-7.2/src/linux/generic -I. -I/home/user/nx679j-stock/experiments/refs/strace-7.2/src -isystem /home/user/nx679j-stock/experiments/refs/strace-7.2/bundled/linux/arch/arm64/include/uapi -isystem /home/user/nx679j-stock/experiments/refs/strace-7.2/bundled/linux/include/uapi -DIN_STRACE=1      -isystem /home/user/nx679j-stock/experiments/refs/strace-7.2/bundled/linux/arch/arm64/include/uapi -isystem /home/user/nx679j-stock/experiments/refs/strace-7.2/bundled/linux/include/uapi -Wall -Wextra -Wno-missing-field-initializers -Wno-unused-parameter -Wdate-time -Wformat-security -Wimplicit-fallthrough=5 -Winit-self -Wlogical-op -Wmissing-prototypes -Wnested-externs -Wold-style-definition -Wtrampolines -Wundef -Wwrite-strings -Werror   -Os -Wall -Wextra -MT libstrace_a-nlattr.o -MD -MP -MF .deps/libstrace_a-nlattr.Tpo -c -o libstrace_a-nlattr.o `test -f 'nlattr.c' || echo '/home/user/nx679j-stock/experiments/refs/strace-7.2/src/'`nlattr.c
mv -f .deps/libstrace_a-netlink_nlctrl.Tpo .deps/libstrace_a-netlink_nlctrl.Po
aarch64-linux-gnu-gcc -DHAVE_CONFIG_H   -I./linux/aarch64 -I/home/user/nx679j-stock/experiments/refs/strace-7.2/src/linux/aarch64 -I./linux/generic -I/home/user/nx679j-stock/experiments/refs/strace-7.2/src/linux/generic -I. -I/home/user/nx679j-stock/experiments/refs/strace-7.2/src -isystem /home/user/nx679j-stock/experiments/refs/strace-7.2/bundled/linux/arch/arm64/include/uapi -isystem /home/user/nx679j-stock/experiments/refs/strace-7.2/bundled/linux/include/uapi -DIN_STRACE=1      -isystem /home/user/nx679j-stock/experiments/refs/strace-7.2/bundled/linux/arch/arm64/include/uapi -isystem /home/user/nx679j-stock/experiments/refs/strace-7.2/bundled/linux/include/uapi -Wall -Wextra -Wno-missing-field-initializers -Wno-unused-parameter -Wdate-time -Wformat-security -Wimplicit-fallthrough=5 -Winit-self -Wlogical-op -Wmissing-prototypes -Wnested-externs -Wold-style-definition -Wtrampolines -Wundef -Wwrite-strings -Werror   -Os -Wall -Wextra -MT libstrace_a-nsfs.o -MD -MP -MF .deps/libstrace_a-nsfs.Tpo -c -o libstrace_a-nsfs.o `test -f 'nsfs.c' || echo '/home/user/nx679j-stock/experiments/refs/strace-7.2/src/'`nsfs.c
mv -f .deps/libstrace_a-netlink_sock_diag.Tpo .deps/libstrace_a-netlink_sock_diag.Po
aarch64-linux-gnu-gcc -DHAVE_CONFIG_H   -I./linux/aarch64 -I/home/user/nx679j-stock/experiments/refs/strace-7.2/src/linux/aarch64 -I./linux/generic -I/home/user/nx679j-stock/experiments/refs/strace-7.2/src/linux/generic -I. -I/home/user/nx679j-stock/experiments/refs/strace-7.2/src -isystem /home/user/nx679j-stock/experiments/refs/strace-7.2/bundled/linux/arch/arm64/include/uapi -isystem /home/user/nx679j-stock/experiments/refs/strace-7.2/bundled/linux/include/uapi -DIN_STRACE=1      -isystem /home/user/nx679j-stock/experiments/refs/strace-7.2/bundled/linux/arch/arm64/include/uapi -isystem /home/user/nx679j-stock/experiments/refs/strace-7.2/bundled/linux/include/uapi -Wall -Wextra -Wno-missing-field-initializers -Wno-unused-parameter -Wdate-time -Wformat-security -Wimplicit-fallthrough=5 -Winit-self -Wlogical-op -Wmissing-prototypes -Wnested-externs -Wold-style-definition -Wtrampolines -Wundef -Wwrite-strings -Werror   -Os -Wall -Wextra -MT libstrace_a-numa.o -MD -MP -MF .deps/libstrace_a-numa.Tpo -c -o libstrace_a-numa.o `test -f 'numa.c' || echo '/home/user/nx679j-stock/experiments/refs/strace-7.2/src/'`numa.c
mv -f .deps/libstrace_a-nice.Tpo .deps/libstrace_a-nice.Po
aarch64-linux-gnu-gcc -DHAVE_CONFIG_H   -I./linux/aarch64 -I/home/user/nx679j-stock/experiments/refs/strace-7.2/src/linux/aarch64 -I./linux/generic -I/home/user/nx679j-stock/experiments/refs/strace-7.2/src/linux/generic -I. -I/home/user/nx679j-stock/experiments/refs/strace-7.2/src -isystem /home/user/nx679j-stock/experiments/refs/strace-7.2/bundled/linux/arch/arm64/include/uapi -isystem /home/user/nx679j-stock/experiments/refs/strace-7.2/bundled/linux/include/uapi -DIN_STRACE=1      -isystem /home/user/nx679j-stock/experiments/refs/strace-7.2/bundled/linux/arch/arm64/include/uapi -isystem /home/user/nx679j-stock/experiments/refs/strace-7.2/bundled/linux/include/uapi -Wall -Wextra -Wno-missing-field-initializers -Wno-unused-parameter -Wdate-time -Wformat-security -Wimplicit-fallthrough=5 -Winit-self -Wlogical-op -Wmissing-prototypes -Wnested-externs -Wold-style-definition -Wtrampolines -Wundef -Wwrite-strings -Werror   -Os -Wall -Wextra -MT libstrace_a-number_set.o -MD -MP -MF .deps/libstrace_a-number_set.Tpo -c -o libstrace_a-number_set.o `test -f 'number_set.c' || echo '/home/user/nx679j-stock/experiments/refs/strace-7.2/src/'`number_set.c
mv -f .deps/libstrace_a-netlink_inet_diag.Tpo .deps/libstrace_a-netlink_inet_diag.Po
aarch64-linux-gnu-gcc -DHAVE_CONFIG_H   -I./linux/aarch64 -I/home/user/nx679j-stock/experiments/refs/strace-7.2/src/linux/aarch64 -I./linux/generic -I/home/user/nx679j-stock/experiments/refs/strace-7.2/src/linux/generic -I. -I/home/user/nx679j-stock/experiments/refs/strace-7.2/src -isystem /home/user/nx679j-stock/experiments/refs/strace-7.2/bundled/linux/arch/arm64/include/uapi -isystem /home/user/nx679j-stock/experiments/refs/strace-7.2/bundled/linux/include/uapi -DIN_STRACE=1      -isystem /home/user/nx679j-stock/experiments/refs/strace-7.2/bundled/linux/arch/arm64/include/uapi -isystem /home/user/nx679j-stock/experiments/refs/strace-7.2/bundled/linux/include/uapi -Wall -Wextra -Wno-missing-field-initializers -Wno-unused-parameter -Wdate-time -Wformat-security -Wimplicit-fallthrough=5 -Winit-self -Wlogical-op -Wmissing-prototypes -Wnested-externs -Wold-style-definition -Wtrampolines -Wundef -Wwrite-strings -Werror   -Os -Wall -Wextra -MT libstrace_a-oldstat.o -MD -MP -MF .deps/libstrace_a-oldstat.Tpo -c -o libstrace_a-oldstat.o `test -f 'oldstat.c' || echo '/home/user/nx679j-stock/experiments/refs/strace-7.2/src/'`oldstat.c
mv -f .deps/libstrace_a-netlink_smc_diag.Tpo .deps/libstrace_a-netlink_smc_diag.Po
aarch64-linux-gnu-gcc -DHAVE_CONFIG_H   -I./linux/aarch64 -I/home/user/nx679j-stock/experiments/refs/strace-7.2/src/linux/aarch64 -I./linux/generic -I/home/user/nx679j-stock/experiments/refs/strace-7.2/src/linux/generic -I. -I/home/user/nx679j-stock/experiments/refs/strace-7.2/src -isystem /home/user/nx679j-stock/experiments/refs/strace-7.2/bundled/linux/arch/arm64/include/uapi -isystem /home/user/nx679j-stock/experiments/refs/strace-7.2/bundled/linux/include/uapi -DIN_STRACE=1      -isystem /home/user/nx679j-stock/experiments/refs/strace-7.2/bundled/linux/arch/arm64/include/uapi -isystem /home/user/nx679j-stock/experiments/refs/strace-7.2/bundled/linux/include/uapi -Wall -Wextra -Wno-missing-field-initializers -Wno-unused-parameter -Wdate-time -Wformat-security -Wimplicit-fallthrough=5 -Winit-self -Wlogical-op -Wmissing-prototypes -Wnested-externs -Wold-style-definition -Wtrampolines -Wundef -Wwrite-strings -Werror   -Os -Wall -Wextra -MT libstrace_a-open.o -MD -MP -MF .deps/libstrace_a-open.Tpo -c -o libstrace_a-open.o `test -f 'open.c' || echo '/home/user/nx679j-stock/experiments/refs/strace-7.2/src/'`open.c
mv -f .deps/libstrace_a-net.Tpo .deps/libstrace_a-net.Po
aarch64-linux-gnu-gcc -DHAVE_CONFIG_H   -I./linux/aarch64 -I/home/user/nx679j-stock/experiments/refs/strace-7.2/src/linux/aarch64 -I./linux/generic -I/home/user/nx679j-stock/experiments/refs/strace-7.2/src/linux/generic -I. -I/home/user/nx679j-stock/experiments/refs/strace-7.2/src -isystem /home/user/nx679j-stock/experiments/refs/strace-7.2/bundled/linux/arch/arm64/include/uapi -isystem /home/user/nx679j-stock/experiments/refs/strace-7.2/bundled/linux/include/uapi -DIN_STRACE=1      -isystem /home/user/nx679j-stock/experiments/refs/strace-7.2/bundled/linux/arch/arm64/include/uapi -isystem /home/user/nx679j-stock/experiments/refs/strace-7.2/bundled/linux/include/uapi -Wall -Wextra -Wno-missing-field-initializers -Wno-unused-parameter -Wdate-time -Wformat-security -Wimplicit-fallthrough=5 -Winit-self -Wlogical-op -Wmissing-prototypes -Wnested-externs -Wold-style-definition -Wtrampolines -Wundef -Wwrite-strings -Werror   -Os -Wall -Wextra -MT libstrace_a-or1k_atomic.o -MD -MP -MF .deps/libstrace_a-or1k_atomic.Tpo -c -o libstrace_a-or1k_atomic.o `test -f 'or1k_atomic.c' || echo '/home/user/nx679j-stock/experiments/refs/strace-7.2/src/'`or1k_atomic.c
mv -f .deps/libstrace_a-nsfs.Tpo .deps/libstrace_a-nsfs.Po
aarch64-linux-gnu-gcc -DHAVE_CONFIG_H   -I./linux/aarch64 -I/home/user/nx679j-stock/experiments/refs/strace-7.2/src/linux/aarch64 -I./linux/generic -I/home/user/nx679j-stock/experiments/refs/strace-7.2/src/linux/generic -I. -I/home/user/nx679j-stock/experiments/refs/strace-7.2/src -isystem /home/user/nx679j-stock/experiments/refs/strace-7.2/bundled/linux/arch/arm64/include/uapi -isystem /home/user/nx679j-stock/experiments/refs/strace-7.2/bundled/linux/include/uapi -DIN_STRACE=1      -isystem /home/user/nx679j-stock/experiments/refs/strace-7.2/bundled/linux/arch/arm64/include/uapi -isystem /home/user/nx679j-stock/experiments/refs/strace-7.2/bundled/linux/include/uapi -Wall -Wextra -Wno-missing-field-initializers -Wno-unused-parameter -Wdate-time -Wformat-security -Wimplicit-fallthrough=5 -Winit-self -Wlogical-op -Wmissing-prototypes -Wnested-externs -Wold-style-definition -Wtrampolines -Wundef -Wwrite-strings -Werror   -Os -Wall -Wextra -MT libstrace_a-pathtrace.o -MD -MP -MF .deps/libstrace_a-pathtrace.Tpo -c -o libstrace_a-pathtrace.o `test -f 'pathtrace.c' || echo '/home/user/nx679j-stock/experiments/refs/strace-7.2/src/'`pathtrace.c
mv -f .deps/libstrace_a-netlink_unix_diag.Tpo .deps/libstrace_a-netlink_unix_diag.Po
aarch64-linux-gnu-gcc -DHAVE_CONFIG_H   -I./linux/aarch64 -I/home/user/nx679j-stock/experiments/refs/strace-7.2/src/linux/aarch64 -I./linux/generic -I/home/user/nx679j-stock/experiments/refs/strace-7.2/src/linux/generic -I. -I/home/user/nx679j-stock/experiments/refs/strace-7.2/src -isystem /home/user/nx679j-stock/experiments/refs/strace-7.2/bundled/linux/arch/arm64/include/uapi -isystem /home/user/nx679j-stock/experiments/refs/strace-7.2/bundled/linux/include/uapi -DIN_STRACE=1      -isystem /home/user/nx679j-stock/experiments/refs/strace-7.2/bundled/linux/arch/arm64/include/uapi -isystem /home/user/nx679j-stock/experiments/refs/strace-7.2/bundled/linux/include/uapi -Wall -Wextra -Wno-missing-field-initializers -Wno-unused-parameter -Wdate-time -Wformat-security -Wimplicit-fallthrough=5 -Winit-self -Wlogical-op -Wmissing-prototypes -Wnested-externs -Wold-style-definition -Wtrampolines -Wundef -Wwrite-strings -Werror   -Os -Wall -Wextra -MT libstrace_a-perf.o -MD -MP -MF .deps/libstrace_a-perf.Tpo -c -o libstrace_a-perf.o `test -f 'perf.c' || echo '/home/user/nx679j-stock/experiments/refs/strace-7.2/src/'`perf.c
mv -f .deps/libstrace_a-oldstat.Tpo .deps/libstrace_a-oldstat.Po
aarch64-linux-gnu-gcc -DHAVE_CONFIG_H   -I./linux/aarch64 -I/home/user/nx679j-stock/experiments/refs/strace-7.2/src/linux/aarch64 -I./linux/generic -I/home/user/nx679j-stock/experiments/refs/strace-7.2/src/linux/generic -I. -I/home/user/nx679j-stock/experiments/refs/strace-7.2/src -isystem /home/user/nx679j-stock/experiments/refs/strace-7.2/bundled/linux/arch/arm64/include/uapi -isystem /home/user/nx679j-stock/experiments/refs/strace-7.2/bundled/linux/include/uapi -DIN_STRACE=1      -isystem /home/user/nx679j-stock/experiments/refs/strace-7.2/bundled/linux/arch/arm64/include/uapi -isystem /home/user/nx679j-stock/experiments/refs/strace-7.2/bundled/linux/include/uapi -Wall -Wextra -Wno-missing-field-initializers -Wno-unused-parameter -Wdate-time -Wformat-security -Wimplicit-fallthrough=5 -Winit-self -Wlogical-op -Wmissing-prototypes -Wnested-externs -Wold-style-definition -Wtrampolines -Wundef -Wwrite-strings -Werror   -Os -Wall -Wextra -MT libstrace_a-perf_ioctl.o -MD -MP -MF .deps/libstrace_a-perf_ioctl.Tpo -c -o libstrace_a-perf_ioctl.o `test -f 'perf_ioctl.c' || echo '/home/user/nx679j-stock/experiments/refs/strace-7.2/src/'`perf_ioctl.c
mv -f .deps/libstrace_a-or1k_atomic.Tpo .deps/libstrace_a-or1k_atomic.Po
aarch64-linux-gnu-gcc -DHAVE_CONFIG_H   -I./linux/aarch64 -I/home/user/nx679j-stock/experiments/refs/strace-7.2/src/linux/aarch64 -I./linux/generic -I/home/user/nx679j-stock/experiments/refs/strace-7.2/src/linux/generic -I. -I/home/user/nx679j-stock/experiments/refs/strace-7.2/src -isystem /home/user/nx679j-stock/experiments/refs/strace-7.2/bundled/linux/arch/arm64/include/uapi -isystem /home/user/nx679j-stock/experiments/refs/strace-7.2/bundled/linux/include/uapi -DIN_STRACE=1      -isystem /home/user/nx679j-stock/experiments/refs/strace-7.2/bundled/linux/arch/arm64/include/uapi -isystem /home/user/nx679j-stock/experiments/refs/strace-7.2/bundled/linux/include/uapi -Wall -Wextra -Wno-missing-field-initializers -Wno-unused-parameter -Wdate-time -Wformat-security -Wimplicit-fallthrough=5 -Winit-self -Wlogical-op -Wmissing-prototypes -Wnested-externs -Wold-style-definition -Wtrampolines -Wundef -Wwrite-strings -Werror   -Os -Wall -Wextra -MT libstrace_a-personality.o -MD -MP -MF .deps/libstrace_a-personality.Tpo -c -o libstrace_a-personality.o `test -f 'personality.c' || echo '/home/user/nx679j-stock/experiments/refs/strace-7.2/src/'`personality.c
mv -f .deps/libstrace_a-number_set.Tpo .deps/libstrace_a-number_set.Po
aarch64-linux-gnu-gcc -DHAVE_CONFIG_H   -I./linux/aarch64 -I/home/user/nx679j-stock/experiments/refs/strace-7.2/src/linux/aarch64 -I./linux/generic -I/home/user/nx679j-stock/experiments/refs/strace-7.2/src/linux/generic -I. -I/home/user/nx679j-stock/experiments/refs/strace-7.2/src -isystem /home/user/nx679j-stock/experiments/refs/strace-7.2/bundled/linux/arch/arm64/include/uapi -isystem /home/user/nx679j-stock/experiments/refs/strace-7.2/bundled/linux/include/uapi -DIN_STRACE=1      -isystem /home/user/nx679j-stock/experiments/refs/strace-7.2/bundled/linux/arch/arm64/include/uapi -isystem /home/user/nx679j-stock/experiments/refs/strace-7.2/bundled/linux/include/uapi -Wall -Wextra -Wno-missing-field-initializers -Wno-unused-parameter -Wdate-time -Wformat-security -Wimplicit-fallthrough=5 -Winit-self -Wlogical-op -Wmissing-prototypes -Wnested-externs -Wold-style-definition -Wtrampolines -Wundef -Wwrite-strings -Werror   -Os -Wall -Wextra -MT libstrace_a-pidfd_getfd.o -MD -MP -MF .deps/libstrace_a-pidfd_getfd.Tpo -c -o libstrace_a-pidfd_getfd.o `test -f 'pidfd_getfd.c' || echo '/home/user/nx679j-stock/experiments/refs/strace-7.2/src/'`pidfd_getfd.c
mv -f .deps/libstrace_a-numa.Tpo .deps/libstrace_a-numa.Po
aarch64-linux-gnu-gcc -DHAVE_CONFIG_H   -I./linux/aarch64 -I/home/user/nx679j-stock/experiments/refs/strace-7.2/src/linux/aarch64 -I./linux/generic -I/home/user/nx679j-stock/experiments/refs/strace-7.2/src/linux/generic -I. -I/home/user/nx679j-stock/experiments/refs/strace-7.2/src -isystem /home/user/nx679j-stock/experiments/refs/strace-7.2/bundled/linux/arch/arm64/include/uapi -isystem /home/user/nx679j-stock/experiments/refs/strace-7.2/bundled/linux/include/uapi -DIN_STRACE=1      -isystem /home/user/nx679j-stock/experiments/refs/strace-7.2/bundled/linux/arch/arm64/include/uapi -isystem /home/user/nx679j-stock/experiments/refs/strace-7.2/bundled/linux/include/uapi -Wall -Wextra -Wno-missing-field-initializers -Wno-unused-parameter -Wdate-time -Wformat-security -Wimplicit-fallthrough=5 -Winit-self -Wlogical-op -Wmissing-prototypes -Wnested-externs -Wold-style-definition -Wtrampolines -Wundef -Wwrite-strings -Werror   -Os -Wall -Wextra -MT libstrace_a-pidfd_ioctl.o -MD -MP -MF .deps/libstrace_a-pidfd_ioctl.Tpo -c -o libstrace_a-pidfd_ioctl.o `test -f 'pidfd_ioctl.c' || echo '/home/user/nx679j-stock/experiments/refs/strace-7.2/src/'`pidfd_ioctl.c
mv -f .deps/libstrace_a-open.Tpo .deps/libstrace_a-open.Po
aarch64-linux-gnu-gcc -DHAVE_CONFIG_H   -I./linux/aarch64 -I/home/user/nx679j-stock/experiments/refs/strace-7.2/src/linux/aarch64 -I./linux/generic -I/home/user/nx679j-stock/experiments/refs/strace-7.2/src/linux/generic -I. -I/home/user/nx679j-stock/experiments/refs/strace-7.2/src -isystem /home/user/nx679j-stock/experiments/refs/strace-7.2/bundled/linux/arch/arm64/include/uapi -isystem /home/user/nx679j-stock/experiments/refs/strace-7.2/bundled/linux/include/uapi -DIN_STRACE=1      -isystem /home/user/nx679j-stock/experiments/refs/strace-7.2/bundled/linux/arch/arm64/include/uapi -isystem /home/user/nx679j-stock/experiments/refs/strace-7.2/bundled/linux/include/uapi -Wall -Wextra -Wno-missing-field-initializers -Wno-unused-parameter -Wdate-time -Wformat-security -Wimplicit-fallthrough=5 -Winit-self -Wlogical-op -Wmissing-prototypes -Wnested-externs -Wold-style-definition -Wtrampolines -Wundef -Wwrite-strings -Werror   -Os -Wall -Wextra -MT libstrace_a-pidfd_open.o -MD -MP -MF .deps/libstrace_a-pidfd_open.Tpo -c -o libstrace_a-pidfd_open.o `test -f 'pidfd_open.c' || echo '/home/user/nx679j-stock/experiments/refs/strace-7.2/src/'`pidfd_open.c
mv -f .deps/libstrace_a-perf_ioctl.Tpo .deps/libstrace_a-perf_ioctl.Po
aarch64-linux-gnu-gcc -DHAVE_CONFIG_H   -I./linux/aarch64 -I/home/user/nx679j-stock/experiments/refs/strace-7.2/src/linux/aarch64 -I./linux/generic -I/home/user/nx679j-stock/experiments/refs/strace-7.2/src/linux/generic -I. -I/home/user/nx679j-stock/experiments/refs/strace-7.2/src -isystem /home/user/nx679j-stock/experiments/refs/strace-7.2/bundled/linux/arch/arm64/include/uapi -isystem /home/user/nx679j-stock/experiments/refs/strace-7.2/bundled/linux/include/uapi -DIN_STRACE=1      -isystem /home/user/nx679j-stock/experiments/refs/strace-7.2/bundled/linux/arch/arm64/include/uapi -isystem /home/user/nx679j-stock/experiments/refs/strace-7.2/bundled/linux/include/uapi -Wall -Wextra -Wno-missing-field-initializers -Wno-unused-parameter -Wdate-time -Wformat-security -Wimplicit-fallthrough=5 -Winit-self -Wlogical-op -Wmissing-prototypes -Wnested-externs -Wold-style-definition -Wtrampolines -Wundef -Wwrite-strings -Werror   -Os -Wall -Wextra -MT libstrace_a-pidns.o -MD -MP -MF .deps/libstrace_a-pidns.Tpo -c -o libstrace_a-pidns.o `test -f 'pidns.c' || echo '/home/user/nx679j-stock/experiments/refs/strace-7.2/src/'`pidns.c
mv -f .deps/libstrace_a-nlattr.Tpo .deps/libstrace_a-nlattr.Po
aarch64-linux-gnu-gcc -DHAVE_CONFIG_H   -I./linux/aarch64 -I/home/user/nx679j-stock/experiments/refs/strace-7.2/src/linux/aarch64 -I./linux/generic -I/home/user/nx679j-stock/experiments/refs/strace-7.2/src/linux/generic -I. -I/home/user/nx679j-stock/experiments/refs/strace-7.2/src -isystem /home/user/nx679j-stock/experiments/refs/strace-7.2/bundled/linux/arch/arm64/include/uapi -isystem /home/user/nx679j-stock/experiments/refs/strace-7.2/bundled/linux/include/uapi -DIN_STRACE=1      -isystem /home/user/nx679j-stock/experiments/refs/strace-7.2/bundled/linux/arch/arm64/include/uapi -isystem /home/user/nx679j-stock/experiments/refs/strace-7.2/bundled/linux/include/uapi -Wall -Wextra -Wno-missing-field-initializers -Wno-unused-parameter -Wdate-time -Wformat-security -Wimplicit-fallthrough=5 -Winit-self -Wlogical-op -Wmissing-prototypes -Wnested-externs -Wold-style-definition -Wtrampolines -Wundef -Wwrite-strings -Werror   -Os -Wall -Wextra -MT libstrace_a-pkeys.o -MD -MP -MF .deps/libstrace_a-pkeys.Tpo -c -o libstrace_a-pkeys.o `test -f 'pkeys.c' || echo '/home/user/nx679j-stock/experiments/refs/strace-7.2/src/'`pkeys.c
mv -f .deps/libstrace_a-personality.Tpo .deps/libstrace_a-personality.Po
mv -f .deps/libstrace_a-pidfd_getfd.Tpo .deps/libstrace_a-pidfd_getfd.Po
aarch64-linux-gnu-gcc -DHAVE_CONFIG_H   -I./linux/aarch64 -I/home/user/nx679j-stock/experiments/refs/strace-7.2/src/linux/aarch64 -I./linux/generic -I/home/user/nx679j-stock/experiments/refs/strace-7.2/src/linux/generic -I. -I/home/user/nx679j-stock/experiments/refs/strace-7.2/src -isystem /home/user/nx679j-stock/experiments/refs/strace-7.2/bundled/linux/arch/arm64/include/uapi -isystem /home/user/nx679j-stock/experiments/refs/strace-7.2/bundled/linux/include/uapi -DIN_STRACE=1      -isystem /home/user/nx679j-stock/experiments/refs/strace-7.2/bundled/linux/arch/arm64/include/uapi -isystem /home/user/nx679j-stock/experiments/refs/strace-7.2/bundled/linux/include/uapi -Wall -Wextra -Wno-missing-field-initializers -Wno-unused-parameter -Wdate-time -Wformat-security -Wimplicit-fallthrough=5 -Winit-self -Wlogical-op -Wmissing-prototypes -Wnested-externs -Wold-style-definition -Wtrampolines -Wundef -Wwrite-strings -Werror   -Os -Wall -Wextra -MT libstrace_a-poke.o -MD -MP -MF .deps/libstrace_a-poke.Tpo -c -o libstrace_a-poke.o `test -f 'poke.c' || echo '/home/user/nx679j-stock/experiments/refs/strace-7.2/src/'`poke.c
aarch64-linux-gnu-gcc -DHAVE_CONFIG_H   -I./linux/aarch64 -I/home/user/nx679j-stock/experiments/refs/strace-7.2/src/linux/aarch64 -I./linux/generic -I/home/user/nx679j-stock/experiments/refs/strace-7.2/src/linux/generic -I. -I/home/user/nx679j-stock/experiments/refs/strace-7.2/src -isystem /home/user/nx679j-stock/experiments/refs/strace-7.2/bundled/linux/arch/arm64/include/uapi -isystem /home/user/nx679j-stock/experiments/refs/strace-7.2/bundled/linux/include/uapi -DIN_STRACE=1      -isystem /home/user/nx679j-stock/experiments/refs/strace-7.2/bundled/linux/arch/arm64/include/uapi -isystem /home/user/nx679j-stock/experiments/refs/strace-7.2/bundled/linux/include/uapi -Wall -Wextra -Wno-missing-field-initializers -Wno-unused-parameter -Wdate-time -Wformat-security -Wimplicit-fallthrough=5 -Winit-self -Wlogical-op -Wmissing-prototypes -Wnested-externs -Wold-style-definition -Wtrampolines -Wundef -Wwrite-strings -Werror   -Os -Wall -Wextra -MT libstrace_a-poll.o -MD -MP -MF .deps/libstrace_a-poll.Tpo -c -o libstrace_a-poll.o `test -f 'poll.c' || echo '/home/user/nx679j-stock/experiments/refs/strace-7.2/src/'`poll.c
mv -f .deps/libstrace_a-pidfd_open.Tpo .deps/libstrace_a-pidfd_open.Po
aarch64-linux-gnu-gcc -DHAVE_CONFIG_H   -I./linux/aarch64 -I/home/user/nx679j-stock/experiments/refs/strace-7.2/src/linux/aarch64 -I./linux/generic -I/home/user/nx679j-stock/experiments/refs/strace-7.2/src/linux/generic -I. -I/home/user/nx679j-stock/experiments/refs/strace-7.2/src -isystem /home/user/nx679j-stock/experiments/refs/strace-7.2/bundled/linux/arch/arm64/include/uapi -isystem /home/user/nx679j-stock/experiments/refs/strace-7.2/bundled/linux/include/uapi -DIN_STRACE=1      -isystem /home/user/nx679j-stock/experiments/refs/strace-7.2/bundled/linux/arch/arm64/include/uapi -isystem /home/user/nx679j-stock/experiments/refs/strace-7.2/bundled/linux/include/uapi -Wall -Wextra -Wno-missing-field-initializers -Wno-unused-parameter -Wdate-time -Wformat-security -Wimplicit-fallthrough=5 -Winit-self -Wlogical-op -Wmissing-prototypes -Wnested-externs -Wold-style-definition -Wtrampolines -Wundef -Wwrite-strings -Werror   -Os -Wall -Wextra -MT libstrace_a-prctl.o -MD -MP -MF .deps/libstrace_a-prctl.Tpo -c -o libstrace_a-prctl.o `test -f 'prctl.c' || echo '/home/user/nx679j-stock/experiments/refs/strace-7.2/src/'`prctl.c
mv -f .deps/libstrace_a-pathtrace.Tpo .deps/libstrace_a-pathtrace.Po
aarch64-linux-gnu-gcc -DHAVE_CONFIG_H   -I./linux/aarch64 -I/home/user/nx679j-stock/experiments/refs/strace-7.2/src/linux/aarch64 -I./linux/generic -I/home/user/nx679j-stock/experiments/refs/strace-7.2/src/linux/generic -I. -I/home/user/nx679j-stock/experiments/refs/strace-7.2/src -isystem /home/user/nx679j-stock/experiments/refs/strace-7.2/bundled/linux/arch/arm64/include/uapi -isystem /home/user/nx679j-stock/experiments/refs/strace-7.2/bundled/linux/include/uapi -DIN_STRACE=1      -isystem /home/user/nx679j-stock/experiments/refs/strace-7.2/bundled/linux/arch/arm64/include/uapi -isystem /home/user/nx679j-stock/experiments/refs/strace-7.2/bundled/linux/include/uapi -Wall -Wextra -Wno-missing-field-initializers -Wno-unused-parameter -Wdate-time -Wformat-security -Wimplicit-fallthrough=5 -Winit-self -Wlogical-op -Wmissing-prototypes -Wnested-externs -Wold-style-definition -Wtrampolines -Wundef -Wwrite-strings -Werror   -Os -Wall -Wextra -MT libstrace_a-print_dev_t.o -MD -MP -MF .deps/libstrace_a-print_dev_t.Tpo -c -o libstrace_a-print_dev_t.o `test -f 'print_dev_t.c' || echo '/home/user/nx679j-stock/experiments/refs/strace-7.2/src/'`print_dev_t.c
mv -f .deps/libstrace_a-pkeys.Tpo .deps/libstrace_a-pkeys.Po
aarch64-linux-gnu-gcc -DHAVE_CONFIG_H   -I./linux/aarch64 -I/home/user/nx679j-stock/experiments/refs/strace-7.2/src/linux/aarch64 -I./linux/generic -I/home/user/nx679j-stock/experiments/refs/strace-7.2/src/linux/generic -I. -I/home/user/nx679j-stock/experiments/refs/strace-7.2/src -isystem /home/user/nx679j-stock/experiments/refs/strace-7.2/bundled/linux/arch/arm64/include/uapi -isystem /home/user/nx679j-stock/experiments/refs/strace-7.2/bundled/linux/include/uapi -DIN_STRACE=1      -isystem /home/user/nx679j-stock/experiments/refs/strace-7.2/bundled/linux/arch/arm64/include/uapi -isystem /home/user/nx679j-stock/experiments/refs/strace-7.2/bundled/linux/include/uapi -Wall -Wextra -Wno-missing-field-initializers -Wno-unused-parameter -Wdate-time -Wformat-security -Wimplicit-fallthrough=5 -Winit-self -Wlogical-op -Wmissing-prototypes -Wnested-externs -Wold-style-definition -Wtrampolines -Wundef -Wwrite-strings -Werror   -Os -Wall -Wextra -MT libstrace_a-print_fields.o -MD -MP -MF .deps/libstrace_a-print_fields.Tpo -c -o libstrace_a-print_fields.o `test -f 'print_fields.c' || echo '/home/user/nx679j-stock/experiments/refs/strace-7.2/src/'`print_fields.c
mv -f .deps/libstrace_a-pidfd_ioctl.Tpo .deps/libstrace_a-pidfd_ioctl.Po
aarch64-linux-gnu-gcc -DHAVE_CONFIG_H   -I./linux/aarch64 -I/home/user/nx679j-stock/experiments/refs/strace-7.2/src/linux/aarch64 -I./linux/generic -I/home/user/nx679j-stock/experiments/refs/strace-7.2/src/linux/generic -I. -I/home/user/nx679j-stock/experiments/refs/strace-7.2/src -isystem /home/user/nx679j-stock/experiments/refs/strace-7.2/bundled/linux/arch/arm64/include/uapi -isystem /home/user/nx679j-stock/experiments/refs/strace-7.2/bundled/linux/include/uapi -DIN_STRACE=1      -isystem /home/user/nx679j-stock/experiments/refs/strace-7.2/bundled/linux/arch/arm64/include/uapi -isystem /home/user/nx679j-stock/experiments/refs/strace-7.2/bundled/linux/include/uapi -Wall -Wextra -Wno-missing-field-initializers -Wno-unused-parameter -Wdate-time -Wformat-security -Wimplicit-fallthrough=5 -Winit-self -Wlogical-op -Wmissing-prototypes -Wnested-externs -Wold-style-definition -Wtrampolines -Wundef -Wwrite-strings -Werror   -Os -Wall -Wextra -MT libstrace_a-print_group_req.o -MD -MP -MF .deps/libstrace_a-print_group_req.Tpo -c -o libstrace_a-print_group_req.o `test -f 'print_group_req.c' || echo '/home/user/nx679j-stock/experiments/refs/strace-7.2/src/'`print_group_req.c
mv -f .deps/libstrace_a-poke.Tpo .deps/libstrace_a-poke.Po
aarch64-linux-gnu-gcc -DHAVE_CONFIG_H   -I./linux/aarch64 -I/home/user/nx679j-stock/experiments/refs/strace-7.2/src/linux/aarch64 -I./linux/generic -I/home/user/nx679j-stock/experiments/refs/strace-7.2/src/linux/generic -I. -I/home/user/nx679j-stock/experiments/refs/strace-7.2/src -isystem /home/user/nx679j-stock/experiments/refs/strace-7.2/bundled/linux/arch/arm64/include/uapi -isystem /home/user/nx679j-stock/experiments/refs/strace-7.2/bundled/linux/include/uapi -DIN_STRACE=1      -isystem /home/user/nx679j-stock/experiments/refs/strace-7.2/bundled/linux/arch/arm64/include/uapi -isystem /home/user/nx679j-stock/experiments/refs/strace-7.2/bundled/linux/include/uapi -Wall -Wextra -Wno-missing-field-initializers -Wno-unused-parameter -Wdate-time -Wformat-security -Wimplicit-fallthrough=5 -Winit-self -Wlogical-op -Wmissing-prototypes -Wnested-externs -Wold-style-definition -Wtrampolines -Wundef -Wwrite-strings -Werror   -Os -Wall -Wextra -MT libstrace_a-print_ifindex.o -MD -MP -MF .deps/libstrace_a-print_ifindex.Tpo -c -o libstrace_a-print_ifindex.o `test -f 'print_ifindex.c' || echo '/home/user/nx679j-stock/experiments/refs/strace-7.2/src/'`print_ifindex.c
mv -f .deps/libstrace_a-perf.Tpo .deps/libstrace_a-perf.Po
aarch64-linux-gnu-gcc -DHAVE_CONFIG_H   -I./linux/aarch64 -I/home/user/nx679j-stock/experiments/refs/strace-7.2/src/linux/aarch64 -I./linux/generic -I/home/user/nx679j-stock/experiments/refs/strace-7.2/src/linux/generic -I. -I/home/user/nx679j-stock/experiments/refs/strace-7.2/src -isystem /home/user/nx679j-stock/experiments/refs/strace-7.2/bundled/linux/arch/arm64/include/uapi -isystem /home/user/nx679j-stock/experiments/refs/strace-7.2/bundled/linux/include/uapi -DIN_STRACE=1      -isystem /home/user/nx679j-stock/experiments/refs/strace-7.2/bundled/linux/arch/arm64/include/uapi -isystem /home/user/nx679j-stock/experiments/refs/strace-7.2/bundled/linux/include/uapi -Wall -Wextra -Wno-missing-field-initializers -Wno-unused-parameter -Wdate-time -Wformat-security -Wimplicit-fallthrough=5 -Winit-self -Wlogical-op -Wmissing-prototypes -Wnested-externs -Wold-style-definition -Wtrampolines -Wundef -Wwrite-strings -Werror   -Os -Wall -Wextra -MT libstrace_a-print_instruction_pointer.o -MD -MP -MF .deps/libstrace_a-print_instruction_pointer.Tpo -c -o libstrace_a-print_instruction_pointer.o `test -f 'print_instruction_pointer.c' || echo '/home/user/nx679j-stock/experiments/refs/strace-7.2/src/'`print_instruction_pointer.c
mv -f .deps/libstrace_a-print_dev_t.Tpo .deps/libstrace_a-print_dev_t.Po
aarch64-linux-gnu-gcc -DHAVE_CONFIG_H   -I./linux/aarch64 -I/home/user/nx679j-stock/experiments/refs/strace-7.2/src/linux/aarch64 -I./linux/generic -I/home/user/nx679j-stock/experiments/refs/strace-7.2/src/linux/generic -I. -I/home/user/nx679j-stock/experiments/refs/strace-7.2/src -isystem /home/user/nx679j-stock/experiments/refs/strace-7.2/bundled/linux/arch/arm64/include/uapi -isystem /home/user/nx679j-stock/experiments/refs/strace-7.2/bundled/linux/include/uapi -DIN_STRACE=1      -isystem /home/user/nx679j-stock/experiments/refs/strace-7.2/bundled/linux/arch/arm64/include/uapi -isystem /home/user/nx679j-stock/experiments/refs/strace-7.2/bundled/linux/include/uapi -Wall -Wextra -Wno-missing-field-initializers -Wno-unused-parameter -Wdate-time -Wformat-security -Wimplicit-fallthrough=5 -Winit-self -Wlogical-op -Wmissing-prototypes -Wnested-externs -Wold-style-definition -Wtrampolines -Wundef -Wwrite-strings -Werror   -Os -Wall -Wextra -MT libstrace_a-print_kernel_sigset.o -MD -MP -MF .deps/libstrace_a-print_kernel_sigset.Tpo -c -o libstrace_a-print_kernel_sigset.o `test -f 'print_kernel_sigset.c' || echo '/home/user/nx679j-stock/experiments/refs/strace-7.2/src/'`print_kernel_sigset.c
mv -f .deps/libstrace_a-print_group_req.Tpo .deps/libstrace_a-print_group_req.Po
aarch64-linux-gnu-gcc -DHAVE_CONFIG_H   -I./linux/aarch64 -I/home/user/nx679j-stock/experiments/refs/strace-7.2/src/linux/aarch64 -I./linux/generic -I/home/user/nx679j-stock/experiments/refs/strace-7.2/src/linux/generic -I. -I/home/user/nx679j-stock/experiments/refs/strace-7.2/src -isystem /home/user/nx679j-stock/experiments/refs/strace-7.2/bundled/linux/arch/arm64/include/uapi -isystem /home/user/nx679j-stock/experiments/refs/strace-7.2/bundled/linux/include/uapi -DIN_STRACE=1      -isystem /home/user/nx679j-stock/experiments/refs/strace-7.2/bundled/linux/arch/arm64/include/uapi -isystem /home/user/nx679j-stock/experiments/refs/strace-7.2/bundled/linux/include/uapi -Wall -Wextra -Wno-missing-field-initializers -Wno-unused-parameter -Wdate-time -Wformat-security -Wimplicit-fallthrough=5 -Winit-self -Wlogical-op -Wmissing-prototypes -Wnested-externs -Wold-style-definition -Wtrampolines -Wundef -Wwrite-strings -Werror   -Os -Wall -Wextra -MT libstrace_a-print_kernel_version.o -MD -MP -MF .deps/libstrace_a-print_kernel_version.Tpo -c -o libstrace_a-print_kernel_version.o `test -f 'print_kernel_version.c' || echo '/home/user/nx679j-stock/experiments/refs/strace-7.2/src/'`print_kernel_version.c
mv -f .deps/libstrace_a-poll.Tpo .deps/libstrace_a-poll.Po
aarch64-linux-gnu-gcc -DHAVE_CONFIG_H   -I./linux/aarch64 -I/home/user/nx679j-stock/experiments/refs/strace-7.2/src/linux/aarch64 -I./linux/generic -I/home/user/nx679j-stock/experiments/refs/strace-7.2/src/linux/generic -I. -I/home/user/nx679j-stock/experiments/refs/strace-7.2/src -isystem /home/user/nx679j-stock/experiments/refs/strace-7.2/bundled/linux/arch/arm64/include/uapi -isystem /home/user/nx679j-stock/experiments/refs/strace-7.2/bundled/linux/include/uapi -DIN_STRACE=1      -isystem /home/user/nx679j-stock/experiments/refs/strace-7.2/bundled/linux/arch/arm64/include/uapi -isystem /home/user/nx679j-stock/experiments/refs/strace-7.2/bundled/linux/include/uapi -Wall -Wextra -Wno-missing-field-initializers -Wno-unused-parameter -Wdate-time -Wformat-security -Wimplicit-fallthrough=5 -Winit-self -Wlogical-op -Wmissing-prototypes -Wnested-externs -Wold-style-definition -Wtrampolines -Wundef -Wwrite-strings -Werror   -Os -Wall -Wextra -MT libstrace_a-print_mac.o -MD -MP -MF .deps/libstrace_a-print_mac.Tpo -c -o libstrace_a-print_mac.o `test -f 'print_mac.c' || echo '/home/user/nx679j-stock/experiments/refs/strace-7.2/src/'`print_mac.c
mv -f .deps/libstrace_a-print_fields.Tpo .deps/libstrace_a-print_fields.Po
aarch64-linux-gnu-gcc -DHAVE_CONFIG_H   -I./linux/aarch64 -I/home/user/nx679j-stock/experiments/refs/strace-7.2/src/linux/aarch64 -I./linux/generic -I/home/user/nx679j-stock/experiments/refs/strace-7.2/src/linux/generic -I. -I/home/user/nx679j-stock/experiments/refs/strace-7.2/src -isystem /home/user/nx679j-stock/experiments/refs/strace-7.2/bundled/linux/arch/arm64/include/uapi -isystem /home/user/nx679j-stock/experiments/refs/strace-7.2/bundled/linux/include/uapi -DIN_STRACE=1      -isystem /home/user/nx679j-stock/experiments/refs/strace-7.2/bundled/linux/arch/arm64/include/uapi -isystem /home/user/nx679j-stock/experiments/refs/strace-7.2/bundled/linux/include/uapi -Wall -Wextra -Wno-missing-field-initializers -Wno-unused-parameter -Wdate-time -Wformat-security -Wimplicit-fallthrough=5 -Winit-self -Wlogical-op -Wmissing-prototypes -Wnested-externs -Wold-style-definition -Wtrampolines -Wundef -Wwrite-strings -Werror   -Os -Wall -Wextra -MT libstrace_a-print_mq_attr.o -MD -MP -MF .deps/libstrace_a-print_mq_attr.Tpo -c -o libstrace_a-print_mq_attr.o `test -f 'print_mq_attr.c' || echo '/home/user/nx679j-stock/experiments/refs/strace-7.2/src/'`print_mq_attr.c
mv -f .deps/libstrace_a-print_kernel_version.Tpo .deps/libstrace_a-print_kernel_version.Po
aarch64-linux-gnu-gcc -DHAVE_CONFIG_H   -I./linux/aarch64 -I/home/user/nx679j-stock/experiments/refs/strace-7.2/src/linux/aarch64 -I./linux/generic -I/home/user/nx679j-stock/experiments/refs/strace-7.2/src/linux/generic -I. -I/home/user/nx679j-stock/experiments/refs/strace-7.2/src -isystem /home/user/nx679j-stock/experiments/refs/strace-7.2/bundled/linux/arch/arm64/include/uapi -isystem /home/user/nx679j-stock/experiments/refs/strace-7.2/bundled/linux/include/uapi -DIN_STRACE=1      -isystem /home/user/nx679j-stock/experiments/refs/strace-7.2/bundled/linux/arch/arm64/include/uapi -isystem /home/user/nx679j-stock/experiments/refs/strace-7.2/bundled/linux/include/uapi -Wall -Wextra -Wno-missing-field-initializers -Wno-unused-parameter -Wdate-time -Wformat-security -Wimplicit-fallthrough=5 -Winit-self -Wlogical-op -Wmissing-prototypes -Wnested-externs -Wold-style-definition -Wtrampolines -Wundef -Wwrite-strings -Werror   -Os -Wall -Wextra -MT libstrace_a-print_msgbuf.o -MD -MP -MF .deps/libstrace_a-print_msgbuf.Tpo -c -o libstrace_a-print_msgbuf.o `test -f 'print_msgbuf.c' || echo '/home/user/nx679j-stock/experiments/refs/strace-7.2/src/'`print_msgbuf.c
mv -f .deps/libstrace_a-print_instruction_pointer.Tpo .deps/libstrace_a-print_instruction_pointer.Po
aarch64-linux-gnu-gcc -DHAVE_CONFIG_H   -I./linux/aarch64 -I/home/user/nx679j-stock/experiments/refs/strace-7.2/src/linux/aarch64 -I./linux/generic -I/home/user/nx679j-stock/experiments/refs/strace-7.2/src/linux/generic -I. -I/home/user/nx679j-stock/experiments/refs/strace-7.2/src -isystem /home/user/nx679j-stock/experiments/refs/strace-7.2/bundled/linux/arch/arm64/include/uapi -isystem /home/user/nx679j-stock/experiments/refs/strace-7.2/bundled/linux/include/uapi -DIN_STRACE=1      -isystem /home/user/nx679j-stock/experiments/refs/strace-7.2/bundled/linux/arch/arm64/include/uapi -isystem /home/user/nx679j-stock/experiments/refs/strace-7.2/bundled/linux/include/uapi -Wall -Wextra -Wno-missing-field-initializers -Wno-unused-parameter -Wdate-time -Wformat-security -Wimplicit-fallthrough=5 -Winit-self -Wlogical-op -Wmissing-prototypes -Wnested-externs -Wold-style-definition -Wtrampolines -Wundef -Wwrite-strings -Werror   -Os -Wall -Wextra -MT libstrace_a-print_sg_req_info.o -MD -MP -MF .deps/libstrace_a-print_sg_req_info.Tpo -c -o libstrace_a-print_sg_req_info.o `test -f 'print_sg_req_info.c' || echo '/home/user/nx679j-stock/experiments/refs/strace-7.2/src/'`print_sg_req_info.c
mv -f .deps/libstrace_a-print_kernel_sigset.Tpo .deps/libstrace_a-print_kernel_sigset.Po
aarch64-linux-gnu-gcc -DHAVE_CONFIG_H   -I./linux/aarch64 -I/home/user/nx679j-stock/experiments/refs/strace-7.2/src/linux/aarch64 -I./linux/generic -I/home/user/nx679j-stock/experiments/refs/strace-7.2/src/linux/generic -I. -I/home/user/nx679j-stock/experiments/refs/strace-7.2/src -isystem /home/user/nx679j-stock/experiments/refs/strace-7.2/bundled/linux/arch/arm64/include/uapi -isystem /home/user/nx679j-stock/experiments/refs/strace-7.2/bundled/linux/include/uapi -DIN_STRACE=1      -isystem /home/user/nx679j-stock/experiments/refs/strace-7.2/bundled/linux/arch/arm64/include/uapi -isystem /home/user/nx679j-stock/experiments/refs/strace-7.2/bundled/linux/include/uapi -Wall -Wextra -Wno-missing-field-initializers -Wno-unused-parameter -Wdate-time -Wformat-security -Wimplicit-fallthrough=5 -Winit-self -Wlogical-op -Wmissing-prototypes -Wnested-externs -Wold-style-definition -Wtrampolines -Wundef -Wwrite-strings -Werror   -Os -Wall -Wextra -MT libstrace_a-print_sigevent.o -MD -MP -MF .deps/libstrace_a-print_sigevent.Tpo -c -o libstrace_a-print_sigevent.o `test -f 'print_sigevent.c' || echo '/home/user/nx679j-stock/experiments/refs/strace-7.2/src/'`print_sigevent.c
mv -f .deps/libstrace_a-print_ifindex.Tpo .deps/libstrace_a-print_ifindex.Po
aarch64-linux-gnu-gcc -DHAVE_CONFIG_H   -I./linux/aarch64 -I/home/user/nx679j-stock/experiments/refs/strace-7.2/src/linux/aarch64 -I./linux/generic -I/home/user/nx679j-stock/experiments/refs/strace-7.2/src/linux/generic -I. -I/home/user/nx679j-stock/experiments/refs/strace-7.2/src -isystem /home/user/nx679j-stock/experiments/refs/strace-7.2/bundled/linux/arch/arm64/include/uapi -isystem /home/user/nx679j-stock/experiments/refs/strace-7.2/bundled/linux/include/uapi -DIN_STRACE=1      -isystem /home/user/nx679j-stock/experiments/refs/strace-7.2/bundled/linux/arch/arm64/include/uapi -isystem /home/user/nx679j-stock/experiments/refs/strace-7.2/bundled/linux/include/uapi -Wall -Wextra -Wno-missing-field-initializers -Wno-unused-parameter -Wdate-time -Wformat-security -Wimplicit-fallthrough=5 -Winit-self -Wlogical-op -Wmissing-prototypes -Wnested-externs -Wold-style-definition -Wtrampolines -Wundef -Wwrite-strings -Werror   -Os -Wall -Wextra -MT libstrace_a-print_statfs.o -MD -MP -MF .deps/libstrace_a-print_statfs.Tpo -c -o libstrace_a-print_statfs.o `test -f 'print_statfs.c' || echo '/home/user/nx679j-stock/experiments/refs/strace-7.2/src/'`print_statfs.c
mv -f .deps/libstrace_a-print_mac.Tpo .deps/libstrace_a-print_mac.Po
mv -f .deps/libstrace_a-pidns.Tpo .deps/libstrace_a-pidns.Po
aarch64-linux-gnu-gcc -DHAVE_CONFIG_H   -I./linux/aarch64 -I/home/user/nx679j-stock/experiments/refs/strace-7.2/src/linux/aarch64 -I./linux/generic -I/home/user/nx679j-stock/experiments/refs/strace-7.2/src/linux/generic -I. -I/home/user/nx679j-stock/experiments/refs/strace-7.2/src -isystem /home/user/nx679j-stock/experiments/refs/strace-7.2/bundled/linux/arch/arm64/include/uapi -isystem /home/user/nx679j-stock/experiments/refs/strace-7.2/bundled/linux/include/uapi -DIN_STRACE=1      -isystem /home/user/nx679j-stock/experiments/refs/strace-7.2/bundled/linux/arch/arm64/include/uapi -isystem /home/user/nx679j-stock/experiments/refs/strace-7.2/bundled/linux/include/uapi -Wall -Wextra -Wno-missing-field-initializers -Wno-unused-parameter -Wdate-time -Wformat-security -Wimplicit-fallthrough=5 -Winit-self -Wlogical-op -Wmissing-prototypes -Wnested-externs -Wold-style-definition -Wtrampolines -Wundef -Wwrite-strings -Werror   -Os -Wall -Wextra -MT libstrace_a-print_struct_stat.o -MD -MP -MF .deps/libstrace_a-print_struct_stat.Tpo -c -o libstrace_a-print_struct_stat.o `test -f 'print_struct_stat.c' || echo '/home/user/nx679j-stock/experiments/refs/strace-7.2/src/'`print_struct_stat.c
aarch64-linux-gnu-gcc -DHAVE_CONFIG_H   -I./linux/aarch64 -I/home/user/nx679j-stock/experiments/refs/strace-7.2/src/linux/aarch64 -I./linux/generic -I/home/user/nx679j-stock/experiments/refs/strace-7.2/src/linux/generic -I. -I/home/user/nx679j-stock/experiments/refs/strace-7.2/src -isystem /home/user/nx679j-stock/experiments/refs/strace-7.2/bundled/linux/arch/arm64/include/uapi -isystem /home/user/nx679j-stock/experiments/refs/strace-7.2/bundled/linux/include/uapi -DIN_STRACE=1      -isystem /home/user/nx679j-stock/experiments/refs/strace-7.2/bundled/linux/arch/arm64/include/uapi -isystem /home/user/nx679j-stock/experiments/refs/strace-7.2/bundled/linux/include/uapi -Wall -Wextra -Wno-missing-field-initializers -Wno-unused-parameter -Wdate-time -Wformat-security -Wimplicit-fallthrough=5 -Winit-self -Wlogical-op -Wmissing-prototypes -Wnested-externs -Wold-style-definition -Wtrampolines -Wundef -Wwrite-strings -Werror   -Os -Wall -Wextra -MT libstrace_a-print_syscall_number.o -MD -MP -MF .deps/libstrace_a-print_syscall_number.Tpo -c -o libstrace_a-print_syscall_number.o `test -f 'print_syscall_number.c' || echo '/home/user/nx679j-stock/experiments/refs/strace-7.2/src/'`print_syscall_number.c
mv -f .deps/libstrace_a-print_mq_attr.Tpo .deps/libstrace_a-print_mq_attr.Po
aarch64-linux-gnu-gcc -DHAVE_CONFIG_H   -I./linux/aarch64 -I/home/user/nx679j-stock/experiments/refs/strace-7.2/src/linux/aarch64 -I./linux/generic -I/home/user/nx679j-stock/experiments/refs/strace-7.2/src/linux/generic -I. -I/home/user/nx679j-stock/experiments/refs/strace-7.2/src -isystem /home/user/nx679j-stock/experiments/refs/strace-7.2/bundled/linux/arch/arm64/include/uapi -isystem /home/user/nx679j-stock/experiments/refs/strace-7.2/bundled/linux/include/uapi -DIN_STRACE=1      -isystem /home/user/nx679j-stock/experiments/refs/strace-7.2/bundled/linux/arch/arm64/include/uapi -isystem /home/user/nx679j-stock/experiments/refs/strace-7.2/bundled/linux/include/uapi -Wall -Wextra -Wno-missing-field-initializers -Wno-unused-parameter -Wdate-time -Wformat-security -Wimplicit-fallthrough=5 -Winit-self -Wlogical-op -Wmissing-prototypes -Wnested-externs -Wold-style-definition -Wtrampolines -Wundef -Wwrite-strings -Werror   -Os -Wall -Wextra -MT libstrace_a-print_time.o -MD -MP -MF .deps/libstrace_a-print_time.Tpo -c -o libstrace_a-print_time.o `test -f 'print_time.c' || echo '/home/user/nx679j-stock/experiments/refs/strace-7.2/src/'`print_time.c
mv -f .deps/libstrace_a-print_msgbuf.Tpo .deps/libstrace_a-print_msgbuf.Po
aarch64-linux-gnu-gcc -DHAVE_CONFIG_H   -I./linux/aarch64 -I/home/user/nx679j-stock/experiments/refs/strace-7.2/src/linux/aarch64 -I./linux/generic -I/home/user/nx679j-stock/experiments/refs/strace-7.2/src/linux/generic -I. -I/home/user/nx679j-stock/experiments/refs/strace-7.2/src -isystem /home/user/nx679j-stock/experiments/refs/strace-7.2/bundled/linux/arch/arm64/include/uapi -isystem /home/user/nx679j-stock/experiments/refs/strace-7.2/bundled/linux/include/uapi -DIN_STRACE=1      -isystem /home/user/nx679j-stock/experiments/refs/strace-7.2/bundled/linux/arch/arm64/include/uapi -isystem /home/user/nx679j-stock/experiments/refs/strace-7.2/bundled/linux/include/uapi -Wall -Wextra -Wno-missing-field-initializers -Wno-unused-parameter -Wdate-time -Wformat-security -Wimplicit-fallthrough=5 -Winit-self -Wlogical-op -Wmissing-prototypes -Wnested-externs -Wold-style-definition -Wtrampolines -Wundef -Wwrite-strings -Werror   -Os -Wall -Wextra -MT libstrace_a-print_timespec32.o -MD -MP -MF .deps/libstrace_a-print_timespec32.Tpo -c -o libstrace_a-print_timespec32.o `test -f 'print_timespec32.c' || echo '/home/user/nx679j-stock/experiments/refs/strace-7.2/src/'`print_timespec32.c
mv -f .deps/libstrace_a-print_sg_req_info.Tpo .deps/libstrace_a-print_sg_req_info.Po
aarch64-linux-gnu-gcc -DHAVE_CONFIG_H   -I./linux/aarch64 -I/home/user/nx679j-stock/experiments/refs/strace-7.2/src/linux/aarch64 -I./linux/generic -I/home/user/nx679j-stock/experiments/refs/strace-7.2/src/linux/generic -I. -I/home/user/nx679j-stock/experiments/refs/strace-7.2/src -isystem /home/user/nx679j-stock/experiments/refs/strace-7.2/bundled/linux/arch/arm64/include/uapi -isystem /home/user/nx679j-stock/experiments/refs/strace-7.2/bundled/linux/include/uapi -DIN_STRACE=1      -isystem /home/user/nx679j-stock/experiments/refs/strace-7.2/bundled/linux/arch/arm64/include/uapi -isystem /home/user/nx679j-stock/experiments/refs/strace-7.2/bundled/linux/include/uapi -Wall -Wextra -Wno-missing-field-initializers -Wno-unused-parameter -Wdate-time -Wformat-security -Wimplicit-fallthrough=5 -Winit-self -Wlogical-op -Wmissing-prototypes -Wnested-externs -Wold-style-definition -Wtrampolines -Wundef -Wwrite-strings -Werror   -Os -Wall -Wextra -MT libstrace_a-print_timespec64.o -MD -MP -MF .deps/libstrace_a-print_timespec64.Tpo -c -o libstrace_a-print_timespec64.o `test -f 'print_timespec64.c' || echo '/home/user/nx679j-stock/experiments/refs/strace-7.2/src/'`print_timespec64.c
mv -f .deps/libstrace_a-print_sigevent.Tpo .deps/libstrace_a-print_sigevent.Po
aarch64-linux-gnu-gcc -DHAVE_CONFIG_H   -I./linux/aarch64 -I/home/user/nx679j-stock/experiments/refs/strace-7.2/src/linux/aarch64 -I./linux/generic -I/home/user/nx679j-stock/experiments/refs/strace-7.2/src/linux/generic -I. -I/home/user/nx679j-stock/experiments/refs/strace-7.2/src -isystem /home/user/nx679j-stock/experiments/refs/strace-7.2/bundled/linux/arch/arm64/include/uapi -isystem /home/user/nx679j-stock/experiments/refs/strace-7.2/bundled/linux/include/uapi -DIN_STRACE=1      -isystem /home/user/nx679j-stock/experiments/refs/strace-7.2/bundled/linux/arch/arm64/include/uapi -isystem /home/user/nx679j-stock/experiments/refs/strace-7.2/bundled/linux/include/uapi -Wall -Wextra -Wno-missing-field-initializers -Wno-unused-parameter -Wdate-time -Wformat-security -Wimplicit-fallthrough=5 -Winit-self -Wlogical-op -Wmissing-prototypes -Wnested-externs -Wold-style-definition -Wtrampolines -Wundef -Wwrite-strings -Werror   -Os -Wall -Wextra -MT libstrace_a-print_timeval.o -MD -MP -MF .deps/libstrace_a-print_timeval.Tpo -c -o libstrace_a-print_timeval.o `test -f 'print_timeval.c' || echo '/home/user/nx679j-stock/experiments/refs/strace-7.2/src/'`print_timeval.c
mv -f .deps/libstrace_a-print_syscall_number.Tpo .deps/libstrace_a-print_syscall_number.Po
aarch64-linux-gnu-gcc -DHAVE_CONFIG_H   -I./linux/aarch64 -I/home/user/nx679j-stock/experiments/refs/strace-7.2/src/linux/aarch64 -I./linux/generic -I/home/user/nx679j-stock/experiments/refs/strace-7.2/src/linux/generic -I. -I/home/user/nx679j-stock/experiments/refs/strace-7.2/src -isystem /home/user/nx679j-stock/experiments/refs/strace-7.2/bundled/linux/arch/arm64/include/uapi -isystem /home/user/nx679j-stock/experiments/refs/strace-7.2/bundled/linux/include/uapi -DIN_STRACE=1      -isystem /home/user/nx679j-stock/experiments/refs/strace-7.2/bundled/linux/arch/arm64/include/uapi -isystem /home/user/nx679j-stock/experiments/refs/strace-7.2/bundled/linux/include/uapi -Wall -Wextra -Wno-missing-field-initializers -Wno-unused-parameter -Wdate-time -Wformat-security -Wimplicit-fallthrough=5 -Winit-self -Wlogical-op -Wmissing-prototypes -Wnested-externs -Wold-style-definition -Wtrampolines -Wundef -Wwrite-strings -Werror   -Os -Wall -Wextra -MT libstrace_a-print_timeval64.o -MD -MP -MF .deps/libstrace_a-print_timeval64.Tpo -c -o libstrace_a-print_timeval64.o `test -f 'print_timeval64.c' || echo '/home/user/nx679j-stock/experiments/refs/strace-7.2/src/'`print_timeval64.c
mv -f .deps/libstrace_a-print_time.Tpo .deps/libstrace_a-print_time.Po
aarch64-linux-gnu-gcc -DHAVE_CONFIG_H   -I./linux/aarch64 -I/home/user/nx679j-stock/experiments/refs/strace-7.2/src/linux/aarch64 -I./linux/generic -I/home/user/nx679j-stock/experiments/refs/strace-7.2/src/linux/generic -I. -I/home/user/nx679j-stock/experiments/refs/strace-7.2/src -isystem /home/user/nx679j-stock/experiments/refs/strace-7.2/bundled/linux/arch/arm64/include/uapi -isystem /home/user/nx679j-stock/experiments/refs/strace-7.2/bundled/linux/include/uapi -DIN_STRACE=1      -isystem /home/user/nx679j-stock/experiments/refs/strace-7.2/bundled/linux/arch/arm64/include/uapi -isystem /home/user/nx679j-stock/experiments/refs/strace-7.2/bundled/linux/include/uapi -Wall -Wextra -Wno-missing-field-initializers -Wno-unused-parameter -Wdate-time -Wformat-security -Wimplicit-fallthrough=5 -Winit-self -Wlogical-op -Wmissing-prototypes -Wnested-externs -Wold-style-definition -Wtrampolines -Wundef -Wwrite-strings -Werror   -Os -Wall -Wextra -MT libstrace_a-print_timex.o -MD -MP -MF .deps/libstrace_a-print_timex.Tpo -c -o libstrace_a-print_timex.o `test -f 'print_timex.c' || echo '/home/user/nx679j-stock/experiments/refs/strace-7.2/src/'`print_timex.c
mv -f .deps/libstrace_a-prctl.Tpo .deps/libstrace_a-prctl.Po
aarch64-linux-gnu-gcc -DHAVE_CONFIG_H   -I./linux/aarch64 -I/home/user/nx679j-stock/experiments/refs/strace-7.2/src/linux/aarch64 -I./linux/generic -I/home/user/nx679j-stock/experiments/refs/strace-7.2/src/linux/generic -I. -I/home/user/nx679j-stock/experiments/refs/strace-7.2/src -isystem /home/user/nx679j-stock/experiments/refs/strace-7.2/bundled/linux/arch/arm64/include/uapi -isystem /home/user/nx679j-stock/experiments/refs/strace-7.2/bundled/linux/include/uapi -DIN_STRACE=1      -isystem /home/user/nx679j-stock/experiments/refs/strace-7.2/bundled/linux/arch/arm64/include/uapi -isystem /home/user/nx679j-stock/experiments/refs/strace-7.2/bundled/linux/include/uapi -Wall -Wextra -Wno-missing-field-initializers -Wno-unused-parameter -Wdate-time -Wformat-security -Wimplicit-fallthrough=5 -Winit-self -Wlogical-op -Wmissing-prototypes -Wnested-externs -Wold-style-definition -Wtrampolines -Wundef -Wwrite-strings -Werror   -Os -Wall -Wextra -MT libstrace_a-printmode.o -MD -MP -MF .deps/libstrace_a-printmode.Tpo -c -o libstrace_a-printmode.o `test -f 'printmode.c' || echo '/home/user/nx679j-stock/experiments/refs/strace-7.2/src/'`printmode.c
mv -f .deps/libstrace_a-print_statfs.Tpo .deps/libstrace_a-print_statfs.Po
aarch64-linux-gnu-gcc -DHAVE_CONFIG_H   -I./linux/aarch64 -I/home/user/nx679j-stock/experiments/refs/strace-7.2/src/linux/aarch64 -I./linux/generic -I/home/user/nx679j-stock/experiments/refs/strace-7.2/src/linux/generic -I. -I/home/user/nx679j-stock/experiments/refs/strace-7.2/src -isystem /home/user/nx679j-stock/experiments/refs/strace-7.2/bundled/linux/arch/arm64/include/uapi -isystem /home/user/nx679j-stock/experiments/refs/strace-7.2/bundled/linux/include/uapi -DIN_STRACE=1      -isystem /home/user/nx679j-stock/experiments/refs/strace-7.2/bundled/linux/arch/arm64/include/uapi -isystem /home/user/nx679j-stock/experiments/refs/strace-7.2/bundled/linux/include/uapi -Wall -Wextra -Wno-missing-field-initializers -Wno-unused-parameter -Wdate-time -Wformat-security -Wimplicit-fallthrough=5 -Winit-self -Wlogical-op -Wmissing-prototypes -Wnested-externs -Wold-style-definition -Wtrampolines -Wundef -Wwrite-strings -Werror   -Os -Wall -Wextra -MT libstrace_a-printrusage.o -MD -MP -MF .deps/libstrace_a-printrusage.Tpo -c -o libstrace_a-printrusage.o `test -f 'printrusage.c' || echo '/home/user/nx679j-stock/experiments/refs/strace-7.2/src/'`printrusage.c
mv -f .deps/libstrace_a-print_struct_stat.Tpo .deps/libstrace_a-print_struct_stat.Po
aarch64-linux-gnu-gcc -DHAVE_CONFIG_H   -I./linux/aarch64 -I/home/user/nx679j-stock/experiments/refs/strace-7.2/src/linux/aarch64 -I./linux/generic -I/home/user/nx679j-stock/experiments/refs/strace-7.2/src/linux/generic -I. -I/home/user/nx679j-stock/experiments/refs/strace-7.2/src -isystem /home/user/nx679j-stock/experiments/refs/strace-7.2/bundled/linux/arch/arm64/include/uapi -isystem /home/user/nx679j-stock/experiments/refs/strace-7.2/bundled/linux/include/uapi -DIN_STRACE=1      -isystem /home/user/nx679j-stock/experiments/refs/strace-7.2/bundled/linux/arch/arm64/include/uapi -isystem /home/user/nx679j-stock/experiments/refs/strace-7.2/bundled/linux/include/uapi -Wall -Wextra -Wno-missing-field-initializers -Wno-unused-parameter -Wdate-time -Wformat-security -Wimplicit-fallthrough=5 -Winit-self -Wlogical-op -Wmissing-prototypes -Wnested-externs -Wold-style-definition -Wtrampolines -Wundef -Wwrite-strings -Werror   -Os -Wall -Wextra -MT libstrace_a-printsiginfo.o -MD -MP -MF .deps/libstrace_a-printsiginfo.Tpo -c -o libstrace_a-printsiginfo.o `test -f 'printsiginfo.c' || echo '/home/user/nx679j-stock/experiments/refs/strace-7.2/src/'`printsiginfo.c
mv -f .deps/libstrace_a-print_timespec32.Tpo .deps/libstrace_a-print_timespec32.Po
aarch64-linux-gnu-gcc -DHAVE_CONFIG_H   -I./linux/aarch64 -I/home/user/nx679j-stock/experiments/refs/strace-7.2/src/linux/aarch64 -I./linux/generic -I/home/user/nx679j-stock/experiments/refs/strace-7.2/src/linux/generic -I. -I/home/user/nx679j-stock/experiments/refs/strace-7.2/src -isystem /home/user/nx679j-stock/experiments/refs/strace-7.2/bundled/linux/arch/arm64/include/uapi -isystem /home/user/nx679j-stock/experiments/refs/strace-7.2/bundled/linux/include/uapi -DIN_STRACE=1      -isystem /home/user/nx679j-stock/experiments/refs/strace-7.2/bundled/linux/arch/arm64/include/uapi -isystem /home/user/nx679j-stock/experiments/refs/strace-7.2/bundled/linux/include/uapi -Wall -Wextra -Wno-missing-field-initializers -Wno-unused-parameter -Wdate-time -Wformat-security -Wimplicit-fallthrough=5 -Winit-self -Wlogical-op -Wmissing-prototypes -Wnested-externs -Wold-style-definition -Wtrampolines -Wundef -Wwrite-strings -Werror   -Os -Wall -Wextra -MT libstrace_a-process_vm.o -MD -MP -MF .deps/libstrace_a-process_vm.Tpo -c -o libstrace_a-process_vm.o `test -f 'process_vm.c' || echo '/home/user/nx679j-stock/experiments/refs/strace-7.2/src/'`process_vm.c
mv -f .deps/libstrace_a-print_timeval64.Tpo .deps/libstrace_a-print_timeval64.Po
aarch64-linux-gnu-gcc -DHAVE_CONFIG_H   -I./linux/aarch64 -I/home/user/nx679j-stock/experiments/refs/strace-7.2/src/linux/aarch64 -I./linux/generic -I/home/user/nx679j-stock/experiments/refs/strace-7.2/src/linux/generic -I. -I/home/user/nx679j-stock/experiments/refs/strace-7.2/src -isystem /home/user/nx679j-stock/experiments/refs/strace-7.2/bundled/linux/arch/arm64/include/uapi -isystem /home/user/nx679j-stock/experiments/refs/strace-7.2/bundled/linux/include/uapi -DIN_STRACE=1      -isystem /home/user/nx679j-stock/experiments/refs/strace-7.2/bundled/linux/arch/arm64/include/uapi -isystem /home/user/nx679j-stock/experiments/refs/strace-7.2/bundled/linux/include/uapi -Wall -Wextra -Wno-missing-field-initializers -Wno-unused-parameter -Wdate-time -Wformat-security -Wimplicit-fallthrough=5 -Winit-self -Wlogical-op -Wmissing-prototypes -Wnested-externs -Wold-style-definition -Wtrampolines -Wundef -Wwrite-strings -Werror   -Os -Wall -Wextra -MT libstrace_a-ptp.o -MD -MP -MF .deps/libstrace_a-ptp.Tpo -c -o libstrace_a-ptp.o `test -f 'ptp.c' || echo '/home/user/nx679j-stock/experiments/refs/strace-7.2/src/'`ptp.c
mv -f .deps/libstrace_a-printmode.Tpo .deps/libstrace_a-printmode.Po
mv -f .deps/libstrace_a-printrusage.Tpo .deps/libstrace_a-printrusage.Po
aarch64-linux-gnu-gcc -DHAVE_CONFIG_H   -I./linux/aarch64 -I/home/user/nx679j-stock/experiments/refs/strace-7.2/src/linux/aarch64 -I./linux/generic -I/home/user/nx679j-stock/experiments/refs/strace-7.2/src/linux/generic -I. -I/home/user/nx679j-stock/experiments/refs/strace-7.2/src -isystem /home/user/nx679j-stock/experiments/refs/strace-7.2/bundled/linux/arch/arm64/include/uapi -isystem /home/user/nx679j-stock/experiments/refs/strace-7.2/bundled/linux/include/uapi -DIN_STRACE=1      -isystem /home/user/nx679j-stock/experiments/refs/strace-7.2/bundled/linux/arch/arm64/include/uapi -isystem /home/user/nx679j-stock/experiments/refs/strace-7.2/bundled/linux/include/uapi -Wall -Wextra -Wno-missing-field-initializers -Wno-unused-parameter -Wdate-time -Wformat-security -Wimplicit-fallthrough=5 -Winit-self -Wlogical-op -Wmissing-prototypes -Wnested-externs -Wold-style-definition -Wtrampolines -Wundef -Wwrite-strings -Werror   -Os -Wall -Wextra -MT libstrace_a-ptrace.o -MD -MP -MF .deps/libstrace_a-ptrace.Tpo -c -o libstrace_a-ptrace.o `test -f 'ptrace.c' || echo '/home/user/nx679j-stock/experiments/refs/strace-7.2/src/'`ptrace.c
aarch64-linux-gnu-gcc -DHAVE_CONFIG_H   -I./linux/aarch64 -I/home/user/nx679j-stock/experiments/refs/strace-7.2/src/linux/aarch64 -I./linux/generic -I/home/user/nx679j-stock/experiments/refs/strace-7.2/src/linux/generic -I. -I/home/user/nx679j-stock/experiments/refs/strace-7.2/src -isystem /home/user/nx679j-stock/experiments/refs/strace-7.2/bundled/linux/arch/arm64/include/uapi -isystem /home/user/nx679j-stock/experiments/refs/strace-7.2/bundled/linux/include/uapi -DIN_STRACE=1      -isystem /home/user/nx679j-stock/experiments/refs/strace-7.2/bundled/linux/arch/arm64/include/uapi -isystem /home/user/nx679j-stock/experiments/refs/strace-7.2/bundled/linux/include/uapi -Wall -Wextra -Wno-missing-field-initializers -Wno-unused-parameter -Wdate-time -Wformat-security -Wimplicit-fallthrough=5 -Winit-self -Wlogical-op -Wmissing-prototypes -Wnested-externs -Wold-style-definition -Wtrampolines -Wundef -Wwrite-strings -Werror   -Os -Wall -Wextra -MT libstrace_a-ptrace_syscall_info.o -MD -MP -MF .deps/libstrace_a-ptrace_syscall_info.Tpo -c -o libstrace_a-ptrace_syscall_info.o `test -f 'ptrace_syscall_info.c' || echo '/home/user/nx679j-stock/experiments/refs/strace-7.2/src/'`ptrace_syscall_info.c
mv -f .deps/libstrace_a-print_timeval.Tpo .deps/libstrace_a-print_timeval.Po
aarch64-linux-gnu-gcc -DHAVE_CONFIG_H   -I./linux/aarch64 -I/home/user/nx679j-stock/experiments/refs/strace-7.2/src/linux/aarch64 -I./linux/generic -I/home/user/nx679j-stock/experiments/refs/strace-7.2/src/linux/generic -I. -I/home/user/nx679j-stock/experiments/refs/strace-7.2/src -isystem /home/user/nx679j-stock/experiments/refs/strace-7.2/bundled/linux/arch/arm64/include/uapi -isystem /home/user/nx679j-stock/experiments/refs/strace-7.2/bundled/linux/include/uapi -DIN_STRACE=1      -isystem /home/user/nx679j-stock/experiments/refs/strace-7.2/bundled/linux/arch/arm64/include/uapi -isystem /home/user/nx679j-stock/experiments/refs/strace-7.2/bundled/linux/include/uapi -Wall -Wextra -Wno-missing-field-initializers -Wno-unused-parameter -Wdate-time -Wformat-security -Wimplicit-fallthrough=5 -Winit-self -Wlogical-op -Wmissing-prototypes -Wnested-externs -Wold-style-definition -Wtrampolines -Wundef -Wwrite-strings -Werror   -Os -Wall -Wextra -MT libstrace_a-quota.o -MD -MP -MF .deps/libstrace_a-quota.Tpo -c -o libstrace_a-quota.o `test -f 'quota.c' || echo '/home/user/nx679j-stock/experiments/refs/strace-7.2/src/'`quota.c
mv -f .deps/libstrace_a-print_timespec64.Tpo .deps/libstrace_a-print_timespec64.Po
aarch64-linux-gnu-gcc -DHAVE_CONFIG_H   -I./linux/aarch64 -I/home/user/nx679j-stock/experiments/refs/strace-7.2/src/linux/aarch64 -I./linux/generic -I/home/user/nx679j-stock/experiments/refs/strace-7.2/src/linux/generic -I. -I/home/user/nx679j-stock/experiments/refs/strace-7.2/src -isystem /home/user/nx679j-stock/experiments/refs/strace-7.2/bundled/linux/arch/arm64/include/uapi -isystem /home/user/nx679j-stock/experiments/refs/strace-7.2/bundled/linux/include/uapi -DIN_STRACE=1      -isystem /home/user/nx679j-stock/experiments/refs/strace-7.2/bundled/linux/arch/arm64/include/uapi -isystem /home/user/nx679j-stock/experiments/refs/strace-7.2/bundled/linux/include/uapi -Wall -Wextra -Wno-missing-field-initializers -Wno-unused-parameter -Wdate-time -Wformat-security -Wimplicit-fallthrough=5 -Winit-self -Wlogical-op -Wmissing-prototypes -Wnested-externs -Wold-style-definition -Wtrampolines -Wundef -Wwrite-strings -Werror   -Os -Wall -Wextra -MT libstrace_a-random_ioctl.o -MD -MP -MF .deps/libstrace_a-random_ioctl.Tpo -c -o libstrace_a-random_ioctl.o `test -f 'random_ioctl.c' || echo '/home/user/nx679j-stock/experiments/refs/strace-7.2/src/'`random_ioctl.c
mv -f .deps/libstrace_a-print_timex.Tpo .deps/libstrace_a-print_timex.Po
aarch64-linux-gnu-gcc -DHAVE_CONFIG_H   -I./linux/aarch64 -I/home/user/nx679j-stock/experiments/refs/strace-7.2/src/linux/aarch64 -I./linux/generic -I/home/user/nx679j-stock/experiments/refs/strace-7.2/src/linux/generic -I. -I/home/user/nx679j-stock/experiments/refs/strace-7.2/src -isystem /home/user/nx679j-stock/experiments/refs/strace-7.2/bundled/linux/arch/arm64/include/uapi -isystem /home/user/nx679j-stock/experiments/refs/strace-7.2/bundled/linux/include/uapi -DIN_STRACE=1      -isystem /home/user/nx679j-stock/experiments/refs/strace-7.2/bundled/linux/arch/arm64/include/uapi -isystem /home/user/nx679j-stock/experiments/refs/strace-7.2/bundled/linux/include/uapi -Wall -Wextra -Wno-missing-field-initializers -Wno-unused-parameter -Wdate-time -Wformat-security -Wimplicit-fallthrough=5 -Winit-self -Wlogical-op -Wmissing-prototypes -Wnested-externs -Wold-style-definition -Wtrampolines -Wundef -Wwrite-strings -Werror   -Os -Wall -Wextra -MT libstrace_a-readahead.o -MD -MP -MF .deps/libstrace_a-readahead.Tpo -c -o libstrace_a-readahead.o `test -f 'readahead.c' || echo '/home/user/nx679j-stock/experiments/refs/strace-7.2/src/'`readahead.c
mv -f .deps/libstrace_a-process_vm.Tpo .deps/libstrace_a-process_vm.Po
aarch64-linux-gnu-gcc -DHAVE_CONFIG_H   -I./linux/aarch64 -I/home/user/nx679j-stock/experiments/refs/strace-7.2/src/linux/aarch64 -I./linux/generic -I/home/user/nx679j-stock/experiments/refs/strace-7.2/src/linux/generic -I. -I/home/user/nx679j-stock/experiments/refs/strace-7.2/src -isystem /home/user/nx679j-stock/experiments/refs/strace-7.2/bundled/linux/arch/arm64/include/uapi -isystem /home/user/nx679j-stock/experiments/refs/strace-7.2/bundled/linux/include/uapi -DIN_STRACE=1      -isystem /home/user/nx679j-stock/experiments/refs/strace-7.2/bundled/linux/arch/arm64/include/uapi -isystem /home/user/nx679j-stock/experiments/refs/strace-7.2/bundled/linux/include/uapi -Wall -Wextra -Wno-missing-field-initializers -Wno-unused-parameter -Wdate-time -Wformat-security -Wimplicit-fallthrough=5 -Winit-self -Wlogical-op -Wmissing-prototypes -Wnested-externs -Wold-style-definition -Wtrampolines -Wundef -Wwrite-strings -Werror   -Os -Wall -Wextra -MT libstrace_a-readlink.o -MD -MP -MF .deps/libstrace_a-readlink.Tpo -c -o libstrace_a-readlink.o `test -f 'readlink.c' || echo '/home/user/nx679j-stock/experiments/refs/strace-7.2/src/'`readlink.c
mv -f .deps/libstrace_a-random_ioctl.Tpo .deps/libstrace_a-random_ioctl.Po
aarch64-linux-gnu-gcc -DHAVE_CONFIG_H   -I./linux/aarch64 -I/home/user/nx679j-stock/experiments/refs/strace-7.2/src/linux/aarch64 -I./linux/generic -I/home/user/nx679j-stock/experiments/refs/strace-7.2/src/linux/generic -I. -I/home/user/nx679j-stock/experiments/refs/strace-7.2/src -isystem /home/user/nx679j-stock/experiments/refs/strace-7.2/bundled/linux/arch/arm64/include/uapi -isystem /home/user/nx679j-stock/experiments/refs/strace-7.2/bundled/linux/include/uapi -DIN_STRACE=1      -isystem /home/user/nx679j-stock/experiments/refs/strace-7.2/bundled/linux/arch/arm64/include/uapi -isystem /home/user/nx679j-stock/experiments/refs/strace-7.2/bundled/linux/include/uapi -Wall -Wextra -Wno-missing-field-initializers -Wno-unused-parameter -Wdate-time -Wformat-security -Wimplicit-fallthrough=5 -Winit-self -Wlogical-op -Wmissing-prototypes -Wnested-externs -Wold-style-definition -Wtrampolines -Wundef -Wwrite-strings -Werror   -Os -Wall -Wextra -MT libstrace_a-reboot.o -MD -MP -MF .deps/libstrace_a-reboot.Tpo -c -o libstrace_a-reboot.o `test -f 'reboot.c' || echo '/home/user/nx679j-stock/experiments/refs/strace-7.2/src/'`reboot.c
mv -f .deps/libstrace_a-readahead.Tpo .deps/libstrace_a-readahead.Po
aarch64-linux-gnu-gcc -DHAVE_CONFIG_H   -I./linux/aarch64 -I/home/user/nx679j-stock/experiments/refs/strace-7.2/src/linux/aarch64 -I./linux/generic -I/home/user/nx679j-stock/experiments/refs/strace-7.2/src/linux/generic -I. -I/home/user/nx679j-stock/experiments/refs/strace-7.2/src -isystem /home/user/nx679j-stock/experiments/refs/strace-7.2/bundled/linux/arch/arm64/include/uapi -isystem /home/user/nx679j-stock/experiments/refs/strace-7.2/bundled/linux/include/uapi -DIN_STRACE=1      -isystem /home/user/nx679j-stock/experiments/refs/strace-7.2/bundled/linux/arch/arm64/include/uapi -isystem /home/user/nx679j-stock/experiments/refs/strace-7.2/bundled/linux/include/uapi -Wall -Wextra -Wno-missing-field-initializers -Wno-unused-parameter -Wdate-time -Wformat-security -Wimplicit-fallthrough=5 -Winit-self -Wlogical-op -Wmissing-prototypes -Wnested-externs -Wold-style-definition -Wtrampolines -Wundef -Wwrite-strings -Werror   -Os -Wall -Wextra -MT libstrace_a-regset.o -MD -MP -MF .deps/libstrace_a-regset.Tpo -c -o libstrace_a-regset.o `test -f 'regset.c' || echo '/home/user/nx679j-stock/experiments/refs/strace-7.2/src/'`regset.c
mv -f .deps/libstrace_a-printsiginfo.Tpo .deps/libstrace_a-printsiginfo.Po
aarch64-linux-gnu-gcc -DHAVE_CONFIG_H   -I./linux/aarch64 -I/home/user/nx679j-stock/experiments/refs/strace-7.2/src/linux/aarch64 -I./linux/generic -I/home/user/nx679j-stock/experiments/refs/strace-7.2/src/linux/generic -I. -I/home/user/nx679j-stock/experiments/refs/strace-7.2/src -isystem /home/user/nx679j-stock/experiments/refs/strace-7.2/bundled/linux/arch/arm64/include/uapi -isystem /home/user/nx679j-stock/experiments/refs/strace-7.2/bundled/linux/include/uapi -DIN_STRACE=1      -isystem /home/user/nx679j-stock/experiments/refs/strace-7.2/bundled/linux/arch/arm64/include/uapi -isystem /home/user/nx679j-stock/experiments/refs/strace-7.2/bundled/linux/include/uapi -Wall -Wextra -Wno-missing-field-initializers -Wno-unused-parameter -Wdate-time -Wformat-security -Wimplicit-fallthrough=5 -Winit-self -Wlogical-op -Wmissing-prototypes -Wnested-externs -Wold-style-definition -Wtrampolines -Wundef -Wwrite-strings -Werror   -Os -Wall -Wextra -MT libstrace_a-renameat.o -MD -MP -MF .deps/libstrace_a-renameat.Tpo -c -o libstrace_a-renameat.o `test -f 'renameat.c' || echo '/home/user/nx679j-stock/experiments/refs/strace-7.2/src/'`renameat.c
mv -f .deps/libstrace_a-readlink.Tpo .deps/libstrace_a-readlink.Po
aarch64-linux-gnu-gcc -DHAVE_CONFIG_H   -I./linux/aarch64 -I/home/user/nx679j-stock/experiments/refs/strace-7.2/src/linux/aarch64 -I./linux/generic -I/home/user/nx679j-stock/experiments/refs/strace-7.2/src/linux/generic -I. -I/home/user/nx679j-stock/experiments/refs/strace-7.2/src -isystem /home/user/nx679j-stock/experiments/refs/strace-7.2/bundled/linux/arch/arm64/include/uapi -isystem /home/user/nx679j-stock/experiments/refs/strace-7.2/bundled/linux/include/uapi -DIN_STRACE=1      -isystem /home/user/nx679j-stock/experiments/refs/strace-7.2/bundled/linux/arch/arm64/include/uapi -isystem /home/user/nx679j-stock/experiments/refs/strace-7.2/bundled/linux/include/uapi -Wall -Wextra -Wno-missing-field-initializers -Wno-unused-parameter -Wdate-time -Wformat-security -Wimplicit-fallthrough=5 -Winit-self -Wlogical-op -Wmissing-prototypes -Wnested-externs -Wold-style-definition -Wtrampolines -Wundef -Wwrite-strings -Werror   -Os -Wall -Wextra -MT libstrace_a-resource.o -MD -MP -MF .deps/libstrace_a-resource.Tpo -c -o libstrace_a-resource.o `test -f 'resource.c' || echo '/home/user/nx679j-stock/experiments/refs/strace-7.2/src/'`resource.c
mv -f .deps/libstrace_a-ptp.Tpo .deps/libstrace_a-ptp.Po
aarch64-linux-gnu-gcc -DHAVE_CONFIG_H   -I./linux/aarch64 -I/home/user/nx679j-stock/experiments/refs/strace-7.2/src/linux/aarch64 -I./linux/generic -I/home/user/nx679j-stock/experiments/refs/strace-7.2/src/linux/generic -I. -I/home/user/nx679j-stock/experiments/refs/strace-7.2/src -isystem /home/user/nx679j-stock/experiments/refs/strace-7.2/bundled/linux/arch/arm64/include/uapi -isystem /home/user/nx679j-stock/experiments/refs/strace-7.2/bundled/linux/include/uapi -DIN_STRACE=1      -isystem /home/user/nx679j-stock/experiments/refs/strace-7.2/bundled/linux/arch/arm64/include/uapi -isystem /home/user/nx679j-stock/experiments/refs/strace-7.2/bundled/linux/include/uapi -Wall -Wextra -Wno-missing-field-initializers -Wno-unused-parameter -Wdate-time -Wformat-security -Wimplicit-fallthrough=5 -Winit-self -Wlogical-op -Wmissing-prototypes -Wnested-externs -Wold-style-definition -Wtrampolines -Wundef -Wwrite-strings -Werror   -Os -Wall -Wextra -MT libstrace_a-rseq.o -MD -MP -MF .deps/libstrace_a-rseq.Tpo -c -o libstrace_a-rseq.o `test -f 'rseq.c' || echo '/home/user/nx679j-stock/experiments/refs/strace-7.2/src/'`rseq.c
mv -f .deps/libstrace_a-reboot.Tpo .deps/libstrace_a-reboot.Po
aarch64-linux-gnu-gcc -DHAVE_CONFIG_H   -I./linux/aarch64 -I/home/user/nx679j-stock/experiments/refs/strace-7.2/src/linux/aarch64 -I./linux/generic -I/home/user/nx679j-stock/experiments/refs/strace-7.2/src/linux/generic -I. -I/home/user/nx679j-stock/experiments/refs/strace-7.2/src -isystem /home/user/nx679j-stock/experiments/refs/strace-7.2/bundled/linux/arch/arm64/include/uapi -isystem /home/user/nx679j-stock/experiments/refs/strace-7.2/bundled/linux/include/uapi -DIN_STRACE=1      -isystem /home/user/nx679j-stock/experiments/refs/strace-7.2/bundled/linux/arch/arm64/include/uapi -isystem /home/user/nx679j-stock/experiments/refs/strace-7.2/bundled/linux/include/uapi -Wall -Wextra -Wno-missing-field-initializers -Wno-unused-parameter -Wdate-time -Wformat-security -Wimplicit-fallthrough=5 -Winit-self -Wlogical-op -Wmissing-prototypes -Wnested-externs -Wold-style-definition -Wtrampolines -Wundef -Wwrite-strings -Werror   -Os -Wall -Wextra -MT libstrace_a-retval.o -MD -MP -MF .deps/libstrace_a-retval.Tpo -c -o libstrace_a-retval.o `test -f 'retval.c' || echo '/home/user/nx679j-stock/experiments/refs/strace-7.2/src/'`retval.c
mv -f .deps/libstrace_a-quota.Tpo .deps/libstrace_a-quota.Po
aarch64-linux-gnu-gcc -DHAVE_CONFIG_H   -I./linux/aarch64 -I/home/user/nx679j-stock/experiments/refs/strace-7.2/src/linux/aarch64 -I./linux/generic -I/home/user/nx679j-stock/experiments/refs/strace-7.2/src/linux/generic -I. -I/home/user/nx679j-stock/experiments/refs/strace-7.2/src -isystem /home/user/nx679j-stock/experiments/refs/strace-7.2/bundled/linux/arch/arm64/include/uapi -isystem /home/user/nx679j-stock/experiments/refs/strace-7.2/bundled/linux/include/uapi -DIN_STRACE=1      -isystem /home/user/nx679j-stock/experiments/refs/strace-7.2/bundled/linux/arch/arm64/include/uapi -isystem /home/user/nx679j-stock/experiments/refs/strace-7.2/bundled/linux/include/uapi -Wall -Wextra -Wno-missing-field-initializers -Wno-unused-parameter -Wdate-time -Wformat-security -Wimplicit-fallthrough=5 -Winit-self -Wlogical-op -Wmissing-prototypes -Wnested-externs -Wold-style-definition -Wtrampolines -Wundef -Wwrite-strings -Werror   -Os -Wall -Wextra -MT libstrace_a-riscv.o -MD -MP -MF .deps/libstrace_a-riscv.Tpo -c -o libstrace_a-riscv.o `test -f 'riscv.c' || echo '/home/user/nx679j-stock/experiments/refs/strace-7.2/src/'`riscv.c
mv -f .deps/libstrace_a-regset.Tpo .deps/libstrace_a-regset.Po
aarch64-linux-gnu-gcc -DHAVE_CONFIG_H   -I./linux/aarch64 -I/home/user/nx679j-stock/experiments/refs/strace-7.2/src/linux/aarch64 -I./linux/generic -I/home/user/nx679j-stock/experiments/refs/strace-7.2/src/linux/generic -I. -I/home/user/nx679j-stock/experiments/refs/strace-7.2/src -isystem /home/user/nx679j-stock/experiments/refs/strace-7.2/bundled/linux/arch/arm64/include/uapi -isystem /home/user/nx679j-stock/experiments/refs/strace-7.2/bundled/linux/include/uapi -DIN_STRACE=1      -isystem /home/user/nx679j-stock/experiments/refs/strace-7.2/bundled/linux/arch/arm64/include/uapi -isystem /home/user/nx679j-stock/experiments/refs/strace-7.2/bundled/linux/include/uapi -Wall -Wextra -Wno-missing-field-initializers -Wno-unused-parameter -Wdate-time -Wformat-security -Wimplicit-fallthrough=5 -Winit-self -Wlogical-op -Wmissing-prototypes -Wnested-externs -Wold-style-definition -Wtrampolines -Wundef -Wwrite-strings -Werror   -Os -Wall -Wextra -MT libstrace_a-rt_sigframe.o -MD -MP -MF .deps/libstrace_a-rt_sigframe.Tpo -c -o libstrace_a-rt_sigframe.o `test -f 'rt_sigframe.c' || echo '/home/user/nx679j-stock/experiments/refs/strace-7.2/src/'`rt_sigframe.c
mv -f .deps/libstrace_a-renameat.Tpo .deps/libstrace_a-renameat.Po
aarch64-linux-gnu-gcc -DHAVE_CONFIG_H   -I./linux/aarch64 -I/home/user/nx679j-stock/experiments/refs/strace-7.2/src/linux/aarch64 -I./linux/generic -I/home/user/nx679j-stock/experiments/refs/strace-7.2/src/linux/generic -I. -I/home/user/nx679j-stock/experiments/refs/strace-7.2/src -isystem /home/user/nx679j-stock/experiments/refs/strace-7.2/bundled/linux/arch/arm64/include/uapi -isystem /home/user/nx679j-stock/experiments/refs/strace-7.2/bundled/linux/include/uapi -DIN_STRACE=1      -isystem /home/user/nx679j-stock/experiments/refs/strace-7.2/bundled/linux/arch/arm64/include/uapi -isystem /home/user/nx679j-stock/experiments/refs/strace-7.2/bundled/linux/include/uapi -Wall -Wextra -Wno-missing-field-initializers -Wno-unused-parameter -Wdate-time -Wformat-security -Wimplicit-fallthrough=5 -Winit-self -Wlogical-op -Wmissing-prototypes -Wnested-externs -Wold-style-definition -Wtrampolines -Wundef -Wwrite-strings -Werror   -Os -Wall -Wextra -MT libstrace_a-rt_sigreturn.o -MD -MP -MF .deps/libstrace_a-rt_sigreturn.Tpo -c -o libstrace_a-rt_sigreturn.o `test -f 'rt_sigreturn.c' || echo '/home/user/nx679j-stock/experiments/refs/strace-7.2/src/'`rt_sigreturn.c
mv -f .deps/libstrace_a-retval.Tpo .deps/libstrace_a-retval.Po
aarch64-linux-gnu-gcc -DHAVE_CONFIG_H   -I./linux/aarch64 -I/home/user/nx679j-stock/experiments/refs/strace-7.2/src/linux/aarch64 -I./linux/generic -I/home/user/nx679j-stock/experiments/refs/strace-7.2/src/linux/generic -I. -I/home/user/nx679j-stock/experiments/refs/strace-7.2/src -isystem /home/user/nx679j-stock/experiments/refs/strace-7.2/bundled/linux/arch/arm64/include/uapi -isystem /home/user/nx679j-stock/experiments/refs/strace-7.2/bundled/linux/include/uapi -DIN_STRACE=1      -isystem /home/user/nx679j-stock/experiments/refs/strace-7.2/bundled/linux/arch/arm64/include/uapi -isystem /home/user/nx679j-stock/experiments/refs/strace-7.2/bundled/linux/include/uapi -Wall -Wextra -Wno-missing-field-initializers -Wno-unused-parameter -Wdate-time -Wformat-security -Wimplicit-fallthrough=5 -Winit-self -Wlogical-op -Wmissing-prototypes -Wnested-externs -Wold-style-definition -Wtrampolines -Wundef -Wwrite-strings -Werror   -Os -Wall -Wextra -MT libstrace_a-rtc.o -MD -MP -MF .deps/libstrace_a-rtc.Tpo -c -o libstrace_a-rtc.o `test -f 'rtc.c' || echo '/home/user/nx679j-stock/experiments/refs/strace-7.2/src/'`rtc.c
mv -f .deps/libstrace_a-riscv.Tpo .deps/libstrace_a-riscv.Po
aarch64-linux-gnu-gcc -DHAVE_CONFIG_H   -I./linux/aarch64 -I/home/user/nx679j-stock/experiments/refs/strace-7.2/src/linux/aarch64 -I./linux/generic -I/home/user/nx679j-stock/experiments/refs/strace-7.2/src/linux/generic -I. -I/home/user/nx679j-stock/experiments/refs/strace-7.2/src -isystem /home/user/nx679j-stock/experiments/refs/strace-7.2/bundled/linux/arch/arm64/include/uapi -isystem /home/user/nx679j-stock/experiments/refs/strace-7.2/bundled/linux/include/uapi -DIN_STRACE=1      -isystem /home/user/nx679j-stock/experiments/refs/strace-7.2/bundled/linux/arch/arm64/include/uapi -isystem /home/user/nx679j-stock/experiments/refs/strace-7.2/bundled/linux/include/uapi -Wall -Wextra -Wno-missing-field-initializers -Wno-unused-parameter -Wdate-time -Wformat-security -Wimplicit-fallthrough=5 -Winit-self -Wlogical-op -Wmissing-prototypes -Wnested-externs -Wold-style-definition -Wtrampolines -Wundef -Wwrite-strings -Werror   -Os -Wall -Wextra -MT libstrace_a-rtnl_addr.o -MD -MP -MF .deps/libstrace_a-rtnl_addr.Tpo -c -o libstrace_a-rtnl_addr.o `test -f 'rtnl_addr.c' || echo '/home/user/nx679j-stock/experiments/refs/strace-7.2/src/'`rtnl_addr.c
mv -f .deps/libstrace_a-ptrace.Tpo .deps/libstrace_a-ptrace.Po
aarch64-linux-gnu-gcc -DHAVE_CONFIG_H   -I./linux/aarch64 -I/home/user/nx679j-stock/experiments/refs/strace-7.2/src/linux/aarch64 -I./linux/generic -I/home/user/nx679j-stock/experiments/refs/strace-7.2/src/linux/generic -I. -I/home/user/nx679j-stock/experiments/refs/strace-7.2/src -isystem /home/user/nx679j-stock/experiments/refs/strace-7.2/bundled/linux/arch/arm64/include/uapi -isystem /home/user/nx679j-stock/experiments/refs/strace-7.2/bundled/linux/include/uapi -DIN_STRACE=1      -isystem /home/user/nx679j-stock/experiments/refs/strace-7.2/bundled/linux/arch/arm64/include/uapi -isystem /home/user/nx679j-stock/experiments/refs/strace-7.2/bundled/linux/include/uapi -Wall -Wextra -Wno-missing-field-initializers -Wno-unused-parameter -Wdate-time -Wformat-security -Wimplicit-fallthrough=5 -Winit-self -Wlogical-op -Wmissing-prototypes -Wnested-externs -Wold-style-definition -Wtrampolines -Wundef -Wwrite-strings -Werror   -Os -Wall -Wextra -MT libstrace_a-rtnl_addrlabel.o -MD -MP -MF .deps/libstrace_a-rtnl_addrlabel.Tpo -c -o libstrace_a-rtnl_addrlabel.o `test -f 'rtnl_addrlabel.c' || echo '/home/user/nx679j-stock/experiments/refs/strace-7.2/src/'`rtnl_addrlabel.c
mv -f .deps/libstrace_a-resource.Tpo .deps/libstrace_a-resource.Po
aarch64-linux-gnu-gcc -DHAVE_CONFIG_H   -I./linux/aarch64 -I/home/user/nx679j-stock/experiments/refs/strace-7.2/src/linux/aarch64 -I./linux/generic -I/home/user/nx679j-stock/experiments/refs/strace-7.2/src/linux/generic -I. -I/home/user/nx679j-stock/experiments/refs/strace-7.2/src -isystem /home/user/nx679j-stock/experiments/refs/strace-7.2/bundled/linux/arch/arm64/include/uapi -isystem /home/user/nx679j-stock/experiments/refs/strace-7.2/bundled/linux/include/uapi -DIN_STRACE=1      -isystem /home/user/nx679j-stock/experiments/refs/strace-7.2/bundled/linux/arch/arm64/include/uapi -isystem /home/user/nx679j-stock/experiments/refs/strace-7.2/bundled/linux/include/uapi -Wall -Wextra -Wno-missing-field-initializers -Wno-unused-parameter -Wdate-time -Wformat-security -Wimplicit-fallthrough=5 -Winit-self -Wlogical-op -Wmissing-prototypes -Wnested-externs -Wold-style-definition -Wtrampolines -Wundef -Wwrite-strings -Werror   -Os -Wall -Wextra -MT libstrace_a-rtnl_cachereport.o -MD -MP -MF .deps/libstrace_a-rtnl_cachereport.Tpo -c -o libstrace_a-rtnl_cachereport.o `test -f 'rtnl_cachereport.c' || echo '/home/user/nx679j-stock/experiments/refs/strace-7.2/src/'`rtnl_cachereport.c
mv -f .deps/libstrace_a-rseq.Tpo .deps/libstrace_a-rseq.Po
aarch64-linux-gnu-gcc -DHAVE_CONFIG_H   -I./linux/aarch64 -I/home/user/nx679j-stock/experiments/refs/strace-7.2/src/linux/aarch64 -I./linux/generic -I/home/user/nx679j-stock/experiments/refs/strace-7.2/src/linux/generic -I. -I/home/user/nx679j-stock/experiments/refs/strace-7.2/src -isystem /home/user/nx679j-stock/experiments/refs/strace-7.2/bundled/linux/arch/arm64/include/uapi -isystem /home/user/nx679j-stock/experiments/refs/strace-7.2/bundled/linux/include/uapi -DIN_STRACE=1      -isystem /home/user/nx679j-stock/experiments/refs/strace-7.2/bundled/linux/arch/arm64/include/uapi -isystem /home/user/nx679j-stock/experiments/refs/strace-7.2/bundled/linux/include/uapi -Wall -Wextra -Wno-missing-field-initializers -Wno-unused-parameter -Wdate-time -Wformat-security -Wimplicit-fallthrough=5 -Winit-self -Wlogical-op -Wmissing-prototypes -Wnested-externs -Wold-style-definition -Wtrampolines -Wundef -Wwrite-strings -Werror   -Os -Wall -Wextra -MT libstrace_a-rtnl_dcb.o -MD -MP -MF .deps/libstrace_a-rtnl_dcb.Tpo -c -o libstrace_a-rtnl_dcb.o `test -f 'rtnl_dcb.c' || echo '/home/user/nx679j-stock/experiments/refs/strace-7.2/src/'`rtnl_dcb.c
mv -f .deps/libstrace_a-rt_sigframe.Tpo .deps/libstrace_a-rt_sigframe.Po
aarch64-linux-gnu-gcc -DHAVE_CONFIG_H   -I./linux/aarch64 -I/home/user/nx679j-stock/experiments/refs/strace-7.2/src/linux/aarch64 -I./linux/generic -I/home/user/nx679j-stock/experiments/refs/strace-7.2/src/linux/generic -I. -I/home/user/nx679j-stock/experiments/refs/strace-7.2/src -isystem /home/user/nx679j-stock/experiments/refs/strace-7.2/bundled/linux/arch/arm64/include/uapi -isystem /home/user/nx679j-stock/experiments/refs/strace-7.2/bundled/linux/include/uapi -DIN_STRACE=1      -isystem /home/user/nx679j-stock/experiments/refs/strace-7.2/bundled/linux/arch/arm64/include/uapi -isystem /home/user/nx679j-stock/experiments/refs/strace-7.2/bundled/linux/include/uapi -Wall -Wextra -Wno-missing-field-initializers -Wno-unused-parameter -Wdate-time -Wformat-security -Wimplicit-fallthrough=5 -Winit-self -Wlogical-op -Wmissing-prototypes -Wnested-externs -Wold-style-definition -Wtrampolines -Wundef -Wwrite-strings -Werror   -Os -Wall -Wextra -MT libstrace_a-rtnl_link.o -MD -MP -MF .deps/libstrace_a-rtnl_link.Tpo -c -o libstrace_a-rtnl_link.o `test -f 'rtnl_link.c' || echo '/home/user/nx679j-stock/experiments/refs/strace-7.2/src/'`rtnl_link.c
mv -f .deps/libstrace_a-rt_sigreturn.Tpo .deps/libstrace_a-rt_sigreturn.Po
aarch64-linux-gnu-gcc -DHAVE_CONFIG_H   -I./linux/aarch64 -I/home/user/nx679j-stock/experiments/refs/strace-7.2/src/linux/aarch64 -I./linux/generic -I/home/user/nx679j-stock/experiments/refs/strace-7.2/src/linux/generic -I. -I/home/user/nx679j-stock/experiments/refs/strace-7.2/src -isystem /home/user/nx679j-stock/experiments/refs/strace-7.2/bundled/linux/arch/arm64/include/uapi -isystem /home/user/nx679j-stock/experiments/refs/strace-7.2/bundled/linux/include/uapi -DIN_STRACE=1      -isystem /home/user/nx679j-stock/experiments/refs/strace-7.2/bundled/linux/arch/arm64/include/uapi -isystem /home/user/nx679j-stock/experiments/refs/strace-7.2/bundled/linux/include/uapi -Wall -Wextra -Wno-missing-field-initializers -Wno-unused-parameter -Wdate-time -Wformat-security -Wimplicit-fallthrough=5 -Winit-self -Wlogical-op -Wmissing-prototypes -Wnested-externs -Wold-style-definition -Wtrampolines -Wundef -Wwrite-strings -Werror   -Os -Wall -Wextra -MT libstrace_a-rtnl_mdb.o -MD -MP -MF .deps/libstrace_a-rtnl_mdb.Tpo -c -o libstrace_a-rtnl_mdb.o `test -f 'rtnl_mdb.c' || echo '/home/user/nx679j-stock/experiments/refs/strace-7.2/src/'`rtnl_mdb.c
mv -f .deps/libstrace_a-rtnl_addrlabel.Tpo .deps/libstrace_a-rtnl_addrlabel.Po
aarch64-linux-gnu-gcc -DHAVE_CONFIG_H   -I./linux/aarch64 -I/home/user/nx679j-stock/experiments/refs/strace-7.2/src/linux/aarch64 -I./linux/generic -I/home/user/nx679j-stock/experiments/refs/strace-7.2/src/linux/generic -I. -I/home/user/nx679j-stock/experiments/refs/strace-7.2/src -isystem /home/user/nx679j-stock/experiments/refs/strace-7.2/bundled/linux/arch/arm64/include/uapi -isystem /home/user/nx679j-stock/experiments/refs/strace-7.2/bundled/linux/include/uapi -DIN_STRACE=1      -isystem /home/user/nx679j-stock/experiments/refs/strace-7.2/bundled/linux/arch/arm64/include/uapi -isystem /home/user/nx679j-stock/experiments/refs/strace-7.2/bundled/linux/include/uapi -Wall -Wextra -Wno-missing-field-initializers -Wno-unused-parameter -Wdate-time -Wformat-security -Wimplicit-fallthrough=5 -Winit-self -Wlogical-op -Wmissing-prototypes -Wnested-externs -Wold-style-definition -Wtrampolines -Wundef -Wwrite-strings -Werror   -Os -Wall -Wextra -MT libstrace_a-rtnl_neigh.o -MD -MP -MF .deps/libstrace_a-rtnl_neigh.Tpo -c -o libstrace_a-rtnl_neigh.o `test -f 'rtnl_neigh.c' || echo '/home/user/nx679j-stock/experiments/refs/strace-7.2/src/'`rtnl_neigh.c
mv -f .deps/libstrace_a-rtnl_cachereport.Tpo .deps/libstrace_a-rtnl_cachereport.Po
aarch64-linux-gnu-gcc -DHAVE_CONFIG_H   -I./linux/aarch64 -I/home/user/nx679j-stock/experiments/refs/strace-7.2/src/linux/aarch64 -I./linux/generic -I/home/user/nx679j-stock/experiments/refs/strace-7.2/src/linux/generic -I. -I/home/user/nx679j-stock/experiments/refs/strace-7.2/src -isystem /home/user/nx679j-stock/experiments/refs/strace-7.2/bundled/linux/arch/arm64/include/uapi -isystem /home/user/nx679j-stock/experiments/refs/strace-7.2/bundled/linux/include/uapi -DIN_STRACE=1      -isystem /home/user/nx679j-stock/experiments/refs/strace-7.2/bundled/linux/arch/arm64/include/uapi -isystem /home/user/nx679j-stock/experiments/refs/strace-7.2/bundled/linux/include/uapi -Wall -Wextra -Wno-missing-field-initializers -Wno-unused-parameter -Wdate-time -Wformat-security -Wimplicit-fallthrough=5 -Winit-self -Wlogical-op -Wmissing-prototypes -Wnested-externs -Wold-style-definition -Wtrampolines -Wundef -Wwrite-strings -Werror   -Os -Wall -Wextra -MT libstrace_a-rtnl_neightbl.o -MD -MP -MF .deps/libstrace_a-rtnl_neightbl.Tpo -c -o libstrace_a-rtnl_neightbl.o `test -f 'rtnl_neightbl.c' || echo '/home/user/nx679j-stock/experiments/refs/strace-7.2/src/'`rtnl_neightbl.c
mv -f .deps/libstrace_a-rtnl_dcb.Tpo .deps/libstrace_a-rtnl_dcb.Po
aarch64-linux-gnu-gcc -DHAVE_CONFIG_H   -I./linux/aarch64 -I/home/user/nx679j-stock/experiments/refs/strace-7.2/src/linux/aarch64 -I./linux/generic -I/home/user/nx679j-stock/experiments/refs/strace-7.2/src/linux/generic -I. -I/home/user/nx679j-stock/experiments/refs/strace-7.2/src -isystem /home/user/nx679j-stock/experiments/refs/strace-7.2/bundled/linux/arch/arm64/include/uapi -isystem /home/user/nx679j-stock/experiments/refs/strace-7.2/bundled/linux/include/uapi -DIN_STRACE=1      -isystem /home/user/nx679j-stock/experiments/refs/strace-7.2/bundled/linux/arch/arm64/include/uapi -isystem /home/user/nx679j-stock/experiments/refs/strace-7.2/bundled/linux/include/uapi -Wall -Wextra -Wno-missing-field-initializers -Wno-unused-parameter -Wdate-time -Wformat-security -Wimplicit-fallthrough=5 -Winit-self -Wlogical-op -Wmissing-prototypes -Wnested-externs -Wold-style-definition -Wtrampolines -Wundef -Wwrite-strings -Werror   -Os -Wall -Wextra -MT libstrace_a-rtnl_netconf.o -MD -MP -MF .deps/libstrace_a-rtnl_netconf.Tpo -c -o libstrace_a-rtnl_netconf.o `test -f 'rtnl_netconf.c' || echo '/home/user/nx679j-stock/experiments/refs/strace-7.2/src/'`rtnl_netconf.c
mv -f .deps/libstrace_a-rtnl_addr.Tpo .deps/libstrace_a-rtnl_addr.Po
aarch64-linux-gnu-gcc -DHAVE_CONFIG_H   -I./linux/aarch64 -I/home/user/nx679j-stock/experiments/refs/strace-7.2/src/linux/aarch64 -I./linux/generic -I/home/user/nx679j-stock/experiments/refs/strace-7.2/src/linux/generic -I. -I/home/user/nx679j-stock/experiments/refs/strace-7.2/src -isystem /home/user/nx679j-stock/experiments/refs/strace-7.2/bundled/linux/arch/arm64/include/uapi -isystem /home/user/nx679j-stock/experiments/refs/strace-7.2/bundled/linux/include/uapi -DIN_STRACE=1      -isystem /home/user/nx679j-stock/experiments/refs/strace-7.2/bundled/linux/arch/arm64/include/uapi -isystem /home/user/nx679j-stock/experiments/refs/strace-7.2/bundled/linux/include/uapi -Wall -Wextra -Wno-missing-field-initializers -Wno-unused-parameter -Wdate-time -Wformat-security -Wimplicit-fallthrough=5 -Winit-self -Wlogical-op -Wmissing-prototypes -Wnested-externs -Wold-style-definition -Wtrampolines -Wundef -Wwrite-strings -Werror   -Os -Wall -Wextra -MT libstrace_a-rtnl_nh.o -MD -MP -MF .deps/libstrace_a-rtnl_nh.Tpo -c -o libstrace_a-rtnl_nh.o `test -f 'rtnl_nh.c' || echo '/home/user/nx679j-stock/experiments/refs/strace-7.2/src/'`rtnl_nh.c
mv -f .deps/libstrace_a-rtc.Tpo .deps/libstrace_a-rtc.Po
aarch64-linux-gnu-gcc -DHAVE_CONFIG_H   -I./linux/aarch64 -I/home/user/nx679j-stock/experiments/refs/strace-7.2/src/linux/aarch64 -I./linux/generic -I/home/user/nx679j-stock/experiments/refs/strace-7.2/src/linux/generic -I. -I/home/user/nx679j-stock/experiments/refs/strace-7.2/src -isystem /home/user/nx679j-stock/experiments/refs/strace-7.2/bundled/linux/arch/arm64/include/uapi -isystem /home/user/nx679j-stock/experiments/refs/strace-7.2/bundled/linux/include/uapi -DIN_STRACE=1      -isystem /home/user/nx679j-stock/experiments/refs/strace-7.2/bundled/linux/arch/arm64/include/uapi -isystem /home/user/nx679j-stock/experiments/refs/strace-7.2/bundled/linux/include/uapi -Wall -Wextra -Wno-missing-field-initializers -Wno-unused-parameter -Wdate-time -Wformat-security -Wimplicit-fallthrough=5 -Winit-self -Wlogical-op -Wmissing-prototypes -Wnested-externs -Wold-style-definition -Wtrampolines -Wundef -Wwrite-strings -Werror   -Os -Wall -Wextra -MT libstrace_a-rtnl_nsid.o -MD -MP -MF .deps/libstrace_a-rtnl_nsid.Tpo -c -o libstrace_a-rtnl_nsid.o `test -f 'rtnl_nsid.c' || echo '/home/user/nx679j-stock/experiments/refs/strace-7.2/src/'`rtnl_nsid.c
mv -f .deps/libstrace_a-rtnl_netconf.Tpo .deps/libstrace_a-rtnl_netconf.Po
aarch64-linux-gnu-gcc -DHAVE_CONFIG_H   -I./linux/aarch64 -I/home/user/nx679j-stock/experiments/refs/strace-7.2/src/linux/aarch64 -I./linux/generic -I/home/user/nx679j-stock/experiments/refs/strace-7.2/src/linux/generic -I. -I/home/user/nx679j-stock/experiments/refs/strace-7.2/src -isystem /home/user/nx679j-stock/experiments/refs/strace-7.2/bundled/linux/arch/arm64/include/uapi -isystem /home/user/nx679j-stock/experiments/refs/strace-7.2/bundled/linux/include/uapi -DIN_STRACE=1      -isystem /home/user/nx679j-stock/experiments/refs/strace-7.2/bundled/linux/arch/arm64/include/uapi -isystem /home/user/nx679j-stock/experiments/refs/strace-7.2/bundled/linux/include/uapi -Wall -Wextra -Wno-missing-field-initializers -Wno-unused-parameter -Wdate-time -Wformat-security -Wimplicit-fallthrough=5 -Winit-self -Wlogical-op -Wmissing-prototypes -Wnested-externs -Wold-style-definition -Wtrampolines -Wundef -Wwrite-strings -Werror   -Os -Wall -Wextra -MT libstrace_a-rtnl_route.o -MD -MP -MF .deps/libstrace_a-rtnl_route.Tpo -c -o libstrace_a-rtnl_route.o `test -f 'rtnl_route.c' || echo '/home/user/nx679j-stock/experiments/refs/strace-7.2/src/'`rtnl_route.c
mv -f .deps/libstrace_a-rtnl_neigh.Tpo .deps/libstrace_a-rtnl_neigh.Po
aarch64-linux-gnu-gcc -DHAVE_CONFIG_H   -I./linux/aarch64 -I/home/user/nx679j-stock/experiments/refs/strace-7.2/src/linux/aarch64 -I./linux/generic -I/home/user/nx679j-stock/experiments/refs/strace-7.2/src/linux/generic -I. -I/home/user/nx679j-stock/experiments/refs/strace-7.2/src -isystem /home/user/nx679j-stock/experiments/refs/strace-7.2/bundled/linux/arch/arm64/include/uapi -isystem /home/user/nx679j-stock/experiments/refs/strace-7.2/bundled/linux/include/uapi -DIN_STRACE=1      -isystem /home/user/nx679j-stock/experiments/refs/strace-7.2/bundled/linux/arch/arm64/include/uapi -isystem /home/user/nx679j-stock/experiments/refs/strace-7.2/bundled/linux/include/uapi -Wall -Wextra -Wno-missing-field-initializers -Wno-unused-parameter -Wdate-time -Wformat-security -Wimplicit-fallthrough=5 -Winit-self -Wlogical-op -Wmissing-prototypes -Wnested-externs -Wold-style-definition -Wtrampolines -Wundef -Wwrite-strings -Werror   -Os -Wall -Wextra -MT libstrace_a-rtnl_rule.o -MD -MP -MF .deps/libstrace_a-rtnl_rule.Tpo -c -o libstrace_a-rtnl_rule.o `test -f 'rtnl_rule.c' || echo '/home/user/nx679j-stock/experiments/refs/strace-7.2/src/'`rtnl_rule.c
mv -f .deps/libstrace_a-rtnl_neightbl.Tpo .deps/libstrace_a-rtnl_neightbl.Po
mv -f .deps/libstrace_a-rtnl_nsid.Tpo .deps/libstrace_a-rtnl_nsid.Po
aarch64-linux-gnu-gcc -DHAVE_CONFIG_H   -I./linux/aarch64 -I/home/user/nx679j-stock/experiments/refs/strace-7.2/src/linux/aarch64 -I./linux/generic -I/home/user/nx679j-stock/experiments/refs/strace-7.2/src/linux/generic -I. -I/home/user/nx679j-stock/experiments/refs/strace-7.2/src -isystem /home/user/nx679j-stock/experiments/refs/strace-7.2/bundled/linux/arch/arm64/include/uapi -isystem /home/user/nx679j-stock/experiments/refs/strace-7.2/bundled/linux/include/uapi -DIN_STRACE=1      -isystem /home/user/nx679j-stock/experiments/refs/strace-7.2/bundled/linux/arch/arm64/include/uapi -isystem /home/user/nx679j-stock/experiments/refs/strace-7.2/bundled/linux/include/uapi -Wall -Wextra -Wno-missing-field-initializers -Wno-unused-parameter -Wdate-time -Wformat-security -Wimplicit-fallthrough=5 -Winit-self -Wlogical-op -Wmissing-prototypes -Wnested-externs -Wold-style-definition -Wtrampolines -Wundef -Wwrite-strings -Werror   -Os -Wall -Wextra -MT libstrace_a-rtnl_stats.o -MD -MP -MF .deps/libstrace_a-rtnl_stats.Tpo -c -o libstrace_a-rtnl_stats.o `test -f 'rtnl_stats.c' || echo '/home/user/nx679j-stock/experiments/refs/strace-7.2/src/'`rtnl_stats.c
aarch64-linux-gnu-gcc -DHAVE_CONFIG_H   -I./linux/aarch64 -I/home/user/nx679j-stock/experiments/refs/strace-7.2/src/linux/aarch64 -I./linux/generic -I/home/user/nx679j-stock/experiments/refs/strace-7.2/src/linux/generic -I. -I/home/user/nx679j-stock/experiments/refs/strace-7.2/src -isystem /home/user/nx679j-stock/experiments/refs/strace-7.2/bundled/linux/arch/arm64/include/uapi -isystem /home/user/nx679j-stock/experiments/refs/strace-7.2/bundled/linux/include/uapi -DIN_STRACE=1      -isystem /home/user/nx679j-stock/experiments/refs/strace-7.2/bundled/linux/arch/arm64/include/uapi -isystem /home/user/nx679j-stock/experiments/refs/strace-7.2/bundled/linux/include/uapi -Wall -Wextra -Wno-missing-field-initializers -Wno-unused-parameter -Wdate-time -Wformat-security -Wimplicit-fallthrough=5 -Winit-self -Wlogical-op -Wmissing-prototypes -Wnested-externs -Wold-style-definition -Wtrampolines -Wundef -Wwrite-strings -Werror   -Os -Wall -Wextra -MT libstrace_a-rtnl_tc.o -MD -MP -MF .deps/libstrace_a-rtnl_tc.Tpo -c -o libstrace_a-rtnl_tc.o `test -f 'rtnl_tc.c' || echo '/home/user/nx679j-stock/experiments/refs/strace-7.2/src/'`rtnl_tc.c
mv -f .deps/libstrace_a-rtnl_nh.Tpo .deps/libstrace_a-rtnl_nh.Po
aarch64-linux-gnu-gcc -DHAVE_CONFIG_H   -I./linux/aarch64 -I/home/user/nx679j-stock/experiments/refs/strace-7.2/src/linux/aarch64 -I./linux/generic -I/home/user/nx679j-stock/experiments/refs/strace-7.2/src/linux/generic -I. -I/home/user/nx679j-stock/experiments/refs/strace-7.2/src -isystem /home/user/nx679j-stock/experiments/refs/strace-7.2/bundled/linux/arch/arm64/include/uapi -isystem /home/user/nx679j-stock/experiments/refs/strace-7.2/bundled/linux/include/uapi -DIN_STRACE=1      -isystem /home/user/nx679j-stock/experiments/refs/strace-7.2/bundled/linux/arch/arm64/include/uapi -isystem /home/user/nx679j-stock/experiments/refs/strace-7.2/bundled/linux/include/uapi -Wall -Wextra -Wno-missing-field-initializers -Wno-unused-parameter -Wdate-time -Wformat-security -Wimplicit-fallthrough=5 -Winit-self -Wlogical-op -Wmissing-prototypes -Wnested-externs -Wold-style-definition -Wtrampolines -Wundef -Wwrite-strings -Werror   -Os -Wall -Wextra -MT libstrace_a-rtnl_tc_action.o -MD -MP -MF .deps/libstrace_a-rtnl_tc_action.Tpo -c -o libstrace_a-rtnl_tc_action.o `test -f 'rtnl_tc_action.c' || echo '/home/user/nx679j-stock/experiments/refs/strace-7.2/src/'`rtnl_tc_action.c
mv -f .deps/libstrace_a-rtnl_mdb.Tpo .deps/libstrace_a-rtnl_mdb.Po
aarch64-linux-gnu-gcc -DHAVE_CONFIG_H   -I./linux/aarch64 -I/home/user/nx679j-stock/experiments/refs/strace-7.2/src/linux/aarch64 -I./linux/generic -I/home/user/nx679j-stock/experiments/refs/strace-7.2/src/linux/generic -I. -I/home/user/nx679j-stock/experiments/refs/strace-7.2/src -isystem /home/user/nx679j-stock/experiments/refs/strace-7.2/bundled/linux/arch/arm64/include/uapi -isystem /home/user/nx679j-stock/experiments/refs/strace-7.2/bundled/linux/include/uapi -DIN_STRACE=1      -isystem /home/user/nx679j-stock/experiments/refs/strace-7.2/bundled/linux/arch/arm64/include/uapi -isystem /home/user/nx679j-stock/experiments/refs/strace-7.2/bundled/linux/include/uapi -Wall -Wextra -Wno-missing-field-initializers -Wno-unused-parameter -Wdate-time -Wformat-security -Wimplicit-fallthrough=5 -Winit-self -Wlogical-op -Wmissing-prototypes -Wnested-externs -Wold-style-definition -Wtrampolines -Wundef -Wwrite-strings -Werror   -Os -Wall -Wextra -MT libstrace_a-s390.o -MD -MP -MF .deps/libstrace_a-s390.Tpo -c -o libstrace_a-s390.o `test -f 's390.c' || echo '/home/user/nx679j-stock/experiments/refs/strace-7.2/src/'`s390.c
mv -f .deps/libstrace_a-s390.Tpo .deps/libstrace_a-s390.Po
aarch64-linux-gnu-gcc -DHAVE_CONFIG_H   -I./linux/aarch64 -I/home/user/nx679j-stock/experiments/refs/strace-7.2/src/linux/aarch64 -I./linux/generic -I/home/user/nx679j-stock/experiments/refs/strace-7.2/src/linux/generic -I. -I/home/user/nx679j-stock/experiments/refs/strace-7.2/src -isystem /home/user/nx679j-stock/experiments/refs/strace-7.2/bundled/linux/arch/arm64/include/uapi -isystem /home/user/nx679j-stock/experiments/refs/strace-7.2/bundled/linux/include/uapi -DIN_STRACE=1      -isystem /home/user/nx679j-stock/experiments/refs/strace-7.2/bundled/linux/arch/arm64/include/uapi -isystem /home/user/nx679j-stock/experiments/refs/strace-7.2/bundled/linux/include/uapi -Wall -Wextra -Wno-missing-field-initializers -Wno-unused-parameter -Wdate-time -Wformat-security -Wimplicit-fallthrough=5 -Winit-self -Wlogical-op -Wmissing-prototypes -Wnested-externs -Wold-style-definition -Wtrampolines -Wundef -Wwrite-strings -Werror   -Os -Wall -Wextra -MT libstrace_a-sched.o -MD -MP -MF .deps/libstrace_a-sched.Tpo -c -o libstrace_a-sched.o `test -f 'sched.c' || echo '/home/user/nx679j-stock/experiments/refs/strace-7.2/src/'`sched.c
mv -f .deps/libstrace_a-rtnl_rule.Tpo .deps/libstrace_a-rtnl_rule.Po
aarch64-linux-gnu-gcc -DHAVE_CONFIG_H   -I./linux/aarch64 -I/home/user/nx679j-stock/experiments/refs/strace-7.2/src/linux/aarch64 -I./linux/generic -I/home/user/nx679j-stock/experiments/refs/strace-7.2/src/linux/generic -I. -I/home/user/nx679j-stock/experiments/refs/strace-7.2/src -isystem /home/user/nx679j-stock/experiments/refs/strace-7.2/bundled/linux/arch/arm64/include/uapi -isystem /home/user/nx679j-stock/experiments/refs/strace-7.2/bundled/linux/include/uapi -DIN_STRACE=1      -isystem /home/user/nx679j-stock/experiments/refs/strace-7.2/bundled/linux/arch/arm64/include/uapi -isystem /home/user/nx679j-stock/experiments/refs/strace-7.2/bundled/linux/include/uapi -Wall -Wextra -Wno-missing-field-initializers -Wno-unused-parameter -Wdate-time -Wformat-security -Wimplicit-fallthrough=5 -Winit-self -Wlogical-op -Wmissing-prototypes -Wnested-externs -Wold-style-definition -Wtrampolines -Wundef -Wwrite-strings -Werror   -Os -Wall -Wextra -MT libstrace_a-scsi.o -MD -MP -MF .deps/libstrace_a-scsi.Tpo -c -o libstrace_a-scsi.o `test -f 'scsi.c' || echo '/home/user/nx679j-stock/experiments/refs/strace-7.2/src/'`scsi.c
mv -f .deps/libstrace_a-ptrace_syscall_info.Tpo .deps/libstrace_a-ptrace_syscall_info.Po
aarch64-linux-gnu-gcc -DHAVE_CONFIG_H   -I./linux/aarch64 -I/home/user/nx679j-stock/experiments/refs/strace-7.2/src/linux/aarch64 -I./linux/generic -I/home/user/nx679j-stock/experiments/refs/strace-7.2/src/linux/generic -I. -I/home/user/nx679j-stock/experiments/refs/strace-7.2/src -isystem /home/user/nx679j-stock/experiments/refs/strace-7.2/bundled/linux/arch/arm64/include/uapi -isystem /home/user/nx679j-stock/experiments/refs/strace-7.2/bundled/linux/include/uapi -DIN_STRACE=1      -isystem /home/user/nx679j-stock/experiments/refs/strace-7.2/bundled/linux/arch/arm64/include/uapi -isystem /home/user/nx679j-stock/experiments/refs/strace-7.2/bundled/linux/include/uapi -Wall -Wextra -Wno-missing-field-initializers -Wno-unused-parameter -Wdate-time -Wformat-security -Wimplicit-fallthrough=5 -Winit-self -Wlogical-op -Wmissing-prototypes -Wnested-externs -Wold-style-definition -Wtrampolines -Wundef -Wwrite-strings -Werror   -Os -Wall -Wextra -MT libstrace_a-seccomp.o -MD -MP -MF .deps/libstrace_a-seccomp.Tpo -c -o libstrace_a-seccomp.o `test -f 'seccomp.c' || echo '/home/user/nx679j-stock/experiments/refs/strace-7.2/src/'`seccomp.c
mv -f .deps/libstrace_a-rtnl_route.Tpo .deps/libstrace_a-rtnl_route.Po
aarch64-linux-gnu-gcc -DHAVE_CONFIG_H   -I./linux/aarch64 -I/home/user/nx679j-stock/experiments/refs/strace-7.2/src/linux/aarch64 -I./linux/generic -I/home/user/nx679j-stock/experiments/refs/strace-7.2/src/linux/generic -I. -I/home/user/nx679j-stock/experiments/refs/strace-7.2/src -isystem /home/user/nx679j-stock/experiments/refs/strace-7.2/bundled/linux/arch/arm64/include/uapi -isystem /home/user/nx679j-stock/experiments/refs/strace-7.2/bundled/linux/include/uapi -DIN_STRACE=1      -isystem /home/user/nx679j-stock/experiments/refs/strace-7.2/bundled/linux/arch/arm64/include/uapi -isystem /home/user/nx679j-stock/experiments/refs/strace-7.2/bundled/linux/include/uapi -Wall -Wextra -Wno-missing-field-initializers -Wno-unused-parameter -Wdate-time -Wformat-security -Wimplicit-fallthrough=5 -Winit-self -Wlogical-op -Wmissing-prototypes -Wnested-externs -Wold-style-definition -Wtrampolines -Wundef -Wwrite-strings -Werror   -Os -Wall -Wextra -MT libstrace_a-seccomp_ioctl.o -MD -MP -MF .deps/libstrace_a-seccomp_ioctl.Tpo -c -o libstrace_a-seccomp_ioctl.o `test -f 'seccomp_ioctl.c' || echo '/home/user/nx679j-stock/experiments/refs/strace-7.2/src/'`seccomp_ioctl.c
mv -f .deps/libstrace_a-rtnl_tc_action.Tpo .deps/libstrace_a-rtnl_tc_action.Po
aarch64-linux-gnu-gcc -DHAVE_CONFIG_H   -I./linux/aarch64 -I/home/user/nx679j-stock/experiments/refs/strace-7.2/src/linux/aarch64 -I./linux/generic -I/home/user/nx679j-stock/experiments/refs/strace-7.2/src/linux/generic -I. -I/home/user/nx679j-stock/experiments/refs/strace-7.2/src -isystem /home/user/nx679j-stock/experiments/refs/strace-7.2/bundled/linux/arch/arm64/include/uapi -isystem /home/user/nx679j-stock/experiments/refs/strace-7.2/bundled/linux/include/uapi -DIN_STRACE=1      -isystem /home/user/nx679j-stock/experiments/refs/strace-7.2/bundled/linux/arch/arm64/include/uapi -isystem /home/user/nx679j-stock/experiments/refs/strace-7.2/bundled/linux/include/uapi -Wall -Wextra -Wno-missing-field-initializers -Wno-unused-parameter -Wdate-time -Wformat-security -Wimplicit-fallthrough=5 -Winit-self -Wlogical-op -Wmissing-prototypes -Wnested-externs -Wold-style-definition -Wtrampolines -Wundef -Wwrite-strings -Werror   -Os -Wall -Wextra -MT libstrace_a-sendfile.o -MD -MP -MF .deps/libstrace_a-sendfile.Tpo -c -o libstrace_a-sendfile.o `test -f 'sendfile.c' || echo '/home/user/nx679j-stock/experiments/refs/strace-7.2/src/'`sendfile.c
mv -f .deps/libstrace_a-rtnl_stats.Tpo .deps/libstrace_a-rtnl_stats.Po
aarch64-linux-gnu-gcc -DHAVE_CONFIG_H   -I./linux/aarch64 -I/home/user/nx679j-stock/experiments/refs/strace-7.2/src/linux/aarch64 -I./linux/generic -I/home/user/nx679j-stock/experiments/refs/strace-7.2/src/linux/generic -I. -I/home/user/nx679j-stock/experiments/refs/strace-7.2/src -isystem /home/user/nx679j-stock/experiments/refs/strace-7.2/bundled/linux/arch/arm64/include/uapi -isystem /home/user/nx679j-stock/experiments/refs/strace-7.2/bundled/linux/include/uapi -DIN_STRACE=1      -isystem /home/user/nx679j-stock/experiments/refs/strace-7.2/bundled/linux/arch/arm64/include/uapi -isystem /home/user/nx679j-stock/experiments/refs/strace-7.2/bundled/linux/include/uapi -Wall -Wextra -Wno-missing-field-initializers -Wno-unused-parameter -Wdate-time -Wformat-security -Wimplicit-fallthrough=5 -Winit-self -Wlogical-op -Wmissing-prototypes -Wnested-externs -Wold-style-definition -Wtrampolines -Wundef -Wwrite-strings -Werror   -Os -Wall -Wextra -MT libstrace_a-set_tid_address.o -MD -MP -MF .deps/libstrace_a-set_tid_address.Tpo -c -o libstrace_a-set_tid_address.o `test -f 'set_tid_address.c' || echo '/home/user/nx679j-stock/experiments/refs/strace-7.2/src/'`set_tid_address.c
mv -f .deps/libstrace_a-scsi.Tpo .deps/libstrace_a-scsi.Po
aarch64-linux-gnu-gcc -DHAVE_CONFIG_H   -I./linux/aarch64 -I/home/user/nx679j-stock/experiments/refs/strace-7.2/src/linux/aarch64 -I./linux/generic -I/home/user/nx679j-stock/experiments/refs/strace-7.2/src/linux/generic -I. -I/home/user/nx679j-stock/experiments/refs/strace-7.2/src -isystem /home/user/nx679j-stock/experiments/refs/strace-7.2/bundled/linux/arch/arm64/include/uapi -isystem /home/user/nx679j-stock/experiments/refs/strace-7.2/bundled/linux/include/uapi -DIN_STRACE=1      -isystem /home/user/nx679j-stock/experiments/refs/strace-7.2/bundled/linux/arch/arm64/include/uapi -isystem /home/user/nx679j-stock/experiments/refs/strace-7.2/bundled/linux/include/uapi -Wall -Wextra -Wno-missing-field-initializers -Wno-unused-parameter -Wdate-time -Wformat-security -Wimplicit-fallthrough=5 -Winit-self -Wlogical-op -Wmissing-prototypes -Wnested-externs -Wold-style-definition -Wtrampolines -Wundef -Wwrite-strings -Werror   -Os -Wall -Wextra -MT libstrace_a-sg_io_v3.o -MD -MP -MF .deps/libstrace_a-sg_io_v3.Tpo -c -o libstrace_a-sg_io_v3.o `test -f 'sg_io_v3.c' || echo '/home/user/nx679j-stock/experiments/refs/strace-7.2/src/'`sg_io_v3.c
mv -f .deps/libstrace_a-seccomp.Tpo .deps/libstrace_a-seccomp.Po
aarch64-linux-gnu-gcc -DHAVE_CONFIG_H   -I./linux/aarch64 -I/home/user/nx679j-stock/experiments/refs/strace-7.2/src/linux/aarch64 -I./linux/generic -I/home/user/nx679j-stock/experiments/refs/strace-7.2/src/linux/generic -I. -I/home/user/nx679j-stock/experiments/refs/strace-7.2/src -isystem /home/user/nx679j-stock/experiments/refs/strace-7.2/bundled/linux/arch/arm64/include/uapi -isystem /home/user/nx679j-stock/experiments/refs/strace-7.2/bundled/linux/include/uapi -DIN_STRACE=1      -isystem /home/user/nx679j-stock/experiments/refs/strace-7.2/bundled/linux/arch/arm64/include/uapi -isystem /home/user/nx679j-stock/experiments/refs/strace-7.2/bundled/linux/include/uapi -Wall -Wextra -Wno-missing-field-initializers -Wno-unused-parameter -Wdate-time -Wformat-security -Wimplicit-fallthrough=5 -Winit-self -Wlogical-op -Wmissing-prototypes -Wnested-externs -Wold-style-definition -Wtrampolines -Wundef -Wwrite-strings -Werror   -Os -Wall -Wextra -MT libstrace_a-sg_io_v4.o -MD -MP -MF .deps/libstrace_a-sg_io_v4.Tpo -c -o libstrace_a-sg_io_v4.o `test -f 'sg_io_v4.c' || echo '/home/user/nx679j-stock/experiments/refs/strace-7.2/src/'`sg_io_v4.c
mv -f .deps/libstrace_a-rtnl_tc.Tpo .deps/libstrace_a-rtnl_tc.Po
aarch64-linux-gnu-gcc -DHAVE_CONFIG_H   -I./linux/aarch64 -I/home/user/nx679j-stock/experiments/refs/strace-7.2/src/linux/aarch64 -I./linux/generic -I/home/user/nx679j-stock/experiments/refs/strace-7.2/src/linux/generic -I. -I/home/user/nx679j-stock/experiments/refs/strace-7.2/src -isystem /home/user/nx679j-stock/experiments/refs/strace-7.2/bundled/linux/arch/arm64/include/uapi -isystem /home/user/nx679j-stock/experiments/refs/strace-7.2/bundled/linux/include/uapi -DIN_STRACE=1      -isystem /home/user/nx679j-stock/experiments/refs/strace-7.2/bundled/linux/arch/arm64/include/uapi -isystem /home/user/nx679j-stock/experiments/refs/strace-7.2/bundled/linux/include/uapi -Wall -Wextra -Wno-missing-field-initializers -Wno-unused-parameter -Wdate-time -Wformat-security -Wimplicit-fallthrough=5 -Winit-self -Wlogical-op -Wmissing-prototypes -Wnested-externs -Wold-style-definition -Wtrampolines -Wundef -Wwrite-strings -Werror   -Os -Wall -Wextra -MT libstrace_a-shutdown.o -MD -MP -MF .deps/libstrace_a-shutdown.Tpo -c -o libstrace_a-shutdown.o `test -f 'shutdown.c' || echo '/home/user/nx679j-stock/experiments/refs/strace-7.2/src/'`shutdown.c
mv -f .deps/libstrace_a-set_tid_address.Tpo .deps/libstrace_a-set_tid_address.Po
aarch64-linux-gnu-gcc -DHAVE_CONFIG_H   -I./linux/aarch64 -I/home/user/nx679j-stock/experiments/refs/strace-7.2/src/linux/aarch64 -I./linux/generic -I/home/user/nx679j-stock/experiments/refs/strace-7.2/src/linux/generic -I. -I/home/user/nx679j-stock/experiments/refs/strace-7.2/src -isystem /home/user/nx679j-stock/experiments/refs/strace-7.2/bundled/linux/arch/arm64/include/uapi -isystem /home/user/nx679j-stock/experiments/refs/strace-7.2/bundled/linux/include/uapi -DIN_STRACE=1      -isystem /home/user/nx679j-stock/experiments/refs/strace-7.2/bundled/linux/arch/arm64/include/uapi -isystem /home/user/nx679j-stock/experiments/refs/strace-7.2/bundled/linux/include/uapi -Wall -Wextra -Wno-missing-field-initializers -Wno-unused-parameter -Wdate-time -Wformat-security -Wimplicit-fallthrough=5 -Winit-self -Wlogical-op -Wmissing-prototypes -Wnested-externs -Wold-style-definition -Wtrampolines -Wundef -Wwrite-strings -Werror   -Os -Wall -Wextra -MT libstrace_a-sigaltstack.o -MD -MP -MF .deps/libstrace_a-sigaltstack.Tpo -c -o libstrace_a-sigaltstack.o `test -f 'sigaltstack.c' || echo '/home/user/nx679j-stock/experiments/refs/strace-7.2/src/'`sigaltstack.c
mv -f .deps/libstrace_a-seccomp_ioctl.Tpo .deps/libstrace_a-seccomp_ioctl.Po
aarch64-linux-gnu-gcc -DHAVE_CONFIG_H   -I./linux/aarch64 -I/home/user/nx679j-stock/experiments/refs/strace-7.2/src/linux/aarch64 -I./linux/generic -I/home/user/nx679j-stock/experiments/refs/strace-7.2/src/linux/generic -I. -I/home/user/nx679j-stock/experiments/refs/strace-7.2/src -isystem /home/user/nx679j-stock/experiments/refs/strace-7.2/bundled/linux/arch/arm64/include/uapi -isystem /home/user/nx679j-stock/experiments/refs/strace-7.2/bundled/linux/include/uapi -DIN_STRACE=1      -isystem /home/user/nx679j-stock/experiments/refs/strace-7.2/bundled/linux/arch/arm64/include/uapi -isystem /home/user/nx679j-stock/experiments/refs/strace-7.2/bundled/linux/include/uapi -Wall -Wextra -Wno-missing-field-initializers -Wno-unused-parameter -Wdate-time -Wformat-security -Wimplicit-fallthrough=5 -Winit-self -Wlogical-op -Wmissing-prototypes -Wnested-externs -Wold-style-definition -Wtrampolines -Wundef -Wwrite-strings -Werror   -Os -Wall -Wextra -MT libstrace_a-signal.o -MD -MP -MF .deps/libstrace_a-signal.Tpo -c -o libstrace_a-signal.o `test -f 'signal.c' || echo '/home/user/nx679j-stock/experiments/refs/strace-7.2/src/'`signal.c
mv -f .deps/libstrace_a-sendfile.Tpo .deps/libstrace_a-sendfile.Po
aarch64-linux-gnu-gcc -DHAVE_CONFIG_H   -I./linux/aarch64 -I/home/user/nx679j-stock/experiments/refs/strace-7.2/src/linux/aarch64 -I./linux/generic -I/home/user/nx679j-stock/experiments/refs/strace-7.2/src/linux/generic -I. -I/home/user/nx679j-stock/experiments/refs/strace-7.2/src -isystem /home/user/nx679j-stock/experiments/refs/strace-7.2/bundled/linux/arch/arm64/include/uapi -isystem /home/user/nx679j-stock/experiments/refs/strace-7.2/bundled/linux/include/uapi -DIN_STRACE=1      -isystem /home/user/nx679j-stock/experiments/refs/strace-7.2/bundled/linux/arch/arm64/include/uapi -isystem /home/user/nx679j-stock/experiments/refs/strace-7.2/bundled/linux/include/uapi -Wall -Wextra -Wno-missing-field-initializers -Wno-unused-parameter -Wdate-time -Wformat-security -Wimplicit-fallthrough=5 -Winit-self -Wlogical-op -Wmissing-prototypes -Wnested-externs -Wold-style-definition -Wtrampolines -Wundef -Wwrite-strings -Werror   -Os -Wall -Wextra -MT libstrace_a-signalfd.o -MD -MP -MF .deps/libstrace_a-signalfd.Tpo -c -o libstrace_a-signalfd.o `test -f 'signalfd.c' || echo '/home/user/nx679j-stock/experiments/refs/strace-7.2/src/'`signalfd.c
mv -f .deps/libstrace_a-sched.Tpo .deps/libstrace_a-sched.Po
aarch64-linux-gnu-gcc -DHAVE_CONFIG_H   -I./linux/aarch64 -I/home/user/nx679j-stock/experiments/refs/strace-7.2/src/linux/aarch64 -I./linux/generic -I/home/user/nx679j-stock/experiments/refs/strace-7.2/src/linux/generic -I. -I/home/user/nx679j-stock/experiments/refs/strace-7.2/src -isystem /home/user/nx679j-stock/experiments/refs/strace-7.2/bundled/linux/arch/arm64/include/uapi -isystem /home/user/nx679j-stock/experiments/refs/strace-7.2/bundled/linux/include/uapi -DIN_STRACE=1      -isystem /home/user/nx679j-stock/experiments/refs/strace-7.2/bundled/linux/arch/arm64/include/uapi -isystem /home/user/nx679j-stock/experiments/refs/strace-7.2/bundled/linux/include/uapi -Wall -Wextra -Wno-missing-field-initializers -Wno-unused-parameter -Wdate-time -Wformat-security -Wimplicit-fallthrough=5 -Winit-self -Wlogical-op -Wmissing-prototypes -Wnested-externs -Wold-style-definition -Wtrampolines -Wundef -Wwrite-strings -Werror   -Os -Wall -Wextra -MT libstrace_a-sigreturn.o -MD -MP -MF .deps/libstrace_a-sigreturn.Tpo -c -o libstrace_a-sigreturn.o `test -f 'sigreturn.c' || echo '/home/user/nx679j-stock/experiments/refs/strace-7.2/src/'`sigreturn.c
mv -f .deps/libstrace_a-shutdown.Tpo .deps/libstrace_a-shutdown.Po
aarch64-linux-gnu-gcc -DHAVE_CONFIG_H   -I./linux/aarch64 -I/home/user/nx679j-stock/experiments/refs/strace-7.2/src/linux/aarch64 -I./linux/generic -I/home/user/nx679j-stock/experiments/refs/strace-7.2/src/linux/generic -I. -I/home/user/nx679j-stock/experiments/refs/strace-7.2/src -isystem /home/user/nx679j-stock/experiments/refs/strace-7.2/bundled/linux/arch/arm64/include/uapi -isystem /home/user/nx679j-stock/experiments/refs/strace-7.2/bundled/linux/include/uapi -DIN_STRACE=1      -isystem /home/user/nx679j-stock/experiments/refs/strace-7.2/bundled/linux/arch/arm64/include/uapi -isystem /home/user/nx679j-stock/experiments/refs/strace-7.2/bundled/linux/include/uapi -Wall -Wextra -Wno-missing-field-initializers -Wno-unused-parameter -Wdate-time -Wformat-security -Wimplicit-fallthrough=5 -Winit-self -Wlogical-op -Wmissing-prototypes -Wnested-externs -Wold-style-definition -Wtrampolines -Wundef -Wwrite-strings -Werror   -Os -Wall -Wextra -MT libstrace_a-sock.o -MD -MP -MF .deps/libstrace_a-sock.Tpo -c -o libstrace_a-sock.o `test -f 'sock.c' || echo '/home/user/nx679j-stock/experiments/refs/strace-7.2/src/'`sock.c
mv -f .deps/libstrace_a-sigaltstack.Tpo .deps/libstrace_a-sigaltstack.Po
aarch64-linux-gnu-gcc -DHAVE_CONFIG_H   -I./linux/aarch64 -I/home/user/nx679j-stock/experiments/refs/strace-7.2/src/linux/aarch64 -I./linux/generic -I/home/user/nx679j-stock/experiments/refs/strace-7.2/src/linux/generic -I. -I/home/user/nx679j-stock/experiments/refs/strace-7.2/src -isystem /home/user/nx679j-stock/experiments/refs/strace-7.2/bundled/linux/arch/arm64/include/uapi -isystem /home/user/nx679j-stock/experiments/refs/strace-7.2/bundled/linux/include/uapi -DIN_STRACE=1      -isystem /home/user/nx679j-stock/experiments/refs/strace-7.2/bundled/linux/arch/arm64/include/uapi -isystem /home/user/nx679j-stock/experiments/refs/strace-7.2/bundled/linux/include/uapi -Wall -Wextra -Wno-missing-field-initializers -Wno-unused-parameter -Wdate-time -Wformat-security -Wimplicit-fallthrough=5 -Winit-self -Wlogical-op -Wmissing-prototypes -Wnested-externs -Wold-style-definition -Wtrampolines -Wundef -Wwrite-strings -Werror   -Os -Wall -Wextra -MT libstrace_a-sockaddr.o -MD -MP -MF .deps/libstrace_a-sockaddr.Tpo -c -o libstrace_a-sockaddr.o `test -f 'sockaddr.c' || echo '/home/user/nx679j-stock/experiments/refs/strace-7.2/src/'`sockaddr.c
mv -f .deps/libstrace_a-sg_io_v3.Tpo .deps/libstrace_a-sg_io_v3.Po
aarch64-linux-gnu-gcc -DHAVE_CONFIG_H   -I./linux/aarch64 -I/home/user/nx679j-stock/experiments/refs/strace-7.2/src/linux/aarch64 -I./linux/generic -I/home/user/nx679j-stock/experiments/refs/strace-7.2/src/linux/generic -I. -I/home/user/nx679j-stock/experiments/refs/strace-7.2/src -isystem /home/user/nx679j-stock/experiments/refs/strace-7.2/bundled/linux/arch/arm64/include/uapi -isystem /home/user/nx679j-stock/experiments/refs/strace-7.2/bundled/linux/include/uapi -DIN_STRACE=1      -isystem /home/user/nx679j-stock/experiments/refs/strace-7.2/bundled/linux/arch/arm64/include/uapi -isystem /home/user/nx679j-stock/experiments/refs/strace-7.2/bundled/linux/include/uapi -Wall -Wextra -Wno-missing-field-initializers -Wno-unused-parameter -Wdate-time -Wformat-security -Wimplicit-fallthrough=5 -Winit-self -Wlogical-op -Wmissing-prototypes -Wnested-externs -Wold-style-definition -Wtrampolines -Wundef -Wwrite-strings -Werror   -Os -Wall -Wextra -MT libstrace_a-socketcall.o -MD -MP -MF .deps/libstrace_a-socketcall.Tpo -c -o libstrace_a-socketcall.o `test -f 'socketcall.c' || echo '/home/user/nx679j-stock/experiments/refs/strace-7.2/src/'`socketcall.c
mv -f .deps/libstrace_a-signalfd.Tpo .deps/libstrace_a-signalfd.Po
aarch64-linux-gnu-gcc -DHAVE_CONFIG_H   -I./linux/aarch64 -I/home/user/nx679j-stock/experiments/refs/strace-7.2/src/linux/aarch64 -I./linux/generic -I/home/user/nx679j-stock/experiments/refs/strace-7.2/src/linux/generic -I. -I/home/user/nx679j-stock/experiments/refs/strace-7.2/src -isystem /home/user/nx679j-stock/experiments/refs/strace-7.2/bundled/linux/arch/arm64/include/uapi -isystem /home/user/nx679j-stock/experiments/refs/strace-7.2/bundled/linux/include/uapi -DIN_STRACE=1      -isystem /home/user/nx679j-stock/experiments/refs/strace-7.2/bundled/linux/arch/arm64/include/uapi -isystem /home/user/nx679j-stock/experiments/refs/strace-7.2/bundled/linux/include/uapi -Wall -Wextra -Wno-missing-field-initializers -Wno-unused-parameter -Wdate-time -Wformat-security -Wimplicit-fallthrough=5 -Winit-self -Wlogical-op -Wmissing-prototypes -Wnested-externs -Wold-style-definition -Wtrampolines -Wundef -Wwrite-strings -Werror   -Os -Wall -Wextra -MT libstrace_a-socketutils.o -MD -MP -MF .deps/libstrace_a-socketutils.Tpo -c -o libstrace_a-socketutils.o `test -f 'socketutils.c' || echo '/home/user/nx679j-stock/experiments/refs/strace-7.2/src/'`socketutils.c
mv -f .deps/libstrace_a-rtnl_link.Tpo .deps/libstrace_a-rtnl_link.Po
aarch64-linux-gnu-gcc -DHAVE_CONFIG_H   -I./linux/aarch64 -I/home/user/nx679j-stock/experiments/refs/strace-7.2/src/linux/aarch64 -I./linux/generic -I/home/user/nx679j-stock/experiments/refs/strace-7.2/src/linux/generic -I. -I/home/user/nx679j-stock/experiments/refs/strace-7.2/src -isystem /home/user/nx679j-stock/experiments/refs/strace-7.2/bundled/linux/arch/arm64/include/uapi -isystem /home/user/nx679j-stock/experiments/refs/strace-7.2/bundled/linux/include/uapi -DIN_STRACE=1      -isystem /home/user/nx679j-stock/experiments/refs/strace-7.2/bundled/linux/arch/arm64/include/uapi -isystem /home/user/nx679j-stock/experiments/refs/strace-7.2/bundled/linux/include/uapi -Wall -Wextra -Wno-missing-field-initializers -Wno-unused-parameter -Wdate-time -Wformat-security -Wimplicit-fallthrough=5 -Winit-self -Wlogical-op -Wmissing-prototypes -Wnested-externs -Wold-style-definition -Wtrampolines -Wundef -Wwrite-strings -Werror   -Os -Wall -Wextra -MT libstrace_a-sparc.o -MD -MP -MF .deps/libstrace_a-sparc.Tpo -c -o libstrace_a-sparc.o `test -f 'sparc.c' || echo '/home/user/nx679j-stock/experiments/refs/strace-7.2/src/'`sparc.c
mv -f .deps/libstrace_a-sg_io_v4.Tpo .deps/libstrace_a-sg_io_v4.Po
mv -f .deps/libstrace_a-sigreturn.Tpo .deps/libstrace_a-sigreturn.Po
aarch64-linux-gnu-gcc -DHAVE_CONFIG_H   -I./linux/aarch64 -I/home/user/nx679j-stock/experiments/refs/strace-7.2/src/linux/aarch64 -I./linux/generic -I/home/user/nx679j-stock/experiments/refs/strace-7.2/src/linux/generic -I. -I/home/user/nx679j-stock/experiments/refs/strace-7.2/src -isystem /home/user/nx679j-stock/experiments/refs/strace-7.2/bundled/linux/arch/arm64/include/uapi -isystem /home/user/nx679j-stock/experiments/refs/strace-7.2/bundled/linux/include/uapi -DIN_STRACE=1      -isystem /home/user/nx679j-stock/experiments/refs/strace-7.2/bundled/linux/arch/arm64/include/uapi -isystem /home/user/nx679j-stock/experiments/refs/strace-7.2/bundled/linux/include/uapi -Wall -Wextra -Wno-missing-field-initializers -Wno-unused-parameter -Wdate-time -Wformat-security -Wimplicit-fallthrough=5 -Winit-self -Wlogical-op -Wmissing-prototypes -Wnested-externs -Wold-style-definition -Wtrampolines -Wundef -Wwrite-strings -Werror   -Os -Wall -Wextra -MT libstrace_a-sram_alloc.o -MD -MP -MF .deps/libstrace_a-sram_alloc.Tpo -c -o libstrace_a-sram_alloc.o `test -f 'sram_alloc.c' || echo '/home/user/nx679j-stock/experiments/refs/strace-7.2/src/'`sram_alloc.c
aarch64-linux-gnu-gcc -DHAVE_CONFIG_H   -I./linux/aarch64 -I/home/user/nx679j-stock/experiments/refs/strace-7.2/src/linux/aarch64 -I./linux/generic -I/home/user/nx679j-stock/experiments/refs/strace-7.2/src/linux/generic -I. -I/home/user/nx679j-stock/experiments/refs/strace-7.2/src -isystem /home/user/nx679j-stock/experiments/refs/strace-7.2/bundled/linux/arch/arm64/include/uapi -isystem /home/user/nx679j-stock/experiments/refs/strace-7.2/bundled/linux/include/uapi -DIN_STRACE=1      -isystem /home/user/nx679j-stock/experiments/refs/strace-7.2/bundled/linux/arch/arm64/include/uapi -isystem /home/user/nx679j-stock/experiments/refs/strace-7.2/bundled/linux/include/uapi -Wall -Wextra -Wno-missing-field-initializers -Wno-unused-parameter -Wdate-time -Wformat-security -Wimplicit-fallthrough=5 -Winit-self -Wlogical-op -Wmissing-prototypes -Wnested-externs -Wold-style-definition -Wtrampolines -Wundef -Wwrite-strings -Werror   -Os -Wall -Wextra -MT libstrace_a-stage_output.o -MD -MP -MF .deps/libstrace_a-stage_output.Tpo -c -o libstrace_a-stage_output.o `test -f 'stage_output.c' || echo '/home/user/nx679j-stock/experiments/refs/strace-7.2/src/'`stage_output.c
mv -f .deps/libstrace_a-socketcall.Tpo .deps/libstrace_a-socketcall.Po
aarch64-linux-gnu-gcc -DHAVE_CONFIG_H   -I./linux/aarch64 -I/home/user/nx679j-stock/experiments/refs/strace-7.2/src/linux/aarch64 -I./linux/generic -I/home/user/nx679j-stock/experiments/refs/strace-7.2/src/linux/generic -I. -I/home/user/nx679j-stock/experiments/refs/strace-7.2/src -isystem /home/user/nx679j-stock/experiments/refs/strace-7.2/bundled/linux/arch/arm64/include/uapi -isystem /home/user/nx679j-stock/experiments/refs/strace-7.2/bundled/linux/include/uapi -DIN_STRACE=1      -isystem /home/user/nx679j-stock/experiments/refs/strace-7.2/bundled/linux/arch/arm64/include/uapi -isystem /home/user/nx679j-stock/experiments/refs/strace-7.2/bundled/linux/include/uapi -Wall -Wextra -Wno-missing-field-initializers -Wno-unused-parameter -Wdate-time -Wformat-security -Wimplicit-fallthrough=5 -Winit-self -Wlogical-op -Wmissing-prototypes -Wnested-externs -Wold-style-definition -Wtrampolines -Wundef -Wwrite-strings -Werror   -Os -Wall -Wextra -MT libstrace_a-stat.o -MD -MP -MF .deps/libstrace_a-stat.Tpo -c -o libstrace_a-stat.o `test -f 'stat.c' || echo '/home/user/nx679j-stock/experiments/refs/strace-7.2/src/'`stat.c
mv -f .deps/libstrace_a-sparc.Tpo .deps/libstrace_a-sparc.Po
mv -f .deps/libstrace_a-sram_alloc.Tpo .deps/libstrace_a-sram_alloc.Po
aarch64-linux-gnu-gcc -DHAVE_CONFIG_H   -I./linux/aarch64 -I/home/user/nx679j-stock/experiments/refs/strace-7.2/src/linux/aarch64 -I./linux/generic -I/home/user/nx679j-stock/experiments/refs/strace-7.2/src/linux/generic -I. -I/home/user/nx679j-stock/experiments/refs/strace-7.2/src -isystem /home/user/nx679j-stock/experiments/refs/strace-7.2/bundled/linux/arch/arm64/include/uapi -isystem /home/user/nx679j-stock/experiments/refs/strace-7.2/bundled/linux/include/uapi -DIN_STRACE=1      -isystem /home/user/nx679j-stock/experiments/refs/strace-7.2/bundled/linux/arch/arm64/include/uapi -isystem /home/user/nx679j-stock/experiments/refs/strace-7.2/bundled/linux/include/uapi -Wall -Wextra -Wno-missing-field-initializers -Wno-unused-parameter -Wdate-time -Wformat-security -Wimplicit-fallthrough=5 -Winit-self -Wlogical-op -Wmissing-prototypes -Wnested-externs -Wold-style-definition -Wtrampolines -Wundef -Wwrite-strings -Werror   -Os -Wall -Wextra -MT libstrace_a-stat64.o -MD -MP -MF .deps/libstrace_a-stat64.Tpo -c -o libstrace_a-stat64.o `test -f 'stat64.c' || echo '/home/user/nx679j-stock/experiments/refs/strace-7.2/src/'`stat64.c
aarch64-linux-gnu-gcc -DHAVE_CONFIG_H   -I./linux/aarch64 -I/home/user/nx679j-stock/experiments/refs/strace-7.2/src/linux/aarch64 -I./linux/generic -I/home/user/nx679j-stock/experiments/refs/strace-7.2/src/linux/generic -I. -I/home/user/nx679j-stock/experiments/refs/strace-7.2/src -isystem /home/user/nx679j-stock/experiments/refs/strace-7.2/bundled/linux/arch/arm64/include/uapi -isystem /home/user/nx679j-stock/experiments/refs/strace-7.2/bundled/linux/include/uapi -DIN_STRACE=1      -isystem /home/user/nx679j-stock/experiments/refs/strace-7.2/bundled/linux/arch/arm64/include/uapi -isystem /home/user/nx679j-stock/experiments/refs/strace-7.2/bundled/linux/include/uapi -Wall -Wextra -Wno-missing-field-initializers -Wno-unused-parameter -Wdate-time -Wformat-security -Wimplicit-fallthrough=5 -Winit-self -Wlogical-op -Wmissing-prototypes -Wnested-externs -Wold-style-definition -Wtrampolines -Wundef -Wwrite-strings -Werror   -Os -Wall -Wextra -MT libstrace_a-statfs.o -MD -MP -MF .deps/libstrace_a-statfs.Tpo -c -o libstrace_a-statfs.o `test -f 'statfs.c' || echo '/home/user/nx679j-stock/experiments/refs/strace-7.2/src/'`statfs.c
mv -f .deps/libstrace_a-stage_output.Tpo .deps/libstrace_a-stage_output.Po
aarch64-linux-gnu-gcc -DHAVE_CONFIG_H   -I./linux/aarch64 -I/home/user/nx679j-stock/experiments/refs/strace-7.2/src/linux/aarch64 -I./linux/generic -I/home/user/nx679j-stock/experiments/refs/strace-7.2/src/linux/generic -I. -I/home/user/nx679j-stock/experiments/refs/strace-7.2/src -isystem /home/user/nx679j-stock/experiments/refs/strace-7.2/bundled/linux/arch/arm64/include/uapi -isystem /home/user/nx679j-stock/experiments/refs/strace-7.2/bundled/linux/include/uapi -DIN_STRACE=1      -isystem /home/user/nx679j-stock/experiments/refs/strace-7.2/bundled/linux/arch/arm64/include/uapi -isystem /home/user/nx679j-stock/experiments/refs/strace-7.2/bundled/linux/include/uapi -Wall -Wextra -Wno-missing-field-initializers -Wno-unused-parameter -Wdate-time -Wformat-security -Wimplicit-fallthrough=5 -Winit-self -Wlogical-op -Wmissing-prototypes -Wnested-externs -Wold-style-definition -Wtrampolines -Wundef -Wwrite-strings -Werror   -Os -Wall -Wextra -MT libstrace_a-statfs64.o -MD -MP -MF .deps/libstrace_a-statfs64.Tpo -c -o libstrace_a-statfs64.o `test -f 'statfs64.c' || echo '/home/user/nx679j-stock/experiments/refs/strace-7.2/src/'`statfs64.c
mv -f .deps/libstrace_a-sock.Tpo .deps/libstrace_a-sock.Po
aarch64-linux-gnu-gcc -DHAVE_CONFIG_H   -I./linux/aarch64 -I/home/user/nx679j-stock/experiments/refs/strace-7.2/src/linux/aarch64 -I./linux/generic -I/home/user/nx679j-stock/experiments/refs/strace-7.2/src/linux/generic -I. -I/home/user/nx679j-stock/experiments/refs/strace-7.2/src -isystem /home/user/nx679j-stock/experiments/refs/strace-7.2/bundled/linux/arch/arm64/include/uapi -isystem /home/user/nx679j-stock/experiments/refs/strace-7.2/bundled/linux/include/uapi -DIN_STRACE=1      -isystem /home/user/nx679j-stock/experiments/refs/strace-7.2/bundled/linux/arch/arm64/include/uapi -isystem /home/user/nx679j-stock/experiments/refs/strace-7.2/bundled/linux/include/uapi -Wall -Wextra -Wno-missing-field-initializers -Wno-unused-parameter -Wdate-time -Wformat-security -Wimplicit-fallthrough=5 -Winit-self -Wlogical-op -Wmissing-prototypes -Wnested-externs -Wold-style-definition -Wtrampolines -Wundef -Wwrite-strings -Werror   -Os -Wall -Wextra -MT libstrace_a-statmount.o -MD -MP -MF .deps/libstrace_a-statmount.Tpo -c -o libstrace_a-statmount.o `test -f 'statmount.c' || echo '/home/user/nx679j-stock/experiments/refs/strace-7.2/src/'`statmount.c
mv -f .deps/libstrace_a-statfs.Tpo .deps/libstrace_a-statfs.Po
aarch64-linux-gnu-gcc -DHAVE_CONFIG_H   -I./linux/aarch64 -I/home/user/nx679j-stock/experiments/refs/strace-7.2/src/linux/aarch64 -I./linux/generic -I/home/user/nx679j-stock/experiments/refs/strace-7.2/src/linux/generic -I. -I/home/user/nx679j-stock/experiments/refs/strace-7.2/src -isystem /home/user/nx679j-stock/experiments/refs/strace-7.2/bundled/linux/arch/arm64/include/uapi -isystem /home/user/nx679j-stock/experiments/refs/strace-7.2/bundled/linux/include/uapi -DIN_STRACE=1      -isystem /home/user/nx679j-stock/experiments/refs/strace-7.2/bundled/linux/arch/arm64/include/uapi -isystem /home/user/nx679j-stock/experiments/refs/strace-7.2/bundled/linux/include/uapi -Wall -Wextra -Wno-missing-field-initializers -Wno-unused-parameter -Wdate-time -Wformat-security -Wimplicit-fallthrough=5 -Winit-self -Wlogical-op -Wmissing-prototypes -Wnested-externs -Wold-style-definition -Wtrampolines -Wundef -Wwrite-strings -Werror   -Os -Wall -Wextra -MT libstrace_a-statx.o -MD -MP -MF .deps/libstrace_a-statx.Tpo -c -o libstrace_a-statx.o `test -f 'statx.c' || echo '/home/user/nx679j-stock/experiments/refs/strace-7.2/src/'`statx.c
mv -f .deps/libstrace_a-stat.Tpo .deps/libstrace_a-stat.Po
aarch64-linux-gnu-gcc -DHAVE_CONFIG_H   -I./linux/aarch64 -I/home/user/nx679j-stock/experiments/refs/strace-7.2/src/linux/aarch64 -I./linux/generic -I/home/user/nx679j-stock/experiments/refs/strace-7.2/src/linux/generic -I. -I/home/user/nx679j-stock/experiments/refs/strace-7.2/src -isystem /home/user/nx679j-stock/experiments/refs/strace-7.2/bundled/linux/arch/arm64/include/uapi -isystem /home/user/nx679j-stock/experiments/refs/strace-7.2/bundled/linux/include/uapi -DIN_STRACE=1      -isystem /home/user/nx679j-stock/experiments/refs/strace-7.2/bundled/linux/arch/arm64/include/uapi -isystem /home/user/nx679j-stock/experiments/refs/strace-7.2/bundled/linux/include/uapi -Wall -Wextra -Wno-missing-field-initializers -Wno-unused-parameter -Wdate-time -Wformat-security -Wimplicit-fallthrough=5 -Winit-self -Wlogical-op -Wmissing-prototypes -Wnested-externs -Wold-style-definition -Wtrampolines -Wundef -Wwrite-strings -Werror   -Os -Wall -Wextra -MT libstrace_a-strauss.o -MD -MP -MF .deps/libstrace_a-strauss.Tpo -c -o libstrace_a-strauss.o `test -f 'strauss.c' || echo '/home/user/nx679j-stock/experiments/refs/strace-7.2/src/'`strauss.c
mv -f .deps/libstrace_a-stat64.Tpo .deps/libstrace_a-stat64.Po
aarch64-linux-gnu-gcc -DHAVE_CONFIG_H   -I./linux/aarch64 -I/home/user/nx679j-stock/experiments/refs/strace-7.2/src/linux/aarch64 -I./linux/generic -I/home/user/nx679j-stock/experiments/refs/strace-7.2/src/linux/generic -I. -I/home/user/nx679j-stock/experiments/refs/strace-7.2/src -isystem /home/user/nx679j-stock/experiments/refs/strace-7.2/bundled/linux/arch/arm64/include/uapi -isystem /home/user/nx679j-stock/experiments/refs/strace-7.2/bundled/linux/include/uapi -DIN_STRACE=1      -isystem /home/user/nx679j-stock/experiments/refs/strace-7.2/bundled/linux/arch/arm64/include/uapi -isystem /home/user/nx679j-stock/experiments/refs/strace-7.2/bundled/linux/include/uapi -Wall -Wextra -Wno-missing-field-initializers -Wno-unused-parameter -Wdate-time -Wformat-security -Wimplicit-fallthrough=5 -Winit-self -Wlogical-op -Wmissing-prototypes -Wnested-externs -Wold-style-definition -Wtrampolines -Wundef -Wwrite-strings -Werror   -Os -Wall -Wextra -MT libstrace_a-string_to_uint.o -MD -MP -MF .deps/libstrace_a-string_to_uint.Tpo -c -o libstrace_a-string_to_uint.o `test -f 'string_to_uint.c' || echo '/home/user/nx679j-stock/experiments/refs/strace-7.2/src/'`string_to_uint.c
mv -f .deps/libstrace_a-statfs64.Tpo .deps/libstrace_a-statfs64.Po
aarch64-linux-gnu-gcc -DHAVE_CONFIG_H   -I./linux/aarch64 -I/home/user/nx679j-stock/experiments/refs/strace-7.2/src/linux/aarch64 -I./linux/generic -I/home/user/nx679j-stock/experiments/refs/strace-7.2/src/linux/generic -I. -I/home/user/nx679j-stock/experiments/refs/strace-7.2/src -isystem /home/user/nx679j-stock/experiments/refs/strace-7.2/bundled/linux/arch/arm64/include/uapi -isystem /home/user/nx679j-stock/experiments/refs/strace-7.2/bundled/linux/include/uapi -DIN_STRACE=1      -isystem /home/user/nx679j-stock/experiments/refs/strace-7.2/bundled/linux/arch/arm64/include/uapi -isystem /home/user/nx679j-stock/experiments/refs/strace-7.2/bundled/linux/include/uapi -Wall -Wextra -Wno-missing-field-initializers -Wno-unused-parameter -Wdate-time -Wformat-security -Wimplicit-fallthrough=5 -Winit-self -Wlogical-op -Wmissing-prototypes -Wnested-externs -Wold-style-definition -Wtrampolines -Wundef -Wwrite-strings -Werror   -Os -Wall -Wextra -MT libstrace_a-swapon.o -MD -MP -MF .deps/libstrace_a-swapon.Tpo -c -o libstrace_a-swapon.o `test -f 'swapon.c' || echo '/home/user/nx679j-stock/experiments/refs/strace-7.2/src/'`swapon.c
mv -f .deps/libstrace_a-string_to_uint.Tpo .deps/libstrace_a-string_to_uint.Po
aarch64-linux-gnu-gcc -DHAVE_CONFIG_H   -I./linux/aarch64 -I/home/user/nx679j-stock/experiments/refs/strace-7.2/src/linux/aarch64 -I./linux/generic -I/home/user/nx679j-stock/experiments/refs/strace-7.2/src/linux/generic -I. -I/home/user/nx679j-stock/experiments/refs/strace-7.2/src -isystem /home/user/nx679j-stock/experiments/refs/strace-7.2/bundled/linux/arch/arm64/include/uapi -isystem /home/user/nx679j-stock/experiments/refs/strace-7.2/bundled/linux/include/uapi -DIN_STRACE=1      -isystem /home/user/nx679j-stock/experiments/refs/strace-7.2/bundled/linux/arch/arm64/include/uapi -isystem /home/user/nx679j-stock/experiments/refs/strace-7.2/bundled/linux/include/uapi -Wall -Wextra -Wno-missing-field-initializers -Wno-unused-parameter -Wdate-time -Wformat-security -Wimplicit-fallthrough=5 -Winit-self -Wlogical-op -Wmissing-prototypes -Wnested-externs -Wold-style-definition -Wtrampolines -Wundef -Wwrite-strings -Werror   -Os -Wall -Wextra -MT libstrace_a-sync_file_range.o -MD -MP -MF .deps/libstrace_a-sync_file_range.Tpo -c -o libstrace_a-sync_file_range.o `test -f 'sync_file_range.c' || echo '/home/user/nx679j-stock/experiments/refs/strace-7.2/src/'`sync_file_range.c
mv -f .deps/libstrace_a-strauss.Tpo .deps/libstrace_a-strauss.Po
aarch64-linux-gnu-gcc -DHAVE_CONFIG_H   -I./linux/aarch64 -I/home/user/nx679j-stock/experiments/refs/strace-7.2/src/linux/aarch64 -I./linux/generic -I/home/user/nx679j-stock/experiments/refs/strace-7.2/src/linux/generic -I. -I/home/user/nx679j-stock/experiments/refs/strace-7.2/src -isystem /home/user/nx679j-stock/experiments/refs/strace-7.2/bundled/linux/arch/arm64/include/uapi -isystem /home/user/nx679j-stock/experiments/refs/strace-7.2/bundled/linux/include/uapi -DIN_STRACE=1      -isystem /home/user/nx679j-stock/experiments/refs/strace-7.2/bundled/linux/arch/arm64/include/uapi -isystem /home/user/nx679j-stock/experiments/refs/strace-7.2/bundled/linux/include/uapi -Wall -Wextra -Wno-missing-field-initializers -Wno-unused-parameter -Wdate-time -Wformat-security -Wimplicit-fallthrough=5 -Winit-self -Wlogical-op -Wmissing-prototypes -Wnested-externs -Wold-style-definition -Wtrampolines -Wundef -Wwrite-strings -Werror   -Os -Wall -Wextra -MT libstrace_a-sync_file_range2.o -MD -MP -MF .deps/libstrace_a-sync_file_range2.Tpo -c -o libstrace_a-sync_file_range2.o `test -f 'sync_file_range2.c' || echo '/home/user/nx679j-stock/experiments/refs/strace-7.2/src/'`sync_file_range2.c
mv -f .deps/libstrace_a-socketutils.Tpo .deps/libstrace_a-socketutils.Po
aarch64-linux-gnu-gcc -DHAVE_CONFIG_H   -I./linux/aarch64 -I/home/user/nx679j-stock/experiments/refs/strace-7.2/src/linux/aarch64 -I./linux/generic -I/home/user/nx679j-stock/experiments/refs/strace-7.2/src/linux/generic -I. -I/home/user/nx679j-stock/experiments/refs/strace-7.2/src -isystem /home/user/nx679j-stock/experiments/refs/strace-7.2/bundled/linux/arch/arm64/include/uapi -isystem /home/user/nx679j-stock/experiments/refs/strace-7.2/bundled/linux/include/uapi -DIN_STRACE=1      -isystem /home/user/nx679j-stock/experiments/refs/strace-7.2/bundled/linux/arch/arm64/include/uapi -isystem /home/user/nx679j-stock/experiments/refs/strace-7.2/bundled/linux/include/uapi -Wall -Wextra -Wno-missing-field-initializers -Wno-unused-parameter -Wdate-time -Wformat-security -Wimplicit-fallthrough=5 -Winit-self -Wlogical-op -Wmissing-prototypes -Wnested-externs -Wold-style-definition -Wtrampolines -Wundef -Wwrite-strings -Werror   -Os -Wall -Wextra -MT libstrace_a-syscall.o -MD -MP -MF .deps/libstrace_a-syscall.Tpo -c -o libstrace_a-syscall.o `test -f 'syscall.c' || echo '/home/user/nx679j-stock/experiments/refs/strace-7.2/src/'`syscall.c
mv -f .deps/libstrace_a-swapon.Tpo .deps/libstrace_a-swapon.Po
mv -f .deps/libstrace_a-statmount.Tpo .deps/libstrace_a-statmount.Po
aarch64-linux-gnu-gcc -DHAVE_CONFIG_H   -I./linux/aarch64 -I/home/user/nx679j-stock/experiments/refs/strace-7.2/src/linux/aarch64 -I./linux/generic -I/home/user/nx679j-stock/experiments/refs/strace-7.2/src/linux/generic -I. -I/home/user/nx679j-stock/experiments/refs/strace-7.2/src -isystem /home/user/nx679j-stock/experiments/refs/strace-7.2/bundled/linux/arch/arm64/include/uapi -isystem /home/user/nx679j-stock/experiments/refs/strace-7.2/bundled/linux/include/uapi -DIN_STRACE=1      -isystem /home/user/nx679j-stock/experiments/refs/strace-7.2/bundled/linux/arch/arm64/include/uapi -isystem /home/user/nx679j-stock/experiments/refs/strace-7.2/bundled/linux/include/uapi -Wall -Wextra -Wno-missing-field-initializers -Wno-unused-parameter -Wdate-time -Wformat-security -Wimplicit-fallthrough=5 -Winit-self -Wlogical-op -Wmissing-prototypes -Wnested-externs -Wold-style-definition -Wtrampolines -Wundef -Wwrite-strings -Werror   -Os -Wall -Wextra -MT libstrace_a-syscall_name.o -MD -MP -MF .deps/libstrace_a-syscall_name.Tpo -c -o libstrace_a-syscall_name.o `test -f 'syscall_name.c' || echo '/home/user/nx679j-stock/experiments/refs/strace-7.2/src/'`syscall_name.c
aarch64-linux-gnu-gcc -DHAVE_CONFIG_H   -I./linux/aarch64 -I/home/user/nx679j-stock/experiments/refs/strace-7.2/src/linux/aarch64 -I./linux/generic -I/home/user/nx679j-stock/experiments/refs/strace-7.2/src/linux/generic -I. -I/home/user/nx679j-stock/experiments/refs/strace-7.2/src -isystem /home/user/nx679j-stock/experiments/refs/strace-7.2/bundled/linux/arch/arm64/include/uapi -isystem /home/user/nx679j-stock/experiments/refs/strace-7.2/bundled/linux/include/uapi -DIN_STRACE=1      -isystem /home/user/nx679j-stock/experiments/refs/strace-7.2/bundled/linux/arch/arm64/include/uapi -isystem /home/user/nx679j-stock/experiments/refs/strace-7.2/bundled/linux/include/uapi -Wall -Wextra -Wno-missing-field-initializers -Wno-unused-parameter -Wdate-time -Wformat-security -Wimplicit-fallthrough=5 -Winit-self -Wlogical-op -Wmissing-prototypes -Wnested-externs -Wold-style-definition -Wtrampolines -Wundef -Wwrite-strings -Werror   -Os -Wall -Wextra -MT libstrace_a-sysctl.o -MD -MP -MF .deps/libstrace_a-sysctl.Tpo -c -o libstrace_a-sysctl.o `test -f 'sysctl.c' || echo '/home/user/nx679j-stock/experiments/refs/strace-7.2/src/'`sysctl.c
mv -f .deps/libstrace_a-statx.Tpo .deps/libstrace_a-statx.Po
aarch64-linux-gnu-gcc -DHAVE_CONFIG_H   -I./linux/aarch64 -I/home/user/nx679j-stock/experiments/refs/strace-7.2/src/linux/aarch64 -I./linux/generic -I/home/user/nx679j-stock/experiments/refs/strace-7.2/src/linux/generic -I. -I/home/user/nx679j-stock/experiments/refs/strace-7.2/src -isystem /home/user/nx679j-stock/experiments/refs/strace-7.2/bundled/linux/arch/arm64/include/uapi -isystem /home/user/nx679j-stock/experiments/refs/strace-7.2/bundled/linux/include/uapi -DIN_STRACE=1      -isystem /home/user/nx679j-stock/experiments/refs/strace-7.2/bundled/linux/arch/arm64/include/uapi -isystem /home/user/nx679j-stock/experiments/refs/strace-7.2/bundled/linux/include/uapi -Wall -Wextra -Wno-missing-field-initializers -Wno-unused-parameter -Wdate-time -Wformat-security -Wimplicit-fallthrough=5 -Winit-self -Wlogical-op -Wmissing-prototypes -Wnested-externs -Wold-style-definition -Wtrampolines -Wundef -Wwrite-strings -Werror   -Os -Wall -Wextra -MT libstrace_a-sysinfo.o -MD -MP -MF .deps/libstrace_a-sysinfo.Tpo -c -o libstrace_a-sysinfo.o `test -f 'sysinfo.c' || echo '/home/user/nx679j-stock/experiments/refs/strace-7.2/src/'`sysinfo.c
mv -f .deps/libstrace_a-sync_file_range.Tpo .deps/libstrace_a-sync_file_range.Po
aarch64-linux-gnu-gcc -DHAVE_CONFIG_H   -I./linux/aarch64 -I/home/user/nx679j-stock/experiments/refs/strace-7.2/src/linux/aarch64 -I./linux/generic -I/home/user/nx679j-stock/experiments/refs/strace-7.2/src/linux/generic -I. -I/home/user/nx679j-stock/experiments/refs/strace-7.2/src -isystem /home/user/nx679j-stock/experiments/refs/strace-7.2/bundled/linux/arch/arm64/include/uapi -isystem /home/user/nx679j-stock/experiments/refs/strace-7.2/bundled/linux/include/uapi -DIN_STRACE=1      -isystem /home/user/nx679j-stock/experiments/refs/strace-7.2/bundled/linux/arch/arm64/include/uapi -isystem /home/user/nx679j-stock/experiments/refs/strace-7.2/bundled/linux/include/uapi -Wall -Wextra -Wno-missing-field-initializers -Wno-unused-parameter -Wdate-time -Wformat-security -Wimplicit-fallthrough=5 -Winit-self -Wlogical-op -Wmissing-prototypes -Wnested-externs -Wold-style-definition -Wtrampolines -Wundef -Wwrite-strings -Werror   -Os -Wall -Wextra -MT libstrace_a-syslog.o -MD -MP -MF .deps/libstrace_a-syslog.Tpo -c -o libstrace_a-syslog.o `test -f 'syslog.c' || echo '/home/user/nx679j-stock/experiments/refs/strace-7.2/src/'`syslog.c
mv -f .deps/libstrace_a-signal.Tpo .deps/libstrace_a-signal.Po
aarch64-linux-gnu-gcc -DHAVE_CONFIG_H   -I./linux/aarch64 -I/home/user/nx679j-stock/experiments/refs/strace-7.2/src/linux/aarch64 -I./linux/generic -I/home/user/nx679j-stock/experiments/refs/strace-7.2/src/linux/generic -I. -I/home/user/nx679j-stock/experiments/refs/strace-7.2/src -isystem /home/user/nx679j-stock/experiments/refs/strace-7.2/bundled/linux/arch/arm64/include/uapi -isystem /home/user/nx679j-stock/experiments/refs/strace-7.2/bundled/linux/include/uapi -DIN_STRACE=1      -isystem /home/user/nx679j-stock/experiments/refs/strace-7.2/bundled/linux/arch/arm64/include/uapi -isystem /home/user/nx679j-stock/experiments/refs/strace-7.2/bundled/linux/include/uapi -Wall -Wextra -Wno-missing-field-initializers -Wno-unused-parameter -Wdate-time -Wformat-security -Wimplicit-fallthrough=5 -Winit-self -Wlogical-op -Wmissing-prototypes -Wnested-externs -Wold-style-definition -Wtrampolines -Wundef -Wwrite-strings -Werror   -Os -Wall -Wextra -MT libstrace_a-sysmips.o -MD -MP -MF .deps/libstrace_a-sysmips.Tpo -c -o libstrace_a-sysmips.o `test -f 'sysmips.c' || echo '/home/user/nx679j-stock/experiments/refs/strace-7.2/src/'`sysmips.c
mv -f .deps/libstrace_a-sync_file_range2.Tpo .deps/libstrace_a-sync_file_range2.Po
aarch64-linux-gnu-gcc -DHAVE_CONFIG_H   -I./linux/aarch64 -I/home/user/nx679j-stock/experiments/refs/strace-7.2/src/linux/aarch64 -I./linux/generic -I/home/user/nx679j-stock/experiments/refs/strace-7.2/src/linux/generic -I. -I/home/user/nx679j-stock/experiments/refs/strace-7.2/src -isystem /home/user/nx679j-stock/experiments/refs/strace-7.2/bundled/linux/arch/arm64/include/uapi -isystem /home/user/nx679j-stock/experiments/refs/strace-7.2/bundled/linux/include/uapi -DIN_STRACE=1      -isystem /home/user/nx679j-stock/experiments/refs/strace-7.2/bundled/linux/arch/arm64/include/uapi -isystem /home/user/nx679j-stock/experiments/refs/strace-7.2/bundled/linux/include/uapi -Wall -Wextra -Wno-missing-field-initializers -Wno-unused-parameter -Wdate-time -Wformat-security -Wimplicit-fallthrough=5 -Winit-self -Wlogical-op -Wmissing-prototypes -Wnested-externs -Wold-style-definition -Wtrampolines -Wundef -Wwrite-strings -Werror   -Os -Wall -Wextra -MT libstrace_a-tee.o -MD -MP -MF .deps/libstrace_a-tee.Tpo -c -o libstrace_a-tee.o `test -f 'tee.c' || echo '/home/user/nx679j-stock/experiments/refs/strace-7.2/src/'`tee.c
mv -f .deps/libstrace_a-sysctl.Tpo .deps/libstrace_a-sysctl.Po
aarch64-linux-gnu-gcc -DHAVE_CONFIG_H   -I./linux/aarch64 -I/home/user/nx679j-stock/experiments/refs/strace-7.2/src/linux/aarch64 -I./linux/generic -I/home/user/nx679j-stock/experiments/refs/strace-7.2/src/linux/generic -I. -I/home/user/nx679j-stock/experiments/refs/strace-7.2/src -isystem /home/user/nx679j-stock/experiments/refs/strace-7.2/bundled/linux/arch/arm64/include/uapi -isystem /home/user/nx679j-stock/experiments/refs/strace-7.2/bundled/linux/include/uapi -DIN_STRACE=1      -isystem /home/user/nx679j-stock/experiments/refs/strace-7.2/bundled/linux/arch/arm64/include/uapi -isystem /home/user/nx679j-stock/experiments/refs/strace-7.2/bundled/linux/include/uapi -Wall -Wextra -Wno-missing-field-initializers -Wno-unused-parameter -Wdate-time -Wformat-security -Wimplicit-fallthrough=5 -Winit-self -Wlogical-op -Wmissing-prototypes -Wnested-externs -Wold-style-definition -Wtrampolines -Wundef -Wwrite-strings -Werror   -Os -Wall -Wextra -MT libstrace_a-term.o -MD -MP -MF .deps/libstrace_a-term.Tpo -c -o libstrace_a-term.o `test -f 'term.c' || echo '/home/user/nx679j-stock/experiments/refs/strace-7.2/src/'`term.c
mv -f .deps/libstrace_a-syscall_name.Tpo .deps/libstrace_a-syscall_name.Po
aarch64-linux-gnu-gcc -DHAVE_CONFIG_H   -I./linux/aarch64 -I/home/user/nx679j-stock/experiments/refs/strace-7.2/src/linux/aarch64 -I./linux/generic -I/home/user/nx679j-stock/experiments/refs/strace-7.2/src/linux/generic -I. -I/home/user/nx679j-stock/experiments/refs/strace-7.2/src -isystem /home/user/nx679j-stock/experiments/refs/strace-7.2/bundled/linux/arch/arm64/include/uapi -isystem /home/user/nx679j-stock/experiments/refs/strace-7.2/bundled/linux/include/uapi -DIN_STRACE=1      -isystem /home/user/nx679j-stock/experiments/refs/strace-7.2/bundled/linux/arch/arm64/include/uapi -isystem /home/user/nx679j-stock/experiments/refs/strace-7.2/bundled/linux/include/uapi -Wall -Wextra -Wno-missing-field-initializers -Wno-unused-parameter -Wdate-time -Wformat-security -Wimplicit-fallthrough=5 -Winit-self -Wlogical-op -Wmissing-prototypes -Wnested-externs -Wold-style-definition -Wtrampolines -Wundef -Wwrite-strings -Werror   -Os -Wall -Wextra -MT libstrace_a-time.o -MD -MP -MF .deps/libstrace_a-time.Tpo -c -o libstrace_a-time.o `test -f 'time.c' || echo '/home/user/nx679j-stock/experiments/refs/strace-7.2/src/'`time.c
mv -f .deps/libstrace_a-sysinfo.Tpo .deps/libstrace_a-sysinfo.Po
aarch64-linux-gnu-gcc -DHAVE_CONFIG_H   -I./linux/aarch64 -I/home/user/nx679j-stock/experiments/refs/strace-7.2/src/linux/aarch64 -I./linux/generic -I/home/user/nx679j-stock/experiments/refs/strace-7.2/src/linux/generic -I. -I/home/user/nx679j-stock/experiments/refs/strace-7.2/src -isystem /home/user/nx679j-stock/experiments/refs/strace-7.2/bundled/linux/arch/arm64/include/uapi -isystem /home/user/nx679j-stock/experiments/refs/strace-7.2/bundled/linux/include/uapi -DIN_STRACE=1      -isystem /home/user/nx679j-stock/experiments/refs/strace-7.2/bundled/linux/arch/arm64/include/uapi -isystem /home/user/nx679j-stock/experiments/refs/strace-7.2/bundled/linux/include/uapi -Wall -Wextra -Wno-missing-field-initializers -Wno-unused-parameter -Wdate-time -Wformat-security -Wimplicit-fallthrough=5 -Winit-self -Wlogical-op -Wmissing-prototypes -Wnested-externs -Wold-style-definition -Wtrampolines -Wundef -Wwrite-strings -Werror   -Os -Wall -Wextra -MT libstrace_a-times.o -MD -MP -MF .deps/libstrace_a-times.Tpo -c -o libstrace_a-times.o `test -f 'times.c' || echo '/home/user/nx679j-stock/experiments/refs/strace-7.2/src/'`times.c
mv -f .deps/libstrace_a-sysmips.Tpo .deps/libstrace_a-sysmips.Po
aarch64-linux-gnu-gcc -DHAVE_CONFIG_H   -I./linux/aarch64 -I/home/user/nx679j-stock/experiments/refs/strace-7.2/src/linux/aarch64 -I./linux/generic -I/home/user/nx679j-stock/experiments/refs/strace-7.2/src/linux/generic -I. -I/home/user/nx679j-stock/experiments/refs/strace-7.2/src -isystem /home/user/nx679j-stock/experiments/refs/strace-7.2/bundled/linux/arch/arm64/include/uapi -isystem /home/user/nx679j-stock/experiments/refs/strace-7.2/bundled/linux/include/uapi -DIN_STRACE=1      -isystem /home/user/nx679j-stock/experiments/refs/strace-7.2/bundled/linux/arch/arm64/include/uapi -isystem /home/user/nx679j-stock/experiments/refs/strace-7.2/bundled/linux/include/uapi -Wall -Wextra -Wno-missing-field-initializers -Wno-unused-parameter -Wdate-time -Wformat-security -Wimplicit-fallthrough=5 -Winit-self -Wlogical-op -Wmissing-prototypes -Wnested-externs -Wold-style-definition -Wtrampolines -Wundef -Wwrite-strings -Werror   -Os -Wall -Wextra -MT libstrace_a-trie.o -MD -MP -MF .deps/libstrace_a-trie.Tpo -c -o libstrace_a-trie.o `test -f 'trie.c' || echo '/home/user/nx679j-stock/experiments/refs/strace-7.2/src/'`trie.c
mv -f .deps/libstrace_a-syslog.Tpo .deps/libstrace_a-syslog.Po
aarch64-linux-gnu-gcc -DHAVE_CONFIG_H   -I./linux/aarch64 -I/home/user/nx679j-stock/experiments/refs/strace-7.2/src/linux/aarch64 -I./linux/generic -I/home/user/nx679j-stock/experiments/refs/strace-7.2/src/linux/generic -I. -I/home/user/nx679j-stock/experiments/refs/strace-7.2/src -isystem /home/user/nx679j-stock/experiments/refs/strace-7.2/bundled/linux/arch/arm64/include/uapi -isystem /home/user/nx679j-stock/experiments/refs/strace-7.2/bundled/linux/include/uapi -DIN_STRACE=1      -isystem /home/user/nx679j-stock/experiments/refs/strace-7.2/bundled/linux/arch/arm64/include/uapi -isystem /home/user/nx679j-stock/experiments/refs/strace-7.2/bundled/linux/include/uapi -Wall -Wextra -Wno-missing-field-initializers -Wno-unused-parameter -Wdate-time -Wformat-security -Wimplicit-fallthrough=5 -Winit-self -Wlogical-op -Wmissing-prototypes -Wnested-externs -Wold-style-definition -Wtrampolines -Wundef -Wwrite-strings -Werror   -Os -Wall -Wextra -MT libstrace_a-truncate.o -MD -MP -MF .deps/libstrace_a-truncate.Tpo -c -o libstrace_a-truncate.o `test -f 'truncate.c' || echo '/home/user/nx679j-stock/experiments/refs/strace-7.2/src/'`truncate.c
mv -f .deps/libstrace_a-times.Tpo .deps/libstrace_a-times.Po
aarch64-linux-gnu-gcc -DHAVE_CONFIG_H   -I./linux/aarch64 -I/home/user/nx679j-stock/experiments/refs/strace-7.2/src/linux/aarch64 -I./linux/generic -I/home/user/nx679j-stock/experiments/refs/strace-7.2/src/linux/generic -I. -I/home/user/nx679j-stock/experiments/refs/strace-7.2/src -isystem /home/user/nx679j-stock/experiments/refs/strace-7.2/bundled/linux/arch/arm64/include/uapi -isystem /home/user/nx679j-stock/experiments/refs/strace-7.2/bundled/linux/include/uapi -DIN_STRACE=1      -isystem /home/user/nx679j-stock/experiments/refs/strace-7.2/bundled/linux/arch/arm64/include/uapi -isystem /home/user/nx679j-stock/experiments/refs/strace-7.2/bundled/linux/include/uapi -Wall -Wextra -Wno-missing-field-initializers -Wno-unused-parameter -Wdate-time -Wformat-security -Wimplicit-fallthrough=5 -Winit-self -Wlogical-op -Wmissing-prototypes -Wnested-externs -Wold-style-definition -Wtrampolines -Wundef -Wwrite-strings -Werror   -Os -Wall -Wextra -MT libstrace_a-ubi.o -MD -MP -MF .deps/libstrace_a-ubi.Tpo -c -o libstrace_a-ubi.o `test -f 'ubi.c' || echo '/home/user/nx679j-stock/experiments/refs/strace-7.2/src/'`ubi.c
mv -f .deps/libstrace_a-term.Tpo .deps/libstrace_a-term.Po
mv -f .deps/libstrace_a-truncate.Tpo .deps/libstrace_a-truncate.Po
aarch64-linux-gnu-gcc -DHAVE_CONFIG_H   -I./linux/aarch64 -I/home/user/nx679j-stock/experiments/refs/strace-7.2/src/linux/aarch64 -I./linux/generic -I/home/user/nx679j-stock/experiments/refs/strace-7.2/src/linux/generic -I. -I/home/user/nx679j-stock/experiments/refs/strace-7.2/src -isystem /home/user/nx679j-stock/experiments/refs/strace-7.2/bundled/linux/arch/arm64/include/uapi -isystem /home/user/nx679j-stock/experiments/refs/strace-7.2/bundled/linux/include/uapi -DIN_STRACE=1      -isystem /home/user/nx679j-stock/experiments/refs/strace-7.2/bundled/linux/arch/arm64/include/uapi -isystem /home/user/nx679j-stock/experiments/refs/strace-7.2/bundled/linux/include/uapi -Wall -Wextra -Wno-missing-field-initializers -Wno-unused-parameter -Wdate-time -Wformat-security -Wimplicit-fallthrough=5 -Winit-self -Wlogical-op -Wmissing-prototypes -Wnested-externs -Wold-style-definition -Wtrampolines -Wundef -Wwrite-strings -Werror   -Os -Wall -Wextra -MT libstrace_a-ucopy.o -MD -MP -MF .deps/libstrace_a-ucopy.Tpo -c -o libstrace_a-ucopy.o `test -f 'ucopy.c' || echo '/home/user/nx679j-stock/experiments/refs/strace-7.2/src/'`ucopy.c
aarch64-linux-gnu-gcc -DHAVE_CONFIG_H   -I./linux/aarch64 -I/home/user/nx679j-stock/experiments/refs/strace-7.2/src/linux/aarch64 -I./linux/generic -I/home/user/nx679j-stock/experiments/refs/strace-7.2/src/linux/generic -I. -I/home/user/nx679j-stock/experiments/refs/strace-7.2/src -isystem /home/user/nx679j-stock/experiments/refs/strace-7.2/bundled/linux/arch/arm64/include/uapi -isystem /home/user/nx679j-stock/experiments/refs/strace-7.2/bundled/linux/include/uapi -DIN_STRACE=1      -isystem /home/user/nx679j-stock/experiments/refs/strace-7.2/bundled/linux/arch/arm64/include/uapi -isystem /home/user/nx679j-stock/experiments/refs/strace-7.2/bundled/linux/include/uapi -Wall -Wextra -Wno-missing-field-initializers -Wno-unused-parameter -Wdate-time -Wformat-security -Wimplicit-fallthrough=5 -Winit-self -Wlogical-op -Wmissing-prototypes -Wnested-externs -Wold-style-definition -Wtrampolines -Wundef -Wwrite-strings -Werror   -Os -Wall -Wextra -MT libstrace_a-udmabuf.o -MD -MP -MF .deps/libstrace_a-udmabuf.Tpo -c -o libstrace_a-udmabuf.o `test -f 'udmabuf.c' || echo '/home/user/nx679j-stock/experiments/refs/strace-7.2/src/'`udmabuf.c
mv -f .deps/libstrace_a-trie.Tpo .deps/libstrace_a-trie.Po
aarch64-linux-gnu-gcc -DHAVE_CONFIG_H   -I./linux/aarch64 -I/home/user/nx679j-stock/experiments/refs/strace-7.2/src/linux/aarch64 -I./linux/generic -I/home/user/nx679j-stock/experiments/refs/strace-7.2/src/linux/generic -I. -I/home/user/nx679j-stock/experiments/refs/strace-7.2/src -isystem /home/user/nx679j-stock/experiments/refs/strace-7.2/bundled/linux/arch/arm64/include/uapi -isystem /home/user/nx679j-stock/experiments/refs/strace-7.2/bundled/linux/include/uapi -DIN_STRACE=1      -isystem /home/user/nx679j-stock/experiments/refs/strace-7.2/bundled/linux/arch/arm64/include/uapi -isystem /home/user/nx679j-stock/experiments/refs/strace-7.2/bundled/linux/include/uapi -Wall -Wextra -Wno-missing-field-initializers -Wno-unused-parameter -Wdate-time -Wformat-security -Wimplicit-fallthrough=5 -Winit-self -Wlogical-op -Wmissing-prototypes -Wnested-externs -Wold-style-definition -Wtrampolines -Wundef -Wwrite-strings -Werror   -Os -Wall -Wextra -MT libstrace_a-uid.o -MD -MP -MF .deps/libstrace_a-uid.Tpo -c -o libstrace_a-uid.o `test -f 'uid.c' || echo '/home/user/nx679j-stock/experiments/refs/strace-7.2/src/'`uid.c
mv -f .deps/libstrace_a-time.Tpo .deps/libstrace_a-time.Po
aarch64-linux-gnu-gcc -DHAVE_CONFIG_H   -I./linux/aarch64 -I/home/user/nx679j-stock/experiments/refs/strace-7.2/src/linux/aarch64 -I./linux/generic -I/home/user/nx679j-stock/experiments/refs/strace-7.2/src/linux/generic -I. -I/home/user/nx679j-stock/experiments/refs/strace-7.2/src -isystem /home/user/nx679j-stock/experiments/refs/strace-7.2/bundled/linux/arch/arm64/include/uapi -isystem /home/user/nx679j-stock/experiments/refs/strace-7.2/bundled/linux/include/uapi -DIN_STRACE=1      -isystem /home/user/nx679j-stock/experiments/refs/strace-7.2/bundled/linux/arch/arm64/include/uapi -isystem /home/user/nx679j-stock/experiments/refs/strace-7.2/bundled/linux/include/uapi -Wall -Wextra -Wno-missing-field-initializers -Wno-unused-parameter -Wdate-time -Wformat-security -Wimplicit-fallthrough=5 -Winit-self -Wlogical-op -Wmissing-prototypes -Wnested-externs -Wold-style-definition -Wtrampolines -Wundef -Wwrite-strings -Werror   -Os -Wall -Wextra -MT libstrace_a-uid16.o -MD -MP -MF .deps/libstrace_a-uid16.Tpo -c -o libstrace_a-uid16.o `test -f 'uid16.c' || echo '/home/user/nx679j-stock/experiments/refs/strace-7.2/src/'`uid16.c
mv -f .deps/libstrace_a-sockaddr.Tpo .deps/libstrace_a-sockaddr.Po
aarch64-linux-gnu-gcc -DHAVE_CONFIG_H   -I./linux/aarch64 -I/home/user/nx679j-stock/experiments/refs/strace-7.2/src/linux/aarch64 -I./linux/generic -I/home/user/nx679j-stock/experiments/refs/strace-7.2/src/linux/generic -I. -I/home/user/nx679j-stock/experiments/refs/strace-7.2/src -isystem /home/user/nx679j-stock/experiments/refs/strace-7.2/bundled/linux/arch/arm64/include/uapi -isystem /home/user/nx679j-stock/experiments/refs/strace-7.2/bundled/linux/include/uapi -DIN_STRACE=1      -isystem /home/user/nx679j-stock/experiments/refs/strace-7.2/bundled/linux/arch/arm64/include/uapi -isystem /home/user/nx679j-stock/experiments/refs/strace-7.2/bundled/linux/include/uapi -Wall -Wextra -Wno-missing-field-initializers -Wno-unused-parameter -Wdate-time -Wformat-security -Wimplicit-fallthrough=5 -Winit-self -Wlogical-op -Wmissing-prototypes -Wnested-externs -Wold-style-definition -Wtrampolines -Wundef -Wwrite-strings -Werror   -Os -Wall -Wextra -MT libstrace_a-umask.o -MD -MP -MF .deps/libstrace_a-umask.Tpo -c -o libstrace_a-umask.o `test -f 'umask.c' || echo '/home/user/nx679j-stock/experiments/refs/strace-7.2/src/'`umask.c
mv -f .deps/libstrace_a-ubi.Tpo .deps/libstrace_a-ubi.Po
mv -f .deps/libstrace_a-udmabuf.Tpo .deps/libstrace_a-udmabuf.Po
aarch64-linux-gnu-gcc -DHAVE_CONFIG_H   -I./linux/aarch64 -I/home/user/nx679j-stock/experiments/refs/strace-7.2/src/linux/aarch64 -I./linux/generic -I/home/user/nx679j-stock/experiments/refs/strace-7.2/src/linux/generic -I. -I/home/user/nx679j-stock/experiments/refs/strace-7.2/src -isystem /home/user/nx679j-stock/experiments/refs/strace-7.2/bundled/linux/arch/arm64/include/uapi -isystem /home/user/nx679j-stock/experiments/refs/strace-7.2/bundled/linux/include/uapi -DIN_STRACE=1      -isystem /home/user/nx679j-stock/experiments/refs/strace-7.2/bundled/linux/arch/arm64/include/uapi -isystem /home/user/nx679j-stock/experiments/refs/strace-7.2/bundled/linux/include/uapi -Wall -Wextra -Wno-missing-field-initializers -Wno-unused-parameter -Wdate-time -Wformat-security -Wimplicit-fallthrough=5 -Winit-self -Wlogical-op -Wmissing-prototypes -Wnested-externs -Wold-style-definition -Wtrampolines -Wundef -Wwrite-strings -Werror   -Os -Wall -Wextra -MT libstrace_a-umount.o -MD -MP -MF .deps/libstrace_a-umount.Tpo -c -o libstrace_a-umount.o `test -f 'umount.c' || echo '/home/user/nx679j-stock/experiments/refs/strace-7.2/src/'`umount.c
aarch64-linux-gnu-gcc -DHAVE_CONFIG_H   -I./linux/aarch64 -I/home/user/nx679j-stock/experiments/refs/strace-7.2/src/linux/aarch64 -I./linux/generic -I/home/user/nx679j-stock/experiments/refs/strace-7.2/src/linux/generic -I. -I/home/user/nx679j-stock/experiments/refs/strace-7.2/src -isystem /home/user/nx679j-stock/experiments/refs/strace-7.2/bundled/linux/arch/arm64/include/uapi -isystem /home/user/nx679j-stock/experiments/refs/strace-7.2/bundled/linux/include/uapi -DIN_STRACE=1      -isystem /home/user/nx679j-stock/experiments/refs/strace-7.2/bundled/linux/arch/arm64/include/uapi -isystem /home/user/nx679j-stock/experiments/refs/strace-7.2/bundled/linux/include/uapi -Wall -Wextra -Wno-missing-field-initializers -Wno-unused-parameter -Wdate-time -Wformat-security -Wimplicit-fallthrough=5 -Winit-self -Wlogical-op -Wmissing-prototypes -Wnested-externs -Wold-style-definition -Wtrampolines -Wundef -Wwrite-strings -Werror   -Os -Wall -Wextra -MT libstrace_a-uname.o -MD -MP -MF .deps/libstrace_a-uname.Tpo -c -o libstrace_a-uname.o `test -f 'uname.c' || echo '/home/user/nx679j-stock/experiments/refs/strace-7.2/src/'`uname.c
mv -f .deps/libstrace_a-tee.Tpo .deps/libstrace_a-tee.Po
aarch64-linux-gnu-gcc -DHAVE_CONFIG_H   -I./linux/aarch64 -I/home/user/nx679j-stock/experiments/refs/strace-7.2/src/linux/aarch64 -I./linux/generic -I/home/user/nx679j-stock/experiments/refs/strace-7.2/src/linux/generic -I. -I/home/user/nx679j-stock/experiments/refs/strace-7.2/src -isystem /home/user/nx679j-stock/experiments/refs/strace-7.2/bundled/linux/arch/arm64/include/uapi -isystem /home/user/nx679j-stock/experiments/refs/strace-7.2/bundled/linux/include/uapi -DIN_STRACE=1      -isystem /home/user/nx679j-stock/experiments/refs/strace-7.2/bundled/linux/arch/arm64/include/uapi -isystem /home/user/nx679j-stock/experiments/refs/strace-7.2/bundled/linux/include/uapi -Wall -Wextra -Wno-missing-field-initializers -Wno-unused-parameter -Wdate-time -Wformat-security -Wimplicit-fallthrough=5 -Winit-self -Wlogical-op -Wmissing-prototypes -Wnested-externs -Wold-style-definition -Wtrampolines -Wundef -Wwrite-strings -Werror   -Os -Wall -Wextra -MT libstrace_a-upeek.o -MD -MP -MF .deps/libstrace_a-upeek.Tpo -c -o libstrace_a-upeek.o `test -f 'upeek.c' || echo '/home/user/nx679j-stock/experiments/refs/strace-7.2/src/'`upeek.c
mv -f .deps/libstrace_a-umask.Tpo .deps/libstrace_a-umask.Po
mv -f .deps/libstrace_a-uid.Tpo .deps/libstrace_a-uid.Po
aarch64-linux-gnu-gcc -DHAVE_CONFIG_H   -I./linux/aarch64 -I/home/user/nx679j-stock/experiments/refs/strace-7.2/src/linux/aarch64 -I./linux/generic -I/home/user/nx679j-stock/experiments/refs/strace-7.2/src/linux/generic -I. -I/home/user/nx679j-stock/experiments/refs/strace-7.2/src -isystem /home/user/nx679j-stock/experiments/refs/strace-7.2/bundled/linux/arch/arm64/include/uapi -isystem /home/user/nx679j-stock/experiments/refs/strace-7.2/bundled/linux/include/uapi -DIN_STRACE=1      -isystem /home/user/nx679j-stock/experiments/refs/strace-7.2/bundled/linux/arch/arm64/include/uapi -isystem /home/user/nx679j-stock/experiments/refs/strace-7.2/bundled/linux/include/uapi -Wall -Wextra -Wno-missing-field-initializers -Wno-unused-parameter -Wdate-time -Wformat-security -Wimplicit-fallthrough=5 -Winit-self -Wlogical-op -Wmissing-prototypes -Wnested-externs -Wold-style-definition -Wtrampolines -Wundef -Wwrite-strings -Werror   -Os -Wall -Wextra -MT libstrace_a-upoke.o -MD -MP -MF .deps/libstrace_a-upoke.Tpo -c -o libstrace_a-upoke.o `test -f 'upoke.c' || echo '/home/user/nx679j-stock/experiments/refs/strace-7.2/src/'`upoke.c
aarch64-linux-gnu-gcc -DHAVE_CONFIG_H   -I./linux/aarch64 -I/home/user/nx679j-stock/experiments/refs/strace-7.2/src/linux/aarch64 -I./linux/generic -I/home/user/nx679j-stock/experiments/refs/strace-7.2/src/linux/generic -I. -I/home/user/nx679j-stock/experiments/refs/strace-7.2/src -isystem /home/user/nx679j-stock/experiments/refs/strace-7.2/bundled/linux/arch/arm64/include/uapi -isystem /home/user/nx679j-stock/experiments/refs/strace-7.2/bundled/linux/include/uapi -DIN_STRACE=1      -isystem /home/user/nx679j-stock/experiments/refs/strace-7.2/bundled/linux/arch/arm64/include/uapi -isystem /home/user/nx679j-stock/experiments/refs/strace-7.2/bundled/linux/include/uapi -Wall -Wextra -Wno-missing-field-initializers -Wno-unused-parameter -Wdate-time -Wformat-security -Wimplicit-fallthrough=5 -Winit-self -Wlogical-op -Wmissing-prototypes -Wnested-externs -Wold-style-definition -Wtrampolines -Wundef -Wwrite-strings -Werror   -Os -Wall -Wextra -MT libstrace_a-userfaultfd.o -MD -MP -MF .deps/libstrace_a-userfaultfd.Tpo -c -o libstrace_a-userfaultfd.o `test -f 'userfaultfd.c' || echo '/home/user/nx679j-stock/experiments/refs/strace-7.2/src/'`userfaultfd.c
mv -f .deps/libstrace_a-umount.Tpo .deps/libstrace_a-umount.Po
mv -f .deps/libstrace_a-uid16.Tpo .deps/libstrace_a-uid16.Po
aarch64-linux-gnu-gcc -DHAVE_CONFIG_H   -I./linux/aarch64 -I/home/user/nx679j-stock/experiments/refs/strace-7.2/src/linux/aarch64 -I./linux/generic -I/home/user/nx679j-stock/experiments/refs/strace-7.2/src/linux/generic -I. -I/home/user/nx679j-stock/experiments/refs/strace-7.2/src -isystem /home/user/nx679j-stock/experiments/refs/strace-7.2/bundled/linux/arch/arm64/include/uapi -isystem /home/user/nx679j-stock/experiments/refs/strace-7.2/bundled/linux/include/uapi -DIN_STRACE=1      -isystem /home/user/nx679j-stock/experiments/refs/strace-7.2/bundled/linux/arch/arm64/include/uapi -isystem /home/user/nx679j-stock/experiments/refs/strace-7.2/bundled/linux/include/uapi -Wall -Wextra -Wno-missing-field-initializers -Wno-unused-parameter -Wdate-time -Wformat-security -Wimplicit-fallthrough=5 -Winit-self -Wlogical-op -Wmissing-prototypes -Wnested-externs -Wold-style-definition -Wtrampolines -Wundef -Wwrite-strings -Werror   -Os -Wall -Wextra -MT libstrace_a-ustat.o -MD -MP -MF .deps/libstrace_a-ustat.Tpo -c -o libstrace_a-ustat.o `test -f 'ustat.c' || echo '/home/user/nx679j-stock/experiments/refs/strace-7.2/src/'`ustat.c
aarch64-linux-gnu-gcc -DHAVE_CONFIG_H   -I./linux/aarch64 -I/home/user/nx679j-stock/experiments/refs/strace-7.2/src/linux/aarch64 -I./linux/generic -I/home/user/nx679j-stock/experiments/refs/strace-7.2/src/linux/generic -I. -I/home/user/nx679j-stock/experiments/refs/strace-7.2/src -isystem /home/user/nx679j-stock/experiments/refs/strace-7.2/bundled/linux/arch/arm64/include/uapi -isystem /home/user/nx679j-stock/experiments/refs/strace-7.2/bundled/linux/include/uapi -DIN_STRACE=1      -isystem /home/user/nx679j-stock/experiments/refs/strace-7.2/bundled/linux/arch/arm64/include/uapi -isystem /home/user/nx679j-stock/experiments/refs/strace-7.2/bundled/linux/include/uapi -Wall -Wextra -Wno-missing-field-initializers -Wno-unused-parameter -Wdate-time -Wformat-security -Wimplicit-fallthrough=5 -Winit-self -Wlogical-op -Wmissing-prototypes -Wnested-externs -Wold-style-definition -Wtrampolines -Wundef -Wwrite-strings -Werror   -Os -Wall -Wextra -MT libstrace_a-util.o -MD -MP -MF .deps/libstrace_a-util.Tpo -c -o libstrace_a-util.o `test -f 'util.c' || echo '/home/user/nx679j-stock/experiments/refs/strace-7.2/src/'`util.c
mv -f .deps/libstrace_a-uname.Tpo .deps/libstrace_a-uname.Po
mv -f .deps/libstrace_a-ucopy.Tpo .deps/libstrace_a-ucopy.Po
aarch64-linux-gnu-gcc -DHAVE_CONFIG_H   -I./linux/aarch64 -I/home/user/nx679j-stock/experiments/refs/strace-7.2/src/linux/aarch64 -I./linux/generic -I/home/user/nx679j-stock/experiments/refs/strace-7.2/src/linux/generic -I. -I/home/user/nx679j-stock/experiments/refs/strace-7.2/src -isystem /home/user/nx679j-stock/experiments/refs/strace-7.2/bundled/linux/arch/arm64/include/uapi -isystem /home/user/nx679j-stock/experiments/refs/strace-7.2/bundled/linux/include/uapi -DIN_STRACE=1      -isystem /home/user/nx679j-stock/experiments/refs/strace-7.2/bundled/linux/arch/arm64/include/uapi -isystem /home/user/nx679j-stock/experiments/refs/strace-7.2/bundled/linux/include/uapi -Wall -Wextra -Wno-missing-field-initializers -Wno-unused-parameter -Wdate-time -Wformat-security -Wimplicit-fallthrough=5 -Winit-self -Wlogical-op -Wmissing-prototypes -Wnested-externs -Wold-style-definition -Wtrampolines -Wundef -Wwrite-strings -Werror   -Os -Wall -Wextra -MT libstrace_a-utime.o -MD -MP -MF .deps/libstrace_a-utime.Tpo -c -o libstrace_a-utime.o `test -f 'utime.c' || echo '/home/user/nx679j-stock/experiments/refs/strace-7.2/src/'`utime.c
aarch64-linux-gnu-gcc -DHAVE_CONFIG_H   -I./linux/aarch64 -I/home/user/nx679j-stock/experiments/refs/strace-7.2/src/linux/aarch64 -I./linux/generic -I/home/user/nx679j-stock/experiments/refs/strace-7.2/src/linux/generic -I. -I/home/user/nx679j-stock/experiments/refs/strace-7.2/src -isystem /home/user/nx679j-stock/experiments/refs/strace-7.2/bundled/linux/arch/arm64/include/uapi -isystem /home/user/nx679j-stock/experiments/refs/strace-7.2/bundled/linux/include/uapi -DIN_STRACE=1      -isystem /home/user/nx679j-stock/experiments/refs/strace-7.2/bundled/linux/arch/arm64/include/uapi -isystem /home/user/nx679j-stock/experiments/refs/strace-7.2/bundled/linux/include/uapi -Wall -Wextra -Wno-missing-field-initializers -Wno-unused-parameter -Wdate-time -Wformat-security -Wimplicit-fallthrough=5 -Winit-self -Wlogical-op -Wmissing-prototypes -Wnested-externs -Wold-style-definition -Wtrampolines -Wundef -Wwrite-strings -Werror   -Os -Wall -Wextra -MT libstrace_a-utimes.o -MD -MP -MF .deps/libstrace_a-utimes.Tpo -c -o libstrace_a-utimes.o `test -f 'utimes.c' || echo '/home/user/nx679j-stock/experiments/refs/strace-7.2/src/'`utimes.c
mv -f .deps/libstrace_a-upeek.Tpo .deps/libstrace_a-upeek.Po
aarch64-linux-gnu-gcc -DHAVE_CONFIG_H   -I./linux/aarch64 -I/home/user/nx679j-stock/experiments/refs/strace-7.2/src/linux/aarch64 -I./linux/generic -I/home/user/nx679j-stock/experiments/refs/strace-7.2/src/linux/generic -I. -I/home/user/nx679j-stock/experiments/refs/strace-7.2/src -isystem /home/user/nx679j-stock/experiments/refs/strace-7.2/bundled/linux/arch/arm64/include/uapi -isystem /home/user/nx679j-stock/experiments/refs/strace-7.2/bundled/linux/include/uapi -DIN_STRACE=1      -isystem /home/user/nx679j-stock/experiments/refs/strace-7.2/bundled/linux/arch/arm64/include/uapi -isystem /home/user/nx679j-stock/experiments/refs/strace-7.2/bundled/linux/include/uapi -Wall -Wextra -Wno-missing-field-initializers -Wno-unused-parameter -Wdate-time -Wformat-security -Wimplicit-fallthrough=5 -Winit-self -Wlogical-op -Wmissing-prototypes -Wnested-externs -Wold-style-definition -Wtrampolines -Wundef -Wwrite-strings -Werror   -Os -Wall -Wextra -MT libstrace_a-v4l2.o -MD -MP -MF .deps/libstrace_a-v4l2.Tpo -c -o libstrace_a-v4l2.o `test -f 'v4l2.c' || echo '/home/user/nx679j-stock/experiments/refs/strace-7.2/src/'`v4l2.c
mv -f .deps/libstrace_a-upoke.Tpo .deps/libstrace_a-upoke.Po
aarch64-linux-gnu-gcc -DHAVE_CONFIG_H   -I./linux/aarch64 -I/home/user/nx679j-stock/experiments/refs/strace-7.2/src/linux/aarch64 -I./linux/generic -I/home/user/nx679j-stock/experiments/refs/strace-7.2/src/linux/generic -I. -I/home/user/nx679j-stock/experiments/refs/strace-7.2/src -isystem /home/user/nx679j-stock/experiments/refs/strace-7.2/bundled/linux/arch/arm64/include/uapi -isystem /home/user/nx679j-stock/experiments/refs/strace-7.2/bundled/linux/include/uapi -DIN_STRACE=1      -isystem /home/user/nx679j-stock/experiments/refs/strace-7.2/bundled/linux/arch/arm64/include/uapi -isystem /home/user/nx679j-stock/experiments/refs/strace-7.2/bundled/linux/include/uapi -Wall -Wextra -Wno-missing-field-initializers -Wno-unused-parameter -Wdate-time -Wformat-security -Wimplicit-fallthrough=5 -Winit-self -Wlogical-op -Wmissing-prototypes -Wnested-externs -Wold-style-definition -Wtrampolines -Wundef -Wwrite-strings -Werror   -Os -Wall -Wextra -MT libstrace_a-wait.o -MD -MP -MF .deps/libstrace_a-wait.Tpo -c -o libstrace_a-wait.o `test -f 'wait.c' || echo '/home/user/nx679j-stock/experiments/refs/strace-7.2/src/'`wait.c
mv -f .deps/libstrace_a-ustat.Tpo .deps/libstrace_a-ustat.Po
aarch64-linux-gnu-gcc -DHAVE_CONFIG_H   -I./linux/aarch64 -I/home/user/nx679j-stock/experiments/refs/strace-7.2/src/linux/aarch64 -I./linux/generic -I/home/user/nx679j-stock/experiments/refs/strace-7.2/src/linux/generic -I. -I/home/user/nx679j-stock/experiments/refs/strace-7.2/src -isystem /home/user/nx679j-stock/experiments/refs/strace-7.2/bundled/linux/arch/arm64/include/uapi -isystem /home/user/nx679j-stock/experiments/refs/strace-7.2/bundled/linux/include/uapi -DIN_STRACE=1      -isystem /home/user/nx679j-stock/experiments/refs/strace-7.2/bundled/linux/arch/arm64/include/uapi -isystem /home/user/nx679j-stock/experiments/refs/strace-7.2/bundled/linux/include/uapi -Wall -Wextra -Wno-missing-field-initializers -Wno-unused-parameter -Wdate-time -Wformat-security -Wimplicit-fallthrough=5 -Winit-self -Wlogical-op -Wmissing-prototypes -Wnested-externs -Wold-style-definition -Wtrampolines -Wundef -Wwrite-strings -Werror   -Os -Wall -Wextra -MT libstrace_a-watchdog_ioctl.o -MD -MP -MF .deps/libstrace_a-watchdog_ioctl.Tpo -c -o libstrace_a-watchdog_ioctl.o `test -f 'watchdog_ioctl.c' || echo '/home/user/nx679j-stock/experiments/refs/strace-7.2/src/'`watchdog_ioctl.c
mv -f .deps/libstrace_a-userfaultfd.Tpo .deps/libstrace_a-userfaultfd.Po
mv -f .deps/libstrace_a-utime.Tpo .deps/libstrace_a-utime.Po
aarch64-linux-gnu-gcc -DHAVE_CONFIG_H   -I./linux/aarch64 -I/home/user/nx679j-stock/experiments/refs/strace-7.2/src/linux/aarch64 -I./linux/generic -I/home/user/nx679j-stock/experiments/refs/strace-7.2/src/linux/generic -I. -I/home/user/nx679j-stock/experiments/refs/strace-7.2/src -isystem /home/user/nx679j-stock/experiments/refs/strace-7.2/bundled/linux/arch/arm64/include/uapi -isystem /home/user/nx679j-stock/experiments/refs/strace-7.2/bundled/linux/include/uapi -DIN_STRACE=1      -isystem /home/user/nx679j-stock/experiments/refs/strace-7.2/bundled/linux/arch/arm64/include/uapi -isystem /home/user/nx679j-stock/experiments/refs/strace-7.2/bundled/linux/include/uapi -Wall -Wextra -Wno-missing-field-initializers -Wno-unused-parameter -Wdate-time -Wformat-security -Wimplicit-fallthrough=5 -Winit-self -Wlogical-op -Wmissing-prototypes -Wnested-externs -Wold-style-definition -Wtrampolines -Wundef -Wwrite-strings -Werror   -Os -Wall -Wextra -MT libstrace_a-xattr.o -MD -MP -MF .deps/libstrace_a-xattr.Tpo -c -o libstrace_a-xattr.o `test -f 'xattr.c' || echo '/home/user/nx679j-stock/experiments/refs/strace-7.2/src/'`xattr.c
aarch64-linux-gnu-gcc -DHAVE_CONFIG_H   -I./linux/aarch64 -I/home/user/nx679j-stock/experiments/refs/strace-7.2/src/linux/aarch64 -I./linux/generic -I/home/user/nx679j-stock/experiments/refs/strace-7.2/src/linux/generic -I. -I/home/user/nx679j-stock/experiments/refs/strace-7.2/src -isystem /home/user/nx679j-stock/experiments/refs/strace-7.2/bundled/linux/arch/arm64/include/uapi -isystem /home/user/nx679j-stock/experiments/refs/strace-7.2/bundled/linux/include/uapi -DIN_STRACE=1      -isystem /home/user/nx679j-stock/experiments/refs/strace-7.2/bundled/linux/arch/arm64/include/uapi -isystem /home/user/nx679j-stock/experiments/refs/strace-7.2/bundled/linux/include/uapi -Wall -Wextra -Wno-missing-field-initializers -Wno-unused-parameter -Wdate-time -Wformat-security -Wimplicit-fallthrough=5 -Winit-self -Wlogical-op -Wmissing-prototypes -Wnested-externs -Wold-style-definition -Wtrampolines -Wundef -Wwrite-strings -Werror   -Os -Wall -Wextra -MT libstrace_a-xgetdents.o -MD -MP -MF .deps/libstrace_a-xgetdents.Tpo -c -o libstrace_a-xgetdents.o `test -f 'xgetdents.c' || echo '/home/user/nx679j-stock/experiments/refs/strace-7.2/src/'`xgetdents.c
mv -f .deps/libstrace_a-utimes.Tpo .deps/libstrace_a-utimes.Po
aarch64-linux-gnu-gcc -DHAVE_CONFIG_H   -I./linux/aarch64 -I/home/user/nx679j-stock/experiments/refs/strace-7.2/src/linux/aarch64 -I./linux/generic -I/home/user/nx679j-stock/experiments/refs/strace-7.2/src/linux/generic -I. -I/home/user/nx679j-stock/experiments/refs/strace-7.2/src -isystem /home/user/nx679j-stock/experiments/refs/strace-7.2/bundled/linux/arch/arm64/include/uapi -isystem /home/user/nx679j-stock/experiments/refs/strace-7.2/bundled/linux/include/uapi -DIN_STRACE=1      -isystem /home/user/nx679j-stock/experiments/refs/strace-7.2/bundled/linux/arch/arm64/include/uapi -isystem /home/user/nx679j-stock/experiments/refs/strace-7.2/bundled/linux/include/uapi -Wall -Wextra -Wno-missing-field-initializers -Wno-unused-parameter -Wdate-time -Wformat-security -Wimplicit-fallthrough=5 -Winit-self -Wlogical-op -Wmissing-prototypes -Wnested-externs -Wold-style-definition -Wtrampolines -Wundef -Wwrite-strings -Werror   -Os -Wall -Wextra -MT libstrace_a-xlat.o -MD -MP -MF .deps/libstrace_a-xlat.Tpo -c -o libstrace_a-xlat.o `test -f 'xlat.c' || echo '/home/user/nx679j-stock/experiments/refs/strace-7.2/src/'`xlat.c
mv -f .deps/libstrace_a-watchdog_ioctl.Tpo .deps/libstrace_a-watchdog_ioctl.Po
aarch64-linux-gnu-gcc -DHAVE_CONFIG_H   -I./linux/aarch64 -I/home/user/nx679j-stock/experiments/refs/strace-7.2/src/linux/aarch64 -I./linux/generic -I/home/user/nx679j-stock/experiments/refs/strace-7.2/src/linux/generic -I. -I/home/user/nx679j-stock/experiments/refs/strace-7.2/src -isystem /home/user/nx679j-stock/experiments/refs/strace-7.2/bundled/linux/arch/arm64/include/uapi -isystem /home/user/nx679j-stock/experiments/refs/strace-7.2/bundled/linux/include/uapi -DIN_STRACE=1      -isystem /home/user/nx679j-stock/experiments/refs/strace-7.2/bundled/linux/arch/arm64/include/uapi -isystem /home/user/nx679j-stock/experiments/refs/strace-7.2/bundled/linux/include/uapi -Wall -Wextra -Wno-missing-field-initializers -Wno-unused-parameter -Wdate-time -Wformat-security -Wimplicit-fallthrough=5 -Winit-self -Wlogical-op -Wmissing-prototypes -Wnested-externs -Wold-style-definition -Wtrampolines -Wundef -Wwrite-strings -Werror   -Os -Wall -Wextra -MT libstrace_a-xmalloc.o -MD -MP -MF .deps/libstrace_a-xmalloc.Tpo -c -o libstrace_a-xmalloc.o `test -f 'xmalloc.c' || echo '/home/user/nx679j-stock/experiments/refs/strace-7.2/src/'`xmalloc.c
mv -f .deps/libstrace_a-wait.Tpo .deps/libstrace_a-wait.Po
aarch64-linux-gnu-gcc -DHAVE_CONFIG_H   -I./linux/aarch64 -I/home/user/nx679j-stock/experiments/refs/strace-7.2/src/linux/aarch64 -I./linux/generic -I/home/user/nx679j-stock/experiments/refs/strace-7.2/src/linux/generic -I. -I/home/user/nx679j-stock/experiments/refs/strace-7.2/src -isystem /home/user/nx679j-stock/experiments/refs/strace-7.2/bundled/linux/arch/arm64/include/uapi -isystem /home/user/nx679j-stock/experiments/refs/strace-7.2/bundled/linux/include/uapi -DIN_STRACE=1      -isystem /home/user/nx679j-stock/experiments/refs/strace-7.2/bundled/linux/arch/arm64/include/uapi -isystem /home/user/nx679j-stock/experiments/refs/strace-7.2/bundled/linux/include/uapi -Wall -Wextra -Wno-missing-field-initializers -Wno-unused-parameter -Wdate-time -Wformat-security -Wimplicit-fallthrough=5 -Winit-self -Wlogical-op -Wmissing-prototypes -Wnested-externs -Wold-style-definition -Wtrampolines -Wundef -Wwrite-strings -Werror   -Os -Wall -Wextra -MT libstrace_a-bpf_attr_check.o -MD -MP -MF .deps/libstrace_a-bpf_attr_check.Tpo -c -o libstrace_a-bpf_attr_check.o `test -f 'bpf_attr_check.c' || echo '/home/user/nx679j-stock/experiments/refs/strace-7.2/src/'`bpf_attr_check.c
mv -f .deps/libstrace_a-xgetdents.Tpo .deps/libstrace_a-xgetdents.Po
depbase=`echo disable_ptrace.o | sed 's|[^/]*$|.deps/&|;s|\.o$||'`;\
aarch64-linux-gnu-gcc -DHAVE_CONFIG_H   -I./linux/aarch64 -I/home/user/nx679j-stock/experiments/refs/strace-7.2/src/linux/aarch64 -I./linux/generic -I/home/user/nx679j-stock/experiments/refs/strace-7.2/src/linux/generic -I. -I/home/user/nx679j-stock/experiments/refs/strace-7.2/src -isystem /home/user/nx679j-stock/experiments/refs/strace-7.2/bundled/linux/arch/arm64/include/uapi -isystem /home/user/nx679j-stock/experiments/refs/strace-7.2/bundled/linux/include/uapi -isystem /home/user/nx679j-stock/experiments/refs/strace-7.2/bundled/linux/arch/arm64/include/uapi -isystem /home/user/nx679j-stock/experiments/refs/strace-7.2/bundled/linux/include/uapi -Wall -Wextra -Wno-missing-field-initializers -Wno-unused-parameter -Wdate-time -Wformat-security -Wimplicit-fallthrough=5 -Winit-self -Wlogical-op -Wmissing-prototypes -Wnested-externs -Wold-style-definition -Wtrampolines -Wundef -Wwrite-strings -Werror -Os -Wall -Wextra -MT disable_ptrace.o -MD -MP -MF $depbase.Tpo -c -o disable_ptrace.o /home/user/nx679j-stock/experiments/refs/strace-7.2/src/disable_ptrace.c &&\
mv -f $depbase.Tpo $depbase.Po
mv -f .deps/libstrace_a-xattr.Tpo .deps/libstrace_a-xattr.Po
depbase=`echo disable_ptrace_get_syscall_info.o | sed 's|[^/]*$|.deps/&|;s|\.o$||'`;\
aarch64-linux-gnu-gcc -DHAVE_CONFIG_H   -I./linux/aarch64 -I/home/user/nx679j-stock/experiments/refs/strace-7.2/src/linux/aarch64 -I./linux/generic -I/home/user/nx679j-stock/experiments/refs/strace-7.2/src/linux/generic -I. -I/home/user/nx679j-stock/experiments/refs/strace-7.2/src -isystem /home/user/nx679j-stock/experiments/refs/strace-7.2/bundled/linux/arch/arm64/include/uapi -isystem /home/user/nx679j-stock/experiments/refs/strace-7.2/bundled/linux/include/uapi -isystem /home/user/nx679j-stock/experiments/refs/strace-7.2/bundled/linux/arch/arm64/include/uapi -isystem /home/user/nx679j-stock/experiments/refs/strace-7.2/bundled/linux/include/uapi -Wall -Wextra -Wno-missing-field-initializers -Wno-unused-parameter -Wdate-time -Wformat-security -Wimplicit-fallthrough=5 -Winit-self -Wlogical-op -Wmissing-prototypes -Wnested-externs -Wold-style-definition -Wtrampolines -Wundef -Wwrite-strings -Werror -Os -Wall -Wextra -MT disable_ptrace_get_syscall_info.o -MD -MP -MF $depbase.Tpo -c -o disable_ptrace_get_syscall_info.o /home/user/nx679j-stock/experiments/refs/strace-7.2/src/disable_ptrace_get_syscall_info.c &&\
mv -f $depbase.Tpo $depbase.Po
mv -f .deps/libstrace_a-bpf_attr_check.Tpo .deps/libstrace_a-bpf_attr_check.Po
depbase=`echo disable_ptrace_getregset.o | sed 's|[^/]*$|.deps/&|;s|\.o$||'`;\
aarch64-linux-gnu-gcc -DHAVE_CONFIG_H   -I./linux/aarch64 -I/home/user/nx679j-stock/experiments/refs/strace-7.2/src/linux/aarch64 -I./linux/generic -I/home/user/nx679j-stock/experiments/refs/strace-7.2/src/linux/generic -I. -I/home/user/nx679j-stock/experiments/refs/strace-7.2/src -isystem /home/user/nx679j-stock/experiments/refs/strace-7.2/bundled/linux/arch/arm64/include/uapi -isystem /home/user/nx679j-stock/experiments/refs/strace-7.2/bundled/linux/include/uapi -isystem /home/user/nx679j-stock/experiments/refs/strace-7.2/bundled/linux/arch/arm64/include/uapi -isystem /home/user/nx679j-stock/experiments/refs/strace-7.2/bundled/linux/include/uapi -Wall -Wextra -Wno-missing-field-initializers -Wno-unused-parameter -Wdate-time -Wformat-security -Wimplicit-fallthrough=5 -Winit-self -Wlogical-op -Wmissing-prototypes -Wnested-externs -Wold-style-definition -Wtrampolines -Wundef -Wwrite-strings -Werror -Os -Wall -Wextra -MT disable_ptrace_getregset.o -MD -MP -MF $depbase.Tpo -c -o disable_ptrace_getregset.o /home/user/nx679j-stock/experiments/refs/strace-7.2/src/disable_ptrace_getregset.c &&\
mv -f $depbase.Tpo $depbase.Po
mv -f .deps/libstrace_a-xmalloc.Tpo .deps/libstrace_a-xmalloc.Po
depbase=`echo disable_ptrace_set_syscall_info.o | sed 's|[^/]*$|.deps/&|;s|\.o$||'`;\
aarch64-linux-gnu-gcc -DHAVE_CONFIG_H   -I./linux/aarch64 -I/home/user/nx679j-stock/experiments/refs/strace-7.2/src/linux/aarch64 -I./linux/generic -I/home/user/nx679j-stock/experiments/refs/strace-7.2/src/linux/generic -I. -I/home/user/nx679j-stock/experiments/refs/strace-7.2/src -isystem /home/user/nx679j-stock/experiments/refs/strace-7.2/bundled/linux/arch/arm64/include/uapi -isystem /home/user/nx679j-stock/experiments/refs/strace-7.2/bundled/linux/include/uapi -isystem /home/user/nx679j-stock/experiments/refs/strace-7.2/bundled/linux/arch/arm64/include/uapi -isystem /home/user/nx679j-stock/experiments/refs/strace-7.2/bundled/linux/include/uapi -Wall -Wextra -Wno-missing-field-initializers -Wno-unused-parameter -Wdate-time -Wformat-security -Wimplicit-fallthrough=5 -Winit-self -Wlogical-op -Wmissing-prototypes -Wnested-externs -Wold-style-definition -Wtrampolines -Wundef -Wwrite-strings -Werror -Os -Wall -Wextra -MT disable_ptrace_set_syscall_info.o -MD -MP -MF $depbase.Tpo -c -o disable_ptrace_set_syscall_info.o /home/user/nx679j-stock/experiments/refs/strace-7.2/src/disable_ptrace_set_syscall_info.c &&\
mv -f $depbase.Tpo $depbase.Po
aarch64-linux-gnu-gcc -DHAVE_CONFIG_H   -I./linux/aarch64 -I/home/user/nx679j-stock/experiments/refs/strace-7.2/src/linux/aarch64 -I./linux/generic -I/home/user/nx679j-stock/experiments/refs/strace-7.2/src/linux/generic -I. -I/home/user/nx679j-stock/experiments/refs/strace-7.2/src -isystem /home/user/nx679j-stock/experiments/refs/strace-7.2/bundled/linux/arch/arm64/include/uapi -isystem /home/user/nx679j-stock/experiments/refs/strace-7.2/bundled/linux/include/uapi -DIN_STRACE=1      -isystem /home/user/nx679j-stock/experiments/refs/strace-7.2/bundled/linux/arch/arm64/include/uapi -isystem /home/user/nx679j-stock/experiments/refs/strace-7.2/bundled/linux/include/uapi -Wall -Wextra -Wno-missing-field-initializers -Wno-unused-parameter -Wdate-time -Wformat-security -Wimplicit-fallthrough=5 -Winit-self -Wlogical-op -Wmissing-prototypes -Wnested-externs -Wold-style-definition -Wtrampolines -Wundef -Wwrite-strings -Werror   -Os -Wall -Wextra -MT gen/libstrace_a-gen_hdio.o -MD -MP -MF gen/.deps/libstrace_a-gen_hdio.Tpo -c -o gen/libstrace_a-gen_hdio.o `test -f 'gen/gen_hdio.c' || echo '/home/user/nx679j-stock/experiments/refs/strace-7.2/src/'`gen/gen_hdio.c
mv -f .deps/libstrace_a-xlat.Tpo .deps/libstrace_a-xlat.Po
mv -f .deps/libstrace_a-syscall.Tpo .deps/libstrace_a-syscall.Po
mv -f gen/.deps/libstrace_a-gen_hdio.Tpo gen/.deps/libstrace_a-gen_hdio.Po
mv -f .deps/libstrace_a-v4l2.Tpo .deps/libstrace_a-v4l2.Po
mv -f .deps/libstrace_a-util.Tpo .deps/libstrace_a-util.Po
rm -f libstrace.a
aarch64-linux-gnu-ar cru libstrace.a libstrace_a-access.o libstrace_a-affinity.o libstrace_a-aio.o libstrace_a-alarm.o libstrace_a-alpha.o libstrace_a-basic_filters.o libstrace_a-bind.o libstrace_a-bjm.o libstrace_a-block.o libstrace_a-bpf.o libstrace_a-bpf_filter.o libstrace_a-bpf_seccomp_filter.o libstrace_a-bpf_sock_filter.o libstrace_a-btrfs.o libstrace_a-cacheflush.o libstrace_a-cachestat.o libstrace_a-capability.o libstrace_a-chdir.o libstrace_a-chmod.o libstrace_a-clone.o libstrace_a-close_range.o libstrace_a-color.o libstrace_a-copy_file_range.o libstrace_a-count.o libstrace_a-counter_ioctl.o libstrace_a-delay.o libstrace_a-desc.o libstrace_a-dirent.o libstrace_a-dirent64.o libstrace_a-dirent_types.o libstrace_a-dm.o libstrace_a-dup.o libstrace_a-dyxlat.o libstrace_a-epoll.o libstrace_a-epoll_ioctl.o libstrace_a-error_prints.o libstrace_a-evdev.o libstrace_a-evdev_mpers.o libstrace_a-eventfd.o libstrace_a-execve.o libstrace_a-exit.o libstrace_a-exitkill.o libstrace_a-fadvise.o libstrace_a-fallocate.o libstrace_a-fanotify.o libstrace_a-fchownat.o libstrace_a-fcntl.o libstrace_a-fetch_bpf_fprog.o libstrace_a-fetch_indirect_syscall_args.o libstrace_a-fetch_struct_flock.o libstrace_a-fetch_struct_iovec.o libstrace_a-fetch_struct_keyctl_kdf_params.o libstrace_a-fetch_struct_mmsghdr.o libstrace_a-fetch_struct_msghdr.o libstrace_a-fetch_struct_stat.o libstrace_a-fetch_struct_stat64.o libstrace_a-fetch_struct_statfs.o libstrace_a-fetch_struct_xfs_quotastat.o libstrace_a-file_attr.o libstrace_a-file_handle.o libstrace_a-filter_qualify.o libstrace_a-filter_seccomp.o libstrace_a-flock.o libstrace_a-fs_0x15_ioctl.o libstrace_a-fs_0x94_ioctl.o libstrace_a-fs_f_ioctl.o libstrace_a-fs_x_ioctl.o libstrace_a-fsconfig.o libstrace_a-fsmount.o libstrace_a-fsopen.o libstrace_a-fspick.o libstrace_a-fstatfs.o libstrace_a-fstatfs64.o libstrace_a-futex.o libstrace_a-futex2.o gen/libstrace_a-gen_hdio.o libstrace_a-get_personality.o libstrace_a-get_robust_list.o libstrace_a-getcpu.o libstrace_a-getcwd.o libstrace_a-getpagesize.o libstrace_a-getpid.o libstrace_a-getrandom.o libstrace_a-gpio_ioctl.o libstrace_a-hdio.o libstrace_a-hostname.o libstrace_a-inotify.o libstrace_a-inotify_ioctl.o libstrace_a-io.o libstrace_a-io_uring.o libstrace_a-ioctl.o libstrace_a-ioperm.o libstrace_a-iopl.o libstrace_a-ioprio.o libstrace_a-ipc.o libstrace_a-ipc_msg.o libstrace_a-ipc_msgctl.o libstrace_a-ipc_sem.o libstrace_a-ipc_semctl.o libstrace_a-ipc_shm.o libstrace_a-ipc_shmctl.o libstrace_a-kcmp.o libstrace_a-kd_ioctl.o libstrace_a-kd_mpers_ioctl.o libstrace_a-kexec.o libstrace_a-keyctl.o libstrace_a-kvm.o libstrace_a-landlock.o libstrace_a-ldt.o libstrace_a-link.o libstrace_a-lirc_ioctl.o libstrace_a-listen.o libstrace_a-listmount.o libstrace_a-listns.o libstrace_a-lookup_dcookie.o libstrace_a-loop.o libstrace_a-lseek.o libstrace_a-lsm.o libstrace_a-map_shadow_stack.o libstrace_a-mem.o libstrace_a-membarrier.o libstrace_a-memfd_create.o libstrace_a-memfd_secret.o libstrace_a-mknod.o libstrace_a-mmap_cache.o libstrace_a-mmap_notify.o libstrace_a-mmsghdr.o libstrace_a-mount.o libstrace_a-mount_setattr.o libstrace_a-move_mount.o libstrace_a-mq.o libstrace_a-msghdr.o libstrace_a-mtd.o libstrace_a-nbd_ioctl.o libstrace_a-net.o libstrace_a-netlink.o libstrace_a-netlink_crypto.o libstrace_a-netlink_generic.o libstrace_a-netlink_inet_diag.o libstrace_a-netlink_kobject_uevent.o libstrace_a-netlink_netfilter.o libstrace_a-netlink_netlink_diag.o libstrace_a-netlink_nlctrl.o libstrace_a-netlink_packet_diag.o libstrace_a-netlink_route.o libstrace_a-netlink_selinux.o libstrace_a-netlink_smc_diag.o libstrace_a-netlink_sock_diag.o libstrace_a-netlink_unix_diag.o libstrace_a-nice.o libstrace_a-nlattr.o libstrace_a-nsfs.o libstrace_a-numa.o libstrace_a-number_set.o libstrace_a-oldstat.o libstrace_a-open.o libstrace_a-or1k_atomic.o libstrace_a-pathtrace.o libstrace_a-perf.o libstrace_a-perf_ioctl.o libstrace_a-personality.o libstrace_a-pidfd_getfd.o libstrace_a-pidfd_ioctl.o libstrace_a-pidfd_open.o libstrace_a-pidns.o libstrace_a-pkeys.o libstrace_a-poke.o libstrace_a-poll.o libstrace_a-prctl.o libstrace_a-print_dev_t.o libstrace_a-print_fields.o libstrace_a-print_group_req.o libstrace_a-print_ifindex.o libstrace_a-print_instruction_pointer.o libstrace_a-print_kernel_sigset.o libstrace_a-print_kernel_version.o libstrace_a-print_mac.o libstrace_a-print_mq_attr.o libstrace_a-print_msgbuf.o libstrace_a-print_sg_req_info.o libstrace_a-print_sigevent.o libstrace_a-print_statfs.o libstrace_a-print_struct_stat.o libstrace_a-print_syscall_number.o libstrace_a-print_time.o libstrace_a-print_timespec32.o libstrace_a-print_timespec64.o libstrace_a-print_timeval.o libstrace_a-print_timeval64.o libstrace_a-print_timex.o libstrace_a-printmode.o libstrace_a-printrusage.o libstrace_a-printsiginfo.o libstrace_a-process_vm.o libstrace_a-ptp.o libstrace_a-ptrace.o libstrace_a-ptrace_syscall_info.o libstrace_a-quota.o libstrace_a-random_ioctl.o libstrace_a-readahead.o libstrace_a-readlink.o libstrace_a-reboot.o libstrace_a-regset.o libstrace_a-renameat.o libstrace_a-resource.o libstrace_a-rseq.o libstrace_a-retval.o libstrace_a-riscv.o libstrace_a-rt_sigframe.o libstrace_a-rt_sigreturn.o libstrace_a-rtc.o libstrace_a-rtnl_addr.o libstrace_a-rtnl_addrlabel.o libstrace_a-rtnl_cachereport.o libstrace_a-rtnl_dcb.o libstrace_a-rtnl_link.o libstrace_a-rtnl_mdb.o libstrace_a-rtnl_neigh.o libstrace_a-rtnl_neightbl.o libstrace_a-rtnl_netconf.o libstrace_a-rtnl_nh.o libstrace_a-rtnl_nsid.o libstrace_a-rtnl_route.o libstrace_a-rtnl_rule.o libstrace_a-rtnl_stats.o libstrace_a-rtnl_tc.o libstrace_a-rtnl_tc_action.o libstrace_a-s390.o libstrace_a-sched.o libstrace_a-scsi.o libstrace_a-seccomp.o libstrace_a-seccomp_ioctl.o libstrace_a-sendfile.o libstrace_a-set_tid_address.o libstrace_a-sg_io_v3.o libstrace_a-sg_io_v4.o libstrace_a-shutdown.o libstrace_a-sigaltstack.o libstrace_a-signal.o libstrace_a-signalfd.o libstrace_a-sigreturn.o libstrace_a-sock.o libstrace_a-sockaddr.o libstrace_a-socketcall.o libstrace_a-socketutils.o libstrace_a-sparc.o libstrace_a-sram_alloc.o libstrace_a-stage_output.o libstrace_a-stat.o libstrace_a-stat64.o libstrace_a-statfs.o libstrace_a-statfs.o libstrace_a-statfs64.o libstrace_a-statmount.o libstrace_a-statx.o libstrace_a-strauss.o libstrace_a-string_to_uint.o libstrace_a-swapon.o libstrace_a-sync_file_range.o libstrace_a-sync_file_range2.o libstrace_a-syscall.o libstrace_a-syscall_name.o libstrace_a-sysctl.o libstrace_a-sysinfo.o libstrace_a-syslog.o libstrace_a-sysmips.o libstrace_a-tee.o libstrace_a-term.o libstrace_a-time.o libstrace_a-times.o libstrace_a-trie.o libstrace_a-truncate.o libstrace_a-ubi.o libstrace_a-ucopy.o libstrace_a-udmabuf.o libstrace_a-uid.o libstrace_a-uid16.o libstrace_a-umask.o libstrace_a-umount.o libstrace_a-uname.o libstrace_a-upeek.o libstrace_a-upoke.o libstrace_a-userfaultfd.o libstrace_a-ustat.o libstrace_a-util.o libstrace_a-utime.o libstrace_a-utimes.o libstrace_a-v4l2.o libstrace_a-wait.o libstrace_a-watchdog_ioctl.o libstrace_a-xattr.o libstrace_a-xgetdents.o libstrace_a-xlat.o libstrace_a-xmalloc.o libstrace_a-bpf_attr_check.o     
aarch64-linux-gnu-ranlib libstrace.a
aarch64-linux-gnu-gcc -Wall -Wextra -Wno-missing-field-initializers -Wno-unused-parameter -Wdate-time -Wformat-security -Wimplicit-fallthrough=5 -Winit-self -Wlogical-op -Wmissing-prototypes -Wnested-externs -Wold-style-definition -Wtrampolines -Wundef -Wwrite-strings -Werror   -Os -Wall -Wextra     -static -pthread -o strace strace-strace.o libstrace.a           
aarch64-linux-gnu-gcc -Wall -Wextra -Wno-missing-field-initializers -Wno-unused-parameter -Wdate-time -Wformat-security -Wimplicit-fallthrough=5 -Winit-self -Wlogical-op -Wmissing-prototypes -Wnested-externs -Wold-style-definition -Wtrampolines -Wundef -Wwrite-strings -Werror -Os -Wall -Wextra  -static -pthread -o disable_ptrace disable_ptrace.o libstrace.a           
aarch64-linux-gnu-gcc -Wall -Wextra -Wno-missing-field-initializers -Wno-unused-parameter -Wdate-time -Wformat-security -Wimplicit-fallthrough=5 -Winit-self -Wlogical-op -Wmissing-prototypes -Wnested-externs -Wold-style-definition -Wtrampolines -Wundef -Wwrite-strings -Werror -Os -Wall -Wextra  -static -pthread -o disable_ptrace_get_syscall_info disable_ptrace_get_syscall_info.o libstrace.a           
aarch64-linux-gnu-gcc -Wall -Wextra -Wno-missing-field-initializers -Wno-unused-parameter -Wdate-time -Wformat-security -Wimplicit-fallthrough=5 -Winit-self -Wlogical-op -Wmissing-prototypes -Wnested-externs -Wold-style-definition -Wtrampolines -Wundef -Wwrite-strings -Werror -Os -Wall -Wextra  -static -pthread -o disable_ptrace_getregset disable_ptrace_getregset.o libstrace.a           
aarch64-linux-gnu-gcc -Wall -Wextra -Wno-missing-field-initializers -Wno-unused-parameter -Wdate-time -Wformat-security -Wimplicit-fallthrough=5 -Winit-self -Wlogical-op -Wmissing-prototypes -Wnested-externs -Wold-style-definition -Wtrampolines -Wundef -Wwrite-strings -Werror -Os -Wall -Wextra  -static -pthread -o disable_ptrace_set_syscall_info disable_ptrace_set_syscall_info.o libstrace.a           
make[3]: Leaving directory '/home/user/nx679j-stock/experiments/refs/strace-7.2-build-aarch64/src'
rm ioctlsort0 ioctlsort0.o ioctls_all0.h ioctls_all1.h ioctlsort1 ioctlsort1.o
make[2]: Leaving directory '/home/user/nx679j-stock/experiments/refs/strace-7.2-build-aarch64/src'
Making all in tests
make[2]: Entering directory '/home/user/nx679j-stock/experiments/refs/strace-7.2-build-aarch64/tests'
aarch64-linux-gnu-gcc -E -P -DHAVE_CONFIG_H     -I. -I../src/linux/aarch64 -I/home/user/nx679j-stock/experiments/refs/strace-7.2/src/linux/aarch64 -I../src/linux/generic -I/home/user/nx679j-stock/experiments/refs/strace-7.2/src/linux/generic -I../src -I/home/user/nx679j-stock/experiments/refs/strace-7.2/src -isystem /home/user/nx679j-stock/experiments/refs/strace-7.2/bundled/linux/arch/arm64/include/uapi -isystem /home/user/nx679j-stock/experiments/refs/strace-7.2/bundled/linux/include/uapi -DSTRACE_SIZEOF_KERNEL_LONG_T=8 -DTESTS_SIZEOF_KERNEL_LONG_T=8 -DSTRACE_SIZEOF_LONG=8 -DTESTS_SIZEOF_LONG=8  -isystem /home/user/nx679j-stock/experiments/refs/strace-7.2/bundled/linux/arch/arm64/include/uapi -isystem /home/user/nx679j-stock/experiments/refs/strace-7.2/bundled/linux/include/uapi -include ../src/config.h /home/user/nx679j-stock/experiments/refs/strace-7.2/src/linux/aarch64/syscallent.h -o syscallent.i
echo '/* Generated by Makefile from /home/user/nx679j-stock/experiments/refs/strace-7.2/src/scno.head syscallent.i; do not edit. */' > scno.h-t
cat /home/user/nx679j-stock/experiments/refs/strace-7.2/src/scno.head >> scno.h-t
LC_ALL=C sed -n '/TRACE_INDIRECT_SUBCALL/d; s/^\[[[:space:]]*\([[:digit:]][[:digit:]]*\([[:space:]]*+[[:space:]]*[[:digit:]][[:digit:]]*\)\?\)\][[:space:]]*=[[:space:]]*{[^,]*,[^,]*,[^,]*,[[:space:]]*"\([[:alnum:]_][[:alnum:]_]*\)"[[:space:]]*},.*/#ifndef __NR_\3\n# define __NR_\3 (SYSCALL_BIT | (\1))\n#endif/p' syscallent.i >> scno.h-t
mv scno.h-t scno.h
 cd .. && /bin/sh ./config.status tests/Makefile depfiles
config.status: creating tests/Makefile
config.status: executing depfiles commands
make[2]: Nothing to be done for 'all'.
make[2]: Leaving directory '/home/user/nx679j-stock/experiments/refs/strace-7.2-build-aarch64/tests'
make[2]: Entering directory '/home/user/nx679j-stock/experiments/refs/strace-7.2-build-aarch64'
make[2]: Nothing to be done for 'all-am'.
make[2]: Leaving directory '/home/user/nx679j-stock/experiments/refs/strace-7.2-build-aarch64'
make[1]: Leaving directory '/home/user/nx679j-stock/experiments/refs/strace-7.2-build-aarch64'
make: Leaving directory '/home/user/nx679j-stock/experiments/refs/strace-7.2-build-aarch64'
/home/user/nx679j-stock/experiments/refs/strace-static: ELF 64-bit LSB executable, ARM aarch64, version 1 (GNU/Linux), statically linked, BuildID[sha1]=821d1c360f75********************eb1a2dd4, for GNU/Linux 3.7.0, with debug_info, not stripped
4bb0bf8cad13a0c38d6f45010ab645df7b3a94f33200a16305643d713ad20cbc  /home/user/nx679j-stock/experiments/refs/strace-static
