tqftpserv: published 4096 versions 1..10
got del_client for 1:16400
got del_client for 1:16400
got del_client for 1:16400
got del_client for 1:16400
got del_client for 1:16400
got del_client for 1:16400
got del_client for 1:16400
got del_client for 1:16400
got del_client for 1:16400
got del_client for 1:16400
got del_client for 0:8
got del_client for 0:8
got del_client for 0:8
got del_client for 0:8
got del_client for 0:8
got del_client for 0:8
got del_client for 0:8
got del_client for 0:8
got del_client for 0:8
got del_client for 0:8
got del_client for 0:9
got del_client for 0:9
got del_client for 0:9
got del_client for 0:9
got del_client for 0:9
got del_client for 0:9
got del_client for 0:9
got del_client for 0:9
got del_client for 0:9
got del_client for 0:9
got del_client for 0:11
got del_client for 0:11
got del_client for 0:11
got del_client for 0:11
got del_client for 0:11
got del_client for 0:11
got del_client for 0:11
got del_client for 0:11
got del_client for 0:11
got del_client for 0:11
got del_client for 0:12
got del_client for 0:12
got del_client for 0:12
got del_client for 0:12
got del_client for 0:12
got del_client for 0:12
got del_client for 0:12
got del_client for 0:12
got del_client for 0:12
got del_client for 0:12
got del_client for 0:13
got del_client for 0:13
got del_client for 0:13
got del_client for 0:13
got del_client for 0:13
got del_client for 0:13
got del_client for 0:13
got del_client for 0:13
got del_client for 0:13
got del_client for 0:13
got del_client for 0:14
got del_client for 0:14
got del_client for 0:14
got del_client for 0:14
got del_client for 0:14
got del_client for 0:14
got del_client for 0:14
got del_client for 0:14
got del_client for 0:14
got del_client for 0:14
write request for /readwrite/server_check.txt (octet) from 0:29
got del_client for 1:16401
got del_client for 1:16401
got del_client for 1:16401
got del_client for 1:16401
got del_client for 1:16401
got del_client for 1:16401
got del_client for 1:16401
got del_client for 1:16401
got del_client for 1:16401
got del_client for 1:16401
got del_client for 0:29
got del_client for 0:29
got del_client for 0:29
got del_client for 0:29
got del_client for 0:29
got del_client for 0:29
got del_client for 0:29
got del_client for 0:29
got del_client for 0:29
got del_client for 0:29
read request for /readwrite/ota_firewall/ruleset (mode: octet, rsize: 0, seek: 0) from 0:30
tqftpserv: failed to open ota_firewall/ruleset: No such file or directory
unable to open /readwrite/ota_firewall/ruleset (2), reject
got del_client for 1:16402
got del_client for 1:16402
got del_client for 1:16402
got del_client for 1:16402
got del_client for 1:16402
got del_client for 1:16402
got del_client for 1:16402
got del_client for 1:16402
got del_client for 1:16402
got del_client for 1:16402
got del_client for 0:30
got del_client for 0:30
got del_client for 0:30
got del_client for 0:30
got del_client for 0:30
got del_client for 0:30
got del_client for 0:30
got del_client for 0:30
got del_client for 0:30
got del_client for 0:30
read request for /readwrite/ota_firewall/ruleset (mode: octet, rsize: 0, seek: 0) from 0:31
tqftpserv: failed to open ota_firewall/ruleset: No such file or directory
unable to open /readwrite/ota_firewall/ruleset (2), reject
got del_client for 1:16403
got del_client for 1:16403
got del_client for 1:16403
got del_client for 1:16403
got del_client for 1:16403
got del_client for 1:16403
got del_client for 1:16403
got del_client for 1:16403
got del_client for 1:16403
got del_client for 1:16403
got del_client for 0:31
got del_client for 0:31
got del_client for 0:31
got del_client for 0:31
got del_client for 0:31
got del_client for 0:31
got del_client for 0:31
got del_client for 0:31
got del_client for 0:31
got del_client for 0:31
read request for /readonly/firmware/image/modem_pr/so/848_0_0.mbn (mode: octet, rsize: 0, seek: 0) from 0:32
got del_client for 1:16404
got del_client for 1:16404
got del_client for 1:16404
got del_client for 1:16404
got del_client for 1:16404
got del_client for 1:16404
got del_client for 1:16404
got del_client for 1:16404
got del_client for 1:16404
got del_client for 1:16404
got del_client for 0:32
got del_client for 0:32
got del_client for 0:32
got del_client for 0:32
got del_client for 0:32
got del_client for 0:32
got del_client for 0:32
got del_client for 0:32
got del_client for 0:32
got del_client for 0:32
read request for /readonly/firmware/image/modem_pr/so/848_0_0.mbn (mode: octet, rsize: 52, seek: 0) from 0:33
Got ack for 0 from 0:33
Sending 56 bytes of DATA to 0:33
Sent block 1 of 56 to 0:33
Got ack for 1 from 0:33
got del_client for 1:16405
got del_client for 1:16405
got del_client for 1:16405
got del_client for 1:16405
got del_client for 1:16405
got del_client for 1:16405
got del_client for 1:16405
got del_client for 1:16405
got del_client for 1:16405
got del_client for 1:16405
got del_client for 0:33
got del_client for 0:33
got del_client for 0:33
got del_client for 0:33
got del_client for 0:33
got del_client for 0:33
got del_client for 0:33
got del_client for 0:33
got del_client for 0:33
got del_client for 0:33
read request for /readonly/firmware/image/modem_pr/so/848_0_0.mbn (mode: octet, rsize: 160, seek: 52) from 0:34
Got ack for 0 from 0:34
Sending 164 bytes of DATA to 0:34
Sent block 1 of 164 to 0:34
Got ack for 1 from 0:34
got del_client for 1:16406
got del_client for 1:16406
got del_client for 1:16406
got del_client for 1:16406
got del_client for 1:16406
got del_client for 1:16406
got del_client for 1:16406
got del_client for 1:16406
got del_client for 1:16406
got del_client for 1:16406
got del_client for 0:34
got del_client for 0:34
got del_client for 0:34
got del_client for 0:34
got del_client for 0:34
got del_client for 0:34
got del_client for 0:34
got del_client for 0:34
got del_client for 0:34
got del_client for 0:34
read request for /readonly/firmware/image/modem_pr/so/848_0_0.mbn (mode: octet, rsize: 3512, seek: 4096) from 0:35
Got ack for 0 from 0:35
Sending 3516 bytes of DATA to 0:35
Sent block 1 of 3516 to 0:35
Got ack for 1 from 0:35
got del_client for 1:16407
got del_client for 1:16407
got del_client for 1:16407
got del_client for 1:16407
got del_client for 1:16407
got del_client for 1:16407
got del_client for 1:16407
got del_client for 1:16407
got del_client for 1:16407
got del_client for 1:16407
got del_client for 0:35
got del_client for 0:35
got del_client for 0:35
got del_client for 0:35
got del_client for 0:35
got del_client for 0:35
got del_client for 0:35
got del_client for 0:35
got del_client for 0:35
got del_client for 0:35
read request for /readonly/firmware/image/modem_pr/so/848_0_0.mbn (mode: octet, rsize: 4096, seek: 0) from 0:36
Got ack for 0 from 0:36
Sending 4100 bytes of DATA to 0:36
Sent block 1 of 4100 to 0:36
Got ack for 1 from 0:36
read request for /readonly/firmware/image/modem_pr/so/848_0_0.mbn (mode: octet, rsize: 250361, seek: 8192) from 0:37
got del_client for 0:36
got del_client for 0:36
got del_client for 0:36
got del_client for 0:36
got del_client for 0:36
got del_client for 0:36
got del_client for 0:36
got del_client for 0:36
got del_client for 0:36
got del_client for 0:36
got del_client for 1:16408
got del_client for 1:16408
got del_client for 1:16408
got del_client for 1:16408
got del_client for 1:16408
got del_client for 1:16408
got del_client for 1:16408
got del_client for 1:16408
got del_client for 1:16408
got del_client for 1:16408
Got ack for 0 from 0:37
Sending 7684 bytes of DATA to 0:37
Sent block 1 of 7684 to 0:37
Sending 7684 bytes of DATA to 0:37
Sent block 2 of 7684 to 0:37
Sending 7684 bytes of DATA to 0:37
Sent block 3 of 7684 to 0:37
Sending 7684 bytes of DATA to 0:37
Sent block 4 of 7684 to 0:37
Sending 7684 bytes of DATA to 0:37
Sent block 5 of 7684 to 0:37
Sending 7684 bytes of DATA to 0:37
Sent block 6 of 7684 to 0:37
Sending 7684 bytes of DATA to 0:37
Sent block 7 of 7684 to 0:37
Sending 7684 bytes of DATA to 0:37
Sent block 8 of 7684 to 0:37
Sending 7684 bytes of DATA to 0:37
Sent block 9 of 7684 to 0:37
Sending 7684 bytes of DATA to 0:37
Sent block 10 of 7684 to 0:37
Got ack for 10 from 0:37
Sending 7684 bytes of DATA to 0:37
Sent block 11 of 7684 to 0:37
Sending 7684 bytes of DATA to 0:37
Sent block 12 of 7684 to 0:37
Sending 7684 bytes of DATA to 0:37
Sent block 13 of 7684 to 0:37
Sending 7684 bytes of DATA to 0:37
Sent block 14 of 7684 to 0:37
Sending 7684 bytes of DATA to 0:37
Sent block 15 of 7684 to 0:37
Sending 7684 bytes of DATA to 0:37
Sent block 16 of 7684 to 0:37
Sending 7684 bytes of DATA to 0:37
Sent block 17 of 7684 to 0:37
Sending 7684 bytes of DATA to 0:37
Sent block 18 of 7684 to 0:37
Sending 7684 bytes of DATA to 0:37
Sent block 19 of 7684 to 0:37
Sending 7684 bytes of DATA to 0:37
Sent block 20 of 7684 to 0:37
Got ack for 20 from 0:37
Sending 7684 bytes of DATA to 0:37
Sent block 21 of 7684 to 0:37
Sending 7684 bytes of DATA to 0:37
Sent block 22 of 7684 to 0:37
Sending 7684 bytes of DATA to 0:37
Sent block 23 of 7684 to 0:37
Sending 7684 bytes of DATA to 0:37
Sent block 24 of 7684 to 0:37
Sending 7684 bytes of DATA to 0:37
Sent block 25 of 7684 to 0:37
Sending 7684 bytes of DATA to 0:37
Sent block 26 of 7684 to 0:37
Sending 7684 bytes of DATA to 0:37
Sent block 27 of 7684 to 0:37
Sending 7684 bytes of DATA to 0:37
Sent block 28 of 7684 to 0:37
Sending 7684 bytes of DATA to 0:37
Sent block 29 of 7684 to 0:37
Sending 7684 bytes of DATA to 0:37
Sent block 30 of 7684 to 0:37
Got ack for 30 from 0:37
Sending 7684 bytes of DATA to 0:37
Sent block 31 of 7684 to 0:37
Sending 7684 bytes of DATA to 0:37
Sent block 32 of 7684 to 0:37
Sending 4605 bytes of DATA to 0:37
Sent block 33 of 4605 to 0:37
Got ack for 33 from 0:37
got del_client for 1:16409
got del_client for 1:16409
got del_client for 1:16409
got del_client for 1:16409
got del_client for 1:16409
got del_client for 1:16409
got del_client for 1:16409
got del_client for 1:16409
got del_client for 1:16409
got del_client for 1:16409
got del_client for 0:37
got del_client for 0:37
got del_client for 0:37
got del_client for 0:37
got del_client for 0:37
got del_client for 0:37
got del_client for 0:37
got del_client for 0:37
got del_client for 0:37
got del_client for 0:37
read request for /readonly/firmware/image/modem_pr/so/848_0_0.mbn (mode: octet, rsize: 213864, seek: 262144) from 0:39
Got ack for 0 from 0:39
Sending 7684 bytes of DATA to 0:39
Sent block 1 of 7684 to 0:39
Sending 7684 bytes of DATA to 0:39
Sent block 2 of 7684 to 0:39
Sending 7684 bytes of DATA to 0:39
Sent block 3 of 7684 to 0:39
Sending 7684 bytes of DATA to 0:39
Sent block 4 of 7684 to 0:39
Sending 7684 bytes of DATA to 0:39
Sent block 5 of 7684 to 0:39
Sending 7684 bytes of DATA to 0:39
Sent block 6 of 7684 to 0:39
Sending 7684 bytes of DATA to 0:39
Sent block 7 of 7684 to 0:39
Sending 7684 bytes of DATA to 0:39
Sent block 8 of 7684 to 0:39
Sending 7684 bytes of DATA to 0:39
Sent block 9 of 7684 to 0:39
Sending 7684 bytes of DATA to 0:39
Sent block 10 of 7684 to 0:39
Got ack for 10 from 0:39
Sending 7684 bytes of DATA to 0:39
Sent block 11 of 7684 to 0:39
Sending 7684 bytes of DATA to 0:39
Sent block 12 of 7684 to 0:39
Sending 7684 bytes of DATA to 0:39
Sent block 13 of 7684 to 0:39
Sending 7684 bytes of DATA to 0:39
Sent block 14 of 7684 to 0:39
Sending 7684 bytes of DATA to 0:39
Sent block 15 of 7684 to 0:39
Sending 7684 bytes of DATA to 0:39
Sent block 16 of 7684 to 0:39
Sending 7684 bytes of DATA to 0:39
Sent block 17 of 7684 to 0:39
Sending 7684 bytes of DATA to 0:39
Sent block 18 of 7684 to 0:39
Sending 7684 bytes of DATA to 0:39
Sent block 19 of 7684 to 0:39
Sending 7684 bytes of DATA to 0:39
Sent block 20 of 7684 to 0:39
Got ack for 20 from 0:39
Sending 7684 bytes of DATA to 0:39
Sent block 21 of 7684 to 0:39
Sending 7684 bytes of DATA to 0:39
Sent block 22 of 7684 to 0:39
Sending 7684 bytes of DATA to 0:39
Sent block 23 of 7684 to 0:39
Sending 7684 bytes of DATA to 0:39
Sent block 24 of 7684 to 0:39
Sending 7684 bytes of DATA to 0:39
Sent block 25 of 7684 to 0:39
Sending 7684 bytes of DATA to 0:39
Sent block 26 of 7684 to 0:39
Sending 7684 bytes of DATA to 0:39
Sent block 27 of 7684 to 0:39
Sending 6508 bytes of DATA to 0:39
Sent block 28 of 6508 to 0:39
Got ack for 28 from 0:39
got del_client for 0:39
got del_client for 0:39
got del_client for 0:39
got del_client for 0:39
got del_client for 0:39
got del_client for 0:39
got del_client for 0:39
got del_client for 0:39
got del_client for 0:39
got del_client for 0:39
got del_client for 1:16410
got del_client for 1:16410
got del_client for 1:16410
got del_client for 1:16410
got del_client for 1:16410
got del_client for 1:16410
got del_client for 1:16410
got del_client for 1:16410
got del_client for 1:16410
got del_client for 1:16410
got del_client for 1:16411
got del_client for 1:16411
got del_client for 1:16411
got del_client for 1:16411
got del_client for 1:16411
got del_client for 1:16411
got del_client for 1:16411
got del_client for 1:16411
got del_client for 1:16411
got del_client for 1:16411
got del_client for 1:16412
got del_client for 1:16412
got del_client for 1:16412
got del_client for 1:16412
got del_client for 1:16412
got del_client for 1:16412
got del_client for 1:16412
got del_client for 1:16412
got del_client for 1:16412
got del_client for 1:16412
got del_client for 1:16413
got del_client for 1:16413
got del_client for 1:16413
got del_client for 1:16413
got del_client for 1:16413
got del_client for 1:16413
got del_client for 1:16413
got del_client for 1:16413
got del_client for 1:16413
got del_client for 1:16413
read request for /readwrite/mcfg.tmp (mode: octet, rsize: 0, seek: 0) from 0:90
tqftpserv: failed to open mcfg.tmp: No such file or directory
unable to open /readwrite/mcfg.tmp (2), reject
got del_client for 1:16414
got del_client for 1:16414
got del_client for 1:16414
got del_client for 1:16414
got del_client for 1:16414
got del_client for 1:16414
got del_client for 1:16414
got del_client for 1:16414
got del_client for 1:16414
got del_client for 1:16414
got del_client for 0:90
got del_client for 0:90
got del_client for 0:90
got del_client for 0:90
got del_client for 0:90
got del_client for 0:90
got del_client for 0:90
got del_client for 0:90
got del_client for 0:90
got del_client for 0:90
write request for /readwrite/mcfg.tmp (octet) from 0:91
got del_client for 1:16415
got del_client for 1:16415
got del_client for 1:16415
got del_client for 1:16415
got del_client for 1:16415
got del_client for 1:16415
got del_client for 1:16415
got del_client for 1:16415
got del_client for 1:16415
got del_client for 1:16415
write request for /readwrite/mcfg.tmp (octet) from 0:92
got del_client for 0:91
got del_client for 0:91
got del_client for 0:91
got del_client for 0:91
got del_client for 0:91
got del_client for 0:91
got del_client for 0:91
got del_client for 0:91
got del_client for 0:91
got del_client for 0:91
got del_client for 1:16416
got del_client for 1:16416
got del_client for 1:16416
got del_client for 1:16416
got del_client for 1:16416
got del_client for 1:16416
got del_client for 1:16416
got del_client for 1:16416
got del_client for 1:16416
got del_client for 1:16416
got del_client for 0:92
got del_client for 0:92
got del_client for 0:92
got del_client for 0:92
got del_client for 0:92
got del_client for 0:92
got del_client for 0:92
got del_client for 0:92
got del_client for 0:92
got del_client for 0:92
read request for /readwrite/mcfg.tmp (mode: octet, rsize: 0, seek: 0) from 0:93
got del_client for 1:16417
got del_client for 1:16417
got del_client for 1:16417
got del_client for 1:16417
got del_client for 1:16417
got del_client for 1:16417
got del_client for 1:16417
got del_client for 1:16417
got del_client for 1:16417
got del_client for 1:16417
got del_client for 0:93
got del_client for 0:93
got del_client for 0:93
got del_client for 0:93
got del_client for 0:93
got del_client for 0:93
got del_client for 0:93
got del_client for 0:93
got del_client for 0:93
got del_client for 0:93
write request for /readwrite/mcfg.tmp (octet) from 0:94
Ignoring unknown option 'unlink' with value '0'
got del_client for 0:94
got del_client for 0:94
got del_client for 0:94
got del_client for 0:94
got del_client for 0:94
got del_client for 0:94
got del_client for 0:94
got del_client for 0:94
got del_client for 0:94
got del_client for 0:94
read request for /readonly/firmware/image/modem_pr/mcfg/configs/mcfg_hw/mbn_hw.dig (mode: octet, rsize: 0, seek: 0) from 0:95
got del_client for 1:16419
got del_client for 1:16419
got del_client for 1:16419
got del_client for 1:16419
got del_client for 1:16419
got del_client for 1:16419
got del_client for 1:16419
got del_client for 1:16419
got del_client for 1:16419
got del_client for 1:16419
got del_client for 0:95
got del_client for 0:95
got del_client for 0:95
got del_client for 0:95
got del_client for 0:95
got del_client for 0:95
got del_client for 0:95
got del_client for 0:95
got del_client for 0:95
got del_client for 0:95
read request for /readonly/firmware/image/modem_pr/mcfg/configs/mcfg_hw/mbn_hw.dig (mode: octet, rsize: 32, seek: 0) from 0:96
Got ack for 0 from 0:96
Sending 36 bytes of DATA to 0:96
Sent block 1 of 36 to 0:96
Got ack for 1 from 0:96
got del_client for 1:16420
got del_client for 1:16420
got del_client for 1:16420
got del_client for 1:16420
got del_client for 1:16420
got del_client for 1:16420
got del_client for 1:16420
got del_client for 1:16420
got del_client for 1:16420
got del_client for 1:16420
got del_client for 0:96
got del_client for 0:96
got del_client for 0:96
got del_client for 0:96
got del_client for 0:96
got del_client for 0:96
got del_client for 0:96
got del_client for 0:96
got del_client for 0:96
got del_client for 0:96
read request for /readonly/firmware/image/modem_pr/mcfg/configs/mcfg_sw/mbn_sw.dig (mode: octet, rsize: 0, seek: 0) from 0:97
got del_client for 1:16421
got del_client for 1:16421
got del_client for 1:16421
got del_client for 1:16421
got del_client for 1:16421
got del_client for 1:16421
got del_client for 1:16421
got del_client for 1:16421
got del_client for 1:16421
got del_client for 1:16421
got del_client for 0:97
got del_client for 0:97
got del_client for 0:97
got del_client for 0:97
got del_client for 0:97
got del_client for 0:97
got del_client for 0:97
got del_client for 0:97
got del_client for 0:97
got del_client for 0:97
read request for /readonly/firmware/image/modem_pr/mcfg/configs/mcfg_sw/mbn_sw.dig (mode: octet, rsize: 32, seek: 0) from 0:98
Got ack for 0 from 0:98
Sending 36 bytes of DATA to 0:98
Sent block 1 of 36 to 0:98
Got ack for 1 from 0:98
got del_client for 1:16422
got del_client for 1:16422
got del_client for 1:16422
got del_client for 1:16422
got del_client for 1:16422
got del_client for 1:16422
got del_client for 1:16422
got del_client for 1:16422
got del_client for 1:16422
got del_client for 1:16422
got del_client for 0:98
got del_client for 0:98
got del_client for 0:98
got del_client for 0:98
got del_client for 0:98
got del_client for 0:98
got del_client for 0:98
got del_client for 0:98
got del_client for 0:98
got del_client for 0:98
got del_client for 1:16423
got del_client for 1:16423
got del_client for 1:16423
got del_client for 1:16423
got del_client for 1:16423
got del_client for 1:16423
got del_client for 1:16423
got del_client for 1:16423
got del_client for 1:16423
got del_client for 1:16423
got del_client for 1:16424
got del_client for 1:16424
got del_client for 1:16424
got del_client for 1:16424
got del_client for 1:16424
got del_client for 1:16424
got del_client for 1:16424
got del_client for 1:16424
got del_client for 1:16424
got del_client for 1:16424
got del_client for 1:16425
got del_client for 1:16425
got del_client for 1:16425
got del_client for 1:16425
got del_client for 1:16425
got del_client for 1:16425
got del_client for 1:16425
got del_client for 1:16425
got del_client for 1:16425
got del_client for 1:16425
got del_client for 1:16426
got del_client for 1:16426
got del_client for 1:16426
got del_client for 1:16426
got del_client for 1:16426
got del_client for 1:16426
got del_client for 1:16426
got del_client for 1:16426
got del_client for 1:16426
got del_client for 1:16426
got del_client for 1:16427
got del_client for 1:16427
got del_client for 1:16427
got del_client for 1:16427
got del_client for 1:16427
got del_client for 1:16427
got del_client for 1:16427
got del_client for 1:16427
got del_client for 1:16427
got del_client for 1:16427
got del_client for 1:16428
got del_client for 1:16428
got del_client for 1:16428
got del_client for 1:16428
got del_client for 1:16428
got del_client for 1:16428
got del_client for 1:16428
got del_client for 1:16428
got del_client for 1:16428
got del_client for 1:16428
got del_client for 1:16429
got del_client for 1:16429
got del_client for 1:16429
got del_client for 1:16429
got del_client for 1:16429
got del_client for 1:16429
got del_client for 1:16429
got del_client for 1:16429
got del_client for 1:16429
got del_client for 1:16429
got del_client for 1:16430
got del_client for 1:16430
got del_client for 1:16430
got del_client for 1:16430
got del_client for 1:16430
got del_client for 1:16430
got del_client for 1:16430
got del_client for 1:16430
got del_client for 1:16430
got del_client for 1:16430
got del_client for 1:16431
got del_client for 1:16431
got del_client for 1:16431
got del_client for 1:16431
got del_client for 1:16431
got del_client for 1:16431
got del_client for 1:16431
got del_client for 1:16431
got del_client for 1:16431
got del_client for 1:16431
got del_client for 1:16432
got del_client for 1:16432
got del_client for 1:16432
got del_client for 1:16432
got del_client for 1:16432
got del_client for 1:16432
got del_client for 1:16432
got del_client for 1:16432
got del_client for 1:16432
got del_client for 1:16432
got del_client for 1:16433
got del_client for 1:16433
got del_client for 1:16433
got del_client for 1:16433
got del_client for 1:16433
got del_client for 1:16433
got del_client for 1:16433
got del_client for 1:16433
got del_client for 1:16433
got del_client for 1:16433
got del_client for 1:16434
got del_client for 1:16434
got del_client for 1:16434
got del_client for 1:16434
got del_client for 1:16434
got del_client for 1:16434
got del_client for 1:16434
got del_client for 1:16434
got del_client for 1:16434
got del_client for 1:16434
got del_client for 1:16435
got del_client for 1:16435
got del_client for 1:16435
got del_client for 1:16435
got del_client for 1:16435
got del_client for 1:16435
got del_client for 1:16435
got del_client for 1:16435
got del_client for 1:16435
got del_client for 1:16435
got del_client for 1:16436
got del_client for 1:16436
got del_client for 1:16436
got del_client for 1:16436
got del_client for 1:16436
got del_client for 1:16436
got del_client for 1:16436
got del_client for 1:16436
got del_client for 1:16436
got del_client for 1:16436
got del_client for 1:16437
got del_client for 1:16437
got del_client for 1:16437
got del_client for 1:16437
got del_client for 1:16437
got del_client for 1:16437
got del_client for 1:16437
got del_client for 1:16437
got del_client for 1:16437
got del_client for 1:16437
got del_client for 1:16438
got del_client for 1:16438
got del_client for 1:16438
got del_client for 1:16438
got del_client for 1:16438
got del_client for 1:16438
got del_client for 1:16438
got del_client for 1:16438
got del_client for 1:16438
got del_client for 1:16438
got del_client for 1:16439
got del_client for 1:16439
got del_client for 1:16439
got del_client for 1:16439
got del_client for 1:16439
got del_client for 1:16439
got del_client for 1:16439
got del_client for 1:16439
got del_client for 1:16439
got del_client for 1:16439
got del_client for 1:16440
got del_client for 1:16440
got del_client for 1:16440
got del_client for 1:16440
got del_client for 1:16440
got del_client for 1:16440
got del_client for 1:16440
got del_client for 1:16440
got del_client for 1:16440
got del_client for 1:16440
got del_client for 1:16441
got del_client for 1:16441
got del_client for 1:16441
got del_client for 1:16441
got del_client for 1:16441
got del_client for 1:16441
got del_client for 1:16441
got del_client for 1:16441
got del_client for 1:16441
got del_client for 1:16441
got del_client for 1:16442
got del_client for 1:16442
got del_client for 1:16442
got del_client for 1:16442
got del_client for 1:16442
got del_client for 1:16442
got del_client for 1:16442
got del_client for 1:16442
got del_client for 1:16442
got del_client for 1:16442
got del_client for 1:16443
got del_client for 1:16443
got del_client for 1:16443
got del_client for 1:16443
got del_client for 1:16443
got del_client for 1:16443
got del_client for 1:16443
got del_client for 1:16443
got del_client for 1:16443
got del_client for 1:16443
got del_client for 1:16444
got del_client for 1:16444
got del_client for 1:16444
got del_client for 1:16444
got del_client for 1:16444
got del_client for 1:16444
got del_client for 1:16444
got del_client for 1:16444
got del_client for 1:16444
got del_client for 1:16444
got del_client for 1:16445
got del_client for 1:16445
got del_client for 1:16445
got del_client for 1:16445
got del_client for 1:16445
got del_client for 1:16445
got del_client for 1:16445
got del_client for 1:16445
got del_client for 1:16445
got del_client for 1:16445
got del_client for 1:16446
got del_client for 1:16446
got del_client for 1:16446
got del_client for 1:16446
got del_client for 1:16446
got del_client for 1:16446
got del_client for 1:16446
got del_client for 1:16446
got del_client for 1:16446
got del_client for 1:16446
got del_client for 0:89
got del_client for 0:89
got del_client for 0:89
got del_client for 0:89
got del_client for 0:89
got del_client for 0:89
got del_client for 0:89
got del_client for 0:89
got del_client for 0:89
got del_client for 0:89
got del_client for 0:52
got del_client for 0:52
got del_client for 0:52
got del_client for 0:52
got del_client for 0:52
got del_client for 0:52
got del_client for 0:52
got del_client for 0:52
got del_client for 0:52
got del_client for 0:52
got del_client for 1:16447
got del_client for 1:16447
got del_client for 1:16447
got del_client for 1:16447
got del_client for 1:16447
got del_client for 1:16447
got del_client for 1:16447
got del_client for 1:16447
got del_client for 1:16447
got del_client for 1:16447
got del_client for 0:100
got del_client for 0:100
got del_client for 0:100
got del_client for 0:100
got del_client for 0:100
got del_client for 0:100
got del_client for 0:100
got del_client for 0:100
got del_client for 0:100
got del_client for 0:100
got bye for 0
got bye for 0
got bye for 0
got bye for 0
got bye for 0
got bye for 0
got bye for 0
got bye for 0
got bye for 0
got bye for 0
got del_client for 0:8
got del_client for 0:8
got del_client for 0:8
got del_client for 0:8
got del_client for 0:8
got del_client for 0:8
got del_client for 0:8
got del_client for 0:8
got del_client for 0:8
got del_client for 0:8
got del_client for 0:9
got del_client for 0:9
got del_client for 0:9
got del_client for 0:9
got del_client for 0:9
got del_client for 0:9
got del_client for 0:9
got del_client for 0:9
got del_client for 0:9
got del_client for 0:9
got del_client for 0:11
got del_client for 0:11
got del_client for 0:11
got del_client for 0:11
got del_client for 0:11
got del_client for 0:11
got del_client for 0:11
got del_client for 0:11
got del_client for 0:11
got del_client for 0:11
got del_client for 0:12
got del_client for 0:12
got del_client for 0:12
got del_client for 0:12
got del_client for 0:12
got del_client for 0:12
got del_client for 0:12
got del_client for 0:12
got del_client for 0:12
got del_client for 0:12
got del_client for 0:13
got del_client for 0:13
got del_client for 0:13
got del_client for 0:13
got del_client for 0:13
got del_client for 0:13
got del_client for 0:13
got del_client for 0:13
got del_client for 0:13
got del_client for 0:13
got del_client for 0:14
got del_client for 0:14
got del_client for 0:14
got del_client for 0:14
got del_client for 0:14
got del_client for 0:14
got del_client for 0:14
got del_client for 0:14
got del_client for 0:14
got del_client for 0:14
write request for /readwrite/server_check.txt (octet) from 0:29
got del_client for 1:16448
got del_client for 1:16448
got del_client for 1:16448
got del_client for 1:16448
got del_client for 1:16448
got del_client for 1:16448
got del_client for 1:16448
got del_client for 1:16448
got del_client for 1:16448
got del_client for 1:16448
got del_client for 0:29
got del_client for 0:29
got del_client for 0:29
got del_client for 0:29
got del_client for 0:29
got del_client for 0:29
got del_client for 0:29
got del_client for 0:29
got del_client for 0:29
got del_client for 0:29
read request for /readwrite/ota_firewall/ruleset (mode: octet, rsize: 0, seek: 0) from 0:30
tqftpserv: failed to open ota_firewall/ruleset: No such file or directory
unable to open /readwrite/ota_firewall/ruleset (2), reject
got del_client for 1:16449
got del_client for 1:16449
got del_client for 1:16449
got del_client for 1:16449
got del_client for 1:16449
got del_client for 1:16449
got del_client for 1:16449
got del_client for 1:16449
got del_client for 1:16449
got del_client for 1:16449
got del_client for 0:30
got del_client for 0:30
got del_client for 0:30
got del_client for 0:30
got del_client for 0:30
got del_client for 0:30
got del_client for 0:30
got del_client for 0:30
got del_client for 0:30
got del_client for 0:30
read request for /readwrite/ota_firewall/ruleset (mode: octet, rsize: 0, seek: 0) from 0:31
tqftpserv: failed to open ota_firewall/ruleset: No such file or directory
unable to open /readwrite/ota_firewall/ruleset (2), reject
got del_client for 1:16450
got del_client for 1:16450
got del_client for 1:16450
got del_client for 1:16450
got del_client for 1:16450
got del_client for 1:16450
got del_client for 1:16450
got del_client for 1:16450
got del_client for 1:16450
got del_client for 1:16450
got del_client for 0:31
got del_client for 0:31
got del_client for 0:31
got del_client for 0:31
got del_client for 0:31
got del_client for 0:31
got del_client for 0:31
got del_client for 0:31
got del_client for 0:31
got del_client for 0:31
read request for /readonly/firmware/image/modem_pr/so/848_0_0.mbn (mode: octet, rsize: 0, seek: 0) from 0:32
got del_client for 1:16451
got del_client for 1:16451
got del_client for 1:16451
got del_client for 1:16451
got del_client for 1:16451
got del_client for 1:16451
got del_client for 1:16451
got del_client for 1:16451
got del_client for 1:16451
got del_client for 1:16451
got del_client for 0:32
got del_client for 0:32
got del_client for 0:32
got del_client for 0:32
got del_client for 0:32
got del_client for 0:32
got del_client for 0:32
got del_client for 0:32
got del_client for 0:32
got del_client for 0:32
read request for /readonly/firmware/image/modem_pr/so/848_0_0.mbn (mode: octet, rsize: 52, seek: 0) from 0:33
Got ack for 0 from 0:33
Sending 56 bytes of DATA to 0:33
Sent block 1 of 56 to 0:33
Got ack for 1 from 0:33
got del_client for 1:16452
got del_client for 1:16452
got del_client for 1:16452
got del_client for 1:16452
got del_client for 1:16452
got del_client for 1:16452
got del_client for 1:16452
got del_client for 1:16452
got del_client for 1:16452
got del_client for 1:16452
got del_client for 0:33
got del_client for 0:33
got del_client for 0:33
got del_client for 0:33
got del_client for 0:33
got del_client for 0:33
got del_client for 0:33
got del_client for 0:33
got del_client for 0:33
got del_client for 0:33
read request for /readonly/firmware/image/modem_pr/so/848_0_0.mbn (mode: octet, rsize: 160, seek: 52) from 0:34
Got ack for 0 from 0:34
Sending 164 bytes of DATA to 0:34
Sent block 1 of 164 to 0:34
Got ack for 1 from 0:34
got del_client for 1:16453
got del_client for 1:16453
got del_client for 1:16453
got del_client for 1:16453
got del_client for 1:16453
got del_client for 1:16453
got del_client for 1:16453
got del_client for 1:16453
got del_client for 1:16453
got del_client for 1:16453
got del_client for 0:34
got del_client for 0:34
got del_client for 0:34
got del_client for 0:34
got del_client for 0:34
got del_client for 0:34
got del_client for 0:34
got del_client for 0:34
got del_client for 0:34
got del_client for 0:34
read request for /readonly/firmware/image/modem_pr/so/848_0_0.mbn (mode: octet, rsize: 3512, seek: 4096) from 0:35
Got ack for 0 from 0:35
Sending 3516 bytes of DATA to 0:35
Sent block 1 of 3516 to 0:35
Got ack for 1 from 0:35
got del_client for 1:16454
got del_client for 1:16454
got del_client for 1:16454
got del_client for 1:16454
got del_client for 1:16454
got del_client for 1:16454
got del_client for 1:16454
got del_client for 1:16454
got del_client for 1:16454
got del_client for 1:16454
got del_client for 0:35
got del_client for 0:35
got del_client for 0:35
got del_client for 0:35
got del_client for 0:35
got del_client for 0:35
got del_client for 0:35
got del_client for 0:35
got del_client for 0:35
got del_client for 0:35
read request for /readonly/firmware/image/modem_pr/so/848_0_0.mbn (mode: octet, rsize: 4096, seek: 0) from 0:37
Got ack for 0 from 0:37
Sending 4100 bytes of DATA to 0:37
Sent block 1 of 4100 to 0:37
Got ack for 1 from 0:37
read request for /readonly/firmware/image/modem_pr/so/848_0_0.mbn (mode: octet, rsize: 250361, seek: 8192) from 0:38
got del_client for 0:37
got del_client for 0:37
got del_client for 0:37
got del_client for 0:37
got del_client for 0:37
got del_client for 0:37
got del_client for 0:37
got del_client for 0:37
got del_client for 0:37
got del_client for 0:37
got del_client for 1:16455
got del_client for 1:16455
got del_client for 1:16455
got del_client for 1:16455
got del_client for 1:16455
got del_client for 1:16455
got del_client for 1:16455
got del_client for 1:16455
got del_client for 1:16455
got del_client for 1:16455
Got ack for 0 from 0:38
Sending 7684 bytes of DATA to 0:38
Sent block 1 of 7684 to 0:38
Sending 7684 bytes of DATA to 0:38
Sent block 2 of 7684 to 0:38
Sending 7684 bytes of DATA to 0:38
Sent block 3 of 7684 to 0:38
Sending 7684 bytes of DATA to 0:38
Sent block 4 of 7684 to 0:38
Sending 7684 bytes of DATA to 0:38
Sent block 5 of 7684 to 0:38
Sending 7684 bytes of DATA to 0:38
Sent block 6 of 7684 to 0:38
Sending 7684 bytes of DATA to 0:38
Sent block 7 of 7684 to 0:38
Sending 7684 bytes of DATA to 0:38
Sent block 8 of 7684 to 0:38
Sending 7684 bytes of DATA to 0:38
Sent block 9 of 7684 to 0:38
Sending 7684 bytes of DATA to 0:38
Sent block 10 of 7684 to 0:38
Got ack for 10 from 0:38
Sending 7684 bytes of DATA to 0:38
Sent block 11 of 7684 to 0:38
Sending 7684 bytes of DATA to 0:38
Sent block 12 of 7684 to 0:38
Sending 7684 bytes of DATA to 0:38
Sent block 13 of 7684 to 0:38
Sending 7684 bytes of DATA to 0:38
Sent block 14 of 7684 to 0:38
Sending 7684 bytes of DATA to 0:38
Sent block 15 of 7684 to 0:38
Sending 7684 bytes of DATA to 0:38
Sent block 16 of 7684 to 0:38
Sending 7684 bytes of DATA to 0:38
Sent block 17 of 7684 to 0:38
Sending 7684 bytes of DATA to 0:38
Sent block 18 of 7684 to 0:38
Sending 7684 bytes of DATA to 0:38
Sent block 19 of 7684 to 0:38
Sending 7684 bytes of DATA to 0:38
Sent block 20 of 7684 to 0:38
Got ack for 20 from 0:38
Sending 7684 bytes of DATA to 0:38
Sent block 21 of 7684 to 0:38
Sending 7684 bytes of DATA to 0:38
Sent block 22 of 7684 to 0:38
Sending 7684 bytes of DATA to 0:38
Sent block 23 of 7684 to 0:38
Sending 7684 bytes of DATA to 0:38
Sent block 24 of 7684 to 0:38
Sending 7684 bytes of DATA to 0:38
Sent block 25 of 7684 to 0:38
Sending 7684 bytes of DATA to 0:38
Sent block 26 of 7684 to 0:38
Sending 7684 bytes of DATA to 0:38
Sent block 27 of 7684 to 0:38
Sending 7684 bytes of DATA to 0:38
Sent block 28 of 7684 to 0:38
Sending 7684 bytes of DATA to 0:38
Sent block 29 of 7684 to 0:38
Sending 7684 bytes of DATA to 0:38
Sent block 30 of 7684 to 0:38
Got ack for 30 from 0:38
Sending 7684 bytes of DATA to 0:38
Sent block 31 of 7684 to 0:38
Sending 7684 bytes of DATA to 0:38
Sent block 32 of 7684 to 0:38
Sending 4605 bytes of DATA to 0:38
Sent block 33 of 4605 to 0:38
Got ack for 33 from 0:38
got del_client for 1:16456
got del_client for 1:16456
got del_client for 1:16456
got del_client for 1:16456
got del_client for 1:16456
got del_client for 1:16456
got del_client for 1:16456
got del_client for 1:16456
got del_client for 1:16456
got del_client for 1:16456
got del_client for 0:38
got del_client for 0:38
got del_client for 0:38
got del_client for 0:38
got del_client for 0:38
got del_client for 0:38
got del_client for 0:38
got del_client for 0:38
got del_client for 0:38
got del_client for 0:38
read request for /readonly/firmware/image/modem_pr/so/848_0_0.mbn (mode: octet, rsize: 213864, seek: 262144) from 0:41
Got ack for 0 from 0:41
Sending 7684 bytes of DATA to 0:41
Sent block 1 of 7684 to 0:41
Sending 7684 bytes of DATA to 0:41
Sent block 2 of 7684 to 0:41
Sending 7684 bytes of DATA to 0:41
Sent block 3 of 7684 to 0:41
Sending 7684 bytes of DATA to 0:41
Sent block 4 of 7684 to 0:41
Sending 7684 bytes of DATA to 0:41
Sent block 5 of 7684 to 0:41
Sending 7684 bytes of DATA to 0:41
Sent block 6 of 7684 to 0:41
Sending 7684 bytes of DATA to 0:41
Sent block 7 of 7684 to 0:41
Sending 7684 bytes of DATA to 0:41
Sent block 8 of 7684 to 0:41
Sending 7684 bytes of DATA to 0:41
Sent block 9 of 7684 to 0:41
Sending 7684 bytes of DATA to 0:41
Sent block 10 of 7684 to 0:41
Got ack for 10 from 0:41
Sending 7684 bytes of DATA to 0:41
Sent block 11 of 7684 to 0:41
Sending 7684 bytes of DATA to 0:41
Sent block 12 of 7684 to 0:41
Sending 7684 bytes of DATA to 0:41
Sent block 13 of 7684 to 0:41
Sending 7684 bytes of DATA to 0:41
Sent block 14 of 7684 to 0:41
Sending 7684 bytes of DATA to 0:41
Sent block 15 of 7684 to 0:41
Sending 7684 bytes of DATA to 0:41
Sent block 16 of 7684 to 0:41
Sending 7684 bytes of DATA to 0:41
Sent block 17 of 7684 to 0:41
Sending 7684 bytes of DATA to 0:41
Sent block 18 of 7684 to 0:41
Sending 7684 bytes of DATA to 0:41
Sent block 19 of 7684 to 0:41
Sending 7684 bytes of DATA to 0:41
Sent block 20 of 7684 to 0:41
Got ack for 20 from 0:41
Sending 7684 bytes of DATA to 0:41
Sent block 21 of 7684 to 0:41
Sending 7684 bytes of DATA to 0:41
Sent block 22 of 7684 to 0:41
Sending 7684 bytes of DATA to 0:41
Sent block 23 of 7684 to 0:41
Sending 7684 bytes of DATA to 0:41
Sent block 24 of 7684 to 0:41
Sending 7684 bytes of DATA to 0:41
Sent block 25 of 7684 to 0:41
Sending 7684 bytes of DATA to 0:41
Sent block 26 of 7684 to 0:41
Sending 7684 bytes of DATA to 0:41
Sent block 27 of 7684 to 0:41
Sending 6508 bytes of DATA to 0:41
Sent block 28 of 6508 to 0:41
Got ack for 28 from 0:41
got del_client for 1:16457
got del_client for 1:16457
got del_client for 1:16457
got del_client for 1:16457
got del_client for 1:16457
got del_client for 1:16457
got del_client for 1:16457
got del_client for 1:16457
got del_client for 1:16457
got del_client for 1:16457
got del_client for 0:41
got del_client for 0:41
got del_client for 0:41
got del_client for 0:41
got del_client for 0:41
got del_client for 0:41
got del_client for 0:41
got del_client for 0:41
got del_client for 0:41
got del_client for 0:41
got del_client for 1:16458
got del_client for 1:16458
got del_client for 1:16458
got del_client for 1:16458
got del_client for 1:16458
got del_client for 1:16458
got del_client for 1:16458
got del_client for 1:16458
got del_client for 1:16458
got del_client for 1:16458
got del_client for 1:16459
got del_client for 1:16459
got del_client for 1:16459
got del_client for 1:16459
got del_client for 1:16459
got del_client for 1:16459
got del_client for 1:16459
got del_client for 1:16459
got del_client for 1:16459
got del_client for 1:16459
got del_client for 1:16460
got del_client for 1:16460
got del_client for 1:16460
got del_client for 1:16460
got del_client for 1:16460
got del_client for 1:16460
got del_client for 1:16460
got del_client for 1:16460
got del_client for 1:16460
got del_client for 1:16460
got del_client for 1:16461
got del_client for 1:16461
got del_client for 1:16461
got del_client for 1:16461
got del_client for 1:16461
got del_client for 1:16461
got del_client for 1:16461
got del_client for 1:16461
got del_client for 1:16461
got del_client for 1:16461
read request for /readwrite/mcfg.tmp (mode: octet, rsize: 0, seek: 0) from 0:90
got del_client for 1:16462
got del_client for 1:16462
got del_client for 1:16462
got del_client for 1:16462
got del_client for 1:16462
got del_client for 1:16462
got del_client for 1:16462
got del_client for 1:16462
got del_client for 1:16462
got del_client for 1:16462
got del_client for 0:90
got del_client for 0:90
got del_client for 0:90
got del_client for 0:90
got del_client for 0:90
got del_client for 0:90
got del_client for 0:90
got del_client for 0:90
got del_client for 0:90
got del_client for 0:90
write request for /readwrite/mcfg.tmp (octet) from 0:91
got del_client for 1:16463
got del_client for 1:16463
got del_client for 1:16463
got del_client for 1:16463
got del_client for 1:16463
got del_client for 1:16463
got del_client for 1:16463
got del_client for 1:16463
got del_client for 1:16463
got del_client for 1:16463
got del_client for 0:91
got del_client for 0:91
got del_client for 0:91
got del_client for 0:91
got del_client for 0:91
got del_client for 0:91
got del_client for 0:91
got del_client for 0:91
got del_client for 0:91
got del_client for 0:91
read request for /readwrite/mcfg.tmp (mode: octet, rsize: 0, seek: 0) from 0:92
got del_client for 1:16464
got del_client for 1:16464
got del_client for 1:16464
got del_client for 1:16464
got del_client for 1:16464
got del_client for 1:16464
got del_client for 1:16464
got del_client for 1:16464
got del_client for 1:16464
got del_client for 1:16464
got del_client for 0:92
got del_client for 0:92
got del_client for 0:92
got del_client for 0:92
got del_client for 0:92
got del_client for 0:92
got del_client for 0:92
got del_client for 0:92
got del_client for 0:92
got del_client for 0:92
write request for /readwrite/mcfg.tmp (octet) from 0:93
Ignoring unknown option 'unlink' with value '0'
got del_client for 0:93
got del_client for 0:93
got del_client for 0:93
got del_client for 0:93
got del_client for 0:93
got del_client for 0:93
got del_client for 0:93
got del_client for 0:93
got del_client for 0:93
got del_client for 0:93
read request for /readonly/firmware/image/modem_pr/mcfg/configs/mcfg_hw/mbn_hw.dig (mode: octet, rsize: 0, seek: 0) from 0:94
got del_client for 1:16466
got del_client for 1:16466
got del_client for 1:16466
got del_client for 1:16466
got del_client for 1:16466
got del_client for 1:16466
got del_client for 1:16466
got del_client for 1:16466
got del_client for 1:16466
got del_client for 1:16466
got del_client for 0:94
got del_client for 0:94
got del_client for 0:94
got del_client for 0:94
got del_client for 0:94
got del_client for 0:94
got del_client for 0:94
got del_client for 0:94
got del_client for 0:94
got del_client for 0:94
read request for /readonly/firmware/image/modem_pr/mcfg/configs/mcfg_hw/mbn_hw.dig (mode: octet, rsize: 32, seek: 0) from 0:95
Got ack for 0 from 0:95
Sending 36 bytes of DATA to 0:95
Sent block 1 of 36 to 0:95
Got ack for 1 from 0:95
got del_client for 1:16467
got del_client for 1:16467
got del_client for 1:16467
got del_client for 1:16467
got del_client for 1:16467
got del_client for 1:16467
got del_client for 1:16467
got del_client for 1:16467
got del_client for 1:16467
got del_client for 1:16467
got del_client for 0:95
got del_client for 0:95
got del_client for 0:95
got del_client for 0:95
got del_client for 0:95
got del_client for 0:95
got del_client for 0:95
got del_client for 0:95
got del_client for 0:95
got del_client for 0:95
read request for /readonly/firmware/image/modem_pr/mcfg/configs/mcfg_sw/mbn_sw.dig (mode: octet, rsize: 0, seek: 0) from 0:96
got del_client for 1:16468
got del_client for 1:16468
got del_client for 1:16468
got del_client for 1:16468
got del_client for 1:16468
got del_client for 1:16468
got del_client for 1:16468
got del_client for 1:16468
got del_client for 1:16468
got del_client for 1:16468
got del_client for 0:96
got del_client for 0:96
got del_client for 0:96
got del_client for 0:96
got del_client for 0:96
got del_client for 0:96
got del_client for 0:96
got del_client for 0:96
got del_client for 0:96
got del_client for 0:96
read request for /readonly/firmware/image/modem_pr/mcfg/configs/mcfg_sw/mbn_sw.dig (mode: octet, rsize: 32, seek: 0) from 0:97
Got ack for 0 from 0:97
Sending 36 bytes of DATA to 0:97
Sent block 1 of 36 to 0:97
Got ack for 1 from 0:97
got del_client for 1:16469
got del_client for 1:16469
got del_client for 1:16469
got del_client for 1:16469
got del_client for 1:16469
got del_client for 1:16469
got del_client for 1:16469
got del_client for 1:16469
got del_client for 1:16469
got del_client for 1:16469
got del_client for 0:97
got del_client for 0:97
got del_client for 0:97
got del_client for 0:97
got del_client for 0:97
got del_client for 0:97
got del_client for 0:97
got del_client for 0:97
got del_client for 0:97
got del_client for 0:97
got del_client for 1:16470
got del_client for 1:16470
got del_client for 1:16470
got del_client for 1:16470
got del_client for 1:16470
got del_client for 1:16470
got del_client for 1:16470
got del_client for 1:16470
got del_client for 1:16470
got del_client for 1:16470
got del_client for 1:16471
got del_client for 1:16471
got del_client for 1:16471
got del_client for 1:16471
got del_client for 1:16471
got del_client for 1:16471
got del_client for 1:16471
got del_client for 1:16471
got del_client for 1:16471
got del_client for 1:16471
got del_client for 1:16472
got del_client for 1:16472
got del_client for 1:16472
got del_client for 1:16472
got del_client for 1:16472
got del_client for 1:16472
got del_client for 1:16472
got del_client for 1:16472
got del_client for 1:16472
got del_client for 1:16472
got del_client for 1:16473
got del_client for 1:16473
got del_client for 1:16473
got del_client for 1:16473
got del_client for 1:16473
got del_client for 1:16473
got del_client for 1:16473
got del_client for 1:16473
got del_client for 1:16473
got del_client for 1:16473
got del_client for 1:16474
got del_client for 1:16474
got del_client for 1:16474
got del_client for 1:16474
got del_client for 1:16474
got del_client for 1:16474
got del_client for 1:16474
got del_client for 1:16474
got del_client for 1:16474
got del_client for 1:16474
got del_client for 1:16475
got del_client for 1:16475
got del_client for 1:16475
got del_client for 1:16475
got del_client for 1:16475
got del_client for 1:16475
got del_client for 1:16475
got del_client for 1:16475
got del_client for 1:16475
got del_client for 1:16475
got del_client for 1:16476
got del_client for 1:16476
got del_client for 1:16476
got del_client for 1:16476
got del_client for 1:16476
got del_client for 1:16476
got del_client for 1:16476
got del_client for 1:16476
got del_client for 1:16476
got del_client for 1:16476
got del_client for 1:16477
got del_client for 1:16477
got del_client for 1:16477
got del_client for 1:16477
got del_client for 1:16477
got del_client for 1:16477
got del_client for 1:16477
got del_client for 1:16477
got del_client for 1:16477
got del_client for 1:16477
got del_client for 1:16478
got del_client for 1:16478
got del_client for 1:16478
got del_client for 1:16478
got del_client for 1:16478
got del_client for 1:16478
got del_client for 1:16478
got del_client for 1:16478
got del_client for 1:16478
got del_client for 1:16478
got del_client for 1:16479
got del_client for 1:16479
got del_client for 1:16479
got del_client for 1:16479
got del_client for 1:16479
got del_client for 1:16479
got del_client for 1:16479
got del_client for 1:16479
got del_client for 1:16479
got del_client for 1:16479
got del_client for 1:16480
got del_client for 1:16480
got del_client for 1:16480
got del_client for 1:16480
got del_client for 1:16480
got del_client for 1:16480
got del_client for 1:16480
got del_client for 1:16480
got del_client for 1:16480
got del_client for 1:16480
got del_client for 1:16481
got del_client for 1:16481
got del_client for 1:16481
got del_client for 1:16481
got del_client for 1:16481
got del_client for 1:16481
got del_client for 1:16481
got del_client for 1:16481
got del_client for 1:16481
got del_client for 1:16481
got del_client for 1:16482
got del_client for 1:16482
got del_client for 1:16482
got del_client for 1:16482
got del_client for 1:16482
got del_client for 1:16482
got del_client for 1:16482
got del_client for 1:16482
got del_client for 1:16482
got del_client for 1:16482
got del_client for 1:16483
got del_client for 1:16483
got del_client for 1:16483
got del_client for 1:16483
got del_client for 1:16483
got del_client for 1:16483
got del_client for 1:16483
got del_client for 1:16483
got del_client for 1:16483
got del_client for 1:16483
got del_client for 1:16484
got del_client for 1:16484
got del_client for 1:16484
got del_client for 1:16484
got del_client for 1:16484
got del_client for 1:16484
got del_client for 1:16484
got del_client for 1:16484
got del_client for 1:16484
got del_client for 1:16484
got del_client for 1:16485
got del_client for 1:16485
got del_client for 1:16485
got del_client for 1:16485
got del_client for 1:16485
got del_client for 1:16485
got del_client for 1:16485
got del_client for 1:16485
got del_client for 1:16485
got del_client for 1:16485
got del_client for 1:16486
got del_client for 1:16486
got del_client for 1:16486
got del_client for 1:16486
got del_client for 1:16486
got del_client for 1:16486
got del_client for 1:16486
got del_client for 1:16486
got del_client for 1:16486
got del_client for 1:16486
got del_client for 1:16487
got del_client for 1:16487
got del_client for 1:16487
got del_client for 1:16487
got del_client for 1:16487
got del_client for 1:16487
got del_client for 1:16487
got del_client for 1:16487
got del_client for 1:16487
got del_client for 1:16487
got del_client for 1:16488
got del_client for 1:16488
got del_client for 1:16488
got del_client for 1:16488
got del_client for 1:16488
got del_client for 1:16488
got del_client for 1:16488
got del_client for 1:16488
got del_client for 1:16488
got del_client for 1:16488
got del_client for 1:16489
got del_client for 1:16489
got del_client for 1:16489
got del_client for 1:16489
got del_client for 1:16489
got del_client for 1:16489
got del_client for 1:16489
got del_client for 1:16489
got del_client for 1:16489
got del_client for 1:16489
got del_client for 1:16490
got del_client for 1:16490
got del_client for 1:16490
got del_client for 1:16490
got del_client for 1:16490
got del_client for 1:16490
got del_client for 1:16490
got del_client for 1:16490
got del_client for 1:16490
got del_client for 1:16490
got del_client for 1:16491
got del_client for 1:16491
got del_client for 1:16491
got del_client for 1:16491
got del_client for 1:16491
got del_client for 1:16491
got del_client for 1:16491
got del_client for 1:16491
got del_client for 1:16491
got del_client for 1:16491
got del_client for 1:16492
got del_client for 1:16492
got del_client for 1:16492
got del_client for 1:16492
got del_client for 1:16492
got del_client for 1:16492
got del_client for 1:16492
got del_client for 1:16492
got del_client for 1:16492
got del_client for 1:16492
got del_client for 1:16493
got del_client for 1:16493
got del_client for 1:16493
got del_client for 1:16493
got del_client for 1:16493
got del_client for 1:16493
got del_client for 1:16493
got del_client for 1:16493
got del_client for 1:16493
got del_client for 1:16493
got del_client for 1:16494
got del_client for 1:16494
got del_client for 1:16494
got del_client for 1:16494
got del_client for 1:16494
got del_client for 1:16494
got del_client for 1:16494
got del_client for 1:16494
got del_client for 1:16494
got del_client for 1:16494
got del_client for 1:16495
got del_client for 1:16495
got del_client for 1:16495
got del_client for 1:16495
got del_client for 1:16495
got del_client for 1:16495
got del_client for 1:16495
got del_client for 1:16495
got del_client for 1:16495
got del_client for 1:16495
got del_client for 1:16496
got del_client for 1:16496
got del_client for 1:16496
got del_client for 1:16496
got del_client for 1:16496
got del_client for 1:16496
got del_client for 1:16496
got del_client for 1:16496
got del_client for 1:16496
got del_client for 1:16496
got del_client for 1:16497
got del_client for 1:16497
got del_client for 1:16497
got del_client for 1:16497
got del_client for 1:16497
got del_client for 1:16497
got del_client for 1:16497
got del_client for 1:16497
got del_client for 1:16497
got del_client for 1:16497
got del_client for 1:16498
got del_client for 1:16498
got del_client for 1:16498
got del_client for 1:16498
got del_client for 1:16498
got del_client for 1:16498
got del_client for 1:16498
got del_client for 1:16498
got del_client for 1:16498
got del_client for 1:16498
got del_client for 1:16499
got del_client for 1:16499
got del_client for 1:16499
got del_client for 1:16499
got del_client for 1:16499
got del_client for 1:16499
got del_client for 1:16499
got del_client for 1:16499
got del_client for 1:16499
got del_client for 1:16499
got del_client for 1:16500
got del_client for 1:16500
got del_client for 1:16500
got del_client for 1:16500
got del_client for 1:16500
got del_client for 1:16500
got del_client for 1:16500
got del_client for 1:16500
got del_client for 1:16500
got del_client for 1:16500
got del_client for 1:16501
got del_client for 1:16501
got del_client for 1:16501
got del_client for 1:16501
got del_client for 1:16501
got del_client for 1:16501
got del_client for 1:16501
got del_client for 1:16501
got del_client for 1:16501
got del_client for 1:16501
got del_client for 1:16502
got del_client for 1:16502
got del_client for 1:16502
got del_client for 1:16502
got del_client for 1:16502
got del_client for 1:16502
got del_client for 1:16502
got del_client for 1:16502
got del_client for 1:16502
got del_client for 1:16502
got del_client for 1:16503
got del_client for 1:16503
got del_client for 1:16503
got del_client for 1:16503
got del_client for 1:16503
got del_client for 1:16503
got del_client for 1:16503
got del_client for 1:16503
got del_client for 1:16503
got del_client for 1:16503
got del_client for 1:16504
got del_client for 1:16504
got del_client for 1:16504
got del_client for 1:16504
got del_client for 1:16504
got del_client for 1:16504
got del_client for 1:16504
got del_client for 1:16504
got del_client for 1:16504
got del_client for 1:16504
got del_client for 1:16505
got del_client for 1:16505
got del_client for 1:16505
got del_client for 1:16505
got del_client for 1:16505
got del_client for 1:16505
got del_client for 1:16505
got del_client for 1:16505
got del_client for 1:16505
got del_client for 1:16505
got del_client for 1:16506
got del_client for 1:16506
got del_client for 1:16506
got del_client for 1:16506
got del_client for 1:16506
got del_client for 1:16506
got del_client for 1:16506
got del_client for 1:16506
got del_client for 1:16506
got del_client for 1:16506
got del_client for 1:16507
got del_client for 1:16507
got del_client for 1:16507
got del_client for 1:16507
got del_client for 1:16507
got del_client for 1:16507
got del_client for 1:16507
got del_client for 1:16507
got del_client for 1:16507
got del_client for 1:16507
got del_client for 1:16508
got del_client for 1:16508
got del_client for 1:16508
got del_client for 1:16508
got del_client for 1:16508
got del_client for 1:16508
got del_client for 1:16508
got del_client for 1:16508
got del_client for 1:16508
got del_client for 1:16508
got del_client for 1:16509
got del_client for 1:16509
got del_client for 1:16509
got del_client for 1:16509
got del_client for 1:16509
got del_client for 1:16509
got del_client for 1:16509
got del_client for 1:16509
got del_client for 1:16509
got del_client for 1:16509
got del_client for 1:16510
got del_client for 1:16510
got del_client for 1:16510
got del_client for 1:16510
got del_client for 1:16510
got del_client for 1:16510
got del_client for 1:16510
got del_client for 1:16510
got del_client for 1:16510
got del_client for 1:16510
got del_client for 0:101
got del_client for 0:101
got del_client for 0:101
got del_client for 0:101
got del_client for 0:101
got del_client for 0:101
got del_client for 0:101
got del_client for 0:101
got del_client for 0:101
got del_client for 0:101
got del_client for 1:16511
got del_client for 1:16511
got del_client for 1:16511
got del_client for 1:16511
got del_client for 1:16511
got del_client for 1:16511
got del_client for 1:16511
got del_client for 1:16511
got del_client for 1:16511
got del_client for 1:16511
got del_client for 1:16512
got del_client for 1:16512
got del_client for 1:16512
got del_client for 1:16512
got del_client for 1:16512
got del_client for 1:16512
got del_client for 1:16512
got del_client for 1:16512
got del_client for 1:16512
got del_client for 1:16512
got del_client for 1:16513
got del_client for 1:16513
got del_client for 1:16513
got del_client for 1:16513
got del_client for 1:16513
got del_client for 1:16513
got del_client for 1:16513
got del_client for 1:16513
got del_client for 1:16513
got del_client for 1:16513
got del_client for 1:16514
got del_client for 1:16514
got del_client for 1:16514
got del_client for 1:16514
got del_client for 1:16514
got del_client for 1:16514
got del_client for 1:16514
got del_client for 1:16514
got del_client for 1:16514
got del_client for 1:16514
got del_client for 1:16515
got del_client for 1:16515
got del_client for 1:16515
got del_client for 1:16515
got del_client for 1:16515
got del_client for 1:16515
got del_client for 1:16515
got del_client for 1:16515
got del_client for 1:16515
got del_client for 1:16515
got del_client for 1:16516
got del_client for 1:16516
got del_client for 1:16516
got del_client for 1:16516
got del_client for 1:16516
got del_client for 1:16516
got del_client for 1:16516
got del_client for 1:16516
got del_client for 1:16516
got del_client for 1:16516
got del_client for 1:16517
got del_client for 1:16517
got del_client for 1:16517
got del_client for 1:16517
got del_client for 1:16517
got del_client for 1:16517
got del_client for 1:16517
got del_client for 1:16517
got del_client for 1:16517
got del_client for 1:16517
got del_client for 1:16518
got del_client for 1:16518
got del_client for 1:16518
got del_client for 1:16518
got del_client for 1:16518
got del_client for 1:16518
got del_client for 1:16518
got del_client for 1:16518
got del_client for 1:16518
got del_client for 1:16518
got del_client for 1:16519
got del_client for 1:16519
got del_client for 1:16519
got del_client for 1:16519
got del_client for 1:16519
got del_client for 1:16519
got del_client for 1:16519
got del_client for 1:16519
got del_client for 1:16519
got del_client for 1:16519
got del_client for 1:16520
got del_client for 1:16520
got del_client for 1:16520
got del_client for 1:16520
got del_client for 1:16520
got del_client for 1:16520
got del_client for 1:16520
got del_client for 1:16520
got del_client for 1:16520
got del_client for 1:16520
got del_client for 1:16521
got del_client for 1:16521
got del_client for 1:16521
got del_client for 1:16521
got del_client for 1:16521
got del_client for 1:16521
got del_client for 1:16521
got del_client for 1:16521
got del_client for 1:16521
got del_client for 1:16521
got del_client for 1:16522
got del_client for 1:16522
got del_client for 1:16522
got del_client for 1:16522
got del_client for 1:16522
got del_client for 1:16522
got del_client for 1:16522
got del_client for 1:16522
got del_client for 1:16522
got del_client for 1:16522
got del_client for 1:16523
got del_client for 1:16523
got del_client for 1:16523
got del_client for 1:16523
got del_client for 1:16523
got del_client for 1:16523
got del_client for 1:16523
got del_client for 1:16523
got del_client for 1:16523
got del_client for 1:16523
got del_client for 1:16524
got del_client for 1:16524
got del_client for 1:16524
got del_client for 1:16524
got del_client for 1:16524
got del_client for 1:16524
got del_client for 1:16524
got del_client for 1:16524
got del_client for 1:16524
got del_client for 1:16524
got del_client for 1:16525
got del_client for 1:16525
got del_client for 1:16525
got del_client for 1:16525
got del_client for 1:16525
got del_client for 1:16525
got del_client for 1:16525
got del_client for 1:16525
got del_client for 1:16525
got del_client for 1:16525
got del_client for 1:16526
got del_client for 1:16526
got del_client for 1:16526
got del_client for 1:16526
got del_client for 1:16526
got del_client for 1:16526
got del_client for 1:16526
got del_client for 1:16526
got del_client for 1:16526
got del_client for 1:16526
got del_client for 1:16527
got del_client for 1:16527
got del_client for 1:16527
got del_client for 1:16527
got del_client for 1:16527
got del_client for 1:16527
got del_client for 1:16527
got del_client for 1:16527
got del_client for 1:16527
got del_client for 1:16527
got del_client for 1:16528
got del_client for 1:16528
got del_client for 1:16528
got del_client for 1:16528
got del_client for 1:16528
got del_client for 1:16528
got del_client for 1:16528
got del_client for 1:16528
got del_client for 1:16528
got del_client for 1:16528
got del_client for 1:16529
got del_client for 1:16529
got del_client for 1:16529
got del_client for 1:16529
got del_client for 1:16529
got del_client for 1:16529
got del_client for 1:16529
got del_client for 1:16529
got del_client for 1:16529
got del_client for 1:16529
got del_client for 1:16530
got del_client for 1:16530
got del_client for 1:16530
got del_client for 1:16530
got del_client for 1:16530
got del_client for 1:16530
got del_client for 1:16530
got del_client for 1:16530
got del_client for 1:16530
got del_client for 1:16530
got del_client for 1:16531
got del_client for 1:16531
got del_client for 1:16531
got del_client for 1:16531
got del_client for 1:16531
got del_client for 1:16531
got del_client for 1:16531
got del_client for 1:16531
got del_client for 1:16531
got del_client for 1:16531
got del_client for 1:16532
got del_client for 1:16532
got del_client for 1:16532
got del_client for 1:16532
got del_client for 1:16532
got del_client for 1:16532
got del_client for 1:16532
got del_client for 1:16532
got del_client for 1:16532
got del_client for 1:16532
got del_client for 1:16533
got del_client for 1:16533
got del_client for 1:16533
got del_client for 1:16533
got del_client for 1:16533
got del_client for 1:16533
got del_client for 1:16533
got del_client for 1:16533
got del_client for 1:16533
got del_client for 1:16533
got del_client for 1:16534
got del_client for 1:16534
got del_client for 1:16534
got del_client for 1:16534
got del_client for 1:16534
got del_client for 1:16534
got del_client for 1:16534
got del_client for 1:16534
got del_client for 1:16534
got del_client for 1:16534
got del_client for 1:16535
got del_client for 1:16535
got del_client for 1:16535
got del_client for 1:16535
got del_client for 1:16535
got del_client for 1:16535
got del_client for 1:16535
got del_client for 1:16535
got del_client for 1:16535
got del_client for 1:16535
got del_client for 1:16536
got del_client for 1:16536
got del_client for 1:16536
got del_client for 1:16536
got del_client for 1:16536
got del_client for 1:16536
got del_client for 1:16536
got del_client for 1:16536
got del_client for 1:16536
got del_client for 1:16536
got del_client for 1:16537
got del_client for 1:16537
got del_client for 1:16537
got del_client for 1:16537
got del_client for 1:16537
got del_client for 1:16537
got del_client for 1:16537
got del_client for 1:16537
got del_client for 1:16537
got del_client for 1:16537
got del_client for 1:16538
got del_client for 1:16538
got del_client for 1:16538
got del_client for 1:16538
got del_client for 1:16538
got del_client for 1:16538
got del_client for 1:16538
got del_client for 1:16538
got del_client for 1:16538
got del_client for 1:16538
got del_client for 1:16539
got del_client for 1:16539
got del_client for 1:16539
got del_client for 1:16539
got del_client for 1:16539
got del_client for 1:16539
got del_client for 1:16539
got del_client for 1:16539
got del_client for 1:16539
got del_client for 1:16539
got del_client for 1:16540
got del_client for 1:16540
got del_client for 1:16540
got del_client for 1:16540
got del_client for 1:16540
got del_client for 1:16540
got del_client for 1:16540
got del_client for 1:16540
got del_client for 1:16540
got del_client for 1:16540
got del_client for 1:16541
got del_client for 1:16541
got del_client for 1:16541
got del_client for 1:16541
got del_client for 1:16541
got del_client for 1:16541
got del_client for 1:16541
got del_client for 1:16541
got del_client for 1:16541
got del_client for 1:16541
got del_client for 1:16542
got del_client for 1:16542
got del_client for 1:16542
got del_client for 1:16542
got del_client for 1:16542
got del_client for 1:16542
got del_client for 1:16542
got del_client for 1:16542
got del_client for 1:16542
got del_client for 1:16542
got del_client for 1:16543
got del_client for 1:16543
got del_client for 1:16543
got del_client for 1:16543
got del_client for 1:16543
got del_client for 1:16543
got del_client for 1:16543
got del_client for 1:16543
got del_client for 1:16543
got del_client for 1:16543
got del_client for 1:16544
got del_client for 1:16544
got del_client for 1:16544
got del_client for 1:16544
got del_client for 1:16544
got del_client for 1:16544
got del_client for 1:16544
got del_client for 1:16544
got del_client for 1:16544
got del_client for 1:16544
got del_client for 1:16545
got del_client for 1:16545
got del_client for 1:16545
got del_client for 1:16545
got del_client for 1:16545
got del_client for 1:16545
got del_client for 1:16545
got del_client for 1:16545
got del_client for 1:16545
got del_client for 1:16545
got del_client for 1:16546
got del_client for 1:16546
got del_client for 1:16546
got del_client for 1:16546
got del_client for 1:16546
got del_client for 1:16546
got del_client for 1:16546
got del_client for 1:16546
got del_client for 1:16546
got del_client for 1:16546
got del_client for 1:16547
got del_client for 1:16547
got del_client for 1:16547
got del_client for 1:16547
got del_client for 1:16547
got del_client for 1:16547
got del_client for 1:16547
got del_client for 1:16547
got del_client for 1:16547
got del_client for 1:16547
got del_client for 1:16548
got del_client for 1:16548
got del_client for 1:16548
got del_client for 1:16548
got del_client for 1:16548
got del_client for 1:16548
got del_client for 1:16548
got del_client for 1:16548
got del_client for 1:16548
got del_client for 1:16548
got del_client for 1:16549
got del_client for 1:16549
got del_client for 1:16549
got del_client for 1:16549
got del_client for 1:16549
got del_client for 1:16549
got del_client for 1:16549
got del_client for 1:16549
got del_client for 1:16549
got del_client for 1:16549
got del_client for 1:16550
got del_client for 1:16550
got del_client for 1:16550
got del_client for 1:16550
got del_client for 1:16550
got del_client for 1:16550
got del_client for 1:16550
got del_client for 1:16550
got del_client for 1:16550
got del_client for 1:16550
got del_client for 1:16551
got del_client for 1:16551
got del_client for 1:16551
got del_client for 1:16551
got del_client for 1:16551
got del_client for 1:16551
got del_client for 1:16551
got del_client for 1:16551
got del_client for 1:16551
got del_client for 1:16551
got del_client for 1:16552
got del_client for 1:16552
got del_client for 1:16552
got del_client for 1:16552
got del_client for 1:16552
got del_client for 1:16552
got del_client for 1:16552
got del_client for 1:16552
got del_client for 1:16552
got del_client for 1:16552
got del_client for 1:16553
got del_client for 1:16553
got del_client for 1:16553
got del_client for 1:16553
got del_client for 1:16553
got del_client for 1:16553
got del_client for 1:16553
got del_client for 1:16553
got del_client for 1:16553
got del_client for 1:16553
got del_client for 1:16554
got del_client for 1:16554
got del_client for 1:16554
got del_client for 1:16554
got del_client for 1:16554
got del_client for 1:16554
got del_client for 1:16554
got del_client for 1:16554
got del_client for 1:16554
got del_client for 1:16554
got del_client for 1:16555
got del_client for 1:16555
got del_client for 1:16555
got del_client for 1:16555
got del_client for 1:16555
got del_client for 1:16555
got del_client for 1:16555
got del_client for 1:16555
got del_client for 1:16555
got del_client for 1:16555
got del_client for 1:16556
got del_client for 1:16556
got del_client for 1:16556
got del_client for 1:16556
got del_client for 1:16556
got del_client for 1:16556
got del_client for 1:16556
got del_client for 1:16556
got del_client for 1:16556
got del_client for 1:16556
got del_client for 1:16557
got del_client for 1:16557
got del_client for 1:16557
got del_client for 1:16557
got del_client for 1:16557
got del_client for 1:16557
got del_client for 1:16557
got del_client for 1:16557
got del_client for 1:16557
got del_client for 1:16557
got del_client for 1:16558
got del_client for 1:16558
got del_client for 1:16558
got del_client for 1:16558
got del_client for 1:16558
got del_client for 1:16558
got del_client for 1:16558
got del_client for 1:16558
got del_client for 1:16558
got del_client for 1:16558
got del_client for 1:16559
got del_client for 1:16559
got del_client for 1:16559
got del_client for 1:16559
got del_client for 1:16559
got del_client for 1:16559
got del_client for 1:16559
got del_client for 1:16559
got del_client for 1:16559
got del_client for 1:16559
got del_client for 1:16560
got del_client for 1:16560
got del_client for 1:16560
got del_client for 1:16560
got del_client for 1:16560
got del_client for 1:16560
got del_client for 1:16560
got del_client for 1:16560
got del_client for 1:16560
got del_client for 1:16560
got del_client for 1:16561
got del_client for 1:16561
got del_client for 1:16561
got del_client for 1:16561
got del_client for 1:16561
got del_client for 1:16561
got del_client for 1:16561
got del_client for 1:16561
got del_client for 1:16561
got del_client for 1:16561
got del_client for 1:16562
got del_client for 1:16562
got del_client for 1:16562
got del_client for 1:16562
got del_client for 1:16562
got del_client for 1:16562
got del_client for 1:16562
got del_client for 1:16562
got del_client for 1:16562
got del_client for 1:16562
got del_client for 1:16563
got del_client for 1:16563
got del_client for 1:16563
got del_client for 1:16563
got del_client for 1:16563
got del_client for 1:16563
got del_client for 1:16563
got del_client for 1:16563
got del_client for 1:16563
got del_client for 1:16563
got del_client for 1:16564
got del_client for 1:16564
got del_client for 1:16564
got del_client for 1:16564
got del_client for 1:16564
got del_client for 1:16564
got del_client for 1:16564
got del_client for 1:16564
got del_client for 1:16564
got del_client for 1:16564
got del_client for 1:16565
got del_client for 1:16565
got del_client for 1:16565
got del_client for 1:16565
got del_client for 1:16565
got del_client for 1:16565
got del_client for 1:16565
got del_client for 1:16565
got del_client for 1:16565
got del_client for 1:16565
got del_client for 1:16566
got del_client for 1:16566
got del_client for 1:16566
got del_client for 1:16566
got del_client for 1:16566
got del_client for 1:16566
got del_client for 1:16566
got del_client for 1:16566
got del_client for 1:16566
got del_client for 1:16566
got del_client for 1:16567
got del_client for 1:16567
got del_client for 1:16567
got del_client for 1:16567
got del_client for 1:16567
got del_client for 1:16567
got del_client for 1:16567
got del_client for 1:16567
got del_client for 1:16567
got del_client for 1:16567
got del_client for 1:16568
got del_client for 1:16568
got del_client for 1:16568
got del_client for 1:16568
got del_client for 1:16568
got del_client for 1:16568
got del_client for 1:16568
got del_client for 1:16568
got del_client for 1:16568
got del_client for 1:16568
got del_client for 1:16569
got del_client for 1:16569
got del_client for 1:16569
got del_client for 1:16569
got del_client for 1:16569
got del_client for 1:16569
got del_client for 1:16569
got del_client for 1:16569
got del_client for 1:16569
got del_client for 1:16569
got del_client for 1:16570
got del_client for 1:16570
got del_client for 1:16570
got del_client for 1:16570
got del_client for 1:16570
got del_client for 1:16570
got del_client for 1:16570
got del_client for 1:16570
got del_client for 1:16570
got del_client for 1:16570
got del_client for 1:16571
got del_client for 1:16571
got del_client for 1:16571
got del_client for 1:16571
got del_client for 1:16571
got del_client for 1:16571
got del_client for 1:16571
got del_client for 1:16571
got del_client for 1:16571
got del_client for 1:16571
got del_client for 1:16572
got del_client for 1:16572
got del_client for 1:16572
got del_client for 1:16572
got del_client for 1:16572
got del_client for 1:16572
got del_client for 1:16572
got del_client for 1:16572
got del_client for 1:16572
got del_client for 1:16572
got del_client for 1:16573
got del_client for 1:16573
got del_client for 1:16573
got del_client for 1:16573
got del_client for 1:16573
got del_client for 1:16573
got del_client for 1:16573
got del_client for 1:16573
got del_client for 1:16573
got del_client for 1:16573
got del_client for 1:16574
got del_client for 1:16574
got del_client for 1:16574
got del_client for 1:16574
got del_client for 1:16574
got del_client for 1:16574
got del_client for 1:16574
got del_client for 1:16574
got del_client for 1:16574
got del_client for 1:16574
got del_client for 1:16575
got del_client for 1:16575
got del_client for 1:16575
got del_client for 1:16575
got del_client for 1:16575
got del_client for 1:16575
got del_client for 1:16575
got del_client for 1:16575
got del_client for 1:16575
got del_client for 1:16575
got del_client for 1:16576
got del_client for 1:16576
got del_client for 1:16576
got del_client for 1:16576
got del_client for 1:16576
got del_client for 1:16576
got del_client for 1:16576
got del_client for 1:16576
got del_client for 1:16576
got del_client for 1:16576
got del_client for 1:16577
got del_client for 1:16577
got del_client for 1:16577
got del_client for 1:16577
got del_client for 1:16577
got del_client for 1:16577
got del_client for 1:16577
got del_client for 1:16577
got del_client for 1:16577
got del_client for 1:16577
got del_client for 1:16578
got del_client for 1:16578
got del_client for 1:16578
got del_client for 1:16578
got del_client for 1:16578
got del_client for 1:16578
got del_client for 1:16578
got del_client for 1:16578
got del_client for 1:16578
got del_client for 1:16578
got del_client for 1:16579
got del_client for 1:16579
got del_client for 1:16579
got del_client for 1:16579
got del_client for 1:16579
got del_client for 1:16579
got del_client for 1:16579
got del_client for 1:16579
got del_client for 1:16579
got del_client for 1:16579
got del_client for 1:16580
got del_client for 1:16580
got del_client for 1:16580
got del_client for 1:16580
got del_client for 1:16580
got del_client for 1:16580
got del_client for 1:16580
got del_client for 1:16580
got del_client for 1:16580
got del_client for 1:16580
got del_client for 1:16581
got del_client for 1:16581
got del_client for 1:16581
got del_client for 1:16581
got del_client for 1:16581
got del_client for 1:16581
got del_client for 1:16581
got del_client for 1:16581
got del_client for 1:16581
got del_client for 1:16581
got del_client for 1:16582
got del_client for 1:16582
got del_client for 1:16582
got del_client for 1:16582
got del_client for 1:16582
got del_client for 1:16582
got del_client for 1:16582
got del_client for 1:16582
got del_client for 1:16582
got del_client for 1:16582
got del_client for 1:16583
got del_client for 1:16583
got del_client for 1:16583
got del_client for 1:16583
got del_client for 1:16583
got del_client for 1:16583
got del_client for 1:16583
got del_client for 1:16583
got del_client for 1:16583
got del_client for 1:16583
got del_client for 1:16584
got del_client for 1:16584
got del_client for 1:16584
got del_client for 1:16584
got del_client for 1:16584
got del_client for 1:16584
got del_client for 1:16584
got del_client for 1:16584
got del_client for 1:16584
got del_client for 1:16584
got del_client for 1:16585
got del_client for 1:16585
got del_client for 1:16585
got del_client for 1:16585
got del_client for 1:16585
got del_client for 1:16585
got del_client for 1:16585
got del_client for 1:16585
got del_client for 1:16585
got del_client for 1:16585
got del_client for 1:16586
got del_client for 1:16586
got del_client for 1:16586
got del_client for 1:16586
got del_client for 1:16586
got del_client for 1:16586
got del_client for 1:16586
got del_client for 1:16586
got del_client for 1:16586
got del_client for 1:16586
got del_client for 1:16587
got del_client for 1:16587
got del_client for 1:16587
got del_client for 1:16587
got del_client for 1:16587
got del_client for 1:16587
got del_client for 1:16587
got del_client for 1:16587
got del_client for 1:16587
got del_client for 1:16587
got del_client for 1:16588
got del_client for 1:16588
got del_client for 1:16588
got del_client for 1:16588
got del_client for 1:16588
got del_client for 1:16588
got del_client for 1:16588
got del_client for 1:16588
got del_client for 1:16588
got del_client for 1:16588
got del_client for 1:16589
got del_client for 1:16589
got del_client for 1:16589
got del_client for 1:16589
got del_client for 1:16589
got del_client for 1:16589
got del_client for 1:16589
got del_client for 1:16589
got del_client for 1:16589
got del_client for 1:16589
got del_client for 1:16590
got del_client for 1:16590
got del_client for 1:16590
got del_client for 1:16590
got del_client for 1:16590
got del_client for 1:16590
got del_client for 1:16590
got del_client for 1:16590
got del_client for 1:16590
got del_client for 1:16590
got del_client for 1:16591
got del_client for 1:16591
got del_client for 1:16591
got del_client for 1:16591
got del_client for 1:16591
got del_client for 1:16591
got del_client for 1:16591
got del_client for 1:16591
got del_client for 1:16591
got del_client for 1:16591
got del_client for 1:16592
got del_client for 1:16592
got del_client for 1:16592
got del_client for 1:16592
got del_client for 1:16592
got del_client for 1:16592
got del_client for 1:16592
got del_client for 1:16592
got del_client for 1:16592
got del_client for 1:16592
got del_client for 1:16593
got del_client for 1:16593
got del_client for 1:16593
got del_client for 1:16593
got del_client for 1:16593
got del_client for 1:16593
got del_client for 1:16593
got del_client for 1:16593
got del_client for 1:16593
got del_client for 1:16593
got del_client for 1:16594
got del_client for 1:16594
got del_client for 1:16594
got del_client for 1:16594
got del_client for 1:16594
got del_client for 1:16594
got del_client for 1:16594
got del_client for 1:16594
got del_client for 1:16594
got del_client for 1:16594
got del_client for 1:16595
got del_client for 1:16595
got del_client for 1:16595
got del_client for 1:16595
got del_client for 1:16595
got del_client for 1:16595
got del_client for 1:16595
got del_client for 1:16595
got del_client for 1:16595
got del_client for 1:16595
got del_client for 1:16596
got del_client for 1:16596
got del_client for 1:16596
got del_client for 1:16596
got del_client for 1:16596
got del_client for 1:16596
got del_client for 1:16596
got del_client for 1:16596
got del_client for 1:16596
got del_client for 1:16596
got del_client for 1:16597
got del_client for 1:16597
got del_client for 1:16597
got del_client for 1:16597
got del_client for 1:16597
got del_client for 1:16597
got del_client for 1:16597
got del_client for 1:16597
got del_client for 1:16597
got del_client for 1:16597
got del_client for 1:16598
got del_client for 1:16598
got del_client for 1:16598
got del_client for 1:16598
got del_client for 1:16598
got del_client for 1:16598
got del_client for 1:16598
got del_client for 1:16598
got del_client for 1:16598
got del_client for 1:16598
got del_client for 1:16599
got del_client for 1:16599
got del_client for 1:16599
got del_client for 1:16599
got del_client for 1:16599
got del_client for 1:16599
got del_client for 1:16599
got del_client for 1:16599
got del_client for 1:16599
got del_client for 1:16599
got del_client for 1:16600
got del_client for 1:16600
got del_client for 1:16600
got del_client for 1:16600
got del_client for 1:16600
got del_client for 1:16600
got del_client for 1:16600
got del_client for 1:16600
got del_client for 1:16600
got del_client for 1:16600
got del_client for 1:16601
got del_client for 1:16601
got del_client for 1:16601
got del_client for 1:16601
got del_client for 1:16601
got del_client for 1:16601
got del_client for 1:16601
got del_client for 1:16601
got del_client for 1:16601
got del_client for 1:16601
got del_client for 1:16602
got del_client for 1:16602
got del_client for 1:16602
got del_client for 1:16602
got del_client for 1:16602
got del_client for 1:16602
got del_client for 1:16602
got del_client for 1:16602
got del_client for 1:16602
got del_client for 1:16602
got del_client for 1:16603
got del_client for 1:16603
got del_client for 1:16603
got del_client for 1:16603
got del_client for 1:16603
got del_client for 1:16603
got del_client for 1:16603
got del_client for 1:16603
got del_client for 1:16603
got del_client for 1:16603
got del_client for 1:16604
got del_client for 1:16604
got del_client for 1:16604
got del_client for 1:16604
got del_client for 1:16604
got del_client for 1:16604
got del_client for 1:16604
got del_client for 1:16604
got del_client for 1:16604
got del_client for 1:16604
got del_client for 1:16605
got del_client for 1:16605
got del_client for 1:16605
got del_client for 1:16605
got del_client for 1:16605
got del_client for 1:16605
got del_client for 1:16605
got del_client for 1:16605
got del_client for 1:16605
got del_client for 1:16605
got del_client for 1:16606
got del_client for 1:16606
got del_client for 1:16606
got del_client for 1:16606
got del_client for 1:16606
got del_client for 1:16606
got del_client for 1:16606
got del_client for 1:16606
got del_client for 1:16606
got del_client for 1:16606
got del_client for 1:16607
got del_client for 1:16607
got del_client for 1:16607
got del_client for 1:16607
got del_client for 1:16607
got del_client for 1:16607
got del_client for 1:16607
got del_client for 1:16607
got del_client for 1:16607
got del_client for 1:16607
got del_client for 1:16608
got del_client for 1:16608
got del_client for 1:16608
got del_client for 1:16608
got del_client for 1:16608
got del_client for 1:16608
got del_client for 1:16608
got del_client for 1:16608
got del_client for 1:16608
got del_client for 1:16608
got del_client for 1:16609
got del_client for 1:16609
got del_client for 1:16609
got del_client for 1:16609
got del_client for 1:16609
got del_client for 1:16609
got del_client for 1:16609
got del_client for 1:16609
got del_client for 1:16609
got del_client for 1:16609
got del_client for 1:16610
got del_client for 1:16610
got del_client for 1:16610
got del_client for 1:16610
got del_client for 1:16610
got del_client for 1:16610
got del_client for 1:16610
got del_client for 1:16610
got del_client for 1:16610
got del_client for 1:16610
got del_client for 1:16611
got del_client for 1:16611
got del_client for 1:16611
got del_client for 1:16611
got del_client for 1:16611
got del_client for 1:16611
got del_client for 1:16611
got del_client for 1:16611
got del_client for 1:16611
got del_client for 1:16611
got del_client for 1:16612
got del_client for 1:16612
got del_client for 1:16612
got del_client for 1:16612
got del_client for 1:16612
got del_client for 1:16612
got del_client for 1:16612
got del_client for 1:16612
got del_client for 1:16612
got del_client for 1:16612
got del_client for 1:16613
got del_client for 1:16613
got del_client for 1:16613
got del_client for 1:16613
got del_client for 1:16613
got del_client for 1:16613
got del_client for 1:16613
got del_client for 1:16613
got del_client for 1:16613
got del_client for 1:16613
got del_client for 1:16614
got del_client for 1:16614
got del_client for 1:16614
got del_client for 1:16614
got del_client for 1:16614
got del_client for 1:16614
got del_client for 1:16614
got del_client for 1:16614
got del_client for 1:16614
got del_client for 1:16614
got del_client for 1:16615
got del_client for 1:16615
got del_client for 1:16615
got del_client for 1:16615
got del_client for 1:16615
got del_client for 1:16615
got del_client for 1:16615
got del_client for 1:16615
got del_client for 1:16615
got del_client for 1:16615
got del_client for 1:16616
got del_client for 1:16616
got del_client for 1:16616
got del_client for 1:16616
got del_client for 1:16616
got del_client for 1:16616
got del_client for 1:16616
got del_client for 1:16616
got del_client for 1:16616
got del_client for 1:16616
got del_client for 1:16617
got del_client for 1:16617
got del_client for 1:16617
got del_client for 1:16617
got del_client for 1:16617
got del_client for 1:16617
got del_client for 1:16617
got del_client for 1:16617
got del_client for 1:16617
got del_client for 1:16617
got del_client for 1:16618
got del_client for 1:16618
got del_client for 1:16618
got del_client for 1:16618
got del_client for 1:16618
got del_client for 1:16618
got del_client for 1:16618
got del_client for 1:16618
got del_client for 1:16618
got del_client for 1:16618
got del_client for 1:16619
got del_client for 1:16619
got del_client for 1:16619
got del_client for 1:16619
got del_client for 1:16619
got del_client for 1:16619
got del_client for 1:16619
got del_client for 1:16619
got del_client for 1:16619
got del_client for 1:16619
got del_client for 1:16620
got del_client for 1:16620
got del_client for 1:16620
got del_client for 1:16620
got del_client for 1:16620
got del_client for 1:16620
got del_client for 1:16620
got del_client for 1:16620
got del_client for 1:16620
got del_client for 1:16620
got del_client for 1:16621
got del_client for 1:16621
got del_client for 1:16621
got del_client for 1:16621
got del_client for 1:16621
got del_client for 1:16621
got del_client for 1:16621
got del_client for 1:16621
got del_client for 1:16621
got del_client for 1:16621
got del_client for 1:16622
got del_client for 1:16622
got del_client for 1:16622
got del_client for 1:16622
got del_client for 1:16622
got del_client for 1:16622
got del_client for 1:16622
got del_client for 1:16622
got del_client for 1:16622
got del_client for 1:16622
got del_client for 1:16623
got del_client for 1:16623
got del_client for 1:16623
got del_client for 1:16623
got del_client for 1:16623
got del_client for 1:16623
got del_client for 1:16623
got del_client for 1:16623
got del_client for 1:16623
got del_client for 1:16623
got del_client for 1:16624
got del_client for 1:16624
got del_client for 1:16624
got del_client for 1:16624
got del_client for 1:16624
got del_client for 1:16624
got del_client for 1:16624
got del_client for 1:16624
got del_client for 1:16624
got del_client for 1:16624
got del_client for 1:16625
got del_client for 1:16625
got del_client for 1:16625
got del_client for 1:16625
got del_client for 1:16625
got del_client for 1:16625
got del_client for 1:16625
got del_client for 1:16625
got del_client for 1:16625
got del_client for 1:16625
got del_client for 1:16626
got del_client for 1:16626
got del_client for 1:16626
got del_client for 1:16626
got del_client for 1:16626
got del_client for 1:16626
got del_client for 1:16626
got del_client for 1:16626
got del_client for 1:16626
got del_client for 1:16626
got del_client for 1:16627
got del_client for 1:16627
got del_client for 1:16627
got del_client for 1:16627
got del_client for 1:16627
got del_client for 1:16627
got del_client for 1:16627
got del_client for 1:16627
got del_client for 1:16627
got del_client for 1:16627
got del_client for 1:16628
got del_client for 1:16628
got del_client for 1:16628
got del_client for 1:16628
got del_client for 1:16628
got del_client for 1:16628
got del_client for 1:16628
got del_client for 1:16628
got del_client for 1:16628
got del_client for 1:16628
got del_client for 1:16629
got del_client for 1:16629
got del_client for 1:16629
got del_client for 1:16629
got del_client for 1:16629
got del_client for 1:16629
got del_client for 1:16629
got del_client for 1:16629
got del_client for 1:16629
got del_client for 1:16629
got del_client for 1:16630
got del_client for 1:16630
got del_client for 1:16630
got del_client for 1:16630
got del_client for 1:16630
got del_client for 1:16630
got del_client for 1:16630
got del_client for 1:16630
got del_client for 1:16630
got del_client for 1:16630
got del_client for 1:16631
got del_client for 1:16631
got del_client for 1:16631
got del_client for 1:16631
got del_client for 1:16631
got del_client for 1:16631
got del_client for 1:16631
got del_client for 1:16631
got del_client for 1:16631
got del_client for 1:16631
got del_client for 1:16632
got del_client for 1:16632
got del_client for 1:16632
got del_client for 1:16632
got del_client for 1:16632
got del_client for 1:16632
got del_client for 1:16632
got del_client for 1:16632
got del_client for 1:16632
got del_client for 1:16632
got del_client for 1:16633
got del_client for 1:16633
got del_client for 1:16633
got del_client for 1:16633
got del_client for 1:16633
got del_client for 1:16633
got del_client for 1:16633
got del_client for 1:16633
got del_client for 1:16633
got del_client for 1:16633
got del_client for 1:16634
got del_client for 1:16634
got del_client for 1:16634
got del_client for 1:16634
got del_client for 1:16634
got del_client for 1:16634
got del_client for 1:16634
got del_client for 1:16634
got del_client for 1:16634
got del_client for 1:16634
got del_client for 1:16635
got del_client for 1:16635
got del_client for 1:16635
got del_client for 1:16635
got del_client for 1:16635
got del_client for 1:16635
got del_client for 1:16635
got del_client for 1:16635
got del_client for 1:16635
got del_client for 1:16635
got del_client for 1:16636
got del_client for 1:16636
got del_client for 1:16636
got del_client for 1:16636
got del_client for 1:16636
got del_client for 1:16636
got del_client for 1:16636
got del_client for 1:16636
got del_client for 1:16636
got del_client for 1:16636
got del_client for 1:16637
got del_client for 1:16637
got del_client for 1:16637
got del_client for 1:16637
got del_client for 1:16637
got del_client for 1:16637
got del_client for 1:16637
got del_client for 1:16637
got del_client for 1:16637
got del_client for 1:16637
got del_client for 1:16638
got del_client for 1:16638
got del_client for 1:16638
got del_client for 1:16638
got del_client for 1:16638
got del_client for 1:16638
got del_client for 1:16638
got del_client for 1:16638
got del_client for 1:16638
got del_client for 1:16638
got del_client for 1:16639
got del_client for 1:16639
got del_client for 1:16639
got del_client for 1:16639
got del_client for 1:16639
got del_client for 1:16639
got del_client for 1:16639
got del_client for 1:16639
got del_client for 1:16639
got del_client for 1:16639
got del_client for 1:16640
got del_client for 1:16640
got del_client for 1:16640
got del_client for 1:16640
got del_client for 1:16640
got del_client for 1:16640
got del_client for 1:16640
got del_client for 1:16640
got del_client for 1:16640
got del_client for 1:16640
got del_client for 1:16641
got del_client for 1:16641
got del_client for 1:16641
got del_client for 1:16641
got del_client for 1:16641
got del_client for 1:16641
got del_client for 1:16641
got del_client for 1:16641
got del_client for 1:16641
got del_client for 1:16641
got del_client for 1:16642
got del_client for 1:16642
got del_client for 1:16642
got del_client for 1:16642
got del_client for 1:16642
got del_client for 1:16642
got del_client for 1:16642
got del_client for 1:16642
got del_client for 1:16642
got del_client for 1:16642
got del_client for 1:16643
got del_client for 1:16643
got del_client for 1:16643
got del_client for 1:16643
got del_client for 1:16643
got del_client for 1:16643
got del_client for 1:16643
got del_client for 1:16643
got del_client for 1:16643
got del_client for 1:16643
got del_client for 1:16644
got del_client for 1:16644
got del_client for 1:16644
got del_client for 1:16644
got del_client for 1:16644
got del_client for 1:16644
got del_client for 1:16644
got del_client for 1:16644
got del_client for 1:16644
got del_client for 1:16644
got del_client for 1:16645
got del_client for 1:16645
got del_client for 1:16645
got del_client for 1:16645
got del_client for 1:16645
got del_client for 1:16645
got del_client for 1:16645
got del_client for 1:16645
got del_client for 1:16645
got del_client for 1:16645
got del_client for 1:16646
got del_client for 1:16646
got del_client for 1:16646
got del_client for 1:16646
got del_client for 1:16646
got del_client for 1:16646
got del_client for 1:16646
got del_client for 1:16646
got del_client for 1:16646
got del_client for 1:16646
got del_client for 1:16647
got del_client for 1:16647
got del_client for 1:16647
got del_client for 1:16647
got del_client for 1:16647
got del_client for 1:16647
got del_client for 1:16647
got del_client for 1:16647
got del_client for 1:16647
got del_client for 1:16647
got del_client for 1:16657
got del_client for 1:16657
got del_client for 1:16657
got del_client for 1:16657
got del_client for 1:16657
got del_client for 1:16657
got del_client for 1:16657
got del_client for 1:16657
got del_client for 1:16657
got del_client for 1:16657
got del_client for 1:16662
got del_client for 1:16662
got del_client for 1:16662
got del_client for 1:16662
got del_client for 1:16662
got del_client for 1:16662
got del_client for 1:16662
got del_client for 1:16662
got del_client for 1:16662
got del_client for 1:16662
got del_client for 1:16666
got del_client for 1:16666
got del_client for 1:16666
got del_client for 1:16666
got del_client for 1:16666
got del_client for 1:16666
got del_client for 1:16666
got del_client for 1:16666
got del_client for 1:16666
got del_client for 1:16666
got del_client for 1:16676
got del_client for 1:16676
got del_client for 1:16676
got del_client for 1:16676
got del_client for 1:16676
got del_client for 1:16676
got del_client for 1:16676
got del_client for 1:16676
got del_client for 1:16676
got del_client for 1:16676
got del_client for 1:16677
got del_client for 1:16677
got del_client for 1:16677
got del_client for 1:16677
got del_client for 1:16677
got del_client for 1:16677
got del_client for 1:16677
got del_client for 1:16677
got del_client for 1:16677
got del_client for 1:16677
got del_client for 1:16675
got del_client for 1:16675
got del_client for 1:16675
got del_client for 1:16675
got del_client for 1:16675
got del_client for 1:16675
got del_client for 1:16675
got del_client for 1:16675
got del_client for 1:16675
got del_client for 1:16675
got del_client for 1:16674
got del_client for 1:16674
got del_client for 1:16674
got del_client for 1:16674
got del_client for 1:16674
got del_client for 1:16674
got del_client for 1:16674
got del_client for 1:16674
got del_client for 1:16674
got del_client for 1:16674
got del_client for 1:16673
got del_client for 1:16673
got del_client for 1:16673
got del_client for 1:16673
got del_client for 1:16673
got del_client for 1:16673
got del_client for 1:16673
got del_client for 1:16673
got del_client for 1:16673
got del_client for 1:16673
got del_client for 1:16672
got del_client for 1:16672
got del_client for 1:16672
got del_client for 1:16672
got del_client for 1:16672
got del_client for 1:16672
got del_client for 1:16672
got del_client for 1:16672
got del_client for 1:16672
got del_client for 1:16672
got del_client for 1:16671
got del_client for 1:16671
got del_client for 1:16671
got del_client for 1:16671
got del_client for 1:16671
got del_client for 1:16671
got del_client for 1:16671
got del_client for 1:16671
got del_client for 1:16671
got del_client for 1:16671
got del_client for 1:16670
got del_client for 1:16670
got del_client for 1:16670
got del_client for 1:16670
got del_client for 1:16670
got del_client for 1:16670
got del_client for 1:16670
got del_client for 1:16670
got del_client for 1:16670
got del_client for 1:16670
got del_client for 1:16669
got del_client for 1:16669
got del_client for 1:16669
got del_client for 1:16669
got del_client for 1:16669
got del_client for 1:16669
got del_client for 1:16669
got del_client for 1:16669
got del_client for 1:16669
got del_client for 1:16669
got del_client for 1:16668
got del_client for 1:16668
got del_client for 1:16668
got del_client for 1:16668
got del_client for 1:16668
got del_client for 1:16668
got del_client for 1:16668
got del_client for 1:16668
got del_client for 1:16668
got del_client for 1:16668
got del_client for 1:16667
got del_client for 1:16667
got del_client for 1:16667
got del_client for 1:16667
got del_client for 1:16667
got del_client for 1:16667
got del_client for 1:16667
got del_client for 1:16667
got del_client for 1:16667
got del_client for 1:16667
got del_client for 1:16665
got del_client for 1:16665
got del_client for 1:16665
got del_client for 1:16665
got del_client for 1:16665
got del_client for 1:16665
got del_client for 1:16665
got del_client for 1:16665
got del_client for 1:16665
got del_client for 1:16665
got del_client for 1:16664
got del_client for 1:16664
got del_client for 1:16664
got del_client for 1:16664
got del_client for 1:16664
got del_client for 1:16664
got del_client for 1:16664
got del_client for 1:16664
got del_client for 1:16664
got del_client for 1:16664
got del_client for 1:16663
got del_client for 1:16663
got del_client for 1:16663
got del_client for 1:16663
got del_client for 1:16663
got del_client for 1:16663
got del_client for 1:16663
got del_client for 1:16663
got del_client for 1:16663
got del_client for 1:16663
got del_client for 1:16661
got del_client for 1:16661
got del_client for 1:16661
got del_client for 1:16661
got del_client for 1:16661
got del_client for 1:16661
got del_client for 1:16661
got del_client for 1:16661
got del_client for 1:16661
got del_client for 1:16661
got del_client for 1:16660
got del_client for 1:16660
got del_client for 1:16660
got del_client for 1:16660
got del_client for 1:16660
got del_client for 1:16660
got del_client for 1:16660
got del_client for 1:16660
got del_client for 1:16660
got del_client for 1:16660
got del_client for 1:16659
got del_client for 1:16659
got del_client for 1:16659
got del_client for 1:16659
got del_client for 1:16659
got del_client for 1:16659
got del_client for 1:16659
got del_client for 1:16659
got del_client for 1:16659
got del_client for 1:16659
got del_client for 1:16658
got del_client for 1:16658
got del_client for 1:16658
got del_client for 1:16658
got del_client for 1:16658
got del_client for 1:16658
got del_client for 1:16658
got del_client for 1:16658
got del_client for 1:16658
got del_client for 1:16658
got del_client for 1:16656
got del_client for 1:16656
got del_client for 1:16656
got del_client for 1:16656
got del_client for 1:16656
got del_client for 1:16656
got del_client for 1:16656
got del_client for 1:16656
got del_client for 1:16656
got del_client for 1:16656
got del_client for 1:16655
got del_client for 1:16655
got del_client for 1:16655
got del_client for 1:16655
got del_client for 1:16655
got del_client for 1:16655
got del_client for 1:16655
got del_client for 1:16655
got del_client for 1:16655
got del_client for 1:16655
got del_client for 1:16654
got del_client for 1:16654
got del_client for 1:16654
got del_client for 1:16654
got del_client for 1:16654
got del_client for 1:16654
got del_client for 1:16654
got del_client for 1:16654
got del_client for 1:16654
got del_client for 1:16654
got del_client for 1:16653
got del_client for 1:16653
got del_client for 1:16653
got del_client for 1:16653
got del_client for 1:16653
got del_client for 1:16653
got del_client for 1:16653
got del_client for 1:16653
got del_client for 1:16653
got del_client for 1:16653
got del_client for 1:16652
got del_client for 1:16652
got del_client for 1:16652
got del_client for 1:16652
got del_client for 1:16652
got del_client for 1:16652
got del_client for 1:16652
got del_client for 1:16652
got del_client for 1:16652
got del_client for 1:16652
got del_client for 1:16651
got del_client for 1:16651
got del_client for 1:16651
got del_client for 1:16651
got del_client for 1:16651
got del_client for 1:16651
got del_client for 1:16651
got del_client for 1:16651
got del_client for 1:16651
got del_client for 1:16651
got del_client for 1:16650
got del_client for 1:16650
got del_client for 1:16650
got del_client for 1:16650
got del_client for 1:16650
got del_client for 1:16650
got del_client for 1:16650
got del_client for 1:16650
got del_client for 1:16650
got del_client for 1:16650
got del_client for 1:16649
got del_client for 1:16649
got del_client for 1:16649
got del_client for 1:16649
got del_client for 1:16649
got del_client for 1:16649
got del_client for 1:16649
got del_client for 1:16649
got del_client for 1:16649
got del_client for 1:16649
got del_client for 1:16648
got del_client for 1:16648
got del_client for 1:16648
got del_client for 1:16648
got del_client for 1:16648
got del_client for 1:16648
got del_client for 1:16648
got del_client for 1:16648
got del_client for 1:16648
got del_client for 1:16648
got del_client for 1:16678
got del_client for 1:16678
got del_client for 1:16678
got del_client for 1:16678
got del_client for 1:16678
got del_client for 1:16678
got del_client for 1:16678
got del_client for 1:16678
got del_client for 1:16678
got del_client for 1:16678
got del_client for 1:16679
got del_client for 1:16679
got del_client for 1:16679
got del_client for 1:16679
got del_client for 1:16679
got del_client for 1:16679
got del_client for 1:16679
got del_client for 1:16679
got del_client for 1:16679
got del_client for 1:16679
got del_client for 1:16680
got del_client for 1:16680
got del_client for 1:16680
got del_client for 1:16680
got del_client for 1:16680
got del_client for 1:16680
got del_client for 1:16680
got del_client for 1:16680
got del_client for 1:16680
got del_client for 1:16680
got del_client for 1:16681
got del_client for 1:16681
got del_client for 1:16681
got del_client for 1:16681
got del_client for 1:16681
got del_client for 1:16681
got del_client for 1:16681
got del_client for 1:16681
got del_client for 1:16681
got del_client for 1:16681
got del_client for 1:16682
got del_client for 1:16682
got del_client for 1:16682
got del_client for 1:16682
got del_client for 1:16682
got del_client for 1:16682
got del_client for 1:16682
got del_client for 1:16682
got del_client for 1:16682
got del_client for 1:16682
got del_client for 1:16692
got del_client for 1:16692
got del_client for 1:16692
got del_client for 1:16692
got del_client for 1:16692
got del_client for 1:16692
got del_client for 1:16692
got del_client for 1:16692
got del_client for 1:16692
got del_client for 1:16692
got del_client for 1:16697
got del_client for 1:16697
got del_client for 1:16697
got del_client for 1:16697
got del_client for 1:16697
got del_client for 1:16697
got del_client for 1:16697
got del_client for 1:16697
got del_client for 1:16697
got del_client for 1:16697
got del_client for 1:16701
got del_client for 1:16701
got del_client for 1:16701
got del_client for 1:16701
got del_client for 1:16701
got del_client for 1:16701
got del_client for 1:16701
got del_client for 1:16701
got del_client for 1:16701
got del_client for 1:16701
got del_client for 1:16711
got del_client for 1:16711
got del_client for 1:16711
got del_client for 1:16711
got del_client for 1:16711
got del_client for 1:16711
got del_client for 1:16711
got del_client for 1:16711
got del_client for 1:16711
got del_client for 1:16711
got del_client for 1:16712
got del_client for 1:16712
got del_client for 1:16712
got del_client for 1:16712
got del_client for 1:16712
got del_client for 1:16712
got del_client for 1:16712
got del_client for 1:16712
got del_client for 1:16712
got del_client for 1:16712
got del_client for 1:16710
got del_client for 1:16710
got del_client for 1:16710
got del_client for 1:16710
got del_client for 1:16710
got del_client for 1:16710
got del_client for 1:16710
got del_client for 1:16710
got del_client for 1:16710
got del_client for 1:16710
got del_client for 1:16709
got del_client for 1:16709
got del_client for 1:16709
got del_client for 1:16709
got del_client for 1:16709
got del_client for 1:16709
got del_client for 1:16709
got del_client for 1:16709
got del_client for 1:16709
got del_client for 1:16709
got del_client for 1:16708
got del_client for 1:16708
got del_client for 1:16708
got del_client for 1:16708
got del_client for 1:16708
got del_client for 1:16708
got del_client for 1:16708
got del_client for 1:16708
got del_client for 1:16708
got del_client for 1:16708
got del_client for 1:16707
got del_client for 1:16707
got del_client for 1:16707
got del_client for 1:16707
got del_client for 1:16707
got del_client for 1:16707
got del_client for 1:16707
got del_client for 1:16707
got del_client for 1:16707
got del_client for 1:16707
got del_client for 1:16706
got del_client for 1:16706
got del_client for 1:16706
got del_client for 1:16706
got del_client for 1:16706
got del_client for 1:16706
got del_client for 1:16706
got del_client for 1:16706
got del_client for 1:16706
got del_client for 1:16706
got del_client for 1:16705
got del_client for 1:16705
got del_client for 1:16705
got del_client for 1:16705
got del_client for 1:16705
got del_client for 1:16705
got del_client for 1:16705
got del_client for 1:16705
got del_client for 1:16705
got del_client for 1:16705
got del_client for 1:16704
got del_client for 1:16704
got del_client for 1:16704
got del_client for 1:16704
got del_client for 1:16704
got del_client for 1:16704
got del_client for 1:16704
got del_client for 1:16704
got del_client for 1:16704
got del_client for 1:16704
got del_client for 1:16703
got del_client for 1:16703
got del_client for 1:16703
got del_client for 1:16703
got del_client for 1:16703
got del_client for 1:16703
got del_client for 1:16703
got del_client for 1:16703
got del_client for 1:16703
got del_client for 1:16703
got del_client for 1:16702
got del_client for 1:16702
got del_client for 1:16702
got del_client for 1:16702
got del_client for 1:16702
got del_client for 1:16702
got del_client for 1:16702
got del_client for 1:16702
got del_client for 1:16702
got del_client for 1:16702
got del_client for 1:16700
got del_client for 1:16700
got del_client for 1:16700
got del_client for 1:16700
got del_client for 1:16700
got del_client for 1:16700
got del_client for 1:16700
got del_client for 1:16700
got del_client for 1:16700
got del_client for 1:16700
got del_client for 1:16699
got del_client for 1:16699
got del_client for 1:16699
got del_client for 1:16699
got del_client for 1:16699
got del_client for 1:16699
got del_client for 1:16699
got del_client for 1:16699
got del_client for 1:16699
got del_client for 1:16699
got del_client for 1:16698
got del_client for 1:16698
got del_client for 1:16698
got del_client for 1:16698
got del_client for 1:16698
got del_client for 1:16698
got del_client for 1:16698
got del_client for 1:16698
got del_client for 1:16698
got del_client for 1:16698
got del_client for 1:16696
got del_client for 1:16696
got del_client for 1:16696
got del_client for 1:16696
got del_client for 1:16696
got del_client for 1:16696
got del_client for 1:16696
got del_client for 1:16696
got del_client for 1:16696
got del_client for 1:16696
got del_client for 1:16695
got del_client for 1:16695
got del_client for 1:16695
got del_client for 1:16695
got del_client for 1:16695
got del_client for 1:16695
got del_client for 1:16695
got del_client for 1:16695
got del_client for 1:16695
got del_client for 1:16695
got del_client for 1:16694
got del_client for 1:16694
got del_client for 1:16694
got del_client for 1:16694
got del_client for 1:16694
got del_client for 1:16694
got del_client for 1:16694
got del_client for 1:16694
got del_client for 1:16694
got del_client for 1:16694
got del_client for 1:16693
got del_client for 1:16693
got del_client for 1:16693
got del_client for 1:16693
got del_client for 1:16693
got del_client for 1:16693
got del_client for 1:16693
got del_client for 1:16693
got del_client for 1:16693
got del_client for 1:16693
got del_client for 1:16691
got del_client for 1:16691
got del_client for 1:16691
got del_client for 1:16691
got del_client for 1:16691
got del_client for 1:16691
got del_client for 1:16691
got del_client for 1:16691
got del_client for 1:16691
got del_client for 1:16691
got del_client for 1:16690
got del_client for 1:16690
got del_client for 1:16690
got del_client for 1:16690
got del_client for 1:16690
got del_client for 1:16690
got del_client for 1:16690
got del_client for 1:16690
got del_client for 1:16690
got del_client for 1:16690
got del_client for 1:16689
got del_client for 1:16689
got del_client for 1:16689
got del_client for 1:16689
got del_client for 1:16689
got del_client for 1:16689
got del_client for 1:16689
got del_client for 1:16689
got del_client for 1:16689
got del_client for 1:16689
got del_client for 1:16688
got del_client for 1:16688
got del_client for 1:16688
got del_client for 1:16688
got del_client for 1:16688
got del_client for 1:16688
got del_client for 1:16688
got del_client for 1:16688
got del_client for 1:16688
got del_client for 1:16688
got del_client for 1:16687
got del_client for 1:16687
got del_client for 1:16687
got del_client for 1:16687
got del_client for 1:16687
got del_client for 1:16687
got del_client for 1:16687
got del_client for 1:16687
got del_client for 1:16687
got del_client for 1:16687
got del_client for 1:16686
got del_client for 1:16686
got del_client for 1:16686
got del_client for 1:16686
got del_client for 1:16686
got del_client for 1:16686
got del_client for 1:16686
got del_client for 1:16686
got del_client for 1:16686
got del_client for 1:16686
got del_client for 1:16685
got del_client for 1:16685
got del_client for 1:16685
got del_client for 1:16685
got del_client for 1:16685
got del_client for 1:16685
got del_client for 1:16685
got del_client for 1:16685
got del_client for 1:16685
got del_client for 1:16685
got del_client for 1:16684
got del_client for 1:16684
got del_client for 1:16684
got del_client for 1:16684
got del_client for 1:16684
got del_client for 1:16684
got del_client for 1:16684
got del_client for 1:16684
got del_client for 1:16684
got del_client for 1:16684
got del_client for 1:16683
got del_client for 1:16683
got del_client for 1:16683
got del_client for 1:16683
got del_client for 1:16683
got del_client for 1:16683
got del_client for 1:16683
got del_client for 1:16683
got del_client for 1:16683
got del_client for 1:16683
got del_client for 1:16713
got del_client for 1:16713
got del_client for 1:16713
got del_client for 1:16713
got del_client for 1:16713
got del_client for 1:16713
got del_client for 1:16713
got del_client for 1:16713
got del_client for 1:16713
got del_client for 1:16713
got del_client for 1:16714
got del_client for 1:16714
got del_client for 1:16714
got del_client for 1:16714
got del_client for 1:16714
got del_client for 1:16714
got del_client for 1:16714
got del_client for 1:16714
got del_client for 1:16714
got del_client for 1:16714
got del_client for 1:16715
got del_client for 1:16715
got del_client for 1:16715
got del_client for 1:16715
got del_client for 1:16715
got del_client for 1:16715
got del_client for 1:16715
got del_client for 1:16715
got del_client for 1:16715
got del_client for 1:16715
got del_client for 1:16716
got del_client for 1:16716
got del_client for 1:16716
got del_client for 1:16716
got del_client for 1:16716
got del_client for 1:16716
got del_client for 1:16716
got del_client for 1:16716
got del_client for 1:16716
got del_client for 1:16716
got del_client for 1:16717
got del_client for 1:16717
got del_client for 1:16717
got del_client for 1:16717
got del_client for 1:16717
got del_client for 1:16717
got del_client for 1:16717
got del_client for 1:16717
got del_client for 1:16717
got del_client for 1:16717
got del_client for 1:16718
got del_client for 1:16718
got del_client for 1:16718
got del_client for 1:16718
got del_client for 1:16718
got del_client for 1:16718
got del_client for 1:16718
got del_client for 1:16718
got del_client for 1:16718
got del_client for 1:16718
got del_client for 1:16719
got del_client for 1:16719
got del_client for 1:16719
got del_client for 1:16719
got del_client for 1:16719
got del_client for 1:16719
got del_client for 1:16719
got del_client for 1:16719
got del_client for 1:16719
got del_client for 1:16719
got del_client for 1:16720
got del_client for 1:16720
got del_client for 1:16720
got del_client for 1:16720
got del_client for 1:16720
got del_client for 1:16720
got del_client for 1:16720
got del_client for 1:16720
got del_client for 1:16720
got del_client for 1:16720
got del_client for 1:16728
got del_client for 1:16728
got del_client for 1:16728
got del_client for 1:16728
got del_client for 1:16728
got del_client for 1:16728
got del_client for 1:16728
got del_client for 1:16728
got del_client for 1:16728
got del_client for 1:16728
got del_client for 1:16735
got del_client for 1:16735
got del_client for 1:16735
got del_client for 1:16735
got del_client for 1:16735
got del_client for 1:16735
got del_client for 1:16735
got del_client for 1:16735
got del_client for 1:16735
got del_client for 1:16735
got del_client for 1:16739
got del_client for 1:16739
got del_client for 1:16739
got del_client for 1:16739
got del_client for 1:16739
got del_client for 1:16739
got del_client for 1:16739
got del_client for 1:16739
got del_client for 1:16739
got del_client for 1:16739
got del_client for 1:16749
got del_client for 1:16749
got del_client for 1:16749
got del_client for 1:16749
got del_client for 1:16749
got del_client for 1:16749
got del_client for 1:16749
got del_client for 1:16749
got del_client for 1:16749
got del_client for 1:16749
got del_client for 1:16750
got del_client for 1:16750
got del_client for 1:16750
got del_client for 1:16750
got del_client for 1:16750
got del_client for 1:16750
got del_client for 1:16750
got del_client for 1:16750
got del_client for 1:16750
got del_client for 1:16750
got del_client for 1:16748
got del_client for 1:16748
got del_client for 1:16748
got del_client for 1:16748
got del_client for 1:16748
got del_client for 1:16748
got del_client for 1:16748
got del_client for 1:16748
got del_client for 1:16748
got del_client for 1:16748
got del_client for 1:16747
got del_client for 1:16747
got del_client for 1:16747
got del_client for 1:16747
got del_client for 1:16747
got del_client for 1:16747
got del_client for 1:16747
got del_client for 1:16747
got del_client for 1:16747
got del_client for 1:16747
got del_client for 1:16746
got del_client for 1:16746
got del_client for 1:16746
got del_client for 1:16746
got del_client for 1:16746
got del_client for 1:16746
got del_client for 1:16746
got del_client for 1:16746
got del_client for 1:16746
got del_client for 1:16746
got del_client for 1:16745
got del_client for 1:16745
got del_client for 1:16745
got del_client for 1:16745
got del_client for 1:16745
got del_client for 1:16745
got del_client for 1:16745
got del_client for 1:16745
got del_client for 1:16745
got del_client for 1:16745
got del_client for 1:16744
got del_client for 1:16744
got del_client for 1:16744
got del_client for 1:16744
got del_client for 1:16744
got del_client for 1:16744
got del_client for 1:16744
got del_client for 1:16744
got del_client for 1:16744
got del_client for 1:16744
got del_client for 1:16743
got del_client for 1:16743
got del_client for 1:16743
got del_client for 1:16743
got del_client for 1:16743
got del_client for 1:16743
got del_client for 1:16743
got del_client for 1:16743
got del_client for 1:16743
got del_client for 1:16743
got del_client for 1:16742
got del_client for 1:16742
got del_client for 1:16742
got del_client for 1:16742
got del_client for 1:16742
got del_client for 1:16742
got del_client for 1:16742
got del_client for 1:16742
got del_client for 1:16742
got del_client for 1:16742
got del_client for 1:16741
got del_client for 1:16741
got del_client for 1:16741
got del_client for 1:16741
got del_client for 1:16741
got del_client for 1:16741
got del_client for 1:16741
got del_client for 1:16741
got del_client for 1:16741
got del_client for 1:16741
got del_client for 1:16740
got del_client for 1:16740
got del_client for 1:16740
got del_client for 1:16740
got del_client for 1:16740
got del_client for 1:16740
got del_client for 1:16740
got del_client for 1:16740
got del_client for 1:16740
got del_client for 1:16740
got del_client for 1:16738
got del_client for 1:16738
got del_client for 1:16738
got del_client for 1:16738
got del_client for 1:16738
got del_client for 1:16738
got del_client for 1:16738
got del_client for 1:16738
got del_client for 1:16738
got del_client for 1:16738
got del_client for 1:16737
got del_client for 1:16737
got del_client for 1:16737
got del_client for 1:16737
got del_client for 1:16737
got del_client for 1:16737
got del_client for 1:16737
got del_client for 1:16737
got del_client for 1:16737
got del_client for 1:16737
got del_client for 1:16736
got del_client for 1:16736
got del_client for 1:16736
got del_client for 1:16736
got del_client for 1:16736
got del_client for 1:16736
got del_client for 1:16736
got del_client for 1:16736
got del_client for 1:16736
got del_client for 1:16736
got del_client for 1:16734
got del_client for 1:16734
got del_client for 1:16734
got del_client for 1:16734
got del_client for 1:16734
got del_client for 1:16734
got del_client for 1:16734
got del_client for 1:16734
got del_client for 1:16734
got del_client for 1:16734
got del_client for 1:16733
got del_client for 1:16733
got del_client for 1:16733
got del_client for 1:16733
got del_client for 1:16733
got del_client for 1:16733
got del_client for 1:16733
got del_client for 1:16733
got del_client for 1:16733
got del_client for 1:16733
got del_client for 1:16732
got del_client for 1:16732
got del_client for 1:16732
got del_client for 1:16732
got del_client for 1:16732
got del_client for 1:16732
got del_client for 1:16732
got del_client for 1:16732
got del_client for 1:16732
got del_client for 1:16732
got del_client for 1:16731
got del_client for 1:16731
got del_client for 1:16731
got del_client for 1:16731
got del_client for 1:16731
got del_client for 1:16731
got del_client for 1:16731
got del_client for 1:16731
got del_client for 1:16731
got del_client for 1:16731
got del_client for 1:16730
got del_client for 1:16730
got del_client for 1:16730
got del_client for 1:16730
got del_client for 1:16730
got del_client for 1:16730
got del_client for 1:16730
got del_client for 1:16730
got del_client for 1:16730
got del_client for 1:16730
got del_client for 1:16729
got del_client for 1:16729
got del_client for 1:16729
got del_client for 1:16729
got del_client for 1:16729
got del_client for 1:16729
got del_client for 1:16729
got del_client for 1:16729
got del_client for 1:16729
got del_client for 1:16729
got del_client for 1:16727
got del_client for 1:16727
got del_client for 1:16727
got del_client for 1:16727
got del_client for 1:16727
got del_client for 1:16727
got del_client for 1:16727
got del_client for 1:16727
got del_client for 1:16727
got del_client for 1:16727
got del_client for 1:16726
got del_client for 1:16726
got del_client for 1:16726
got del_client for 1:16726
got del_client for 1:16726
got del_client for 1:16726
got del_client for 1:16726
got del_client for 1:16726
got del_client for 1:16726
got del_client for 1:16726
got del_client for 1:16725
got del_client for 1:16725
got del_client for 1:16725
got del_client for 1:16725
got del_client for 1:16725
got del_client for 1:16725
got del_client for 1:16725
got del_client for 1:16725
got del_client for 1:16725
got del_client for 1:16725
got del_client for 1:16724
got del_client for 1:16724
got del_client for 1:16724
got del_client for 1:16724
got del_client for 1:16724
got del_client for 1:16724
got del_client for 1:16724
got del_client for 1:16724
got del_client for 1:16724
got del_client for 1:16724
got del_client for 1:16723
got del_client for 1:16723
got del_client for 1:16723
got del_client for 1:16723
got del_client for 1:16723
got del_client for 1:16723
got del_client for 1:16723
got del_client for 1:16723
got del_client for 1:16723
got del_client for 1:16723
got del_client for 1:16722
got del_client for 1:16722
got del_client for 1:16722
got del_client for 1:16722
got del_client for 1:16722
got del_client for 1:16722
got del_client for 1:16722
got del_client for 1:16722
got del_client for 1:16722
got del_client for 1:16722
got del_client for 1:16721
got del_client for 1:16721
got del_client for 1:16721
got del_client for 1:16721
got del_client for 1:16721
got del_client for 1:16721
got del_client for 1:16721
got del_client for 1:16721
got del_client for 1:16721
got del_client for 1:16721
got del_client for 1:16751
got del_client for 1:16751
got del_client for 1:16751
got del_client for 1:16751
got del_client for 1:16751
got del_client for 1:16751
got del_client for 1:16751
got del_client for 1:16751
got del_client for 1:16751
got del_client for 1:16751
got del_client for 1:16752
got del_client for 1:16752
got del_client for 1:16752
got del_client for 1:16752
got del_client for 1:16752
got del_client for 1:16752
got del_client for 1:16752
got del_client for 1:16752
got del_client for 1:16752
got del_client for 1:16752
got del_client for 1:16753
got del_client for 1:16753
got del_client for 1:16753
got del_client for 1:16753
got del_client for 1:16753
got del_client for 1:16753
got del_client for 1:16753
got del_client for 1:16753
got del_client for 1:16753
got del_client for 1:16753
got del_client for 1:16754
got del_client for 1:16754
got del_client for 1:16754
got del_client for 1:16754
got del_client for 1:16754
got del_client for 1:16754
got del_client for 1:16754
got del_client for 1:16754
got del_client for 1:16754
got del_client for 1:16754
got del_client for 1:16755
got del_client for 1:16755
got del_client for 1:16755
got del_client for 1:16755
got del_client for 1:16755
got del_client for 1:16755
got del_client for 1:16755
got del_client for 1:16755
got del_client for 1:16755
got del_client for 1:16755
got del_client for 1:16756
got del_client for 1:16756
got del_client for 1:16756
got del_client for 1:16756
got del_client for 1:16756
got del_client for 1:16756
got del_client for 1:16756
got del_client for 1:16756
got del_client for 1:16756
got del_client for 1:16756
got del_client for 1:16757
got del_client for 1:16757
got del_client for 1:16757
got del_client for 1:16757
got del_client for 1:16757
got del_client for 1:16757
got del_client for 1:16757
got del_client for 1:16757
got del_client for 1:16757
got del_client for 1:16757
got del_client for 1:16758
got del_client for 1:16758
got del_client for 1:16758
got del_client for 1:16758
got del_client for 1:16758
got del_client for 1:16758
got del_client for 1:16758
got del_client for 1:16758
got del_client for 1:16758
got del_client for 1:16758
got del_client for 1:16764
got del_client for 1:16764
got del_client for 1:16764
got del_client for 1:16764
got del_client for 1:16764
got del_client for 1:16764
got del_client for 1:16764
got del_client for 1:16764
got del_client for 1:16764
got del_client for 1:16764
got del_client for 1:16773
got del_client for 1:16773
got del_client for 1:16773
got del_client for 1:16773
got del_client for 1:16773
got del_client for 1:16773
got del_client for 1:16773
got del_client for 1:16773
got del_client for 1:16773
got del_client for 1:16773
got del_client for 1:16777
got del_client for 1:16777
got del_client for 1:16777
got del_client for 1:16777
got del_client for 1:16777
got del_client for 1:16777
got del_client for 1:16777
got del_client for 1:16777
got del_client for 1:16777
got del_client for 1:16777
got del_client for 0:102
got del_client for 0:102
got del_client for 0:102
got del_client for 0:102
got del_client for 0:102
got del_client for 0:102
got del_client for 0:102
got del_client for 0:102
got del_client for 0:102
got del_client for 0:102
got del_client for 1:16786
got del_client for 1:16786
got del_client for 1:16786
got del_client for 1:16786
got del_client for 1:16786
got del_client for 1:16786
got del_client for 1:16786
got del_client for 1:16786
got del_client for 1:16786
got del_client for 1:16786
got del_client for 1:16789
got del_client for 1:16789
got del_client for 1:16789
got del_client for 1:16789
got del_client for 1:16789
got del_client for 1:16789
got del_client for 1:16789
got del_client for 1:16789
got del_client for 1:16789
got del_client for 1:16789
got del_client for 1:16788
got del_client for 1:16788
got del_client for 1:16788
got del_client for 1:16788
got del_client for 1:16788
got del_client for 1:16788
got del_client for 1:16788
got del_client for 1:16788
got del_client for 1:16788
got del_client for 1:16788
got del_client for 1:16787
got del_client for 1:16787
got del_client for 1:16787
got del_client for 1:16787
got del_client for 1:16787
got del_client for 1:16787
got del_client for 1:16787
got del_client for 1:16787
got del_client for 1:16787
got del_client for 1:16787
got del_client for 1:16785
got del_client for 1:16785
got del_client for 1:16785
got del_client for 1:16785
got del_client for 1:16785
got del_client for 1:16785
got del_client for 1:16785
got del_client for 1:16785
got del_client for 1:16785
got del_client for 1:16785
got del_client for 1:16784
got del_client for 1:16784
got del_client for 1:16784
got del_client for 1:16784
got del_client for 1:16784
got del_client for 1:16784
got del_client for 1:16784
got del_client for 1:16784
got del_client for 1:16784
got del_client for 1:16784
got del_client for 1:16783
got del_client for 1:16783
got del_client for 1:16783
got del_client for 1:16783
got del_client for 1:16783
got del_client for 1:16783
got del_client for 1:16783
got del_client for 1:16783
got del_client for 1:16783
got del_client for 1:16783
got del_client for 1:16782
got del_client for 1:16782
got del_client for 1:16782
got del_client for 1:16782
got del_client for 1:16782
got del_client for 1:16782
got del_client for 1:16782
got del_client for 1:16782
got del_client for 1:16782
got del_client for 1:16782
got del_client for 1:16781
got del_client for 1:16781
got del_client for 1:16781
got del_client for 1:16781
got del_client for 1:16781
got del_client for 1:16781
got del_client for 1:16781
got del_client for 1:16781
got del_client for 1:16781
got del_client for 1:16781
got del_client for 1:16780
got del_client for 1:16780
got del_client for 1:16780
got del_client for 1:16780
got del_client for 1:16780
got del_client for 1:16780
got del_client for 1:16780
got del_client for 1:16780
got del_client for 1:16780
got del_client for 1:16780
got del_client for 1:16779
got del_client for 1:16779
got del_client for 1:16779
got del_client for 1:16779
got del_client for 1:16779
got del_client for 1:16779
got del_client for 1:16779
got del_client for 1:16779
got del_client for 1:16779
got del_client for 1:16779
got del_client for 1:16778
got del_client for 1:16778
got del_client for 1:16778
got del_client for 1:16778
got del_client for 1:16778
got del_client for 1:16778
got del_client for 1:16778
got del_client for 1:16778
got del_client for 1:16778
got del_client for 1:16778
got del_client for 1:16776
got del_client for 1:16776
got del_client for 1:16776
got del_client for 1:16776
got del_client for 1:16776
got del_client for 1:16776
got del_client for 1:16776
got del_client for 1:16776
got del_client for 1:16776
got del_client for 1:16776
got del_client for 1:16775
got del_client for 1:16775
got del_client for 1:16775
got del_client for 1:16775
got del_client for 1:16775
got del_client for 1:16775
got del_client for 1:16775
got del_client for 1:16775
got del_client for 1:16775
got del_client for 1:16775
got del_client for 1:16774
got del_client for 1:16774
got del_client for 1:16774
got del_client for 1:16774
got del_client for 1:16774
got del_client for 1:16774
got del_client for 1:16774
got del_client for 1:16774
got del_client for 1:16774
got del_client for 1:16774
got del_client for 1:16772
got del_client for 1:16772
got del_client for 1:16772
got del_client for 1:16772
got del_client for 1:16772
got del_client for 1:16772
got del_client for 1:16772
got del_client for 1:16772
got del_client for 1:16772
got del_client for 1:16772
got del_client for 1:16771
got del_client for 1:16771
got del_client for 1:16771
got del_client for 1:16771
got del_client for 1:16771
got del_client for 1:16771
got del_client for 1:16771
got del_client for 1:16771
got del_client for 1:16771
got del_client for 1:16771
got del_client for 1:16770
got del_client for 1:16770
got del_client for 1:16770
got del_client for 1:16770
got del_client for 1:16770
got del_client for 1:16770
got del_client for 1:16770
got del_client for 1:16770
got del_client for 1:16770
got del_client for 1:16770
got del_client for 1:16769
got del_client for 1:16769
got del_client for 1:16769
got del_client for 1:16769
got del_client for 1:16769
got del_client for 1:16769
got del_client for 1:16769
got del_client for 1:16769
got del_client for 1:16769
got del_client for 1:16769
got del_client for 1:16768
got del_client for 1:16768
got del_client for 1:16768
got del_client for 1:16768
got del_client for 1:16768
got del_client for 1:16768
got del_client for 1:16768
got del_client for 1:16768
got del_client for 1:16768
got del_client for 1:16768
got del_client for 1:16767
got del_client for 1:16767
got del_client for 1:16767
got del_client for 1:16767
got del_client for 1:16767
got del_client for 1:16767
got del_client for 1:16767
got del_client for 1:16767
got del_client for 1:16767
got del_client for 1:16767
got del_client for 1:16766
got del_client for 1:16766
got del_client for 1:16766
got del_client for 1:16766
got del_client for 1:16766
got del_client for 1:16766
got del_client for 1:16766
got del_client for 1:16766
got del_client for 1:16766
got del_client for 1:16766
got del_client for 1:16765
got del_client for 1:16765
got del_client for 1:16765
got del_client for 1:16765
got del_client for 1:16765
got del_client for 1:16765
got del_client for 1:16765
got del_client for 1:16765
got del_client for 1:16765
got del_client for 1:16765
got del_client for 1:16763
got del_client for 1:16763
got del_client for 1:16763
got del_client for 1:16763
got del_client for 1:16763
got del_client for 1:16763
got del_client for 1:16763
got del_client for 1:16763
got del_client for 1:16763
got del_client for 1:16763
got del_client for 1:16762
got del_client for 1:16762
got del_client for 1:16762
got del_client for 1:16762
got del_client for 1:16762
got del_client for 1:16762
got del_client for 1:16762
got del_client for 1:16762
got del_client for 1:16762
got del_client for 1:16762
got del_client for 1:16761
got del_client for 1:16761
got del_client for 1:16761
got del_client for 1:16761
got del_client for 1:16761
got del_client for 1:16761
got del_client for 1:16761
got del_client for 1:16761
got del_client for 1:16761
got del_client for 1:16761
got del_client for 1:16760
got del_client for 1:16760
got del_client for 1:16760
got del_client for 1:16760
got del_client for 1:16760
got del_client for 1:16760
got del_client for 1:16760
got del_client for 1:16760
got del_client for 1:16760
got del_client for 1:16760
got del_client for 1:16759
got del_client for 1:16759
got del_client for 1:16759
got del_client for 1:16759
got del_client for 1:16759
got del_client for 1:16759
got del_client for 1:16759
got del_client for 1:16759
got del_client for 1:16759
got del_client for 1:16759
got del_client for 1:16790
got del_client for 1:16790
got del_client for 1:16790
got del_client for 1:16790
got del_client for 1:16790
got del_client for 1:16790
got del_client for 1:16790
got del_client for 1:16790
got del_client for 1:16790
got del_client for 1:16790
got del_client for 1:16791
got del_client for 1:16791
got del_client for 1:16791
got del_client for 1:16791
got del_client for 1:16791
got del_client for 1:16791
got del_client for 1:16791
got del_client for 1:16791
got del_client for 1:16791
got del_client for 1:16791
got del_client for 1:16792
got del_client for 1:16792
got del_client for 1:16792
got del_client for 1:16792
got del_client for 1:16792
got del_client for 1:16792
got del_client for 1:16792
got del_client for 1:16792
got del_client for 1:16792
got del_client for 1:16792
got del_client for 1:16793
got del_client for 1:16793
got del_client for 1:16793
got del_client for 1:16793
got del_client for 1:16793
got del_client for 1:16793
got del_client for 1:16793
got del_client for 1:16793
got del_client for 1:16793
got del_client for 1:16793
got del_client for 1:16794
got del_client for 1:16794
got del_client for 1:16794
got del_client for 1:16794
got del_client for 1:16794
got del_client for 1:16794
got del_client for 1:16794
got del_client for 1:16794
got del_client for 1:16794
got del_client for 1:16794
got del_client for 1:16795
got del_client for 1:16795
got del_client for 1:16795
got del_client for 1:16795
got del_client for 1:16795
got del_client for 1:16795
got del_client for 1:16795
got del_client for 1:16795
got del_client for 1:16795
got del_client for 1:16795
got del_client for 1:16796
got del_client for 1:16796
got del_client for 1:16796
got del_client for 1:16796
got del_client for 1:16796
got del_client for 1:16796
got del_client for 1:16796
got del_client for 1:16796
got del_client for 1:16796
got del_client for 1:16796
got del_client for 1:16801
got del_client for 1:16801
got del_client for 1:16801
got del_client for 1:16801
got del_client for 1:16801
got del_client for 1:16801
got del_client for 1:16801
got del_client for 1:16801
got del_client for 1:16801
got del_client for 1:16801
got del_client for 1:16811
got del_client for 1:16811
got del_client for 1:16811
got del_client for 1:16811
got del_client for 1:16811
got del_client for 1:16811
got del_client for 1:16811
got del_client for 1:16811
got del_client for 1:16811
got del_client for 1:16811
got del_client for 1:16814
got del_client for 1:16814
got del_client for 1:16814
got del_client for 1:16814
got del_client for 1:16814
got del_client for 1:16814
got del_client for 1:16814
got del_client for 1:16814
got del_client for 1:16814
got del_client for 1:16814
got del_client for 1:16822
got del_client for 1:16822
got del_client for 1:16822
got del_client for 1:16822
got del_client for 1:16822
got del_client for 1:16822
got del_client for 1:16822
got del_client for 1:16822
got del_client for 1:16822
got del_client for 1:16822
got del_client for 1:16827
got del_client for 1:16827
got del_client for 1:16827
got del_client for 1:16827
got del_client for 1:16827
got del_client for 1:16827
got del_client for 1:16827
got del_client for 1:16827
got del_client for 1:16827
got del_client for 1:16827
got del_client for 1:16826
got del_client for 1:16826
got del_client for 1:16826
got del_client for 1:16826
got del_client for 1:16826
got del_client for 1:16826
got del_client for 1:16826
got del_client for 1:16826
got del_client for 1:16826
got del_client for 1:16826
got del_client for 1:16825
got del_client for 1:16825
got del_client for 1:16825
got del_client for 1:16825
got del_client for 1:16825
got del_client for 1:16825
got del_client for 1:16825
got del_client for 1:16825
got del_client for 1:16825
got del_client for 1:16825
got del_client for 1:16824
got del_client for 1:16824
got del_client for 1:16824
got del_client for 1:16824
got del_client for 1:16824
got del_client for 1:16824
got del_client for 1:16824
got del_client for 1:16824
got del_client for 1:16824
got del_client for 1:16824
got del_client for 1:16823
got del_client for 1:16823
got del_client for 1:16823
got del_client for 1:16823
got del_client for 1:16823
got del_client for 1:16823
got del_client for 1:16823
got del_client for 1:16823
got del_client for 1:16823
got del_client for 1:16823
got del_client for 1:16821
got del_client for 1:16821
got del_client for 1:16821
got del_client for 1:16821
got del_client for 1:16821
got del_client for 1:16821
got del_client for 1:16821
got del_client for 1:16821
got del_client for 1:16821
got del_client for 1:16821
got del_client for 1:16820
got del_client for 1:16820
got del_client for 1:16820
got del_client for 1:16820
got del_client for 1:16820
got del_client for 1:16820
got del_client for 1:16820
got del_client for 1:16820
got del_client for 1:16820
got del_client for 1:16820
got del_client for 1:16819
got del_client for 1:16819
got del_client for 1:16819
got del_client for 1:16819
got del_client for 1:16819
got del_client for 1:16819
got del_client for 1:16819
got del_client for 1:16819
got del_client for 1:16819
got del_client for 1:16819
got del_client for 1:16818
got del_client for 1:16818
got del_client for 1:16818
got del_client for 1:16818
got del_client for 1:16818
got del_client for 1:16818
got del_client for 1:16818
got del_client for 1:16818
got del_client for 1:16818
got del_client for 1:16818
got del_client for 1:16817
got del_client for 1:16817
got del_client for 1:16817
got del_client for 1:16817
got del_client for 1:16817
got del_client for 1:16817
got del_client for 1:16817
got del_client for 1:16817
got del_client for 1:16817
got del_client for 1:16817
got del_client for 1:16816
got del_client for 1:16816
got del_client for 1:16816
got del_client for 1:16816
got del_client for 1:16816
got del_client for 1:16816
got del_client for 1:16816
got del_client for 1:16816
got del_client for 1:16816
got del_client for 1:16816
got del_client for 1:16815
got del_client for 1:16815
got del_client for 1:16815
got del_client for 1:16815
got del_client for 1:16815
got del_client for 1:16815
got del_client for 1:16815
got del_client for 1:16815
got del_client for 1:16815
got del_client for 1:16815
got del_client for 1:16813
got del_client for 1:16813
got del_client for 1:16813
got del_client for 1:16813
got del_client for 1:16813
got del_client for 1:16813
got del_client for 1:16813
got del_client for 1:16813
got del_client for 1:16813
got del_client for 1:16813
got del_client for 1:16812
got del_client for 1:16812
got del_client for 1:16812
got del_client for 1:16812
got del_client for 1:16812
got del_client for 1:16812
got del_client for 1:16812
got del_client for 1:16812
got del_client for 1:16812
got del_client for 1:16812
got del_client for 1:16810
got del_client for 1:16810
got del_client for 1:16810
got del_client for 1:16810
got del_client for 1:16810
got del_client for 1:16810
got del_client for 1:16810
got del_client for 1:16810
got del_client for 1:16810
got del_client for 1:16810
got del_client for 1:16809
got del_client for 1:16809
got del_client for 1:16809
got del_client for 1:16809
got del_client for 1:16809
got del_client for 1:16809
got del_client for 1:16809
got del_client for 1:16809
got del_client for 1:16809
got del_client for 1:16809
got del_client for 1:16808
got del_client for 1:16808
got del_client for 1:16808
got del_client for 1:16808
got del_client for 1:16808
got del_client for 1:16808
got del_client for 1:16808
got del_client for 1:16808
got del_client for 1:16808
got del_client for 1:16808
got del_client for 1:16807
got del_client for 1:16807
got del_client for 1:16807
got del_client for 1:16807
got del_client for 1:16807
got del_client for 1:16807
got del_client for 1:16807
got del_client for 1:16807
got del_client for 1:16807
got del_client for 1:16807
got del_client for 1:16806
got del_client for 1:16806
got del_client for 1:16806
got del_client for 1:16806
got del_client for 1:16806
got del_client for 1:16806
got del_client for 1:16806
got del_client for 1:16806
got del_client for 1:16806
got del_client for 1:16806
got del_client for 1:16805
got del_client for 1:16805
got del_client for 1:16805
got del_client for 1:16805
got del_client for 1:16805
got del_client for 1:16805
got del_client for 1:16805
got del_client for 1:16805
got del_client for 1:16805
got del_client for 1:16805
got del_client for 1:16804
got del_client for 1:16804
got del_client for 1:16804
got del_client for 1:16804
got del_client for 1:16804
got del_client for 1:16804
got del_client for 1:16804
got del_client for 1:16804
got del_client for 1:16804
got del_client for 1:16804
got del_client for 1:16803
got del_client for 1:16803
got del_client for 1:16803
got del_client for 1:16803
got del_client for 1:16803
got del_client for 1:16803
got del_client for 1:16803
got del_client for 1:16803
got del_client for 1:16803
got del_client for 1:16803
got del_client for 1:16802
got del_client for 1:16802
got del_client for 1:16802
got del_client for 1:16802
got del_client for 1:16802
got del_client for 1:16802
got del_client for 1:16802
got del_client for 1:16802
got del_client for 1:16802
got del_client for 1:16802
got del_client for 1:16800
got del_client for 1:16800
got del_client for 1:16800
got del_client for 1:16800
got del_client for 1:16800
got del_client for 1:16800
got del_client for 1:16800
got del_client for 1:16800
got del_client for 1:16800
got del_client for 1:16800
got del_client for 1:16799
got del_client for 1:16799
got del_client for 1:16799
got del_client for 1:16799
got del_client for 1:16799
got del_client for 1:16799
got del_client for 1:16799
got del_client for 1:16799
got del_client for 1:16799
got del_client for 1:16799
got del_client for 1:16798
got del_client for 1:16798
got del_client for 1:16798
got del_client for 1:16798
got del_client for 1:16798
got del_client for 1:16798
got del_client for 1:16798
got del_client for 1:16798
got del_client for 1:16798
got del_client for 1:16798
got del_client for 1:16797
got del_client for 1:16797
got del_client for 1:16797
got del_client for 1:16797
got del_client for 1:16797
got del_client for 1:16797
got del_client for 1:16797
got del_client for 1:16797
got del_client for 1:16797
got del_client for 1:16797
got del_client for 1:16828
got del_client for 1:16828
got del_client for 1:16828
got del_client for 1:16828
got del_client for 1:16828
got del_client for 1:16828
got del_client for 1:16828
got del_client for 1:16828
got del_client for 1:16828
got del_client for 1:16828
got del_client for 1:16829
got del_client for 1:16829
got del_client for 1:16829
got del_client for 1:16829
got del_client for 1:16829
got del_client for 1:16829
got del_client for 1:16829
got del_client for 1:16829
got del_client for 1:16829
got del_client for 1:16829
got del_client for 1:16830
got del_client for 1:16830
got del_client for 1:16830
got del_client for 1:16830
got del_client for 1:16830
got del_client for 1:16830
got del_client for 1:16830
got del_client for 1:16830
got del_client for 1:16830
got del_client for 1:16830
got del_client for 1:16831
got del_client for 1:16831
got del_client for 1:16831
got del_client for 1:16831
got del_client for 1:16831
got del_client for 1:16831
got del_client for 1:16831
got del_client for 1:16831
got del_client for 1:16831
got del_client for 1:16831
got del_client for 1:16832
got del_client for 1:16832
got del_client for 1:16832
got del_client for 1:16832
got del_client for 1:16832
got del_client for 1:16832
got del_client for 1:16832
got del_client for 1:16832
got del_client for 1:16832
got del_client for 1:16832
got del_client for 1:16833
got del_client for 1:16833
got del_client for 1:16833
got del_client for 1:16833
got del_client for 1:16833
got del_client for 1:16833
got del_client for 1:16833
got del_client for 1:16833
got del_client for 1:16833
got del_client for 1:16833
got del_client for 1:16834
got del_client for 1:16834
got del_client for 1:16834
got del_client for 1:16834
got del_client for 1:16834
got del_client for 1:16834
got del_client for 1:16834
got del_client for 1:16834
got del_client for 1:16834
got del_client for 1:16834
got del_client for 1:16835
got del_client for 1:16835
got del_client for 1:16835
got del_client for 1:16835
got del_client for 1:16835
got del_client for 1:16835
got del_client for 1:16835
got del_client for 1:16835
got del_client for 1:16835
got del_client for 1:16835
got del_client for 1:16836
got del_client for 1:16836
got del_client for 1:16836
got del_client for 1:16836
got del_client for 1:16836
got del_client for 1:16836
got del_client for 1:16836
got del_client for 1:16836
got del_client for 1:16836
got del_client for 1:16836
got del_client for 1:16837
got del_client for 1:16837
got del_client for 1:16837
got del_client for 1:16837
got del_client for 1:16837
got del_client for 1:16837
got del_client for 1:16837
got del_client for 1:16837
got del_client for 1:16837
got del_client for 1:16837
got del_client for 1:16838
got del_client for 1:16838
got del_client for 1:16838
got del_client for 1:16838
got del_client for 1:16838
got del_client for 1:16838
got del_client for 1:16838
got del_client for 1:16838
got del_client for 1:16838
got del_client for 1:16838
got del_client for 1:16839
got del_client for 1:16839
got del_client for 1:16839
got del_client for 1:16839
got del_client for 1:16839
got del_client for 1:16839
got del_client for 1:16839
got del_client for 1:16839
got del_client for 1:16839
got del_client for 1:16839
got del_client for 1:16840
got del_client for 1:16840
got del_client for 1:16840
got del_client for 1:16840
got del_client for 1:16840
got del_client for 1:16840
got del_client for 1:16840
got del_client for 1:16840
got del_client for 1:16840
got del_client for 1:16840
got del_client for 1:16841
got del_client for 1:16841
got del_client for 1:16841
got del_client for 1:16841
got del_client for 1:16841
got del_client for 1:16841
got del_client for 1:16841
got del_client for 1:16841
got del_client for 1:16841
got del_client for 1:16841
got del_client for 1:16842
got del_client for 1:16842
got del_client for 1:16842
got del_client for 1:16842
got del_client for 1:16842
got del_client for 1:16842
got del_client for 1:16842
got del_client for 1:16842
got del_client for 1:16842
got del_client for 1:16842
got del_client for 1:16843
got del_client for 1:16843
got del_client for 1:16843
got del_client for 1:16843
got del_client for 1:16843
got del_client for 1:16843
got del_client for 1:16843
got del_client for 1:16843
got del_client for 1:16843
got del_client for 1:16843
got del_client for 1:16844
got del_client for 1:16844
got del_client for 1:16844
got del_client for 1:16844
got del_client for 1:16844
got del_client for 1:16844
got del_client for 1:16844
got del_client for 1:16844
got del_client for 1:16844
got del_client for 1:16844
got del_client for 1:16845
got del_client for 1:16845
got del_client for 1:16845
got del_client for 1:16845
got del_client for 1:16845
got del_client for 1:16845
got del_client for 1:16845
got del_client for 1:16845
got del_client for 1:16845
got del_client for 1:16845
got del_client for 1:16846
got del_client for 1:16846
got del_client for 1:16846
got del_client for 1:16846
got del_client for 1:16846
got del_client for 1:16846
got del_client for 1:16846
got del_client for 1:16846
got del_client for 1:16846
got del_client for 1:16846
got del_client for 1:16847
got del_client for 1:16847
got del_client for 1:16847
got del_client for 1:16847
got del_client for 1:16847
got del_client for 1:16847
got del_client for 1:16847
got del_client for 1:16847
got del_client for 1:16847
got del_client for 1:16847
got del_client for 1:16848
got del_client for 1:16848
got del_client for 1:16848
got del_client for 1:16848
got del_client for 1:16848
got del_client for 1:16848
got del_client for 1:16848
got del_client for 1:16848
got del_client for 1:16848
got del_client for 1:16848
got del_client for 1:16849
got del_client for 1:16849
got del_client for 1:16849
got del_client for 1:16849
got del_client for 1:16849
got del_client for 1:16849
got del_client for 1:16849
got del_client for 1:16849
got del_client for 1:16849
got del_client for 1:16849
got del_client for 1:16850
got del_client for 1:16850
got del_client for 1:16850
got del_client for 1:16850
got del_client for 1:16850
got del_client for 1:16850
got del_client for 1:16850
got del_client for 1:16850
got del_client for 1:16850
got del_client for 1:16850
got del_client for 1:16851
got del_client for 1:16851
got del_client for 1:16851
got del_client for 1:16851
got del_client for 1:16851
got del_client for 1:16851
got del_client for 1:16851
got del_client for 1:16851
got del_client for 1:16851
got del_client for 1:16851
got del_client for 1:16852
got del_client for 1:16852
got del_client for 1:16852
got del_client for 1:16852
got del_client for 1:16852
got del_client for 1:16852
got del_client for 1:16852
got del_client for 1:16852
got del_client for 1:16852
got del_client for 1:16852
got del_client for 1:16853
got del_client for 1:16853
got del_client for 1:16853
got del_client for 1:16853
got del_client for 1:16853
got del_client for 1:16853
got del_client for 1:16853
got del_client for 1:16853
got del_client for 1:16853
got del_client for 1:16853
got del_client for 1:16854
got del_client for 1:16854
got del_client for 1:16854
got del_client for 1:16854
got del_client for 1:16854
got del_client for 1:16854
got del_client for 1:16854
got del_client for 1:16854
got del_client for 1:16854
got del_client for 1:16854
got del_client for 1:16855
got del_client for 1:16855
got del_client for 1:16855
got del_client for 1:16855
got del_client for 1:16855
got del_client for 1:16855
got del_client for 1:16855
got del_client for 1:16855
got del_client for 1:16855
got del_client for 1:16855
got del_client for 0:103
got del_client for 0:103
got del_client for 0:103
got del_client for 0:103
got del_client for 0:103
got del_client for 0:103
got del_client for 0:103
got del_client for 0:103
got del_client for 0:103
got del_client for 0:103
got del_client for 1:16856
got del_client for 1:16856
got del_client for 1:16856
got del_client for 1:16856
got del_client for 1:16856
got del_client for 1:16856
got del_client for 1:16856
got del_client for 1:16856
got del_client for 1:16856
got del_client for 1:16856
got del_client for 1:16857
got del_client for 1:16857
got del_client for 1:16857
got del_client for 1:16857
got del_client for 1:16857
got del_client for 1:16857
got del_client for 1:16857
got del_client for 1:16857
got del_client for 1:16857
got del_client for 1:16857
got del_client for 1:16858
got del_client for 1:16858
got del_client for 1:16858
got del_client for 1:16858
got del_client for 1:16858
got del_client for 1:16858
got del_client for 1:16858
got del_client for 1:16858
got del_client for 1:16858
got del_client for 1:16858
got del_client for 1:16859
got del_client for 1:16859
got del_client for 1:16859
got del_client for 1:16859
got del_client for 1:16859
got del_client for 1:16859
got del_client for 1:16859
got del_client for 1:16859
got del_client for 1:16859
got del_client for 1:16859
got del_client for 1:16860
got del_client for 1:16860
got del_client for 1:16860
got del_client for 1:16860
got del_client for 1:16860
got del_client for 1:16860
got del_client for 1:16860
got del_client for 1:16860
got del_client for 1:16860
got del_client for 1:16860
got del_client for 1:16861
got del_client for 1:16861
got del_client for 1:16861
got del_client for 1:16861
got del_client for 1:16861
got del_client for 1:16861
got del_client for 1:16861
got del_client for 1:16861
got del_client for 1:16861
got del_client for 1:16861
got del_client for 1:16862
got del_client for 1:16862
got del_client for 1:16862
got del_client for 1:16862
got del_client for 1:16862
got del_client for 1:16862
got del_client for 1:16862
got del_client for 1:16862
got del_client for 1:16862
got del_client for 1:16862
got del_client for 1:16863
got del_client for 1:16863
got del_client for 1:16863
got del_client for 1:16863
got del_client for 1:16863
got del_client for 1:16863
got del_client for 1:16863
got del_client for 1:16863
got del_client for 1:16863
got del_client for 1:16863
got del_client for 1:16864
got del_client for 1:16864
got del_client for 1:16864
got del_client for 1:16864
got del_client for 1:16864
got del_client for 1:16864
got del_client for 1:16864
got del_client for 1:16864
got del_client for 1:16864
got del_client for 1:16864
got del_client for 1:16865
got del_client for 1:16865
got del_client for 1:16865
got del_client for 1:16865
got del_client for 1:16865
got del_client for 1:16865
got del_client for 1:16865
got del_client for 1:16865
got del_client for 1:16865
got del_client for 1:16865
got del_client for 1:16866
got del_client for 1:16866
got del_client for 1:16866
got del_client for 1:16866
got del_client for 1:16866
got del_client for 1:16866
got del_client for 1:16866
got del_client for 1:16866
got del_client for 1:16866
got del_client for 1:16866
got del_client for 1:16867
got del_client for 1:16867
got del_client for 1:16867
got del_client for 1:16867
got del_client for 1:16867
got del_client for 1:16867
got del_client for 1:16867
got del_client for 1:16867
got del_client for 1:16867
got del_client for 1:16867
got del_client for 1:16868
got del_client for 1:16868
got del_client for 1:16868
got del_client for 1:16868
got del_client for 1:16868
got del_client for 1:16868
got del_client for 1:16868
got del_client for 1:16868
got del_client for 1:16868
got del_client for 1:16868
got del_client for 1:16869
got del_client for 1:16869
got del_client for 1:16869
got del_client for 1:16869
got del_client for 1:16869
got del_client for 1:16869
got del_client for 1:16869
got del_client for 1:16869
got del_client for 1:16869
got del_client for 1:16869
got del_client for 1:16870
got del_client for 1:16870
got del_client for 1:16870
got del_client for 1:16870
got del_client for 1:16870
got del_client for 1:16870
got del_client for 1:16870
got del_client for 1:16870
got del_client for 1:16870
got del_client for 1:16870
got del_client for 1:16871
got del_client for 1:16871
got del_client for 1:16871
got del_client for 1:16871
got del_client for 1:16871
got del_client for 1:16871
got del_client for 1:16871
got del_client for 1:16871
got del_client for 1:16871
got del_client for 1:16871
got del_client for 1:16872
got del_client for 1:16872
got del_client for 1:16872
got del_client for 1:16872
got del_client for 1:16872
got del_client for 1:16872
got del_client for 1:16872
got del_client for 1:16872
got del_client for 1:16872
got del_client for 1:16872
got del_client for 1:16873
got del_client for 1:16873
got del_client for 1:16873
got del_client for 1:16873
got del_client for 1:16873
got del_client for 1:16873
got del_client for 1:16873
got del_client for 1:16873
got del_client for 1:16873
got del_client for 1:16873
got del_client for 1:16874
got del_client for 1:16874
got del_client for 1:16874
got del_client for 1:16874
got del_client for 1:16874
got del_client for 1:16874
got del_client for 1:16874
got del_client for 1:16874
got del_client for 1:16874
got del_client for 1:16874
got del_client for 1:16875
got del_client for 1:16875
got del_client for 1:16875
got del_client for 1:16875
got del_client for 1:16875
got del_client for 1:16875
got del_client for 1:16875
got del_client for 1:16875
got del_client for 1:16875
got del_client for 1:16875
got del_client for 1:16876
got del_client for 1:16876
got del_client for 1:16876
got del_client for 1:16876
got del_client for 1:16876
got del_client for 1:16876
got del_client for 1:16876
got del_client for 1:16876
got del_client for 1:16876
got del_client for 1:16876
got del_client for 1:16877
got del_client for 1:16877
got del_client for 1:16877
got del_client for 1:16877
got del_client for 1:16877
got del_client for 1:16877
got del_client for 1:16877
got del_client for 1:16877
got del_client for 1:16877
got del_client for 1:16877
got del_client for 1:16878
got del_client for 1:16878
got del_client for 1:16878
got del_client for 1:16878
got del_client for 1:16878
got del_client for 1:16878
got del_client for 1:16878
got del_client for 1:16878
got del_client for 1:16878
got del_client for 1:16878
got del_client for 1:16879
got del_client for 1:16879
got del_client for 1:16879
got del_client for 1:16879
got del_client for 1:16879
got del_client for 1:16879
got del_client for 1:16879
got del_client for 1:16879
got del_client for 1:16879
got del_client for 1:16879
got del_client for 1:16880
got del_client for 1:16880
got del_client for 1:16880
got del_client for 1:16880
got del_client for 1:16880
got del_client for 1:16880
got del_client for 1:16880
got del_client for 1:16880
got del_client for 1:16880
got del_client for 1:16880
got del_client for 1:16881
got del_client for 1:16881
got del_client for 1:16881
got del_client for 1:16881
got del_client for 1:16881
got del_client for 1:16881
got del_client for 1:16881
got del_client for 1:16881
got del_client for 1:16881
got del_client for 1:16881
got del_client for 1:16882
got del_client for 1:16882
got del_client for 1:16882
got del_client for 1:16882
got del_client for 1:16882
got del_client for 1:16882
got del_client for 1:16882
got del_client for 1:16882
got del_client for 1:16882
got del_client for 1:16882
got del_client for 1:16883
got del_client for 1:16883
got del_client for 1:16883
got del_client for 1:16883
got del_client for 1:16883
got del_client for 1:16883
got del_client for 1:16883
got del_client for 1:16883
got del_client for 1:16883
got del_client for 1:16883
got del_client for 1:16884
got del_client for 1:16884
got del_client for 1:16884
got del_client for 1:16884
got del_client for 1:16884
got del_client for 1:16884
got del_client for 1:16884
got del_client for 1:16884
got del_client for 1:16884
got del_client for 1:16884
got del_client for 1:16885
got del_client for 1:16885
got del_client for 1:16885
got del_client for 1:16885
got del_client for 1:16885
got del_client for 1:16885
got del_client for 1:16885
got del_client for 1:16885
got del_client for 1:16885
got del_client for 1:16885
got del_client for 1:16886
got del_client for 1:16886
got del_client for 1:16886
got del_client for 1:16886
got del_client for 1:16886
got del_client for 1:16886
got del_client for 1:16886
got del_client for 1:16886
got del_client for 1:16886
got del_client for 1:16886
got del_client for 1:16887
got del_client for 1:16887
got del_client for 1:16887
got del_client for 1:16887
got del_client for 1:16887
got del_client for 1:16887
got del_client for 1:16887
got del_client for 1:16887
got del_client for 1:16887
got del_client for 1:16887
got del_client for 1:16888
got del_client for 1:16888
got del_client for 1:16888
got del_client for 1:16888
got del_client for 1:16888
got del_client for 1:16888
got del_client for 1:16888
got del_client for 1:16888
got del_client for 1:16888
got del_client for 1:16888
got del_client for 1:16889
got del_client for 1:16889
got del_client for 1:16889
got del_client for 1:16889
got del_client for 1:16889
got del_client for 1:16889
got del_client for 1:16889
got del_client for 1:16889
got del_client for 1:16889
got del_client for 1:16889
got del_client for 1:16890
got del_client for 1:16890
got del_client for 1:16890
got del_client for 1:16890
got del_client for 1:16890
got del_client for 1:16890
got del_client for 1:16890
got del_client for 1:16890
got del_client for 1:16890
got del_client for 1:16890
got del_client for 1:16891
got del_client for 1:16891
got del_client for 1:16891
got del_client for 1:16891
got del_client for 1:16891
got del_client for 1:16891
got del_client for 1:16891
got del_client for 1:16891
got del_client for 1:16891
got del_client for 1:16891
got del_client for 1:16892
got del_client for 1:16892
got del_client for 1:16892
got del_client for 1:16892
got del_client for 1:16892
got del_client for 1:16892
got del_client for 1:16892
got del_client for 1:16892
got del_client for 1:16892
got del_client for 1:16892
got del_client for 1:16893
got del_client for 1:16893
got del_client for 1:16893
got del_client for 1:16893
got del_client for 1:16893
got del_client for 1:16893
got del_client for 1:16893
got del_client for 1:16893
got del_client for 1:16893
got del_client for 1:16893
got del_client for 1:16894
got del_client for 1:16894
got del_client for 1:16894
got del_client for 1:16894
got del_client for 1:16894
got del_client for 1:16894
got del_client for 1:16894
got del_client for 1:16894
got del_client for 1:16894
got del_client for 1:16894
got del_client for 1:16895
got del_client for 1:16895
got del_client for 1:16895
got del_client for 1:16895
got del_client for 1:16895
got del_client for 1:16895
got del_client for 1:16895
got del_client for 1:16895
got del_client for 1:16895
got del_client for 1:16895
got del_client for 1:16896
got del_client for 1:16896
got del_client for 1:16896
got del_client for 1:16896
got del_client for 1:16896
got del_client for 1:16896
got del_client for 1:16896
got del_client for 1:16896
got del_client for 1:16896
got del_client for 1:16896
got del_client for 1:16897
got del_client for 1:16897
got del_client for 1:16897
got del_client for 1:16897
got del_client for 1:16897
got del_client for 1:16897
got del_client for 1:16897
got del_client for 1:16897
got del_client for 1:16897
got del_client for 1:16897
got del_client for 1:16898
got del_client for 1:16898
got del_client for 1:16898
got del_client for 1:16898
got del_client for 1:16898
got del_client for 1:16898
got del_client for 1:16898
got del_client for 1:16898
got del_client for 1:16898
got del_client for 1:16898
got del_client for 1:16899
got del_client for 1:16899
got del_client for 1:16899
got del_client for 1:16899
got del_client for 1:16899
got del_client for 1:16899
got del_client for 1:16899
got del_client for 1:16899
got del_client for 1:16899
got del_client for 1:16899
got del_client for 1:16900
got del_client for 1:16900
got del_client for 1:16900
got del_client for 1:16900
got del_client for 1:16900
got del_client for 1:16900
got del_client for 1:16900
got del_client for 1:16900
got del_client for 1:16900
got del_client for 1:16900
got del_client for 1:16901
got del_client for 1:16901
got del_client for 1:16901
got del_client for 1:16901
got del_client for 1:16901
got del_client for 1:16901
got del_client for 1:16901
got del_client for 1:16901
got del_client for 1:16901
got del_client for 1:16901
got del_client for 1:16902
got del_client for 1:16902
got del_client for 1:16902
got del_client for 1:16902
got del_client for 1:16902
got del_client for 1:16902
got del_client for 1:16902
got del_client for 1:16902
got del_client for 1:16902
got del_client for 1:16902
got del_client for 1:16903
got del_client for 1:16903
got del_client for 1:16903
got del_client for 1:16903
got del_client for 1:16903
got del_client for 1:16903
got del_client for 1:16903
got del_client for 1:16903
got del_client for 1:16903
got del_client for 1:16903
got del_client for 1:16904
got del_client for 1:16904
got del_client for 1:16904
got del_client for 1:16904
got del_client for 1:16904
got del_client for 1:16904
got del_client for 1:16904
got del_client for 1:16904
got del_client for 1:16904
got del_client for 1:16904
got del_client for 1:16905
got del_client for 1:16905
got del_client for 1:16905
got del_client for 1:16905
got del_client for 1:16905
got del_client for 1:16905
got del_client for 1:16905
got del_client for 1:16905
got del_client for 1:16905
got del_client for 1:16905
got del_client for 1:16906
got del_client for 1:16906
got del_client for 1:16906
got del_client for 1:16906
got del_client for 1:16906
got del_client for 1:16906
got del_client for 1:16906
got del_client for 1:16906
got del_client for 1:16906
got del_client for 1:16906
got del_client for 1:16907
got del_client for 1:16907
got del_client for 1:16907
got del_client for 1:16907
got del_client for 1:16907
got del_client for 1:16907
got del_client for 1:16907
got del_client for 1:16907
got del_client for 1:16907
got del_client for 1:16907
got del_client for 1:16908
got del_client for 1:16908
got del_client for 1:16908
got del_client for 1:16908
got del_client for 1:16908
got del_client for 1:16908
got del_client for 1:16908
got del_client for 1:16908
got del_client for 1:16908
got del_client for 1:16908
got del_client for 1:16909
got del_client for 1:16909
got del_client for 1:16909
got del_client for 1:16909
got del_client for 1:16909
got del_client for 1:16909
got del_client for 1:16909
got del_client for 1:16909
got del_client for 1:16909
got del_client for 1:16909
got del_client for 1:16910
got del_client for 1:16910
got del_client for 1:16910
got del_client for 1:16910
got del_client for 1:16910
got del_client for 1:16910
got del_client for 1:16910
got del_client for 1:16910
got del_client for 1:16910
got del_client for 1:16910
got del_client for 1:16911
got del_client for 1:16911
got del_client for 1:16911
got del_client for 1:16911
got del_client for 1:16911
got del_client for 1:16911
got del_client for 1:16911
got del_client for 1:16911
got del_client for 1:16911
got del_client for 1:16911
got del_client for 1:16912
got del_client for 1:16912
got del_client for 1:16912
got del_client for 1:16912
got del_client for 1:16912
got del_client for 1:16912
got del_client for 1:16912
got del_client for 1:16912
got del_client for 1:16912
got del_client for 1:16912
got del_client for 1:16913
got del_client for 1:16913
got del_client for 1:16913
got del_client for 1:16913
got del_client for 1:16913
got del_client for 1:16913
got del_client for 1:16913
got del_client for 1:16913
got del_client for 1:16913
got del_client for 1:16913
got del_client for 1:16914
got del_client for 1:16914
got del_client for 1:16914
got del_client for 1:16914
got del_client for 1:16914
got del_client for 1:16914
got del_client for 1:16914
got del_client for 1:16914
got del_client for 1:16914
got del_client for 1:16914
got del_client for 1:16915
got del_client for 1:16915
got del_client for 1:16915
got del_client for 1:16915
got del_client for 1:16915
got del_client for 1:16915
got del_client for 1:16915
got del_client for 1:16915
got del_client for 1:16915
got del_client for 1:16915
got del_client for 1:16916
got del_client for 1:16916
got del_client for 1:16916
got del_client for 1:16916
got del_client for 1:16916
got del_client for 1:16916
got del_client for 1:16916
got del_client for 1:16916
got del_client for 1:16916
got del_client for 1:16916
got del_client for 1:16917
got del_client for 1:16917
got del_client for 1:16917
got del_client for 1:16917
got del_client for 1:16917
got del_client for 1:16917
got del_client for 1:16917
got del_client for 1:16917
got del_client for 1:16917
got del_client for 1:16917
got del_client for 1:16918
got del_client for 1:16918
got del_client for 1:16918
got del_client for 1:16918
got del_client for 1:16918
got del_client for 1:16918
got del_client for 1:16918
got del_client for 1:16918
got del_client for 1:16918
got del_client for 1:16918
got del_client for 1:16919
got del_client for 1:16919
got del_client for 1:16919
got del_client for 1:16919
got del_client for 1:16919
got del_client for 1:16919
got del_client for 1:16919
got del_client for 1:16919
got del_client for 1:16919
got del_client for 1:16919
got del_client for 0:89
got del_client for 0:89
got del_client for 0:89
got del_client for 0:89
got del_client for 0:89
got del_client for 0:89
got del_client for 0:89
got del_client for 0:89
got del_client for 0:89
got del_client for 0:89
got del_client for 0:53
got del_client for 0:53
got del_client for 0:53
got del_client for 0:53
got del_client for 0:53
got del_client for 0:53
got del_client for 0:53
got del_client for 0:53
got del_client for 0:53
got del_client for 0:53
got del_client for 1:16920
got del_client for 1:16920
got del_client for 1:16920
got del_client for 1:16920
got del_client for 1:16920
got del_client for 1:16920
got del_client for 1:16920
got del_client for 1:16920
got del_client for 1:16920
got del_client for 1:16920
got del_client for 0:104
got del_client for 0:104
got del_client for 0:104
got del_client for 0:104
got del_client for 0:104
got del_client for 0:104
got del_client for 0:104
got del_client for 0:104
got del_client for 0:104
got del_client for 0:104
got bye for 0
got bye for 0
got bye for 0
got bye for 0
got bye for 0
got bye for 0
got bye for 0
got bye for 0
got bye for 0
got bye for 0
got del_client for 0:8
got del_client for 0:8
got del_client for 0:8
got del_client for 0:8
got del_client for 0:8
got del_client for 0:8
got del_client for 0:8
got del_client for 0:8
got del_client for 0:8
got del_client for 0:8
got del_client for 0:9
got del_client for 0:9
got del_client for 0:9
got del_client for 0:9
got del_client for 0:9
got del_client for 0:9
got del_client for 0:9
got del_client for 0:9
got del_client for 0:9
got del_client for 0:9
got del_client for 0:11
got del_client for 0:11
got del_client for 0:11
got del_client for 0:11
got del_client for 0:11
got del_client for 0:11
got del_client for 0:11
got del_client for 0:11
got del_client for 0:11
got del_client for 0:11
got del_client for 0:12
got del_client for 0:12
got del_client for 0:12
got del_client for 0:12
got del_client for 0:12
got del_client for 0:12
got del_client for 0:12
got del_client for 0:12
got del_client for 0:12
got del_client for 0:12
got del_client for 0:13
got del_client for 0:13
got del_client for 0:13
got del_client for 0:13
got del_client for 0:13
got del_client for 0:13
got del_client for 0:13
got del_client for 0:13
got del_client for 0:13
got del_client for 0:13
got del_client for 0:14
got del_client for 0:14
got del_client for 0:14
got del_client for 0:14
got del_client for 0:14
got del_client for 0:14
got del_client for 0:14
got del_client for 0:14
got del_client for 0:14
got del_client for 0:14
write request for /readwrite/server_check.txt (octet) from 0:29
got del_client for 1:16921
got del_client for 1:16921
got del_client for 1:16921
got del_client for 1:16921
got del_client for 1:16921
got del_client for 1:16921
got del_client for 1:16921
got del_client for 1:16921
got del_client for 1:16921
got del_client for 1:16921
got del_client for 0:29
got del_client for 0:29
got del_client for 0:29
got del_client for 0:29
got del_client for 0:29
got del_client for 0:29
got del_client for 0:29
got del_client for 0:29
got del_client for 0:29
got del_client for 0:29
read request for /readwrite/ota_firewall/ruleset (mode: octet, rsize: 0, seek: 0) from 0:30
tqftpserv: failed to open ota_firewall/ruleset: No such file or directory
unable to open /readwrite/ota_firewall/ruleset (2), reject
got del_client for 1:16922
got del_client for 1:16922
got del_client for 1:16922
got del_client for 1:16922
got del_client for 1:16922
got del_client for 1:16922
got del_client for 1:16922
got del_client for 1:16922
got del_client for 1:16922
got del_client for 1:16922
got del_client for 0:30
got del_client for 0:30
got del_client for 0:30
got del_client for 0:30
got del_client for 0:30
got del_client for 0:30
got del_client for 0:30
got del_client for 0:30
got del_client for 0:30
got del_client for 0:30
read request for /readwrite/ota_firewall/ruleset (mode: octet, rsize: 0, seek: 0) from 0:32
tqftpserv: failed to open ota_firewall/ruleset: No such file or directory
unable to open /readwrite/ota_firewall/ruleset (2), reject
read request for /readonly/firmware/image/modem_pr/so/848_0_0.mbn (mode: octet, rsize: 0, seek: 0) from 0:31
got del_client for 1:16923
got del_client for 1:16923
got del_client for 1:16923
got del_client for 1:16923
got del_client for 1:16923
got del_client for 1:16923
got del_client for 1:16923
got del_client for 1:16923
got del_client for 1:16923
got del_client for 1:16923
got del_client for 0:32
got del_client for 0:32
got del_client for 0:32
got del_client for 0:32
got del_client for 0:32
got del_client for 0:32
got del_client for 0:32
got del_client for 0:32
got del_client for 0:32
got del_client for 0:32
got del_client for 0:31
got del_client for 0:31
got del_client for 0:31
got del_client for 0:31
got del_client for 0:31
got del_client for 0:31
got del_client for 0:31
got del_client for 0:31
got del_client for 0:31
got del_client for 0:31
read request for /readonly/firmware/image/modem_pr/so/848_0_0.mbn (mode: octet, rsize: 52, seek: 0) from 0:33
got del_client for 1:16924
got del_client for 1:16924
got del_client for 1:16924
got del_client for 1:16924
got del_client for 1:16924
got del_client for 1:16924
got del_client for 1:16924
got del_client for 1:16924
got del_client for 1:16924
got del_client for 1:16924
Got ack for 0 from 0:33
Sending 56 bytes of DATA to 0:33
Sent block 1 of 56 to 0:33
Got ack for 1 from 0:33
got del_client for 1:16925
got del_client for 1:16925
got del_client for 1:16925
got del_client for 1:16925
got del_client for 1:16925
got del_client for 1:16925
got del_client for 1:16925
got del_client for 1:16925
got del_client for 1:16925
got del_client for 1:16925
got del_client for 0:33
got del_client for 0:33
got del_client for 0:33
got del_client for 0:33
got del_client for 0:33
got del_client for 0:33
got del_client for 0:33
got del_client for 0:33
got del_client for 0:33
got del_client for 0:33
read request for /readonly/firmware/image/modem_pr/so/848_0_0.mbn (mode: octet, rsize: 160, seek: 52) from 0:34
Got ack for 0 from 0:34
Sending 164 bytes of DATA to 0:34
Sent block 1 of 164 to 0:34
Got ack for 1 from 0:34
got del_client for 1:16926
got del_client for 1:16926
got del_client for 1:16926
got del_client for 1:16926
got del_client for 1:16926
got del_client for 1:16926
got del_client for 1:16926
got del_client for 1:16926
got del_client for 1:16926
got del_client for 1:16926
got del_client for 0:34
got del_client for 0:34
got del_client for 0:34
got del_client for 0:34
got del_client for 0:34
got del_client for 0:34
got del_client for 0:34
got del_client for 0:34
got del_client for 0:34
got del_client for 0:34
read request for /readonly/firmware/image/modem_pr/so/848_0_0.mbn (mode: octet, rsize: 3512, seek: 4096) from 0:35
Got ack for 0 from 0:35
Sending 3516 bytes of DATA to 0:35
Sent block 1 of 3516 to 0:35
Got ack for 1 from 0:35
got del_client for 1:16927
got del_client for 1:16927
got del_client for 1:16927
got del_client for 1:16927
got del_client for 1:16927
got del_client for 1:16927
got del_client for 1:16927
got del_client for 1:16927
got del_client for 1:16927
got del_client for 1:16927
got del_client for 0:35
got del_client for 0:35
got del_client for 0:35
got del_client for 0:35
got del_client for 0:35
got del_client for 0:35
got del_client for 0:35
got del_client for 0:35
got del_client for 0:35
got del_client for 0:35
read request for /readonly/firmware/image/modem_pr/so/848_0_0.mbn (mode: octet, rsize: 4096, seek: 0) from 0:36
Got ack for 0 from 0:36
Sending 4100 bytes of DATA to 0:36
Sent block 1 of 4100 to 0:36
Got ack for 1 from 0:36
got del_client for 1:16928
got del_client for 1:16928
got del_client for 1:16928
got del_client for 1:16928
got del_client for 1:16928
got del_client for 1:16928
got del_client for 1:16928
got del_client for 1:16928
got del_client for 1:16928
got del_client for 1:16928
got del_client for 0:36
got del_client for 0:36
got del_client for 0:36
got del_client for 0:36
got del_client for 0:36
got del_client for 0:36
got del_client for 0:36
got del_client for 0:36
got del_client for 0:36
got del_client for 0:36
read request for /readonly/firmware/image/modem_pr/so/848_0_0.mbn (mode: octet, rsize: 250361, seek: 8192) from 0:37
Got ack for 0 from 0:37
Sending 7684 bytes of DATA to 0:37
Sent block 1 of 7684 to 0:37
Sending 7684 bytes of DATA to 0:37
Sent block 2 of 7684 to 0:37
Sending 7684 bytes of DATA to 0:37
Sent block 3 of 7684 to 0:37
Sending 7684 bytes of DATA to 0:37
Sent block 4 of 7684 to 0:37
Sending 7684 bytes of DATA to 0:37
Sent block 5 of 7684 to 0:37
Sending 7684 bytes of DATA to 0:37
Sent block 6 of 7684 to 0:37
Sending 7684 bytes of DATA to 0:37
Sent block 7 of 7684 to 0:37
Sending 7684 bytes of DATA to 0:37
Sent block 8 of 7684 to 0:37
Sending 7684 bytes of DATA to 0:37
Sent block 9 of 7684 to 0:37
Sending 7684 bytes of DATA to 0:37
Sent block 10 of 7684 to 0:37
Got ack for 10 from 0:37
Sending 7684 bytes of DATA to 0:37
Sent block 11 of 7684 to 0:37
Sending 7684 bytes of DATA to 0:37
Sent block 12 of 7684 to 0:37
Sending 7684 bytes of DATA to 0:37
Sent block 13 of 7684 to 0:37
Sending 7684 bytes of DATA to 0:37
Sent block 14 of 7684 to 0:37
Sending 7684 bytes of DATA to 0:37
Sent block 15 of 7684 to 0:37
Sending 7684 bytes of DATA to 0:37
Sent block 16 of 7684 to 0:37
Sending 7684 bytes of DATA to 0:37
Sent block 17 of 7684 to 0:37
Sending 7684 bytes of DATA to 0:37
Sent block 18 of 7684 to 0:37
Sending 7684 bytes of DATA to 0:37
Sent block 19 of 7684 to 0:37
Sending 7684 bytes of DATA to 0:37
Sent block 20 of 7684 to 0:37
Got ack for 20 from 0:37
Sending 7684 bytes of DATA to 0:37
Sent block 21 of 7684 to 0:37
Sending 7684 bytes of DATA to 0:37
Sent block 22 of 7684 to 0:37
Sending 7684 bytes of DATA to 0:37
Sent block 23 of 7684 to 0:37
Sending 7684 bytes of DATA to 0:37
Sent block 24 of 7684 to 0:37
Sending 7684 bytes of DATA to 0:37
Sent block 25 of 7684 to 0:37
Sending 7684 bytes of DATA to 0:37
Sent block 26 of 7684 to 0:37
Sending 7684 bytes of DATA to 0:37
Sent block 27 of 7684 to 0:37
Sending 7684 bytes of DATA to 0:37
Sent block 28 of 7684 to 0:37
Sending 7684 bytes of DATA to 0:37
Sent block 29 of 7684 to 0:37
Sending 7684 bytes of DATA to 0:37
Sent block 30 of 7684 to 0:37
Got ack for 30 from 0:37
Sending 7684 bytes of DATA to 0:37
Sent block 31 of 7684 to 0:37
Sending 7684 bytes of DATA to 0:37
Sent block 32 of 7684 to 0:37
Sending 4605 bytes of DATA to 0:37
Sent block 33 of 4605 to 0:37
Got ack for 33 from 0:37
got del_client for 0:37
got del_client for 0:37
got del_client for 0:37
got del_client for 0:37
got del_client for 0:37
got del_client for 0:37
got del_client for 0:37
got del_client for 0:37
got del_client for 0:37
got del_client for 0:37
got del_client for 1:16929
got del_client for 1:16929
got del_client for 1:16929
got del_client for 1:16929
got del_client for 1:16929
got del_client for 1:16929
got del_client for 1:16929
got del_client for 1:16929
got del_client for 1:16929
got del_client for 1:16929
read request for /readonly/firmware/image/modem_pr/so/848_0_0.mbn (mode: octet, rsize: 213864, seek: 262144) from 0:39
Got ack for 0 from 0:39
Sending 7684 bytes of DATA to 0:39
Sent block 1 of 7684 to 0:39
Sending 7684 bytes of DATA to 0:39
Sent block 2 of 7684 to 0:39
Sending 7684 bytes of DATA to 0:39
Sent block 3 of 7684 to 0:39
Sending 7684 bytes of DATA to 0:39
Sent block 4 of 7684 to 0:39
Sending 7684 bytes of DATA to 0:39
Sent block 5 of 7684 to 0:39
Sending 7684 bytes of DATA to 0:39
Sent block 6 of 7684 to 0:39
Sending 7684 bytes of DATA to 0:39
Sent block 7 of 7684 to 0:39
Sending 7684 bytes of DATA to 0:39
Sent block 8 of 7684 to 0:39
Sending 7684 bytes of DATA to 0:39
Sent block 9 of 7684 to 0:39
Sending 7684 bytes of DATA to 0:39
Sent block 10 of 7684 to 0:39
Got ack for 10 from 0:39
Sending 7684 bytes of DATA to 0:39
Sent block 11 of 7684 to 0:39
Sending 7684 bytes of DATA to 0:39
Sent block 12 of 7684 to 0:39
Sending 7684 bytes of DATA to 0:39
Sent block 13 of 7684 to 0:39
Sending 7684 bytes of DATA to 0:39
Sent block 14 of 7684 to 0:39
Sending 7684 bytes of DATA to 0:39
Sent block 15 of 7684 to 0:39
Sending 7684 bytes of DATA to 0:39
Sent block 16 of 7684 to 0:39
Sending 7684 bytes of DATA to 0:39
Sent block 17 of 7684 to 0:39
Sending 7684 bytes of DATA to 0:39
Sent block 18 of 7684 to 0:39
Sending 7684 bytes of DATA to 0:39
Sent block 19 of 7684 to 0:39
Sending 7684 bytes of DATA to 0:39
Sent block 20 of 7684 to 0:39
Got ack for 20 from 0:39
Sending 7684 bytes of DATA to 0:39
Sent block 21 of 7684 to 0:39
Sending 7684 bytes of DATA to 0:39
Sent block 22 of 7684 to 0:39
Sending 7684 bytes of DATA to 0:39
Sent block 23 of 7684 to 0:39
Sending 7684 bytes of DATA to 0:39
Sent block 24 of 7684 to 0:39
Sending 7684 bytes of DATA to 0:39
Sent block 25 of 7684 to 0:39
Sending 7684 bytes of DATA to 0:39
Sent block 26 of 7684 to 0:39
Sending 7684 bytes of DATA to 0:39
Sent block 27 of 7684 to 0:39
Sending 6508 bytes of DATA to 0:39
Sent block 28 of 6508 to 0:39
Got ack for 28 from 0:39
got del_client for 1:16930
got del_client for 1:16930
got del_client for 1:16930
got del_client for 1:16930
got del_client for 1:16930
got del_client for 1:16930
got del_client for 1:16930
got del_client for 1:16930
got del_client for 1:16930
got del_client for 1:16930
got del_client for 0:39
got del_client for 0:39
got del_client for 0:39
got del_client for 0:39
got del_client for 0:39
got del_client for 0:39
got del_client for 0:39
got del_client for 0:39
got del_client for 0:39
got del_client for 0:39
got del_client for 1:16931
got del_client for 1:16931
got del_client for 1:16931
got del_client for 1:16931
got del_client for 1:16931
got del_client for 1:16931
got del_client for 1:16931
got del_client for 1:16931
got del_client for 1:16931
got del_client for 1:16931
got del_client for 1:16932
got del_client for 1:16932
got del_client for 1:16932
got del_client for 1:16932
got del_client for 1:16932
got del_client for 1:16932
got del_client for 1:16932
got del_client for 1:16932
got del_client for 1:16932
got del_client for 1:16932
got del_client for 1:16933
got del_client for 1:16933
got del_client for 1:16933
got del_client for 1:16933
got del_client for 1:16933
got del_client for 1:16933
got del_client for 1:16933
got del_client for 1:16933
got del_client for 1:16933
got del_client for 1:16933
read request for /readwrite/mcfg.tmp (mode: octet, rsize: 0, seek: 0) from 0:90
got del_client for 0:90
got del_client for 0:90
got del_client for 0:90
got del_client for 0:90
got del_client for 0:90
got del_client for 0:90
got del_client for 0:90
got del_client for 0:90
got del_client for 0:90
got del_client for 0:90
got del_client for 1:16934
got del_client for 1:16934
got del_client for 1:16934
got del_client for 1:16934
got del_client for 1:16934
got del_client for 1:16934
got del_client for 1:16934
got del_client for 1:16934
got del_client for 1:16934
got del_client for 1:16934
write request for /readwrite/mcfg.tmp (octet) from 0:91
got del_client for 1:16935
got del_client for 1:16935
got del_client for 1:16935
got del_client for 1:16935
got del_client for 1:16935
got del_client for 1:16935
got del_client for 1:16935
got del_client for 1:16935
got del_client for 1:16935
got del_client for 1:16935
got del_client for 0:91
got del_client for 0:91
got del_client for 0:91
got del_client for 0:91
got del_client for 0:91
got del_client for 0:91
got del_client for 0:91
got del_client for 0:91
got del_client for 0:91
got del_client for 0:91
read request for /readwrite/mcfg.tmp (mode: octet, rsize: 0, seek: 0) from 0:92
got del_client for 1:16936
got del_client for 1:16936
got del_client for 1:16936
got del_client for 1:16936
got del_client for 1:16936
got del_client for 1:16936
got del_client for 1:16936
got del_client for 1:16936
got del_client for 1:16936
got del_client for 1:16936
got del_client for 0:92
got del_client for 0:92
got del_client for 0:92
got del_client for 0:92
got del_client for 0:92
got del_client for 0:92
got del_client for 0:92
got del_client for 0:92
got del_client for 0:92
got del_client for 0:92
write request for /readwrite/mcfg.tmp (octet) from 0:93
Ignoring unknown option 'unlink' with value '0'
got del_client for 0:93
got del_client for 0:93
got del_client for 0:93
got del_client for 0:93
got del_client for 0:93
got del_client for 0:93
got del_client for 0:93
got del_client for 0:93
got del_client for 0:93
got del_client for 0:93
read request for /readonly/firmware/image/modem_pr/mcfg/configs/mcfg_hw/mbn_hw.dig (mode: octet, rsize: 0, seek: 0) from 0:94
got del_client for 1:16938
got del_client for 1:16938
got del_client for 1:16938
got del_client for 1:16938
got del_client for 1:16938
got del_client for 1:16938
got del_client for 1:16938
got del_client for 1:16938
got del_client for 1:16938
got del_client for 1:16938
got del_client for 0:94
got del_client for 0:94
got del_client for 0:94
got del_client for 0:94
got del_client for 0:94
got del_client for 0:94
got del_client for 0:94
got del_client for 0:94
got del_client for 0:94
got del_client for 0:94
read request for /readonly/firmware/image/modem_pr/mcfg/configs/mcfg_hw/mbn_hw.dig (mode: octet, rsize: 32, seek: 0) from 0:95
Got ack for 0 from 0:95
Sending 36 bytes of DATA to 0:95
Sent block 1 of 36 to 0:95
Got ack for 1 from 0:95
got del_client for 1:16939
got del_client for 1:16939
got del_client for 1:16939
got del_client for 1:16939
got del_client for 1:16939
got del_client for 1:16939
got del_client for 1:16939
got del_client for 1:16939
got del_client for 1:16939
got del_client for 1:16939
got del_client for 0:95
got del_client for 0:95
got del_client for 0:95
got del_client for 0:95
got del_client for 0:95
got del_client for 0:95
got del_client for 0:95
got del_client for 0:95
got del_client for 0:95
got del_client for 0:95
read request for /readonly/firmware/image/modem_pr/mcfg/configs/mcfg_sw/mbn_sw.dig (mode: octet, rsize: 0, seek: 0) from 0:96
got del_client for 1:16940
got del_client for 1:16940
got del_client for 1:16940
got del_client for 1:16940
got del_client for 1:16940
got del_client for 1:16940
got del_client for 1:16940
got del_client for 1:16940
got del_client for 1:16940
got del_client for 1:16940
got del_client for 0:96
got del_client for 0:96
got del_client for 0:96
got del_client for 0:96
got del_client for 0:96
got del_client for 0:96
got del_client for 0:96
got del_client for 0:96
got del_client for 0:96
got del_client for 0:96
read request for /readonly/firmware/image/modem_pr/mcfg/configs/mcfg_sw/mbn_sw.dig (mode: octet, rsize: 32, seek: 0) from 0:97
/readwrite/server_check.txt opened for writing from 0:29
/readonly/firmware/image/modem_pr/so/848_0_0.mbn opened for reading from 0:32
Reader received end of transfer from 0:32
/readonly/firmware/image/modem_pr/so/848_0_0.mbn opened for reading from 0:33
/readonly/firmware/image/modem_pr/so/848_0_0.mbn opened for reading from 0:34
/readonly/firmware/image/modem_pr/so/848_0_0.mbn opened for reading from 0:35
/readonly/firmware/image/modem_pr/so/848_0_0.mbn opened for reading from 0:36
/readonly/firmware/image/modem_pr/so/848_0_0.mbn opened for reading from 0:37
/readonly/firmware/image/modem_pr/so/848_0_0.mbn opened for reading from 0:39
/readwrite/mcfg.tmp opened for writing from 0:91
/readwrite/mcfg.tmp opened for writing from 0:92
/readwrite/mcfg.tmp opened for reading from 0:93
Reader received end of transfer from 0:93
/readwrite/mcfg.tmp opened for writing from 0:94
/readonly/firmware/image/modem_pr/mcfg/configs/mcfg_hw/mbn_hw.dig opened for reading from 0:95
Reader received end of transfer from 0:95
/readonly/firmware/image/modem_pr/mcfg/configs/mcfg_hw/mbn_hw.dig opened for reading from 0:96
/readonly/firmware/image/modem_pr/mcfg/configs/mcfg_sw/mbn_sw.dig opened for reading from 0:97
Reader received end of transfer from 0:97
/readonly/firmware/image/modem_pr/mcfg/configs/mcfg_sw/mbn_sw.dig opened for reading from 0:98
/readwrite/server_check.txt opened for writing from 0:29
/readonly/firmware/image/modem_pr/so/848_0_0.mbn opened for reading from 0:32
Reader received end of transfer from 0:32
/readonly/firmware/image/modem_pr/so/848_0_0.mbn opened for reading from 0:33
/readonly/firmware/image/modem_pr/so/848_0_0.mbn opened for reading from 0:34
/readonly/firmware/image/modem_pr/so/848_0_0.mbn opened for reading from 0:35
/readonly/firmware/image/modem_pr/so/848_0_0.mbn opened for reading from 0:37
/readonly/firmware/image/modem_pr/so/848_0_0.mbn opened for reading from 0:38
/readonly/firmware/image/modem_pr/so/848_0_0.mbn opened for reading from 0:41
/readwrite/mcfg.tmp opened for reading from 0:90
Reader received end of transfer from 0:90
/readwrite/mcfg.tmp opened for writing from 0:91
/readwrite/mcfg.tmp opened for reading from 0:92
Reader received end of transfer from 0:92
/readwrite/mcfg.tmp opened for writing from 0:93
/readonly/firmware/image/modem_pr/mcfg/configs/mcfg_hw/mbn_hw.dig opened for reading from 0:94
Reader received end of transfer from 0:94
/readonly/firmware/image/modem_pr/mcfg/configs/mcfg_hw/mbn_hw.dig opened for reading from 0:95
/readonly/firmware/image/modem_pr/mcfg/configs/mcfg_sw/mbn_sw.dig opened for reading from 0:96
Reader received end of transfer from 0:96
/readonly/firmware/image/modem_pr/mcfg/configs/mcfg_sw/mbn_sw.dig opened for reading from 0:97
/readwrite/server_check.txt opened for writing from 0:29
/readonly/firmware/image/modem_pr/so/848_0_0.mbn opened for reading from 0:31
Reader received end of transfer from 0:31
/readonly/firmware/image/modem_pr/so/848_0_0.mbn opened for reading from 0:33
/readonly/firmware/image/modem_pr/so/848_0_0.mbn opened for reading from 0:34
/readonly/firmware/image/modem_pr/so/848_0_0.mbn opened for reading from 0:35
/readonly/firmware/image/modem_pr/so/848_0_0.mbn opened for reading from 0:36
/readonly/firmware/image/modem_pr/so/848_0_0.mbn opened for reading from 0:37
/readonly/firmware/image/modem_pr/so/848_0_0.mbn opened for reading from 0:39
/readwrite/mcfg.tmp opened for reading from 0:90
Reader received end of transfer from 0:90
/readwrite/mcfg.tmp opened for writing from 0:91
/readwrite/mcfg.tmp opened for reading from 0:92
Reader received end of transfer from 0:92
/readwrite/mcfg.tmp opened for writing from 0:93
/readonly/firmware/image/modem_pr/mcfg/configs/mcfg_hw/mbn_hw.dig opened for reading from 0:94
Reader received end of transfer from 0:94
/readonly/firmware/image/modem_pr/mcfg/configs/mcfg_hw/mbn_hw.dig opened for reading from 0:95
/readonly/firmware/image/modem_pr/mcfg/configs/mcfg_sw/mbn_sw.dig opened for reading from 0:96
Reader received end of transfer from 0:96
/readonly/firmware/image/modem_pr/mcfg/configs/mcfg_sw/mbn_sw.dig Got ack for 0 from 0:97
Sending 36 bytes of DATA to 0:97
Sent block 1 of 36 to 0:97
Got ack for 1 from 0:97
got del_client for 1:16941
got del_client for 1:16941
got del_client for 1:16941
got del_client for 1:16941
got del_client for 1:16941
got del_client for 1:16941
got del_client for 1:16941
got del_client for 1:16941
got del_client for 1:16941
got del_client for 1:16941
got del_client for 0:97
got del_client for 0:97
got del_client for 0:97
got del_client for 0:97
got del_client for 0:97
got del_client for 0:97
got del_client for 0:97
got del_client for 0:97
got del_client for 0:97
got del_client for 0:97
got del_client for 1:16942
got del_client for 1:16942
got del_client for 1:16942
got del_client for 1:16942
got del_client for 1:16942
got del_client for 1:16942
got del_client for 1:16942
got del_client for 1:16942
got del_client for 1:16942
got del_client for 1:16942
got del_client for 1:16943
got del_client for 1:16943
got del_client for 1:16943
got del_client for 1:16943
got del_client for 1:16943
got del_client for 1:16943
got del_client for 1:16943
got del_client for 1:16943
got del_client for 1:16943
got del_client for 1:16943
got del_client for 1:16944
got del_client for 1:16944
got del_client for 1:16944
got del_client for 1:16944
got del_client for 1:16944
got del_client for 1:16944
got del_client for 1:16944
got del_client for 1:16944
got del_client for 1:16944
got del_client for 1:16944
got del_client for 1:16945
got del_client for 1:16945
got del_client for 1:16945
got del_client for 1:16945
got del_client for 1:16945
got del_client for 1:16945
got del_client for 1:16945
got del_client for 1:16945
got del_client for 1:16945
got del_client for 1:16945
got del_client for 1:16946
got del_client for 1:16946
got del_client for 1:16946
got del_client for 1:16946
got del_client for 1:16946
got del_client for 1:16946
got del_client for 1:16946
got del_client for 1:16946
got del_client for 1:16946
got del_client for 1:16946
got del_client for 1:16947
got del_client for 1:16947
got del_client for 1:16947
got del_client for 1:16947
got del_client for 1:16947
got del_client for 1:16947
got del_client for 1:16947
got del_client for 1:16947
got del_client for 1:16947
got del_client for 1:16947
got del_client for 1:16948
got del_client for 1:16948
got del_client for 1:16948
got del_client for 1:16948
got del_client for 1:16948
got del_client for 1:16948
got del_client for 1:16948
got del_client for 1:16948
got del_client for 1:16948
got del_client for 1:16948
got del_client for 1:16949
got del_client for 1:16949
got del_client for 1:16949
got del_client for 1:16949
got del_client for 1:16949
got del_client for 1:16949
got del_client for 1:16949
got del_client for 1:16949
got del_client for 1:16949
got del_client for 1:16949
got del_client for 1:16950
got del_client for 1:16950
got del_client for 1:16950
got del_client for 1:16950
got del_client for 1:16950
got del_client for 1:16950
got del_client for 1:16950
got del_client for 1:16950
got del_client for 1:16950
got del_client for 1:16950
got del_client for 1:16951
got del_client for 1:16951
got del_client for 1:16951
got del_client for 1:16951
got del_client for 1:16951
got del_client for 1:16951
got del_client for 1:16951
got del_client for 1:16951
got del_client for 1:16951
got del_client for 1:16951
got del_client for 1:16952
got del_client for 1:16952
got del_client for 1:16952
got del_client for 1:16952
got del_client for 1:16952
got del_client for 1:16952
got del_client for 1:16952
got del_client for 1:16952
got del_client for 1:16952
got del_client for 1:16952
got del_client for 1:16953
got del_client for 1:16953
got del_client for 1:16953
got del_client for 1:16953
got del_client for 1:16953
got del_client for 1:16953
got del_client for 1:16953
got del_client for 1:16953
got del_client for 1:16953
got del_client for 1:16953
got del_client for 1:16954
got del_client for 1:16954
got del_client for 1:16954
got del_client for 1:16954
got del_client for 1:16954
got del_client for 1:16954
got del_client for 1:16954
got del_client for 1:16954
got del_client for 1:16954
got del_client for 1:16954
got del_client for 1:16955
got del_client for 1:16955
got del_client for 1:16955
got del_client for 1:16955
got del_client for 1:16955
got del_client for 1:16955
got del_client for 1:16955
got del_client for 1:16955
got del_client for 1:16955
got del_client for 1:16955
got del_client for 1:16956
got del_client for 1:16956
got del_client for 1:16956
got del_client for 1:16956
got del_client for 1:16956
got del_client for 1:16956
got del_client for 1:16956
got del_client for 1:16956
got del_client for 1:16956
got del_client for 1:16956
got del_client for 1:16957
got del_client for 1:16957
got del_client for 1:16957
got del_client for 1:16957
got del_client for 1:16957
got del_client for 1:16957
got del_client for 1:16957
got del_client for 1:16957
got del_client for 1:16957
got del_client for 1:16957
got del_client for 1:16958
got del_client for 1:16958
got del_client for 1:16958
got del_client for 1:16958
got del_client for 1:16958
got del_client for 1:16958
got del_client for 1:16958
got del_client for 1:16958
got del_client for 1:16958
got del_client for 1:16958
got del_client for 1:16959
got del_client for 1:16959
got del_client for 1:16959
got del_client for 1:16959
got del_client for 1:16959
got del_client for 1:16959
got del_client for 1:16959
got del_client for 1:16959
got del_client for 1:16959
got del_client for 1:16959
got del_client for 1:16960
got del_client for 1:16960
got del_client for 1:16960
got del_client for 1:16960
got del_client for 1:16960
got del_client for 1:16960
got del_client for 1:16960
got del_client for 1:16960
got del_client for 1:16960
got del_client for 1:16960
got del_client for 1:16961
got del_client for 1:16961
got del_client for 1:16961
got del_client for 1:16961
got del_client for 1:16961
got del_client for 1:16961
got del_client for 1:16961
got del_client for 1:16961
got del_client for 1:16961
got del_client for 1:16961
got del_client for 1:16962
got del_client for 1:16962
got del_client for 1:16962
got del_client for 1:16962
got del_client for 1:16962
got del_client for 1:16962
got del_client for 1:16962
got del_client for 1:16962
got del_client for 1:16962
got del_client for 1:16962
got del_client for 1:16963
got del_client for 1:16963
got del_client for 1:16963
got del_client for 1:16963
got del_client for 1:16963
got del_client for 1:16963
got del_client for 1:16963
got del_client for 1:16963
got del_client for 1:16963
got del_client for 1:16963
got del_client for 1:16964
got del_client for 1:16964
got del_client for 1:16964
got del_client for 1:16964
got del_client for 1:16964
got del_client for 1:16964
got del_client for 1:16964
got del_client for 1:16964
got del_client for 1:16964
got del_client for 1:16964
got del_client for 1:16965
got del_client for 1:16965
got del_client for 1:16965
got del_client for 1:16965
got del_client for 1:16965
got del_client for 1:16965
got del_client for 1:16965
got del_client for 1:16965
got del_client for 1:16965
got del_client for 1:16965
got del_client for 1:16966
got del_client for 1:16966
got del_client for 1:16966
got del_client for 1:16966
got del_client for 1:16966
got del_client for 1:16966
got del_client for 1:16966
got del_client for 1:16966
got del_client for 1:16966
got del_client for 1:16966
got del_client for 1:16967
got del_client for 1:16967
got del_client for 1:16967
got del_client for 1:16967
got del_client for 1:16967
got del_client for 1:16967
got del_client for 1:16967
got del_client for 1:16967
got del_client for 1:16967
got del_client for 1:16967
got del_client for 1:16968
got del_client for 1:16968
got del_client for 1:16968
got del_client for 1:16968
got del_client for 1:16968
got del_client for 1:16968
got del_client for 1:16968
got del_client for 1:16968
got del_client for 1:16968
got del_client for 1:16968
got del_client for 1:16969
got del_client for 1:16969
got del_client for 1:16969
got del_client for 1:16969
got del_client for 1:16969
got del_client for 1:16969
got del_client for 1:16969
got del_client for 1:16969
got del_client for 1:16969
got del_client for 1:16969
got del_client for 1:16970
got del_client for 1:16970
got del_client for 1:16970
got del_client for 1:16970
got del_client for 1:16970
got del_client for 1:16970
got del_client for 1:16970
got del_client for 1:16970
got del_client for 1:16970
got del_client for 1:16970
got del_client for 1:16971
got del_client for 1:16971
got del_client for 1:16971
got del_client for 1:16971
got del_client for 1:16971
got del_client for 1:16971
got del_client for 1:16971
got del_client for 1:16971
got del_client for 1:16971
got del_client for 1:16971
got del_client for 1:16972
got del_client for 1:16972
got del_client for 1:16972
got del_client for 1:16972
got del_client for 1:16972
got del_client for 1:16972
got del_client for 1:16972
got del_client for 1:16972
got del_client for 1:16972
got del_client for 1:16972
got del_client for 1:16973
got del_client for 1:16973
got del_client for 1:16973
got del_client for 1:16973
got del_client for 1:16973
got del_client for 1:16973
got del_client for 1:16973
got del_client for 1:16973
got del_client for 1:16973
got del_client for 1:16973
got del_client for 1:16974
got del_client for 1:16974
got del_client for 1:16974
got del_client for 1:16974
got del_client for 1:16974
got del_client for 1:16974
got del_client for 1:16974
got del_client for 1:16974
got del_client for 1:16974
got del_client for 1:16974
got del_client for 1:16975
got del_client for 1:16975
got del_client for 1:16975
got del_client for 1:16975
got del_client for 1:16975
got del_client for 1:16975
got del_client for 1:16975
got del_client for 1:16975
got del_client for 1:16975
got del_client for 1:16975
got del_client for 1:16976
got del_client for 1:16976
got del_client for 1:16976
got del_client for 1:16976
got del_client for 1:16976
got del_client for 1:16976
got del_client for 1:16976
got del_client for 1:16976
got del_client for 1:16976
got del_client for 1:16976
got del_client for 1:16977
got del_client for 1:16977
got del_client for 1:16977
got del_client for 1:16977
got del_client for 1:16977
got del_client for 1:16977
got del_client for 1:16977
got del_client for 1:16977
got del_client for 1:16977
got del_client for 1:16977
got del_client for 1:16978
got del_client for 1:16978
got del_client for 1:16978
got del_client for 1:16978
got del_client for 1:16978
got del_client for 1:16978
got del_client for 1:16978
got del_client for 1:16978
got del_client for 1:16978
got del_client for 1:16978
got del_client for 1:16979
got del_client for 1:16979
got del_client for 1:16979
got del_client for 1:16979
got del_client for 1:16979
got del_client for 1:16979
got del_client for 1:16979
got del_client for 1:16979
got del_client for 1:16979
got del_client for 1:16979
got del_client for 1:16980
got del_client for 1:16980
got del_client for 1:16980
got del_client for 1:16980
got del_client for 1:16980
got del_client for 1:16980
got del_client for 1:16980
got del_client for 1:16980
got del_client for 1:16980
got del_client for 1:16980
got del_client for 0:101
got del_client for 0:101
got del_client for 0:101
got del_client for 0:101
got del_client for 0:101
got del_client for 0:101
got del_client for 0:101
got del_client for 0:101
got del_client for 0:101
got del_client for 0:101
got del_client for 1:16981
got del_client for 1:16981
got del_client for 1:16981
got del_client for 1:16981
got del_client for 1:16981
got del_client for 1:16981
got del_client for 1:16981
got del_client for 1:16981
got del_client for 1:16981
got del_client for 1:16981
got del_client for 1:16982
got del_client for 1:16982
got del_client for 1:16982
got del_client for 1:16982
got del_client for 1:16982
got del_client for 1:16982
got del_client for 1:16982
got del_client for 1:16982
got del_client for 1:16982
got del_client for 1:16982
got del_client for 1:16983
got del_client for 1:16983
got del_client for 1:16983
got del_client for 1:16983
got del_client for 1:16983
got del_client for 1:16983
got del_client for 1:16983
got del_client for 1:16983
got del_client for 1:16983
got del_client for 1:16983
got del_client for 1:16984
got del_client for 1:16984
got del_client for 1:16984
got del_client for 1:16984
got del_client for 1:16984
got del_client for 1:16984
got del_client for 1:16984
got del_client for 1:16984
got del_client for 1:16984
got del_client for 1:16984
got del_client for 1:16985
got del_client for 1:16985
got del_client for 1:16985
got del_client for 1:16985
got del_client for 1:16985
got del_client for 1:16985
got del_client for 1:16985
got del_client for 1:16985
got del_client for 1:16985
got del_client for 1:16985
got del_client for 1:16986
got del_client for 1:16986
got del_client for 1:16986
got del_client for 1:16986
got del_client for 1:16986
got del_client for 1:16986
got del_client for 1:16986
got del_client for 1:16986
got del_client for 1:16986
got del_client for 1:16986
got del_client for 1:16987
got del_client for 1:16987
got del_client for 1:16987
got del_client for 1:16987
got del_client for 1:16987
got del_client for 1:16987
got del_client for 1:16987
got del_client for 1:16987
got del_client for 1:16987
got del_client for 1:16987
got del_client for 1:16988
got del_client for 1:16988
got del_client for 1:16988
got del_client for 1:16988
got del_client for 1:16988
got del_client for 1:16988
got del_client for 1:16988
got del_client for 1:16988
got del_client for 1:16988
got del_client for 1:16988
got del_client for 1:16989
got del_client for 1:16989
got del_client for 1:16989
got del_client for 1:16989
got del_client for 1:16989
got del_client for 1:16989
got del_client for 1:16989
got del_client for 1:16989
got del_client for 1:16989
got del_client for 1:16989
got del_client for 1:16990
got del_client for 1:16990
got del_client for 1:16990
got del_client for 1:16990
got del_client for 1:16990
got del_client for 1:16990
got del_client for 1:16990
got del_client for 1:16990
got del_client for 1:16990
got del_client for 1:16990
got del_client for 1:16991
got del_client for 1:16991
got del_client for 1:16991
got del_client for 1:16991
got del_client for 1:16991
got del_client for 1:16991
got del_client for 1:16991
got del_client for 1:16991
got del_client for 1:16991
got del_client for 1:16991
got del_client for 1:16992
got del_client for 1:16992
got del_client for 1:16992
got del_client for 1:16992
got del_client for 1:16992
got del_client for 1:16992
got del_client for 1:16992
got del_client for 1:16992
got del_client for 1:16992
got del_client for 1:16992
got del_client for 1:16993
got del_client for 1:16993
got del_client for 1:16993
got del_client for 1:16993
got del_client for 1:16993
got del_client for 1:16993
got del_client for 1:16993
got del_client for 1:16993
got del_client for 1:16993
got del_client for 1:16993
got del_client for 1:16994
got del_client for 1:16994
got del_client for 1:16994
got del_client for 1:16994
got del_client for 1:16994
got del_client for 1:16994
got del_client for 1:16994
got del_client for 1:16994
got del_client for 1:16994
got del_client for 1:16994
got del_client for 1:16995
got del_client for 1:16995
got del_client for 1:16995
got del_client for 1:16995
got del_client for 1:16995
got del_client for 1:16995
got del_client for 1:16995
got del_client for 1:16995
got del_client for 1:16995
got del_client for 1:16995
got del_client for 1:16996
got del_client for 1:16996
got del_client for 1:16996
got del_client for 1:16996
got del_client for 1:16996
got del_client for 1:16996
got del_client for 1:16996
got del_client for 1:16996
got del_client for 1:16996
got del_client for 1:16996
got del_client for 1:16997
got del_client for 1:16997
got del_client for 1:16997
got del_client for 1:16997
got del_client for 1:16997
got del_client for 1:16997
got del_client for 1:16997
got del_client for 1:16997
got del_client for 1:16997
got del_client for 1:16997
got del_client for 1:16998
got del_client for 1:16998
got del_client for 1:16998
got del_client for 1:16998
got del_client for 1:16998
got del_client for 1:16998
got del_client for 1:16998
got del_client for 1:16998
got del_client for 1:16998
got del_client for 1:16998
got del_client for 1:16999
got del_client for 1:16999
got del_client for 1:16999
got del_client for 1:16999
got del_client for 1:16999
got del_client for 1:16999
got del_client for 1:16999
got del_client for 1:16999
got del_client for 1:16999
got del_client for 1:16999
got del_client for 1:17000
got del_client for 1:17000
got del_client for 1:17000
got del_client for 1:17000
got del_client for 1:17000
got del_client for 1:17000
got del_client for 1:17000
got del_client for 1:17000
got del_client for 1:17000
got del_client for 1:17000
got del_client for 1:17001
got del_client for 1:17001
got del_client for 1:17001
got del_client for 1:17001
got del_client for 1:17001
got del_client for 1:17001
got del_client for 1:17001
got del_client for 1:17001
got del_client for 1:17001
got del_client for 1:17001
got del_client for 1:17002
got del_client for 1:17002
got del_client for 1:17002
got del_client for 1:17002
got del_client for 1:17002
got del_client for 1:17002
got del_client for 1:17002
got del_client for 1:17002
got del_client for 1:17002
got del_client for 1:17002
got del_client for 1:17003
got del_client for 1:17003
got del_client for 1:17003
got del_client for 1:17003
got del_client for 1:17003
got del_client for 1:17003
got del_client for 1:17003
got del_client for 1:17003
got del_client for 1:17003
got del_client for 1:17003
got del_client for 1:17004
got del_client for 1:17004
got del_client for 1:17004
got del_client for 1:17004
got del_client for 1:17004
got del_client for 1:17004
got del_client for 1:17004
got del_client for 1:17004
got del_client for 1:17004
got del_client for 1:17004
got del_client for 1:17005
got del_client for 1:17005
got del_client for 1:17005
got del_client for 1:17005
got del_client for 1:17005
got del_client for 1:17005
got del_client for 1:17005
got del_client for 1:17005
got del_client for 1:17005
got del_client for 1:17005
got del_client for 1:17006
got del_client for 1:17006
got del_client for 1:17006
got del_client for 1:17006
got del_client for 1:17006
got del_client for 1:17006
got del_client for 1:17006
got del_client for 1:17006
got del_client for 1:17006
got del_client for 1:17006
got del_client for 1:17007
got del_client for 1:17007
got del_client for 1:17007
got del_client for 1:17007
got del_client for 1:17007
got del_client for 1:17007
got del_client for 1:17007
got del_client for 1:17007
got del_client for 1:17007
got del_client for 1:17007
got del_client for 1:17008
got del_client for 1:17008
got del_client for 1:17008
got del_client for 1:17008
got del_client for 1:17008
got del_client for 1:17008
got del_client for 1:17008
got del_client for 1:17008
got del_client for 1:17008
got del_client for 1:17008
got del_client for 1:17009
got del_client for 1:17009
got del_client for 1:17009
got del_client for 1:17009
got del_client for 1:17009
got del_client for 1:17009
got del_client for 1:17009
got del_client for 1:17009
got del_client for 1:17009
got del_client for 1:17009
got del_client for 1:17010
got del_client for 1:17010
got del_client for 1:17010
got del_client for 1:17010
got del_client for 1:17010
got del_client for 1:17010
got del_client for 1:17010
got del_client for 1:17010
got del_client for 1:17010
got del_client for 1:17010
got del_client for 1:17011
got del_client for 1:17011
got del_client for 1:17011
got del_client for 1:17011
got del_client for 1:17011
got del_client for 1:17011
got del_client for 1:17011
got del_client for 1:17011
got del_client for 1:17011
got del_client for 1:17011
got del_client for 1:17012
got del_client for 1:17012
got del_client for 1:17012
got del_client for 1:17012
got del_client for 1:17012
got del_client for 1:17012
got del_client for 1:17012
got del_client for 1:17012
got del_client for 1:17012
got del_client for 1:17012
got del_client for 1:17013
got del_client for 1:17013
got del_client for 1:17013
got del_client for 1:17013
got del_client for 1:17013
got del_client for 1:17013
got del_client for 1:17013
got del_client for 1:17013
got del_client for 1:17013
got del_client for 1:17013
got del_client for 1:17014
got del_client for 1:17014
got del_client for 1:17014
got del_client for 1:17014
got del_client for 1:17014
got del_client for 1:17014
got del_client for 1:17014
got del_client for 1:17014
got del_client for 1:17014
got del_client for 1:17014
got del_client for 1:17015
got del_client for 1:17015
got del_client for 1:17015
got del_client for 1:17015
got del_client for 1:17015
got del_client for 1:17015
got del_client for 1:17015
got del_client for 1:17015
got del_client for 1:17015
got del_client for 1:17015
got del_client for 1:17016
got del_client for 1:17016
got del_client for 1:17016
got del_client for 1:17016
got del_client for 1:17016
got del_client for 1:17016
got del_client for 1:17016
got del_client for 1:17016
got del_client for 1:17016
got del_client for 1:17016
got del_client for 1:17017
got del_client for 1:17017
got del_client for 1:17017
got del_client for 1:17017
got del_client for 1:17017
got del_client for 1:17017
got del_client for 1:17017
got del_client for 1:17017
got del_client for 1:17017
got del_client for 1:17017
got del_client for 1:17018
got del_client for 1:17018
got del_client for 1:17018
got del_client for 1:17018
got del_client for 1:17018
got del_client for 1:17018
got del_client for 1:17018
got del_client for 1:17018
got del_client for 1:17018
got del_client for 1:17018
got del_client for 1:17019
got del_client for 1:17019
got del_client for 1:17019
got del_client for 1:17019
got del_client for 1:17019
got del_client for 1:17019
got del_client for 1:17019
got del_client for 1:17019
got del_client for 1:17019
got del_client for 1:17019
got del_client for 1:17020
got del_client for 1:17020
got del_client for 1:17020
got del_client for 1:17020
got del_client for 1:17020
got del_client for 1:17020
got del_client for 1:17020
got del_client for 1:17020
got del_client for 1:17020
got del_client for 1:17020
got del_client for 1:17021
got del_client for 1:17021
got del_client for 1:17021
got del_client for 1:17021
got del_client for 1:17021
got del_client for 1:17021
got del_client for 1:17021
got del_client for 1:17021
got del_client for 1:17021
got del_client for 1:17021
got del_client for 1:17022
got del_client for 1:17022
got del_client for 1:17022
got del_client for 1:17022
got del_client for 1:17022
got del_client for 1:17022
got del_client for 1:17022
got del_client for 1:17022
got del_client for 1:17022
got del_client for 1:17022
got del_client for 1:17023
got del_client for 1:17023
got del_client for 1:17023
got del_client for 1:17023
got del_client for 1:17023
got del_client for 1:17023
got del_client for 1:17023
got del_client for 1:17023
got del_client for 1:17023
got del_client for 1:17023
got del_client for 1:17024
got del_client for 1:17024
got del_client for 1:17024
got del_client for 1:17024
got del_client for 1:17024
got del_client for 1:17024
got del_client for 1:17024
got del_client for 1:17024
got del_client for 1:17024
got del_client for 1:17024
got del_client for 1:17025
got del_client for 1:17025
got del_client for 1:17025
got del_client for 1:17025
got del_client for 1:17025
got del_client for 1:17025
got del_client for 1:17025
got del_client for 1:17025
got del_client for 1:17025
got del_client for 1:17025
got del_client for 1:17026
got del_client for 1:17026
got del_client for 1:17026
got del_client for 1:17026
got del_client for 1:17026
got del_client for 1:17026
got del_client for 1:17026
got del_client for 1:17026
got del_client for 1:17026
got del_client for 1:17026
got del_client for 1:17027
got del_client for 1:17027
got del_client for 1:17027
got del_client for 1:17027
got del_client for 1:17027
got del_client for 1:17027
got del_client for 1:17027
got del_client for 1:17027
got del_client for 1:17027
got del_client for 1:17027
got del_client for 1:17028
got del_client for 1:17028
got del_client for 1:17028
got del_client for 1:17028
got del_client for 1:17028
got del_client for 1:17028
got del_client for 1:17028
got del_client for 1:17028
got del_client for 1:17028
got del_client for 1:17028
got del_client for 1:17029
got del_client for 1:17029
got del_client for 1:17029
got del_client for 1:17029
got del_client for 1:17029
got del_client for 1:17029
got del_client for 1:17029
got del_client for 1:17029
got del_client for 1:17029
got del_client for 1:17029
got del_client for 1:17030
got del_client for 1:17030
got del_client for 1:17030
got del_client for 1:17030
got del_client for 1:17030
got del_client for 1:17030
got del_client for 1:17030
got del_client for 1:17030
got del_client for 1:17030
got del_client for 1:17030
got del_client for 1:17031
got del_client for 1:17031
got del_client for 1:17031
got del_client for 1:17031
got del_client for 1:17031
got del_client for 1:17031
got del_client for 1:17031
got del_client for 1:17031
got del_client for 1:17031
got del_client for 1:17031
got del_client for 1:17032
got del_client for 1:17032
got del_client for 1:17032
got del_client for 1:17032
got del_client for 1:17032
got del_client for 1:17032
got del_client for 1:17032
got del_client for 1:17032
got del_client for 1:17032
got del_client for 1:17032
got del_client for 1:17033
got del_client for 1:17033
got del_client for 1:17033
got del_client for 1:17033
got del_client for 1:17033
got del_client for 1:17033
got del_client for 1:17033
got del_client for 1:17033
got del_client for 1:17033
got del_client for 1:17033
got del_client for 1:17034
got del_client for 1:17034
got del_client for 1:17034
got del_client for 1:17034
got del_client for 1:17034
got del_client for 1:17034
got del_client for 1:17034
got del_client for 1:17034
got del_client for 1:17034
got del_client for 1:17034
got del_client for 1:17035
got del_client for 1:17035
got del_client for 1:17035
got del_client for 1:17035
got del_client for 1:17035
got del_client for 1:17035
got del_client for 1:17035
got del_client for 1:17035
got del_client for 1:17035
got del_client for 1:17035
got del_client for 1:17036
got del_client for 1:17036
got del_client for 1:17036
got del_client for 1:17036
got del_client for 1:17036
got del_client for 1:17036
got del_client for 1:17036
got del_client for 1:17036
got del_client for 1:17036
got del_client for 1:17036
got del_client for 1:17037
got del_client for 1:17037
got del_client for 1:17037
got del_client for 1:17037
got del_client for 1:17037
got del_client for 1:17037
got del_client for 1:17037
got del_client for 1:17037
got del_client for 1:17037
got del_client for 1:17037
got del_client for 1:17038
got del_client for 1:17038
got del_client for 1:17038
got del_client for 1:17038
got del_client for 1:17038
got del_client for 1:17038
got del_client for 1:17038
got del_client for 1:17038
got del_client for 1:17038
got del_client for 1:17038
got del_client for 1:17039
got del_client for 1:17039
got del_client for 1:17039
got del_client for 1:17039
got del_client for 1:17039
got del_client for 1:17039
got del_client for 1:17039
got del_client for 1:17039
got del_client for 1:17039
got del_client for 1:17039
got del_client for 1:17040
got del_client for 1:17040
got del_client for 1:17040
got del_client for 1:17040
got del_client for 1:17040
got del_client for 1:17040
got del_client for 1:17040
got del_client for 1:17040
got del_client for 1:17040
got del_client for 1:17040
got del_client for 1:17041
got del_client for 1:17041
got del_client for 1:17041
got del_client for 1:17041
got del_client for 1:17041
got del_client for 1:17041
got del_client for 1:17041
got del_client for 1:17041
got del_client for 1:17041
got del_client for 1:17041
got del_client for 1:17042
got del_client for 1:17042
got del_client for 1:17042
got del_client for 1:17042
got del_client for 1:17042
got del_client for 1:17042
got del_client for 1:17042
got del_client for 1:17042
got del_client for 1:17042
got del_client for 1:17042
got del_client for 1:17043
got del_client for 1:17043
got del_client for 1:17043
got del_client for 1:17043
got del_client for 1:17043
got del_client for 1:17043
got del_client for 1:17043
got del_client for 1:17043
got del_client for 1:17043
got del_client for 1:17043
got del_client for 1:17044
got del_client for 1:17044
got del_client for 1:17044
got del_client for 1:17044
got del_client for 1:17044
got del_client for 1:17044
got del_client for 1:17044
got del_client for 1:17044
got del_client for 1:17044
got del_client for 1:17044
got del_client for 1:17045
got del_client for 1:17045
got del_client for 1:17045
got del_client for 1:17045
got del_client for 1:17045
got del_client for 1:17045
got del_client for 1:17045
got del_client for 1:17045
got del_client for 1:17045
got del_client for 1:17045
got del_client for 1:17046
got del_client for 1:17046
got del_client for 1:17046
got del_client for 1:17046
got del_client for 1:17046
got del_client for 1:17046
got del_client for 1:17046
got del_client for 1:17046
got del_client for 1:17046
got del_client for 1:17046
got del_client for 1:17047
got del_client for 1:17047
got del_client for 1:17047
got del_client for 1:17047
got del_client for 1:17047
got del_client for 1:17047
got del_client for 1:17047
got del_client for 1:17047
got del_client for 1:17047
got del_client for 1:17047
got del_client for 1:17048
got del_client for 1:17048
got del_client for 1:17048
got del_client for 1:17048
got del_client for 1:17048
got del_client for 1:17048
got del_client for 1:17048
got del_client for 1:17048
got del_client for 1:17048
got del_client for 1:17048
got del_client for 1:17049
got del_client for 1:17049
got del_client for 1:17049
got del_client for 1:17049
got del_client for 1:17049
got del_client for 1:17049
got del_client for 1:17049
got del_client for 1:17049
got del_client for 1:17049
got del_client for 1:17049
got del_client for 1:17050
got del_client for 1:17050
got del_client for 1:17050
got del_client for 1:17050
got del_client for 1:17050
got del_client for 1:17050
got del_client for 1:17050
got del_client for 1:17050
got del_client for 1:17050
got del_client for 1:17050
got del_client for 1:17051
got del_client for 1:17051
got del_client for 1:17051
got del_client for 1:17051
got del_client for 1:17051
got del_client for 1:17051
got del_client for 1:17051
got del_client for 1:17051
got del_client for 1:17051
got del_client for 1:17051
got del_client for 1:17052
got del_client for 1:17052
got del_client for 1:17052
got del_client for 1:17052
got del_client for 1:17052
got del_client for 1:17052
got del_client for 1:17052
got del_client for 1:17052
got del_client for 1:17052
got del_client for 1:17052
got del_client for 1:17053
got del_client for 1:17053
got del_client for 1:17053
got del_client for 1:17053
got del_client for 1:17053
got del_client for 1:17053
got del_client for 1:17053
got del_client for 1:17053
got del_client for 1:17053
got del_client for 1:17053
got del_client for 1:17054
got del_client for 1:17054
got del_client for 1:17054
got del_client for 1:17054
got del_client for 1:17054
got del_client for 1:17054
got del_client for 1:17054
got del_client for 1:17054
got del_client for 1:17054
got del_client for 1:17054
got del_client for 1:17055
got del_client for 1:17055
got del_client for 1:17055
got del_client for 1:17055
got del_client for 1:17055
got del_client for 1:17055
got del_client for 1:17055
got del_client for 1:17055
got del_client for 1:17055
got del_client for 1:17055
got del_client for 1:17056
got del_client for 1:17056
got del_client for 1:17056
got del_client for 1:17056
got del_client for 1:17056
got del_client for 1:17056
got del_client for 1:17056
got del_client for 1:17056
got del_client for 1:17056
got del_client for 1:17056
got del_client for 1:17057
got del_client for 1:17057
got del_client for 1:17057
got del_client for 1:17057
got del_client for 1:17057
got del_client for 1:17057
got del_client for 1:17057
got del_client for 1:17057
got del_client for 1:17057
got del_client for 1:17057
got del_client for 1:17058
got del_client for 1:17058
got del_client for 1:17058
got del_client for 1:17058
got del_client for 1:17058
got del_client for 1:17058
got del_client for 1:17058
got del_client for 1:17058
got del_client for 1:17058
got del_client for 1:17058
got del_client for 1:17059
got del_client for 1:17059
got del_client for 1:17059
got del_client for 1:17059
got del_client for 1:17059
got del_client for 1:17059
got del_client for 1:17059
got del_client for 1:17059
got del_client for 1:17059
got del_client for 1:17059
got del_client for 1:17060
got del_client for 1:17060
got del_client for 1:17060
got del_client for 1:17060
got del_client for 1:17060
got del_client for 1:17060
got del_client for 1:17060
got del_client for 1:17060
got del_client for 1:17060
got del_client for 1:17060
got del_client for 1:17061
got del_client for 1:17061
got del_client for 1:17061
got del_client for 1:17061
got del_client for 1:17061
got del_client for 1:17061
got del_client for 1:17061
got del_client for 1:17061
got del_client for 1:17061
got del_client for 1:17061
got del_client for 1:17062
got del_client for 1:17062
got del_client for 1:17062
got del_client for 1:17062
got del_client for 1:17062
got del_client for 1:17062
got del_client for 1:17062
got del_client for 1:17062
got del_client for 1:17062
got del_client for 1:17062
got del_client for 1:17063
got del_client for 1:17063
got del_client for 1:17063
got del_client for 1:17063
got del_client for 1:17063
got del_client for 1:17063
got del_client for 1:17063
got del_client for 1:17063
got del_client for 1:17063
got del_client for 1:17063
got del_client for 1:17064
got del_client for 1:17064
got del_client for 1:17064
got del_client for 1:17064
got del_client for 1:17064
got del_client for 1:17064
got del_client for 1:17064
got del_client for 1:17064
got del_client for 1:17064
got del_client for 1:17064
got del_client for 1:17065
got del_client for 1:17065
got del_client for 1:17065
got del_client for 1:17065
got del_client for 1:17065
got del_client for 1:17065
got del_client for 1:17065
got del_client for 1:17065
got del_client for 1:17065
got del_client for 1:17065
got del_client for 1:17066
got del_client for 1:17066
got del_client for 1:17066
got del_client for 1:17066
got del_client for 1:17066
got del_client for 1:17066
got del_client for 1:17066
got del_client for 1:17066
got del_client for 1:17066
got del_client for 1:17066
got del_client for 1:17067
got del_client for 1:17067
got del_client for 1:17067
got del_client for 1:17067
got del_client for 1:17067
got del_client for 1:17067
got del_client for 1:17067
got del_client for 1:17067
got del_client for 1:17067
got del_client for 1:17067
got del_client for 1:17068
got del_client for 1:17068
got del_client for 1:17068
got del_client for 1:17068
got del_client for 1:17068
got del_client for 1:17068
got del_client for 1:17068
got del_client for 1:17068
got del_client for 1:17068
got del_client for 1:17068
got del_client for 1:17069
got del_client for 1:17069
got del_client for 1:17069
got del_client for 1:17069
got del_client for 1:17069
got del_client for 1:17069
got del_client for 1:17069
got del_client for 1:17069
got del_client for 1:17069
got del_client for 1:17069
got del_client for 1:17070
got del_client for 1:17070
got del_client for 1:17070
got del_client for 1:17070
got del_client for 1:17070
got del_client for 1:17070
got del_client for 1:17070
got del_client for 1:17070
got del_client for 1:17070
got del_client for 1:17070
got del_client for 1:17071
got del_client for 1:17071
got del_client for 1:17071
got del_client for 1:17071
got del_client for 1:17071
got del_client for 1:17071
got del_client for 1:17071
got del_client for 1:17071
got del_client for 1:17071
got del_client for 1:17071
got del_client for 1:17072
got del_client for 1:17072
got del_client for 1:17072
got del_client for 1:17072
got del_client for 1:17072
got del_client for 1:17072
got del_client for 1:17072
got del_client for 1:17072
got del_client for 1:17072
got del_client for 1:17072
got del_client for 1:17073
got del_client for 1:17073
got del_client for 1:17073
got del_client for 1:17073
got del_client for 1:17073
got del_client for 1:17073
got del_client for 1:17073
got del_client for 1:17073
got del_client for 1:17073
got del_client for 1:17073
got del_client for 0:102
got del_client for 0:102
got del_client for 0:102
got del_client for 0:102
got del_client for 0:102
got del_client for 0:102
got del_client for 0:102
got del_client for 0:102
got del_client for 0:102
got del_client for 0:102
got del_client for 1:17074
got del_client for 1:17074
got del_client for 1:17074
got del_client for 1:17074
got del_client for 1:17074
got del_client for 1:17074
got del_client for 1:17074
got del_client for 1:17074
got del_client for 1:17074
got del_client for 1:17074
got del_client for 1:17076
got del_client for 1:17076
got del_client for 1:17076
got del_client for 1:17076
got del_client for 1:17076
got del_client for 1:17076
got del_client for 1:17076
got del_client for 1:17076
got del_client for 1:17076
got del_client for 1:17076
got del_client for 1:17077
got del_client for 1:17077
got del_client for 1:17077
got del_client for 1:17077
got del_client for 1:17077
got del_client for 1:17077
got del_client for 1:17077
got del_client for 1:17077
got del_client for 1:17077
got del_client for 1:17077
got del_client for 1:17078
got del_client for 1:17078
got del_client for 1:17078
got del_client for 1:17078
got del_client for 1:17078
got del_client for 1:17078
got del_client for 1:17078
got del_client for 1:17078
got del_client for 1:17078
got del_client for 1:17078
got del_client for 1:17079
got del_client for 1:17079
got del_client for 1:17079
got del_client for 1:17079
got del_client for 1:17079
got del_client for 1:17079
got del_client for 1:17079
got del_client for 1:17079
got del_client for 1:17079
got del_client for 1:17079
got del_client for 1:17080
got del_client for 1:17080
got del_client for 1:17080
got del_client for 1:17080
got del_client for 1:17080
got del_client for 1:17080
got del_client for 1:17080
got del_client for 1:17080
got del_client for 1:17080
got del_client for 1:17080
got del_client for 1:17075
got del_client for 1:17075
got del_client for 1:17075
got del_client for 1:17075
got del_client for 1:17075
got del_client for 1:17075
got del_client for 1:17075
got del_client for 1:17075
got del_client for 1:17075
got del_client for 1:17075
got del_client for 1:17083
got del_client for 1:17083
got del_client for 1:17083
got del_client for 1:17083
got del_client for 1:17083
got del_client for 1:17083
got del_client for 1:17083
got del_client for 1:17083
got del_client for 1:17083
got del_client for 1:17083
got del_client for 1:17084
got del_client for 1:17084
got del_client for 1:17084
got del_client for 1:17084
got del_client for 1:17084
got del_client for 1:17084
got del_client for 1:17084
got del_client for 1:17084
got del_client for 1:17084
got del_client for 1:17084
got del_client for 1:17085
got del_client for 1:17085
got del_client for 1:17085
got del_client for 1:17085
got del_client for 1:17085
got del_client for 1:17085
got del_client for 1:17085
got del_client for 1:17085
got del_client for 1:17085
got del_client for 1:17085
got del_client for 1:17086
got del_client for 1:17086
got del_client for 1:17086
got del_client for 1:17086
got del_client for 1:17086
got del_client for 1:17086
got del_client for 1:17086
got del_client for 1:17086
got del_client for 1:17086
got del_client for 1:17086
got del_client for 1:17087
got del_client for 1:17087
got del_client for 1:17087
got del_client for 1:17087
got del_client for 1:17087
got del_client for 1:17087
got del_client for 1:17087
got del_client for 1:17087
got del_client for 1:17087
got del_client for 1:17087
got del_client for 0:89
got del_client for 0:89
got del_client for 0:89
got del_client for 0:89
got del_client for 0:89
got del_client for 0:89
got del_client for 0:89
got del_client for 0:89
got del_client for 0:89
got del_client for 0:89
got del_client for 0:53
got del_client for 0:53
got del_client for 0:53
got del_client for 0:53
got del_client for 0:53
got del_client for 0:53
got del_client for 0:53
got del_client for 0:53
got del_client for 0:53
got del_client for 0:53
got del_client for 0:104
got del_client for 0:104
got del_client for 0:104
got del_client for 0:104
got del_client for 0:104
got del_client for 0:104
got del_client for 0:104
got del_client for 0:104
got del_client for 0:104
got del_client for 0:104
got bye for 0
got bye for 0
got bye for 0
got bye for 0
got bye for 0
got bye for 0
got bye for 0
got bye for 0
got bye for 0
got bye for 0
got del_client for 1:17088
got del_client for 1:17088
got del_client for 1:17088
got del_client for 1:17088
got del_client for 1:17088
got del_client for 1:17088
got del_client for 1:17088
got del_client for 1:17088
got del_client for 1:17088
got del_client for 1:17088
got del_client for 1:17089
got del_client for 1:17089
got del_client for 1:17089
got del_client for 1:17089
got del_client for 1:17089
got del_client for 1:17089
got del_client for 1:17089
got del_client for 1:17089
got del_client for 1:17089
got del_client for 1:17089
got del_client for 0:8
got del_client for 0:8
got del_client for 0:8
got del_client for 0:8
got del_client for 0:8
got del_client for 0:8
got del_client for 0:8
got del_client for 0:8
got del_client for 0:8
got del_client for 0:8
got del_client for 0:9
got del_client for 0:9
got del_client for 0:9
got del_client for 0:9
got del_client for 0:9
got del_client for 0:9
got del_client for 0:9
got del_client for 0:9
got del_client for 0:9
got del_client for 0:9
got del_client for 0:11
got del_client for 0:11
got del_client for 0:11
got del_client for 0:11
got del_client for 0:11
got del_client for 0:11
got del_client for 0:11
got del_client for 0:11
got del_client for 0:11
got del_client for 0:11
got del_client for 0:12
got del_client for 0:12
got del_client for 0:12
got del_client for 0:12
got del_client for 0:12
got del_client for 0:12
got del_client for 0:12
got del_client for 0:12
got del_client for 0:12
got del_client for 0:12
got del_client for 0:13
got del_client for 0:13
got del_client for 0:13
got del_client for 0:13
got del_client for 0:13
got del_client for 0:13
got del_client for 0:13
got del_client for 0:13
got del_client for 0:13
got del_client for 0:13
got del_client for 0:14
got del_client for 0:14
got del_client for 0:14
got del_client for 0:14
got del_client for 0:14
got del_client for 0:14
got del_client for 0:14
got del_client for 0:14
got del_client for 0:14
got del_client for 0:14
got del_client for 1:17090
got del_client for 1:17090
got del_client for 1:17090
got del_client for 1:17090
got del_client for 1:17090
got del_client for 1:17090
got del_client for 1:17090
got del_client for 1:17090
got del_client for 1:17090
got del_client for 1:17090
got del_client for 1:17091
got del_client for 1:17091
got del_client for 1:17091
got del_client for 1:17091
got del_client for 1:17091
got del_client for 1:17091
got del_client for 1:17091
got del_client for 1:17091
got del_client for 1:17091
got del_client for 1:17091
write request for /readwrite/server_check.txt (octet) from 0:29
got del_client for 1:17092
got del_client for 1:17092
got del_client for 1:17092
got del_client for 1:17092
got del_client for 1:17092
got del_client for 1:17092
got del_client for 1:17092
got del_client for 1:17092
got del_client for 1:17092
got del_client for 1:17092
got del_client for 0:29
got del_client for 0:29
got del_client for 0:29
got del_client for 0:29
got del_client for 0:29
got del_client for 0:29
got del_client for 0:29
got del_client for 0:29
got del_client for 0:29
got del_client for 0:29
read request for /readwrite/ota_firewall/ruleset (mode: octet, rsize: 0, seek: 0) from 0:30
tqftpserv: failed to open ota_firewall/ruleset: No such file or directory
unable to open /readwrite/ota_firewall/ruleset (2), reject
got del_client for 1:17093
got del_client for 1:17093
got del_client for 1:17093
got del_client for 1:17093
got del_client for 1:17093
got del_client for 1:17093
got del_client for 1:17093
got del_client for 1:17093
got del_client for 1:17093
got del_client for 1:17093
got del_client for 0:30
got del_client for 0:30
got del_client for 0:30
got del_client for 0:30
got del_client for 0:30
got del_client for 0:30
got del_client for 0:30
got del_client for 0:30
got del_client for 0:30
got del_client for 0:30
read request for /readwrite/ota_firewall/ruleset (mode: octet, rsize: 0, seek: 0) from 0:31
tqftpserv: failed to open ota_firewall/ruleset: No such file or directory
unable to open /readwrite/ota_firewall/ruleset (2), reject
got del_client for 1:17094
got del_client for 1:17094
got del_client for 1:17094
got del_client for 1:17094
got del_client for 1:17094
got del_client for 1:17094
got del_client for 1:17094
got del_client for 1:17094
got del_client for 1:17094
got del_client for 1:17094
got del_client for 0:31
got del_client for 0:31
got del_client for 0:31
got del_client for 0:31
got del_client for 0:31
got del_client for 0:31
got del_client for 0:31
got del_client for 0:31
got del_client for 0:31
got del_client for 0:31
read request for /readonly/firmware/image/modem_pr/so/848_0_0.mbn (mode: octet, rsize: 0, seek: 0) from 0:32
got del_client for 1:17095
got del_client for 1:17095
got del_client for 1:17095
got del_client for 1:17095
got del_client for 1:17095
got del_client for 1:17095
got del_client for 1:17095
got del_client for 1:17095
got del_client for 1:17095
got del_client for 1:17095
read request for /readonly/firmware/image/modem_pr/so/848_0_0.mbn (mode: octet, rsize: 52, seek: 0) from 0:33
got del_client for 0:32
got del_client for 0:32
got del_client for 0:32
got del_client for 0:32
got del_client for 0:32
got del_client for 0:32
got del_client for 0:32
got del_client for 0:32
got del_client for 0:32
got del_client for 0:32
Got ack for 0 from 0:33
Sending 56 bytes of DATA to 0:33
Sent block 1 of 56 to 0:33
Got ack for 1 from 0:33
got del_client for 1:17096
got del_client for 1:17096
got del_client for 1:17096
got del_client for 1:17096
got del_client for 1:17096
got del_client for 1:17096
got del_client for 1:17096
got del_client for 1:17096
got del_client for 1:17096
got del_client for 1:17096
got del_client for 0:33
got del_client for 0:33
got del_client for 0:33
got del_client for 0:33
got del_client for 0:33
got del_client for 0:33
got del_client for 0:33
got del_client for 0:33
got del_client for 0:33
got del_client for 0:33
read request for /readonly/firmware/image/modem_pr/so/848_0_0.mbn (mode: octet, rsize: 160, seek: 52) from 0:34
Got ack for 0 from 0:34
Sending 164 bytes of DATA to 0:34
Sent block 1 of 164 to 0:34
Got ack for 1 from 0:34
got del_client for 1:17097
got del_client for 1:17097
got del_client for 1:17097
got del_client for 1:17097
got del_client for 1:17097
got del_client for 1:17097
got del_client for 1:17097
got del_client for 1:17097
got del_client for 1:17097
got del_client for 1:17097
read request for /readonly/firmware/image/modem_pr/so/848_0_0.mbn (mode: octet, rsize: 3512, seek: 4096) from 0:36
got del_client for 0:34
got del_client for 0:34
got del_client for 0:34
got del_client for 0:34
got del_client for 0:34
got del_client for 0:34
got del_client for 0:34
got del_client for 0:34
got del_client for 0:34
got del_client for 0:34
Got ack for 0 from 0:36
Sending 3516 bytes of DATA to 0:36
Sent block 1 of 3516 to 0:36
Got ack for 1 from 0:36
got del_client for 1:17098
got del_client for 1:17098
got del_client for 1:17098
got del_client for 1:17098
got del_client for 1:17098
got del_client for 1:17098
got del_client for 1:17098
got del_client for 1:17098
got del_client for 1:17098
got del_client for 1:17098
got del_client for 0:36
got del_client for 0:36
got del_client for 0:36
got del_client for 0:36
got del_client for 0:36
got del_client for 0:36
got del_client for 0:36
got del_client for 0:36
got del_client for 0:36
got del_client for 0:36
read request for /readonly/firmware/image/modem_pr/so/848_0_0.mbn (mode: octet, rsize: 4096, seek: 0) from 0:37
Got ack for 0 from 0:37
Sending 4100 bytes of DATA to 0:37
Sent block 1 of 4100 to 0:37
Got ack for 1 from 0:37
read request for /readonly/firmware/image/modem_pr/so/848_0_0.mbn (mode: octet, rsize: 250361, seek: 8192) from 0:38
got del_client for 0:37
got del_client for 0:37
got del_client for 0:37
got del_client for 0:37
got del_client for 0:37
got del_client for 0:37
got del_client for 0:37
got del_client for 0:37
got del_client for 0:37
got del_client for 0:37
got del_client for 1:17099
got del_client for 1:17099
got del_client for 1:17099
got del_client for 1:17099
got del_client for 1:17099
got del_client for 1:17099
got del_client for 1:17099
got del_client for 1:17099
got del_client for 1:17099
got del_client for 1:17099
Got ack for 0 from 0:38
Sending 7684 bytes of DATA to 0:38
Sent block 1 of 7684 to 0:38
Sending 7684 bytes of DATA to 0:38
Sent block 2 of 7684 to 0:38
Sending 7684 bytes of DATA to 0:38
Sent block 3 of 7684 to 0:38
Sending 7684 bytes of DATA to 0:38
Sent block 4 of 7684 to 0:38
Sending 7684 bytes of DATA to 0:38
Sent block 5 of 7684 to 0:38
Sending 7684 bytes of DATA to 0:38
Sent block 6 of 7684 to 0:38
Sending 7684 bytes of DATA to 0:38
Sent block 7 of 7684 to 0:38
Sending 7684 bytes of DATA to 0:38
Sent block 8 of 7684 to 0:38
Sending 7684 bytes of DATA to 0:38
Sent block 9 of 7684 to 0:38
Sending 7684 bytes of DATA to 0:38
Sent block 10 of 7684 to 0:38
Got ack for 10 from 0:38
Sending 7684 bytes of DATA to 0:38
Sent block 11 of 7684 to 0:38
Sending 7684 bytes of DATA to 0:38
Sent block 12 of 7684 to 0:38
Sending 7684 bytes of DATA to 0:38
Sent block 13 of 7684 to 0:38
Sending 7684 bytes of DATA to 0:38
Sent block 14 of 7684 to 0:38
Sending 7684 bytes of DATA to 0:38
Sent block 15 of 7684 to 0:38
Sending 7684 bytes of DATA to 0:38
Sent block 16 of 7684 to 0:38
Sending 7684 bytes of DATA to 0:38
Sent block 17 of 7684 to 0:38
Sending 7684 bytes of DATA to 0:38
Sent block 18 of 7684 to 0:38
Sending 7684 bytes of DATA to 0:38
Sent block 19 of 7684 to 0:38
Sending 7684 bytes of DATA to 0:38
Sent block 20 of 7684 to 0:38
Got ack for 20 from 0:38
Sending 7684 bytes of DATA to 0:38
Sent block 21 of 7684 to 0:38
Sending 7684 bytes of DATA to 0:38
Sent block 22 of 7684 to 0:38
Sending 7684 bytes of DATA to 0:38
Sent block 23 of 7684 to 0:38
Sending 7684 bytes of DATA to 0:38
Sent block 24 of 7684 to 0:38
Sending 7684 bytes of DATA to 0:38
Sent block 25 of 7684 to 0:38
Sending 7684 bytes of DATA to 0:38
Sent block 26 of 7684 to 0:38
Sending 7684 bytes of DATA to 0:38
Sent block 27 of 7684 to 0:38
Sending 7684 bytes of DATA to 0:38
Sent block 28 of 7684 to 0:38
Sending 7684 bytes of DATA to 0:38
Sent block 29 of 7684 to 0:38
Sending 7684 bytes of DATA to 0:38
Sent block 30 of 7684 to 0:38
Got ack for 30 from 0:38
Sending 7684 bytes of DATA to 0:38
Sent block 31 of 7684 to 0:38
Sending 7684 bytes of DATA to 0:38
Sent block 32 of 7684 to 0:38
Sending 4605 bytes of DATA to 0:38
Sent block 33 of 4605 to 0:38
Got ack for 33 from 0:38
got del_client for 1:17100
got del_client for 1:17100
got del_client for 1:17100
got del_client for 1:17100
got del_client for 1:17100
got del_client for 1:17100
got del_client for 1:17100
got del_client for 1:17100
got del_client for 1:17100
got del_client for 1:17100
got del_client for 0:38
got del_client for 0:38
got del_client for 0:38
got del_client for 0:38
got del_client for 0:38
got del_client for 0:38
got del_client for 0:38
got del_client for 0:38
got del_client for 0:38
got del_client for 0:38
read request for /readonly/firmware/image/modem_pr/so/848_0_0.mbn (mode: octet, rsize: 213864, seek: 262144) from 0:41
Got ack for 0 from 0:41
Sending 7684 bytes of DATA to 0:41
Sent block 1 of 7684 to 0:41
Sending 7684 bytes of DATA to 0:41
Sent block 2 of 7684 to 0:41
Sending 7684 bytes of DATA to 0:41
Sent block 3 of 7684 to 0:41
Sending 7684 bytes of DATA to 0:41
Sent block 4 of 7684 to 0:41
Sending 7684 bytes of DATA to 0:41
Sent block 5 of 7684 to 0:41
Sending 7684 bytes of DATA to 0:41
Sent block 6 of 7684 to 0:41
Sending 7684 bytes of DATA to 0:41
Sent block 7 of 7684 to 0:41
Sending 7684 bytes of DATA to 0:41
Sent block 8 of 7684 to 0:41
Sending 7684 bytes of DATA to 0:41
Sent block 9 of 7684 to 0:41
Sending 7684 bytes of DATA to 0:41
Sent block 10 of 7684 to 0:41
Got ack for 10 from 0:41
Sending 7684 bytes of DATA to 0:41
Sent block 11 of 7684 to 0:41
Sending 7684 bytes of DATA to 0:41
Sent block 12 of 7684 to 0:41
Sending 7684 bytes of DATA to 0:41
Sent block 13 of 7684 to 0:41
Sending 7684 bytes of DATA to 0:41
Sent block 14 of 7684 to 0:41
Sending 7684 bytes of DATA to 0:41
Sent block 15 of 7684 to 0:41
Sending 7684 bytes of DATA to 0:41
Sent block 16 of 7684 to 0:41
Sending 7684 bytes of DATA to 0:41
Sent block 17 of 7684 to 0:41
Sending 7684 bytes of DATA to 0:41
Sent block 18 of 7684 to 0:41
Sending 7684 bytes of DATA to 0:41
Sent block 19 of 7684 to 0:41
Sending 7684 bytes of DATA to 0:41
Sent block 20 of 7684 to 0:41
Got ack for 20 from 0:41
Sending 7684 bytes of DATA to 0:41
Sent block 21 of 7684 to 0:41
Sending 7684 bytes of DATA to 0:41
Sent block 22 of 7684 to 0:41
Sending 7684 bytes of DATA to 0:41
Sent block 23 of 7684 to 0:41
Sending 7684 bytes of DATA to 0:41
Sent block 24 of 7684 to 0:41
Sending 7684 bytes of DATA to 0:41
Sent block 25 of 7684 to 0:41
Sending 7684 bytes of DATA to 0:41
Sent block 26 of 7684 to 0:41
Sending 7684 bytes of DATA to 0:41
Sent block 27 of 7684 to 0:41
Sending 6508 bytes of DATA to 0:41
Sent block 28 of 6508 to 0:41
Got ack for 28 from 0:41
got del_client for 1:17101
got del_client for 1:17101
got del_client for 1:17101
got del_client for 1:17101
got del_client for 1:17101
got del_client for 1:17101
got del_client for 1:17101
got del_client for 1:17101
got del_client for 1:17101
got del_client for 1:17101
got del_client for 0:41
got del_client for 0:41
got del_client for 0:41
got del_client for 0:41
got del_client for 0:41
got del_client for 0:41
got del_client for 0:41
got del_client for 0:41
got del_client for 0:41
got del_client for 0:41
got del_client for 1:17102
got del_client for 1:17102
got del_client for 1:17102
got del_client for 1:17102
got del_client for 1:17102
got del_client for 1:17102
got del_client for 1:17102
got del_client for 1:17102
got del_client for 1:17102
got del_client for 1:17102
got del_client for 1:17103
got del_client for 1:17103
got del_client for 1:17103
got del_client for 1:17103
got del_client for 1:17103
got del_client for 1:17103
got del_client for 1:17103
got del_client for 1:17103
got del_client for 1:17103
got del_client for 1:17103
got del_client for 1:17104
got del_client for 1:17104
got del_client for 1:17104
got del_client for 1:17104
got del_client for 1:17104
got del_client for 1:17104
got del_client for 1:17104
got del_client for 1:17104
got del_client for 1:17104
got del_client for 1:17104
read request for /readwrite/mcfg.tmp (mode: octet, rsize: 0, seek: 0) from 0:90
got del_client for 0:90
got del_client for 0:90
got del_client for 0:90
got del_client for 0:90
got del_client for 0:90
got del_client for 0:90
got del_client for 0:90
got del_client for 0:90
got del_client for 0:90
got del_client for 0:90
got del_client for 1:17105
got del_client for 1:17105
got del_client for 1:17105
got del_client for 1:17105
got del_client for 1:17105
got del_client for 1:17105
got del_client for 1:17105
got del_client for 1:17105
got del_client for 1:17105
got del_client for 1:17105
write request for /readwrite/mcfg.tmp (octet) from 0:91
got del_client for 1:17106
got del_client for 1:17106
got del_client for 1:17106
got del_client for 1:17106
got del_client for 1:17106
got del_client for 1:17106
got del_client for 1:17106
got del_client for 1:17106
got del_client for 1:17106
got del_client for 1:17106
got del_client for 0:91
got del_client for 0:91
got del_client for 0:91
got del_client for 0:91
got del_client for 0:91
got del_client for 0:91
got del_client for 0:91
got del_client for 0:91
got del_client for 0:91
got del_client for 0:91
read request for /readwrite/mcfg.tmp (mode: octet, rsize: 0, seek: 0) from 0:92
got del_client for 1:17107
got del_client for 1:17107
got del_client for 1:17107
got del_client for 1:17107
got del_client for 1:17107
got del_client for 1:17107
got del_client for 1:17107
got del_client for 1:17107
got del_client for 1:17107
got del_client for 1:17107
got del_client for 0:92
got del_client for 0:92
got del_client for 0:92
got del_client for 0:92
got del_client for 0:92
got del_client for 0:92
got del_client for 0:92
got del_client for 0:92
got del_client for 0:92
got del_client for 0:92
write request for /readwrite/mcfg.tmp (octet) from 0:93
Ignoring unknown option 'unlink' with value '0'
got del_client for 0:93
got del_client for 0:93
got del_client for 0:93
got del_client for 0:93
got del_client for 0:93
got del_client for 0:93
got del_client for 0:93
got del_client for 0:93
got del_client for 0:93
got del_client for 0:93
read request for /readonly/firmware/image/modem_pr/mcfg/configs/mcfg_hw/mbn_hw.dig (mode: octet, rsize: 0, seek: 0) from 0:94
got del_client for 1:17109
got del_client for 1:17109
got del_client for 1:17109
got del_client for 1:17109
got del_client for 1:17109
got del_client for 1:17109
got del_client for 1:17109
got del_client for 1:17109
got del_client for 1:17109
got del_client for 1:17109
got del_client for 0:94
got del_client for 0:94
got del_client for 0:94
got del_client for 0:94
got del_client for 0:94
got del_client for 0:94
got del_client for 0:94
got del_client for 0:94
got del_client for 0:94
got del_client for 0:94
read request for /readonly/firmware/image/modem_pr/mcfg/configs/mcfg_hw/mbn_hw.dig (mode: octet, rsize: 32, seek: 0) from 0:95
Got ack for 0 from 0:95
Sending 36 bytes of DATA to 0:95
Sent block 1 of 36 to 0:95
Got ack for 1 from 0:95
got del_client for 1:17110
got del_client for 1:17110
got del_client for 1:17110
got del_client for 1:17110
got del_client for 1:17110
got del_client for 1:17110
got del_client for 1:17110
got del_client for 1:17110
got del_client for 1:17110
got del_client for 1:17110
got del_client for 0:95
got del_client for 0:95
got del_client for 0:95
got del_client for 0:95
got del_client for 0:95
got del_client for 0:95
got del_client for 0:95
got del_client for 0:95
got del_client for 0:95
got del_client for 0:95
read request for /readonly/firmware/image/modem_pr/mcfg/configs/mcfg_sw/mbn_sw.dig (mode: octet, rsize: 0, seek: 0) from 0:96
got del_client for 1:17111
got del_client for 1:17111
got del_client for 1:17111
got del_client for 1:17111
got del_client for 1:17111
got del_client for 1:17111
got del_client for 1:17111
got del_client for 1:17111
got del_client for 1:17111
got del_client for 1:17111
got del_client for 0:96
got del_client for 0:96
got del_client for 0:96
got del_client for 0:96
got del_client for 0:96
got del_client for 0:96
got del_client for 0:96
got del_client for 0:96
got del_client for 0:96
got del_client for 0:96
read request for /readonly/firmware/image/modem_pr/mcfg/configs/mcfg_sw/mbn_sw.dig (mode: octet, rsize: 32, seek: 0) from 0:97
Got ack for 0 from 0:97
Sending 36 bytes of DATA to 0:97
Sent block 1 of 36 to 0:97
Got ack for 1 from 0:97
got del_client for 1:17112
got del_client for 1:17112
got del_client for 1:17112
got del_client for 1:17112
got del_client for 1:17112
got del_client for 1:17112
got del_client for 1:17112
got del_client for 1:17112
got del_client for 1:17112
got del_client for 1:17112
got del_client for 0:97
got del_client for 0:97
got del_client for 0:97
got del_client for 0:97
got del_client for 0:97
got del_client for 0:97
got del_client for 0:97
got del_client for 0:97
got del_client for 0:97
got del_client for 0:97
got del_client for 1:17113
got del_client for 1:17113
got del_client for 1:17113
got del_client for 1:17113
got del_client for 1:17113
got del_client for 1:17113
got del_client for 1:17113
got del_client for 1:17113
got del_client for 1:17113
got del_client for 1:17113
got del_client for 1:17114
got del_client for 1:17114
got del_client for 1:17114
got del_client for 1:17114
got del_client for 1:17114
got del_client for 1:17114
got del_client for 1:17114
got del_client for 1:17114
got del_client for 1:17114
got del_client for 1:17114
got del_client for 1:17115
got del_client for 1:17115
got del_client for 1:17115
got del_client for 1:17115
got del_client for 1:17115
got del_client for 1:17115
got del_client for 1:17115
got del_client for 1:17115
got del_client for 1:17115
got del_client for 1:17115
got del_client for 1:17116
got del_client for 1:17116
got del_client for 1:17116
got del_client for 1:17116
got del_client for 1:17116
got del_client for 1:17116
got del_client for 1:17116
got del_client for 1:17116
got del_client for 1:17116
got del_client for 1:17116
got del_client for 1:17117
got del_client for 1:17117
got del_client for 1:17117
got del_client for 1:17117
got del_client for 1:17117
got del_client for 1:17117
got del_client for 1:17117
got del_client for 1:17117
got del_client for 1:17117
got del_client for 1:17117
got del_client for 1:17118
got del_client for 1:17118
got del_client for 1:17118
got del_client for 1:17118
got del_client for 1:17118
got del_client for 1:17118
got del_client for 1:17118
got del_client for 1:17118
got del_client for 1:17118
got del_client for 1:17118
got del_client for 1:17119
got del_client for 1:17119
got del_client for 1:17119
got del_client for 1:17119
got del_client for 1:17119
got del_client for 1:17119
got del_client for 1:17119
got del_client for 1:17119
got del_client for 1:17119
got del_client for 1:17119
got del_client for 1:17120
got del_client for 1:17120
got del_client for 1:17120
got del_client for 1:17120
got del_client for 1:17120
got del_client for 1:17120
got del_client for 1:17120
got del_client for 1:17120
got del_client for 1:17120
got del_client for 1:17120
got del_client for 1:17121
got del_client for 1:17121
got del_client for 1:17121
got del_client for 1:17121
got del_client for 1:17121
got del_client for 1:17121
got del_client for 1:17121
got del_client for 1:17121
got del_client for 1:17121
got del_client for 1:17121
got del_client for 1:17122
got del_client for 1:17122
got del_client for 1:17122
got del_client for 1:17122
got del_client for 1:17122
got del_client for 1:17122
got del_client for 1:17122
got del_client for 1:17122
got del_client for 1:17122
got del_client for 1:17122
got del_client for 1:17123
got del_client for 1:17123
got del_client for 1:17123
got del_client for 1:17123
got del_client for 1:17123
got del_client for 1:17123
got del_client for 1:17123
got del_client for 1:17123
got del_client for 1:17123
got del_client for 1:17123
got del_client for 1:17124
got del_client for 1:17124
got del_client for 1:17124
got del_client for 1:17124
got del_client for 1:17124
got del_client for 1:17124
got del_client for 1:17124
got del_client for 1:17124
got del_client for 1:17124
got del_client for 1:17124
got del_client for 1:17125
got del_client for 1:17125
got del_client for 1:17125
got del_client for 1:17125
got del_client for 1:17125
got del_client for 1:17125
got del_client for 1:17125
got del_client for 1:17125
got del_client for 1:17125
got del_client for 1:17125
got del_client for 1:17126
got del_client for 1:17126
got del_client for 1:17126
got del_client for 1:17126
got del_client for 1:17126
got del_client for 1:17126
got del_client for 1:17126
got del_client for 1:17126
got del_client for 1:17126
got del_client for 1:17126
got del_client for 1:17127
got del_client for 1:17127
got del_client for 1:17127
got del_client for 1:17127
got del_client for 1:17127
got del_client for 1:17127
got del_client for 1:17127
got del_client for 1:17127
got del_client for 1:17127
got del_client for 1:17127
got del_client for 1:17128
got del_client for 1:17128
got del_client for 1:17128
got del_client for 1:17128
got del_client for 1:17128
got del_client for 1:17128
got del_client for 1:17128
got del_client for 1:17128
got del_client for 1:17128
got del_client for 1:17128
got del_client for 1:17129
got del_client for 1:17129
got del_client for 1:17129
got del_client for 1:17129
got del_client for 1:17129
got del_client for 1:17129
got del_client for 1:17129
got del_client for 1:17129
got del_client for 1:17129
got del_client for 1:17129
got del_client for 1:17130
got del_client for 1:17130
got del_client for 1:17130
got del_client for 1:17130
got del_client for 1:17130
got del_client for 1:17130
got del_client for 1:17130
got del_client for 1:17130
got del_client for 1:17130
got del_client for 1:17130
got del_client for 1:17131
got del_client for 1:17131
got del_client for 1:17131
got del_client for 1:17131
got del_client for 1:17131
got del_client for 1:17131
got del_client for 1:17131
got del_client for 1:17131
got del_client for 1:17131
got del_client for 1:17131
got del_client for 1:17132
got del_client for 1:17132
got del_client for 1:17132
got del_client for 1:17132
got del_client for 1:17132
got del_client for 1:17132
got del_client for 1:17132
got del_client for 1:17132
got del_client for 1:17132
got del_client for 1:17132
got del_client for 1:17133
got del_client for 1:17133
got del_client for 1:17133
got del_client for 1:17133
got del_client for 1:17133
got del_client for 1:17133
got del_client for 1:17133
got del_client for 1:17133
got del_client for 1:17133
got del_client for 1:17133
got del_client for 1:17134
got del_client for 1:17134
got del_client for 1:17134
got del_client for 1:17134
got del_client for 1:17134
got del_client for 1:17134
got del_client for 1:17134
got del_client for 1:17134
got del_client for 1:17134
got del_client for 1:17134
got del_client for 1:17135
got del_client for 1:17135
got del_client for 1:17135
got del_client for 1:17135
got del_client for 1:17135
got del_client for 1:17135
got del_client for 1:17135
got del_client for 1:17135
got del_client for 1:17135
got del_client for 1:17135
got del_client for 1:17136
got del_client for 1:17136
got del_client for 1:17136
got del_client for 1:17136
got del_client for 1:17136
got del_client for 1:17136
got del_client for 1:17136
got del_client for 1:17136
got del_client for 1:17136
got del_client for 1:17136
got del_client for 1:17137
got del_client for 1:17137
got del_client for 1:17137
got del_client for 1:17137
got del_client for 1:17137
got del_client for 1:17137
got del_client for 1:17137
got del_client for 1:17137
got del_client for 1:17137
got del_client for 1:17137
got del_client for 1:17138
got del_client for 1:17138
got del_client for 1:17138
got del_client for 1:17138
got del_client for 1:17138
got del_client for 1:17138
got del_client for 1:17138
got del_client for 1:17138
got del_client for 1:17138
got del_client for 1:17138
got del_client for 1:17139
got del_client for 1:17139
got del_client for 1:17139
got del_client for 1:17139
got del_client for 1:17139
got del_client for 1:17139
got del_client for 1:17139
got del_client for 1:17139
got del_client for 1:17139
got del_client for 1:17139
got del_client for 1:17140
got del_client for 1:17140
got del_client for 1:17140
got del_client for 1:17140
got del_client for 1:17140
got del_client for 1:17140
got del_client for 1:17140
got del_client for 1:17140
got del_client for 1:17140
got del_client for 1:17140
got del_client for 1:17141
got del_client for 1:17141
got del_client for 1:17141
got del_client for 1:17141
got del_client for 1:17141
got del_client for 1:17141
got del_client for 1:17141
got del_client for 1:17141
got del_client for 1:17141
got del_client for 1:17141
got del_client for 1:17142
got del_client for 1:17142
got del_client for 1:17142
got del_client for 1:17142
got del_client for 1:17142
got del_client for 1:17142
got del_client for 1:17142
got del_client for 1:17142
got del_client for 1:17142
got del_client for 1:17142
got del_client for 1:17143
got del_client for 1:17143
got del_client for 1:17143
got del_client for 1:17143
got del_client for 1:17143
got del_client for 1:17143
got del_client for 1:17143
got del_client for 1:17143
got del_client for 1:17143
got del_client for 1:17143
got del_client for 1:17144
got del_client for 1:17144
got del_client for 1:17144
got del_client for 1:17144
got del_client for 1:17144
got del_client for 1:17144
got del_client for 1:17144
got del_client for 1:17144
got del_client for 1:17144
got del_client for 1:17144
got del_client for 1:17145
got del_client for 1:17145
got del_client for 1:17145
got del_client for 1:17145
got del_client for 1:17145
got del_client for 1:17145
got del_client for 1:17145
got del_client for 1:17145
got del_client for 1:17145
got del_client for 1:17145
got del_client for 1:17146
got del_client for 1:17146
got del_client for 1:17146
got del_client for 1:17146
got del_client for 1:17146
got del_client for 1:17146
got del_client for 1:17146
got del_client for 1:17146
got del_client for 1:17146
got del_client for 1:17146
got del_client for 1:17147
got del_client for 1:17147
got del_client for 1:17147
got del_client for 1:17147
got del_client for 1:17147
got del_client for 1:17147
got del_client for 1:17147
got del_client for 1:17147
got del_client for 1:17147
got del_client for 1:17147
got del_client for 0:89
got del_client for 0:89
got del_client for 0:89
got del_client for 0:89
got del_client for 0:89
got del_client for 0:89
got del_client for 0:89
got del_client for 0:89
got del_client for 0:89
got del_client for 0:89
got del_client for 0:53
got del_client for 0:53
got del_client for 0:53
got del_client for 0:53
got del_client for 0:53
got del_client for 0:53
got del_client for 0:53
got del_client for 0:53
got del_client for 0:53
got del_client for 0:53
got del_client for 0:100
got del_client for 0:100
got del_client for 0:100
got del_client for 0:100
got del_client for 0:100
got del_client for 0:100
got del_client for 0:100
got del_client for 0:100
got del_client for 0:100
got del_client for 0:100
got bye for 0
got bye for 0
got bye for 0
got bye for 0
got bye for 0
got bye for 0
got bye for 0
got bye for 0
got bye for 0
got bye for 0
got del_client for 1:17148
got del_client for 1:17148
got del_client for 1:17148
got del_client for 1:17148
got del_client for 1:17148
got del_client for 1:17148
got del_client for 1:17148
got del_client for 1:17148
got del_client for 1:17148
got del_client for 1:17148
got del_client for 1:17149
got del_client for 1:17149
got del_client for 1:17149
got del_client for 1:17149
got del_client for 1:17149
got del_client for 1:17149
got del_client for 1:17149
got del_client for 1:17149
got del_client for 1:17149
got del_client for 1:17149
got del_client for 0:8
got del_client for 0:8
got del_client for 0:8
got del_client for 0:8
got del_client for 0:8
got del_client for 0:8
got del_client for 0:8
got del_client for 0:8
got del_client for 0:8
got del_client for 0:8
got del_client for 0:9
got del_client for 0:9
got del_client for 0:9
got del_client for 0:9
got del_client for 0:9
got del_client for 0:9
got del_client for 0:9
got del_client for 0:9
got del_client for 0:9
got del_client for 0:9
got del_client for 0:11
got del_client for 0:11
got del_client for 0:11
got del_client for 0:11
got del_client for 0:11
got del_client for 0:11
got del_client for 0:11
got del_client for 0:11
got del_client for 0:11
got del_client for 0:11
got del_client for 0:12
got del_client for 0:12
got del_client for 0:12
got del_client for 0:12
got del_client for 0:12
got del_client for 0:12
got del_client for 0:12
got del_client for 0:12
got del_client for 0:12
got del_client for 0:12
got del_client for 0:13
got del_client for 0:13
got del_client for 0:13
got del_client for 0:13
got del_client for 0:13
got del_client for 0:13
got del_client for 0:13
got del_client for 0:13
got del_client for 0:13
got del_client for 0:13
got del_client for 0:14
got del_client for 0:14
got del_client for 0:14
got del_client for 0:14
got del_client for 0:14
got del_client for 0:14
got del_client for 0:14
got del_client for 0:14
got del_client for 0:14
got del_client for 0:14
got del_client for 1:17150
got del_client for 1:17150
got del_client for 1:17150
got del_client for 1:17150
got del_client for 1:17150
got del_client for 1:17150
got del_client for 1:17150
got del_client for 1:17150
got del_client for 1:17150
got del_client for 1:17150
got del_client for 1:17151
got del_client for 1:17151
got del_client for 1:17151
got del_client for 1:17151
got del_client for 1:17151
got del_client for 1:17151
got del_client for 1:17151
got del_client for 1:17151
got del_client for 1:17151
got del_client for 1:17151
write request for /readwrite/server_check.txt (octet) from 0:29
got del_client for 1:17152
got del_client for 1:17152
got del_client for 1:17152
got del_client for 1:17152
got del_client for 1:17152
got del_client for 1:17152
got del_client for 1:17152
got del_client for 1:17152
got del_client for 1:17152
got del_client for 1:17152
got del_client for 0:29
got del_client for 0:29
got del_client for 0:29
got del_client for 0:29
got del_client for 0:29
got del_client for 0:29
got del_client for 0:29
got del_client for 0:29
got del_client for 0:29
got del_client for 0:29
read request for /readwrite/ota_firewall/ruleset (mode: octet, rsize: 0, seek: 0) from 0:30
tqftpserv: failed to open ota_firewall/ruleset: No such file or directory
unable to open /readwrite/ota_firewall/ruleset (2), reject
got del_client for 1:17153
got del_client for 1:17153
got del_client for 1:17153
got del_client for 1:17153
got del_client for 1:17153
got del_client for 1:17153
got del_client for 1:17153
got del_client for 1:17153
got del_client for 1:17153
got del_client for 1:17153
got del_client for 0:30
got del_client for 0:30
got del_client for 0:30
got del_client for 0:30
got del_client for 0:30
got del_client for 0:30
got del_client for 0:30
got del_client for 0:30
got del_client for 0:30
got del_client for 0:30
read request for /readwrite/ota_firewall/ruleset (mode: octet, rsize: 0, seek: 0) from 0:31
tqftpserv: failed to open ota_firewall/ruleset: No such file or directory
unable to open /readwrite/ota_firewall/ruleset (2), reject
got del_client for 1:17154
got del_client for 1:17154
got del_client for 1:17154
got del_client for 1:17154
got del_client for 1:17154
got del_client for 1:17154
got del_client for 1:17154
got del_client for 1:17154
got del_client for 1:17154
got del_client for 1:17154
got del_client for 0:31
got del_client for 0:31
got del_client for 0:31
got del_client for 0:31
got del_client for 0:31
got del_client for 0:31
got del_client for 0:31
got del_client for 0:31
got del_client for 0:31
got del_client for 0:31
read request for /readonly/firmware/image/modem_pr/so/848_0_0.mbn (mode: octet, rsize: 0, seek: 0) from 0:32
got del_client for 1:17155
got del_client for 1:17155
got del_client for 1:17155
got del_client for 1:17155
got del_client for 1:17155
got del_client for 1:17155
got del_client for 1:17155
got del_client for 1:17155
got del_client for 1:17155
got del_client for 1:17155
read request for /readonly/firmware/image/modem_pr/so/848_0_0.mbn (mode: octet, rsize: 52, seek: 0) from 0:33
got del_client for 0:32
got del_client for 0:32
got del_client for 0:32
got del_client for 0:32
got del_client for 0:32
got del_client for 0:32
got del_client for 0:32
got del_client for 0:32
got del_client for 0:32
got del_client for 0:32
Got ack for 0 from 0:33
Sending 56 bytes of DATA to 0:33
Sent block 1 of 56 to 0:33
Got ack for 1 from 0:33
got del_client for 1:17156
got del_client for 1:17156
got del_client for 1:17156
got del_client for 1:17156
got del_client for 1:17156
got del_client for 1:17156
got del_client for 1:17156
got del_client for 1:17156
got del_client for 1:17156
got del_client for 1:17156
got del_client for 0:33
got del_client for 0:33
got del_client for 0:33
got del_client for 0:33
got del_client for 0:33
got del_client for 0:33
got del_client for 0:33
got del_client for 0:33
got del_client for 0:33
got del_client for 0:33
read request for /readonly/firmware/image/modem_pr/so/848_0_0.mbn (mode: octet, rsize: 160, seek: 52) from 0:34
Got ack for 0 from 0:34
Sending 164 bytes of DATA to 0:34
Sent block 1 of 164 to 0:34
Got ack for 1 from 0:34
got del_client for 1:17157
got del_client for 1:17157
got del_client for 1:17157
got del_client for 1:17157
got del_client for 1:17157
got del_client for 1:17157
got del_client for 1:17157
got del_client for 1:17157
got del_client for 1:17157
got del_client for 1:17157
got del_client for 0:34
got del_client for 0:34
got del_client for 0:34
got del_client for 0:34
got del_client for 0:34
got del_client for 0:34
got del_client for 0:34
got del_client for 0:34
got del_client for 0:34
got del_client for 0:34
read request for /readonly/firmware/image/modem_pr/so/848_0_0.mbn (mode: octet, rsize: 3512, seek: 4096) from 0:35
Got ack for 0 from 0:35
Sending 3516 bytes of DATA to 0:35
Sent block 1 of 3516 to 0:35
Got ack for 1 from 0:35
got del_client for 1:17158
got del_client for 1:17158
got del_client for 1:17158
got del_client for 1:17158
got del_client for 1:17158
got del_client for 1:17158
got del_client for 1:17158
got del_client for 1:17158
got del_client for 1:17158
got del_client for 1:17158
got del_client for 0:35
got del_client for 0:35
got del_client for 0:35
got del_client for 0:35
got del_client for 0:35
got del_client for 0:35
got del_client for 0:35
got del_client for 0:35
got del_client for 0:35
got del_client for 0:35
read request for /readonly/firmware/image/modem_pr/so/848_0_0.mbn (mode: octet, rsize: 4096, seek: 0) from 0:36
Got ack for 0 from 0:36
Sending 4100 bytes of DATA to 0:36
Sent block 1 of 4100 to 0:36
Got ack for 1 from 0:36
got del_client for 1:17159
got del_client for 1:17159
got del_client for 1:17159
got del_client for 1:17159
got del_client for 1:17159
got del_client for 1:17159
got del_client for 1:17159
got del_client for 1:17159
got del_client for 1:17159
got del_client for 1:17159
read request for /readonly/firmware/image/modem_pr/so/848_0_0.mbn (mode: octet, rsize: 250361, seek: 8192) from 0:37
got del_client for 0:36
got del_client for 0:36
got del_client for 0:36
got del_client for 0:36
got del_client for 0:36
got del_client for 0:36
got del_client for 0:36
got del_client for 0:36
got del_client for 0:36
got del_client for 0:36
Got ack for 0 from 0:37
Sending 7684 bytes of DATA to 0:37
Sent block 1 of 7684 to 0:37
Sending 7684 bytes of DATA to 0:37
Sent block 2 of 7684 to 0:37
Sending 7684 bytes of DATA to 0:37
Sent block 3 of 7684 to 0:37
Sending 7684 bytes of DATA to 0:37
Sent block 4 of 7684 to 0:37
Sending 7684 bytes of DATA to 0:37
Sent block 5 of 7684 to 0:37
Sending 7684 bytes of DATA to 0:37
Sent block 6 of 7684 to 0:37
Sending 7684 bytes of DATA to 0:37
Sent block 7 of 7684 to 0:37
Sending 7684 bytes of DATA to 0:37
Sent block 8 of 7684 to 0:37
Sending 7684 bytes of DATA to 0:37
Sent block 9 of 7684 to 0:37
Sending 7684 bytes of DATA to 0:37
Sent block 10 of 7684 to 0:37
Got ack for 10 from 0:37
Sending 7684 bytes of DATA to 0:37
Sent block 11 of 7684 to 0:37
Sending 7684 bytes of DATA to 0:37
Sent block 12 of 7684 to 0:37
Sending 7684 bytes of DATA to 0:37
Sent block 13 of 7684 to 0:37
Sending 7684 bytes of DATA to 0:37
Sent block 14 of 7684 to 0:37
Sending 7684 bytes of DATA to 0:37
Sent block 15 of 7684 to 0:37
Sending 7684 bytes of DATA to 0:37
Sent block 16 of 7684 to 0:37
Sending 7684 bytes of DATA to 0:37
Sent block 17 of 7684 to 0:37
Sending 7684 bytes of DATA to 0:37
Sent block 18 of 7684 to 0:37
Sending 7684 bytes of DATA to 0:37
Sent block 19 of 7684 to 0:37
Sending 7684 bytes of DATA to 0:37
Sent block 20 of 7684 to 0:37
Got ack for 20 from 0:37
Sending 7684 bytes of DATA to 0:37
Sent block 21 of 7684 to 0:37
Sending 7684 bytes of DATA to 0:37
Sent block 22 of 7684 to 0:37
Sending 7684 bytes of DATA to 0:37
Sent block 23 of 7684 to 0:37
Sending 7684 bytes of DATA to 0:37
Sent block 24 of 7684 to 0:37
Sending 7684 bytes of DATA to 0:37
Sent block 25 of 7684 to 0:37
Sending 7684 bytes of DATA to 0:37
Sent block 26 of 7684 to 0:37
Sending 7684 bytes of DATA to 0:37
Sent block 27 of 7684 to 0:37
Sending 7684 bytes of DATA to 0:37
Sent block 28 of 7684 to 0:37
Sending 7684 bytes of DATA to 0:37
Sent block 29 of 7684 to 0:37
Sending 7684 bytes of DATA to 0:37
Sent block 30 of 7684 to 0:37
Got ack for 30 from 0:37
Sending 7684 bytes of DATA to 0:37
Sent block 31 of 7684 to 0:37
Sending 7684 bytes of DATA to 0:37
Sent block 32 of 7684 to 0:37
Sending 4605 bytes of DATA to 0:37
Sent block 33 of 4605 to 0:37
Got ack for 33 from 0:37
got del_client for 1:17160
got del_client for 1:17160
got del_client for 1:17160
got del_client for 1:17160
got del_client for 1:17160
got del_client for 1:17160
got del_client for 1:17160
got del_client for 1:17160
got del_client for 1:17160
got del_client for 1:17160
got del_client for 0:37
got del_client for 0:37
got del_client for 0:37
got del_client for 0:37
got del_client for 0:37
got del_client for 0:37
got del_client for 0:37
got del_client for 0:37
got del_client for 0:37
got del_client for 0:37
read request for /readonly/firmware/image/modem_pr/so/848_0_0.mbn (mode: octet, rsize: 213864, seek: 262144) from 0:39
Got ack for 0 from 0:39
Sending 7684 bytes of DATA to 0:39
Sent block 1 of 7684 to 0:39
Sending 7684 bytes of DATA to 0:39
Sent block 2 of 7684 to 0:39
Sending 7684 bytes of DATA to 0:39
Sent block 3 of 7684 to 0:39
Sending 7684 bytes of DATA to 0:39
Sent block 4 of 7684 to 0:39
Sending 7684 bytes of DATA to 0:39
Sent block 5 of 7684 to 0:39
Sending 7684 bytes of DATA to 0:39
Sent block 6 of 7684 to 0:39
Sending 7684 bytes of DATA to 0:39
Sent block 7 of 7684 to 0:39
Sending 7684 bytes of DATA to 0:39
Sent block 8 of 7684 to 0:39
Sending 7684 bytes of DATA to 0:39
Sent block 9 of 7684 to 0:39
Sending 7684 bytes of DATA to 0:39
Sent block 10 of 7684 to 0:39
Got ack for 10 from 0:39
Sending 7684 bytes of DATA to 0:39
Sent block 11 of 7684 to 0:39
Sending 7684 bytes of DATA to 0:39
Sent block 12 of 7684 to 0:39
Sending 7684 bytes of DATA to 0:39
Sent block 13 of 7684 to 0:39
Sending 7684 bytes of DATA to 0:39
Sent block 14 of 7684 to 0:39
Sending 7684 bytes of DATA to 0:39
Sent block 15 of 7684 to 0:39
Sending 7684 bytes of DATA to 0:39
Sent block 16 of 7684 to 0:39
Sending 7684 bytes of DATA to 0:39
Sent block 17 of 7684 to 0:39
Sending 7684 bytes of DATA to 0:39
Sent block 18 of 7684 to 0:39
Sending 7684 bytes of DATA to 0:39
Sent block 19 of 7684 to 0:39
Sending 7684 bytes of DATA to 0:39
Sent block 20 of 7684 to 0:39
Got ack for 20 from 0:39
Sending 7684 bytes of DATA to 0:39
Sent block 21 of 7684 to 0:39
Sending 7684 bytes of DATA to 0:39
Sent block 22 of 7684 to 0:39
Sending 7684 bytes of DATA to 0:39
Sent block 23 of 7684 to 0:39
Sending 7684 bytes of DATA to 0:39
Sent block 24 of 7684 to 0:39
Sending 7684 bytes of DATA to 0:39
Sent block 25 of 7684 to 0:39
Sending 7684 bytes of DATA to 0:39
Sent block 26 of 7684 to 0:39
Sending 7684 bytes of DATA to 0:39
Sent block 27 of 7684 to 0:39
Sending 6508 bytes of DATA to 0:39
Sent block 28 of 6508 to 0:39
Got ack for 28 from 0:39
got del_client for 1:17161
got del_client for 1:17161
got del_client for 1:17161
got del_client for 1:17161
got del_client for 1:17161
got del_client for 1:17161
got del_client for 1:17161
got del_client for 1:17161
got del_client for 1:17161
got del_client for 1:17161
got del_client for 0:39
got del_client for 0:39
got del_client for 0:39
got del_client for 0:39
got del_client for 0:39
got del_client for 0:39
got del_client for 0:39
got del_client for 0:39
got del_client for 0:39
got del_client for 0:39
got del_client for 1:17162
got del_client for 1:17162
got del_client for 1:17162
got del_client for 1:17162
got del_client for 1:17162
got del_client for 1:17162
got del_client for 1:17162
got del_client for 1:17162
got del_client for 1:17162
got del_client for 1:17162
got del_client for 1:17163
got del_client for 1:17163
got del_client for 1:17163
got del_client for 1:17163
got del_client for 1:17163
got del_client for 1:17163
got del_client for 1:17163
got del_client for 1:17163
got del_client for 1:17163
got del_client for 1:17163
got del_client for 1:17164
got del_client for 1:17164
got del_client for 1:17164
got del_client for 1:17164
got del_client for 1:17164
got del_client for 1:17164
got del_client for 1:17164
got del_client for 1:17164
got del_client for 1:17164
got del_client for 1:17164
got del_client for 1:17165
got del_client for 1:17165
got del_client for 1:17165
got del_client for 1:17165
got del_client for 1:17165
got del_client for 1:17165
got del_client for 1:17165
got del_client for 1:17165
got del_client for 1:17165
got del_client for 1:17165
read request for /readwrite/mcfg.tmp (mode: octet, rsize: 0, seek: 0) from 0:90
got del_client for 0:90
got del_client for 0:90
got del_client for 0:90
got del_client for 0:90
got del_client for 0:90
got del_client for 0:90
got del_client for 0:90
got del_client for 0:90
got del_client for 0:90
got del_client for 0:90
got del_client for 1:17166
got del_client for 1:17166
got del_client for 1:17166
got del_client for 1:17166
got del_client for 1:17166
got del_client for 1:17166
got del_client for 1:17166
got del_client for 1:17166
got del_client for 1:17166
got del_client for 1:17166
write request for /readwrite/mcfg.tmp (octet) from 0:91
got del_client for 1:17167
got del_client for 1:17167
got del_client for 1:17167
got del_client for 1:17167
got del_client for 1:17167
got del_client for 1:17167
got del_client for 1:17167
got del_client for 1:17167
got del_client for 1:17167
got del_client for 1:17167
got del_client for 0:91
got del_client for 0:91
got del_client for 0:91
got del_client for 0:91
got del_client for 0:91
got del_client for 0:91
got del_client for 0:91
got del_client for 0:91
got del_client for 0:91
got del_client for 0:91
read request for /readwrite/mcfg.tmp (mode: octet, rsize: 0, seek: 0) from 0:92
got del_client for 1:17168
got del_client for 1:17168
got del_client for 1:17168
got del_client for 1:17168
got del_client for 1:17168
got del_client for 1:17168
got del_client for 1:17168
got del_client for 1:17168
got del_client for 1:17168
got del_client for 1:17168
got del_client for 0:92
got del_client for 0:92
got del_client for 0:92
got del_client for 0:92
got del_client for 0:92
got del_client for 0:92
got del_client for 0:92
got del_client for 0:92
got del_client for 0:92
got del_client for 0:92
write request for /readwrite/mcfg.tmp (octet) from 0:93
Ignoring unknown option 'unlink' with value '0'
got del_client for 0:93
got del_client for 0:93
got del_client for 0:93
got del_client for 0:93
got del_client for 0:93
got del_client for 0:93
got del_client for 0:93
got del_client for 0:93
got del_client for 0:93
got del_client for 0:93
read request for /readonly/firmware/image/modem_pr/mcfg/configs/mcfg_hw/mbn_hw.dig (mode: octet, rsize: 0, seek: 0) from 0:94
got del_client for 1:17170
got del_client for 1:17170
got del_client for 1:17170
got del_client for 1:17170
got del_client for 1:17170
got del_client for 1:17170
got del_client for 1:17170
got del_client for 1:17170
got del_client for 1:17170
got del_client for 1:17170
got del_client for 0:94
got del_client for 0:94
got del_client for 0:94
got del_client for 0:94
got del_client for 0:94
got del_client for 0:94
got del_client for 0:94
got del_client for 0:94
got del_client for 0:94
got del_client for 0:94
read request for /readonly/firmware/image/modem_pr/mcfg/configs/mcfg_hw/mbn_hw.dig (mode: octet, rsize: 32, seek: 0) from 0:95
Got ack for 0 from 0:95
Sending 36 bytes of DATA to 0:95
Sent block 1 of 36 to 0:95
Got ack for 1 from 0:95
got del_client for 1:17171
got del_client for 1:17171
got del_client for 1:17171
got del_client for 1:17171
got del_client for 1:17171
got del_client for 1:17171
got del_client for 1:17171
got del_client for 1:17171
got del_client for 1:17171
got del_client for 1:17171
got del_client for 0:95
got del_client for 0:95
got del_client for 0:95
got del_client for 0:95
got del_client for 0:95
got del_client for 0:95
got del_client for 0:95
got del_client for 0:95
got del_client for 0:95
got del_client for 0:95
read request for /readonly/firmware/image/modem_pr/mcfg/configs/mcfg_sw/mbn_sw.dig (mode: octet, rsize: 0, seek: 0) from 0:96
got del_client for 1:17172
got del_client for 1:17172
got del_client for 1:17172
got del_client for 1:17172
got del_client for 1:17172
got del_client for 1:17172
got del_client for 1:17172
got del_client for 1:17172
got del_client for 1:17172
got del_client for 1:17172
got del_client for 0:96
got del_client for 0:96
got del_client for 0:96
got del_client for 0:96
got del_client for 0:96
got del_client for 0:96
got del_client for 0:96
got del_client for 0:96
got del_client for 0:96
got del_client for 0:96
read request for /readonly/firmware/image/modem_pr/mcfg/configs/mcfg_sw/mbn_sw.dig (mode: octet, rsize: 32, seek: 0) from 0:97
Got ack for 0 from 0:97
Sending 36 bytes of DATA to 0:97
Sent block 1 of 36 to 0:97
Got ack for 1 from 0:97
got del_client for 1:17173
got del_client for 1:17173
got del_client for 1:17173
got del_client for 1:17173
got del_client for 1:17173
got del_client for 1:17173
got del_client for 1:17173
got del_client for 1:17173
got del_client for 1:17173
got del_client for 1:17173
got del_client for 0:97
got del_client for 0:97
got del_client for 0:97
got del_client for 0:97
got del_client for 0:97
got del_client for 0:97
got del_client for 0:97
got del_client for 0:97
got del_client for 0:97
got del_client for 0:97
got del_client for 1:17174
got del_client for 1:17174
got del_client for 1:17174
got del_client for 1:17174
got del_client for 1:17174
got del_client for 1:17174
got del_client for 1:17174
got del_client for 1:17174
got del_client for 1:17174
got del_client for 1:17174
got del_client for 1:17175
got del_client for 1:17175
got del_client for 1:17175
got del_client for 1:17175
got del_client for 1:17175
got del_client for 1:17175
got del_client for 1:17175
got del_client for 1:17175
got del_client for 1:17175
got del_client for 1:17175
got del_client for 1:17176
got del_client for 1:17176
got del_client for 1:17176
got del_client for 1:17176
got del_client for 1:17176
got del_client for 1:17176
got del_client for 1:17176
got del_client for 1:17176
got del_client for 1:17176
got del_client for 1:17176
got del_client for 1:17177
got del_client for 1:17177
got del_client for 1:17177
got del_client for 1:17177
got del_client for 1:17177
got del_client for 1:17177
got del_client for 1:17177
got del_client for 1:17177
got del_client for 1:17177
got del_client for 1:17177
got del_client for 1:17178
got del_client for 1:17178
got del_client for 1:17178
got del_client for 1:17178
got del_client for 1:17178
got del_client for 1:17178
got del_client for 1:17178
got del_client for 1:17178
got del_client for 1:17178
got del_client for 1:17178
got del_client for 1:17179
got del_client for 1:17179
got del_client for 1:17179
got del_client for 1:17179
got del_client for 1:17179
got del_client for 1:17179
got del_client for 1:17179
got del_client for 1:17179
got del_client for 1:17179
got del_client for 1:17179
got del_client for 1:17180
got del_client for 1:17180
got del_client for 1:17180
got del_client for 1:17180
got del_client for 1:17180
got del_client for 1:17180
got del_client for 1:17180
got del_client for 1:17180
got del_client for 1:17180
got del_client for 1:17180
got del_client for 1:17181
got del_client for 1:17181
got del_client for 1:17181
got del_client for 1:17181
got del_client for 1:17181
got del_client for 1:17181
got del_client for 1:17181
got del_client for 1:17181
got del_client for 1:17181
got del_client for 1:17181
got del_client for 1:17182
got del_client for 1:17182
got del_client for 1:17182
got del_client for 1:17182
got del_client for 1:17182
got del_client for 1:17182
got del_client for 1:17182
got del_client for 1:17182
got del_client for 1:17182
got del_client for 1:17182
got del_client for 1:17183
got del_client for 1:17183
got del_client for 1:17183
got del_client for 1:17183
got del_client for 1:17183
got del_client for 1:17183
got del_client for 1:17183
got del_client for 1:17183
got del_client for 1:17183
got del_client for 1:17183
got del_client for 1:17184
got del_client for 1:17184
got del_client for 1:17184
got del_client for 1:17184
got del_client for 1:17184
got del_client for 1:17184
got del_client for 1:17184
got del_client for 1:17184
got del_client for 1:17184
got del_client for 1:17184
got del_client for 1:17185
got del_client for 1:17185
got del_client for 1:17185
got del_client for 1:17185
got del_client for 1:17185
got del_client for 1:17185
got del_client for 1:17185
got del_client for 1:17185
got del_client for 1:17185
got del_client for 1:17185
got del_client for 1:17186
got del_client for 1:17186
got del_client for 1:17186
got del_client for 1:17186
got del_client for 1:17186
got del_client for 1:17186
got del_client for 1:17186
got del_client for 1:17186
got del_client for 1:17186
got del_client for 1:17186
got del_client for 1:17187
got del_client for 1:17187
got del_client for 1:17187
got del_client for 1:17187
got del_client for 1:17187
got del_client for 1:17187
got del_client for 1:17187
got del_client for 1:17187
got del_client for 1:17187
got del_client for 1:17187
got del_client for 1:17188
got del_client for 1:17188
got del_client for 1:17188
got del_client for 1:17188
got del_client for 1:17188
got del_client for 1:17188
got del_client for 1:17188
got del_client for 1:17188
got del_client for 1:17188
got del_client for 1:17188
got del_client for 1:17189
got del_client for 1:17189
got del_client for 1:17189
got del_client for 1:17189
got del_client for 1:17189
got del_client for 1:17189
got del_client for 1:17189
got del_client for 1:17189
got del_client for 1:17189
got del_client for 1:17189
got del_client for 1:17190
got del_client for 1:17190
got del_client for 1:17190
got del_client for 1:17190
got del_client for 1:17190
got del_client for 1:17190
got del_client for 1:17190
got del_client for 1:17190
got del_client for 1:17190
got del_client for 1:17190
got del_client for 1:17191
got del_client for 1:17191
got del_client for 1:17191
got del_client for 1:17191
got del_client for 1:17191
got del_client for 1:17191
got del_client for 1:17191
got del_client for 1:17191
got del_client for 1:17191
got del_client for 1:17191
got del_client for 1:17192
got del_client for 1:17192
got del_client for 1:17192
got del_client for 1:17192
got del_client for 1:17192
got del_client for 1:17192
got del_client for 1:17192
got del_client for 1:17192
got del_client for 1:17192
got del_client for 1:17192
got del_client for 1:17193
got del_client for 1:17193
got del_client for 1:17193
got del_client for 1:17193
got del_client for 1:17193
got del_client for 1:17193
got del_client for 1:17193
got del_client for 1:17193
got del_client for 1:17193
got del_client for 1:17193
got del_client for 1:17194
got del_client for 1:17194
got del_client for 1:17194
got del_client for 1:17194
got del_client for 1:17194
got del_client for 1:17194
got del_client for 1:17194
got del_client for 1:17194
got del_client for 1:17194
got del_client for 1:17194
got del_client for 1:17195
got del_client for 1:17195
got del_client for 1:17195
got del_client for 1:17195
got del_client for 1:17195
got del_client for 1:17195
got del_client for 1:17195
got del_client for 1:17195
got del_client for 1:17195
got del_client for 1:17195
got del_client for 1:17196
got del_client for 1:17196
got del_client for 1:17196
got del_client for 1:17196
got del_client for 1:17196
got del_client for 1:17196
got del_client for 1:17196
got del_client for 1:17196
got del_client for 1:17196
got del_client for 1:17196
got del_client for 1:17197
got del_client for 1:17197
got del_client for 1:17197
got del_client for 1:17197
got del_client for 1:17197
got del_client for 1:17197
got del_client for 1:17197
got del_client for 1:17197
got del_client for 1:17197
got del_client for 1:17197
got del_client for 1:17198
got del_client for 1:17198
got del_client for 1:17198
got del_client for 1:17198
got del_client for 1:17198
got del_client for 1:17198
got del_client for 1:17198
got del_client for 1:17198
got del_client for 1:17198
got del_client for 1:17198
got del_client for 1:17199
got del_client for 1:17199
got del_client for 1:17199
got del_client for 1:17199
got del_client for 1:17199
got del_client for 1:17199
got del_client for 1:17199
got del_client for 1:17199
got del_client for 1:17199
got del_client for 1:17199
got del_client for 1:17200
got del_client for 1:17200
got del_client for 1:17200
got del_client for 1:17200
got del_client for 1:17200
got del_client for 1:17200
got del_client for 1:17200
got del_client for 1:17200
got del_client for 1:17200
got del_client for 1:17200
got del_client for 1:17201
got del_client for 1:17201
got del_client for 1:17201
got del_client for 1:17201
got del_client for 1:17201
got del_client for 1:17201
got del_client for 1:17201
got del_client for 1:17201
got del_client for 1:17201
got del_client for 1:17201
got del_client for 1:17202
got del_client for 1:17202
got del_client for 1:17202
got del_client for 1:17202
got del_client for 1:17202
got del_client for 1:17202
got del_client for 1:17202
got del_client for 1:17202
got del_client for 1:17202
got del_client for 1:17202
got del_client for 1:17203
got del_client for 1:17203
got del_client for 1:17203
got del_client for 1:17203
got del_client for 1:17203
got del_client for 1:17203
got del_client for 1:17203
got del_client for 1:17203
got del_client for 1:17203
got del_client for 1:17203
got del_client for 1:17204
got del_client for 1:17204
got del_client for 1:17204
got del_client for 1:17204
got del_client for 1:17204
got del_client for 1:17204
got del_client for 1:17204
got del_client for 1:17204
got del_client for 1:17204
got del_client for 1:17204
got del_client for 1:17205
got del_client for 1:17205
got del_client for 1:17205
got del_client for 1:17205
got del_client for 1:17205
got del_client for 1:17205
got del_client for 1:17205
got del_client for 1:17205
got del_client for 1:17205
got del_client for 1:17205
got del_client for 1:17206
got del_client for 1:17206
got del_client for 1:17206
got del_client for 1:17206
got del_client for 1:17206
got del_client for 1:17206
got del_client for 1:17206
got del_client for 1:17206
got del_client for 1:17206
got del_client for 1:17206
got del_client for 1:17207
got del_client for 1:17207
got del_client for 1:17207
got del_client for 1:17207
got del_client for 1:17207
got del_client for 1:17207
got del_client for 1:17207
got del_client for 1:17207
got del_client for 1:17207
got del_client for 1:17207
got del_client for 1:17208
got del_client for 1:17208
got del_client for 1:17208
got del_client for 1:17208
got del_client for 1:17208
got del_client for 1:17208
got del_client for 1:17208
got del_client for 1:17208
got del_client for 1:17208
got del_client for 1:17208
got del_client for 1:17209
got del_client for 1:17209
got del_client for 1:17209
got del_client for 1:17209
got del_client for 1:17209
got del_client for 1:17209
got del_client for 1:17209
got del_client for 1:17209
got del_client for 1:17209
got del_client for 1:17209
got del_client for 1:17210
got del_client for 1:17210
got del_client for 1:17210
got del_client for 1:17210
got del_client for 1:17210
got del_client for 1:17210
got del_client for 1:17210
got del_client for 1:17210
got del_client for 1:17210
got del_client for 1:17210
got del_client for 1:17211
got del_client for 1:17211
got del_client for 1:17211
got del_client for 1:17211
got del_client for 1:17211
got del_client for 1:17211
got del_client for 1:17211
got del_client for 1:17211
got del_client for 1:17211
got del_client for 1:17211
got del_client for 1:17212
got del_client for 1:17212
got del_client for 1:17212
got del_client for 1:17212
got del_client for 1:17212
got del_client for 1:17212
got del_client for 1:17212
got del_client for 1:17212
got del_client for 1:17212
got del_client for 1:17212
got del_client for 1:17213
got del_client for 1:17213
got del_client for 1:17213
got del_client for 1:17213
got del_client for 1:17213
got del_client for 1:17213
got del_client for 1:17213
got del_client for 1:17213
got del_client for 1:17213
got del_client for 1:17213
got del_client for 1:17214
got del_client for 1:17214
got del_client for 1:17214
got del_client for 1:17214
got del_client for 1:17214
got del_client for 1:17214
got del_client for 1:17214
got del_client for 1:17214
got del_client for 1:17214
got del_client for 1:17214
got del_client for 1:17215
got del_client for 1:17215
got del_client for 1:17215
got del_client for 1:17215
got del_client for 1:17215
got del_client for 1:17215
got del_client for 1:17215
got del_client for 1:17215
got del_client for 1:17215
got del_client for 1:17215
got del_client for 1:17216
got del_client for 1:17216
got del_client for 1:17216
got del_client for 1:17216
got del_client for 1:17216
got del_client for 1:17216
got del_client for 1:17216
got del_client for 1:17216
got del_client for 1:17216
got del_client for 1:17216
got del_client for 1:17217
got del_client for 1:17217
got del_client for 1:17217
got del_client for 1:17217
got del_client for 1:17217
got del_client for 1:17217
got del_client for 1:17217
got del_client for 1:17217
got del_client for 1:17217
got del_client for 1:17217
got del_client for 1:17218
got del_client for 1:17218
got del_client for 1:17218
got del_client for 1:17218
got del_client for 1:17218
got del_client for 1:17218
got del_client for 1:17218
got del_client for 1:17218
got del_client for 1:17218
got del_client for 1:17218
got del_client for 0:101
got del_client for 0:101
got del_client for 0:101
got del_client for 0:101
got del_client for 0:101
got del_client for 0:101
got del_client for 0:101
got del_client for 0:101
got del_client for 0:101
got del_client for 0:101
got del_client for 1:17219
got del_client for 1:17219
got del_client for 1:17219
got del_client for 1:17219
got del_client for 1:17219
got del_client for 1:17219
got del_client for 1:17219
got del_client for 1:17219
got del_client for 1:17219
got del_client for 1:17219
got del_client for 1:17220
got del_client for 1:17220
got del_client for 1:17220
got del_client for 1:17220
got del_client for 1:17220
got del_client for 1:17220
got del_client for 1:17220
got del_client for 1:17220
got del_client for 1:17220
got del_client for 1:17220
got del_client for 1:17221
got del_client for 1:17221
got del_client for 1:17221
got del_client for 1:17221
got del_client for 1:17221
got del_client for 1:17221
got del_client for 1:17221
got del_client for 1:17221
got del_client for 1:17221
got del_client for 1:17221
got del_client for 1:17222
got del_client for 1:17222
got del_client for 1:17222
got del_client for 1:17222
got del_client for 1:17222
got del_client for 1:17222
got del_client for 1:17222
got del_client for 1:17222
got del_client for 1:17222
got del_client for 1:17222
got del_client for 1:17223
got del_client for 1:17223
got del_client for 1:17223
got del_client for 1:17223
got del_client for 1:17223
got del_client for 1:17223
got del_client for 1:17223
got del_client for 1:17223
got del_client for 1:17223
got del_client for 1:17223
got del_client for 1:17224
got del_client for 1:17224
got del_client for 1:17224
got del_client for 1:17224
got del_client for 1:17224
got del_client for 1:17224
got del_client for 1:17224
got del_client for 1:17224
got del_client for 1:17224
got del_client for 1:17224
got del_client for 1:17225
got del_client for 1:17225
got del_client for 1:17225
got del_client for 1:17225
got del_client for 1:17225
got del_client for 1:17225
got del_client for 1:17225
got del_client for 1:17225
got del_client for 1:17225
got del_client for 1:17225
got del_client for 1:17226
got del_client for 1:17226
got del_client for 1:17226
got del_client for 1:17226
got del_client for 1:17226
got del_client for 1:17226
got del_client for 1:17226
got del_client for 1:17226
got del_client for 1:17226
got del_client for 1:17226
got del_client for 1:17227
got del_client for 1:17227
got del_client for 1:17227
got del_client for 1:17227
got del_client for 1:17227
got del_client for 1:17227
got del_client for 1:17227
got del_client for 1:17227
got del_client for 1:17227
got del_client for 1:17227
got del_client for 1:17228
got del_client for 1:17228
got del_client for 1:17228
got del_client for 1:17228
got del_client for 1:17228
got del_client for 1:17228
got del_client for 1:17228
got del_client for 1:17228
got del_client for 1:17228
got del_client for 1:17228
got del_client for 1:17229
got del_client for 1:17229
got del_client for 1:17229
got del_client for 1:17229
got del_client for 1:17229
got del_client for 1:17229
got del_client for 1:17229
got del_client for 1:17229
got del_client for 1:17229
got del_client for 1:17229
got del_client for 1:17230
got del_client for 1:17230
got del_client for 1:17230
got del_client for 1:17230
got del_client for 1:17230
got del_client for 1:17230
got del_client for 1:17230
got del_client for 1:17230
got del_client for 1:17230
got del_client for 1:17230
got del_client for 1:17231
got del_client for 1:17231
got del_client for 1:17231
got del_client for 1:17231
got del_client for 1:17231
got del_client for 1:17231
got del_client for 1:17231
got del_client for 1:17231
got del_client for 1:17231
got del_client for 1:17231
got del_client for 1:17232
got del_client for 1:17232
got del_client for 1:17232
got del_client for 1:17232
got del_client for 1:17232
got del_client for 1:17232
got del_client for 1:17232
got del_client for 1:17232
got del_client for 1:17232
got del_client for 1:17232
got del_client for 1:17233
got del_client for 1:17233
got del_client for 1:17233
got del_client for 1:17233
got del_client for 1:17233
got del_client for 1:17233
got del_client for 1:17233
got del_client for 1:17233
got del_client for 1:17233
got del_client for 1:17233
got del_client for 1:17234
got del_client for 1:17234
got del_client for 1:17234
got del_client for 1:17234
got del_client for 1:17234
got del_client for 1:17234
got del_client for 1:17234
got del_client for 1:17234
got del_client for 1:17234
got del_client for 1:17234
got del_client for 1:17235
got del_client for 1:17235
got del_client for 1:17235
got del_client for 1:17235
got del_client for 1:17235
got del_client for 1:17235
got del_client for 1:17235
got del_client for 1:17235
got del_client for 1:17235
got del_client for 1:17235
got del_client for 1:17236
got del_client for 1:17236
got del_client for 1:17236
got del_client for 1:17236
got del_client for 1:17236
got del_client for 1:17236
got del_client for 1:17236
got del_client for 1:17236
got del_client for 1:17236
got del_client for 1:17236
got del_client for 1:17237
got del_client for 1:17237
got del_client for 1:17237
got del_client for 1:17237
got del_client for 1:17237
got del_client for 1:17237
got del_client for 1:17237
got del_client for 1:17237
got del_client for 1:17237
got del_client for 1:17237
got del_client for 1:17238
got del_client for 1:17238
got del_client for 1:17238
got del_client for 1:17238
got del_client for 1:17238
got del_client for 1:17238
got del_client for 1:17238
got del_client for 1:17238
got del_client for 1:17238
got del_client for 1:17238
got del_client for 1:17239
got del_client for 1:17239
got del_client for 1:17239
got del_client for 1:17239
got del_client for 1:17239
got del_client for 1:17239
got del_client for 1:17239
got del_client for 1:17239
got del_client for 1:17239
got del_client for 1:17239
got del_client for 1:17240
got del_client for 1:17240
got del_client for 1:17240
got del_client for 1:17240
got del_client for 1:17240
got del_client for 1:17240
got del_client for 1:17240
got del_client for 1:17240
got del_client for 1:17240
got del_client for 1:17240
got del_client for 1:17241
got del_client for 1:17241
got del_client for 1:17241
got del_client for 1:17241
got del_client for 1:17241
got del_client for 1:17241
got del_client for 1:17241
got del_client for 1:17241
got del_client for 1:17241
got del_client for 1:17241
got del_client for 1:17242
got del_client for 1:17242
got del_client for 1:17242
got del_client for 1:17242
got del_client for 1:17242
got del_client for 1:17242
got del_client for 1:17242
got del_client for 1:17242
got del_client for 1:17242
got del_client for 1:17242
got del_client for 1:17243
got del_client for 1:17243
got del_client for 1:17243
got del_client for 1:17243
got del_client for 1:17243
got del_client for 1:17243
got del_client for 1:17243
got del_client for 1:17243
got del_client for 1:17243
got del_client for 1:17243
got del_client for 1:17244
got del_client for 1:17244
got del_client for 1:17244
got del_client for 1:17244
got del_client for 1:17244
got del_client for 1:17244
got del_client for 1:17244
got del_client for 1:17244
got del_client for 1:17244
got del_client for 1:17244
got del_client for 1:17245
got del_client for 1:17245
got del_client for 1:17245
got del_client for 1:17245
got del_client for 1:17245
got del_client for 1:17245
got del_client for 1:17245
got del_client for 1:17245
got del_client for 1:17245
got del_client for 1:17245
got del_client for 1:17246
got del_client for 1:17246
got del_client for 1:17246
got del_client for 1:17246
got del_client for 1:17246
got del_client for 1:17246
got del_client for 1:17246
got del_client for 1:17246
got del_client for 1:17246
got del_client for 1:17246
got del_client for 1:17247
got del_client for 1:17247
got del_client for 1:17247
got del_client for 1:17247
got del_client for 1:17247
got del_client for 1:17247
got del_client for 1:17247
got del_client for 1:17247
got del_client for 1:17247
got del_client for 1:17247
got del_client for 1:17248
got del_client for 1:17248
got del_client for 1:17248
got del_client for 1:17248
got del_client for 1:17248
got del_client for 1:17248
got del_client for 1:17248
got del_client for 1:17248
got del_client for 1:17248
got del_client for 1:17248
got del_client for 1:17249
got del_client for 1:17249
got del_client for 1:17249
got del_client for 1:17249
got del_client for 1:17249
got del_client for 1:17249
got del_client for 1:17249
got del_client for 1:17249
got del_client for 1:17249
got del_client for 1:17249
got del_client for 1:17250
got del_client for 1:17250
got del_client for 1:17250
got del_client for 1:17250
got del_client for 1:17250
got del_client for 1:17250
got del_client for 1:17250
got del_client for 1:17250
got del_client for 1:17250
got del_client for 1:17250
got del_client for 1:17251
got del_client for 1:17251
got del_client for 1:17251
got del_client for 1:17251
got del_client for 1:17251
got del_client for 1:17251
got del_client for 1:17251
got del_client for 1:17251
got del_client for 1:17251
got del_client for 1:17251
got del_client for 1:17252
got del_client for 1:17252
got del_client for 1:17252
got del_client for 1:17252
got del_client for 1:17252
got del_client for 1:17252
got del_client for 1:17252
got del_client for 1:17252
got del_client for 1:17252
got del_client for 1:17252
got del_client for 1:17253
got del_client for 1:17253
got del_client for 1:17253
got del_client for 1:17253
got del_client for 1:17253
got del_client for 1:17253
got del_client for 1:17253
got del_client for 1:17253
got del_client for 1:17253
got del_client for 1:17253
got del_client for 1:17254
got del_client for 1:17254
got del_client for 1:17254
got del_client for 1:17254
got del_client for 1:17254
got del_client for 1:17254
got del_client for 1:17254
got del_client for 1:17254
got del_client for 1:17254
got del_client for 1:17254
got del_client for 1:17255
got del_client for 1:17255
got del_client for 1:17255
got del_client for 1:17255
got del_client for 1:17255
got del_client for 1:17255
got del_client for 1:17255
got del_client for 1:17255
got del_client for 1:17255
got del_client for 1:17255
got del_client for 1:17256
got del_client for 1:17256
got del_client for 1:17256
got del_client for 1:17256
got del_client for 1:17256
got del_client for 1:17256
got del_client for 1:17256
got del_client for 1:17256
got del_client for 1:17256
got del_client for 1:17256
got del_client for 1:17257
got del_client for 1:17257
got del_client for 1:17257
got del_client for 1:17257
got del_client for 1:17257
got del_client for 1:17257
got del_client for 1:17257
got del_client for 1:17257
got del_client for 1:17257
got del_client for 1:17257
got del_client for 1:17258
got del_client for 1:17258
got del_client for 1:17258
got del_client for 1:17258
got del_client for 1:17258
got del_client for 1:17258
got del_client for 1:17258
got del_client for 1:17258
got del_client for 1:17258
got del_client for 1:17258
got del_client for 1:17259
got del_client for 1:17259
got del_client for 1:17259
got del_client for 1:17259
got del_client for 1:17259
got del_client for 1:17259
got del_client for 1:17259
got del_client for 1:17259
got del_client for 1:17259
got del_client for 1:17259
got del_client for 1:17260
got del_client for 1:17260
got del_client for 1:17260
got del_client for 1:17260
got del_client for 1:17260
got del_client for 1:17260
got del_client for 1:17260
got del_client for 1:17260
got del_client for 1:17260
got del_client for 1:17260
got del_client for 1:17261
got del_client for 1:17261
got del_client for 1:17261
got del_client for 1:17261
got del_client for 1:17261
got del_client for 1:17261
got del_client for 1:17261
got del_client for 1:17261
got del_client for 1:17261
got del_client for 1:17261
got del_client for 1:17262
got del_client for 1:17262
got del_client for 1:17262
got del_client for 1:17262
got del_client for 1:17262
got del_client for 1:17262
got del_client for 1:17262
got del_client for 1:17262
got del_client for 1:17262
got del_client for 1:17262
got del_client for 1:17263
got del_client for 1:17263
got del_client for 1:17263
got del_client for 1:17263
got del_client for 1:17263
got del_client for 1:17263
got del_client for 1:17263
got del_client for 1:17263
got del_client for 1:17263
got del_client for 1:17263
got del_client for 1:17264
got del_client for 1:17264
got del_client for 1:17264
got del_client for 1:17264
got del_client for 1:17264
got del_client for 1:17264
got del_client for 1:17264
got del_client for 1:17264
got del_client for 1:17264
got del_client for 1:17264
got del_client for 1:17265
got del_client for 1:17265
got del_client for 1:17265
got del_client for 1:17265
got del_client for 1:17265
got del_client for 1:17265
got del_client for 1:17265
got del_client for 1:17265
got del_client for 1:17265
got del_client for 1:17265
got del_client for 1:17266
got del_client for 1:17266
got del_client for 1:17266
got del_client for 1:17266
got del_client for 1:17266
got del_client for 1:17266
got del_client for 1:17266
got del_client for 1:17266
got del_client for 1:17266
got del_client for 1:17266
got del_client for 1:17267
got del_client for 1:17267
got del_client for 1:17267
got del_client for 1:17267
got del_client for 1:17267
got del_client for 1:17267
got del_client for 1:17267
got del_client for 1:17267
got del_client for 1:17267
got del_client for 1:17267
got del_client for 1:17268
got del_client for 1:17268
got del_client for 1:17268
got del_client for 1:17268
got del_client for 1:17268
got del_client for 1:17268
got del_client for 1:17268
got del_client for 1:17268
got del_client for 1:17268
got del_client for 1:17268
got del_client for 1:17269
got del_client for 1:17269
got del_client for 1:17269
got del_client for 1:17269
got del_client for 1:17269
got del_client for 1:17269
got del_client for 1:17269
got del_client for 1:17269
got del_client for 1:17269
got del_client for 1:17269
got del_client for 1:17270
got del_client for 1:17270
got del_client for 1:17270
got del_client for 1:17270
got del_client for 1:17270
got del_client for 1:17270
got del_client for 1:17270
got del_client for 1:17270
got del_client for 1:17270
got del_client for 1:17270
got del_client for 1:17271
got del_client for 1:17271
got del_client for 1:17271
got del_client for 1:17271
got del_client for 1:17271
got del_client for 1:17271
got del_client for 1:17271
got del_client for 1:17271
got del_client for 1:17271
got del_client for 1:17271
got del_client for 1:17272
got del_client for 1:17272
got del_client for 1:17272
got del_client for 1:17272
got del_client for 1:17272
got del_client for 1:17272
got del_client for 1:17272
got del_client for 1:17272
got del_client for 1:17272
got del_client for 1:17272
got del_client for 1:17273
got del_client for 1:17273
got del_client for 1:17273
got del_client for 1:17273
got del_client for 1:17273
got del_client for 1:17273
got del_client for 1:17273
got del_client for 1:17273
got del_client for 1:17273
got del_client for 1:17273
got del_client for 1:17274
got del_client for 1:17274
got del_client for 1:17274
got del_client for 1:17274
got del_client for 1:17274
got del_client for 1:17274
got del_client for 1:17274
got del_client for 1:17274
got del_client for 1:17274
got del_client for 1:17274
got del_client for 1:17275
got del_client for 1:17275
got del_client for 1:17275
got del_client for 1:17275
got del_client for 1:17275
got del_client for 1:17275
got del_client for 1:17275
got del_client for 1:17275
got del_client for 1:17275
got del_client for 1:17275
got del_client for 1:17276
got del_client for 1:17276
got del_client for 1:17276
got del_client for 1:17276
got del_client for 1:17276
got del_client for 1:17276
got del_client for 1:17276
got del_client for 1:17276
got del_client for 1:17276
got del_client for 1:17276
got del_client for 1:17277
got del_client for 1:17277
got del_client for 1:17277
got del_client for 1:17277
got del_client for 1:17277
got del_client for 1:17277
got del_client for 1:17277
got del_client for 1:17277
got del_client for 1:17277
got del_client for 1:17277
got del_client for 1:17278
got del_client for 1:17278
got del_client for 1:17278
got del_client for 1:17278
got del_client for 1:17278
got del_client for 1:17278
got del_client for 1:17278
got del_client for 1:17278
got del_client for 1:17278
got del_client for 1:17278
got del_client for 1:17279
got del_client for 1:17279
got del_client for 1:17279
got del_client for 1:17279
got del_client for 1:17279
got del_client for 1:17279
got del_client for 1:17279
got del_client for 1:17279
got del_client for 1:17279
got del_client for 1:17279
got del_client for 1:17280
got del_client for 1:17280
got del_client for 1:17280
got del_client for 1:17280
got del_client for 1:17280
got del_client for 1:17280
got del_client for 1:17280
got del_client for 1:17280
got del_client for 1:17280
got del_client for 1:17280
got del_client for 1:17281
got del_client for 1:17281
got del_client for 1:17281
got del_client for 1:17281
got del_client for 1:17281
got del_client for 1:17281
got del_client for 1:17281
got del_client for 1:17281
got del_client for 1:17281
got del_client for 1:17281
got del_client for 1:17282
got del_client for 1:17282
got del_client for 1:17282
got del_client for 1:17282
got del_client for 1:17282
got del_client for 1:17282
got del_client for 1:17282
got del_client for 1:17282
got del_client for 1:17282
got del_client for 1:17282
got del_client for 1:17283
got del_client for 1:17283
got del_client for 1:17283
got del_client for 1:17283
got del_client for 1:17283
got del_client for 1:17283
got del_client for 1:17283
got del_client for 1:17283
got del_client for 1:17283
got del_client for 1:17283
got del_client for 1:17284
got del_client for 1:17284
got del_client for 1:17284
got del_client for 1:17284
got del_client for 1:17284
got del_client for 1:17284
got del_client for 1:17284
got del_client for 1:17284
got del_client for 1:17284
got del_client for 1:17284
got del_client for 1:17285
got del_client for 1:17285
got del_client for 1:17285
got del_client for 1:17285
got del_client for 1:17285
got del_client for 1:17285
got del_client for 1:17285
got del_client for 1:17285
got del_client for 1:17285
got del_client for 1:17285
got del_client for 1:17286
got del_client for 1:17286
got del_client for 1:17286
got del_client for 1:17286
got del_client for 1:17286
got del_client for 1:17286
got del_client for 1:17286
got del_client for 1:17286
got del_client for 1:17286
got del_client for 1:17286
got del_client for 1:17287
got del_client for 1:17287
got del_client for 1:17287
got del_client for 1:17287
got del_client for 1:17287
got del_client for 1:17287
got del_client for 1:17287
got del_client for 1:17287
got del_client for 1:17287
got del_client for 1:17287
got del_client for 1:17288
got del_client for 1:17288
got del_client for 1:17288
got del_client for 1:17288
got del_client for 1:17288
got del_client for 1:17288
got del_client for 1:17288
got del_client for 1:17288
got del_client for 1:17288
got del_client for 1:17288
got del_client for 1:17289
got del_client for 1:17289
got del_client for 1:17289
got del_client for 1:17289
got del_client for 1:17289
got del_client for 1:17289
got del_client for 1:17289
got del_client for 1:17289
got del_client for 1:17289
got del_client for 1:17289
got del_client for 1:17290
got del_client for 1:17290
got del_client for 1:17290
got del_client for 1:17290
got del_client for 1:17290
got del_client for 1:17290
got del_client for 1:17290
got del_client for 1:17290
got del_client for 1:17290
got del_client for 1:17290
got del_client for 1:17291
got del_client for 1:17291
got del_client for 1:17291
got del_client for 1:17291
got del_client for 1:17291
got del_client for 1:17291
got del_client for 1:17291
got del_client for 1:17291
got del_client for 1:17291
got del_client for 1:17291
got del_client for 1:17292
got del_client for 1:17292
got del_client for 1:17292
got del_client for 1:17292
got del_client for 1:17292
got del_client for 1:17292
got del_client for 1:17292
got del_client for 1:17292
got del_client for 1:17292
got del_client for 1:17292
got del_client for 1:17293
got del_client for 1:17293
got del_client for 1:17293
got del_client for 1:17293
got del_client for 1:17293
got del_client for 1:17293
got del_client for 1:17293
got del_client for 1:17293
got del_client for 1:17293
got del_client for 1:17293
got del_client for 1:17294
got del_client for 1:17294
got del_client for 1:17294
got del_client for 1:17294
got del_client for 1:17294
got del_client for 1:17294
got del_client for 1:17294
got del_client for 1:17294
got del_client for 1:17294
got del_client for 1:17294
got del_client for 1:17295
got del_client for 1:17295
got del_client for 1:17295
got del_client for 1:17295
got del_client for 1:17295
got del_client for 1:17295
got del_client for 1:17295
got del_client for 1:17295
got del_client for 1:17295
got del_client for 1:17295
got del_client for 1:17296
got del_client for 1:17296
got del_client for 1:17296
got del_client for 1:17296
got del_client for 1:17296
got del_client for 1:17296
got del_client for 1:17296
got del_client for 1:17296
got del_client for 1:17296
got del_client for 1:17296
got del_client for 1:17297
got del_client for 1:17297
got del_client for 1:17297
got del_client for 1:17297
got del_client for 1:17297
got del_client for 1:17297
got del_client for 1:17297
got del_client for 1:17297
got del_client for 1:17297
got del_client for 1:17297
got del_client for 1:17298
got del_client for 1:17298
got del_client for 1:17298
got del_client for 1:17298
got del_client for 1:17298
got del_client for 1:17298
got del_client for 1:17298
got del_client for 1:17298
got del_client for 1:17298
got del_client for 1:17298
got del_client for 1:17299
got del_client for 1:17299
got del_client for 1:17299
got del_client for 1:17299
got del_client for 1:17299
got del_client for 1:17299
got del_client for 1:17299
got del_client for 1:17299
got del_client for 1:17299
got del_client for 1:17299
got del_client for 1:17300
got del_client for 1:17300
got del_client for 1:17300
got del_client for 1:17300
got del_client for 1:17300
got del_client for 1:17300
got del_client for 1:17300
got del_client for 1:17300
got del_client for 1:17300
got del_client for 1:17300
got del_client for 1:17301
got del_client for 1:17301
got del_client for 1:17301
got del_client for 1:17301
got del_client for 1:17301
got del_client for 1:17301
got del_client for 1:17301
got del_client for 1:17301
got del_client for 1:17301
got del_client for 1:17301
got del_client for 1:17302
got del_client for 1:17302
got del_client for 1:17302
got del_client for 1:17302
got del_client for 1:17302
got del_client for 1:17302
got del_client for 1:17302
got del_client for 1:17302
got del_client for 1:17302
got del_client for 1:17302
got del_client for 1:17303
got del_client for 1:17303
got del_client for 1:17303
got del_client for 1:17303
got del_client for 1:17303
got del_client for 1:17303
got del_client for 1:17303
got del_client for 1:17303
got del_client for 1:17303
got del_client for 1:17303
got del_client for 1:17304
got del_client for 1:17304
got del_client for 1:17304
got del_client for 1:17304
got del_client for 1:17304
got del_client for 1:17304
got del_client for 1:17304
got del_client for 1:17304
got del_client for 1:17304
got del_client for 1:17304
got del_client for 1:17305
got del_client for 1:17305
got del_client for 1:17305
got del_client for 1:17305
got del_client for 1:17305
got del_client for 1:17305
got del_client for 1:17305
got del_client for 1:17305
got del_client for 1:17305
got del_client for 1:17305
got del_client for 1:17306
got del_client for 1:17306
got del_client for 1:17306
got del_client for 1:17306
got del_client for 1:17306
got del_client for 1:17306
got del_client for 1:17306
got del_client for 1:17306
got del_client for 1:17306
got del_client for 1:17306
got del_client for 1:17307
got del_client for 1:17307
got del_client for 1:17307
got del_client for 1:17307
got del_client for 1:17307
got del_client for 1:17307
got del_client for 1:17307
got del_client for 1:17307
got del_client for 1:17307
got del_client for 1:17307
got del_client for 1:17308
got del_client for 1:17308
got del_client for 1:17308
got del_client for 1:17308
got del_client for 1:17308
got del_client for 1:17308
got del_client for 1:17308
got del_client for 1:17308
got del_client for 1:17308
got del_client for 1:17308
got del_client for 1:17309
got del_client for 1:17309
got del_client for 1:17309
got del_client for 1:17309
got del_client for 1:17309
got del_client for 1:17309
got del_client for 1:17309
got del_client for 1:17309
got del_client for 1:17309
got del_client for 1:17309
got del_client for 1:17310
got del_client for 1:17310
got del_client for 1:17310
got del_client for 1:17310
got del_client for 1:17310
got del_client for 1:17310
got del_client for 1:17310
got del_client for 1:17310
got del_client for 1:17310
got del_client for 1:17310
got del_client for 1:17311
got del_client for 1:17311
got del_client for 1:17311
got del_client for 1:17311
got del_client for 1:17311
got del_client for 1:17311
got del_client for 1:17311
got del_client for 1:17311
got del_client for 1:17311
got del_client for 1:17311
got del_client for 1:17312
got del_client for 1:17312
got del_client for 1:17312
got del_client for 1:17312
got del_client for 1:17312
got del_client for 1:17312
got del_client for 1:17312
got del_client for 1:17312
got del_client for 1:17312
got del_client for 1:17312
got del_client for 1:17313
got del_client for 1:17313
got del_client for 1:17313
got del_client for 1:17313
got del_client for 1:17313
got del_client for 1:17313
got del_client for 1:17313
got del_client for 1:17313
got del_client for 1:17313
got del_client for 1:17313
got del_client for 1:17314
got del_client for 1:17314
got del_client for 1:17314
got del_client for 1:17314
got del_client for 1:17314
got del_client for 1:17314
got del_client for 1:17314
got del_client for 1:17314
got del_client for 1:17314
got del_client for 1:17314
got del_client for 1:17315
got del_client for 1:17315
got del_client for 1:17315
got del_client for 1:17315
got del_client for 1:17315
got del_client for 1:17315
got del_client for 1:17315
got del_client for 1:17315
got del_client for 1:17315
got del_client for 1:17315
got del_client for 1:17316
got del_client for 1:17316
got del_client for 1:17316
got del_client for 1:17316
got del_client for 1:17316
got del_client for 1:17316
got del_client for 1:17316
got del_client for 1:17316
got del_client for 1:17316
got del_client for 1:17316
got del_client for 1:17317
got del_client for 1:17317
got del_client for 1:17317
got del_client for 1:17317
got del_client for 1:17317
got del_client for 1:17317
got del_client for 1:17317
got del_client for 1:17317
got del_client for 1:17317
got del_client for 1:17317
got del_client for 1:17318
got del_client for 1:17318
got del_client for 1:17318
got del_client for 1:17318
got del_client for 1:17318
got del_client for 1:17318
got del_client for 1:17318
got del_client for 1:17318
got del_client for 1:17318
got del_client for 1:17318
got del_client for 1:17319
got del_client for 1:17319
got del_client for 1:17319
got del_client for 1:17319
got del_client for 1:17319
got del_client for 1:17319
got del_client for 1:17319
got del_client for 1:17319
got del_client for 1:17319
got del_client for 1:17319
got del_client for 1:17320
got del_client for 1:17320
got del_client for 1:17320
got del_client for 1:17320
got del_client for 1:17320
got del_client for 1:17320
got del_client for 1:17320
got del_client for 1:17320
got del_client for 1:17320
got del_client for 1:17320
got del_client for 1:17321
got del_client for 1:17321
got del_client for 1:17321
got del_client for 1:17321
got del_client for 1:17321
got del_client for 1:17321
got del_client for 1:17321
got del_client for 1:17321
got del_client for 1:17321
got del_client for 1:17321
got del_client for 1:17322
got del_client for 1:17322
got del_client for 1:17322
got del_client for 1:17322
got del_client for 1:17322
got del_client for 1:17322
got del_client for 1:17322
got del_client for 1:17322
got del_client for 1:17322
got del_client for 1:17322
got del_client for 1:17323
got del_client for 1:17323
got del_client for 1:17323
got del_client for 1:17323
got del_client for 1:17323
got del_client for 1:17323
got del_client for 1:17323
got del_client for 1:17323
got del_client for 1:17323
got del_client for 1:17323
got del_client for 1:17324
got del_client for 1:17324
got del_client for 1:17324
got del_client for 1:17324
got del_client for 1:17324
got del_client for 1:17324
got del_client for 1:17324
got del_client for 1:17324
got del_client for 1:17324
got del_client for 1:17324
got del_client for 1:17325
got del_client for 1:17325
got del_client for 1:17325
got del_client for 1:17325
got del_client for 1:17325
got del_client for 1:17325
got del_client for 1:17325
got del_client for 1:17325
got del_client for 1:17325
got del_client for 1:17325
got del_client for 1:17326
got del_client for 1:17326
got del_client for 1:17326
got del_client for 1:17326
got del_client for 1:17326
got del_client for 1:17326
got del_client for 1:17326
got del_client for 1:17326
got del_client for 1:17326
got del_client for 1:17326
got del_client for 1:17327
got del_client for 1:17327
got del_client for 1:17327
got del_client for 1:17327
got del_client for 1:17327
got del_client for 1:17327
got del_client for 1:17327
got del_client for 1:17327
got del_client for 1:17327
got del_client for 1:17327
got del_client for 1:17328
got del_client for 1:17328
got del_client for 1:17328
got del_client for 1:17328
got del_client for 1:17328
got del_client for 1:17328
got del_client for 1:17328
got del_client for 1:17328
got del_client for 1:17328
got del_client for 1:17328
got del_client for 1:17329
got del_client for 1:17329
got del_client for 1:17329
got del_client for 1:17329
got del_client for 1:17329
got del_client for 1:17329
got del_client for 1:17329
got del_client for 1:17329
got del_client for 1:17329
got del_client for 1:17329
got del_client for 1:17330
got del_client for 1:17330
got del_client for 1:17330
got del_client for 1:17330
got del_client for 1:17330
got del_client for 1:17330
got del_client for 1:17330
got del_client for 1:17330
got del_client for 1:17330
got del_client for 1:17330
got del_client for 1:17331
got del_client for 1:17331
got del_client for 1:17331
got del_client for 1:17331
got del_client for 1:17331
got del_client for 1:17331
got del_client for 1:17331
got del_client for 1:17331
got del_client for 1:17331
got del_client for 1:17331
got del_client for 1:17332
got del_client for 1:17332
got del_client for 1:17332
got del_client for 1:17332
got del_client for 1:17332
got del_client for 1:17332
got del_client for 1:17332
got del_client for 1:17332
got del_client for 1:17332
got del_client for 1:17332
got del_client for 1:17333
got del_client for 1:17333
got del_client for 1:17333
got del_client for 1:17333
got del_client for 1:17333
got del_client for 1:17333
got del_client for 1:17333
got del_client for 1:17333
got del_client for 1:17333
got del_client for 1:17333
got del_client for 1:17334
got del_client for 1:17334
got del_client for 1:17334
got del_client for 1:17334
got del_client for 1:17334
got del_client for 1:17334
got del_client for 1:17334
got del_client for 1:17334
got del_client for 1:17334
got del_client for 1:17334
got del_client for 1:17335
got del_client for 1:17335
got del_client for 1:17335
got del_client for 1:17335
got del_client for 1:17335
got del_client for 1:17335
got del_client for 1:17335
got del_client for 1:17335
got del_client for 1:17335
got del_client for 1:17335
got del_client for 1:17336
got del_client for 1:17336
got del_client for 1:17336
got del_client for 1:17336
got del_client for 1:17336
got del_client for 1:17336
got del_client for 1:17336
got del_client for 1:17336
got del_client for 1:17336
got del_client for 1:17336
got del_client for 1:17337
got del_client for 1:17337
got del_client for 1:17337
got del_client for 1:17337
got del_client for 1:17337
got del_client for 1:17337
got del_client for 1:17337
got del_client for 1:17337
got del_client for 1:17337
got del_client for 1:17337
got del_client for 1:17338
got del_client for 1:17338
got del_client for 1:17338
got del_client for 1:17338
got del_client for 1:17338
got del_client for 1:17338
got del_client for 1:17338
got del_client for 1:17338
got del_client for 1:17338
got del_client for 1:17338
got del_client for 1:17339
got del_client for 1:17339
got del_client for 1:17339
got del_client for 1:17339
got del_client for 1:17339
got del_client for 1:17339
got del_client for 1:17339
got del_client for 1:17339
got del_client for 1:17339
got del_client for 1:17339
got del_client for 1:17340
got del_client for 1:17340
got del_client for 1:17340
got del_client for 1:17340
got del_client for 1:17340
got del_client for 1:17340
got del_client for 1:17340
got del_client for 1:17340
got del_client for 1:17340
got del_client for 1:17340
got del_client for 1:17341
got del_client for 1:17341
got del_client for 1:17341
got del_client for 1:17341
got del_client for 1:17341
got del_client for 1:17341
got del_client for 1:17341
got del_client for 1:17341
got del_client for 1:17341
got del_client for 1:17341
got del_client for 1:17342
got del_client for 1:17342
got del_client for 1:17342
got del_client for 1:17342
got del_client for 1:17342
got del_client for 1:17342
got del_client for 1:17342
got del_client for 1:17342
got del_client for 1:17342
got del_client for 1:17342
got del_client for 1:17343
got del_client for 1:17343
got del_client for 1:17343
got del_client for 1:17343
got del_client for 1:17343
got del_client for 1:17343
got del_client for 1:17343
got del_client for 1:17343
got del_client for 1:17343
got del_client for 1:17343
got del_client for 1:17344
got del_client for 1:17344
got del_client for 1:17344
got del_client for 1:17344
got del_client for 1:17344
got del_client for 1:17344
got del_client for 1:17344
got del_client for 1:17344
got del_client for 1:17344
got del_client for 1:17344
got del_client for 1:17345
got del_client for 1:17345
got del_client for 1:17345
got del_client for 1:17345
got del_client for 1:17345
got del_client for 1:17345
got del_client for 1:17345
got del_client for 1:17345
got del_client for 1:17345
got del_client for 1:17345
got del_client for 1:17346
got del_client for 1:17346
got del_client for 1:17346
got del_client for 1:17346
got del_client for 1:17346
got del_client for 1:17346
got del_client for 1:17346
got del_client for 1:17346
got del_client for 1:17346
got del_client for 1:17346
got del_client for 1:17347
got del_client for 1:17347
got del_client for 1:17347
got del_client for 1:17347
got del_client for 1:17347
got del_client for 1:17347
got del_client for 1:17347
got del_client for 1:17347
got del_client for 1:17347
got del_client for 1:17347
got del_client for 1:17348
got del_client for 1:17348
got del_client for 1:17348
got del_client for 1:17348
got del_client for 1:17348
got del_client for 1:17348
got del_client for 1:17348
got del_client for 1:17348
got del_client for 1:17348
got del_client for 1:17348
got del_client for 1:17349
got del_client for 1:17349
got del_client for 1:17349
got del_client for 1:17349
got del_client for 1:17349
got del_client for 1:17349
got del_client for 1:17349
got del_client for 1:17349
got del_client for 1:17349
got del_client for 1:17349
got del_client for 1:17350
got del_client for 1:17350
got del_client for 1:17350
got del_client for 1:17350
got del_client for 1:17350
got del_client for 1:17350
got del_client for 1:17350
got del_client for 1:17350
got del_client for 1:17350
got del_client for 1:17350
got del_client for 1:17351
got del_client for 1:17351
got del_client for 1:17351
got del_client for 1:17351
got del_client for 1:17351
got del_client for 1:17351
got del_client for 1:17351
got del_client for 1:17351
got del_client for 1:17351
got del_client for 1:17351
got del_client for 1:17352
got del_client for 1:17352
got del_client for 1:17352
got del_client for 1:17352
got del_client for 1:17352
got del_client for 1:17352
got del_client for 1:17352
got del_client for 1:17352
got del_client for 1:17352
got del_client for 1:17352
got del_client for 1:17353
got del_client for 1:17353
got del_client for 1:17353
got del_client for 1:17353
got del_client for 1:17353
got del_client for 1:17353
got del_client for 1:17353
got del_client for 1:17353
got del_client for 1:17353
got del_client for 1:17353
got del_client for 1:17354
got del_client for 1:17354
got del_client for 1:17354
got del_client for 1:17354
got del_client for 1:17354
got del_client for 1:17354
got del_client for 1:17354
got del_client for 1:17354
got del_client for 1:17354
got del_client for 1:17354
got del_client for 1:17355
got del_client for 1:17355
got del_client for 1:17355
got del_client for 1:17355
got del_client for 1:17355
got del_client for 1:17355
got del_client for 1:17355
got del_client for 1:17355
got del_client for 1:17355
got del_client for 1:17355
got del_client for 1:17356
got del_client for 1:17356
got del_client for 1:17356
got del_client for 1:17356
got del_client for 1:17356
got del_client for 1:17356
got del_client for 1:17356
got del_client for 1:17356
got del_client for 1:17356
got del_client for 1:17356
got del_client for 1:17357
got del_client for 1:17357
got del_client for 1:17357
got del_client for 1:17357
got del_client for 1:17357
got del_client for 1:17357
got del_client for 1:17357
got del_client for 1:17357
got del_client for 1:17357
got del_client for 1:17357
got del_client for 1:17358
got del_client for 1:17358
got del_client for 1:17358
got del_client for 1:17358
got del_client for 1:17358
got del_client for 1:17358
got del_client for 1:17358
got del_client for 1:17358
got del_client for 1:17358
got del_client for 1:17358
got del_client for 1:17359
got del_client for 1:17359
got del_client for 1:17359
got del_client for 1:17359
got del_client for 1:17359
got del_client for 1:17359
got del_client for 1:17359
got del_client for 1:17359
got del_client for 1:17359
got del_client for 1:17359
got del_client for 1:17360
got del_client for 1:17360
got del_client for 1:17360
got del_client for 1:17360
got del_client for 1:17360
got del_client for 1:17360
got del_client for 1:17360
got del_client for 1:17360
got del_client for 1:17360
got del_client for 1:17360
got del_client for 1:17361
got del_client for 1:17361
got del_client for 1:17361
got del_client for 1:17361
got del_client for 1:17361
got del_client for 1:17361
got del_client for 1:17361
got del_client for 1:17361
got del_client for 1:17361
got del_client for 1:17361
got del_client for 1:17362
got del_client for 1:17362
got del_client for 1:17362
got del_client for 1:17362
got del_client for 1:17362
got del_client for 1:17362
got del_client for 1:17362
got del_client for 1:17362
got del_client for 1:17362
got del_client for 1:17362
got del_client for 1:17363
got del_client for 1:17363
got del_client for 1:17363
got del_client for 1:17363
got del_client for 1:17363
got del_client for 1:17363
got del_client for 1:17363
got del_client for 1:17363
got del_client for 1:17363
got del_client for 1:17363
got del_client for 1:17364
got del_client for 1:17364
got del_client for 1:17364
got del_client for 1:17364
got del_client for 1:17364
got del_client for 1:17364
got del_client for 1:17364
got del_client for 1:17364
got del_client for 1:17364
got del_client for 1:17364
got del_client for 1:17365
got del_client for 1:17365
got del_client for 1:17365
got del_client for 1:17365
got del_client for 1:17365
got del_client for 1:17365
got del_client for 1:17365
got del_client for 1:17365
got del_client for 1:17365
got del_client for 1:17365
got del_client for 1:17366
got del_client for 1:17366
got del_client for 1:17366
got del_client for 1:17366
got del_client for 1:17366
got del_client for 1:17366
got del_client for 1:17366
got del_client for 1:17366
got del_client for 1:17366
got del_client for 1:17366
got del_client for 1:17367
got del_client for 1:17367
got del_client for 1:17367
got del_client for 1:17367
got del_client for 1:17367
got del_client for 1:17367
got del_client for 1:17367
got del_client for 1:17367
got del_client for 1:17367
got del_client for 1:17367
got del_client for 1:17368
got del_client for 1:17368
got del_client for 1:17368
got del_client for 1:17368
got del_client for 1:17368
got del_client for 1:17368
got del_client for 1:17368
got del_client for 1:17368
got del_client for 1:17368
got del_client for 1:17368
got del_client for 1:17369
got del_client for 1:17369
got del_client for 1:17369
got del_client for 1:17369
got del_client for 1:17369
got del_client for 1:17369
got del_client for 1:17369
got del_client for 1:17369
got del_client for 1:17369
got del_client for 1:17369
got del_client for 1:17370
got del_client for 1:17370
got del_client for 1:17370
got del_client for 1:17370
got del_client for 1:17370
got del_client for 1:17370
got del_client for 1:17370
got del_client for 1:17370
got del_client for 1:17370
got del_client for 1:17370
got del_client for 1:17371
got del_client for 1:17371
got del_client for 1:17371
got del_client for 1:17371
got del_client for 1:17371
got del_client for 1:17371
got del_client for 1:17371
got del_client for 1:17371
got del_client for 1:17371
got del_client for 1:17371
got del_client for 1:17372
got del_client for 1:17372
got del_client for 1:17372
got del_client for 1:17372
got del_client for 1:17372
got del_client for 1:17372
got del_client for 1:17372
got del_client for 1:17372
got del_client for 1:17372
got del_client for 1:17372
got del_client for 1:17373
got del_client for 1:17373
got del_client for 1:17373
got del_client for 1:17373
got del_client for 1:17373
got del_client for 1:17373
got del_client for 1:17373
got del_client for 1:17373
got del_client for 1:17373
got del_client for 1:17373
got del_client for 1:17374
got del_client for 1:17374
got del_client for 1:17374
got del_client for 1:17374
got del_client for 1:17374
got del_client for 1:17374
got del_client for 1:17374
got del_client for 1:17374
got del_client for 1:17374
got del_client for 1:17374
got del_client for 1:17375
got del_client for 1:17375
got del_client for 1:17375
got del_client for 1:17375
got del_client for 1:17375
got del_client for 1:17375
got del_client for 1:17375
got del_client for 1:17375
got del_client for 1:17375
got del_client for 1:17375
got del_client for 1:17376
got del_client for 1:17376
got del_client for 1:17376
got del_client for 1:17376
got del_client for 1:17376
got del_client for 1:17376
got del_client for 1:17376
got del_client for 1:17376
got del_client for 1:17376
got del_client for 1:17376
got del_client for 1:17377
got del_client for 1:17377
got del_client for 1:17377
got del_client for 1:17377
got del_client for 1:17377
got del_client for 1:17377
got del_client for 1:17377
got del_client for 1:17377
got del_client for 1:17377
got del_client for 1:17377
got del_client for 1:17378
got del_client for 1:17378
got del_client for 1:17378
got del_client for 1:17378
got del_client for 1:17378
got del_client for 1:17378
got del_client for 1:17378
got del_client for 1:17378
got del_client for 1:17378
got del_client for 1:17378
got del_client for 1:17379
got del_client for 1:17379
got del_client for 1:17379
got del_client for 1:17379
got del_client for 1:17379
got del_client for 1:17379
got del_client for 1:17379
got del_client for 1:17379
got del_client for 1:17379
got del_client for 1:17379
got del_client for 1:17380
got del_client for 1:17380
got del_client for 1:17380
got del_client for 1:17380
got del_client for 1:17380
got del_client for 1:17380
got del_client for 1:17380
got del_client for 1:17380
got del_client for 1:17380
got del_client for 1:17380
got del_client for 1:17381
got del_client for 1:17381
got del_client for 1:17381
got del_client for 1:17381
got del_client for 1:17381
got del_client for 1:17381
got del_client for 1:17381
got del_client for 1:17381
got del_client for 1:17381
got del_client for 1:17381
got del_client for 1:17382
got del_client for 1:17382
got del_client for 1:17382
got del_client for 1:17382
got del_client for 1:17382
got del_client for 1:17382
got del_client for 1:17382
got del_client for 1:17382
got del_client for 1:17382
got del_client for 1:17382
got del_client for 1:17383
got del_client for 1:17383
got del_client for 1:17383
got del_client for 1:17383
got del_client for 1:17383
got del_client for 1:17383
got del_client for 1:17383
got del_client for 1:17383
got del_client for 1:17383
got del_client for 1:17383
got del_client for 1:17384
got del_client for 1:17384
got del_client for 1:17384
got del_client for 1:17384
got del_client for 1:17384
got del_client for 1:17384
got del_client for 1:17384
got del_client for 1:17384
got del_client for 1:17384
got del_client for 1:17384
got del_client for 1:17385
got del_client for 1:17385
got del_client for 1:17385
got del_client for 1:17385
got del_client for 1:17385
got del_client for 1:17385
got del_client for 1:17385
got del_client for 1:17385
got del_client for 1:17385
got del_client for 1:17385
got del_client for 1:17386
got del_client for 1:17386
got del_client for 1:17386
got del_client for 1:17386
got del_client for 1:17386
got del_client for 1:17386
got del_client for 1:17386
got del_client for 1:17386
got del_client for 1:17386
got del_client for 1:17386
got del_client for 1:17387
got del_client for 1:17387
got del_client for 1:17387
got del_client for 1:17387
got del_client for 1:17387
got del_client for 1:17387
got del_client for 1:17387
got del_client for 1:17387
got del_client for 1:17387
got del_client for 1:17387
got del_client for 1:17388
got del_client for 1:17388
got del_client for 1:17388
got del_client for 1:17388
got del_client for 1:17388
got del_client for 1:17388
got del_client for 1:17388
got del_client for 1:17388
got del_client for 1:17388
got del_client for 1:17388
got del_client for 1:17389
got del_client for 1:17389
got del_client for 1:17389
got del_client for 1:17389
got del_client for 1:17389
got del_client for 1:17389
got del_client for 1:17389
got del_client for 1:17389
got del_client for 1:17389
got del_client for 1:17389
got del_client for 1:17390
got del_client for 1:17390
got del_client for 1:17390
got del_client for 1:17390
got del_client for 1:17390
got del_client for 1:17390
got del_client for 1:17390
got del_client for 1:17390
got del_client for 1:17390
got del_client for 1:17390
got del_client for 1:17391
got del_client for 1:17391
got del_client for 1:17391
got del_client for 1:17391
got del_client for 1:17391
got del_client for 1:17391
got del_client for 1:17391
got del_client for 1:17391
got del_client for 1:17391
got del_client for 1:17391
got del_client for 1:17392
got del_client for 1:17392
got del_client for 1:17392
got del_client for 1:17392
got del_client for 1:17392
got del_client for 1:17392
got del_client for 1:17392
got del_client for 1:17392
got del_client for 1:17392
got del_client for 1:17392
got del_client for 1:17393
got del_client for 1:17393
got del_client for 1:17393
got del_client for 1:17393
got del_client for 1:17393
got del_client for 1:17393
got del_client for 1:17393
got del_client for 1:17393
got del_client for 1:17393
got del_client for 1:17393
got del_client for 1:17394
got del_client for 1:17394
got del_client for 1:17394
got del_client for 1:17394
got del_client for 1:17394
got del_client for 1:17394
got del_client for 1:17394
got del_client for 1:17394
got del_client for 1:17394
got del_client for 1:17394
got del_client for 1:17395
got del_client for 1:17395
got del_client for 1:17395
got del_client for 1:17395
got del_client for 1:17395
got del_client for 1:17395
got del_client for 1:17395
got del_client for 1:17395
got del_client for 1:17395
got del_client for 1:17395
got del_client for 1:17396
got del_client for 1:17396
got del_client for 1:17396
got del_client for 1:17396
got del_client for 1:17396
got del_client for 1:17396
got del_client for 1:17396
got del_client for 1:17396
got del_client for 1:17396
got del_client for 1:17396
got del_client for 1:17397
got del_client for 1:17397
got del_client for 1:17397
got del_client for 1:17397
got del_client for 1:17397
got del_client for 1:17397
got del_client for 1:17397
got del_client for 1:17397
got del_client for 1:17397
got del_client for 1:17397
got del_client for 1:17398
got del_client for 1:17398
got del_client for 1:17398
got del_client for 1:17398
got del_client for 1:17398
got del_client for 1:17398
got del_client for 1:17398
got del_client for 1:17398
got del_client for 1:17398
got del_client for 1:17398
got del_client for 1:17399
got del_client for 1:17399
got del_client for 1:17399
got del_client for 1:17399
got del_client for 1:17399
got del_client for 1:17399
got del_client for 1:17399
got del_client for 1:17399
got del_client for 1:17399
got del_client for 1:17399
got del_client for 1:17400
got del_client for 1:17400
got del_client for 1:17400
got del_client for 1:17400
got del_client for 1:17400
got del_client for 1:17400
got del_client for 1:17400
got del_client for 1:17400
got del_client for 1:17400
got del_client for 1:17400
got del_client for 1:17401
got del_client for 1:17401
got del_client for 1:17401
got del_client for 1:17401
got del_client for 1:17401
got del_client for 1:17401
got del_client for 1:17401
got del_client for 1:17401
got del_client for 1:17401
got del_client for 1:17401
got del_client for 1:17402
got del_client for 1:17402
got del_client for 1:17402
got del_client for 1:17402
got del_client for 1:17402
got del_client for 1:17402
got del_client for 1:17402
got del_client for 1:17402
got del_client for 1:17402
got del_client for 1:17402
got del_client for 1:17403
got del_client for 1:17403
got del_client for 1:17403
got del_client for 1:17403
got del_client for 1:17403
got del_client for 1:17403
got del_client for 1:17403
got del_client for 1:17403
got del_client for 1:17403
got del_client for 1:17403
got del_client for 1:17404
got del_client for 1:17404
got del_client for 1:17404
got del_client for 1:17404
got del_client for 1:17404
got del_client for 1:17404
got del_client for 1:17404
got del_client for 1:17404
got del_client for 1:17404
got del_client for 1:17404
got del_client for 1:17405
got del_client for 1:17405
got del_client for 1:17405
got del_client for 1:17405
got del_client for 1:17405
got del_client for 1:17405
got del_client for 1:17405
got del_client for 1:17405
got del_client for 1:17405
got del_client for 1:17405
got del_client for 1:17406
got del_client for 1:17406
got del_client for 1:17406
got del_client for 1:17406
got del_client for 1:17406
got del_client for 1:17406
got del_client for 1:17406
got del_client for 1:17406
got del_client for 1:17406
got del_client for 1:17406
got del_client for 1:17407
got del_client for 1:17407
got del_client for 1:17407
got del_client for 1:17407
got del_client for 1:17407
got del_client for 1:17407
got del_client for 1:17407
got del_client for 1:17407
got del_client for 1:17407
got del_client for 1:17407
got del_client for 1:17408
got del_client for 1:17408
got del_client for 1:17408
got del_client for 1:17408
got del_client for 1:17408
got del_client for 1:17408
got del_client for 1:17408
got del_client for 1:17408
got del_client for 1:17408
got del_client for 1:17408
got del_client for 1:17409
got del_client for 1:17409
got del_client for 1:17409
got del_client for 1:17409
got del_client for 1:17409
got del_client for 1:17409
got del_client for 1:17409
got del_client for 1:17409
got del_client for 1:17409
got del_client for 1:17409
got del_client for 1:17410
got del_client for 1:17410
got del_client for 1:17410
got del_client for 1:17410
got del_client for 1:17410
got del_client for 1:17410
got del_client for 1:17410
got del_client for 1:17410
got del_client for 1:17410
got del_client for 1:17410
got del_client for 1:17411
got del_client for 1:17411
got del_client for 1:17411
got del_client for 1:17411
got del_client for 1:17411
got del_client for 1:17411
got del_client for 1:17411
got del_client for 1:17411
got del_client for 1:17411
got del_client for 1:17411
got del_client for 1:17412
got del_client for 1:17412
got del_client for 1:17412
got del_client for 1:17412
got del_client for 1:17412
got del_client for 1:17412
got del_client for 1:17412
got del_client for 1:17412
got del_client for 1:17412
got del_client for 1:17412
got del_client for 1:17413
got del_client for 1:17413
got del_client for 1:17413
got del_client for 1:17413
got del_client for 1:17413
got del_client for 1:17413
got del_client for 1:17413
got del_client for 1:17413
got del_client for 1:17413
got del_client for 1:17413
got del_client for 1:17414
got del_client for 1:17414
got del_client for 1:17414
got del_client for 1:17414
got del_client for 1:17414
got del_client for 1:17414
got del_client for 1:17414
got del_client for 1:17414
got del_client for 1:17414
got del_client for 1:17414
got del_client for 1:17415
got del_client for 1:17415
got del_client for 1:17415
got del_client for 1:17415
got del_client for 1:17415
got del_client for 1:17415
got del_client for 1:17415
got del_client for 1:17415
got del_client for 1:17415
got del_client for 1:17415
got del_client for 1:17416
got del_client for 1:17416
got del_client for 1:17416
got del_client for 1:17416
got del_client for 1:17416
got del_client for 1:17416
got del_client for 1:17416
got del_client for 1:17416
got del_client for 1:17416
got del_client for 1:17416
got del_client for 1:17417
got del_client for 1:17417
got del_client for 1:17417
got del_client for 1:17417
got del_client for 1:17417
got del_client for 1:17417
got del_client for 1:17417
got del_client for 1:17417
got del_client for 1:17417
got del_client for 1:17417
got del_client for 1:17418
got del_client for 1:17418
got del_client for 1:17418
got del_client for 1:17418
got del_client for 1:17418
got del_client for 1:17418
got del_client for 1:17418
got del_client for 1:17418
got del_client for 1:17418
got del_client for 1:17418
got del_client for 1:17419
got del_client for 1:17419
got del_client for 1:17419
got del_client for 1:17419
got del_client for 1:17419
got del_client for 1:17419
got del_client for 1:17419
got del_client for 1:17419
got del_client for 1:17419
got del_client for 1:17419
got del_client for 1:17420
got del_client for 1:17420
got del_client for 1:17420
got del_client for 1:17420
got del_client for 1:17420
got del_client for 1:17420
got del_client for 1:17420
got del_client for 1:17420
got del_client for 1:17420
got del_client for 1:17420
got del_client for 1:17421
got del_client for 1:17421
got del_client for 1:17421
got del_client for 1:17421
got del_client for 1:17421
got del_client for 1:17421
got del_client for 1:17421
got del_client for 1:17421
got del_client for 1:17421
got del_client for 1:17421
got del_client for 1:17422
got del_client for 1:17422
got del_client for 1:17422
got del_client for 1:17422
got del_client for 1:17422
got del_client for 1:17422
got del_client for 1:17422
got del_client for 1:17422
got del_client for 1:17422
got del_client for 1:17422
got del_client for 1:17423
got del_client for 1:17423
got del_client for 1:17423
got del_client for 1:17423
got del_client for 1:17423
got del_client for 1:17423
got del_client for 1:17423
got del_client for 1:17423
got del_client for 1:17423
got del_client for 1:17423
got del_client for 1:17424
got del_client for 1:17424
got del_client for 1:17424
got del_client for 1:17424
got del_client for 1:17424
got del_client for 1:17424
got del_client for 1:17424
got del_client for 1:17424
got del_client for 1:17424
got del_client for 1:17424
got del_client for 1:17425
got del_client for 1:17425
got del_client for 1:17425
got del_client for 1:17425
got del_client for 1:17425
got del_client for 1:17425
got del_client for 1:17425
got del_client for 1:17425
got del_client for 1:17425
got del_client for 1:17425
got del_client for 1:17426
got del_client for 1:17426
got del_client for 1:17426
got del_client for 1:17426
got del_client for 1:17426
got del_client for 1:17426
got del_client for 1:17426
got del_client for 1:17426
got del_client for 1:17426
got del_client for 1:17426
got del_client for 1:17427
got del_client for 1:17427
got del_client for 1:17427
got del_client for 1:17427
got del_client for 1:17427
got del_client for 1:17427
got del_client for 1:17427
got del_client for 1:17427
got del_client for 1:17427
got del_client for 1:17427
got del_client for 1:17428
got del_client for 1:17428
got del_client for 1:17428
got del_client for 1:17428
got del_client for 1:17428
got del_client for 1:17428
got del_client for 1:17428
got del_client for 1:17428
got del_client for 1:17428
got del_client for 1:17428
got del_client for 1:17429
got del_client for 1:17429
got del_client for 1:17429
got del_client for 1:17429
got del_client for 1:17429
got del_client for 1:17429
got del_client for 1:17429
got del_client for 1:17429
got del_client for 1:17429
got del_client for 1:17429
got del_client for 1:17430
got del_client for 1:17430
got del_client for 1:17430
got del_client for 1:17430
got del_client for 1:17430
got del_client for 1:17430
got del_client for 1:17430
got del_client for 1:17430
got del_client for 1:17430
got del_client for 1:17430
got del_client for 1:17431
got del_client for 1:17431
got del_client for 1:17431
got del_client for 1:17431
got del_client for 1:17431
got del_client for 1:17431
got del_client for 1:17431
got del_client for 1:17431
got del_client for 1:17431
got del_client for 1:17431
got del_client for 1:17432
got del_client for 1:17432
got del_client for 1:17432
got del_client for 1:17432
got del_client for 1:17432
got del_client for 1:17432
got del_client for 1:17432
got del_client for 1:17432
got del_client for 1:17432
got del_client for 1:17432
got del_client for 1:17433
got del_client for 1:17433
got del_client for 1:17433
got del_client for 1:17433
got del_client for 1:17433
got del_client for 1:17433
got del_client for 1:17433
got del_client for 1:17433
got del_client for 1:17433
got del_client for 1:17433
got del_client for 1:17434
got del_client for 1:17434
got del_client for 1:17434
got del_client for 1:17434
got del_client for 1:17434
got del_client for 1:17434
got del_client for 1:17434
got del_client for 1:17434
got del_client for 1:17434
got del_client for 1:17434
got del_client for 1:17435
got del_client for 1:17435
got del_client for 1:17435
got del_client for 1:17435
got del_client for 1:17435
got del_client for 1:17435
got del_client for 1:17435
got del_client for 1:17435
got del_client for 1:17435
got del_client for 1:17435
got del_client for 1:17436
got del_client for 1:17436
got del_client for 1:17436
got del_client for 1:17436
got del_client for 1:17436
got del_client for 1:17436
got del_client for 1:17436
got del_client for 1:17436
got del_client for 1:17436
got del_client for 1:17436
got del_client for 1:17437
got del_client for 1:17437
got del_client for 1:17437
got del_client for 1:17437
got del_client for 1:17437
got del_client for 1:17437
got del_client for 1:17437
got del_client for 1:17437
got del_client for 1:17437
got del_client for 1:17437
got del_client for 1:17438
got del_client for 1:17438
got del_client for 1:17438
got del_client for 1:17438
got del_client for 1:17438
got del_client for 1:17438
got del_client for 1:17438
got del_client for 1:17438
got del_client for 1:17438
got del_client for 1:17438
got del_client for 1:17439
got del_client for 1:17439
got del_client for 1:17439
got del_client for 1:17439
got del_client for 1:17439
got del_client for 1:17439
got del_client for 1:17439
got del_client for 1:17439
got del_client for 1:17439
got del_client for 1:17439
got del_client for 1:17440
got del_client for 1:17440
got del_client for 1:17440
got del_client for 1:17440
got del_client for 1:17440
got del_client for 1:17440
got del_client for 1:17440
got del_client for 1:17440
got del_client for 1:17440
got del_client for 1:17440
got del_client for 1:17441
got del_client for 1:17441
got del_client for 1:17441
got del_client for 1:17441
got del_client for 1:17441
got del_client for 1:17441
got del_client for 1:17441
got del_client for 1:17441
got del_client for 1:17441
got del_client for 1:17441
got del_client for 1:17442
got del_client for 1:17442
got del_client for 1:17442
got del_client for 1:17442
got del_client for 1:17442
got del_client for 1:17442
got del_client for 1:17442
got del_client for 1:17442
got del_client for 1:17442
got del_client for 1:17442
got del_client for 1:17443
got del_client for 1:17443
got del_client for 1:17443
got del_client for 1:17443
got del_client for 1:17443
got del_client for 1:17443
got del_client for 1:17443
got del_client for 1:17443
got del_client for 1:17443
got del_client for 1:17443
got del_client for 1:17444
got del_client for 1:17444
got del_client for 1:17444
got del_client for 1:17444
got del_client for 1:17444
got del_client for 1:17444
got del_client for 1:17444
got del_client for 1:17444
got del_client for 1:17444
got del_client for 1:17444
got del_client for 1:17445
got del_client for 1:17445
got del_client for 1:17445
got del_client for 1:17445
got del_client for 1:17445
got del_client for 1:17445
got del_client for 1:17445
got del_client for 1:17445
got del_client for 1:17445
got del_client for 1:17445
got del_client for 1:17446
got del_client for 1:17446
got del_client for 1:17446
got del_client for 1:17446
got del_client for 1:17446
got del_client for 1:17446
got del_client for 1:17446
got del_client for 1:17446
got del_client for 1:17446
got del_client for 1:17446
got del_client for 1:17447
got del_client for 1:17447
got del_client for 1:17447
got del_client for 1:17447
got del_client for 1:17447
got del_client for 1:17447
got del_client for 1:17447
got del_client for 1:17447
got del_client for 1:17447
got del_client for 1:17447
got del_client for 1:17448
got del_client for 1:17448
got del_client for 1:17448
got del_client for 1:17448
got del_client for 1:17448
got del_client for 1:17448
got del_client for 1:17448
got del_client for 1:17448
got del_client for 1:17448
got del_client for 1:17448
got del_client for 1:17449
got del_client for 1:17449
got del_client for 1:17449
got del_client for 1:17449
got del_client for 1:17449
got del_client for 1:17449
got del_client for 1:17449
got del_client for 1:17449
got del_client for 1:17449
got del_client for 1:17449
got del_client for 1:17450
got del_client for 1:17450
got del_client for 1:17450
got del_client for 1:17450
got del_client for 1:17450
got del_client for 1:17450
got del_client for 1:17450
got del_client for 1:17450
got del_client for 1:17450
got del_client for 1:17450
got del_client for 1:17451
got del_client for 1:17451
got del_client for 1:17451
got del_client for 1:17451
got del_client for 1:17451
got del_client for 1:17451
got del_client for 1:17451
got del_client for 1:17451
got del_client for 1:17451
got del_client for 1:17451
got del_client for 1:17452
got del_client for 1:17452
got del_client for 1:17452
got del_client for 1:17452
got del_client for 1:17452
got del_client for 1:17452
got del_client for 1:17452
got del_client for 1:17452
got del_client for 1:17452
got del_client for 1:17452
got del_client for 1:17453
got del_client for 1:17453
got del_client for 1:17453
got del_client for 1:17453
got del_client for 1:17453
got del_client for 1:17453
got del_client for 1:17453
got del_client for 1:17453
got del_client for 1:17453
got del_client for 1:17453
got del_client for 1:17454
got del_client for 1:17454
got del_client for 1:17454
got del_client for 1:17454
got del_client for 1:17454
got del_client for 1:17454
got del_client for 1:17454
got del_client for 1:17454
got del_client for 1:17454
got del_client for 1:17454
got del_client for 1:17455
got del_client for 1:17455
got del_client for 1:17455
got del_client for 1:17455
got del_client for 1:17455
got del_client for 1:17455
got del_client for 1:17455
got del_client for 1:17455
got del_client for 1:17455
got del_client for 1:17455
got del_client for 1:17456
got del_client for 1:17456
got del_client for 1:17456
got del_client for 1:17456
got del_client for 1:17456
got del_client for 1:17456
got del_client for 1:17456
got del_client for 1:17456
got del_client for 1:17456
got del_client for 1:17456
got del_client for 1:17457
got del_client for 1:17457
got del_client for 1:17457
got del_client for 1:17457
got del_client for 1:17457
got del_client for 1:17457
got del_client for 1:17457
got del_client for 1:17457
got del_client for 1:17457
got del_client for 1:17457
got del_client for 1:17458
got del_client for 1:17458
got del_client for 1:17458
got del_client for 1:17458
got del_client for 1:17458
got del_client for 1:17458
got del_client for 1:17458
got del_client for 1:17458
got del_client for 1:17458
got del_client for 1:17458
got del_client for 1:17459
got del_client for 1:17459
got del_client for 1:17459
got del_client for 1:17459
got del_client for 1:17459
got del_client for 1:17459
got del_client for 1:17459
got del_client for 1:17459
got del_client for 1:17459
got del_client for 1:17459
got del_client for 1:17460
got del_client for 1:17460
got del_client for 1:17460
got del_client for 1:17460
got del_client for 1:17460
got del_client for 1:17460
got del_client for 1:17460
got del_client for 1:17460
got del_client for 1:17460
got del_client for 1:17460
got del_client for 1:17461
got del_client for 1:17461
got del_client for 1:17461
got del_client for 1:17461
got del_client for 1:17461
got del_client for 1:17461
got del_client for 1:17461
got del_client for 1:17461
got del_client for 1:17461
got del_client for 1:17461
got del_client for 1:17462
got del_client for 1:17462
got del_client for 1:17462
got del_client for 1:17462
got del_client for 1:17462
got del_client for 1:17462
got del_client for 1:17462
got del_client for 1:17462
got del_client for 1:17462
got del_client for 1:17462
got del_client for 1:17463
got del_client for 1:17463
got del_client for 1:17463
got del_client for 1:17463
got del_client for 1:17463
got del_client for 1:17463
got del_client for 1:17463
got del_client for 1:17463
got del_client for 1:17463
got del_client for 1:17463
got del_client for 1:17464
got del_client for 1:17464
got del_client for 1:17464
got del_client for 1:17464
got del_client for 1:17464
got del_client for 1:17464
got del_client for 1:17464
got del_client for 1:17464
got del_client for 1:17464
got del_client for 1:17464
got del_client for 1:17465
got del_client for 1:17465
got del_client for 1:17465
got del_client for 1:17465
got del_client for 1:17465
got del_client for 1:17465
got del_client for 1:17465
got del_client for 1:17465
got del_client for 1:17465
got del_client for 1:17465
got del_client for 1:17466
got del_client for 1:17466
got del_client for 1:17466
got del_client for 1:17466
got del_client for 1:17466
got del_client for 1:17466
got del_client for 1:17466
got del_client for 1:17466
got del_client for 1:17466
got del_client for 1:17466
got del_client for 1:17467
got del_client for 1:17467
got del_client for 1:17467
got del_client for 1:17467
got del_client for 1:17467
got del_client for 1:17467
got del_client for 1:17467
got del_client for 1:17467
got del_client for 1:17467
got del_client for 1:17467
got del_client for 1:17468
got del_client for 1:17468
got del_client for 1:17468
got del_client for 1:17468
got del_client for 1:17468
got del_client for 1:17468
got del_client for 1:17468
got del_client for 1:17468
got del_client for 1:17468
got del_client for 1:17468
got del_client for 1:17469
got del_client for 1:17469
got del_client for 1:17469
got del_client for 1:17469
got del_client for 1:17469
got del_client for 1:17469
got del_client for 1:17469
got del_client for 1:17469
got del_client for 1:17469
got del_client for 1:17469
got del_client for 1:17470
got del_client for 1:17470
got del_client for 1:17470
got del_client for 1:17470
got del_client for 1:17470
got del_client for 1:17470
got del_client for 1:17470
got del_client for 1:17470
got del_client for 1:17470
got del_client for 1:17470
got del_client for 1:17471
got del_client for 1:17471
got del_client for 1:17471
got del_client for 1:17471
got del_client for 1:17471
got del_client for 1:17471
got del_client for 1:17471
got del_client for 1:17471
got del_client for 1:17471
got del_client for 1:17471
got del_client for 1:17472
got del_client for 1:17472
got del_client for 1:17472
got del_client for 1:17472
got del_client for 1:17472
got del_client for 1:17472
got del_client for 1:17472
got del_client for 1:17472
got del_client for 1:17472
got del_client for 1:17472
got del_client for 1:17473
got del_client for 1:17473
got del_client for 1:17473
got del_client for 1:17473
got del_client for 1:17473
got del_client for 1:17473
got del_client for 1:17473
got del_client for 1:17473
got del_client for 1:17473
got del_client for 1:17473
got del_client for 1:17474
got del_client for 1:17474
got del_client for 1:17474
got del_client for 1:17474
got del_client for 1:17474
got del_client for 1:17474
got del_client for 1:17474
got del_client for 1:17474
got del_client for 1:17474
got del_client for 1:17474
got del_client for 1:17475
got del_client for 1:17475
got del_client for 1:17475
got del_client for 1:17475
got del_client for 1:17475
got del_client for 1:17475
got del_client for 1:17475
got del_client for 1:17475
got del_client for 1:17475
got del_client for 1:17475
got del_client for 1:17476
got del_client for 1:17476
got del_client for 1:17476
got del_client for 1:17476
got del_client for 1:17476
got del_client for 1:17476
got del_client for 1:17476
got del_client for 1:17476
got del_client for 1:17476
got del_client for 1:17476
got del_client for 1:17477
got del_client for 1:17477
got del_client for 1:17477
got del_client for 1:17477
got del_client for 1:17477
got del_client for 1:17477
got del_client for 1:17477
got del_client for 1:17477
got del_client for 1:17477
got del_client for 1:17477
got del_client for 1:17478
got del_client for 1:17478
got del_client for 1:17478
got del_client for 1:17478
got del_client for 1:17478
got del_client for 1:17478
got del_client for 1:17478
got del_client for 1:17478
got del_client for 1:17478
got del_client for 1:17478
got del_client for 1:17479
got del_client for 1:17479
got del_client for 1:17479
got del_client for 1:17479
got del_client for 1:17479
got del_client for 1:17479
got del_client for 1:17479
got del_client for 1:17479
got del_client for 1:17479
got del_client for 1:17479
got del_client for 1:17480
got del_client for 1:17480
got del_client for 1:17480
got del_client for 1:17480
got del_client for 1:17480
got del_client for 1:17480
got del_client for 1:17480
got del_client for 1:17480
got del_client for 1:17480
got del_client for 1:17480
got del_client for 1:17481
got del_client for 1:17481
got del_client for 1:17481
got del_client for 1:17481
got del_client for 1:17481
got del_client for 1:17481
got del_client for 1:17481
got del_client for 1:17481
got del_client for 1:17481
got del_client for 1:17481
got del_client for 1:17482
got del_client for 1:17482
got del_client for 1:17482
got del_client for 1:17482
got del_client for 1:17482
got del_client for 1:17482
got del_client for 1:17482
got del_client for 1:17482
got del_client for 1:17482
got del_client for 1:17482
got del_client for 1:17483
got del_client for 1:17483
got del_client for 1:17483
got del_client for 1:17483
got del_client for 1:17483
got del_client for 1:17483
got del_client for 1:17483
got del_client for 1:17483
got del_client for 1:17483
got del_client for 1:17483
got del_client for 1:17484
got del_client for 1:17484
got del_client for 1:17484
got del_client for 1:17484
got del_client for 1:17484
got del_client for 1:17484
got del_client for 1:17484
got del_client for 1:17484
got del_client for 1:17484
got del_client for 1:17484
got del_client for 1:17485
got del_client for 1:17485
got del_client for 1:17485
got del_client for 1:17485
got del_client for 1:17485
got del_client for 1:17485
got del_client for 1:17485
got del_client for 1:17485
got del_client for 1:17485
got del_client for 1:17485
got del_client for 1:17486
got del_client for 1:17486
got del_client for 1:17486
got del_client for 1:17486
got del_client for 1:17486
got del_client for 1:17486
got del_client for 1:17486
got del_client for 1:17486
got del_client for 1:17486
got del_client for 1:17486
got del_client for 1:17487
got del_client for 1:17487
got del_client for 1:17487
got del_client for 1:17487
got del_client for 1:17487
got del_client for 1:17487
got del_client for 1:17487
got del_client for 1:17487
got del_client for 1:17487
got del_client for 1:17487
got del_client for 1:17488
got del_client for 1:17488
got del_client for 1:17488
got del_client for 1:17488
got del_client for 1:17488
got del_client for 1:17488
got del_client for 1:17488
got del_client for 1:17488
got del_client for 1:17488
got del_client for 1:17488
got del_client for 1:17489
got del_client for 1:17489
got del_client for 1:17489
got del_client for 1:17489
got del_client for 1:17489
got del_client for 1:17489
got del_client for 1:17489
got del_client for 1:17489
got del_client for 1:17489
got del_client for 1:17489
got del_client for 1:17490
got del_client for 1:17490
got del_client for 1:17490
got del_client for 1:17490
got del_client for 1:17490
got del_client for 1:17490
got del_client for 1:17490
got del_client for 1:17490
got del_client for 1:17490
got del_client for 1:17490
got del_client for 1:17491
got del_client for 1:17491
got del_client for 1:17491
got del_client for 1:17491
got del_client for 1:17491
got del_client for 1:17491
got del_client for 1:17491
got del_client for 1:17491
got del_client for 1:17491
got del_client for 1:17491
got del_client for 1:17492
got del_client for 1:17492
got del_client for 1:17492
got del_client for 1:17492
got del_client for 1:17492
got del_client for 1:17492
got del_client for 1:17492
got del_client for 1:17492
got del_client for 1:17492
got del_client for 1:17492
got del_client for 1:17493
got del_client for 1:17493
got del_client for 1:17493
got del_client for 1:17493
got del_client for 1:17493
got del_client for 1:17493
got del_client for 1:17493
got del_client for 1:17493
got del_client for 1:17493
got del_client for 1:17493
got del_client for 1:17494
got del_client for 1:17494
got del_client for 1:17494
got del_client for 1:17494
got del_client for 1:17494
got del_client for 1:17494
got del_client for 1:17494
got del_client for 1:17494
got del_client for 1:17494
got del_client for 1:17494
got del_client for 1:17495
got del_client for 1:17495
got del_client for 1:17495
got del_client for 1:17495
got del_client for 1:17495
got del_client for 1:17495
got del_client for 1:17495
got del_client for 1:17495
got del_client for 1:17495
got del_client for 1:17495
got del_client for 1:17496
got del_client for 1:17496
got del_client for 1:17496
got del_client for 1:17496
got del_client for 1:17496
got del_client for 1:17496
got del_client for 1:17496
got del_client for 1:17496
got del_client for 1:17496
got del_client for 1:17496
got del_client for 1:17497
got del_client for 1:17497
got del_client for 1:17497
got del_client for 1:17497
got del_client for 1:17497
got del_client for 1:17497
got del_client for 1:17497
got del_client for 1:17497
got del_client for 1:17497
got del_client for 1:17497
got del_client for 1:17498
got del_client for 1:17498
got del_client for 1:17498
got del_client for 1:17498
got del_client for 1:17498
got del_client for 1:17498
got del_client for 1:17498
got del_client for 1:17498
got del_client for 1:17498
got del_client for 1:17498
got del_client for 1:17499
got del_client for 1:17499
got del_client for 1:17499
got del_client for 1:17499
got del_client for 1:17499
got del_client for 1:17499
got del_client for 1:17499
got del_client for 1:17499
got del_client for 1:17499
got del_client for 1:17499
