[31009.528106][  T378] (ipi:irq_count)- 0:193195 1:196377 2:0 3:0 4:0 5:831101 6:0 
[31009.538331][ T7887] ipa-wan ipa3_lcl_mdm_ssr_notifier_cb:3934 IPA received MPSS BEFORE_SHUTDOWN
[31009.538337][ T7887] ipa ipa3_send_msg:537 wlan_msg_process failed
[31009.544128][ T7887] ipa-wan ipa3_wwan_remove:3696 rmnet_ipa started deinitialization
[31009.544130][ T7887] ipa ipa3_teardown_apps_low_lat_pipes:418 rmnet_ctl in bad state 1
[31009.544132][ T7887] ipa-wan ipa3_wwan_remove:3701 Failed to teardown IPA->APPS qmap pipe
[31009.544134][ T7887] ipa ipa3_teardown_apps_low_lat_data_pipes:590 rmnet_ll in bad state 1
[31009.544136][ T7887] ipa-wan ipa3_wwan_remove:3706 Failed to teardown IPA->APPS LL pipe
[31009.544138][ T7887] ipa ipa3_teardown_sys_pipe:1661 bad parm.
[31009.544140][ T7887] ipa-wan ipa3_wwan_remove:3710 Failed to teardown IPA->APPS pipe
[31009.544141][ T7887] ipa ipa3_teardown_sys_pipe:1661 bad parm.
[31009.544142][ T7887] ipa-wan ipa3_wwan_remove:3715 Failed to teardown APPS->IPA pipe
[31009.544147][ T7887] ipa __ipa3_del_rt_rule:1759 lookup failed
[31009.544149][ T7887] ipa3_del_rt_rule: 7 callbacks suppressed
[31009.544150][ T7887] ipa ipa3_del_rt_rule:1847 failed to del rt rule 0
[31009.544205][ T7887] ipa-wan ipa3_del_low_lat_rt_rule:713 Routing rule deletion failed
[31009.544247][ T7887] ipa-wan ipa3_del_low_lat_rt_rule:713 Routing rule deletion failed
[31009.544289][ T7887] ipa-wan ipa3_del_low_lat_rt_rule:713 Routing rule deletion failed
[31009.544329][ T7887] ipa-wan ipa3_del_low_lat_rt_rule:713 Routing rule deletion failed
[31009.544370][ T7887] ipa-wan ipa3_del_dflt_wan_rt_tables:675 Routing rule deletion failed
[31009.544409][ T7887] ipa-wan ipa3_del_dflt_wan_rt_tables:675 Routing rule deletion failed
[31009.544448][ T7887] ipa-wan ipa3_del_dflt_wan_rt_tables:675 Routing rule deletion failed
[31009.544488][ T7887] ipa-wan ipa3_del_dflt_wan_rt_tables:675 Routing rule deletion failed
[31009.544490][ T7887] ipa __ipa3_del_hdr:770 lookup failed
[31009.544491][ T7887] ipa ipa3_del_hdr_by_user:1046 failed to del hdr 0
[31009.544531][ T7887] ipa-wan ipa3_del_a7_qmap_hdr:305 ipa3_del_hdr failed
[31009.544532][ T7887] ipa-wan ipa3_wwan_remove:3764 rmnet_ipa completed deinitialization
[31009.544735][ T7887] ipa ipa3_odl_pipe_cleanup:477 adpl pipe not configured
[31009.544737][ T7887] ipa-wan ipa3_lcl_mdm_ssr_notifier_cb:3953 IPA BEFORE_SHUTDOWN handling is complete
[31009.547074][ T7887] qcom-scm: qcom_scm_pas_shutdown_retry: PAS Shutdown: First call to shutdown failed with error: -22
[31009.741928][ T7887] qcom-scm: qcom_scm_pas_shutdown_retry: PAS Shutdown: Attempting to shutdown peripheral 1 time(s)
[31009.744169][ T7887] ipa-wan ipa3_lcl_mdm_ssr_notifier_cb:3960 IPA Received MPSS AFTER_SHUTDOWN
[31009.744173][ T7887] ipa-wan ipa3_lcl_mdm_ssr_notifier_cb:3964 rmnet_ipa unregister_netdev
[31009.760814][ T7887] ipa-wan ipa3_lcl_mdm_ssr_notifier_cb:3978 IPA AFTER_SHUTDOWN handling is complete
[31009.760821][ T7887] remoteproc remoteproc3: stopped remote processor 4080000.remoteproc-mss
[31010.116821][ T7867] nx679j: journal mirror: 262143 bytes (file open, kmsg=3 pmsg=4 rd=8)
[31012.150990][ T7889] nx679j: journal mirror: 262143 bytes (file open, kmsg=3 pmsg=4 rd=8)
[31013.272961][   T62] sd 0:0:0:5: [sdf] Synchronizing SCSI cache
[31014.185390][ T7904] nx679j: journal mirror: 262143 bytes (file open, kmsg=3 pmsg=4 rd=8)
[31014.961115][ T7926] remoteproc remoteproc3: powering up 4080000.remoteproc-mss
[31014.961143][ T7926] remoteproc remoteproc3: Booting fw image modem.mdt, size 5884
[31014.982980][ T7926] ipa-wan ipa3_lcl_mdm_ssr_notifier_cb:3985 IPA received MPSS BEFORE_POWERUP
[31014.989173][ T7926] ipa-wan ipa3_lcl_mdm_ssr_notifier_cb:3994 IPA BEFORE_POWERUP handling is complete
[31015.854509][ T7926] ipa-wan ipa3_lcl_mdm_ssr_notifier_cb:4001 IPA received MPSS AFTER_POWERUP
[31015.854619][ T7926] rmnet_ipa3 started initialization
[31015.854622][ T7926] IPA SSR support = True
[31015.854622][ T7926] IPA SG support = True
[31015.854624][ T7926] IPA Napi Enable = True
[31015.854625][ T7926] using default for wan-rx-desc-size = 256
[31015.855079][  T241] gpio-keys soc:gpio_keys: deferred probe timeout, ignoring dependency
[31015.857786][ T7926] ipa-wan ipa3_wwan_register_netdev_pm_client:3474 rmnet_ipa%d register done
[31015.857933][ T7926] ipa-wan ipa3_wwan_probe:3669 rmnet_ipa completed initialization
[31015.858156][ T7926] ipa ipa3_odl_pipe_open:370 adpl pipe not configured
[31015.858158][ T7926] ipa-wan ipa3_lcl_mdm_ssr_notifier_cb:4006 IPA AFTER_POWERUP handling is complete
[31015.858164][ T7926] remoteproc remoteproc3: remote processor 4080000.remoteproc-mss is now up
[31015.858327][  T241] gpio-keys soc:gpio_keys: deferred probe timeout, ignoring dependency
[31015.858954][ T7316] qcom_smd_qrtr_probe:Entered
[31015.859109][ T7316] qcom_smd_qrtr_probe:SMD QRTR driver probed
[31015.859436][  T241] gpio-keys soc:gpio_keys: deferred probe timeout, ignoring dependency
[31016.090254][  T241] ipa-wan ipa3_handle_indication_req:144 not send indication
[31016.090301][  T241] Sending QMI_IPA_INIT_MODEM_DRIVER_REQ_V01
[31016.101208][  T241] QMI_IPA_INIT_MODEM_DRIVER_REQ_V01 response received
[31016.101216][  T241] ipa ipa3_send_msg:537 wlan_msg_process failed
[31016.101746][  T241] ipa-wan ipa3_check_qmi_response:536 Got bad response 49 from request id 1 (error 48)
[31016.101750][  T241] ipa-wan rmnet_ipa_get_network_stats_and_update:4180 ipa3_qmi_get_network_stats failed: 1
[31016.220349][ T7905] nx679j: journal mirror: 262143 bytes (file open, kmsg=3 pmsg=4 rd=8)
[31016.520483][  T241] gpio-keys soc:gpio_keys: deferred probe timeout, ignoring dependency
[31018.241639][ T7956] nx679j: journal mirror: 262143 bytes (file open, kmsg=3 pmsg=4 rd=8)
[31019.001010][  T378] (virq:irq_count)- 11:1040648 6:831543 2:196534 1:193722 35:92391 30:51564 301:12531 358:2504 28:2407 40:144 
[31019.001016][  T378] (cpu:irq_count)- 0:363980 1:1080 2:496 3:989 4:9825 5:7063 6:7987 7:2032734 
[31019.001019][  T378] (ipi:irq_count)- 0:193722 1:196534 2:0 3:0 4:0 5:831543 6:0 
[31020.275381][ T7971] nx679j: journal mirror: 262143 bytes (file open, kmsg=3 pmsg=4 rd=8)
[31022.310623][ T7972] nx679j: journal mirror: 262143 bytes (file open, kmsg=3 pmsg=4 rd=8)
[31024.347417][ T7987] nx679j: journal mirror: 262143 bytes (file open, kmsg=3 pmsg=4 rd=8)
[31026.381865][ T8009] nx679j: journal mirror: 262143 bytes (file open, kmsg=3 pmsg=4 rd=8)
[31028.419250][ T8024] nx679j: journal mirror: 262143 bytes (file open, kmsg=3 pmsg=4 rd=8)
[31028.472952][  T378] (virq:irq_count)- 11:1041053 6:831845 2:196604 1:193898 35:92447 30:51591 301:12568 358:2529 28:2432 40:144 
[31028.472958][  T378] (cpu:irq_count)- 0:364237 1:1080 2:496 3:989 4:9858 5:7075 6:7998 7:2033544 
[31028.472962][  T378] (ipi:irq_count)- 0:193898 1:196604 2:0 3:0 4:0 5:831845 6:0 
[31030.455696][ T8025] nx679j: journal mirror: 262143 bytes (file open, kmsg=3 pmsg=4 rd=8)
[31032.491864][ T8058] nx679j: journal mirror: 262143 bytes (file open, kmsg=3 pmsg=4 rd=8)
[31034.527890][ T8073] nx679j: journal mirror: 262143 bytes (file open, kmsg=3 pmsg=4 rd=8)
[31036.544070][ T8074] nx679j: journal mirror: 262143 bytes (file open, kmsg=3 pmsg=4 rd=8)
[31037.945036][  T241] (virq:irq_count)- 11:1041415 6:832142 2:196668 1:194037 35:92502 30:51615 301:12575 358:2531 28:2434 40:144 
[31037.945042][  T241] (cpu:irq_count)- 0:364399 1:1080 2:496 3:989 4:9869 5:7089 6:8015 7:2034292 
[31037.945045][  T241] (ipi:irq_count)- 0:194037 1:196668 2:0 3:0 4:0 5:832142 6:0 
[31038.578985][ T8089] nx679j: journal mirror: 262143 bytes (file open, kmsg=3 pmsg=4 rd=8)
[31040.615228][ T8104] nx679j: journal mirror: 262143 bytes (file open, kmsg=3 pmsg=4 rd=8)
[31042.652371][ T8105] nx679j: journal mirror: 262143 bytes (file open, kmsg=3 pmsg=4 rd=8)
[31044.688958][ T8120] nx679j: journal mirror: 262143 bytes (file open, kmsg=3 pmsg=4 rd=8)
[31046.726994][ T8135] nx679j: journal mirror: 262143 bytes (file open, kmsg=3 pmsg=4 rd=8)
[31047.417037][  T241] (virq:irq_count)- 11:1041791 6:832443 2:196743 1:194169 35:92557 30:51642 301:12575 358:2533 28:2436 40:144 
[31047.417043][  T241] (cpu:irq_count)- 0:364558 1:1080 2:496 3:989 4:9882 5:7109 6:8023 7:2035062 
[31047.417046][  T241] (ipi:irq_count)- 0:194169 1:196743 2:0 3:0 4:0 5:832443 6:0 
[31048.764532][ T8155] nx679j: journal mirror: 262143 bytes (file open, kmsg=3 pmsg=4 rd=8)
[31050.800849][ T8171] nx679j: journal mirror: 262143 bytes (file open, kmsg=3 pmsg=4 rd=8)
[31052.834479][ T8186] nx679j: journal mirror: 262143 bytes (file open, kmsg=3 pmsg=4 rd=8)
[31054.851140][ T8187] nx679j: journal mirror: 262143 bytes (file open, kmsg=3 pmsg=4 rd=8)
[31056.867482][ T8202] nx679j: journal mirror: 262143 bytes (file open, kmsg=3 pmsg=4 rd=8)
[31056.888110][  T241] (virq:irq_count)- 11:1042165 6:832746 2:196813 1:194314 35:92617 30:51673 301:12576 358:2533 28:2436 40:144 
[31056.888116][  T241] (cpu:irq_count)- 0:364716 1:1080 2:496 3:989 4:9905 5:7128 6:8034 7:2035835 
[31056.888119][  T241] (ipi:irq_count)- 0:194314 1:196813 2:0 3:0 4:0 5:832746 6:0 
[31058.886030][ T8217] nx679j: journal mirror: 262143 bytes (file open, kmsg=3 pmsg=4 rd=8)
[31060.921593][ T8218] nx679j: journal mirror: 262143 bytes (file open, kmsg=3 pmsg=4 rd=8)
[31062.957187][ T8255] nx679j: journal mirror: 262143 bytes (file open, kmsg=3 pmsg=4 rd=8)
[31064.994374][ T8272] nx679j: journal mirror: 262143 bytes (file open, kmsg=3 pmsg=4 rd=8)
[31066.361007][  T378] (virq:irq_count)- 11:1042539 6:833042 2:196887 1:194448 35:92670 30:51697 301:12581 358:2535 28:2438 40:144 
[31066.361015][  T378] (cpu:irq_count)- 0:364877 1:1080 2:496 3:989 4:9923 5:7137 6:8048 7:2036597 
[31066.361018][  T378] (ipi:irq_count)- 0:194448 1:196887 2:0 3:0 4:0 5:833042 6:0 
[31067.032481][ T8273] nx679j: journal mirror: 262143 bytes (file open, kmsg=3 pmsg=4 rd=8)
[31069.067340][ T8288] nx679j: journal mirror: 262143 bytes (file open, kmsg=3 pmsg=4 rd=8)
[31071.106197][ T8303] nx679j: journal mirror: 262143 bytes (file open, kmsg=3 pmsg=4 rd=8)
[31073.145664][ T8304] nx679j: journal mirror: 262143 bytes (file open, kmsg=3 pmsg=4 rd=8)
[31075.167622][ T8319] nx679j: journal mirror: 262143 bytes (file open, kmsg=3 pmsg=4 rd=8)
[31075.833062][  T380] (virq:irq_count)- 11:1042910 6:833343 2:196954 1:194588 35:92724 30:51724 301:12581 358:2537 28:2440 40:144 
[31075.833068][  T380] (cpu:irq_count)- 0:365028 1:1080 2:496 3:989 4:9934 5:7147 6:8074 7:2037363 
[31075.833071][  T380] (ipi:irq_count)- 0:194588 1:196954 2:0 3:0 4:0 5:833343 6:0 
[31077.189171][ T8352] nx679j: journal mirror: 262143 bytes (file open, kmsg=3 pmsg=4 rd=8)
[31079.227892][ T8353] nx679j: journal mirror: 262143 bytes (file open, kmsg=3 pmsg=4 rd=8)
[31081.265303][ T8368] nx679j: journal mirror: 262143 bytes (file open, kmsg=3 pmsg=4 rd=8)
[31083.301383][ T8383] nx679j: journal mirror: 262143 bytes (file open, kmsg=3 pmsg=4 rd=8)
[31085.304556][  T241] (virq:irq_count)- 11:1043259 6:833634 2:197028 1:194691 35:92770 30:51748 301:12587 358:2537 28:2440 40:144 
[31085.304563][  T241] (cpu:irq_count)- 0:365181 1:1080 2:496 3:989 4:9938 5:7168 6:8080 7:2038072 
[31085.304566][  T241] (ipi:irq_count)- 0:194691 1:197028 2:0 3:0 4:0 5:833634 6:0 
[31085.341071][ T8384] nx679j: journal mirror: 262143 bytes (file open, kmsg=3 pmsg=4 rd=8)
[31087.360721][ T8399] nx679j: journal mirror: 262143 bytes (file open, kmsg=3 pmsg=4 rd=8)
[31089.396403][ T8414] nx679j: journal mirror: 262143 bytes (file open, kmsg=3 pmsg=4 rd=8)
[31091.432939][ T8433] nx679j: journal mirror: 262143 bytes (file open, kmsg=3 pmsg=4 rd=8)
[31093.469377][ T8448] nx679j: journal mirror: 262143 bytes (file open, kmsg=3 pmsg=4 rd=8)
[31094.776548][  T241] (virq:irq_count)- 11:1043631 6:833937 2:197102 1:194830 35:92826 30:51775 301:12590 358:2539 28:2442 40:144 
[31094.776554][  T241] (cpu:irq_count)- 0:365347 1:1080 2:496 3:989 4:9966 5:7176 6:8084 7:2038844 
[31094.776558][  T241] (ipi:irq_count)- 0:194830 1:197102 2:0 3:0 4:0 5:833937 6:0 
[31095.500221][ T8463] nx679j: journal mirror: 262143 bytes (file open, kmsg=3 pmsg=4 rd=8)
[31097.524263][ T8464] nx679j: journal mirror: 262143 bytes (file open, kmsg=3 pmsg=4 rd=8)
[31099.543795][ T8479] nx679j: journal mirror: 262143 bytes (file open, kmsg=3 pmsg=4 rd=8)
[31101.569486][ T8494] nx679j: journal mirror: 262143 bytes (file open, kmsg=3 pmsg=4 rd=8)
[31103.608035][ T8495] nx679j: journal mirror: 262143 bytes (file open, kmsg=3 pmsg=4 rd=8)
[31104.249084][  T380] (virq:irq_count)- 11:1044013 6:834237 2:197173 1:194970 35:92882 30:51802 301:12590 358:2541 28:2444 40:144 
[31104.249090][  T380] (cpu:irq_count)- 0:365502 1:1080 2:496 3:989 4:9983 5:7185 6:8104 7:2039623 
[31104.249093][  T380] (ipi:irq_count)- 0:194970 1:197173 2:0 3:0 4:0 5:834237 6:0 
[31105.628416][ T8510] nx679j: journal mirror: 262143 bytes (file open, kmsg=3 pmsg=4 rd=8)
[31107.660331][ T8543] nx679j: journal mirror: 262143 bytes (file open, kmsg=3 pmsg=4 rd=8)
[31109.698211][ T8544] nx679j: journal mirror: 262143 bytes (file open, kmsg=3 pmsg=4 rd=8)
[31111.737710][ T8559] nx679j: journal mirror: 262143 bytes (file open, kmsg=3 pmsg=4 rd=8)
[31113.720473][  T380] (virq:irq_count)- 11:1044365 6:834523 2:197248 1:195080 35:92930 30:51826 301:12597 358:2541 28:2444 40:144 
[31113.720480][  T380] (cpu:irq_count)- 0:365657 1:1080 2:496 3:989 4:10006 5:7192 6:8110 7:2040334 
[31113.720483][  T380] (ipi:irq_count)- 0:195080 1:197248 2:0 3:0 4:0 5:834523 6:0 
[31113.764860][ T8574] nx679j: journal mirror: 262143 bytes (file open, kmsg=3 pmsg=4 rd=8)
[31115.781928][ T8580] nx679j: journal mirror: 262143 bytes (file open, kmsg=3 pmsg=4 rd=8)
[31117.819931][ T8590] nx679j: journal mirror: 262143 bytes (file open, kmsg=3 pmsg=4 rd=8)
[31119.858320][ T8605] nx679j: journal mirror: 262143 bytes (file open, kmsg=3 pmsg=4 rd=8)
[31121.886476][ T8638] nx679j: journal mirror: 262143 bytes (file open, kmsg=3 pmsg=4 rd=8)
[31122.890482][   T62] sd 0:0:0:5: [sdf] Synchronizing SCSI cache
[31123.193066][  T375] (virq:irq_count)- 11:1044764 6:834833 2:197330 1:195259 35:93002 30:51868 301:12602 358:2545 28:2448 40:144 
[31123.193075][  T375] (cpu:irq_count)- 0:365866 1:1080 2:496 3:989 4:10028 5:7206 6:8127 7:2041169 
[31123.193079][  T375] (ipi:irq_count)- 0:195259 1:197330 2:0 3:0 4:0 5:834833 6:0 
[31123.925803][ T8639] nx679j: journal mirror: 262143 bytes (file open, kmsg=3 pmsg=4 rd=8)
[31125.962564][ T8654] nx679j: journal mirror: 262143 bytes (file open, kmsg=3 pmsg=4 rd=8)
[31128.000699][ T8669] nx679j: journal mirror: 262143 bytes (file open, kmsg=3 pmsg=4 rd=8)
[31130.039640][ T8670] nx679j: journal mirror: 262143 bytes (file open, kmsg=3 pmsg=4 rd=8)
[31132.078428][ T8685] nx679j: journal mirror: 262143 bytes (file open, kmsg=3 pmsg=4 rd=8)
[31132.665074][  T241] (virq:irq_count)- 11:1045127 6:835113 2:197404 1:195373 35:93056 30:51895 301:12604 358:2545 28:2448 40:144 
[31132.665081][  T241] (cpu:irq_count)- 0:366024 1:1080 2:496 3:989 4:10039 5:7214 6:8138 7:2041895 
[31132.665084][  T241] (ipi:irq_count)- 0:195373 1:197404 2:0 3:0 4:0 5:835113 6:0 
[31134.118241][ T8700] nx679j: journal mirror: 262143 bytes (file open, kmsg=3 pmsg=4 rd=8)
[31136.155729][ T8701] nx679j: journal mirror: 262143 bytes (file open, kmsg=3 pmsg=4 rd=8)
[31138.192859][ T8734] nx679j: journal mirror: 262143 bytes (file open, kmsg=3 pmsg=4 rd=8)
[31140.229197][ T8749] nx679j: journal mirror: 262143 bytes (file open, kmsg=3 pmsg=4 rd=8)
[31142.137066][  T241] (virq:irq_count)- 11:1045485 6:835397 2:197465 1:195498 35:93105 30:51919 301:12604 358:2547 28:2450 40:144 
[31142.137072][  T241] (cpu:irq_count)- 0:366159 1:1080 2:496 3:989 4:10062 5:7223 6:8146 7:2042625 
[31142.137075][  T241] (ipi:irq_count)- 0:195498 1:197465 2:0 3:0 4:0 5:835397 6:0 
[31142.269141][ T8750] nx679j: journal mirror: 262143 bytes (file open, kmsg=3 pmsg=4 rd=8)
[31144.306114][ T8765] nx679j: journal mirror: 262143 bytes (file open, kmsg=3 pmsg=4 rd=8)
[31146.339758][ T8780] nx679j: journal mirror: 262143 bytes (file open, kmsg=3 pmsg=4 rd=8)
[31148.359179][ T8781] nx679j: journal mirror: 262143 bytes (file open, kmsg=3 pmsg=4 rd=8)
[31150.391212][ T8796] nx679j: journal mirror: 262143 bytes (file open, kmsg=3 pmsg=4 rd=8)
[31151.609071][  T375] (virq:irq_count)- 11:1045856 6:835687 2:197535 1:195641 35:93163 30:51946 301:12605 358:2549 28:2452 40:144 
[31151.609079][  T375] (cpu:irq_count)- 0:366317 1:1080 2:496 3:989 4:10083 5:7230 6:8158 7:2043391 
[31151.609084][  T375] (ipi:irq_count)- 0:195641 1:197535 2:0 3:0 4:0 5:835687 6:0 
[31152.426441][ T8829] nx679j: journal mirror: 262143 bytes (file open, kmsg=3 pmsg=4 rd=8)
[31154.463353][ T8830] nx679j: journal mirror: 262143 bytes (file open, kmsg=3 pmsg=4 rd=8)
[31156.501128][ T8845] nx679j: journal mirror: 262143 bytes (file open, kmsg=3 pmsg=4 rd=8)
[31158.537839][ T8860] nx679j: journal mirror: 262143 bytes (file open, kmsg=3 pmsg=4 rd=8)
[31160.577741][ T8861] nx679j: journal mirror: 262143 bytes (file open, kmsg=3 pmsg=4 rd=8)
[31161.081051][  T378] (virq:irq_count)- 11:1046224 6:835971 2:197607 1:195753 35:93215 30:51973 301:12607 358:2549 28:2452 40:144 
[31161.081057][  T378] (cpu:irq_count)- 0:366468 1:1080 2:496 3:989 4:10097 5:7236 6:8165 7:2044130 
[31161.081060][  T378] (ipi:irq_count)- 0:195753 1:197607 2:0 3:0 4:0 5:835971 6:0 
[31162.616761][ T8876] nx679j: journal mirror: 262143 bytes (file open, kmsg=3 pmsg=4 rd=8)
[31164.648385][ T8891] nx679j: journal mirror: 262143 bytes (file open, kmsg=3 pmsg=4 rd=8)
[31166.670892][ T8910] nx679j: journal mirror: 262143 bytes (file open, kmsg=3 pmsg=4 rd=8)
[31168.709246][ T8925] nx679j: journal mirror: 262143 bytes (file open, kmsg=3 pmsg=4 rd=8)
[31170.553087][  T378] (virq:irq_count)- 11:1046578 6:836259 2:197670 1:195886 35:93272 30:51997 301:12607 358:2551 28:2454 40:144 
[31170.553095][  T378] (cpu:irq_count)- 0:366615 1:1080 2:496 3:989 4:10115 5:7251 6:8172 7:2044866 
[31170.553099][  T378] (ipi:irq_count)- 0:195886 1:197670 2:0 3:0 4:0 5:836259 6:0 
[31170.746030][ T8940] nx679j: journal mirror: 262143 bytes (file open, kmsg=3 pmsg=4 rd=8)
[31172.784991][ T8941] nx679j: journal mirror: 262143 bytes (file open, kmsg=3 pmsg=4 rd=8)
[31174.806588][ T8956] nx679j: journal mirror: 262143 bytes (file open, kmsg=3 pmsg=4 rd=8)
[31176.831055][ T8971] nx679j: journal mirror: 262143 bytes (file open, kmsg=3 pmsg=4 rd=8)
[31178.870833][ T8972] nx679j: journal mirror: 262143 bytes (file open, kmsg=3 pmsg=4 rd=8)
[31180.025069][  T375] (virq:irq_count)- 11:1046947 6:836553 2:197742 1:196024 35:93327 30:52024 301:12610 358:2553 28:2456 40:144 
[31180.025075][  T375] (cpu:irq_count)- 0:366776 1:1080 2:496 3:989 4:10142 5:7260 6:8176 7:2045627 
[31180.025078][  T375] (ipi:irq_count)- 0:196024 1:197742 2:0 3:0 4:0 5:836553 6:0 
[31180.909378][ T8987] nx679j: journal mirror: 262143 bytes (file open, kmsg=3 pmsg=4 rd=8)
[31182.936774][ T9020] nx679j: journal mirror: 262143 bytes (file open, kmsg=3 pmsg=4 rd=8)
[31184.955285][ T9021] nx679j: journal mirror: 262143 bytes (file open, kmsg=3 pmsg=4 rd=8)
[31186.971332][ T9036] nx679j: journal mirror: 262143 bytes (file open, kmsg=3 pmsg=4 rd=8)
[31188.995009][ T9051] nx679j: journal mirror: 262143 bytes (file open, kmsg=3 pmsg=4 rd=8)
[31189.496123][  T378] (virq:irq_count)- 11:1047333 6:836858 2:197817 1:196167 35:93388 30:52055 301:12613 358:2553 28:2456 40:144 
[31189.496128][  T378] (cpu:irq_count)- 0:366945 1:1080 2:496 3:989 4:10165 5:7269 6:8187 7:2046419 
[31189.496132][  T378] (ipi:irq_count)- 0:196167 1:197817 2:0 3:0 4:0 5:836858 6:0 
[31191.035596][ T9052] nx679j: journal mirror: 262143 bytes (file open, kmsg=3 pmsg=4 rd=8)
[31193.069163][ T9067] nx679j: journal mirror: 262143 bytes (file open, kmsg=3 pmsg=4 rd=8)
[31195.096320][ T9082] nx679j: journal mirror: 262143 bytes (file open, kmsg=3 pmsg=4 rd=8)
[31197.123304][ T9101] nx679j: journal mirror: 262143 bytes (file open, kmsg=3 pmsg=4 rd=8)
[31198.969081][  T378] (virq:irq_count)- 11:1047702 6:837140 2:197880 1:196295 35:93439 30:52079 301:12613 358:2555 28:2458 40:144 
[31198.969087][  T378] (cpu:irq_count)- 0:367084 1:1080 2:496 3:989 4:10190 5:7278 6:8194 7:2047160 
[31198.969090][  T378] (ipi:irq_count)- 0:196295 1:197880 2:0 3:0 4:0 5:837140 6:0 
[31199.161476][ T9116] nx679j: journal mirror: 262143 bytes (file open, kmsg=3 pmsg=4 rd=8)
[31201.199865][ T9131] nx679j: journal mirror: 262143 bytes (file open, kmsg=3 pmsg=4 rd=8)
[31203.238694][ T9146] nx679j: journal mirror: 262143 bytes (file open, kmsg=3 pmsg=4 rd=8)
[31205.257622][ T9147] nx679j: journal mirror: 262143 bytes (file open, kmsg=3 pmsg=4 rd=8)
[31207.285527][ T9162] nx679j: journal mirror: 262143 bytes (file open, kmsg=3 pmsg=4 rd=8)
[31208.441077][  T378] (virq:irq_count)- 11:1048057 6:837419 2:197947 1:196407 35:93489 30:52106 301:12617 358:2555 28:2458 40:144 
[31208.441086][  T378] (cpu:irq_count)- 0:367234 1:1081 2:496 3:989 4:10200 5:7286 6:8204 7:2047875 
[31208.441090][  T378] (ipi:irq_count)- 0:196407 1:197947 2:0 3:0 4:0 5:837419 6:0 
[31209.323244][ T9177] nx679j: journal mirror: 262143 bytes (file open, kmsg=3 pmsg=4 rd=8)
[31211.361893][ T9196] nx679j: journal mirror: 262143 bytes (file open, kmsg=3 pmsg=4 rd=8)
[31213.399291][ T9211] nx679j: journal mirror: 262143 bytes (file open, kmsg=3 pmsg=4 rd=8)
[31215.437331][ T9226] nx679j: journal mirror: 262143 bytes (file open, kmsg=3 pmsg=4 rd=8)
[31217.477851][ T9227] nx679j: journal mirror: 262143 bytes (file open, kmsg=3 pmsg=4 rd=8)
[31217.913164][  T375] (virq:irq_count)- 11:1048423 6:837710 2:198021 1:196536 35:93541 30:52133 301:12619 358:2557 28:2460 40:144 
[31217.913170][  T375] (cpu:irq_count)- 0:367393 1:1081 2:496 3:989 4:10215 5:7294 6:8209 7:2048633 
[31217.913173][  T375] (ipi:irq_count)- 0:196536 1:198021 2:0 3:0 4:0 5:837710 6:0 
[31219.515102][ T9242] nx679j: journal mirror: 262143 bytes (file open, kmsg=3 pmsg=4 rd=8)
[31221.554260][ T9257] nx679j: journal mirror: 262143 bytes (file open, kmsg=3 pmsg=4 rd=8)
[31223.592248][ T9258] nx679j: journal mirror: 262143 bytes (file open, kmsg=3 pmsg=4 rd=8)
[31225.615202][ T9273] nx679j: journal mirror: 262143 bytes (file open, kmsg=3 pmsg=4 rd=8)
[31227.385085][  T378] (virq:irq_count)- 11:1048791 6:838005 2:198095 1:196658 35:93587 30:52157 301:12621 358:2559 28:2462 40:144 
[31227.385092][  T378] (cpu:irq_count)- 0:367543 1:1081 2:496 3:989 4:10229 5:7303 6:8221 7:2049383 
[31227.385095][  T378] (ipi:irq_count)- 0:196658 1:198095 2:0 3:0 4:0 5:838005 6:0 
[31227.641786][ T9306] nx679j: journal mirror: 262143 bytes (file open, kmsg=3 pmsg=4 rd=8)
[31229.679296][ T9307] nx679j: journal mirror: 262143 bytes (file open, kmsg=3 pmsg=4 rd=8)
[31231.717091][ T9322] nx679j: journal mirror: 262143 bytes (file open, kmsg=3 pmsg=4 rd=8)
[31233.757291][ T9337] nx679j: journal mirror: 262143 bytes (file open, kmsg=3 pmsg=4 rd=8)
[31235.797904][ T9338] nx679j: journal mirror: 262143 bytes (file open, kmsg=3 pmsg=4 rd=8)
[31236.856126][  T375] (virq:irq_count)- 11:1049156 6:838294 2:198160 1:196778 35:93643 30:52184 301:12624 358:2559 28:2462 40:144 
[31236.856133][  T375] (cpu:irq_count)- 0:367694 1:1081 2:496 3:989 4:10245 5:7309 6:8233 7:2050123 
[31236.856136][  T375] (ipi:irq_count)- 0:196778 1:198160 2:0 3:0 4:0 5:838294 6:0 
[31237.836848][ T9353] nx679j: journal mirror: 262143 bytes (file open, kmsg=3 pmsg=4 rd=8)
[31239.869840][ T9368] nx679j: journal mirror: 262143 bytes (file open, kmsg=3 pmsg=4 rd=8)
[31241.894087][ T9387] nx679j: journal mirror: 262143 bytes (file open, kmsg=3 pmsg=4 rd=8)
[31243.933499][ T9402] nx679j: journal mirror: 262143 bytes (file open, kmsg=3 pmsg=4 rd=8)
[31245.965557][ T9417] nx679j: journal mirror: 262143 bytes (file open, kmsg=3 pmsg=4 rd=8)
[31246.328481][  T241] (virq:irq_count)- 11:1049530 6:838592 2:198230 1:196923 35:93699 30:52211 301:12629 358:2561 28:2464 40:144 
[31246.328487][  T241] (cpu:irq_count)- 0:367860 1:1081 2:496 3:989 4:10266 5:7317 6:8245 7:2050895 
[31246.328490][  T241] (ipi:irq_count)- 0:196923 1:198230 2:0 3:0 4:0 5:838592 6:0 
[31247.982390][ T9418] nx679j: journal mirror: 262143 bytes (file open, kmsg=3 pmsg=4 rd=8)
[31250.016760][ T9433] nx679j: journal mirror: 262143 bytes (file open, kmsg=3 pmsg=4 rd=8)
[31252.052741][ T9448] nx679j: journal mirror: 262143 bytes (file open, kmsg=3 pmsg=4 rd=8)
[31254.091688][ T9449] nx679j: journal mirror: 262143 bytes (file open, kmsg=3 pmsg=4 rd=8)
[31255.801053][  T241] (virq:irq_count)- 11:1049900 6:838882 2:198294 1:197063 35:93755 30:52239 301:12629 358:2563 28:2466 40:144 
[31255.801060][  T241] (cpu:irq_count)- 0:368009 1:1081 2:496 3:989 4:10291 5:7323 6:8253 7:2051659 
[31255.801063][  T241] (ipi:irq_count)- 0:197063 1:198294 2:0 3:0 4:0 5:838882 6:0 
[31256.130603][ T9464] nx679j: journal mirror: 262143 bytes (file open, kmsg=3 pmsg=4 rd=8)
[31258.166001][ T9497] nx679j: journal mirror: 262143 bytes (file open, kmsg=3 pmsg=4 rd=8)
[31260.203606][ T9498] nx679j: journal mirror: 262143 bytes (file open, kmsg=3 pmsg=4 rd=8)
[31262.241762][ T9513] nx679j: journal mirror: 262143 bytes (file open, kmsg=3 pmsg=4 rd=8)
[31264.280413][ T9528] nx679j: journal mirror: 262143 bytes (file open, kmsg=3 pmsg=4 rd=8)
[31265.273078][  T378] (virq:irq_count)- 11:1050264 6:839162 2:198365 1:197178 35:93807 30:52266 301:12629 358:2563 28:2466 40:144 
[31265.273086][  T378] (cpu:irq_count)- 0:368156 1:1081 2:496 3:989 4:10311 5:7333 6:8257 7:2052387 
[31265.273090][  T378] (ipi:irq_count)- 0:197178 1:198365 2:0 3:0 4:0 5:839162 6:0 
[31266.318498][ T9529] nx679j: journal mirror: 262143 bytes (file open, kmsg=3 pmsg=4 rd=8)
[31268.357770][ T9544] nx679j: journal mirror: 262143 bytes (file open, kmsg=3 pmsg=4 rd=8)
[31270.397320][ T9559] nx679j: journal mirror: 262143 bytes (file open, kmsg=3 pmsg=4 rd=8)
[31272.431873][ T9578] nx679j: journal mirror: 262143 bytes (file open, kmsg=3 pmsg=4 rd=8)
[31274.470357][ T9593] nx679j: journal mirror: 262143 bytes (file open, kmsg=3 pmsg=4 rd=8)
[31274.745098][  T378] (virq:irq_count)- 11:1050649 6:839461 2:198441 1:197318 35:93865 30:52293 301:12631 358:2565 28:2468 40:144 
[31274.745105][  T378] (cpu:irq_count)- 0:368324 1:1081 2:496 3:989 4:10325 5:7348 6:8265 7:2053173 
[31274.745110][  T378] (ipi:irq_count)- 0:197318 1:198441 2:0 3:0 4:0 5:839461 6:0 
[31276.506355][ T9608] nx679j: journal mirror: 262143 bytes (file open, kmsg=3 pmsg=4 rd=8)
[31278.545405][ T9609] nx679j: journal mirror: 262143 bytes (file open, kmsg=3 pmsg=4 rd=8)
[31280.584853][ T9624] nx679j: journal mirror: 262143 bytes (file open, kmsg=3 pmsg=4 rd=8)
[31282.610886][ T9639] nx679j: journal mirror: 262143 bytes (file open, kmsg=3 pmsg=4 rd=8)
[31284.216577][  T241] (virq:irq_count)- 11:1050980 6:839749 2:198500 1:197417 35:93903 30:52315 301:12632 358:2565 28:2468 40:144 
[31284.216583][  T241] (cpu:irq_count)- 0:368441 1:1081 2:496 3:989 4:10352 5:7354 6:8272 7:2053854 
[31284.216586][  T241] (ipi:irq_count)- 0:197417 1:198500 2:0 3:0 4:0 5:839749 6:0 
[31284.627644][ T9654] nx679j: journal mirror: 262143 bytes (file open, kmsg=3 pmsg=4 rd=8)
[31286.649376][ T9673] nx679j: journal mirror: 262143 bytes (file open, kmsg=3 pmsg=4 rd=8)
[31288.686990][ T9688] nx679j: journal mirror: 262143 bytes (file open, kmsg=3 pmsg=4 rd=8)
[31290.722483][ T9703] nx679j: journal mirror: 262143 bytes (file open, kmsg=3 pmsg=4 rd=8)
[31292.758924][ T9704] nx679j: journal mirror: 262143 bytes (file open, kmsg=3 pmsg=4 rd=8)
[31293.688563][  T241] (virq:irq_count)- 11:1051360 6:840038 2:198570 1:197545 35:93958 30:52342 301:12632 358:2567 28:2470 40:144 
[31293.688570][  T241] (cpu:irq_count)- 0:368594 1:1081 2:496 3:989 4:10369 5:7365 6:8279 7:2054619 
[31293.688573][  T241] (ipi:irq_count)- 0:197545 1:198570 2:0 3:0 4:0 5:840038 6:0 
[31294.784839][ T9719] nx679j: journal mirror: 262143 bytes (file open, kmsg=3 pmsg=4 rd=8)
[31296.811898][ T9739] nx679j: journal mirror: 262143 bytes (file open, kmsg=3 pmsg=4 rd=8)
[31298.829557][ T9740] nx679j: journal mirror: 262143 bytes (file open, kmsg=3 pmsg=4 rd=8)
[31300.857667][ T9755] nx679j: journal mirror: 262143 bytes (file open, kmsg=3 pmsg=4 rd=8)
[31302.893109][ T9788] nx679j: journal mirror: 262143 bytes (file open, kmsg=3 pmsg=4 rd=8)
[31303.161104][  T375] (virq:irq_count)- 11:1051774 6:840359 2:198642 1:197727 35:94013 30:52369 301:12676 358:2569 28:2472 40:144 
[31303.161111][  T375] (cpu:irq_count)- 0:368819 1:1081 2:496 3:989 4:10399 5:7389 6:8309 7:2055429 
[31303.161116][  T375] (ipi:irq_count)- 0:197727 1:198642 2:0 3:0 4:0 5:840359 6:0 
[31304.933486][ T9789] nx679j: journal mirror: 262143 bytes (file open, kmsg=3 pmsg=4 rd=8)
[31306.969248][ T9804] nx679j: journal mirror: 262143 bytes (file open, kmsg=3 pmsg=4 rd=8)
[31309.005051][ T9819] nx679j: journal mirror: 262143 bytes (file open, kmsg=3 pmsg=4 rd=8)
[31311.024181][ T9820] nx679j: journal mirror: 262143 bytes (file open, kmsg=3 pmsg=4 rd=8)
[31312.632278][  T375] (virq:irq_count)- 11:1052152 6:840655 2:198711 1:197864 35:94066 30:52393 301:12708 358:2569 28:2472 40:144 
[31312.632285][  T375] (cpu:irq_count)- 0:369010 1:1081 2:496 3:989 4:10417 5:7400 6:8320 7:2056187 
[31312.632288][  T375] (ipi:irq_count)- 0:197864 1:198711 2:0 3:0 4:0 5:840655 6:0 
[31313.056300][ T9835] nx679j: journal mirror: 262143 bytes (file open, kmsg=3 pmsg=4 rd=8)
[31315.091756][ T9854] nx679j: journal mirror: 262143 bytes (file open, kmsg=3 pmsg=4 rd=8)
[31317.127427][ T9873] nx679j: journal mirror: 262143 bytes (file open, kmsg=3 pmsg=4 rd=8)
[31319.167201][ T9888] nx679j: journal mirror: 262143 bytes (file open, kmsg=3 pmsg=4 rd=8)
[31321.204607][ T9903] nx679j: journal mirror: 262143 bytes (file open, kmsg=3 pmsg=4 rd=8)
[31322.105107][  T375] (virq:irq_count)- 11:1052538 6:840968 2:198784 1:198023 35:94131 30:52424 301:12708 358:2571 28:2474 40:144 
[31322.105115][  T375] (cpu:irq_count)- 0:369181 1:1081 2:496 3:989 4:10438 5:7412 6:8330 7:2057004 
[31322.105119][  T375] (ipi:irq_count)- 0:198023 1:198784 2:0 3:0 4:0 5:840968 6:0 
[31323.242164][ T9904] nx679j: journal mirror: 262143 bytes (file open, kmsg=3 pmsg=4 rd=8)
[31325.281446][ T9919] nx679j: journal mirror: 262143 bytes (file open, kmsg=3 pmsg=4 rd=8)
[31327.317854][ T9934] nx679j: journal mirror: 262143 bytes (file open, kmsg=3 pmsg=4 rd=8)
[31329.358182][ T9935] nx679j: journal mirror: 262143 bytes (file open, kmsg=3 pmsg=4 rd=8)
[31331.398210][ T9950] nx679j: journal mirror: 262143 bytes (file open, kmsg=3 pmsg=4 rd=8)
[31331.576105][  T378] (virq:irq_count)- 11:1052924 6:841260 2:198854 1:198171 35:94195 30:52451 301:12713 358:2573 28:2476 40:144 
[31331.576113][  T378] (cpu:irq_count)- 0:369356 1:1081 2:496 3:989 4:10460 5:7421 6:8337 7:2057787 
[31331.576118][  T378] (ipi:irq_count)- 0:198171 1:198854 2:0 3:0 4:0 5:841260 6:0 
[31333.431893][ T9983] nx679j: journal mirror: 262143 bytes (file open, kmsg=3 pmsg=4 rd=8)
[31335.468537][ T9984] nx679j: journal mirror: 262143 bytes (file open, kmsg=3 pmsg=4 rd=8)
[31337.487725][ T9999] nx679j: journal mirror: 262143 bytes (file open, kmsg=3 pmsg=4 rd=8)
[31339.506703][T10014] nx679j: journal mirror: 262143 bytes (file open, kmsg=3 pmsg=4 rd=8)
[31341.049090][  T375] (virq:irq_count)- 11:1053281 6:841544 2:198927 1:198280 35:94237 30:52475 301:12717 358:2573 28:2476 40:144 
[31341.049096][  T375] (cpu:irq_count)- 0:369502 1:1081 2:496 3:989 4:10476 5:7426 6:8347 7:2058503 
[31341.049099][  T375] (ipi:irq_count)- 0:198280 1:198927 2:0 3:0 4:0 5:841544 6:0 
[31341.545363][T10015] nx679j: journal mirror: 262143 bytes (file open, kmsg=3 pmsg=4 rd=8)
[31343.583912][T10030] nx679j: journal mirror: 262143 bytes (file open, kmsg=3 pmsg=4 rd=8)
[31345.621554][T10045] nx679j: journal mirror: 262143 bytes (file open, kmsg=3 pmsg=4 rd=8)
[31347.661524][T10064] nx679j: journal mirror: 262143 bytes (file open, kmsg=3 pmsg=4 rd=8)
[31349.700963][T10079] nx679j: journal mirror: 262143 bytes (file open, kmsg=3 pmsg=4 rd=8)
[31350.521042][  T378] (virq:irq_count)- 11:1053652 6:841846 2:199000 1:198423 35:94298 30:52502 301:12721 358:2575 28:2478 40:144 
[31350.521051][  T378] (cpu:irq_count)- 0:369672 1:1081 2:496 3:989 4:10494 5:7436 6:8354 7:2059283 
[31350.521061][  T378] (ipi:irq_count)- 0:198423 1:199000 2:0 3:0 4:0 5:841846 6:0 
[31351.737866][T10094] nx679j: journal mirror: 262143 bytes (file open, kmsg=3 pmsg=4 rd=8)
[31353.778111][T10095] nx679j: journal mirror: 262143 bytes (file open, kmsg=3 pmsg=4 rd=8)
[31355.798502][T10110] nx679j: journal mirror: 262143 bytes (file open, kmsg=3 pmsg=4 rd=8)
[31357.823419][T10125] nx679j: journal mirror: 262143 bytes (file open, kmsg=3 pmsg=4 rd=8)
[31359.861906][T10126] nx679j: journal mirror: 262143 bytes (file open, kmsg=3 pmsg=4 rd=8)
[31359.993123][  T375] (virq:irq_count)- 11:1054031 6:842146 2:199071 1:198559 35:94355 30:52529 301:12724 358:2577 28:2480 40:144 
[31359.993131][  T375] (cpu:irq_count)- 0:369836 1:1081 2:496 3:989 4:10511 5:7448 6:8361 7:2060060 
[31359.993136][  T375] (ipi:irq_count)- 0:198559 1:199071 2:0 3:0 4:0 5:842146 6:0 
[31361.896670][T10159] nx679j: journal mirror: 262143 bytes (file open, kmsg=3 pmsg=4 rd=8)
[31363.930946][T10174] nx679j: journal mirror: 262143 bytes (file open, kmsg=3 pmsg=4 rd=8)
[31365.970413][T10175] nx679j: journal mirror: 262143 bytes (file open, kmsg=3 pmsg=4 rd=8)
[31368.010187][T10190] nx679j: journal mirror: 262143 bytes (file open, kmsg=3 pmsg=4 rd=8)
[31369.465065][  T241] (virq:irq_count)- 11:1054428 6:842442 2:199147 1:198724 35:94409 30:52553 301:12762 358:2577 28:2480 40:144 
[31369.465072][  T241] (cpu:irq_count)- 0:370042 1:1081 2:496 3:989 4:10539 5:7470 6:8372 7:2060843 
[31369.465074][  T241] (ipi:irq_count)- 0:198724 1:199147 2:0 3:0 4:0 5:842442 6:0 
[31370.039746][T10215] nx679j: journal mirror: 262143 bytes (file open, kmsg=3 pmsg=4 rd=8)
[31372.078307][T10230] nx679j: journal mirror: 262143 bytes (file open, kmsg=3 pmsg=4 rd=8)
[31374.097855][T10231] nx679j: journal mirror: 262143 bytes (file open, kmsg=3 pmsg=4 rd=8)
[31376.123708][T10246] nx679j: journal mirror: 262143 bytes (file open, kmsg=3 pmsg=4 rd=8)
[31378.160615][T10279] nx679j: journal mirror: 262143 bytes (file open, kmsg=3 pmsg=4 rd=8)
[31378.937090][  T241] (virq:irq_count)- 11:1054791 6:842749 2:199217 1:198856 35:94459 30:52578 301:12764 358:2579 28:2482 40:144 
[31378.937097][  T241] (cpu:irq_count)- 0:370194 1:1081 2:496 3:989 4:10556 5:7480 6:8387 7:2061602 
[31378.937102][  T241] (ipi:irq_count)- 0:198856 1:199217 2:0 3:0 4:0 5:842749 6:0 
[31380.200489][T10280] nx679j: journal mirror: 262143 bytes (file open, kmsg=3 pmsg=4 rd=8)
[31382.238187][T10295] nx679j: journal mirror: 262143 bytes (file open, kmsg=3 pmsg=4 rd=8)
[31384.277014][T10310] nx679j: journal mirror: 262143 bytes (file open, kmsg=3 pmsg=4 rd=8)
[31386.314780][T10311] nx679j: journal mirror: 262143 bytes (file open, kmsg=3 pmsg=4 rd=8)
[31388.349467][T10326] nx679j: journal mirror: 262143 bytes (file open, kmsg=3 pmsg=4 rd=8)
[31388.409020][  T375] (virq:irq_count)- 11:1055159 6:843033 2:199285 1:198980 35:94517 30:52609 301:12764 358:2579 28:2482 40:144 
[31388.409026][  T375] (cpu:irq_count)- 0:370350 1:1081 2:496 3:989 4:10575 5:7484 6:8391 7:2062352 
[31388.409029][  T375] (ipi:irq_count)- 0:198980 1:199285 2:0 3:0 4:0 5:843033 6:0 
[31390.389203][T10341] nx679j: journal mirror: 262143 bytes (file open, kmsg=3 pmsg=4 rd=8)
[31392.426762][T10360] nx679j: journal mirror: 262143 bytes (file open, kmsg=3 pmsg=4 rd=8)
[31394.465243][T10375] nx679j: journal mirror: 262143 bytes (file open, kmsg=3 pmsg=4 rd=8)
[31396.500268][T10390] nx679j: journal mirror: 262143 bytes (file open, kmsg=3 pmsg=4 rd=8)
[31397.881098][  T241] (virq:irq_count)- 11:1055519 6:843326 2:199353 1:199112 35:94567 30:52633 301:12765 358:2581 28:2484 40:144 
[31397.881107][  T241] (cpu:irq_count)- 0:370497 1:1081 2:496 3:989 4:10588 5:7494 6:8400 7:2063106 
[31397.881112][  T241] (ipi:irq_count)- 0:199112 1:199353 2:0 3:0 4:0 5:843326 6:0 
[31398.516200][T10391] nx679j: journal mirror: 262143 bytes (file open, kmsg=3 pmsg=4 rd=8)
[31400.545804][T10406] nx679j: journal mirror: 262143 bytes (file open, kmsg=3 pmsg=4 rd=8)
[31402.581458][T10421] nx679j: journal mirror: 262143 bytes (file open, kmsg=3 pmsg=4 rd=8)
[31404.619249][T10422] nx679j: journal mirror: 262143 bytes (file open, kmsg=3 pmsg=4 rd=8)
[31406.656477][T10455] nx679j: journal mirror: 262143 bytes (file open, kmsg=3 pmsg=4 rd=8)
[31407.352515][  T375] (virq:irq_count)- 11:1055890 6:843623 2:199421 1:199249 35:94622 30:52660 301:12768 358:2583 28:2486 40:144 
[31407.352523][  T375] (cpu:irq_count)- 0:370652 1:1081 2:496 3:989 4:10609 5:7506 6:8412 7:2063867 
[31407.352527][  T375] (ipi:irq_count)- 0:199249 1:199421 2:0 3:0 4:0 5:843623 6:0 
[31408.690559][T10470] nx679j: journal mirror: 262143 bytes (file open, kmsg=3 pmsg=4 rd=8)
[31410.723056][T10471] nx679j: journal mirror: 262143 bytes (file open, kmsg=3 pmsg=4 rd=8)
[31412.761835][T10486] nx679j: journal mirror: 262143 bytes (file open, kmsg=3 pmsg=4 rd=8)
[31414.801549][T10501] nx679j: journal mirror: 262143 bytes (file open, kmsg=3 pmsg=4 rd=8)
[31416.825105][  T375] (virq:irq_count)- 11:1056239 6:843898 2:199488 1:199347 35:94670 30:52684 301:12769 358:2583 28:2486 40:144 
[31416.825111][  T375] (cpu:irq_count)- 0:370790 1:1081 2:496 3:989 4:10619 5:7515 6:8416 7:2064568 
[31416.825114][  T375] (ipi:irq_count)- 0:199347 1:199488 2:0 3:0 4:0 5:843898 6:0 
[31416.841131][T10502] nx679j: journal mirror: 262143 bytes (file open, kmsg=3 pmsg=4 rd=8)
[31418.877532][T10517] nx679j: journal mirror: 262143 bytes (file open, kmsg=3 pmsg=4 rd=8)
[31420.914435][T10532] nx679j: journal mirror: 262143 bytes (file open, kmsg=3 pmsg=4 rd=8)
[31422.954276][T10551] nx679j: journal mirror: 262143 bytes (file open, kmsg=3 pmsg=4 rd=8)
[31424.992522][T10566] nx679j: journal mirror: 262143 bytes (file open, kmsg=3 pmsg=4 rd=8)
[31426.296493][  T375] (virq:irq_count)- 11:1056618 6:844203 2:199573 1:199498 35:94729 30:52711 301:12774 358:2585 28:2488 40:144 
[31426.296499][  T375] (cpu:irq_count)- 0:370971 1:1082 2:496 3:989 4:10641 5:7535 6:8424 7:2065351 
[31426.296502][  T375] (ipi:irq_count)- 0:199498 1:199573 2:0 3:0 4:0 5:844203 6:0 
[31427.023735][T10581] nx679j: journal mirror: 262143 bytes (file open, kmsg=3 pmsg=4 rd=8)
[31429.048818][T10582] nx679j: journal mirror: 262143 bytes (file open, kmsg=3 pmsg=4 rd=8)
[31431.087064][T10597] nx679j: journal mirror: 262143 bytes (file open, kmsg=3 pmsg=4 rd=8)
[31433.125563][T10612] nx679j: journal mirror: 262143 bytes (file open, kmsg=3 pmsg=4 rd=8)
[31435.166141][T10613] nx679j: journal mirror: 262143 bytes (file open, kmsg=3 pmsg=4 rd=8)
[31435.769073][  T375] (virq:irq_count)- 11:1056990 6:844491 2:199651 1:199638 35:94785 30:52738 301:12774 358:2587 28:2490 40:144 
[31435.769082][  T375] (cpu:irq_count)- 0:371133 1:1082 2:496 3:989 4:10663 5:7543 6:8430 7:2066118 
[31435.769087][  T375] (ipi:irq_count)- 0:199638 1:199651 2:0 3:0 4:0 5:844491 6:0 
[31437.201719][T10646] nx679j: journal mirror: 262143 bytes (file open, kmsg=3 pmsg=4 rd=8)
[31439.231178][T10661] nx679j: journal mirror: 262143 bytes (file open, kmsg=3 pmsg=4 rd=8)
[31441.250706][T10662] nx679j: journal mirror: 262143 bytes (file open, kmsg=3 pmsg=4 rd=8)
[31443.287470][T10677] nx679j: journal mirror: 262143 bytes (file open, kmsg=3 pmsg=4 rd=8)
[31445.241103][  T380] (virq:irq_count)- 11:1057338 6:844768 1:199743 2:199716 35:94833 30:52762 301:12776 358:2587 28:2490 40:144 
[31445.241110][  T380] (cpu:irq_count)- 0:371274 1:1083 2:496 3:989 4:10677 5:7549 6:8440 7:2066815 
[31445.241113][  T380] (ipi:irq_count)- 0:199743 1:199716 2:0 3:0 4:0 5:844768 6:0 
[31445.325972][T10692] nx679j: journal mirror: 262143 bytes (file open, kmsg=3 pmsg=4 rd=8)
[31447.366663][T10693] nx679j: journal mirror: 262143 bytes (file open, kmsg=3 pmsg=4 rd=8)
[31449.405661][T10708] nx679j: journal mirror: 262143 bytes (file open, kmsg=3 pmsg=4 rd=8)
[31451.434155][T10723] nx679j: journal mirror: 262143 bytes (file open, kmsg=3 pmsg=4 rd=8)
[31453.469099][T10756] nx679j: journal mirror: 262143 bytes (file open, kmsg=3 pmsg=4 rd=8)
[31454.713095][  T380] (virq:irq_count)- 11:1057730 6:845083 1:199906 2:199796 35:94893 30:52793 301:12779 358:2589 28:2492 40:144 
[31454.713101][  T380] (cpu:irq_count)- 0:371453 1:1084 2:496 3:989 4:10714 5:7559 6:8459 7:2067617 
[31454.713104][  T380] (ipi:irq_count)- 0:199906 1:199796 2:0 3:0 4:0 5:845083 6:0 
[31455.509671][T10757] nx679j: journal mirror: 262143 bytes (file open, kmsg=3 pmsg=4 rd=8)
[31457.548157][T10772] nx679j: journal mirror: 262143 bytes (file open, kmsg=3 pmsg=4 rd=8)
[31459.585698][T10787] nx679j: journal mirror: 262143 bytes (file open, kmsg=3 pmsg=4 rd=8)
[31461.624909][T10788] nx679j: journal mirror: 262143 bytes (file open, kmsg=3 pmsg=4 rd=8)
[31463.663546][T10803] nx679j: journal mirror: 262143 bytes (file open, kmsg=3 pmsg=4 rd=8)
[31464.185167][  T241] (virq:irq_count)- 11:1058083 6:845363 1:200016 2:199865 35:94945 30:52820 301:12780 358:2589 28:2492 40:144 
[31464.185173][  T241] (cpu:irq_count)- 0:371601 1:1085 2:496 3:989 4:10726 5:7572 6:8463 7:2068331 
[31464.185176][  T241] (ipi:irq_count)- 0:200016 1:199865 2:0 3:0 4:0 5:845363 6:0 
[31465.703236][T10818] nx679j: journal mirror: 262143 bytes (file open, kmsg=3 pmsg=4 rd=8)
[31467.741976][T10837] nx679j: journal mirror: 262143 bytes (file open, kmsg=3 pmsg=4 rd=8)
[31469.780923][T10852] nx679j: journal mirror: 262143 bytes (file open, kmsg=3 pmsg=4 rd=8)
[31471.816578][T10867] nx679j: journal mirror: 262143 bytes (file open, kmsg=3 pmsg=4 rd=8)
[31473.657410][  T380] (virq:irq_count)- 11:1058452 6:845654 1:200140 2:199931 35:94998 30:52844 301:12784 358:2591 28:2494 40:144 
[31473.657417][  T380] (cpu:irq_count)- 0:371754 1:1085 2:496 3:989 4:10746 5:7578 6:8471 7:2069079 
[31473.657420][  T380] (ipi:irq_count)- 0:200140 1:199931 2:0 3:0 4:0 5:845654 6:0 
[31473.853490][T10868] nx679j: journal mirror: 262143 bytes (file open, kmsg=3 pmsg=4 rd=8)
[31475.893591][T10883] nx679j: journal mirror: 262143 bytes (file open, kmsg=3 pmsg=4 rd=8)
[31477.932838][T10898] nx679j: journal mirror: 262143 bytes (file open, kmsg=3 pmsg=4 rd=8)
[31479.972658][T10899] nx679j: journal mirror: 262143 bytes (file open, kmsg=3 pmsg=4 rd=8)
[31482.011770][T10932] nx679j: journal mirror: 262143 bytes (file open, kmsg=3 pmsg=4 rd=8)
[31483.129017][  T378] (virq:irq_count)- 11:1058820 6:845943 1:200283 2:200002 35:95056 30:52871 301:12789 358:2593 28:2496 40:144 
[31483.129026][  T378] (cpu:irq_count)- 0:371921 1:1085 2:496 3:989 4:10762 5:7593 6:8480 7:2069837 
[31483.129031][  T378] (ipi:irq_count)- 0:200283 1:200002 2:0 3:0 4:0 5:845943 6:0 
[31484.049831][T10947] nx679j: journal mirror: 262143 bytes (file open, kmsg=3 pmsg=4 rd=8)
[31486.087912][T10948] nx679j: journal mirror: 262143 bytes (file open, kmsg=3 pmsg=4 rd=8)
[31488.125224][T10963] nx679j: journal mirror: 262143 bytes (file open, kmsg=3 pmsg=4 rd=8)
[31490.160376][T10978] nx679j: journal mirror: 262143 bytes (file open, kmsg=3 pmsg=4 rd=8)
[31492.177908][T10979] nx679j: journal mirror: 262143 bytes (file open, kmsg=3 pmsg=4 rd=8)
[31492.600116][  T375] (virq:irq_count)- 11:1059183 6:846216 1:200400 2:200067 35:95108 30:52898 301:12790 358:2593 28:2496 40:144 
[31492.600122][  T375] (cpu:irq_count)- 0:372062 1:1085 2:496 3:989 4:10781 5:7601 6:8486 7:2070561 
[31492.600125][  T375] (ipi:irq_count)- 0:200400 1:200067 2:0 3:0 4:0 5:846216 6:0 
[31494.193658][T10994] nx679j: journal mirror: 262143 bytes (file open, kmsg=3 pmsg=4 rd=8)
[31496.226409][T11009] nx679j: journal mirror: 262143 bytes (file open, kmsg=3 pmsg=4 rd=8)
[31498.263472][T11028] nx679j: journal mirror: 262143 bytes (file open, kmsg=3 pmsg=4 rd=8)
[31500.304168][T11043] nx679j: journal mirror: 262143 bytes (file open, kmsg=3 pmsg=4 rd=8)
[31502.073085][  T378] (virq:irq_count)- 11:1059546 6:846510 1:200527 2:200142 35:95161 30:52922 301:12790 358:2595 28:2498 40:144 
[31502.073091][  T378] (cpu:irq_count)- 0:372215 1:1085 2:496 3:989 4:10804 5:7609 6:8492 7:2071311 
[31502.073094][  T378] (ipi:irq_count)- 0:200527 1:200142 2:0 3:0 4:0 5:846510 6:0 
[31502.344869][T11058] nx679j: journal mirror: 262143 bytes (file open, kmsg=3 pmsg=4 rd=8)
[31504.383867][T11059] nx679j: journal mirror: 262143 bytes (file open, kmsg=3 pmsg=4 rd=8)
[31506.422013][T11074] nx679j: journal mirror: 262143 bytes (file open, kmsg=3 pmsg=4 rd=8)
[31508.458539][T11089] nx679j: journal mirror: 262143 bytes (file open, kmsg=3 pmsg=4 rd=8)
[31510.498035][T11090] nx679j: journal mirror: 262143 bytes (file open, kmsg=3 pmsg=4 rd=8)
[31511.545091][  T378] (virq:irq_count)- 11:1059914 6:846806 1:200663 2:200213 35:95217 30:52949 301:12790 358:2597 28:2500 40:144 
[31511.545097][  T378] (cpu:irq_count)- 0:372371 1:1085 2:496 3:989 4:10822 5:7617 6:8507 7:2072072 
[31511.545100][  T378] (ipi:irq_count)- 0:200663 1:200213 2:0 3:0 4:0 5:846806 6:0 
[31512.534591][T11123] nx679j: journal mirror: 262143 bytes (file open, kmsg=3 pmsg=4 rd=8)
[31514.571999][T11138] nx679j: journal mirror: 262143 bytes (file open, kmsg=3 pmsg=4 rd=8)
[31516.609433][T11139] nx679j: journal mirror: 262143 bytes (file open, kmsg=3 pmsg=4 rd=8)
[31518.646936][T11154] nx679j: journal mirror: 262143 bytes (file open, kmsg=3 pmsg=4 rd=8)
[31520.684159][T11169] nx679j: journal mirror: 262143 bytes (file open, kmsg=3 pmsg=4 rd=8)
[31521.017051][  T241] (virq:irq_count)- 11:1060290 6:847093 1:200797 2:200283 35:95275 30:52980 301:12790 358:2597 28:2500 40:144 
[31521.017057][  T241] (cpu:irq_count)- 0:372526 1:1085 2:496 3:989 4:10839 5:7623 6:8522 7:2072835 
[31521.017060][  T241] (ipi:irq_count)- 0:200797 1:200283 2:0 3:0 4:0 5:847093 6:0 
[31522.724227][T11170] nx679j: journal mirror: 262143 bytes (file open, kmsg=3 pmsg=4 rd=8)
[31524.759939][T11185] nx679j: journal mirror: 262143 bytes (file open, kmsg=3 pmsg=4 rd=8)
[31526.795598][T11200] nx679j: journal mirror: 262143 bytes (file open, kmsg=3 pmsg=4 rd=8)
[31528.834166][T11231] nx679j: journal mirror: 262143 bytes (file open, kmsg=3 pmsg=4 rd=8)
[31530.489041][  T241] (virq:irq_count)- 11:1060646 6:847384 1:200933 2:200353 35:95323 30:53004 301:12793 358:2599 28:2502 40:144 
[31530.489048][  T241] (cpu:irq_count)- 0:372676 1:1085 2:496 3:989 4:10863 5:7631 6:8537 7:2073570 
[31530.489051][  T241] (ipi:irq_count)- 0:200933 1:200353 2:0 3:0 4:0 5:847384 6:0 
[31530.850320][T11234] nx679j: journal mirror: 262143 bytes (file open, kmsg=3 pmsg=4 rd=8)
[31532.876992][T11249] nx679j: journal mirror: 262143 bytes (file open, kmsg=3 pmsg=4 rd=8)
[31534.914613][T11264] nx679j: journal mirror: 262143 bytes (file open, kmsg=3 pmsg=4 rd=8)
[31536.933639][T11265] nx679j: journal mirror: 262143 bytes (file open, kmsg=3 pmsg=4 rd=8)
[31538.959538][T11280] nx679j: journal mirror: 262143 bytes (file open, kmsg=3 pmsg=4 rd=8)
[31539.961078][  T378] (virq:irq_count)- 11:1061019 6:847675 1:201060 2:200420 35:95371 30:53031 301:12796 358:2601 28:2504 40:144 
[31539.961084][  T378] (cpu:irq_count)- 0:372826 1:1085 2:496 3:989 4:10881 5:7641 6:8541 7:2074328 
[31539.961087][  T378] (ipi:irq_count)- 0:201060 1:200420 2:0 3:0 4:0 5:847675 6:0 
[31540.999418][T11295] nx679j: journal mirror: 262143 bytes (file open, kmsg=3 pmsg=4 rd=8)
[31543.035212][T11314] nx679j: journal mirror: 262143 bytes (file open, kmsg=3 pmsg=4 rd=8)
[31545.072150][T11329] nx679j: journal mirror: 262143 bytes (file open, kmsg=3 pmsg=4 rd=8)
[31547.112035][T11344] nx679j: journal mirror: 262143 bytes (file open, kmsg=3 pmsg=4 rd=8)
[31549.150533][T11345] nx679j: journal mirror: 262143 bytes (file open, kmsg=3 pmsg=4 rd=8)
[31549.433081][  T378] (virq:irq_count)- 11:1061382 6:847952 1:201174 2:200488 35:95423 30:53058 301:12799 358:2601 28:2504 40:144 
[31549.433087][  T378] (cpu:irq_count)- 0:372980 1:1085 2:496 3:989 4:10890 5:7652 6:8546 7:2075053 
[31549.433090][  T378] (ipi:irq_count)- 0:201174 1:200488 2:0 3:0 4:0 5:847952 6:0 
[31551.189982][T11360] nx679j: journal mirror: 262143 bytes (file open, kmsg=3 pmsg=4 rd=8)
[31553.227240][T11375] nx679j: journal mirror: 262143 bytes (file open, kmsg=3 pmsg=4 rd=8)
[31555.267197][T11376] nx679j: journal mirror: 262143 bytes (file open, kmsg=3 pmsg=4 rd=8)
[31557.304361][T11409] nx679j: journal mirror: 262143 bytes (file open, kmsg=3 pmsg=4 rd=8)
[31558.905081][  T241] (virq:irq_count)- 11:1061743 6:848238 1:201298 2:200554 35:95474 30:53082 301:12799 358:2603 28:2506 40:144 
[31558.905087][  T241] (cpu:irq_count)- 0:373122 1:1085 2:496 3:989 4:10911 5:7659 6:8554 7:2075791 
[31558.905090][  T241] (ipi:irq_count)- 0:201298 1:200554 2:0 3:0 4:0 5:848238 6:0 
[31559.344275][T11424] nx679j: journal mirror: 262143 bytes (file open, kmsg=3 pmsg=4 rd=8)
[31561.383884][T11425] nx679j: journal mirror: 262143 bytes (file open, kmsg=3 pmsg=4 rd=8)
[31563.422966][T11440] nx679j: journal mirror: 262143 bytes (file open, kmsg=3 pmsg=4 rd=8)
[31565.462430][T11455] nx679j: journal mirror: 262143 bytes (file open, kmsg=3 pmsg=4 rd=8)
[31567.499084][T11456] nx679j: journal mirror: 262143 bytes (file open, kmsg=3 pmsg=4 rd=8)
[31568.377092][  T241] (virq:irq_count)- 11:1062098 6:848520 1:201419 2:200619 35:95529 30:53109 301:12805 358:2603 28:2506 40:144 
[31568.377098][  T241] (cpu:irq_count)- 0:373279 1:1086 2:496 3:989 4:10930 5:7669 6:8558 7:2076511 
[31568.377101][  T241] (ipi:irq_count)- 0:201419 1:200619 2:0 3:0 4:0 5:848520 6:0 
[31569.537993][T11471] nx679j: journal mirror: 262143 bytes (file open, kmsg=3 pmsg=4 rd=8)
[31571.576834][T11486] nx679j: journal mirror: 262143 bytes (file open, kmsg=3 pmsg=4 rd=8)
[31573.616034][T11505] nx679j: journal mirror: 262143 bytes (file open, kmsg=3 pmsg=4 rd=8)
[31575.636917][T11520] nx679j: journal mirror: 262143 bytes (file open, kmsg=3 pmsg=4 rd=8)
[31577.654293][T11535] nx679j: journal mirror: 262143 bytes (file open, kmsg=3 pmsg=4 rd=8)
[31577.848475][  T241] (virq:irq_count)- 11:1062478 6:848815 1:201556 2:200696 35:95583 30:53136 301:12808 358:2605 28:2508 40:144 
[31577.848481][  T241] (cpu:irq_count)- 0:373445 1:1086 2:496 3:989 4:10950 5:7683 6:8564 7:2077282 
[31577.848485][  T241] (ipi:irq_count)- 0:201556 1:200696 2:0 3:0 4:0 5:848815 6:0 
[31579.670207][T11536] nx679j: journal mirror: 262143 bytes (file open, kmsg=3 pmsg=4 rd=8)
[31581.708884][T11551] nx679j: journal mirror: 262143 bytes (file open, kmsg=3 pmsg=4 rd=8)
[31583.746899][T11566] nx679j: journal mirror: 262143 bytes (file open, kmsg=3 pmsg=4 rd=8)
[31585.783917][T11567] nx679j: journal mirror: 262143 bytes (file open, kmsg=3 pmsg=4 rd=8)
[31587.320958][  T241] (virq:irq_count)- 11:1062852 6:849121 1:201705 2:200768 35:95642 30:53164 301:12812 358:2607 28:2510 40:144 
[31587.320964][  T241] (cpu:irq_count)- 0:373614 1:1086 2:496 3:989 4:10977 5:7694 6:8570 7:2078065 
[31587.320967][  T241] (ipi:irq_count)- 0:201705 1:200768 2:0 3:0 4:0 5:849121 6:0 
[31587.819226][T11600] nx679j: journal mirror: 262143 bytes (file open, kmsg=3 pmsg=4 rd=8)
[31589.855528][T11615] nx679j: journal mirror: 262143 bytes (file open, kmsg=3 pmsg=4 rd=8)
[31591.895534][T11616] nx679j: journal mirror: 262143 bytes (file open, kmsg=3 pmsg=4 rd=8)
[31593.932689][T11631] nx679j: journal mirror: 262143 bytes (file open, kmsg=3 pmsg=4 rd=8)
[31595.969816][T11646] nx679j: journal mirror: 262143 bytes (file open, kmsg=3 pmsg=4 rd=8)
[31596.793047][  T375] (virq:irq_count)- 11:1063222 6:849415 1:201859 2:200839 35:95695 30:53191 301:12841 358:2607 28:2510 40:144 
[31596.793054][  T375] (cpu:irq_count)- 0:373805 1:1086 2:496 3:989 4:11006 5:7713 6:8586 7:2078808 
[31596.793058][  T375] (ipi:irq_count)- 0:201859 1:200839 2:0 3:0 4:0 5:849415 6:0 
[31598.009775][T11647] nx679j: journal mirror: 262143 bytes (file open, kmsg=3 pmsg=4 rd=8)
[31600.048748][T11666] nx679j: journal mirror: 262143 bytes (file open, kmsg=3 pmsg=4 rd=8)
[31602.086496][T11699] nx679j: journal mirror: 262143 bytes (file open, kmsg=3 pmsg=4 rd=8)
[31604.123928][T11700] nx679j: journal mirror: 262143 bytes (file open, kmsg=3 pmsg=4 rd=8)
[31606.162946][T11715] nx679j: journal mirror: 262143 bytes (file open, kmsg=3 pmsg=4 rd=8)
[31606.265086][  T380] (virq:irq_count)- 11:1063606 6:849713 1:202005 2:200914 35:95751 30:53218 301:12850 358:2609 28:2512 40:144 
[31606.265092][  T380] (cpu:irq_count)- 0:373984 1:1088 2:496 3:989 4:11031 5:7721 6:8595 7:2079584 
[31606.265096][  T380] (ipi:irq_count)- 0:202005 1:200914 2:0 3:0 4:0 5:849713 6:0 
[31608.199118][T11730] nx679j: journal mirror: 262143 bytes (file open, kmsg=3 pmsg=4 rd=8)
[31610.238400][T11736] nx679j: journal mirror: 262143 bytes (file open, kmsg=3 pmsg=4 rd=8)
[31612.278580][T11746] nx679j: journal mirror: 262143 bytes (file open, kmsg=3 pmsg=4 rd=8)
[31614.318317][T11761] nx679j: journal mirror: 262143 bytes (file open, kmsg=3 pmsg=4 rd=8)
[31615.737020][  T375] (virq:irq_count)- 11:1063958 6:850007 1:202143 2:200981 35:95804 30:53242 301:12850 358:2611 28:2514 40:144 
[31615.737026][  T375] (cpu:irq_count)- 0:374131 1:1088 2:496 3:989 4:11052 5:7737 6:8610 7:2080317 
[31615.737030][  T375] (ipi:irq_count)- 0:202143 1:200981 2:0 3:0 4:0 5:850007 6:0 
[31616.355769][T11776] nx679j: journal mirror: 262143 bytes (file open, kmsg=3 pmsg=4 rd=8)
[31618.391485][T11795] nx679j: journal mirror: 262143 bytes (file open, kmsg=3 pmsg=4 rd=8)
[31620.430519][T11810] nx679j: journal mirror: 262143 bytes (file open, kmsg=3 pmsg=4 rd=8)
[31622.468193][T11825] nx679j: journal mirror: 262143 bytes (file open, kmsg=3 pmsg=4 rd=8)
[31624.508806][T11826] nx679j: journal mirror: 262143 bytes (file open, kmsg=3 pmsg=4 rd=8)
[31625.208495][  T375] (virq:irq_count)- 11:1064323 6:850288 1:202253 2:201052 35:95854 30:53269 301:12850 358:2611 28:2514 40:144 
[31625.208504][  T375] (cpu:irq_count)- 0:374280 1:1088 2:496 3:989 4:11075 5:7743 6:8615 7:2081038 
[31625.208508][  T375] (ipi:irq_count)- 0:202253 1:201052 2:0 3:0 4:0 5:850288 6:0 
[31626.547497][T11841] nx679j: journal mirror: 262143 bytes (file open, kmsg=3 pmsg=4 rd=8)
[31628.586512][T11856] nx679j: journal mirror: 262143 bytes (file open, kmsg=3 pmsg=4 rd=8)
[31630.625305][T11857] nx679j: journal mirror: 262143 bytes (file open, kmsg=3 pmsg=4 rd=8)
[31632.664083][T11890] nx679j: journal mirror: 262143 bytes (file open, kmsg=3 pmsg=4 rd=8)
[31634.681097][  T241] (virq:irq_count)- 11:1064683 6:850582 1:202382 2:201119 35:95906 30:53293 301:12850 358:2613 28:2516 40:144 
[31634.681103][  T241] (cpu:irq_count)- 0:374424 1:1088 2:496 3:989 4:11086 5:7759 6:8632 7:2081780 
[31634.681106][  T241] (ipi:irq_count)- 0:202382 1:201119 2:0 3:0 4:0 5:850582 6:0 
[31634.702981][T11905] nx679j: journal mirror: 262143 bytes (file open, kmsg=3 pmsg=4 rd=8)
[31636.742755][T11906] nx679j: journal mirror: 262143 bytes (file open, kmsg=3 pmsg=4 rd=8)
[31638.781621][T11921] nx679j: journal mirror: 262143 bytes (file open, kmsg=3 pmsg=4 rd=8)
[31640.817515][T11936] nx679j: journal mirror: 262143 bytes (file open, kmsg=3 pmsg=4 rd=8)
[31642.858631][T11937] nx679j: journal mirror: 262143 bytes (file open, kmsg=3 pmsg=4 rd=8)
[31644.153080][  T375] (virq:irq_count)- 11:1065076 6:850880 1:202515 2:201195 35:95958 30:53320 301:12881 358:2613 28:2516 40:144 
[31644.153086][  T375] (cpu:irq_count)- 0:374620 1:1088 2:496 3:989 4:11109 5:7768 6:8639 7:2082555 
[31644.153089][  T375] (ipi:irq_count)- 0:202515 1:201195 2:0 3:0 4:0 5:850880 6:0 
[31644.897099][T11956] nx679j: journal mirror: 262143 bytes (file open, kmsg=3 pmsg=4 rd=8)
[31646.936991][T11971] nx679j: journal mirror: 262143 bytes (file open, kmsg=3 pmsg=4 rd=8)
[31648.974217][T11990] nx679j: journal mirror: 262143 bytes (file open, kmsg=3 pmsg=4 rd=8)
[31650.996464][T12005] nx679j: journal mirror: 262143 bytes (file open, kmsg=3 pmsg=4 rd=8)
[31653.018843][T12020] nx679j: journal mirror: 262143 bytes (file open, kmsg=3 pmsg=4 rd=8)
[31653.624102][  T241] (virq:irq_count)- 11:1065467 6:851184 1:202668 2:201270 35:96020 30:53351 301:12885 358:2615 28:2518 40:144 
[31653.624110][  T241] (cpu:irq_count)- 0:374797 1:1088 2:496 3:989 4:11129 5:7779 6:8651 7:2083359 
[31653.624115][  T241] (ipi:irq_count)- 0:202668 1:201270 2:0 3:0 4:0 5:851184 6:0 
[31655.059043][T12021] nx679j: journal mirror: 262143 bytes (file open, kmsg=3 pmsg=4 rd=8)
[31657.095847][T12036] nx679j: journal mirror: 262143 bytes (file open, kmsg=3 pmsg=4 rd=8)
[31659.134138][T12051] nx679j: journal mirror: 262143 bytes (file open, kmsg=3 pmsg=4 rd=8)
[31661.174106][T12070] nx679j: journal mirror: 262143 bytes (file open, kmsg=3 pmsg=4 rd=8)
[31663.096473][  T378] (virq:irq_count)- 11:1065840 6:851478 1:202799 2:201350 35:96071 30:53375 301:12890 358:2617 28:2520 40:144 
[31663.096480][  T378] (cpu:irq_count)- 0:374963 1:1088 2:496 3:989 4:11155 5:7787 6:8659 7:2084113 
[31663.096483][  T378] (ipi:irq_count)- 0:202799 1:201350 2:0 3:0 4:0 5:851478 6:0 
[31663.210595][T12085] nx679j: journal mirror: 262143 bytes (file open, kmsg=3 pmsg=4 rd=8)
[31665.240150][T12100] nx679j: journal mirror: 262143 bytes (file open, kmsg=3 pmsg=4 rd=8)
[31667.282489][T12104] nx679j: journal mirror: 262143 bytes (file open, kmsg=3 pmsg=4 rd=8)
[31669.319345][T12119] nx679j: journal mirror: 262143 bytes (file open, kmsg=3 pmsg=4 rd=8)
[31671.348996][T12134] nx679j: journal mirror: 262143 bytes (file open, kmsg=3 pmsg=4 rd=8)
[31672.569088][  T241] (virq:irq_count)- 11:1066218 6:851776 1:202939 2:201421 35:96129 30:53402 301:12915 358:2617 28:2520 40:144 
[31672.569096][  T241] (cpu:irq_count)- 0:375156 1:1089 2:496 3:989 4:11170 5:7793 6:8674 7:2084880 
[31672.569101][  T241] (ipi:irq_count)- 0:202939 1:201421 2:0 3:0 4:0 5:851776 6:0 
[31673.365256][T12135] nx679j: journal mirror: 262143 bytes (file open, kmsg=3 pmsg=4 rd=8)
[31675.400693][T12150] nx679j: journal mirror: 262143 bytes (file open, kmsg=3 pmsg=4 rd=8)
[31677.436665][T12183] nx679j: journal mirror: 262143 bytes (file open, kmsg=3 pmsg=4 rd=8)
[31679.475555][T12184] nx679j: journal mirror: 262143 bytes (file open, kmsg=3 pmsg=4 rd=8)
[31681.513177][T12199] nx679j: journal mirror: 262143 bytes (file open, kmsg=3 pmsg=4 rd=8)
[31682.041093][  T378] (virq:irq_count)- 11:1066598 6:852073 1:203078 2:201493 35:96188 30:53429 301:12915 358:2619 28:2522 40:144 
[31682.041099][  T378] (cpu:irq_count)- 0:375315 1:1089 2:496 3:989 4:11199 5:7799 6:8682 7:2085656 
[31682.041102][  T378] (ipi:irq_count)- 0:203078 1:201493 2:0 3:0 4:0 5:852073 6:0 
[31683.551368][T12214] nx679j: journal mirror: 262143 bytes (file open, kmsg=3 pmsg=4 rd=8)
[31685.590273][T12215] nx679j: journal mirror: 262143 bytes (file open, kmsg=3 pmsg=4 rd=8)
[31687.627506][T12230] nx679j: journal mirror: 262143 bytes (file open, kmsg=3 pmsg=4 rd=8)
[31689.652315][T12245] nx679j: journal mirror: 262143 bytes (file open, kmsg=3 pmsg=4 rd=8)
[31691.512520][  T378] (virq:irq_count)- 11:1066939 6:852365 1:203190 2:201558 35:96229 30:53451 301:12919 358:2619 28:2522 40:144 
[31691.512525][  T378] (cpu:irq_count)- 0:375448 1:1089 2:496 3:989 4:11214 5:7815 6:8691 7:2086360 
[31691.512529][  T378] (ipi:irq_count)- 0:203190 1:201558 2:0 3:0 4:0 5:852365 6:0 
[31691.669312][T12260] nx679j: journal mirror: 262143 bytes (file open, kmsg=3 pmsg=4 rd=8)
[31693.687311][T12261] nx679j: journal mirror: 262143 bytes (file open, kmsg=3 pmsg=4 rd=8)
[31695.727702][T12276] nx679j: journal mirror: 262143 bytes (file open, kmsg=3 pmsg=4 rd=8)
[31697.768467][T12291] nx679j: journal mirror: 262143 bytes (file open, kmsg=3 pmsg=4 rd=8)
[31699.808606][T12292] nx679j: journal mirror: 262143 bytes (file open, kmsg=3 pmsg=4 rd=8)
[31700.985096][  T375] (virq:irq_count)- 11:1067308 6:852642 1:203317 2:201627 35:96286 30:53478 301:12928 358:2619 28:2522 40:144 
[31700.985102][  T375] (cpu:irq_count)- 0:375612 1:1089 2:496 3:989 4:11224 5:7828 6:8698 7:2087101 
[31700.985105][  T375] (ipi:irq_count)- 0:203317 1:201627 2:0 3:0 4:0 5:852642 6:0 
[31701.846277][T12309] nx679j: journal mirror: 262143 bytes (file open, kmsg=3 pmsg=4 rd=8)
[31703.885984][T12324] nx679j: journal mirror: 262143 bytes (file open, kmsg=3 pmsg=4 rd=8)
[31705.924589][T12325] nx679j: journal mirror: 262143 bytes (file open, kmsg=3 pmsg=4 rd=8)
[31707.960788][T12340] nx679j: journal mirror: 262143 bytes (file open, kmsg=3 pmsg=4 rd=8)
[31709.996985][T12355] nx679j: journal mirror: 262143 bytes (file open, kmsg=3 pmsg=4 rd=8)
[31710.456489][  T241] (virq:irq_count)- 11:1067663 6:852935 1:203438 2:201697 35:96337 30:53505 301:12934 358:2619 28:2522 40:144 
[31710.456495][  T241] (cpu:irq_count)- 0:375769 1:1089 2:496 3:989 4:11250 5:7837 6:8703 7:2087827 
[31710.456498][  T241] (ipi:irq_count)- 0:203438 1:201697 2:0 3:0 4:0 5:852935 6:0 
[31712.013144][T12356] nx679j: journal mirror: 262143 bytes (file open, kmsg=3 pmsg=4 rd=8)
[31714.045710][T12371] nx679j: journal mirror: 262143 bytes (file open, kmsg=3 pmsg=4 rd=8)
[31716.082147][T12386] nx679j: journal mirror: 262143 bytes (file open, kmsg=3 pmsg=4 rd=8)
[31718.123235][T12387] nx679j: journal mirror: 262143 bytes (file open, kmsg=3 pmsg=4 rd=8)
[31719.928497][  T241] (virq:irq_count)- 11:1068027 6:853231 1:203562 2:201774 35:96389 30:53533 301:12937 358:2619 28:2522 40:144 
[31719.928503][  T241] (cpu:irq_count)- 0:375926 1:1089 2:496 3:989 4:11273 5:7845 6:8716 7:2088570 
[31719.928506][  T241] (ipi:irq_count)- 0:203562 1:201774 2:0 3:0 4:0 5:853231 6:0 
[31720.160296][T12402] nx679j: journal mirror: 262143 bytes (file open, kmsg=3 pmsg=4 rd=8)
[31722.199848][T12417] nx679j: journal mirror: 262143 bytes (file open, kmsg=3 pmsg=4 rd=8)
[31724.240869][T12418] nx679j: journal mirror: 262143 bytes (file open, kmsg=3 pmsg=4 rd=8)
[31726.281419][T12433] nx679j: journal mirror: 262143 bytes (file open, kmsg=3 pmsg=4 rd=8)
[31728.317288][T12448] nx679j: journal mirror: 262143 bytes (file open, kmsg=3 pmsg=4 rd=8)
[31729.401092][  T378] (virq:irq_count)- 11:1068381 6:853513 1:203678 2:201845 35:96443 30:53560 301:12940 358:2619 28:2522 40:144 
[31729.401101][  T378] (cpu:irq_count)- 0:376084 1:1090 2:496 3:989 4:11288 5:7849 6:8728 7:2089287 
[31729.401105][  T378] (ipi:irq_count)- 0:203678 1:201845 2:0 3:0 4:0 5:853513 6:0 
[31730.358082][T12449] nx679j: journal mirror: 262143 bytes (file open, kmsg=3 pmsg=4 rd=8)
[31732.398252][T12464] nx679j: journal mirror: 262143 bytes (file open, kmsg=3 pmsg=4 rd=8)
[31734.435971][T12483] nx679j: journal mirror: 262143 bytes (file open, kmsg=3 pmsg=4 rd=8)
[31736.474414][T12484] nx679j: journal mirror: 262143 bytes (file open, kmsg=3 pmsg=4 rd=8)
[31738.511323][T12499] nx679j: journal mirror: 262143 bytes (file open, kmsg=3 pmsg=4 rd=8)
[31738.873102][  T375] (virq:irq_count)- 11:1068765 6:853806 1:203818 2:201909 35:96500 30:53587 301:12972 358:2619 28:2522 40:144 
[31738.873108][  T375] (cpu:irq_count)- 0:376274 1:1090 2:496 3:989 4:11304 5:7856 6:8746 7:2090053 
[31738.873111][  T375] (ipi:irq_count)- 0:203818 1:201909 2:0 3:0 4:0 5:853806 6:0 
[31740.548447][T12514] nx679j: journal mirror: 262143 bytes (file open, kmsg=3 pmsg=4 rd=8)
[31742.586565][T12515] nx679j: journal mirror: 262143 bytes (file open, kmsg=3 pmsg=4 rd=8)
[31744.628709][T12530] nx679j: journal mirror: 262143 bytes (file open, kmsg=3 pmsg=4 rd=8)
[31746.666373][T12545] nx679j: journal mirror: 262143 bytes (file open, kmsg=3 pmsg=4 rd=8)
[31748.345080][  T375] (virq:irq_count)- 11:1069117 6:854097 1:203930 2:201973 35:96551 30:53611 301:12972 358:2619 28:2522 40:144 
[31748.345089][  T375] (cpu:irq_count)- 0:376410 1:1090 2:496 3:989 4:11321 5:7861 6:8755 7:2090780 
[31748.345094][  T375] (ipi:irq_count)- 0:203930 1:201973 2:0 3:0 4:0 5:854097 6:0 
[31748.706002][T12546] nx679j: journal mirror: 262143 bytes (file open, kmsg=3 pmsg=4 rd=8)
[31750.742113][T12561] nx679j: journal mirror: 262143 bytes (file open, kmsg=3 pmsg=4 rd=8)
[31752.771449][T12576] nx679j: journal mirror: 262143 bytes (file open, kmsg=3 pmsg=4 rd=8)
[31754.790214][T12577] nx679j: journal mirror: 262143 bytes (file open, kmsg=3 pmsg=4 rd=8)
[31756.827962][T12592] nx679j: journal mirror: 262143 bytes (file open, kmsg=3 pmsg=4 rd=8)
[31757.817109][  T241] (virq:irq_count)- 11:1069473 6:854382 1:204049 2:202048 35:96606 30:53638 301:12972 358:2619 28:2522 40:144 
[31757.817117][  T241] (cpu:irq_count)- 0:376564 1:1090 2:496 3:989 4:11332 5:7871 6:8768 7:2091509 
[31757.817122][  T241] (ipi:irq_count)- 0:204049 1:202048 2:0 3:0 4:0 5:854382 6:0 
[31758.866025][T12607] nx679j: journal mirror: 262143 bytes (file open, kmsg=3 pmsg=4 rd=8)
[31760.906484][T12608] nx679j: journal mirror: 262143 bytes (file open, kmsg=3 pmsg=4 rd=8)
[31762.925491][T12623] nx679j: journal mirror: 262143 bytes (file open, kmsg=3 pmsg=4 rd=8)
[31764.951946][T12638] nx679j: journal mirror: 262143 bytes (file open, kmsg=3 pmsg=4 rd=8)
[31766.992690][T12639] nx679j: journal mirror: 262143 bytes (file open, kmsg=3 pmsg=4 rd=8)
[31767.289024][  T378] (virq:irq_count)- 11:1069847 6:854665 1:204164 2:202116 35:96657 30:53665 301:12975 358:2619 28:2522 40:144 
[31767.289031][  T378] (cpu:irq_count)- 0:376716 1:1090 2:496 3:989 4:11349 5:7881 6:8771 7:2092248 
[31767.289035][  T378] (ipi:irq_count)- 0:204164 1:202116 2:0 3:0 4:0 5:854665 6:0 
[31769.028928][T12654] nx679j: journal mirror: 262143 bytes (file open, kmsg=3 pmsg=4 rd=8)
[31771.054948][T12669] nx679j: journal mirror: 262143 bytes (file open, kmsg=3 pmsg=4 rd=8)
[31773.075201][T12684] nx679j: journal mirror: 262143 bytes (file open, kmsg=3 pmsg=4 rd=8)
[31775.094005][T12685] nx679j: journal mirror: 262143 bytes (file open, kmsg=3 pmsg=4 rd=8)
[31776.761037][  T375] (virq:irq_count)- 11:1070193 6:854953 1:204262 2:202181 35:96695 30:53687 301:12975 358:2619 28:2522 40:144 
[31776.761044][  T375] (cpu:irq_count)- 0:376838 1:1090 2:496 3:989 4:11367 5:7888 6:8786 7:2092943 
[31776.761047][  T375] (ipi:irq_count)- 0:204262 1:202181 2:0 3:0 4:0 5:854953 6:0 
[31777.122903][T12700] nx679j: journal mirror: 262143 bytes (file open, kmsg=3 pmsg=4 rd=8)
[31779.157523][T12715] nx679j: journal mirror: 262143 bytes (file open, kmsg=3 pmsg=4 rd=8)
[31781.195992][T12716] nx679j: journal mirror: 262143 bytes (file open, kmsg=3 pmsg=4 rd=8)
[31783.235937][T12731] nx679j: journal mirror: 262143 bytes (file open, kmsg=3 pmsg=4 rd=8)
[31785.275879][T12746] nx679j: journal mirror: 262143 bytes (file open, kmsg=3 pmsg=4 rd=8)
[31786.233016][  T375] (virq:irq_count)- 11:1070672 6:855267 1:204451 2:202268 35:96755 30:53714 301:13152 358:2619 28:2522 40:144 
[31786.233024][  T375] (cpu:irq_count)- 0:377251 1:1094 2:496 3:989 4:11390 5:7900 6:8808 7:2093802 
[31786.233028][  T375] (ipi:irq_count)- 0:204451 1:202268 2:0 3:0 4:0 5:855267 6:0 
[31787.310859][T12756] nx679j: journal mirror: 262143 bytes (file open, kmsg=3 pmsg=4 rd=8)
[31789.348742][T12757] nx679j: journal mirror: 262143 bytes (file open, kmsg=3 pmsg=4 rd=8)
[31791.385814][T12760] nx679j: journal mirror: 262143 bytes (file open, kmsg=3 pmsg=4 rd=8)
[31793.425856][T12761] nx679j: journal mirror: 262143 bytes (file open, kmsg=3 pmsg=4 rd=8)
[31795.463592][T12762] nx679j: journal mirror: 262143 bytes (file open, kmsg=3 pmsg=4 rd=8)
[31795.704118][  T241] (virq:irq_count)- 11:1071155 6:855551 1:204623 2:202374 35:96811 30:53765 301:13563 358:2619 28:2522 40:144 
[31795.704124][  T241] (cpu:irq_count)- 0:377944 1:1106 2:496 3:989 4:11409 5:7917 6:8829 7:2094605 
[31795.704127][  T241] (ipi:irq_count)- 0:204623 1:202374 2:0 3:0 4:0 5:855551 6:0 
[31797.499975][T12763] nx679j: journal mirror: 262143 bytes (file open, kmsg=3 pmsg=4 rd=8)
[31799.539135][T12764] nx679j: journal mirror: 262143 bytes (file open, kmsg=3 pmsg=4 rd=8)
[31801.577477][T12765] nx679j: journal mirror: 262143 bytes (file open, kmsg=3 pmsg=4 rd=8)
[31803.616156][T12766] nx679j: journal mirror: 262143 bytes (file open, kmsg=3 pmsg=4 rd=8)
[31805.177090][  T378] (virq:irq_count)- 11:1071445 6:855793 1:204655 2:202427 35:96831 30:53777 301:13563 358:2619 28:2522 40:144 
[31805.177097][  T378] (cpu:irq_count)- 0:378029 1:1106 2:496 3:989 4:11409 5:7917 6:8829 7:2095169 
[31805.177102][  T378] (ipi:irq_count)- 0:204655 1:202427 2:0 3:0 4:0 5:855793 6:0 
[31805.654609][T12767] nx679j: journal mirror: 262143 bytes (file open, kmsg=3 pmsg=4 rd=8)
[31807.691875][T12768] nx679j: journal mirror: 262143 bytes (file open, kmsg=3 pmsg=4 rd=8)
[31809.731643][T12769] nx679j: journal mirror: 262143 bytes (file open, kmsg=3 pmsg=4 rd=8)
[31811.770035][T12770] nx679j: journal mirror: 262143 bytes (file open, kmsg=3 pmsg=4 rd=8)
[31813.809686][T12771] nx679j: journal mirror: 262143 bytes (file open, kmsg=3 pmsg=4 rd=8)
[31814.649085][  T375] (virq:irq_count)- 11:1071754 6:856038 1:204703 2:202482 35:96859 30:53792 301:13566 358:2619 28:2522 40:144 
[31814.649093][  T375] (cpu:irq_count)- 0:378133 1:1106 2:496 3:989 4:11409 5:7917 6:8829 7:2095768 
[31814.649098][  T375] (ipi:irq_count)- 0:204703 1:202482 2:0 3:0 4:0 5:856038 6:0 
[31815.850185][T12772] nx679j: journal mirror: 262143 bytes (file open, kmsg=3 pmsg=4 rd=8)
[31817.880144][T12807] nx679j: journal mirror: 262143 bytes (file open, kmsg=3 pmsg=4 rd=8)
[31819.903071][T12811] nx679j: journal mirror: 262143 bytes (file open, kmsg=3 pmsg=4 rd=8)
[31819.972156][   T62] sd 0:0:0:5: [sdf] Synchronizing SCSI cache
[31821.923617][T12827] nx679j: journal mirror: 262143 bytes (file open, kmsg=3 pmsg=4 rd=8)
[31823.960313][T12843] nx679j: journal mirror: 262143 bytes (file open, kmsg=3 pmsg=4 rd=8)
[31824.121110][  T375] (virq:irq_count)- 11:1072284 6:856409 1:205069 2:202573 35:96928 30:53830 301:13719 358:2625 28:2528 40:144 
[31824.121117][  T375] (cpu:irq_count)- 0:378566 1:1106 2:496 3:989 4:11433 5:7950 6:8887 7:2096850 
[31824.121121][  T375] (ipi:irq_count)- 0:205069 1:202573 2:0 3:0 4:0 5:856409 6:0 
[31825.998405][T12844] nx679j: journal mirror: 262143 bytes (file open, kmsg=3 pmsg=4 rd=8)
[31828.020085][T12860] nx679j: journal mirror: 262143 bytes (file open, kmsg=3 pmsg=4 rd=8)
[31830.042766][T12876] nx679j: journal mirror: 262143 bytes (file open, kmsg=3 pmsg=4 rd=8)
[31832.083781][T12877] nx679j: journal mirror: 262143 bytes (file open, kmsg=3 pmsg=4 rd=8)
[31833.593071][  T241] (virq:irq_count)- 11:1072657 6:856708 1:205200 2:202651 35:96986 30:53858 301:13723 358:2625 28:2528 40:144 
[31833.593078][  T241] (cpu:irq_count)- 0:378736 1:1106 2:496 3:989 4:11454 5:7960 6:8895 7:2097612 
[31833.593081][  T241] (ipi:irq_count)- 0:205200 1:202651 2:0 3:0 4:0 5:856708 6:0 
[31834.122396][T12893] nx679j: journal mirror: 262143 bytes (file open, kmsg=3 pmsg=4 rd=8)
[31836.162125][T12909] nx679j: journal mirror: 262143 bytes (file open, kmsg=3 pmsg=4 rd=8)
[31838.202212][T12910] nx679j: journal mirror: 262143 bytes (file open, kmsg=3 pmsg=4 rd=8)
[31840.238808][T12926] nx679j: journal mirror: 262143 bytes (file open, kmsg=3 pmsg=4 rd=8)
[31842.277840][T12942] nx679j: journal mirror: 262143 bytes (file open, kmsg=3 pmsg=4 rd=8)
[31843.065083][  T375] (virq:irq_count)- 11:1073024 6:856987 1:205324 2:202724 35:97042 30:53885 301:13728 358:2625 28:2528 40:144 
[31843.065089][  T375] (cpu:irq_count)- 0:378900 1:1106 2:496 3:989 4:11472 5:7966 6:8906 7:2098344 
[31843.065093][  T375] (ipi:irq_count)- 0:205324 1:202724 2:0 3:0 4:0 5:856987 6:0 
[31844.316701][T12943] nx679j: journal mirror: 262143 bytes (file open, kmsg=3 pmsg=4 rd=8)
[31846.352396][T12959] nx679j: journal mirror: 262143 bytes (file open, kmsg=3 pmsg=4 rd=8)
[31848.392523][T12975] nx679j: journal mirror: 262143 bytes (file open, kmsg=3 pmsg=4 rd=8)
[31850.429453][T12976] nx679j: journal mirror: 262143 bytes (file open, kmsg=3 pmsg=4 rd=8)
[31852.467732][T12992] nx679j: journal mirror: 262143 bytes (file open, kmsg=3 pmsg=4 rd=8)
[31852.536103][  T375] (virq:irq_count)- 11:1073388 6:857273 1:205440 2:202795 35:97094 30:53912 301:13729 358:2625 28:2528 40:144 
[31852.536110][  T375] (cpu:irq_count)- 0:379051 1:1106 2:496 3:989 4:11483 5:7972 6:8913 7:2099086 
[31852.536115][  T375] (ipi:irq_count)- 0:205440 1:202795 2:0 3:0 4:0 5:857273 6:0 
[31854.507971][T13008] nx679j: journal mirror: 262143 bytes (file open, kmsg=3 pmsg=4 rd=8)
[31856.546315][T13024] nx679j: journal mirror: 262143 bytes (file open, kmsg=3 pmsg=4 rd=8)
[31858.563880][T13025] nx679j: journal mirror: 262143 bytes (file open, kmsg=3 pmsg=4 rd=8)
[31860.593892][T13041] nx679j: journal mirror: 262143 bytes (file open, kmsg=3 pmsg=4 rd=8)
[31862.008125][  T375] (virq:irq_count)- 11:1073722 6:857556 1:205540 2:202856 35:97135 30:53934 301:13729 358:2625 28:2528 40:144 
[31862.008131][  T375] (cpu:irq_count)- 0:379172 1:1106 2:496 3:989 4:11496 5:7980 6:8929 7:2099769 
[31862.008134][  T375] (ipi:irq_count)- 0:205540 1:202856 2:0 3:0 4:0 5:857556 6:0 
[31862.631714][T13057] nx679j: journal mirror: 262143 bytes (file open, kmsg=3 pmsg=4 rd=8)
[31864.672557][T13058] nx679j: journal mirror: 262143 bytes (file open, kmsg=3 pmsg=4 rd=8)
[31866.709786][T13074] nx679j: journal mirror: 262143 bytes (file open, kmsg=3 pmsg=4 rd=8)
[31868.747339][T13090] nx679j: journal mirror: 262143 bytes (file open, kmsg=3 pmsg=4 rd=8)
[31870.787456][T13091] nx679j: journal mirror: 262143 bytes (file open, kmsg=3 pmsg=4 rd=8)
[31871.481024][  T375] (virq:irq_count)- 11:1074074 6:857830 1:205648 2:202924 35:97187 30:53961 301:13729 358:2625 28:2528 40:144 
[31871.481031][  T375] (cpu:irq_count)- 0:379316 1:1106 2:496 3:989 4:11506 5:7989 6:8935 7:2100481 
[31871.481033][  T375] (ipi:irq_count)- 0:205648 1:202924 2:0 3:0 4:0 5:857830 6:0 
[31872.824116][T13107] nx679j: journal mirror: 262143 bytes (file open, kmsg=3 pmsg=4 rd=8)
[31874.398627][T13169] remoteproc remoteproc0: powering up 3000000.remoteproc-adsp
[31874.400809][T13169] remoteproc remoteproc0: Booting fw image adsp.mdt, size 5324
[31874.489351][T13169] qcom_q6v5_pas 3000000.remoteproc-adsp: Bus scaling not setup for 3000000.remoteproc-adsp
[31874.610232][  T368] qcom_q6v5_pas 3000000.remoteproc-adsp: Bus scaling not setup for 3000000.remoteproc-adsp
[31874.610553][  T380] gpio-keys soc:gpio_keys: deferred probe timeout, ignoring dependency
[31874.610600][ T7316] qcom_smd_qrtr_probe:Entered
[31874.610802][ T7316] qcom_smd_qrtr_probe:SMD QRTR driver probed
[31874.611077][  T375] gpio-keys soc:gpio_keys: deferred probe timeout, ignoring dependency
[31874.613283][  T380] gpio-keys soc:gpio_keys: deferred probe timeout, ignoring dependency
[31874.629240][T13169] remoteproc remoteproc0: remote processor 3000000.remoteproc-adsp is now up
[31874.652072][  T380] PDR: Indication received from msm/adsp/charger_pd, state: 0x1fffffff, trans-id: 1
[31874.652090][  T145] PDR: Indication ack sent to msm/adsp/charger_pd, state: 0x1fffffff, trans-id: 1
[31874.814787][  T375] gpio-keys soc:gpio_keys: deferred probe timeout, ignoring dependency
[31874.815796][  T380] gpio-keys soc:gpio_keys: deferred probe timeout, ignoring dependency
[31874.816396][  T380] gpio-keys soc:gpio_keys: deferred probe timeout, ignoring dependency
[31874.837450][   T62] [drm:dp_altmode_notify][msm-dp-info][62  ]: connected = 0, orientation = 2, pin = 0, hpd_state = 0, usb_host_state = 0
[31874.862290][T13123] nx679j: journal mirror: 262143 bytes (file open, kmsg=3 pmsg=4 rd=8)
[31874.954905][  T380] PMIC_GLINK: pmic_glink_rx_callback: No client present for 32778
[31874.954909][  T380] PMIC_GLINK: pmic_glink_rx_callback: No client present for 32778
[31874.954910][  T380] PMIC_GLINK: pmic_glink_rx_callback: No client present for 32778
[31875.690471][  T375] PMIC_GLINK: pmic_glink_rx_callback: No client present for 32778
[31875.728978][  T375] [ZtemtUSB] [handle_ucsi_notify: 232] receiver the data form adsp cc_orientation = 02.
[31875.729971][  T375] [ZtemtUSB] [handle_ucsi_notify: 232] receiver the data form adsp cc_orientation = 02.
[31875.730484][  T375] [ZtemtUSB] [handle_ucsi_notify: 232] receiver the data form adsp cc_orientation = 02.
[31875.730968][  T375] [ZtemtUSB] [handle_ucsi_notify: 232] receiver the data form adsp cc_orientation = 02.
[31875.731238][  T375] [ZtemtUSB] [handle_ucsi_notify: 232] receiver the data form adsp cc_orientation = 02.
[31875.731752][  T375] [ZtemtUSB] [handle_ucsi_notify: 232] receiver the data form adsp cc_orientation = 02.
[31875.732462][  T375] [ZtemtUSB] [handle_ucsi_notify: 232] receiver the data form adsp cc_orientation = 02.
[31875.732969][  T375] [ZtemtUSB] [handle_ucsi_notify: 232] receiver the data form adsp cc_orientation = 02.
[31875.733291][  T375] [ZtemtUSB] [handle_ucsi_notify: 232] receiver the data form adsp cc_orientation = 02.
[31875.733779][  T375] [ZtemtUSB] [handle_ucsi_notify: 232] receiver the data form adsp cc_orientation = 02.
[31875.734008][  T375] [ZtemtUSB] [handle_ucsi_notify: 232] receiver the data form adsp cc_orientation = 02.
[31875.734367][  T375] [ZtemtUSB] [handle_ucsi_notify: 232] receiver the data form adsp cc_orientation = 02.
[31875.744746][  T375] [ZtemtUSB] [handle_ucsi_notify: 232] receiver the data form adsp cc_orientation = 02.
[31875.745273][  T375] [ZtemtUSB] [handle_ucsi_notify: 232] receiver the data form adsp cc_orientation = 02.
[31875.747058][  T375] [ZtemtUSB] [handle_ucsi_notify: 232] receiver the data form adsp cc_orientation = 02.
[31875.747579][  T375] [ZtemtUSB] [handle_ucsi_notify: 232] receiver the data form adsp cc_orientation = 02.
[31875.748985][  T375] [ZtemtUSB] [handle_ucsi_notify: 232] receiver the data form adsp cc_orientation = 02.
[31875.749506][  T375] [ZtemtUSB] [handle_ucsi_notify: 232] receiver the data form adsp cc_orientation = 02.
[31875.750024][  T375] [ZtemtUSB] [handle_ucsi_notify: 232] receiver the data form adsp cc_orientation = 02.
[31875.751548][  T375] [ZtemtUSB] [handle_ucsi_notify: 232] receiver the data form adsp cc_orientation = 02.
[31875.752065][  T375] [ZtemtUSB] [handle_ucsi_notify: 232] receiver the data form adsp cc_orientation = 02.
[31875.753623][  T241] [ZtemtUSB] [handle_ucsi_notify: 232] receiver the data form adsp cc_orientation = 02.
[31876.343172][  T375] PMIC_GLINK: pmic_glink_rx_callback: No client present for 32778
[31876.424200][  T241] PMIC_GLINK: pmic_glink_rx_callback: No client present for 32778
[31876.437651][  T375] PMIC_GLINK: pmic_glink_rx_callback: No client present for 32778
[31876.451165][  T375] PMIC_GLINK: pmic_glink_rx_callback: No client present for 32778
[31876.891249][T13178] nx679j: journal mirror: 262143 bytes (file open, kmsg=3 pmsg=4 rd=8)
[31877.238981][  T375] PMIC_GLINK: pmic_glink_rx_callback: No client present for 32778
[31877.318520][  T375] PMIC_GLINK: pmic_glink_rx_callback: No client present for 32778
[31877.332033][  T375] PMIC_GLINK: pmic_glink_rx_callback: No client present for 32778
[31877.347083][  T375] PMIC_GLINK: pmic_glink_rx_callback: No client present for 32778
[31877.492881][  T375] [ZtemtUSB] [handle_ucsi_notify: 232] receiver the data form adsp cc_orientation = 02.
[31877.493407][  T375] [ZtemtUSB] [handle_ucsi_notify: 232] receiver the data form adsp cc_orientation = 02.
[31877.493423][  T375] PMIC_GLINK: pmic_glink_rx_callback: No client present for 32778
[31877.494958][  T375] [ZtemtUSB] [handle_ucsi_notify: 232] receiver the data form adsp cc_orientation = 02.
[31877.495482][  T375] [ZtemtUSB] [handle_ucsi_notify: 232] receiver the data form adsp cc_orientation = 02.
[31877.496876][  T375] [ZtemtUSB] [handle_ucsi_notify: 232] receiver the data form adsp cc_orientation = 02.
[31877.497741][  T375] [ZtemtUSB] [handle_ucsi_notify: 232] receiver the data form adsp cc_orientation = 02.
[31877.498610][  T375] [ZtemtUSB] [handle_ucsi_notify: 232] receiver the data form adsp cc_orientation = 02.
[31877.500401][  T375] [ZtemtUSB] [handle_ucsi_notify: 232] receiver the data form adsp cc_orientation = 02.
[31877.500918][  T375] [ZtemtUSB] [handle_ucsi_notify: 232] receiver the data form adsp cc_orientation = 02.
[31877.502450][  T375] [ZtemtUSB] [handle_ucsi_notify: 232] receiver the data form adsp cc_orientation = 02.
[31878.013690][   T62] sd 0:0:0:4: [sde] Synchronizing SCSI cache
[31878.907217][T13222] nx679j: journal mirror: 262143 bytes (file open, kmsg=3 pmsg=4 rd=8)
[31880.927178][T13240] nx679j: journal mirror: 262143 bytes (file open, kmsg=3 pmsg=4 rd=8)
[31880.952096][  T375] (virq:irq_count)- 11:1074656 6:858230 1:206261 2:203077 35:97298 30:54094 301:13762 28:2756 358:2631 361:232 
[31880.952101][  T375] (cpu:irq_count)- 0:380340 1:1109 2:497 3:990 4:11551 5:8046 6:8961 7:2101825 
[31880.952104][  T375] (ipi:irq_count)- 0:206261 1:203077 2:0 3:0 4:0 5:858230 6:0 
[31882.965225][T13241] nx679j: journal mirror: 262143 bytes (file open, kmsg=3 pmsg=4 rd=8)
[31885.000522][T13257] nx679j: journal mirror: 262143 bytes (file open, kmsg=3 pmsg=4 rd=8)
[31887.035069][T13273] nx679j: journal mirror: 262143 bytes (file open, kmsg=3 pmsg=4 rd=8)
[31889.075208][T13274] nx679j: journal mirror: 262143 bytes (file open, kmsg=3 pmsg=4 rd=8)
[31890.425058][  T241] (virq:irq_count)- 11:1075008 6:858521 1:206379 2:203147 35:97349 30:54121 301:13765 28:2756 358:2631 361:232 
[31890.425065][  T241] (cpu:irq_count)- 0:380489 1:1109 2:497 3:990 4:11578 5:8051 6:8968 7:2102549 
[31890.425069][  T241] (ipi:irq_count)- 0:206379 1:203147 2:0 3:0 4:0 5:858521 6:0 
[31891.113764][T13290] nx679j: journal mirror: 262143 bytes (file open, kmsg=3 pmsg=4 rd=8)
[31893.149458][T13326] nx679j: journal mirror: 262143 bytes (file open, kmsg=3 pmsg=4 rd=8)
[31895.188194][T13327] nx679j: journal mirror: 262143 bytes (file open, kmsg=3 pmsg=4 rd=8)
[31897.225279][T13343] nx679j: journal mirror: 262143 bytes (file open, kmsg=3 pmsg=4 rd=8)
[31899.263157][T13359] nx679j: journal mirror: 262143 bytes (file open, kmsg=3 pmsg=4 rd=8)
[31899.897056][  T241] (virq:irq_count)- 11:1075401 6:858825 1:206544 2:203220 35:97413 30:54156 301:13768 28:2758 358:2633 361:232 
[31899.897063][  T241] (cpu:irq_count)- 0:380666 1:1109 2:497 3:990 4:11617 5:8066 6:8978 7:2103349 
[31899.897068][  T241] (ipi:irq_count)- 0:206544 1:203220 2:0 3:0 4:0 5:858825 6:0 
[31901.300776][T13360] nx679j: journal mirror: 262143 bytes (file open, kmsg=3 pmsg=4 rd=8)
[31903.339250][T13376] nx679j: journal mirror: 262143 bytes (file open, kmsg=3 pmsg=4 rd=8)
[31905.375399][T13392] nx679j: journal mirror: 262143 bytes (file open, kmsg=3 pmsg=4 rd=8)
[31907.411924][T13393] nx679j: journal mirror: 262143 bytes (file open, kmsg=3 pmsg=4 rd=8)
[31909.368142][  T378] (virq:irq_count)- 11:1075774 6:859121 1:206688 2:203286 35:97469 30:54183 301:13771 28:2760 358:2635 361:232 
[31909.368150][  T378] (cpu:irq_count)- 0:380821 1:1109 2:497 3:990 4:11643 5:8076 6:9003 7:2104102 
[31909.368154][  T378] (ipi:irq_count)- 0:206688 1:203286 2:0 3:0 4:0 5:859121 6:0 
[31909.431944][T13429] nx679j: journal mirror: 262143 bytes (file open, kmsg=3 pmsg=4 rd=8)
[31911.465951][T13445] nx679j: journal mirror: 262143 bytes (file open, kmsg=3 pmsg=4 rd=8)
[31913.503635][T13446] nx679j: journal mirror: 262143 bytes (file open, kmsg=3 pmsg=4 rd=8)
[31915.542365][T13462] nx679j: journal mirror: 262143 bytes (file open, kmsg=3 pmsg=4 rd=8)
[31917.582387][T13478] nx679j: journal mirror: 262143 bytes (file open, kmsg=3 pmsg=4 rd=8)
[31918.841067][  T241] (virq:irq_count)- 11:1076135 6:859400 1:206803 2:203359 35:97521 30:54213 301:13771 28:2760 358:2635 361:232 
[31918.841073][  T241] (cpu:irq_count)- 0:380973 1:1109 2:497 3:990 4:11671 5:8079 6:9009 7:2104823 
[31918.841076][  T241] (ipi:irq_count)- 0:206803 1:203359 2:0 3:0 4:0 5:859400 6:0 
[31919.622403][T13479] nx679j: journal mirror: 262143 bytes (file open, kmsg=3 pmsg=4 rd=8)
[31921.658643][T13495] nx679j: journal mirror: 262143 bytes (file open, kmsg=3 pmsg=4 rd=8)
[31923.693767][T13531] nx679j: journal mirror: 262143 bytes (file open, kmsg=3 pmsg=4 rd=8)
[31925.733640][T13532] nx679j: journal mirror: 262143 bytes (file open, kmsg=3 pmsg=4 rd=8)
[31927.771251][T13548] nx679j: journal mirror: 262143 bytes (file open, kmsg=3 pmsg=4 rd=8)
[31928.313068][  T378] (virq:irq_count)- 11:1076504 6:859681 1:206937 2:203420 35:97580 30:54243 301:13774 28:2762 358:2637 361:232 
[31928.313077][  T378] (cpu:irq_count)- 0:381132 1:1109 2:497 3:990 4:11688 5:8090 6:9015 7:2105571 
[31928.313080][  T378] (ipi:irq_count)- 0:206937 1:203420 2:0 3:0 4:0 5:859681 6:0 
[31929.808474][T13564] nx679j: journal mirror: 262143 bytes (file open, kmsg=3 pmsg=4 rd=8)
[31931.847529][T13565] nx679j: journal mirror: 262143 bytes (file open, kmsg=3 pmsg=4 rd=8)
[31933.883898][T13581] nx679j: journal mirror: 262143 bytes (file open, kmsg=3 pmsg=4 rd=8)
[31935.921542][T13597] nx679j: journal mirror: 262143 bytes (file open, kmsg=3 pmsg=4 rd=8)
[31937.784560][  T375] (virq:irq_count)- 11:1076858 6:859974 1:207077 2:203485 35:97632 30:54270 301:13774 28:2764 358:2639 361:232 
[31937.784566][  T375] (cpu:irq_count)- 0:381273 1:1109 2:497 3:990 4:11715 5:8107 6:9029 7:2106307 
[31937.784569][  T375] (ipi:irq_count)- 0:207077 1:203485 2:0 3:0 4:0 5:859974 6:0 
[31937.942171][T13632] nx679j: journal mirror: 262143 bytes (file open, kmsg=3 pmsg=4 rd=8)
[31939.961475][T13634] nx679j: journal mirror: 262143 bytes (file open, kmsg=3 pmsg=4 rd=8)
[31941.998660][T13650] nx679j: journal mirror: 262143 bytes (file open, kmsg=3 pmsg=4 rd=8)
[31944.036453][T13666] nx679j: journal mirror: 262143 bytes (file open, kmsg=3 pmsg=4 rd=8)
[31946.056796][T13667] nx679j: journal mirror: 262143 bytes (file open, kmsg=3 pmsg=4 rd=8)
[31947.257037][  T380] (virq:irq_count)- 11:1077253 6:860272 1:207234 2:203552 35:97693 30:54300 301:13810 28:2764 358:2639 361:232 
[31947.257043][  T380] (cpu:irq_count)- 0:381476 1:1109 2:497 3:990 4:11752 5:8123 6:9036 7:2107088 
[31947.257046][  T380] (ipi:irq_count)- 0:207234 1:203552 2:0 3:0 4:0 5:860272 6:0 
[31948.088972][T13689] nx679j: journal mirror: 262143 bytes (file open, kmsg=3 pmsg=4 rd=8)
[31950.124949][T13705] nx679j: journal mirror: 262143 bytes (file open, kmsg=3 pmsg=4 rd=8)
[31952.146687][T13706] nx679j: journal mirror: 262143 bytes (file open, kmsg=3 pmsg=4 rd=8)
[31954.175714][T13742] nx679j: journal mirror: 262143 bytes (file open, kmsg=3 pmsg=4 rd=8)
[31956.212100][T13758] nx679j: journal mirror: 262143 bytes (file open, kmsg=3 pmsg=4 rd=8)
[31956.728558][  T380] (virq:irq_count)- 11:1077630 6:860586 1:207372 2:203624 35:97748 30:54330 301:13817 28:2766 358:2641 361:232 
[31956.728565][  T380] (cpu:irq_count)- 0:381644 1:1109 2:497 3:990 4:11791 5:8136 6:9043 7:2107858 
[31956.728568][  T380] (ipi:irq_count)- 0:207372 1:203624 2:0 3:0 4:0 5:860586 6:0 
[31958.231141][T13759] nx679j: journal mirror: 262143 bytes (file open, kmsg=3 pmsg=4 rd=8)
[31960.253532][T13775] nx679j: journal mirror: 262143 bytes (file open, kmsg=3 pmsg=4 rd=8)
[31962.290079][T13791] nx679j: journal mirror: 262143 bytes (file open, kmsg=3 pmsg=4 rd=8)
[31964.309958][T13792] nx679j: journal mirror: 262143 bytes (file open, kmsg=3 pmsg=4 rd=8)
[31966.200561][  T378] (virq:irq_count)- 11:1078015 6:860904 1:207533 2:203705 35:97805 30:54362 301:13823 28:2768 358:2643 361:232 
[31966.200569][  T378] (cpu:irq_count)- 0:381827 1:1109 2:497 3:990 4:11835 5:8153 6:9052 7:2108649 
[31966.200572][  T378] (ipi:irq_count)- 0:207533 1:203705 2:0 3:0 4:0 5:860904 6:0 
[31966.339771][T13808] nx679j: journal mirror: 262143 bytes (file open, kmsg=3 pmsg=4 rd=8)
[31968.376416][T13844] nx679j: journal mirror: 262143 bytes (file open, kmsg=3 pmsg=4 rd=8)
[31970.416420][T13845] nx679j: journal mirror: 262143 bytes (file open, kmsg=3 pmsg=4 rd=8)
[31972.453724][T13861] nx679j: journal mirror: 262143 bytes (file open, kmsg=3 pmsg=4 rd=8)
[31974.489472][T13877] nx679j: journal mirror: 262143 bytes (file open, kmsg=3 pmsg=4 rd=8)
[31975.672554][  T378] (virq:irq_count)- 11:1078378 6:861194 1:207649 2:203772 35:97860 30:54392 301:13823 28:2768 358:2643 361:232 
[31975.672563][  T378] (cpu:irq_count)- 0:381972 1:1109 2:497 3:990 4:11871 5:8158 6:9056 7:2109380 
[31975.672568][  T378] (ipi:irq_count)- 0:207649 1:203772 2:0 3:0 4:0 5:861194 6:0 
[31976.513414][T13878] nx679j: journal mirror: 262143 bytes (file open, kmsg=3 pmsg=4 rd=8)
[31978.547083][T13894] nx679j: journal mirror: 262143 bytes (file open, kmsg=3 pmsg=4 rd=8)
[31980.585820][T13910] nx679j: journal mirror: 262143 bytes (file open, kmsg=3 pmsg=4 rd=8)
[31982.621781][T13931] nx679j: journal mirror: 262143 bytes (file open, kmsg=3 pmsg=4 rd=8)
[31984.653106][T13947] nx679j: journal mirror: 262143 bytes (file open, kmsg=3 pmsg=4 rd=8)
[31985.145081][  T380] (virq:irq_count)- 11:1078747 6:861502 1:207799 2:203839 35:97918 30:54422 301:13823 28:2770 358:2645 361:232 
[31985.145087][  T380] (cpu:irq_count)- 0:382128 1:1109 2:497 3:990 4:11906 5:8171 6:9066 7:2110152 
[31985.145090][  T380] (ipi:irq_count)- 0:207799 1:203839 2:0 3:0 4:0 5:861502 6:0 
[31986.690483][T13963] nx679j: journal mirror: 262143 bytes (file open, kmsg=3 pmsg=4 rd=8)
[31988.727584][T13964] nx679j: journal mirror: 262143 bytes (file open, kmsg=3 pmsg=4 rd=8)
[31990.758264][T13980] nx679j: journal mirror: 262143 bytes (file open, kmsg=3 pmsg=4 rd=8)
[31992.791958][T13996] nx679j: journal mirror: 262143 bytes (file open, kmsg=3 pmsg=4 rd=8)
[31994.617085][  T378] (virq:irq_count)- 11:1079096 6:861788 1:207919 2:203902 35:97966 30:54449 301:13823 28:2770 358:2645 361:232 
[31994.617092][  T378] (cpu:irq_count)- 0:382262 1:1109 2:497 3:990 4:11941 5:8180 6:9073 7:2110860 
[31994.617095][  T378] (ipi:irq_count)- 0:207919 1:203902 2:0 3:0 4:0 5:861788 6:0 
[31994.818630][T13997] nx679j: journal mirror: 262143 bytes (file open, kmsg=3 pmsg=4 rd=8)
[31996.857092][T14013] nx679j: journal mirror: 262143 bytes (file open, kmsg=3 pmsg=4 rd=8)
[31998.893523][T14049] nx679j: journal mirror: 262143 bytes (file open, kmsg=3 pmsg=4 rd=8)
[32000.933189][T14050] nx679j: journal mirror: 262143 bytes (file open, kmsg=3 pmsg=4 rd=8)
[32002.965050][T14066] nx679j: journal mirror: 262143 bytes (file open, kmsg=3 pmsg=4 rd=8)
[32004.088496][  T375] (virq:irq_count)- 11:1079477 6:862096 1:208072 2:203977 35:98025 30:54479 301:13825 28:2772 358:2647 361:232 
[32004.088504][  T375] (cpu:irq_count)- 0:382430 1:1109 2:497 3:990 4:11973 5:8198 6:9082 7:2111645 
[32004.088509][  T375] (ipi:irq_count)- 0:208072 1:203977 2:0 3:0 4:0 5:862096 6:0 
[32004.993533][T14082] nx679j: journal mirror: 262143 bytes (file open, kmsg=3 pmsg=4 rd=8)
[32007.019510][T14083] nx679j: journal mirror: 262143 bytes (file open, kmsg=3 pmsg=4 rd=8)
[32009.051411][T14099] nx679j: journal mirror: 262143 bytes (file open, kmsg=3 pmsg=4 rd=8)
[32011.082025][T14115] nx679j: journal mirror: 262143 bytes (file open, kmsg=3 pmsg=4 rd=8)
[32013.113763][T14136] nx679j: journal mirror: 262143 bytes (file open, kmsg=3 pmsg=4 rd=8)
[32013.560141][  T375] (virq:irq_count)- 11:1079857 6:862398 1:208218 2:204048 35:98083 30:54509 301:13828 28:2774 358:2649 361:232 
[32013.560150][  T375] (cpu:irq_count)- 0:382598 1:1109 2:497 3:990 4:12009 5:8209 6:9092 7:2112414 
[32013.560155][  T375] (ipi:irq_count)- 0:208218 1:204048 2:0 3:0 4:0 5:862398 6:0 
[32015.152306][T14152] nx679j: journal mirror: 262143 bytes (file open, kmsg=3 pmsg=4 rd=8)
[32017.188385][T14168] nx679j: journal mirror: 262143 bytes (file open, kmsg=3 pmsg=4 rd=8)
[32019.228112][T14169] nx679j: journal mirror: 262143 bytes (file open, kmsg=3 pmsg=4 rd=8)
[32021.267173][T14185] nx679j: journal mirror: 262143 bytes (file open, kmsg=3 pmsg=4 rd=8)
[32023.033088][  T378] (virq:irq_count)- 11:1080206 6:862681 1:208336 2:204115 35:98133 30:54536 301:13833 28:2774 358:2649 361:232 
[32023.033095][  T378] (cpu:irq_count)- 0:382751 1:1109 2:497 3:990 4:12036 5:8213 6:9103 7:2113118 
[32023.033098][  T378] (ipi:irq_count)- 0:208336 1:204115 2:0 3:0 4:0 5:862681 6:0 
[32023.305541][T14201] nx679j: journal mirror: 262143 bytes (file open, kmsg=3 pmsg=4 rd=8)
[32025.342710][T14202] nx679j: journal mirror: 262143 bytes (file open, kmsg=3 pmsg=4 rd=8)
[32027.379391][T14218] nx679j: journal mirror: 262143 bytes (file open, kmsg=3 pmsg=4 rd=8)
[32029.417500][T14254] nx679j: journal mirror: 262143 bytes (file open, kmsg=3 pmsg=4 rd=8)
[32031.457238][T14270] nx679j: journal mirror: 262143 bytes (file open, kmsg=3 pmsg=4 rd=8)
[32032.504541][  T375] (virq:irq_count)- 11:1080584 6:862981 1:208496 2:204194 35:98193 30:54571 301:13835 28:2776 358:2651 361:232 
[32032.504548][  T375] (cpu:irq_count)- 0:382926 1:1109 2:497 3:990 4:12056 5:8229 6:9125 7:2113903 
[32032.504553][  T375] (ipi:irq_count)- 0:208496 1:204194 2:0 3:0 4:0 5:862981 6:0 
[32033.497014][T14271] nx679j: journal mirror: 262143 bytes (file open, kmsg=3 pmsg=4 rd=8)
[32035.534687][T14287] nx679j: journal mirror: 262143 bytes (file open, kmsg=3 pmsg=4 rd=8)
[32037.573607][T14303] nx679j: journal mirror: 262143 bytes (file open, kmsg=3 pmsg=4 rd=8)
[32039.610000][T14304] nx679j: journal mirror: 262143 bytes (file open, kmsg=3 pmsg=4 rd=8)
[32041.648297][T14320] nx679j: journal mirror: 262143 bytes (file open, kmsg=3 pmsg=4 rd=8)
[32041.976604][  T378] (virq:irq_count)- 11:1080964 6:863272 1:208646 2:204255 35:98256 30:54601 301:13835 28:2778 358:2653 361:232 
[32041.976610][  T378] (cpu:irq_count)- 0:383078 1:1109 2:497 3:990 4:12090 5:8236 6:9132 7:2114682 
[32041.976613][  T378] (ipi:irq_count)- 0:208646 1:204255 2:0 3:0 4:0 5:863272 6:0 
[32043.685983][T14356] nx679j: journal mirror: 262143 bytes (file open, kmsg=3 pmsg=4 rd=8)
[32045.719963][T14357] nx679j: journal mirror: 262143 bytes (file open, kmsg=3 pmsg=4 rd=8)
[32047.755528][T14373] nx679j: journal mirror: 262143 bytes (file open, kmsg=3 pmsg=4 rd=8)
[32049.793259][T14389] nx679j: journal mirror: 262143 bytes (file open, kmsg=3 pmsg=4 rd=8)
[32051.449039][  T380] (virq:irq_count)- 11:1081310 6:863548 1:208758 2:204322 35:98303 30:54628 301:13838 28:2778 358:2653 361:232 
[32051.449046][  T380] (cpu:irq_count)- 0:383220 1:1109 2:497 3:990 4:12113 5:8244 6:9141 7:2115378 
[32051.449049][  T380] (ipi:irq_count)- 0:208758 1:204322 2:0 3:0 4:0 5:863548 6:0 
[32051.830616][T14390] nx679j: journal mirror: 262143 bytes (file open, kmsg=3 pmsg=4 rd=8)
[32053.868738][T14406] nx679j: journal mirror: 262143 bytes (file open, kmsg=3 pmsg=4 rd=8)
[32055.908786][T14422] nx679j: journal mirror: 262143 bytes (file open, kmsg=3 pmsg=4 rd=8)
[32057.881585][  T378] PMIC_GLINK: pmic_glink_rx_callback: No client present for 32778
[32057.881589][  T378] PMIC_GLINK: pmic_glink_rx_callback: No client present for 32778
[32057.945565][T14443] nx679j: journal mirror: 262143 bytes (file open, kmsg=3 pmsg=4 rd=8)
[32059.983511][T14459] nx679j: journal mirror: 262143 bytes (file open, kmsg=3 pmsg=4 rd=8)
[32060.920499][  T378] (virq:irq_count)- 11:1081682 6:863838 1:208895 2:204388 35:98359 30:54658 301:13839 28:2781 358:2655 361:233 
[32060.920505][  T378] (cpu:irq_count)- 0:383374 1:1109 2:497 3:990 4:12147 5:8250 6:9150 7:2116133 
[32060.920509][  T378] (ipi:irq_count)- 0:208895 1:204388 2:0 3:0 4:0 5:863838 6:0 
[32062.022914][T14475] nx679j: journal mirror: 262143 bytes (file open, kmsg=3 pmsg=4 rd=8)
[32064.053330][T14476] nx679j: journal mirror: 262143 bytes (file open, kmsg=3 pmsg=4 rd=8)
[32066.077177][T14492] nx679j: journal mirror: 262143 bytes (file open, kmsg=3 pmsg=4 rd=8)
[32068.109913][T14508] nx679j: journal mirror: 262143 bytes (file open, kmsg=3 pmsg=4 rd=8)
[32070.150846][T14509] nx679j: journal mirror: 262143 bytes (file open, kmsg=3 pmsg=4 rd=8)
[32070.392129][  T375] (virq:irq_count)- 11:1082043 6:864126 1:209023 2:204446 35:98416 30:54688 301:13847 28:2781 358:2655 361:233 
[32070.392135][  T375] (cpu:irq_count)- 0:383530 1:1110 2:497 3:990 4:12178 5:8254 6:9153 7:2116868 
[32070.392138][  T375] (ipi:irq_count)- 0:209023 1:204446 2:0 3:0 4:0 5:864126 6:0 
[32072.188830][T14525] nx679j: journal mirror: 262143 bytes (file open, kmsg=3 pmsg=4 rd=8)
[32074.223612][T14561] nx679j: journal mirror: 262143 bytes (file open, kmsg=3 pmsg=4 rd=8)
[32076.264171][T14562] nx679j: journal mirror: 262143 bytes (file open, kmsg=3 pmsg=4 rd=8)
[32078.304189][T14578] nx679j: journal mirror: 262143 bytes (file open, kmsg=3 pmsg=4 rd=8)
[32079.864134][  T375] (virq:irq_count)- 11:1082414 6:864420 1:209165 2:204519 35:98469 30:54715 301:13850 28:2783 358:2657 361:233 
[32079.864141][  T375] (cpu:irq_count)- 0:383690 1:1110 2:497 3:990 4:12209 5:8274 6:9162 7:2117615 
[32079.864144][  T375] (ipi:irq_count)- 0:209165 1:204519 2:0 3:0 4:0 5:864420 6:0 
[32080.336421][T14594] nx679j: journal mirror: 262143 bytes (file open, kmsg=3 pmsg=4 rd=8)
[32082.375873][T14595] nx679j: journal mirror: 262143 bytes (file open, kmsg=3 pmsg=4 rd=8)
[32084.399108][T14611] nx679j: journal mirror: 262143 bytes (file open, kmsg=3 pmsg=4 rd=8)
[32086.433760][T14627] nx679j: journal mirror: 262143 bytes (file open, kmsg=3 pmsg=4 rd=8)
[32088.472086][T14648] nx679j: journal mirror: 262143 bytes (file open, kmsg=3 pmsg=4 rd=8)
[32089.337084][  T380] (virq:irq_count)- 11:1082789 6:864723 1:209309 2:204588 35:98525 30:54745 301:13853 28:2785 358:2659 361:233 
[32089.337090][  T380] (cpu:irq_count)- 0:383850 1:1110 2:497 3:990 4:12245 5:8284 6:9169 7:2118386 
[32089.337093][  T380] (ipi:irq_count)- 0:209309 1:204588 2:0 3:0 4:0 5:864723 6:0 
[32090.494600][T14664] nx679j: journal mirror: 262143 bytes (file open, kmsg=3 pmsg=4 rd=8)
[32092.533213][T14680] nx679j: journal mirror: 262143 bytes (file open, kmsg=3 pmsg=4 rd=8)
[32094.571907][T14681] nx679j: journal mirror: 262143 bytes (file open, kmsg=3 pmsg=4 rd=8)
[32096.609448][T14697] nx679j: journal mirror: 262143 bytes (file open, kmsg=3 pmsg=4 rd=8)
[32098.643699][T14713] nx679j: journal mirror: 262143 bytes (file open, kmsg=3 pmsg=4 rd=8)
[32098.808123][  T375] (virq:irq_count)- 11:1083162 6:865013 1:209435 2:204668 35:98577 30:54779 301:13853 28:2785 358:2659 361:233 
[32098.808130][  T375] (cpu:irq_count)- 0:384006 1:1110 2:497 3:990 4:12284 5:8289 6:9175 7:2119135 
[32098.808133][  T375] (ipi:irq_count)- 0:209435 1:204668 2:0 3:0 4:0 5:865013 6:0 
[32100.684169][T14714] nx679j: journal mirror: 262143 bytes (file open, kmsg=3 pmsg=4 rd=8)
[32102.708391][T14730] nx679j: journal mirror: 262143 bytes (file open, kmsg=3 pmsg=4 rd=8)
[32104.743442][T14770] nx679j: journal mirror: 262143 bytes (file open, kmsg=3 pmsg=4 rd=8)
[32106.781114][T14771] nx679j: journal mirror: 262143 bytes (file open, kmsg=3 pmsg=4 rd=8)
[32108.281076][  T378] (virq:irq_count)- 11:1083578 6:865315 1:209605 2:204738 35:98640 30:54807 301:13912 28:2787 358:2661 361:233 
[32108.281083][  T378] (cpu:irq_count)- 0:384245 1:1112 2:497 3:990 4:12325 5:8298 6:9185 7:2119946 
[32108.281086][  T378] (ipi:irq_count)- 0:209605 1:204738 2:0 3:0 4:0 5:865315 6:0 
[32108.819434][T14787] nx679j: journal mirror: 262143 bytes (file open, kmsg=3 pmsg=4 rd=8)
[32110.857968][T14803] nx679j: journal mirror: 262143 bytes (file open, kmsg=3 pmsg=4 rd=8)
[32112.894957][T14819] nx679j: journal mirror: 262143 bytes (file open, kmsg=3 pmsg=4 rd=8)
[32114.914260][T14820] nx679j: journal mirror: 262143 bytes (file open, kmsg=3 pmsg=4 rd=8)
[32116.940337][T14836] nx679j: journal mirror: 262143 bytes (file open, kmsg=3 pmsg=4 rd=8)
[32117.752523][  T375] (virq:irq_count)- 11:1083957 6:865624 1:209747 2:204806 35:98693 30:54835 301:13912 28:2789 358:2663 361:233 
[32117.752529][  T375] (cpu:irq_count)- 0:384393 1:1112 2:497 3:990 4:12374 5:8305 6:9207 7:2120703 
[32117.752533][  T375] (ipi:irq_count)- 0:209747 1:204806 2:0 3:0 4:0 5:865624 6:0 
[32118.976866][T14872] nx679j: journal mirror: 262143 bytes (file open, kmsg=3 pmsg=4 rd=8)
[32121.008482][T14873] nx679j: journal mirror: 262143 bytes (file open, kmsg=3 pmsg=4 rd=8)
[32123.042377][T14889] nx679j: journal mirror: 262143 bytes (file open, kmsg=3 pmsg=4 rd=8)
[32125.077940][T14905] nx679j: journal mirror: 262143 bytes (file open, kmsg=3 pmsg=4 rd=8)
[32127.094959][T14906] nx679j: journal mirror: 262143 bytes (file open, kmsg=3 pmsg=4 rd=8)
[32127.224145][  T378] (virq:irq_count)- 11:1084327 6:865911 1:209872 2:204874 35:98746 30:54865 301:13915 28:2789 358:2663 361:233 
[32127.224153][  T378] (cpu:irq_count)- 0:384546 1:1112 2:497 3:990 4:12407 5:8314 6:9218 7:2121433 
[32127.224157][  T378] (ipi:irq_count)- 0:209872 1:204874 2:0 3:0 4:0 5:865911 6:0 
[32129.122258][T14922] nx679j: journal mirror: 262143 bytes (file open, kmsg=3 pmsg=4 rd=8)
[32131.157705][T14938] nx679j: journal mirror: 262143 bytes (file open, kmsg=3 pmsg=4 rd=8)
[32133.186679][T14959] nx679j: journal mirror: 262143 bytes (file open, kmsg=3 pmsg=4 rd=8)
[32135.223628][T14975] nx679j: journal mirror: 262143 bytes (file open, kmsg=3 pmsg=4 rd=8)
[32136.697039][  T378] (virq:irq_count)- 11:1084692 6:866208 1:210005 2:204941 35:98797 30:54892 301:13915 28:2791 358:2665 361:233 
[32136.697046][  T378] (cpu:irq_count)- 0:384690 1:1112 2:497 3:990 4:12446 5:8324 6:9228 7:2122174 
[32136.697049][  T378] (ipi:irq_count)- 0:210005 1:204941 2:0 3:0 4:0 5:866208 6:0 
[32137.259493][T14991] nx679j: journal mirror: 262143 bytes (file open, kmsg=3 pmsg=4 rd=8)
[32139.290088][T14992] nx679j: journal mirror: 262143 bytes (file open, kmsg=3 pmsg=4 rd=8)
[32141.328033][T15008] nx679j: journal mirror: 262143 bytes (file open, kmsg=3 pmsg=4 rd=8)
[32143.363237][T15024] nx679j: journal mirror: 262143 bytes (file open, kmsg=3 pmsg=4 rd=8)
[32145.380289][T15025] nx679j: journal mirror: 262143 bytes (file open, kmsg=3 pmsg=4 rd=8)
[32146.169090][  T375] (virq:irq_count)- 11:1085070 6:866501 1:210143 2:205020 35:98853 30:54922 301:13918 28:2793 358:2667 361:233 
[32146.169101][  T375] (cpu:irq_count)- 0:384862 1:1112 2:497 3:990 4:12470 5:8331 6:9242 7:2122938 
[32146.169106][  T375] (ipi:irq_count)- 0:210143 1:205020 2:0 3:0 4:0 5:866501 6:0 
[32147.409306][T15041] nx679j: journal mirror: 262143 bytes (file open, kmsg=3 pmsg=4 rd=8)
[32149.445749][T15077] nx679j: journal mirror: 262143 bytes (file open, kmsg=3 pmsg=4 rd=8)
[32151.483688][T15078] nx679j: journal mirror: 262143 bytes (file open, kmsg=3 pmsg=4 rd=8)
[32153.521947][T15094] nx679j: journal mirror: 262143 bytes (file open, kmsg=3 pmsg=4 rd=8)
[32155.556216][T15110] nx679j: journal mirror: 262143 bytes (file open, kmsg=3 pmsg=4 rd=8)
[32155.640124][  T375] (virq:irq_count)- 11:1085431 6:866776 1:210261 2:205088 35:98908 30:54952 301:13918 28:2793 358:2667 361:233 
[32155.640132][  T375] (cpu:irq_count)- 0:385012 1:1112 2:497 3:990 4:12500 5:8337 6:9249 7:2123652 
[32155.640135][  T375] (ipi:irq_count)- 0:210261 1:205088 2:0 3:0 4:0 5:866776 6:0 
[32157.590876][T15111] nx679j: journal mirror: 262143 bytes (file open, kmsg=3 pmsg=4 rd=8)
[32159.625967][T15127] nx679j: journal mirror: 262143 bytes (file open, kmsg=3 pmsg=4 rd=8)
[32161.664570][T15143] nx679j: journal mirror: 262143 bytes (file open, kmsg=3 pmsg=4 rd=8)
[32163.701436][T15164] nx679j: journal mirror: 262143 bytes (file open, kmsg=3 pmsg=4 rd=8)
[32165.112134][  T380] (virq:irq_count)- 11:1085799 6:867072 1:210390 2:205161 35:98960 30:54979 301:13918 28:2795 358:2669 361:233 
[32165.112142][  T380] (cpu:irq_count)- 0:385163 1:1112 2:497 3:990 4:12531 5:8344 6:9259 7:2124402 
[32165.112147][  T380] (ipi:irq_count)- 0:210390 1:205161 2:0 3:0 4:0 5:867072 6:0 
[32165.736529][T15180] nx679j: journal mirror: 262143 bytes (file open, kmsg=3 pmsg=4 rd=8)
[32167.768952][T15196] nx679j: journal mirror: 262143 bytes (file open, kmsg=3 pmsg=4 rd=8)
[32169.804109][T15197] nx679j: journal mirror: 262143 bytes (file open, kmsg=3 pmsg=4 rd=8)
[32171.844959][T15213] nx679j: journal mirror: 262143 bytes (file open, kmsg=3 pmsg=4 rd=8)
[32173.883712][T15229] nx679j: journal mirror: 262143 bytes (file open, kmsg=3 pmsg=4 rd=8)
[32174.584130][  T380] (virq:irq_count)- 11:1086180 6:867374 1:210528 2:205237 35:99017 30:55014 301:13921 28:2795 358:2669 361:233 
[32174.584136][  T380] (cpu:irq_count)- 0:385327 1:1112 2:497 3:990 4:12568 5:8352 6:9266 7:2125178 
[32174.584139][  T380] (ipi:irq_count)- 0:210528 1:205237 2:0 3:0 4:0 5:867374 6:0 
[32175.922726][T15230] nx679j: journal mirror: 262143 bytes (file open, kmsg=3 pmsg=4 rd=8)
[32177.960450][T15266] nx679j: journal mirror: 262143 bytes (file open, kmsg=3 pmsg=4 rd=8)
[32179.997089][T15282] nx679j: journal mirror: 262143 bytes (file open, kmsg=3 pmsg=4 rd=8)
[32182.037401][T15283] nx679j: journal mirror: 262143 bytes (file open, kmsg=3 pmsg=4 rd=8)
[32184.055394][T15299] nx679j: journal mirror: 262143 bytes (file open, kmsg=3 pmsg=4 rd=8)
[32184.056162][  T380] (virq:irq_count)- 11:1086548 6:867658 1:210654 2:205304 35:99065 30:55041 301:13923 28:2797 358:2671 361:233 
[32184.056168][  T380] (cpu:irq_count)- 0:385471 1:1112 2:497 3:990 4:12602 5:8357 6:9273 7:2125914 
[32184.056172][  T380] (ipi:irq_count)- 0:210654 1:205304 2:0 3:0 4:0 5:867658 6:0 
[32186.081894][T15315] nx679j: journal mirror: 262143 bytes (file open, kmsg=3 pmsg=4 rd=8)
[32188.122456][T15316] nx679j: journal mirror: 262143 bytes (file open, kmsg=3 pmsg=4 rd=8)
[32190.162022][T15332] nx679j: journal mirror: 262143 bytes (file open, kmsg=3 pmsg=4 rd=8)
[32192.196454][T15348] nx679j: journal mirror: 262143 bytes (file open, kmsg=3 pmsg=4 rd=8)
[32193.529083][  T241] (virq:irq_count)- 11:1086922 6:867949 1:210791 2:205381 35:99122 30:55071 301:13928 28:2799 358:2673 361:233 
[32193.529089][  T241] (cpu:irq_count)- 0:385643 1:1112 2:497 3:990 4:12621 5:8365 6:9280 7:2126683 
[32193.529092][  T241] (ipi:irq_count)- 0:210791 1:205381 2:0 3:0 4:0 5:867949 6:0 
[32194.234134][T15369] nx679j: journal mirror: 262143 bytes (file open, kmsg=3 pmsg=4 rd=8)
[32196.272748][T15385] nx679j: journal mirror: 262143 bytes (file open, kmsg=3 pmsg=4 rd=8)
[32198.312455][T15401] nx679j: journal mirror: 262143 bytes (file open, kmsg=3 pmsg=4 rd=8)
[32200.350563][T15417] nx679j: journal mirror: 262143 bytes (file open, kmsg=3 pmsg=4 rd=8)
[32202.388198][T15418] nx679j: journal mirror: 262143 bytes (file open, kmsg=3 pmsg=4 rd=8)
[32203.000488][  T378] (virq:irq_count)- 11:1087281 6:868238 1:210916 2:205450 35:99175 30:55101 301:13929 28:2799 358:2673 361:233 
[32203.000496][  T378] (cpu:irq_count)- 0:385790 1:1112 2:497 3:990 4:12629 5:8381 6:9306 7:2127412 
[32203.000501][  T378] (ipi:irq_count)- 0:210916 1:205450 2:0 3:0 4:0 5:868238 6:0 
[32204.424210][T15434] nx679j: journal mirror: 262143 bytes (file open, kmsg=3 pmsg=4 rd=8)
[32206.457052][T15450] nx679j: journal mirror: 262143 bytes (file open, kmsg=3 pmsg=4 rd=8)
[32208.480292][T15471] nx679j: journal mirror: 262143 bytes (file open, kmsg=3 pmsg=4 rd=8)
[32210.515612][T15487] nx679j: journal mirror: 262143 bytes (file open, kmsg=3 pmsg=4 rd=8)
[32212.473103][  T378] (virq:irq_count)- 11:1087643 6:868527 1:211045 2:205520 35:99226 30:55128 301:13931 28:2801 358:2675 361:233 
[32212.473111][  T378] (cpu:irq_count)- 0:385941 1:1112 2:497 3:990 4:12657 5:8391 6:9312 7:2128151 
[32212.473116][  T378] (ipi:irq_count)- 0:211045 1:205520 2:0 3:0 4:0 5:868527 6:0 
[32212.553917][T15503] nx679j: journal mirror: 262143 bytes (file open, kmsg=3 pmsg=4 rd=8)
[32214.593648][T15504] nx679j: journal mirror: 262143 bytes (file open, kmsg=3 pmsg=4 rd=8)
[32216.631106][T15520] nx679j: journal mirror: 262143 bytes (file open, kmsg=3 pmsg=4 rd=8)
[32218.670331][T15536] nx679j: journal mirror: 262143 bytes (file open, kmsg=3 pmsg=4 rd=8)
[32220.706904][T15537] nx679j: journal mirror: 262143 bytes (file open, kmsg=3 pmsg=4 rd=8)
[32221.945048][  T375] (virq:irq_count)- 11:1088014 6:868819 1:211182 2:205599 35:99283 30:55158 301:13931 28:2803 358:2677 361:233 
[32221.945054][  T375] (cpu:irq_count)- 0:386106 1:1112 2:497 3:990 4:12666 5:8398 6:9334 7:2128918 
[32221.945057][  T375] (ipi:irq_count)- 0:211182 1:205599 2:0 3:0 4:0 5:868819 6:0 
[32222.746868][T15553] nx679j: journal mirror: 262143 bytes (file open, kmsg=3 pmsg=4 rd=8)
[32224.782354][T15589] nx679j: journal mirror: 262143 bytes (file open, kmsg=3 pmsg=4 rd=8)
[32226.823268][T15590] nx679j: journal mirror: 262143 bytes (file open, kmsg=3 pmsg=4 rd=8)
[32228.861216][T15606] nx679j: journal mirror: 262143 bytes (file open, kmsg=3 pmsg=4 rd=8)
[32230.897693][T15622] nx679j: journal mirror: 262143 bytes (file open, kmsg=3 pmsg=4 rd=8)
[32231.417105][  T375] (virq:irq_count)- 11:1088368 6:869096 1:211292 2:205671 35:99335 30:55188 301:13931 28:2803 358:2677 361:233 
[32231.417113][  T375] (cpu:irq_count)- 0:386256 1:1112 2:497 3:990 4:12679 5:8408 6:9341 7:2129633 
[32231.417117][  T375] (ipi:irq_count)- 0:211292 1:205671 2:0 3:0 4:0 5:869096 6:0 
[32232.937283][T15623] nx679j: journal mirror: 262143 bytes (file open, kmsg=3 pmsg=4 rd=8)
[32234.977610][T15639] nx679j: journal mirror: 262143 bytes (file open, kmsg=3 pmsg=4 rd=8)
[32237.011403][T15655] nx679j: journal mirror: 262143 bytes (file open, kmsg=3 pmsg=4 rd=8)
[32239.036694][T15676] nx679j: journal mirror: 262143 bytes (file open, kmsg=3 pmsg=4 rd=8)
[32240.513639][  T375] PMIC_GLINK: pmic_glink_rx_callback: No client present for 32778
[32240.513646][  T375] PMIC_GLINK: pmic_glink_rx_callback: No client present for 32778
[32240.889113][  T241] (virq:irq_count)- 11:1088737 6:869398 1:211449 2:205750 35:99396 30:55220 301:13934 28:2806 358:2679 361:234 
[32240.889121][  T241] (cpu:irq_count)- 0:386432 1:1112 2:497 3:990 4:12695 5:8423 6:9359 7:2130417 
[32240.889126][  T241] (ipi:irq_count)- 0:211449 1:205750 2:0 3:0 4:0 5:869398 6:0 
[32241.075043][T15692] nx679j: journal mirror: 262143 bytes (file open, kmsg=3 pmsg=4 rd=8)
[32243.114482][T15708] nx679j: journal mirror: 262143 bytes (file open, kmsg=3 pmsg=4 rd=8)
[32245.155392][T15709] nx679j: journal mirror: 262143 bytes (file open, kmsg=3 pmsg=4 rd=8)
[32247.194975][T15725] nx679j: journal mirror: 262143 bytes (file open, kmsg=3 pmsg=4 rd=8)
[32249.228231][T15741] nx679j: journal mirror: 262143 bytes (file open, kmsg=3 pmsg=4 rd=8)
[32250.361113][  T375] (virq:irq_count)- 11:1089112 6:869701 1:211590 2:205821 35:99454 30:55250 301:13934 28:2808 358:2681 361:234 
[32250.361120][  T375] (cpu:irq_count)- 0:386591 1:1112 2:497 3:990 4:12716 5:8437 6:9366 7:2131198 
[32250.361123][  T375] (ipi:irq_count)- 0:211590 1:205821 2:0 3:0 4:0 5:869701 6:0 
[32251.248328][T15742] nx679j: journal mirror: 262143 bytes (file open, kmsg=3 pmsg=4 rd=8)
[32253.279671][T15778] nx679j: journal mirror: 262143 bytes (file open, kmsg=3 pmsg=4 rd=8)
[32255.316393][T15794] nx679j: journal mirror: 262143 bytes (file open, kmsg=3 pmsg=4 rd=8)
[32257.356954][T15795] nx679j: journal mirror: 262143 bytes (file open, kmsg=3 pmsg=4 rd=8)
[32259.395460][T15811] nx679j: journal mirror: 262143 bytes (file open, kmsg=3 pmsg=4 rd=8)
[32259.832130][  T241] (virq:irq_count)- 11:1089482 6:869988 1:211711 2:205901 35:99510 30:55280 301:13937 28:2808 358:2681 361:234 
[32259.832137][  T241] (cpu:irq_count)- 0:386757 1:1113 2:497 3:990 4:12741 5:8442 6:9370 7:2131944 
[32259.832140][  T241] (ipi:irq_count)- 0:211711 1:205901 2:0 3:0 4:0 5:869988 6:0 
[32261.427503][T15827] nx679j: journal mirror: 262143 bytes (file open, kmsg=3 pmsg=4 rd=8)
[32263.460464][T15828] nx679j: journal mirror: 262143 bytes (file open, kmsg=3 pmsg=4 rd=8)
[32265.497771][T15844] nx679j: journal mirror: 262143 bytes (file open, kmsg=3 pmsg=4 rd=8)
[32267.533415][T15880] nx679j: journal mirror: 262143 bytes (file open, kmsg=3 pmsg=4 rd=8)
[32269.304126][  T375] (virq:irq_count)- 11:1089899 6:870304 1:211877 2:205984 35:99561 30:55307 301:13976 28:2810 358:2683 361:234 
[32269.304134][  T375] (cpu:irq_count)- 0:386974 1:1114 2:497 3:990 4:12763 5:8466 6:9393 7:2132760 
[32269.304137][  T375] (ipi:irq_count)- 0:211877 1:205984 2:0 3:0 4:0 5:870304 6:0 
[32269.573400][T15881] nx679j: journal mirror: 262143 bytes (file open, kmsg=3 pmsg=4 rd=8)
[32271.609535][T15906] nx679j: journal mirror: 262143 bytes (file open, kmsg=3 pmsg=4 rd=8)
[32273.646808][T15922] nx679j: journal mirror: 262143 bytes (file open, kmsg=3 pmsg=4 rd=8)
[32275.684612][T15923] nx679j: journal mirror: 262143 bytes (file open, kmsg=3 pmsg=4 rd=8)
[32277.723596][T15939] nx679j: journal mirror: 262143 bytes (file open, kmsg=3 pmsg=4 rd=8)
[32278.777100][  T241] (virq:irq_count)- 11:1090254 6:870579 1:211984 2:206058 35:99613 30:55337 301:13980 28:2810 358:2683 361:234 
[32278.777108][  T241] (cpu:irq_count)- 0:387132 1:1114 2:497 3:990 4:12766 5:8482 6:9400 7:2133473 
[32278.777112][  T241] (ipi:irq_count)- 0:211984 1:206058 2:0 3:0 4:0 5:870579 6:0 
[32279.762917][T15955] nx679j: journal mirror: 262143 bytes (file open, kmsg=3 pmsg=4 rd=8)
[32281.801640][T15971] nx679j: journal mirror: 262143 bytes (file open, kmsg=3 pmsg=4 rd=8)
[32283.834819][T15992] nx679j: journal mirror: 262143 bytes (file open, kmsg=3 pmsg=4 rd=8)
[32285.873658][T16008] nx679j: journal mirror: 262143 bytes (file open, kmsg=3 pmsg=4 rd=8)
[32287.912181][T16024] nx679j: journal mirror: 262143 bytes (file open, kmsg=3 pmsg=4 rd=8)
[32288.249095][  T375] (virq:irq_count)- 11:1090612 6:870875 1:212120 2:206127 35:99662 30:55365 301:13982 28:2812 358:2685 361:234 
[32288.249103][  T375] (cpu:irq_count)- 0:387279 1:1114 2:497 3:990 4:12795 5:8487 6:9413 7:2134221 
[32288.249107][  T375] (ipi:irq_count)- 0:212120 1:206127 2:0 3:0 4:0 5:870875 6:0 
[32289.952926][T16025] nx679j: journal mirror: 262143 bytes (file open, kmsg=3 pmsg=4 rd=8)
[32291.989823][T16041] nx679j: journal mirror: 262143 bytes (file open, kmsg=3 pmsg=4 rd=8)
[32294.027414][T16061] nx679j: journal mirror: 262143 bytes (file open, kmsg=3 pmsg=4 rd=8)
[32296.065028][T16062] nx679j: journal mirror: 262143 bytes (file open, kmsg=3 pmsg=4 rd=8)
[32297.721091][  T375] (virq:irq_count)- 11:1091013 6:871177 1:212271 2:206201 35:99715 30:55392 301:14012 28:2814 358:2687 361:234 
[32297.721099][  T375] (cpu:irq_count)- 0:387476 1:1115 2:497 3:990 4:12811 5:8500 6:9436 7:2135013 
[32297.721103][  T375] (ipi:irq_count)- 0:212271 1:206201 2:0 3:0 4:0 5:871177 6:0 
[32298.105108][T16098] nx679j: journal mirror: 262143 bytes (file open, kmsg=3 pmsg=4 rd=8)
[32300.144781][T16114] nx679j: journal mirror: 262143 bytes (file open, kmsg=3 pmsg=4 rd=8)
[32302.185597][T16115] nx679j: journal mirror: 262143 bytes (file open, kmsg=3 pmsg=4 rd=8)
[32304.224170][T16131] nx679j: journal mirror: 262143 bytes (file open, kmsg=3 pmsg=4 rd=8)
[32306.257244][T16147] nx679j: journal mirror: 262143 bytes (file open, kmsg=3 pmsg=4 rd=8)
[32307.193054][  T375] (virq:irq_count)- 11:1091397 6:871485 1:212418 2:206282 35:99778 30:55427 301:14017 28:2814 358:2687 361:234 
[32307.193062][  T375] (cpu:irq_count)- 0:387657 1:1115 2:497 3:990 4:12831 5:8523 6:9445 7:2135803 
[32307.193067][  T375] (ipi:irq_count)- 0:212418 1:206282 2:0 3:0 4:0 5:871485 6:0 
[32308.276847][T16148] nx679j: journal mirror: 262143 bytes (file open, kmsg=3 pmsg=4 rd=8)
[32310.307073][T16164] nx679j: journal mirror: 262143 bytes (file open, kmsg=3 pmsg=4 rd=8)
[32312.343393][T16200] nx679j: journal mirror: 262143 bytes (file open, kmsg=3 pmsg=4 rd=8)
[32314.382949][T16201] nx679j: journal mirror: 262143 bytes (file open, kmsg=3 pmsg=4 rd=8)
[32316.422227][T16217] nx679j: journal mirror: 262143 bytes (file open, kmsg=3 pmsg=4 rd=8)
[32316.664105][  T378] (virq:irq_count)- 11:1091772 6:871782 1:212555 2:206355 35:99835 30:55457 301:14022 28:2816 358:2689 361:234 
[32316.664113][  T378] (cpu:irq_count)- 0:387828 1:1115 2:497 3:990 4:12857 5:8527 6:9451 7:2136574 
[32316.664117][  T378] (ipi:irq_count)- 0:212555 1:206355 2:0 3:0 4:0 5:871782 6:0 
[32318.458063][T16233] nx679j: journal mirror: 262143 bytes (file open, kmsg=3 pmsg=4 rd=8)
[32320.496235][T16234] nx679j: journal mirror: 262143 bytes (file open, kmsg=3 pmsg=4 rd=8)
[32322.534779][T16250] nx679j: journal mirror: 262143 bytes (file open, kmsg=3 pmsg=4 rd=8)
[32324.572589][T16266] nx679j: journal mirror: 262143 bytes (file open, kmsg=3 pmsg=4 rd=8)
[32326.137016][  T378] (virq:irq_count)- 11:1092122 6:872069 1:212683 2:206419 35:99887 30:55484 301:14025 28:2818 358:2691 361:234 
[32326.137023][  T378] (cpu:irq_count)- 0:387975 1:1115 2:497 3:990 4:12868 5:8539 6:9463 7:2137307 
[32326.137026][  T378] (ipi:irq_count)- 0:212683 1:206419 2:0 3:0 4:0 5:872069 6:0 
[32326.613476][T16267] nx679j: journal mirror: 262143 bytes (file open, kmsg=3 pmsg=4 rd=8)
[32328.650554][T16303] nx679j: journal mirror: 262143 bytes (file open, kmsg=3 pmsg=4 rd=8)
[32330.689011][T16319] nx679j: journal mirror: 262143 bytes (file open, kmsg=3 pmsg=4 rd=8)
[32332.728745][T16320] nx679j: journal mirror: 262143 bytes (file open, kmsg=3 pmsg=4 rd=8)
[32334.768413][T16336] nx679j: journal mirror: 262143 bytes (file open, kmsg=3 pmsg=4 rd=8)
[32335.609093][  T375] (virq:irq_count)- 11:1092490 6:872348 1:212799 2:206494 35:99943 30:55514 301:14025 28:2818 358:2691 361:234 
[32335.609101][  T375] (cpu:irq_count)- 0:388130 1:1115 2:497 3:990 4:12878 5:8545 6:9476 7:2138047 
[32335.609105][  T375] (ipi:irq_count)- 0:212799 1:206494 2:0 3:0 4:0 5:872348 6:0 
[32336.808216][T16352] nx679j: journal mirror: 262143 bytes (file open, kmsg=3 pmsg=4 rd=8)
[32338.848968][T16353] nx679j: journal mirror: 262143 bytes (file open, kmsg=3 pmsg=4 rd=8)
[32340.887905][T16369] nx679j: journal mirror: 262143 bytes (file open, kmsg=3 pmsg=4 rd=8)
[32342.923501][T16405] nx679j: journal mirror: 262143 bytes (file open, kmsg=3 pmsg=4 rd=8)
[32344.962556][T16406] nx679j: journal mirror: 262143 bytes (file open, kmsg=3 pmsg=4 rd=8)
[32345.081114][  T378] (virq:irq_count)- 11:1092863 6:872642 1:212941 2:206565 35:100002 30:55544 301:14025 28:2820 358:2693 361:234 
[32345.081120][  T378] (cpu:irq_count)- 0:388288 1:1115 2:497 3:990 4:12899 5:8560 6:9482 7:2138820 
[32345.081123][  T378] (ipi:irq_count)- 0:212941 1:206565 2:0 3:0 4:0 5:872642 6:0 
[32346.715445][  T378] PMIC_GLINK: pmic_glink_rx_callback: No client present for 32778
[32347.001329][T16422] nx679j: journal mirror: 262143 bytes (file open, kmsg=3 pmsg=4 rd=8)
[32349.040621][T16438] nx679j: journal mirror: 262143 bytes (file open, kmsg=3 pmsg=4 rd=8)
[32351.079268][T16439] nx679j: journal mirror: 262143 bytes (file open, kmsg=3 pmsg=4 rd=8)
[32353.119279][T16455] nx679j: journal mirror: 262143 bytes (file open, kmsg=3 pmsg=4 rd=8)
[32354.553158][  T375] (virq:irq_count)- 11:1093209 6:872918 1:213043 2:206634 35:100048 30:55571 301:14025 28:2821 358:2693 361:235 
[32354.553166][  T375] (cpu:irq_count)- 0:388427 1:1115 2:497 3:990 4:12927 5:8563 6:9486 7:2139514 
[32354.553171][  T375] (ipi:irq_count)- 0:213043 1:206634 2:0 3:0 4:0 5:872918 6:0 
[32355.155687][T16471] nx679j: journal mirror: 262143 bytes (file open, kmsg=3 pmsg=4 rd=8)
[32357.194523][T16487] nx679j: journal mirror: 262143 bytes (file open, kmsg=3 pmsg=4 rd=8)
[32359.233572][T16508] nx679j: journal mirror: 262143 bytes (file open, kmsg=3 pmsg=4 rd=8)
[32361.270888][T16524] nx679j: journal mirror: 262143 bytes (file open, kmsg=3 pmsg=4 rd=8)
[32363.310376][T16540] nx679j: journal mirror: 262143 bytes (file open, kmsg=3 pmsg=4 rd=8)
[32364.025097][  T241] (virq:irq_count)- 11:1093572 6:873204 1:213172 2:206703 35:100100 30:55601 301:14025 28:2823 358:2695 361:235 
[32364.025103][  T241] (cpu:irq_count)- 0:388577 1:1115 2:497 3:990 4:12944 5:8584 6:9494 7:2140251 
[32364.025106][  T241] (ipi:irq_count)- 0:213172 1:206703 2:0 3:0 4:0 5:873204 6:0 
[32365.347737][T16541] nx679j: journal mirror: 262143 bytes (file open, kmsg=3 pmsg=4 rd=8)
[32367.386698][T16557] nx679j: journal mirror: 262143 bytes (file open, kmsg=3 pmsg=4 rd=8)
[32369.428232][T16573] nx679j: journal mirror: 262143 bytes (file open, kmsg=3 pmsg=4 rd=8)
[32371.468257][T16574] nx679j: journal mirror: 262143 bytes (file open, kmsg=3 pmsg=4 rd=8)
[32373.496113][  T375] (virq:irq_count)- 11:1093947 6:873512 1:213330 2:206778 35:100156 30:55633 301:14028 28:2825 358:2697 361:235 
[32373.496121][  T375] (cpu:irq_count)- 0:388744 1:1115 2:497 3:990 4:12968 5:8608 6:9511 7:2141030 
[32373.496124][  T375] (ipi:irq_count)- 0:213330 1:206778 2:0 3:0 4:0 5:873512 6:0 
[32373.507114][T16610] nx679j: journal mirror: 262143 bytes (file open, kmsg=3 pmsg=4 rd=8)
[32375.542287][T16626] nx679j: journal mirror: 262143 bytes (file open, kmsg=3 pmsg=4 rd=8)
[32377.581245][T16627] nx679j: journal mirror: 262143 bytes (file open, kmsg=3 pmsg=4 rd=8)
[32379.619527][T16643] nx679j: journal mirror: 262143 bytes (file open, kmsg=3 pmsg=4 rd=8)
[32381.659258][T16659] nx679j: journal mirror: 262143 bytes (file open, kmsg=3 pmsg=4 rd=8)
[32382.969122][  T378] (virq:irq_count)- 11:1094303 6:873788 1:213439 2:206851 35:100208 30:55663 301:14029 28:2825 358:2697 361:235 
[32382.969128][  T378] (cpu:irq_count)- 0:388895 1:1115 2:497 3:990 4:12990 5:8611 6:9514 7:2141748 
[32382.969131][  T378] (ipi:irq_count)- 0:213439 1:206851 2:0 3:0 4:0 5:873788 6:0 
[32383.698954][T16660] nx679j: journal mirror: 262143 bytes (file open, kmsg=3 pmsg=4 rd=8)
[32385.737118][T16676] nx679j: journal mirror: 262143 bytes (file open, kmsg=3 pmsg=4 rd=8)
[32387.772028][T16712] nx679j: journal mirror: 262143 bytes (file open, kmsg=3 pmsg=4 rd=8)
[32389.812879][T16713] nx679j: journal mirror: 262143 bytes (file open, kmsg=3 pmsg=4 rd=8)
[32391.849365][T16729] nx679j: journal mirror: 262143 bytes (file open, kmsg=3 pmsg=4 rd=8)
[32392.441085][  T241] (virq:irq_count)- 11:1094676 6:874074 1:213581 2:206923 35:100267 30:55693 301:14031 28:2827 358:2699 361:235 
[32392.441091][  T241] (cpu:irq_count)- 0:389058 1:1115 2:497 3:990 4:13017 5:8617 6:9520 7:2142514 
[32392.441094][  T241] (ipi:irq_count)- 0:213581 1:206923 2:0 3:0 4:0 5:874074 6:0 
[32393.886974][T16745] nx679j: journal mirror: 262143 bytes (file open, kmsg=3 pmsg=4 rd=8)
[32395.924849][T16746] nx679j: journal mirror: 262143 bytes (file open, kmsg=3 pmsg=4 rd=8)
[32397.961166][T16762] nx679j: journal mirror: 262143 bytes (file open, kmsg=3 pmsg=4 rd=8)
[32400.002163][T16778] nx679j: journal mirror: 262143 bytes (file open, kmsg=3 pmsg=4 rd=8)
[32401.913090][  T378] (virq:irq_count)- 11:1095040 6:874367 1:213711 2:206997 35:100318 30:55720 301:14031 28:2829 358:2701 361:235 
[32401.913099][  T378] (cpu:irq_count)- 0:389208 1:1115 2:497 3:990 4:13050 5:8624 6:9524 7:2143263 
[32401.913103][  T378] (ipi:irq_count)- 0:213711 1:206997 2:0 3:0 4:0 5:874367 6:0 
[32402.041855][T16779] nx679j: journal mirror: 262143 bytes (file open, kmsg=3 pmsg=4 rd=8)
[32404.078278][T16815] nx679j: journal mirror: 262143 bytes (file open, kmsg=3 pmsg=4 rd=8)
[32406.114876][T16831] nx679j: journal mirror: 262143 bytes (file open, kmsg=3 pmsg=4 rd=8)
[32408.149825][T16834] nx679j: journal mirror: 262143 bytes (file open, kmsg=3 pmsg=4 rd=8)
[32410.188772][T16850] nx679j: journal mirror: 262143 bytes (file open, kmsg=3 pmsg=4 rd=8)
[32411.385091][  T378] (virq:irq_count)- 11:1095435 6:874681 1:213858 2:207076 35:100378 30:55750 301:14064 28:2829 358:2701 361:235 
[32411.385099][  T378] (cpu:irq_count)- 0:389421 1:1115 2:497 3:990 4:13059 5:8640 6:9550 7:2144057 
[32411.385103][  T378] (ipi:irq_count)- 0:213858 1:207076 2:0 3:0 4:0 5:874681 6:0 
[32412.228246][T16866] nx679j: journal mirror: 262143 bytes (file open, kmsg=3 pmsg=4 rd=8)
[32414.266778][T16867] nx679j: journal mirror: 262143 bytes (file open, kmsg=3 pmsg=4 rd=8)
[32416.306966][T16883] nx679j: journal mirror: 262143 bytes (file open, kmsg=3 pmsg=4 rd=8)
[32418.341793][T16919] nx679j: journal mirror: 262143 bytes (file open, kmsg=3 pmsg=4 rd=8)
[32420.380356][T16920] nx679j: journal mirror: 262143 bytes (file open, kmsg=3 pmsg=4 rd=8)
[32420.856462][  T375] (virq:irq_count)- 11:1095800 6:874969 1:213993 2:207150 35:100437 30:55780 301:14064 28:2831 358:2703 361:235 
[32420.856469][  T375] (cpu:irq_count)- 0:389581 1:1115 2:497 3:990 4:13065 5:8646 6:9574 7:2144816 
[32420.856473][  T375] (ipi:irq_count)- 0:213993 1:207150 2:0 3:0 4:0 5:874969 6:0 
[32422.396822][T16936] nx679j: journal mirror: 262143 bytes (file open, kmsg=3 pmsg=4 rd=8)
[32424.430766][T16952] nx679j: journal mirror: 262143 bytes (file open, kmsg=3 pmsg=4 rd=8)
[32426.470518][T16953] nx679j: journal mirror: 262143 bytes (file open, kmsg=3 pmsg=4 rd=8)
[32428.508965][T16969] nx679j: journal mirror: 262143 bytes (file open, kmsg=3 pmsg=4 rd=8)
[32429.701346][  T375] PMIC_GLINK: pmic_glink_rx_callback: No client present for 32778
[32429.701350][  T375] PMIC_GLINK: pmic_glink_rx_callback: No client present for 32778
[32430.328132][  T375] (virq:irq_count)- 11:1096143 6:875242 1:214093 2:207221 35:100482 30:55807 301:14068 28:2832 358:2703 361:236 
[32430.328140][  T375] (cpu:irq_count)- 0:389729 1:1115 2:497 3:990 4:13077 5:8656 6:9579 7:2145506 
[32430.328143][  T375] (ipi:irq_count)- 0:214093 1:207221 2:0 3:0 4:0 5:875242 6:0 
[32430.545432][T16985] nx679j: journal mirror: 262143 bytes (file open, kmsg=3 pmsg=4 rd=8)
[32432.582781][T17021] nx679j: journal mirror: 262143 bytes (file open, kmsg=3 pmsg=4 rd=8)
[32434.618884][T17022] nx679j: journal mirror: 262143 bytes (file open, kmsg=3 pmsg=4 rd=8)
[32436.658192][T17038] nx679j: journal mirror: 262143 bytes (file open, kmsg=3 pmsg=4 rd=8)
[32438.697924][T17054] nx679j: journal mirror: 262143 bytes (file open, kmsg=3 pmsg=4 rd=8)
[32439.801122][  T375] (virq:irq_count)- 11:1096530 6:875551 1:214255 2:207297 35:100541 30:55842 301:14076 28:2834 358:2705 361:236 
[32439.801128][  T375] (cpu:irq_count)- 0:389914 1:1115 2:497 3:990 4:13100 5:8670 6:9594 7:2146309 
[32439.801131][  T375] (ipi:irq_count)- 0:214255 1:207297 2:0 3:0 4:0 5:875551 6:0 
[32440.738096][T17055] nx679j: journal mirror: 262143 bytes (file open, kmsg=3 pmsg=4 rd=8)
[32442.776822][T17071] nx679j: journal mirror: 262143 bytes (file open, kmsg=3 pmsg=4 rd=8)
[32444.813599][T17087] nx679j: journal mirror: 262143 bytes (file open, kmsg=3 pmsg=4 rd=8)
[32446.851867][T17088] nx679j: journal mirror: 262143 bytes (file open, kmsg=3 pmsg=4 rd=8)
[32448.886546][T17124] nx679j: journal mirror: 262143 bytes (file open, kmsg=3 pmsg=4 rd=8)
[32449.273094][  T375] (virq:irq_count)- 11:1096910 6:875843 1:214396 2:207378 35:100600 30:55872 301:14079 28:2836 358:2707 361:236 
[32449.273102][  T375] (cpu:irq_count)- 0:390091 1:1115 2:497 3:990 4:13113 5:8677 6:9610 7:2147086 
[32449.273107][  T375] (ipi:irq_count)- 0:214396 1:207378 2:0 3:0 4:0 5:875843 6:0 
[32450.926462][T17140] nx679j: journal mirror: 262143 bytes (file open, kmsg=3 pmsg=4 rd=8)
[32452.964344][T17141] nx679j: journal mirror: 262143 bytes (file open, kmsg=3 pmsg=4 rd=8)
[32455.001997][T17157] nx679j: journal mirror: 262143 bytes (file open, kmsg=3 pmsg=4 rd=8)
[32457.040620][T17173] nx679j: journal mirror: 262143 bytes (file open, kmsg=3 pmsg=4 rd=8)
[32458.745094][  T380] (virq:irq_count)- 11:1097256 6:876118 1:214498 2:207445 35:100647 30:55899 301:14079 28:2836 358:2707 361:236 
[32458.745101][  T380] (cpu:irq_count)- 0:390226 1:1115 2:497 3:990 4:13120 5:8683 6:9623 7:2147789 
[32458.745104][  T380] (ipi:irq_count)- 0:214498 1:207445 2:0 3:0 4:0 5:876118 6:0 
[32459.080454][T17174] nx679j: journal mirror: 262143 bytes (file open, kmsg=3 pmsg=4 rd=8)
[32461.117427][T17190] nx679j: journal mirror: 262143 bytes (file open, kmsg=3 pmsg=4 rd=8)
[32463.150019][T17226] nx679j: journal mirror: 262143 bytes (file open, kmsg=3 pmsg=4 rd=8)
[32465.168584][T17227] nx679j: journal mirror: 262143 bytes (file open, kmsg=3 pmsg=4 rd=8)
[32467.197028][T17243] nx679j: journal mirror: 262143 bytes (file open, kmsg=3 pmsg=4 rd=8)
[32468.216572][  T380] (virq:irq_count)- 11:1097644 6:876428 1:214635 2:207531 35:100703 30:55929 301:14082 28:2838 358:2709 361:236 
[32468.216580][  T380] (cpu:irq_count)- 0:390400 1:1115 2:497 3:990 4:13133 5:8698 6:9641 7:2148583 
[32468.216585][  T380] (ipi:irq_count)- 0:214635 1:207531 2:0 3:0 4:0 5:876428 6:0 
[32469.231687][T17259] nx679j: journal mirror: 262143 bytes (file open, kmsg=3 pmsg=4 rd=8)
[32471.261788][T17260] nx679j: journal mirror: 262143 bytes (file open, kmsg=3 pmsg=4 rd=8)
[32473.294621][T17276] nx679j: journal mirror: 262143 bytes (file open, kmsg=3 pmsg=4 rd=8)
[32475.332255][T17292] nx679j: journal mirror: 262143 bytes (file open, kmsg=3 pmsg=4 rd=8)
[32477.368679][T17293] nx679j: journal mirror: 262143 bytes (file open, kmsg=3 pmsg=4 rd=8)
[32477.689092][  T380] (virq:irq_count)- 11:1098016 6:876724 1:214778 2:207603 35:100756 30:55959 301:14082 28:2840 358:2711 361:236 
[32477.689100][  T380] (cpu:irq_count)- 0:390553 1:1115 2:497 3:990 4:13145 5:8707 6:9663 7:2149357 
[32477.689104][  T380] (ipi:irq_count)- 0:214778 1:207603 2:0 3:0 4:0 5:876724 6:0 
[32479.405425][T17329] nx679j: journal mirror: 262143 bytes (file open, kmsg=3 pmsg=4 rd=8)
[32481.445470][T17345] nx679j: journal mirror: 262143 bytes (file open, kmsg=3 pmsg=4 rd=8)
[32483.483990][T17350] nx679j: journal mirror: 262143 bytes (file open, kmsg=3 pmsg=4 rd=8)
[32485.522171][T17366] nx679j: journal mirror: 262143 bytes (file open, kmsg=3 pmsg=4 rd=8)
[32487.161081][  T378] (virq:irq_count)- 11:1098397 6:877007 1:214911 2:207672 35:100811 30:55986 301:14116 28:2840 358:2711 361:236 
[32487.161088][  T378] (cpu:irq_count)- 0:390750 1:1116 2:497 3:990 4:13169 5:8713 6:9668 7:2150106 
[32487.161091][  T378] (ipi:irq_count)- 0:214911 1:207672 2:0 3:0 4:0 5:877007 6:0 
[32487.559225][T17382] nx679j: journal mirror: 262143 bytes (file open, kmsg=3 pmsg=4 rd=8)
[32489.598759][T17383] nx679j: journal mirror: 262143 bytes (file open, kmsg=3 pmsg=4 rd=8)
[32491.636891][T17399] nx679j: journal mirror: 262143 bytes (file open, kmsg=3 pmsg=4 rd=8)
[32493.675473][T17435] nx679j: journal mirror: 262143 bytes (file open, kmsg=3 pmsg=4 rd=8)
[32495.714442][T17436] nx679j: journal mirror: 262143 bytes (file open, kmsg=3 pmsg=4 rd=8)
[32496.632484][  T380] (virq:irq_count)- 11:1098775 6:877304 1:215045 2:207748 35:100869 30:56016 301:14119 28:2842 358:2713 361:236 
[32496.632490][  T380] (cpu:irq_count)- 0:390920 1:1116 2:497 3:990 4:13189 5:8719 6:9676 7:2150882 
[32496.632494][  T380] (ipi:irq_count)- 0:215045 1:207748 2:0 3:0 4:0 5:877304 6:0 
[32497.732402][T17452] nx679j: journal mirror: 262143 bytes (file open, kmsg=3 pmsg=4 rd=8)
[32499.759405][T17468] nx679j: journal mirror: 262143 bytes (file open, kmsg=3 pmsg=4 rd=8)
[32501.797899][T17469] nx679j: journal mirror: 262143 bytes (file open, kmsg=3 pmsg=4 rd=8)
[32503.837081][T17485] nx679j: journal mirror: 262143 bytes (file open, kmsg=3 pmsg=4 rd=8)
[32505.875297][T17501] nx679j: journal mirror: 262143 bytes (file open, kmsg=3 pmsg=4 rd=8)
[32506.105187][  T378] (virq:irq_count)- 11:1099159 6:877604 1:215204 2:207825 35:100934 30:56051 301:14122 28:2844 358:2715 361:236 
[32506.105194][  T378] (cpu:irq_count)- 0:391100 1:1116 2:497 3:990 4:13208 5:8728 6:9683 7:2151694 
[32506.105197][  T378] (ipi:irq_count)- 0:215204 1:207825 2:0 3:0 4:0 5:877604 6:0 
[32507.913148][T17522] nx679j: journal mirror: 262143 bytes (file open, kmsg=3 pmsg=4 rd=8)
[32509.949835][T17538] nx679j: journal mirror: 262143 bytes (file open, kmsg=3 pmsg=4 rd=8)
[32511.985560][T17554] nx679j: journal mirror: 262143 bytes (file open, kmsg=3 pmsg=4 rd=8)
[32514.025348][T17570] nx679j: journal mirror: 262143 bytes (file open, kmsg=3 pmsg=4 rd=8)
[32515.576528][  T241] (virq:irq_count)- 11:1099512 6:877882 1:215309 2:207900 35:100983 30:56078 301:14122 28:2844 358:2715 361:236 
[32515.576535][  T241] (cpu:irq_count)- 0:391247 1:1116 2:497 3:990 4:13229 5:8734 6:9689 7:2152401 
[32515.576538][  T241] (ipi:irq_count)- 0:215309 1:207900 2:0 3:0 4:0 5:877882 6:0 
[32516.066175][T17571] nx679j: journal mirror: 262143 bytes (file open, kmsg=3 pmsg=4 rd=8)
[32518.099563][T17587] nx679j: journal mirror: 262143 bytes (file open, kmsg=3 pmsg=4 rd=8)
[32520.139144][T17603] nx679j: journal mirror: 262143 bytes (file open, kmsg=3 pmsg=4 rd=8)
[32522.178550][T17604] nx679j: journal mirror: 262143 bytes (file open, kmsg=3 pmsg=4 rd=8)
[32524.204233][T17640] nx679j: journal mirror: 262143 bytes (file open, kmsg=3 pmsg=4 rd=8)
[32525.049028][  T380] (virq:irq_count)- 11:1099886 6:878185 1:215440 2:207971 35:101034 30:56108 301:14122 28:2846 358:2717 361:236 
[32525.049037][  T380] (cpu:irq_count)- 0:391400 1:1116 2:497 3:990 4:13257 5:8747 6:9699 7:2153161 
[32525.049041][  T380] (ipi:irq_count)- 0:215440 1:207971 2:0 3:0 4:0 5:878185 6:0 
[32526.224485][T17656] nx679j: journal mirror: 262143 bytes (file open, kmsg=3 pmsg=4 rd=8)
[32528.261051][T17657] nx679j: journal mirror: 262143 bytes (file open, kmsg=3 pmsg=4 rd=8)
[32530.300926][T17673] nx679j: journal mirror: 262143 bytes (file open, kmsg=3 pmsg=4 rd=8)
[32532.336960][T17689] nx679j: journal mirror: 262143 bytes (file open, kmsg=3 pmsg=4 rd=8)
[32534.376719][T17690] nx679j: journal mirror: 262143 bytes (file open, kmsg=3 pmsg=4 rd=8)
[32534.520114][  T380] (virq:irq_count)- 11:1100257 6:878471 1:215554 2:208046 35:101085 30:56138 301:14125 28:2846 358:2717 361:236 
[32534.520120][  T380] (cpu:irq_count)- 0:391558 1:1117 2:497 3:990 4:13271 5:8755 6:9710 7:2153899 
[32534.520123][  T380] (ipi:irq_count)- 0:215554 1:208046 2:0 3:0 4:0 5:878471 6:0 
[32536.415989][T17706] nx679j: journal mirror: 262143 bytes (file open, kmsg=3 pmsg=4 rd=8)
[32538.450561][T17743] nx679j: journal mirror: 262143 bytes (file open, kmsg=3 pmsg=4 rd=8)
[32540.489075][T17744] nx679j: journal mirror: 262143 bytes (file open, kmsg=3 pmsg=4 rd=8)
[32542.527526][T17760] nx679j: journal mirror: 262143 bytes (file open, kmsg=3 pmsg=4 rd=8)
[32543.992122][  T378] (virq:irq_count)- 11:1100647 6:878762 1:215702 2:208125 35:101144 30:56165 301:14157 28:2848 358:2719 361:236 
[32543.992128][  T378] (cpu:irq_count)- 0:391766 1:1117 2:497 3:990 4:13283 5:8764 6:9722 7:2154688 
[32543.992131][  T378] (ipi:irq_count)- 0:215702 1:208125 2:0 3:0 4:0 5:878762 6:0 
[32544.567403][T17776] nx679j: journal mirror: 262143 bytes (file open, kmsg=3 pmsg=4 rd=8)
[32546.604581][T17781] nx679j: journal mirror: 262143 bytes (file open, kmsg=3 pmsg=4 rd=8)
[32548.640295][T17797] nx679j: journal mirror: 262143 bytes (file open, kmsg=3 pmsg=4 rd=8)
[32550.679581][T17813] nx679j: journal mirror: 262143 bytes (file open, kmsg=3 pmsg=4 rd=8)
[32552.718353][T17814] nx679j: journal mirror: 262143 bytes (file open, kmsg=3 pmsg=4 rd=8)
[32553.465097][  T378] (virq:irq_count)- 11:1101014 6:879055 1:215821 2:208200 35:101201 30:56195 301:14166 28:2848 358:2719 361:236 
[32553.465104][  T378] (cpu:irq_count)- 0:391944 1:1117 2:497 3:990 4:13297 5:8778 6:9728 7:2155426 
[32553.465107][  T378] (ipi:irq_count)- 0:215821 1:208200 2:0 3:0 4:0 5:879055 6:0 
[32554.758282][T17830] nx679j: journal mirror: 262143 bytes (file open, kmsg=3 pmsg=4 rd=8)
[32556.795921][T17846] nx679j: journal mirror: 262143 bytes (file open, kmsg=3 pmsg=4 rd=8)
[32558.833562][T17847] nx679j: journal mirror: 262143 bytes (file open, kmsg=3 pmsg=4 rd=8)
[32560.873327][T17863] nx679j: journal mirror: 262143 bytes (file open, kmsg=3 pmsg=4 rd=8)
[32562.910322][T17879] nx679j: journal mirror: 262143 bytes (file open, kmsg=3 pmsg=4 rd=8)
[32562.936102][  T380] (virq:irq_count)- 11:1101388 6:879341 1:215944 2:208278 35:101257 30:56225 301:14172 28:2848 358:2719 361:236 
[32562.936107][  T380] (cpu:irq_count)- 0:392115 1:1117 2:497 3:990 4:13310 5:8783 6:9738 7:2156180 
[32562.936110][  T380] (ipi:irq_count)- 0:215944 1:208278 2:0 3:0 4:0 5:879341 6:0 
[32564.951066][T17880] nx679j: journal mirror: 262143 bytes (file open, kmsg=3 pmsg=4 rd=8)
[32566.985500][T17902] nx679j: journal mirror: 262143 bytes (file open, kmsg=3 pmsg=4 rd=8)
[32569.018779][T17918] nx679j: journal mirror: 262143 bytes (file open, kmsg=3 pmsg=4 rd=8)
[32571.059335][T17919] nx679j: journal mirror: 262143 bytes (file open, kmsg=3 pmsg=4 rd=8)
[32572.408118][  T378] (virq:irq_count)- 11:1101857 6:879649 1:216146 2:208350 35:101322 30:56257 301:14352 28:2848 358:2719 361:236 
[32572.408124][  T378] (cpu:irq_count)- 0:392514 1:1119 2:497 3:990 4:13343 5:8798 6:9752 7:2157045 
[32572.408127][  T378] (ipi:irq_count)- 0:216146 1:208350 2:0 3:0 4:0 5:879649 6:0 
[32573.098496][T17935] nx679j: journal mirror: 262143 bytes (file open, kmsg=3 pmsg=4 rd=8)
[32575.138337][T17951] nx679j: journal mirror: 262143 bytes (file open, kmsg=3 pmsg=4 rd=8)
[32577.177825][T17952] nx679j: journal mirror: 262143 bytes (file open, kmsg=3 pmsg=4 rd=8)
[32579.214832][T17968] nx679j: journal mirror: 262143 bytes (file open, kmsg=3 pmsg=4 rd=8)
[32581.251790][T17975] nx679j: journal mirror: 262143 bytes (file open, kmsg=3 pmsg=4 rd=8)
[32581.880141][  T378] (virq:irq_count)- 11:1102529 6:880002 1:216565 2:208480 35:101394 30:56318 301:15071 28:2848 358:2719 361:236 
[32581.880147][  T378] (cpu:irq_count)- 0:393620 1:1131 2:499 3:992 4:13403 5:8825 6:9789 7:2158227 
[32581.880151][  T378] (ipi:irq_count)- 0:216565 1:208480 2:0 3:0 4:0 5:880002 6:0 
[32583.273930][T18011] nx679j: journal mirror: 262143 bytes (file open, kmsg=3 pmsg=4 rd=8)
[32585.328632][T18029] nx679j: journal mirror: 262143 bytes (file open, kmsg=3 pmsg=4 rd=8)
[32587.346863][T18030] nx679j: journal mirror: 262143 bytes (file open, kmsg=3 pmsg=4 rd=8)
[32589.373807][T18048] nx679j: journal mirror: 262143 bytes (file open, kmsg=3 pmsg=4 rd=8)
[32591.353076][  T380] (virq:irq_count)- 11:1102936 6:880313 1:216801 2:208556 35:101449 30:56345 301:15094 28:2853 358:2724 361:236 
[32591.353085][  T380] (cpu:irq_count)- 0:393821 1:1133 2:500 3:993 4:13430 5:8866 6:9821 7:2159068 
[32591.353090][  T380] (ipi:irq_count)- 0:216801 1:208556 2:0 3:0 4:0 5:880313 6:0 
[32591.410101][T18066] nx679j: journal mirror: 262143 bytes (file open, kmsg=3 pmsg=4 rd=8)
[32593.430479][T18128] nx679j: journal mirror: 262143 bytes (file open, kmsg=3 pmsg=4 rd=8)
[32595.464191][T18171] nx679j: journal mirror: 262143 bytes (file open, kmsg=3 pmsg=4 rd=8)
[32597.500219][T18191] nx679j: journal mirror: 262143 bytes (file open, kmsg=3 pmsg=4 rd=8)
[32599.537415][T18192] nx679j: journal mirror: 262143 bytes (file open, kmsg=3 pmsg=4 rd=8)
[32600.825066][  T380] (virq:irq_count)- 11:1103335 6:880625 1:216956 2:208637 35:101513 30:56375 301:15100 28:2857 358:2728 361:236 
[32600.825074][  T380] (cpu:irq_count)- 0:394005 1:1133 2:500 3:993 4:13451 5:8884 6:9833 7:2159888 
[32600.825078][  T380] (ipi:irq_count)- 0:216956 1:208637 2:0 3:0 4:0 5:880625 6:0 
[32601.575605][T18210] nx679j: journal mirror: 262143 bytes (file open, kmsg=3 pmsg=4 rd=8)
[32603.613502][T18228] nx679j: journal mirror: 262143 bytes (file open, kmsg=3 pmsg=4 rd=8)
[32605.651824][T18229] nx679j: journal mirror: 262143 bytes (file open, kmsg=3 pmsg=4 rd=8)
[32607.687336][T18247] nx679j: journal mirror: 262143 bytes (file open, kmsg=3 pmsg=4 rd=8)
[32609.720959][T18285] nx679j: journal mirror: 262143 bytes (file open, kmsg=3 pmsg=4 rd=8)
[32610.297072][  T241] (virq:irq_count)- 11:1103720 6:880921 1:217092 2:208714 35:101571 30:56405 301:15103 28:2859 358:2730 361:236 
[32610.297080][  T241] (cpu:irq_count)- 0:394177 1:1133 2:500 3:993 4:13470 5:8890 6:9841 7:2160672 
[32610.297084][  T241] (ipi:irq_count)- 0:217092 1:208714 2:0 3:0 4:0 5:880921 6:0 
[32611.759178][T18286] nx679j: journal mirror: 262143 bytes (file open, kmsg=3 pmsg=4 rd=8)
[32613.796929][T18304] nx679j: journal mirror: 262143 bytes (file open, kmsg=3 pmsg=4 rd=8)
[32615.831156][T18322] nx679j: journal mirror: 262143 bytes (file open, kmsg=3 pmsg=4 rd=8)
[32617.291653][  T378] PMIC_GLINK: pmic_glink_rx_callback: No client present for 32778
[32617.291661][  T378] PMIC_GLINK: pmic_glink_rx_callback: No client present for 32778
[32617.849657][T18323] nx679j: journal mirror: 262143 bytes (file open, kmsg=3 pmsg=4 rd=8)
[32619.769061][  T241] (virq:irq_count)- 11:1104131 6:881232 1:217247 2:208793 35:101629 30:56437 301:15137 28:2860 358:2730 361:237 
[32619.769070][  T241] (cpu:irq_count)- 0:394390 1:1133 2:500 3:993 4:13494 5:8907 6:9847 7:2161494 
[32619.769074][  T241] (ipi:irq_count)- 0:217247 1:208793 2:0 3:0 4:0 5:881232 6:0 
[32619.881344][T18341] nx679j: journal mirror: 262143 bytes (file open, kmsg=3 pmsg=4 rd=8)
[32621.914875][T18364] nx679j: journal mirror: 262143 bytes (file open, kmsg=3 pmsg=4 rd=8)
[32623.953388][T18365] nx679j: journal mirror: 262143 bytes (file open, kmsg=3 pmsg=4 rd=8)
[32625.972814][T18403] nx679j: journal mirror: 262143 bytes (file open, kmsg=3 pmsg=4 rd=8)
[32627.992701][T18421] nx679j: journal mirror: 262143 bytes (file open, kmsg=3 pmsg=4 rd=8)
[32629.241042][  T380] (virq:irq_count)- 11:1104523 6:881548 1:217398 2:208875 35:101686 30:56467 301:15142 28:2862 358:2732 361:237 
[32629.241048][  T380] (cpu:irq_count)- 0:394568 1:1133 2:500 3:993 4:13507 5:8924 6:9866 7:2162304 
[32629.241052][  T380] (ipi:irq_count)- 0:217398 1:208875 2:0 3:0 4:0 5:881548 6:0 
[32630.030918][T18422] nx679j: journal mirror: 262143 bytes (file open, kmsg=3 pmsg=4 rd=8)
[32632.068287][T18440] nx679j: journal mirror: 262143 bytes (file open, kmsg=3 pmsg=4 rd=8)
[32634.107614][T18458] nx679j: journal mirror: 262143 bytes (file open, kmsg=3 pmsg=4 rd=8)
[32636.145552][T18459] nx679j: journal mirror: 262143 bytes (file open, kmsg=3 pmsg=4 rd=8)
[32638.182106][T18477] nx679j: journal mirror: 262143 bytes (file open, kmsg=3 pmsg=4 rd=8)
[32638.713071][  T375] (virq:irq_count)- 11:1104902 6:881843 1:217538 2:208945 35:101748 30:56497 301:15142 28:2864 358:2734 361:237 
[32638.713079][  T375] (cpu:irq_count)- 0:394729 1:1133 2:500 3:993 4:13526 5:8932 6:9874 7:2163088 
[32638.713083][  T375] (ipi:irq_count)- 0:217538 1:208945 2:0 3:0 4:0 5:881843 6:0 
[32640.218907][T18515] nx679j: journal mirror: 262143 bytes (file open, kmsg=3 pmsg=4 rd=8)
[32642.259299][T18516] nx679j: journal mirror: 262143 bytes (file open, kmsg=3 pmsg=4 rd=8)
[32644.297455][T18534] nx679j: journal mirror: 262143 bytes (file open, kmsg=3 pmsg=4 rd=8)
[32646.332335][T18552] nx679j: journal mirror: 262143 bytes (file open, kmsg=3 pmsg=4 rd=8)
[32648.185083][  T380] (virq:irq_count)- 11:1105258 6:882127 1:217640 2:209013 35:101795 30:56524 301:15142 28:2864 358:2734 361:237 
[32648.185092][  T380] (cpu:irq_count)- 0:394868 1:1133 2:500 3:993 4:13529 5:8941 6:9892 7:2163803 
[32648.185096][  T380] (ipi:irq_count)- 0:217640 1:209013 2:0 3:0 4:0 5:882127 6:0 
[32648.372897][T18553] nx679j: journal mirror: 262143 bytes (file open, kmsg=3 pmsg=4 rd=8)
[32650.413033][T18571] nx679j: journal mirror: 262143 bytes (file open, kmsg=3 pmsg=4 rd=8)
[32652.450246][T18589] nx679j: journal mirror: 262143 bytes (file open, kmsg=3 pmsg=4 rd=8)
[32654.488653][T18610] nx679j: journal mirror: 262143 bytes (file open, kmsg=3 pmsg=4 rd=8)
[32656.524908][T18628] nx679j: journal mirror: 262143 bytes (file open, kmsg=3 pmsg=4 rd=8)
[32657.657085][  T241] (virq:irq_count)- 11:1105639 6:882431 1:217777 2:209085 35:101853 30:56554 301:15145 28:2866 358:2736 361:237 
[32657.657091][  T241] (cpu:irq_count)- 0:395034 1:1133 2:500 3:993 4:13551 5:8949 6:9899 7:2164589 
[32657.657094][  T241] (ipi:irq_count)- 0:217777 1:209085 2:0 3:0 4:0 5:882431 6:0 
[32658.563720][T18646] nx679j: journal mirror: 262143 bytes (file open, kmsg=3 pmsg=4 rd=8)
[32660.602567][T18652] nx679j: journal mirror: 262143 bytes (file open, kmsg=3 pmsg=4 rd=8)
[32662.642173][T18665] nx679j: journal mirror: 262143 bytes (file open, kmsg=3 pmsg=4 rd=8)
[32664.680756][T18683] nx679j: journal mirror: 262143 bytes (file open, kmsg=3 pmsg=4 rd=8)
[32666.719030][T18701] nx679j: journal mirror: 262143 bytes (file open, kmsg=3 pmsg=4 rd=8)
[32667.129124][  T241] (virq:irq_count)- 11:1106019 6:882731 1:217912 2:209147 35:101909 30:56584 301:15147 28:2868 358:2738 361:237 
[32667.129131][  T241] (cpu:irq_count)- 0:395184 1:1133 2:500 3:993 4:13576 5:8959 6:9906 7:2165366 
[32667.129135][  T241] (ipi:irq_count)- 0:217912 1:209147 2:0 3:0 4:0 5:882731 6:0 
[32668.753626][T18722] nx679j: journal mirror: 262143 bytes (file open, kmsg=3 pmsg=4 rd=8)
[32670.790694][T18740] nx679j: journal mirror: 262143 bytes (file open, kmsg=3 pmsg=4 rd=8)
[32672.826566][T18758] nx679j: journal mirror: 262143 bytes (file open, kmsg=3 pmsg=4 rd=8)
[32674.844800][T18759] nx679j: journal mirror: 262143 bytes (file open, kmsg=3 pmsg=4 rd=8)
[32676.600913][  T375] (virq:irq_count)- 11:1106383 6:883028 1:218024 2:209223 35:101957 30:56611 301:15152 28:2868 358:2738 361:237 
[32676.600921][  T375] (cpu:irq_count)- 0:395343 1:1133 2:500 3:993 4:13588 5:8970 6:9918 7:2166101 
[32676.600925][  T375] (ipi:irq_count)- 0:218024 1:209223 2:0 3:0 4:0 5:883028 6:0 
[32676.871758][T18777] nx679j: journal mirror: 262143 bytes (file open, kmsg=3 pmsg=4 rd=8)
[32678.908415][T18795] nx679j: journal mirror: 262143 bytes (file open, kmsg=3 pmsg=4 rd=8)
[32680.944134][T18796] nx679j: journal mirror: 262143 bytes (file open, kmsg=3 pmsg=4 rd=8)
[32682.982270][T18814] nx679j: journal mirror: 262143 bytes (file open, kmsg=3 pmsg=4 rd=8)
[32685.019709][T18852] nx679j: journal mirror: 262143 bytes (file open, kmsg=3 pmsg=4 rd=8)
[32686.072130][  T241] (virq:irq_count)- 11:1106788 6:883342 1:218193 2:209298 35:102025 30:56646 301:15155 28:2870 358:2740 361:237 
[32686.072136][  T241] (cpu:irq_count)- 0:395526 1:1133 2:500 3:993 4:13608 5:8984 6:9936 7:2166939 
[32686.072139][  T241] (ipi:irq_count)- 0:218193 1:209298 2:0 3:0 4:0 5:883342 6:0 
[32687.057365][T18853] nx679j: journal mirror: 262143 bytes (file open, kmsg=3 pmsg=4 rd=8)
[32689.092860][T18871] nx679j: journal mirror: 262143 bytes (file open, kmsg=3 pmsg=4 rd=8)
[32691.129063][T18889] nx679j: journal mirror: 262143 bytes (file open, kmsg=3 pmsg=4 rd=8)
[32693.165806][T18890] nx679j: journal mirror: 262143 bytes (file open, kmsg=3 pmsg=4 rd=8)
[32695.204656][T18908] nx679j: journal mirror: 262143 bytes (file open, kmsg=3 pmsg=4 rd=8)
[32695.545080][  T380] (virq:irq_count)- 11:1107154 6:883627 1:218315 2:209368 35:102082 30:56676 301:15158 28:2870 358:2740 361:237 
[32695.545088][  T380] (cpu:irq_count)- 0:395684 1:1133 2:500 3:993 4:13627 5:8992 6:9943 7:2167680 
[32695.545092][  T380] (ipi:irq_count)- 0:218315 1:209368 2:0 3:0 4:0 5:883627 6:0 
[32697.243291][T18926] nx679j: journal mirror: 262143 bytes (file open, kmsg=3 pmsg=4 rd=8)
[32699.276675][T18947] nx679j: journal mirror: 262143 bytes (file open, kmsg=3 pmsg=4 rd=8)
[32701.311212][T18965] nx679j: journal mirror: 262143 bytes (file open, kmsg=3 pmsg=4 rd=8)
[32703.349980][T18983] nx679j: journal mirror: 262143 bytes (file open, kmsg=3 pmsg=4 rd=8)
[32705.017082][  T241] (virq:irq_count)- 11:1107523 6:883948 1:218461 2:209440 35:102136 30:56703 301:15158 28:2872 358:2742 361:237 
[32705.017090][  T241] (cpu:irq_count)- 0:395837 1:1133 2:500 3:993 4:13652 5:9011 6:9974 7:2168445 
[32705.017093][  T241] (ipi:irq_count)- 0:218461 1:209440 2:0 3:0 4:0 5:883948 6:0 
[32705.389966][T18984] nx679j: journal mirror: 262143 bytes (file open, kmsg=3 pmsg=4 rd=8)
[32707.428216][T19002] nx679j: journal mirror: 262143 bytes (file open, kmsg=3 pmsg=4 rd=8)
[32709.462032][T19025] nx679j: journal mirror: 262143 bytes (file open, kmsg=3 pmsg=4 rd=8)
[32711.502644][T19026] nx679j: journal mirror: 262143 bytes (file open, kmsg=3 pmsg=4 rd=8)
[32713.537944][T19064] nx679j: journal mirror: 262143 bytes (file open, kmsg=3 pmsg=4 rd=8)
[32714.489082][  T241] (virq:irq_count)- 11:1107976 6:884266 1:218631 2:209515 35:102195 30:56733 301:15249 28:2876 358:2746 361:237 
[32714.489090][  T241] (cpu:irq_count)- 0:396134 1:1134 2:500 3:993 4:13674 5:9021 6:9992 7:2169301 
[32714.489095][  T241] (ipi:irq_count)- 0:218631 1:209515 2:0 3:0 4:0 5:884266 6:0 
[32715.577418][T19082] nx679j: journal mirror: 262143 bytes (file open, kmsg=3 pmsg=4 rd=8)
[32717.614903][T19083] nx679j: journal mirror: 262143 bytes (file open, kmsg=3 pmsg=4 rd=8)
[32719.652520][T19101] nx679j: journal mirror: 262143 bytes (file open, kmsg=3 pmsg=4 rd=8)
[32721.690411][T19119] nx679j: journal mirror: 262143 bytes (file open, kmsg=3 pmsg=4 rd=8)
[32723.729426][T19120] nx679j: journal mirror: 262143 bytes (file open, kmsg=3 pmsg=4 rd=8)
[32723.961073][  T378] (virq:irq_count)- 11:1108369 6:884566 1:218766 2:209587 35:102252 30:56763 301:15277 28:2876 358:2746 361:237 
[32723.961079][  T378] (cpu:irq_count)- 0:396327 1:1134 2:500 3:993 4:13687 5:9029 6:10008 7:2170086 
[32723.961082][  T378] (ipi:irq_count)- 0:218766 1:209587 2:0 3:0 4:0 5:884566 6:0 
[32725.765014][T19141] nx679j: journal mirror: 262143 bytes (file open, kmsg=3 pmsg=4 rd=8)
[32727.792921][T19159] nx679j: journal mirror: 262143 bytes (file open, kmsg=3 pmsg=4 rd=8)
[32729.827478][T19180] nx679j: journal mirror: 262143 bytes (file open, kmsg=3 pmsg=4 rd=8)
[32731.847786][T19198] nx679j: journal mirror: 262143 bytes (file open, kmsg=3 pmsg=4 rd=8)
[32733.433083][  T378] (virq:irq_count)- 11:1108746 6:884874 1:218905 2:209658 35:102302 30:56790 301:15279 28:2878 358:2748 361:237 
[32733.433090][  T378] (cpu:irq_count)- 0:396479 1:1134 2:500 3:993 4:13718 5:9046 6:10019 7:2170853 
[32733.433093][  T378] (ipi:irq_count)- 0:218905 1:209658 2:0 3:0 4:0 5:884874 6:0 
[32733.874533][T19216] nx679j: journal mirror: 262143 bytes (file open, kmsg=3 pmsg=4 rd=8)
[32735.913177][T19217] nx679j: journal mirror: 262143 bytes (file open, kmsg=3 pmsg=4 rd=8)
[32737.952670][T19235] nx679j: journal mirror: 262143 bytes (file open, kmsg=3 pmsg=4 rd=8)
[32739.989163][T19253] nx679j: journal mirror: 262143 bytes (file open, kmsg=3 pmsg=4 rd=8)
[32742.027438][T19254] nx679j: journal mirror: 262143 bytes (file open, kmsg=3 pmsg=4 rd=8)
[32742.905027][  T241] (virq:irq_count)- 11:1109127 6:885174 1:219036 2:209731 35:102356 30:56820 301:15284 28:2880 358:2750 361:237 
[32742.905034][  T241] (cpu:irq_count)- 0:396647 1:1134 2:500 3:993 4:13731 5:9051 6:10031 7:2171633 
[32742.905037][  T241] (ipi:irq_count)- 0:219036 1:209731 2:0 3:0 4:0 5:885174 6:0 
[32744.064223][T19292] nx679j: journal mirror: 262143 bytes (file open, kmsg=3 pmsg=4 rd=8)
[32746.098942][T19310] nx679j: journal mirror: 262143 bytes (file open, kmsg=3 pmsg=4 rd=8)
[32748.137982][T19328] nx679j: journal mirror: 262143 bytes (file open, kmsg=3 pmsg=4 rd=8)
[32750.177674][T19329] nx679j: journal mirror: 262143 bytes (file open, kmsg=3 pmsg=4 rd=8)
[32752.214583][T19347] nx679j: journal mirror: 262143 bytes (file open, kmsg=3 pmsg=4 rd=8)
[32752.377091][  T378] (virq:irq_count)- 11:1109506 6:885464 1:219171 2:209808 35:102413 30:56852 301:15286 28:2880 358:2750 361:237 
[32752.377097][  T378] (cpu:irq_count)- 0:396811 1:1134 2:500 3:993 4:13760 5:9058 6:10038 7:2172398 
[32752.377100][  T378] (ipi:irq_count)- 0:219171 1:209808 2:0 3:0 4:0 5:885464 6:0 
[32754.252956][T19365] nx679j: journal mirror: 262143 bytes (file open, kmsg=3 pmsg=4 rd=8)
[32756.292796][T19366] nx679j: journal mirror: 262143 bytes (file open, kmsg=3 pmsg=4 rd=8)
[32758.330433][T19404] nx679j: journal mirror: 262143 bytes (file open, kmsg=3 pmsg=4 rd=8)
[32760.368318][T19422] nx679j: journal mirror: 262143 bytes (file open, kmsg=3 pmsg=4 rd=8)
[32761.849097][  T241] (virq:irq_count)- 11:1109874 6:885760 1:219300 2:209872 35:102464 30:56879 301:15286 28:2882 358:2752 361:237 
[32761.849105][  T241] (cpu:irq_count)- 0:396951 1:1134 2:500 3:993 4:13777 5:9069 6:10054 7:2173153 
[32761.849108][  T241] (ipi:irq_count)- 0:219300 1:209872 2:0 3:0 4:0 5:885760 6:0 
[32762.405359][T19423] nx679j: journal mirror: 262143 bytes (file open, kmsg=3 pmsg=4 rd=8)
[32764.443854][T19441] nx679j: journal mirror: 262143 bytes (file open, kmsg=3 pmsg=4 rd=8)
[32765.393528][  T241] PMIC_GLINK: pmic_glink_rx_callback: No client present for 32778
[32765.393538][  T241] PMIC_GLINK: pmic_glink_rx_callback: No client present for 32778
[32766.482990][T19459] nx679j: journal mirror: 262143 bytes (file open, kmsg=3 pmsg=4 rd=8)
[32768.521684][T19460] nx679j: journal mirror: 262143 bytes (file open, kmsg=3 pmsg=4 rd=8)
[32770.557049][T19478] nx679j: journal mirror: 262143 bytes (file open, kmsg=3 pmsg=4 rd=8)
[32771.321052][  T375] (virq:irq_count)- 11:1110266 6:886062 1:219437 2:209949 35:102520 30:56909 301:15286 28:2885 358:2754 361:238 
[32771.321059][  T375] (cpu:irq_count)- 0:397116 1:1134 2:500 3:993 4:13796 5:9076 6:10074 7:2173942 
[32771.321062][  T375] (ipi:irq_count)- 0:219437 1:209949 2:0 3:0 4:0 5:886062 6:0 
[32772.592666][T19496] nx679j: journal mirror: 262143 bytes (file open, kmsg=3 pmsg=4 rd=8)
[32774.626057][T19517] nx679j: journal mirror: 262143 bytes (file open, kmsg=3 pmsg=4 rd=8)
[32776.663682][T19535] nx679j: journal mirror: 262143 bytes (file open, kmsg=3 pmsg=4 rd=8)
[32778.701155][T19553] nx679j: journal mirror: 262143 bytes (file open, kmsg=3 pmsg=4 rd=8)
[32780.737253][T19554] nx679j: journal mirror: 262143 bytes (file open, kmsg=3 pmsg=4 rd=8)
[32780.793035][  T241] (virq:irq_count)- 11:1110634 6:886349 1:219562 2:210018 35:102577 30:56939 301:15289 28:2885 358:2754 361:238 
[32780.793041][  T241] (cpu:irq_count)- 0:397273 1:1134 2:500 3:993 4:13812 5:9081 6:10085 7:2174692 
[32780.793044][  T241] (ipi:irq_count)- 0:219562 1:210018 2:0 3:0 4:0 5:886349 6:0 
[32782.772963][T19572] nx679j: journal mirror: 262143 bytes (file open, kmsg=3 pmsg=4 rd=8)
[32784.811731][T19590] nx679j: journal mirror: 262143 bytes (file open, kmsg=3 pmsg=4 rd=8)
[32786.851168][T19591] nx679j: journal mirror: 262143 bytes (file open, kmsg=3 pmsg=4 rd=8)
[32788.888639][T19629] nx679j: journal mirror: 262143 bytes (file open, kmsg=3 pmsg=4 rd=8)
[32790.265081][  T380] (virq:irq_count)- 11:1111005 6:886649 1:219690 2:210097 35:102632 30:56966 301:15293 28:2887 358:2756 361:238 
[32790.265088][  T380] (cpu:irq_count)- 0:397441 1:1134 2:500 3:993 4:13824 5:9086 6:10101 7:2175459 
[32790.265091][  T380] (ipi:irq_count)- 0:219690 1:210097 2:0 3:0 4:0 5:886649 6:0 
[32790.927090][T19647] nx679j: journal mirror: 262143 bytes (file open, kmsg=3 pmsg=4 rd=8)
[32792.964986][T19648] nx679j: journal mirror: 262143 bytes (file open, kmsg=3 pmsg=4 rd=8)
[32794.999412][T19666] nx679j: journal mirror: 262143 bytes (file open, kmsg=3 pmsg=4 rd=8)
[32797.031146][T19684] nx679j: journal mirror: 262143 bytes (file open, kmsg=3 pmsg=4 rd=8)
[32799.048805][T19685] nx679j: journal mirror: 262143 bytes (file open, kmsg=3 pmsg=4 rd=8)
[32799.737057][  T375] (virq:irq_count)- 11:1111384 6:886945 1:219808 2:210168 35:102684 30:56996 301:15296 28:2887 358:2756 361:238 
[32799.737063][  T375] (cpu:irq_count)- 0:397595 1:1134 2:500 3:993 4:13835 5:9096 6:10114 7:2176220 
[32799.737066][  T375] (ipi:irq_count)- 0:219808 1:210168 2:0 3:0 4:0 5:886945 6:0 
[32801.082688][T19703] nx679j: journal mirror: 262143 bytes (file open, kmsg=3 pmsg=4 rd=8)
[32803.117209][T19721] nx679j: journal mirror: 262143 bytes (file open, kmsg=3 pmsg=4 rd=8)
[32805.152559][T19742] nx679j: journal mirror: 262143 bytes (file open, kmsg=3 pmsg=4 rd=8)
[32807.190705][T19760] nx679j: journal mirror: 262143 bytes (file open, kmsg=3 pmsg=4 rd=8)
[32809.209091][  T380] (virq:irq_count)- 11:1111755 6:887253 1:219939 2:210242 35:102735 30:57023 301:15299 28:2889 358:2758 361:238 
[32809.209097][  T380] (cpu:irq_count)- 0:397753 1:1134 2:500 3:993 4:13858 5:9109 6:10122 7:2176987 
[32809.209100][  T380] (ipi:irq_count)- 0:219939 1:210242 2:0 3:0 4:0 5:887253 6:0 
[32809.228477][T19778] nx679j: journal mirror: 262143 bytes (file open, kmsg=3 pmsg=4 rd=8)
[32811.267161][T19779] nx679j: journal mirror: 262143 bytes (file open, kmsg=3 pmsg=4 rd=8)
[32813.303137][T19797] nx679j: journal mirror: 262143 bytes (file open, kmsg=3 pmsg=4 rd=8)
[32815.339719][T19815] nx679j: journal mirror: 262143 bytes (file open, kmsg=3 pmsg=4 rd=8)
[32817.378474][T19816] nx679j: journal mirror: 262143 bytes (file open, kmsg=3 pmsg=4 rd=8)
[32818.681114][  T375] (virq:irq_count)- 11:1112150 6:887558 1:220096 2:210321 35:102801 30:57058 301:15299 28:2891 358:2760 361:238 
[32818.681121][  T375] (cpu:irq_count)- 0:397930 1:1134 2:500 3:993 4:13875 5:9129 6:10132 7:2177804 
[32818.681123][  T375] (ipi:irq_count)- 0:220096 1:210321 2:0 3:0 4:0 5:887558 6:0 
[32819.415879][T19854] nx679j: journal mirror: 262143 bytes (file open, kmsg=3 pmsg=4 rd=8)
[32821.451275][T19872] nx679j: journal mirror: 262143 bytes (file open, kmsg=3 pmsg=4 rd=8)
[32823.489421][T19873] nx679j: journal mirror: 262143 bytes (file open, kmsg=3 pmsg=4 rd=8)
[32825.526856][T19891] nx679j: journal mirror: 262143 bytes (file open, kmsg=3 pmsg=4 rd=8)
[32827.553159][T19909] nx679j: journal mirror: 262143 bytes (file open, kmsg=3 pmsg=4 rd=8)
[32828.152573][  T375] (virq:irq_count)- 11:1112528 6:887856 1:220235 2:210386 35:102856 30:57086 301:15330 28:2891 358:2760 361:238 
[32828.152581][  T375] (cpu:irq_count)- 0:398117 1:1134 2:500 3:993 4:13895 5:9137 6:10149 7:2178566 
[32828.152585][  T375] (ipi:irq_count)- 0:220235 1:210386 2:0 3:0 4:0 5:887856 6:0 
[32829.575295][T19929] nx679j: journal mirror: 262143 bytes (file open, kmsg=3 pmsg=4 rd=8)
[32831.608187][T19930] nx679j: journal mirror: 262143 bytes (file open, kmsg=3 pmsg=4 rd=8)
[32833.646982][T19968] nx679j: journal mirror: 262143 bytes (file open, kmsg=3 pmsg=4 rd=8)
[32835.683465][T19986] nx679j: journal mirror: 262143 bytes (file open, kmsg=3 pmsg=4 rd=8)
[32837.624489][  T375] (virq:irq_count)- 11:1112894 6:888151 1:220364 2:210454 35:102908 30:57113 301:15332 28:2893 358:2762 361:238 
[32837.624496][  T375] (cpu:irq_count)- 0:398267 1:1134 2:500 3:993 4:13917 5:9151 6:10158 7:2179314 
[32837.624499][  T375] (ipi:irq_count)- 0:220364 1:210454 2:0 3:0 4:0 5:888151 6:0 
[32837.720099][T19987] nx679j: journal mirror: 262143 bytes (file open, kmsg=3 pmsg=4 rd=8)
[32839.747411][T20005] nx679j: journal mirror: 262143 bytes (file open, kmsg=3 pmsg=4 rd=8)
[32841.786224][T20023] nx679j: journal mirror: 262143 bytes (file open, kmsg=3 pmsg=4 rd=8)
[32843.826135][T20024] nx679j: journal mirror: 262143 bytes (file open, kmsg=3 pmsg=4 rd=8)
[32845.862530][T20042] nx679j: journal mirror: 262143 bytes (file open, kmsg=3 pmsg=4 rd=8)
[32847.097067][  T380] (virq:irq_count)- 11:1113280 6:888449 1:220499 2:210532 35:102963 30:57143 301:15332 28:2895 358:2764 361:238 
[32847.097073][  T380] (cpu:irq_count)- 0:398429 1:1134 2:500 3:993 4:13935 5:9160 6:10168 7:2180101 
[32847.097076][  T380] (ipi:irq_count)- 0:220499 1:210532 2:0 3:0 4:0 5:888449 6:0 
[32847.901382][T20060] nx679j: journal mirror: 262143 bytes (file open, kmsg=3 pmsg=4 rd=8)
[32849.939804][T20081] nx679j: journal mirror: 262143 bytes (file open, kmsg=3 pmsg=4 rd=8)
[32851.964386][T20099] nx679j: journal mirror: 262143 bytes (file open, kmsg=3 pmsg=4 rd=8)
[32853.983063][T20117] nx679j: journal mirror: 262143 bytes (file open, kmsg=3 pmsg=4 rd=8)
[32856.021860][T20118] nx679j: journal mirror: 262143 bytes (file open, kmsg=3 pmsg=4 rd=8)
[32856.568130][  T380] (virq:irq_count)- 11:1113648 6:888734 1:220613 2:210597 35:103016 30:57173 301:15332 28:2895 358:2764 361:238 
[32856.568138][  T380] (cpu:irq_count)- 0:398573 1:1134 2:500 3:993 4:13945 5:9170 6:10179 7:2180841 
[32856.568142][  T380] (ipi:irq_count)- 0:220613 1:210597 2:0 3:0 4:0 5:888734 6:0 
[32858.059921][T20136] nx679j: journal mirror: 262143 bytes (file open, kmsg=3 pmsg=4 rd=8)
[32860.098646][T20154] nx679j: journal mirror: 262143 bytes (file open, kmsg=3 pmsg=4 rd=8)
[32862.137369][T20155] nx679j: journal mirror: 262143 bytes (file open, kmsg=3 pmsg=4 rd=8)
[32864.172924][T20193] nx679j: journal mirror: 262143 bytes (file open, kmsg=3 pmsg=4 rd=8)
[32866.041087][  T380] (virq:irq_count)- 11:1114016 6:889035 1:220742 2:210670 35:103068 30:57200 301:15335 28:2897 358:2766 361:238 
[32866.041094][  T380] (cpu:irq_count)- 0:398729 1:1134 2:500 3:993 4:13958 5:9181 6:10192 7:2181605 
[32866.041097][  T380] (ipi:irq_count)- 0:220742 1:210670 2:0 3:0 4:0 5:889035 6:0 
[32866.212005][T20211] nx679j: journal mirror: 262143 bytes (file open, kmsg=3 pmsg=4 rd=8)
[32868.250761][T20212] nx679j: journal mirror: 262143 bytes (file open, kmsg=3 pmsg=4 rd=8)
[32870.287427][T20230] nx679j: journal mirror: 262143 bytes (file open, kmsg=3 pmsg=4 rd=8)
[32872.324771][T20248] nx679j: journal mirror: 262143 bytes (file open, kmsg=3 pmsg=4 rd=8)
[32874.364804][T20249] nx679j: journal mirror: 262143 bytes (file open, kmsg=3 pmsg=4 rd=8)
[32875.513037][  T375] (virq:irq_count)- 11:1114388 6:889329 1:220860 2:210742 35:103121 30:57230 301:15338 28:2897 358:2766 361:238 
[32875.513043][  T375] (cpu:irq_count)- 0:398884 1:1134 2:500 3:993 4:13977 5:9185 6:10204 7:2182357 
[32875.513047][  T375] (ipi:irq_count)- 0:220860 1:210742 2:0 3:0 4:0 5:889329 6:0 
[32876.402704][T20267] nx679j: journal mirror: 262143 bytes (file open, kmsg=3 pmsg=4 rd=8)
[32878.435911][T20286] nx679j: journal mirror: 262143 bytes (file open, kmsg=3 pmsg=4 rd=8)
[32880.475648][T20306] nx679j: journal mirror: 262143 bytes (file open, kmsg=3 pmsg=4 rd=8)
[32882.514383][T20324] nx679j: journal mirror: 262143 bytes (file open, kmsg=3 pmsg=4 rd=8)
[32884.552959][T20342] nx679j: journal mirror: 262143 bytes (file open, kmsg=3 pmsg=4 rd=8)
[32884.985117][  T375] (virq:irq_count)- 11:1114785 6:889631 1:221013 2:210826 35:103183 30:57265 301:15338 28:2899 358:2768 361:238 
[32884.985124][  T375] (cpu:irq_count)- 0:399061 1:1134 2:500 3:993 4:14005 5:9191 6:10217 7:2183170 
[32884.985128][  T375] (ipi:irq_count)- 0:221013 1:210826 2:0 3:0 4:0 5:889631 6:0 
[32886.593585][T20343] nx679j: journal mirror: 262143 bytes (file open, kmsg=3 pmsg=4 rd=8)
[32888.630398][T20361] nx679j: journal mirror: 262143 bytes (file open, kmsg=3 pmsg=4 rd=8)
[32890.666906][T20379] nx679j: journal mirror: 262143 bytes (file open, kmsg=3 pmsg=4 rd=8)
[32892.705501][T20380] nx679j: journal mirror: 262143 bytes (file open, kmsg=3 pmsg=4 rd=8)
[32894.457121][  T241] (virq:irq_count)- 11:1115158 6:889922 1:221142 2:210899 35:103237 30:57292 301:15340 28:2901 358:2770 361:238 
[32894.457130][  T241] (cpu:irq_count)- 0:399216 1:1134 2:500 3:993 4:14025 5:9204 6:10221 7:2183931 
[32894.457135][  T241] (ipi:irq_count)- 0:221142 1:210899 2:0 3:0 4:0 5:889922 6:0 
[32894.743521][T20418] nx679j: journal mirror: 262143 bytes (file open, kmsg=3 pmsg=4 rd=8)
[32896.781356][T20436] nx679j: journal mirror: 262143 bytes (file open, kmsg=3 pmsg=4 rd=8)
[32898.821141][T20437] nx679j: journal mirror: 262143 bytes (file open, kmsg=3 pmsg=4 rd=8)
[32900.858411][T20455] nx679j: journal mirror: 262143 bytes (file open, kmsg=3 pmsg=4 rd=8)
[32902.894430][T20473] nx679j: journal mirror: 262143 bytes (file open, kmsg=3 pmsg=4 rd=8)
[32903.929098][  T380] (virq:irq_count)- 11:1115534 6:890207 1:221243 2:210975 35:103286 30:57322 301:15341 28:2901 358:2770 361:238 
[32903.929104][  T380] (cpu:irq_count)- 0:399367 1:1134 2:500 3:993 4:14032 5:9214 6:10235 7:2184667 
[32903.929107][  T380] (ipi:irq_count)- 0:221243 1:210975 2:0 3:0 4:0 5:890207 6:0 
[32904.933198][T20474] nx679j: journal mirror: 262143 bytes (file open, kmsg=3 pmsg=4 rd=8)
[32906.970891][T20492] nx679j: journal mirror: 262143 bytes (file open, kmsg=3 pmsg=4 rd=8)
[32909.008757][T20530] nx679j: journal mirror: 262143 bytes (file open, kmsg=3 pmsg=4 rd=8)
[32911.044934][T20548] nx679j: journal mirror: 262143 bytes (file open, kmsg=3 pmsg=4 rd=8)
[32913.064232][T20549] nx679j: journal mirror: 262143 bytes (file open, kmsg=3 pmsg=4 rd=8)
[32913.400129][  T380] (virq:irq_count)- 11:1115907 6:890515 1:221384 2:211049 35:103339 30:57350 301:15346 28:2903 358:2772 361:238 
[32913.400135][  T380] (cpu:irq_count)- 0:399533 1:1134 2:500 3:993 4:14051 5:9232 6:10244 7:2185441 
[32913.400138][  T380] (ipi:irq_count)- 0:221384 1:211049 2:0 3:0 4:0 5:890515 6:0 
[32915.092976][T20567] nx679j: journal mirror: 262143 bytes (file open, kmsg=3 pmsg=4 rd=8)
[32917.129387][T20585] nx679j: journal mirror: 262143 bytes (file open, kmsg=3 pmsg=4 rd=8)
[32919.168201][T20586] nx679j: journal mirror: 262143 bytes (file open, kmsg=3 pmsg=4 rd=8)
[32921.205328][T20604] nx679j: journal mirror: 262143 bytes (file open, kmsg=3 pmsg=4 rd=8)
[32922.872123][  T380] (virq:irq_count)- 11:1116282 6:890805 1:221502 2:211117 35:103386 30:57377 301:15349 28:2905 358:2774 361:238 
[32922.872129][  T380] (cpu:irq_count)- 0:399684 1:1135 2:500 3:993 4:14069 5:9238 6:10251 7:2186190 
[32922.872132][  T380] (ipi:irq_count)- 0:221502 1:211117 2:0 3:0 4:0 5:890805 6:0 
[32923.241532][T20622] nx679j: journal mirror: 262143 bytes (file open, kmsg=3 pmsg=4 rd=8)
[32925.278315][T20643] nx679j: journal mirror: 262143 bytes (file open, kmsg=3 pmsg=4 rd=8)
[32927.316257][T20661] nx679j: journal mirror: 262143 bytes (file open, kmsg=3 pmsg=4 rd=8)
[32929.353427][T20679] nx679j: journal mirror: 262143 bytes (file open, kmsg=3 pmsg=4 rd=8)
[32931.391706][T20680] nx679j: journal mirror: 262143 bytes (file open, kmsg=3 pmsg=4 rd=8)
[32932.344481][  T380] (virq:irq_count)- 11:1116654 6:891115 1:221630 2:211196 35:103441 30:57407 301:15351 28:2905 358:2774 361:238 
[32932.344487][  T380] (cpu:irq_count)- 0:399845 1:1135 2:500 3:993 4:14082 5:9257 6:10266 7:2186958 
[32932.344491][  T380] (ipi:irq_count)- 0:221630 1:211196 2:0 3:0 4:0 5:891115 6:0 
[32933.416277][T20698] nx679j: journal mirror: 262143 bytes (file open, kmsg=3 pmsg=4 rd=8)
[32935.442573][T20716] nx679j: journal mirror: 262143 bytes (file open, kmsg=3 pmsg=4 rd=8)
[32937.483532][T20717] nx679j: journal mirror: 262143 bytes (file open, kmsg=3 pmsg=4 rd=8)
[32939.519367][T20755] nx679j: journal mirror: 262143 bytes (file open, kmsg=3 pmsg=4 rd=8)
[32941.558188][T20773] nx679j: journal mirror: 262143 bytes (file open, kmsg=3 pmsg=4 rd=8)
[32941.817057][  T375] (virq:irq_count)- 11:1117032 6:891410 1:221769 2:211268 35:103497 30:57437 301:15351 28:2907 358:2776 361:238 
[32941.817063][  T375] (cpu:irq_count)- 0:400001 1:1135 2:500 3:993 4:14101 5:9264 6:10276 7:2187740 
[32941.817066][  T375] (ipi:irq_count)- 0:221769 1:211268 2:0 3:0 4:0 5:891410 6:0 
[32943.596143][T20774] nx679j: journal mirror: 262143 bytes (file open, kmsg=3 pmsg=4 rd=8)
[32945.633877][T20792] nx679j: journal mirror: 262143 bytes (file open, kmsg=3 pmsg=4 rd=8)
[32947.672844][T20810] nx679j: journal mirror: 262143 bytes (file open, kmsg=3 pmsg=4 rd=8)
[32949.711116][T20811] nx679j: journal mirror: 262143 bytes (file open, kmsg=3 pmsg=4 rd=8)
[32951.288108][  T241] (virq:irq_count)- 11:1117402 6:891714 1:221901 2:211338 35:103551 30:57469 301:15354 28:2907 358:2776 361:238 
[32951.288115][  T241] (cpu:irq_count)- 0:400156 1:1135 2:500 3:993 4:14114 5:9277 6:10293 7:2188507 
[32951.288119][  T241] (ipi:irq_count)- 0:221901 1:211338 2:0 3:0 4:0 5:891714 6:0 
[32951.751322][T20829] nx679j: journal mirror: 262143 bytes (file open, kmsg=3 pmsg=4 rd=8)
[32953.786079][T20867] nx679j: journal mirror: 262143 bytes (file open, kmsg=3 pmsg=4 rd=8)
[32955.825153][T20868] nx679j: journal mirror: 262143 bytes (file open, kmsg=3 pmsg=4 rd=8)
[32957.863953][T20886] nx679j: journal mirror: 262143 bytes (file open, kmsg=3 pmsg=4 rd=8)
[32959.902029][T20904] nx679j: journal mirror: 262143 bytes (file open, kmsg=3 pmsg=4 rd=8)
[32960.760116][  T378] (virq:irq_count)- 11:1117785 6:892015 1:222044 2:211408 35:103615 30:57499 301:15354 28:2909 358:2778 361:238 
[32960.760124][  T378] (cpu:irq_count)- 0:400319 1:1135 2:500 3:993 4:14142 5:9286 6:10301 7:2189294 
[32960.760127][  T378] (ipi:irq_count)- 0:222044 1:211408 2:0 3:0 4:0 5:892015 6:0 
[32961.942716][T20905] nx679j: journal mirror: 262143 bytes (file open, kmsg=3 pmsg=4 rd=8)
[32963.979063][T20923] nx679j: journal mirror: 262143 bytes (file open, kmsg=3 pmsg=4 rd=8)
[32966.018545][T20941] nx679j: journal mirror: 262143 bytes (file open, kmsg=3 pmsg=4 rd=8)
[32968.059446][T20942] nx679j: journal mirror: 262143 bytes (file open, kmsg=3 pmsg=4 rd=8)
[32970.095965][T20980] nx679j: journal mirror: 262143 bytes (file open, kmsg=3 pmsg=4 rd=8)
[32970.233113][  T375] (virq:irq_count)- 11:1118170 6:892316 1:222181 2:211483 35:103675 30:57529 301:15354 28:2911 358:2780 361:238 
[32970.233119][  T375] (cpu:irq_count)- 0:400483 1:1135 2:500 3:993 4:14161 5:9292 6:10317 7:2190081 
[32970.233122][  T375] (ipi:irq_count)- 0:222181 1:211483 2:0 3:0 4:0 5:892316 6:0 
[32972.134808][T20998] nx679j: journal mirror: 262143 bytes (file open, kmsg=3 pmsg=4 rd=8)
[32974.172972][T20999] nx679j: journal mirror: 262143 bytes (file open, kmsg=3 pmsg=4 rd=8)
[32976.211118][T21019] nx679j: journal mirror: 262143 bytes (file open, kmsg=3 pmsg=4 rd=8)
[32978.251614][T21037] nx679j: journal mirror: 262143 bytes (file open, kmsg=3 pmsg=4 rd=8)
[32979.705089][  T378] (virq:irq_count)- 11:1118552 6:892607 1:222318 2:211553 35:103732 30:57556 301:15383 28:2911 358:2780 361:238 
[32979.705096][  T378] (cpu:irq_count)- 0:400677 1:1135 2:500 3:993 4:14182 5:9300 6:10326 7:2190842 
[32979.705099][  T378] (ipi:irq_count)- 0:222318 1:211553 2:0 3:0 4:0 5:892607 6:0 
[32980.289914][T21038] nx679j: journal mirror: 262143 bytes (file open, kmsg=3 pmsg=4 rd=8)
[32982.327576][T21056] nx679j: journal mirror: 262143 bytes (file open, kmsg=3 pmsg=4 rd=8)
[32984.361273][T21094] nx679j: journal mirror: 262143 bytes (file open, kmsg=3 pmsg=4 rd=8)
[32986.398776][T21095] nx679j: journal mirror: 262143 bytes (file open, kmsg=3 pmsg=4 rd=8)
[32988.437414][T21113] nx679j: journal mirror: 262143 bytes (file open, kmsg=3 pmsg=4 rd=8)
[32989.176442][  T380] (virq:irq_count)- 11:1118935 6:892902 1:222462 2:211625 35:103789 30:57586 301:15388 28:2913 358:2782 361:238 
[32989.176449][  T380] (cpu:irq_count)- 0:400845 1:1135 2:500 3:993 4:14199 5:9317 6:10334 7:2191622 
[32989.176452][  T380] (ipi:irq_count)- 0:222462 1:211625 2:0 3:0 4:0 5:892902 6:0 
[32990.463522][T21131] nx679j: journal mirror: 262143 bytes (file open, kmsg=3 pmsg=4 rd=8)
[32992.494367][T21149] nx679j: journal mirror: 262143 bytes (file open, kmsg=3 pmsg=4 rd=8)
[32994.532884][T21150] nx679j: journal mirror: 262143 bytes (file open, kmsg=3 pmsg=4 rd=8)
[32996.558530][T21168] nx679j: journal mirror: 262143 bytes (file open, kmsg=3 pmsg=4 rd=8)
[32998.574096][T21186] nx679j: journal mirror: 262143 bytes (file open, kmsg=3 pmsg=4 rd=8)
[32998.648952][  T375] (virq:irq_count)- 11:1119313 6:893201 1:222604 2:211694 35:103843 30:57616 301:15389 28:2915 358:2784 361:238 
[32998.648960][  T375] (cpu:irq_count)- 0:401004 1:1135 2:500 3:993 4:14215 5:9335 6:10355 7:2192386 
[32998.648965][  T375] (ipi:irq_count)- 0:222604 1:211694 2:0 3:0 4:0 5:893201 6:0 
[33000.612034][T21207] nx679j: journal mirror: 262143 bytes (file open, kmsg=3 pmsg=4 rd=8)
[33002.649896][T21225] nx679j: journal mirror: 262143 bytes (file open, kmsg=3 pmsg=4 rd=8)
[33004.688657][T21243] nx679j: journal mirror: 262143 bytes (file open, kmsg=3 pmsg=4 rd=8)
[33006.726349][T21244] nx679j: journal mirror: 262143 bytes (file open, kmsg=3 pmsg=4 rd=8)
[33008.121090][  T375] (virq:irq_count)- 11:1119676 6:893476 1:222709 2:211765 35:103890 30:57643 301:15389 28:2915 358:2784 361:238 
[33008.121098][  T375] (cpu:irq_count)- 0:401145 1:1135 2:500 3:993 4:14238 5:9341 6:10361 7:2193098 
[33008.121103][  T375] (ipi:irq_count)- 0:222709 1:211765 2:0 3:0 4:0 5:893476 6:0 
[33008.764464][T21262] nx679j: journal mirror: 262143 bytes (file open, kmsg=3 pmsg=4 rd=8)
[33010.802463][T21280] nx679j: journal mirror: 262143 bytes (file open, kmsg=3 pmsg=4 rd=8)
[33012.841314][T21281] nx679j: journal mirror: 262143 bytes (file open, kmsg=3 pmsg=4 rd=8)
[33014.875884][T21319] nx679j: journal mirror: 262143 bytes (file open, kmsg=3 pmsg=4 rd=8)
[33016.915195][T21337] nx679j: journal mirror: 262143 bytes (file open, kmsg=3 pmsg=4 rd=8)
[33017.593087][  T378] (virq:irq_count)- 11:1120060 6:893780 1:222841 2:211839 35:103943 30:57673 301:15392 28:2917 358:2786 361:238 
[33017.593094][  T378] (cpu:irq_count)- 0:401305 1:1135 2:500 3:993 4:14255 5:9350 6:10371 7:2193886 
[33017.593097][  T378] (ipi:irq_count)- 0:222841 1:211839 2:0 3:0 4:0 5:893780 6:0 
[33018.953977][T21338] nx679j: journal mirror: 262143 bytes (file open, kmsg=3 pmsg=4 rd=8)
[33020.991516][T21356] nx679j: journal mirror: 262143 bytes (file open, kmsg=3 pmsg=4 rd=8)
[33023.027502][T21374] nx679j: journal mirror: 262143 bytes (file open, kmsg=3 pmsg=4 rd=8)
[33025.065905][T21375] nx679j: journal mirror: 262143 bytes (file open, kmsg=3 pmsg=4 rd=8)
[33027.065105][  T378] (virq:irq_count)- 11:1120435 6:894098 1:222996 2:211924 35:104000 30:57705 301:15394 28:2919 358:2788 361:238 
[33027.065111][  T378] (cpu:irq_count)- 0:401484 1:1135 2:500 3:993 4:14281 5:9371 6:10383 7:2194677 
[33027.065115][  T378] (ipi:irq_count)- 0:222996 1:211924 2:0 3:0 4:0 5:894098 6:0 
[33027.104938][T21393] nx679j: journal mirror: 262143 bytes (file open, kmsg=3 pmsg=4 rd=8)
[33029.143156][T21431] nx679j: journal mirror: 262143 bytes (file open, kmsg=3 pmsg=4 rd=8)
[33031.180790][T21432] nx679j: journal mirror: 262143 bytes (file open, kmsg=3 pmsg=4 rd=8)
[33033.219689][T21450] nx679j: journal mirror: 262143 bytes (file open, kmsg=3 pmsg=4 rd=8)
[33035.257235][T21468] nx679j: journal mirror: 262143 bytes (file open, kmsg=3 pmsg=4 rd=8)
[33036.537097][  T378] (virq:irq_count)- 11:1120810 6:894389 1:223112 2:212006 35:104055 30:57735 301:15399 28:2919 358:2788 361:238 
[33036.537105][  T378] (cpu:irq_count)- 0:401660 1:1135 2:500 3:993 4:14297 5:9374 6:10386 7:2195433 
[33036.537109][  T378] (ipi:irq_count)- 0:223112 1:212006 2:0 3:0 4:0 5:894389 6:0 
[33037.294795][T21469] nx679j: journal mirror: 262143 bytes (file open, kmsg=3 pmsg=4 rd=8)
[33039.333135][T21487] nx679j: journal mirror: 262143 bytes (file open, kmsg=3 pmsg=4 rd=8)
[33041.371714][T21505] nx679j: journal mirror: 262143 bytes (file open, kmsg=3 pmsg=4 rd=8)
[33043.411765][T21506] nx679j: journal mirror: 262143 bytes (file open, kmsg=3 pmsg=4 rd=8)
[33045.448914][T21544] nx679j: journal mirror: 262143 bytes (file open, kmsg=3 pmsg=4 rd=8)
[33046.009095][  T375] (virq:irq_count)- 11:1121205 6:894706 1:223256 2:212085 35:104112 30:57765 301:15402 28:2921 358:2790 361:238 
[33046.009102][  T375] (cpu:irq_count)- 0:401831 1:1135 2:500 3:993 4:14329 5:9382 6:10393 7:2196244 
[33046.009105][  T375] (ipi:irq_count)- 0:223256 1:212085 2:0 3:0 4:0 5:894706 6:0 
[33047.484587][T21562] nx679j: journal mirror: 262143 bytes (file open, kmsg=3 pmsg=4 rd=8)
[33049.523646][T21563] nx679j: journal mirror: 262143 bytes (file open, kmsg=3 pmsg=4 rd=8)
[33051.560644][T21581] nx679j: journal mirror: 262143 bytes (file open, kmsg=3 pmsg=4 rd=8)
[33053.598647][T21599] nx679j: journal mirror: 262143 bytes (file open, kmsg=3 pmsg=4 rd=8)
[33055.481016][  T378] (virq:irq_count)- 11:1121559 6:894985 1:223359 2:212157 35:104160 30:57792 301:15402 28:2921 358:2790 361:238 
[33055.481025][  T378] (cpu:irq_count)- 0:401972 1:1135 2:500 3:993 4:14340 5:9393 6:10398 7:2196959 
[33055.481030][  T378] (ipi:irq_count)- 0:223359 1:212157 2:0 3:0 4:0 5:894985 6:0 
[33055.636946][T21600] nx679j: journal mirror: 262143 bytes (file open, kmsg=3 pmsg=4 rd=8)
[33057.673047][T21618] nx679j: journal mirror: 262143 bytes (file open, kmsg=3 pmsg=4 rd=8)
[33059.710643][T21656] nx679j: journal mirror: 262143 bytes (file open, kmsg=3 pmsg=4 rd=8)
[33061.747912][T21657] nx679j: journal mirror: 262143 bytes (file open, kmsg=3 pmsg=4 rd=8)
[33063.785660][T21675] nx679j: journal mirror: 262143 bytes (file open, kmsg=3 pmsg=4 rd=8)
[33064.953093][  T378] (virq:irq_count)- 11:1121946 6:895286 1:223490 2:212228 35:104215 30:57822 301:15402 28:2923 358:2792 361:238 
[33064.953100][  T378] (cpu:irq_count)- 0:402127 1:1135 2:500 3:993 4:14354 5:9401 6:10412 7:2197747 
[33064.953105][  T378] (ipi:irq_count)- 0:223490 1:212228 2:0 3:0 4:0 5:895286 6:0 
[33065.820605][T21693] nx679j: journal mirror: 262143 bytes (file open, kmsg=3 pmsg=4 rd=8)
[33067.859954][T21694] nx679j: journal mirror: 262143 bytes (file open, kmsg=3 pmsg=4 rd=8)
[33069.899154][T21712] nx679j: journal mirror: 262143 bytes (file open, kmsg=3 pmsg=4 rd=8)
[33071.937054][T21730] nx679j: journal mirror: 262143 bytes (file open, kmsg=3 pmsg=4 rd=8)
[33073.974995][T21768] nx679j: journal mirror: 262143 bytes (file open, kmsg=3 pmsg=4 rd=8)
[33074.424151][  T375] (virq:irq_count)- 11:1122325 6:895592 1:223630 2:212305 35:104266 30:57850 301:15405 28:2925 358:2794 361:238 
[33074.424157][  T375] (cpu:irq_count)- 0:402292 1:1135 2:500 3:993 4:14390 5:9408 6:10419 7:2198520 
[33074.424160][  T375] (ipi:irq_count)- 0:223630 1:212305 2:0 3:0 4:0 5:895592 6:0 
[33076.014310][T21769] nx679j: journal mirror: 262143 bytes (file open, kmsg=3 pmsg=4 rd=8)
[33078.050711][T21787] nx679j: journal mirror: 262143 bytes (file open, kmsg=3 pmsg=4 rd=8)
[33080.088961][T21805] nx679j: journal mirror: 262143 bytes (file open, kmsg=3 pmsg=4 rd=8)
[33082.129182][T21806] nx679j: journal mirror: 262143 bytes (file open, kmsg=3 pmsg=4 rd=8)
[33083.897062][  T375] (virq:irq_count)- 11:1122674 6:895866 1:223730 2:212372 35:104314 30:57877 301:15405 28:2925 358:2794 361:238 
[33083.897069][  T375] (cpu:irq_count)- 0:402428 1:1135 2:500 3:993 4:14406 5:9412 6:10424 7:2199224 
[33083.897072][  T375] (ipi:irq_count)- 0:223730 1:212372 2:0 3:0 4:0 5:895866 6:0 
[33084.167929][T21824] nx679j: journal mirror: 262143 bytes (file open, kmsg=3 pmsg=4 rd=8)
[33086.203372][T21842] nx679j: journal mirror: 262143 bytes (file open, kmsg=3 pmsg=4 rd=8)
[33088.241557][T21843] nx679j: journal mirror: 262143 bytes (file open, kmsg=3 pmsg=4 rd=8)
[33090.279200][T21881] nx679j: journal mirror: 262143 bytes (file open, kmsg=3 pmsg=4 rd=8)
[33092.316681][T21899] nx679j: journal mirror: 262143 bytes (file open, kmsg=3 pmsg=4 rd=8)
[33093.369096][  T375] (virq:irq_count)- 11:1123073 6:896181 1:223889 2:212452 35:104377 30:57912 301:15406 28:2927 358:2796 361:238 
[33093.369104][  T375] (cpu:irq_count)- 0:402606 1:1135 2:500 3:993 4:14427 5:9426 6:10439 7:2200052 
[33093.369109][  T375] (ipi:irq_count)- 0:223889 1:212452 2:0 3:0 4:0 5:896181 6:0 
[33094.356728][T21900] nx679j: journal mirror: 262143 bytes (file open, kmsg=3 pmsg=4 rd=8)
[33096.395283][T21918] nx679j: journal mirror: 262143 bytes (file open, kmsg=3 pmsg=4 rd=8)
[33098.430783][T21936] nx679j: journal mirror: 262143 bytes (file open, kmsg=3 pmsg=4 rd=8)
[33100.471831][T21937] nx679j: journal mirror: 262143 bytes (file open, kmsg=3 pmsg=4 rd=8)
[33102.511685][T21955] nx679j: journal mirror: 262143 bytes (file open, kmsg=3 pmsg=4 rd=8)
[33102.840934][  T380] (virq:irq_count)- 11:1123500 6:896493 1:224062 2:212530 35:104439 30:57942 301:15443 28:2929 358:2798 361:238 
[33102.840943][  T380] (cpu:irq_count)- 0:402823 1:1136 2:500 3:993 4:14457 5:9438 6:10455 7:2200899 
[33102.840948][  T380] (ipi:irq_count)- 0:224062 1:212530 2:0 3:0 4:0 5:896493 6:0 
[33104.549678][T21993] nx679j: journal mirror: 262143 bytes (file open, kmsg=3 pmsg=4 rd=8)
[33106.586686][T22000] nx679j: journal mirror: 262143 bytes (file open, kmsg=3 pmsg=4 rd=8)
[33108.619019][T22018] nx679j: journal mirror: 262143 bytes (file open, kmsg=3 pmsg=4 rd=8)
[33110.651514][T22036] nx679j: journal mirror: 262143 bytes (file open, kmsg=3 pmsg=4 rd=8)
[33112.313087][  T378] (virq:irq_count)- 11:1123866 6:896795 1:224176 2:212596 35:104488 30:57969 301:15453 28:2929 358:2798 361:238 
[33112.313096][  T378] (cpu:irq_count)- 0:402984 1:1138 2:500 3:993 4:14466 5:9454 6:10462 7:2201638 
[33112.313101][  T378] (ipi:irq_count)- 0:224176 1:212596 2:0 3:0 4:0 5:896795 6:0 
[33112.671897][T22037] nx679j: journal mirror: 262143 bytes (file open, kmsg=3 pmsg=4 rd=8)
[33114.705983][T22055] nx679j: journal mirror: 262143 bytes (file open, kmsg=3 pmsg=4 rd=8)
[33116.743839][T22073] nx679j: journal mirror: 262143 bytes (file open, kmsg=3 pmsg=4 rd=8)
[33118.784960][T22074] nx679j: journal mirror: 262143 bytes (file open, kmsg=3 pmsg=4 rd=8)
[33120.820070][T22112] nx679j: journal mirror: 262143 bytes (file open, kmsg=3 pmsg=4 rd=8)
[33121.784584][  T375] (virq:irq_count)- 11:1124254 6:897106 1:224320 2:212675 35:104550 30:57999 301:15453 28:2931 358:2800 361:238 
[33121.784591][  T375] (cpu:irq_count)- 0:403152 1:1138 2:500 3:993 4:14481 5:9472 6:10473 7:2202444 
[33121.784594][  T375] (ipi:irq_count)- 0:224320 1:212675 2:0 3:0 4:0 5:897106 6:0 
[33122.850546][T22130] nx679j: journal mirror: 262143 bytes (file open, kmsg=3 pmsg=4 rd=8)
[33124.881014][T22131] nx679j: journal mirror: 262143 bytes (file open, kmsg=3 pmsg=4 rd=8)
[33126.917187][T22149] nx679j: journal mirror: 262143 bytes (file open, kmsg=3 pmsg=4 rd=8)
[33128.953214][T22167] nx679j: journal mirror: 262143 bytes (file open, kmsg=3 pmsg=4 rd=8)
[33130.990893][T22168] nx679j: journal mirror: 262143 bytes (file open, kmsg=3 pmsg=4 rd=8)
[33131.257103][  T378] (virq:irq_count)- 11:1124631 6:897395 1:224430 2:212747 35:104602 30:58029 301:15453 28:2931 358:2800 361:238 
[33131.257109][  T378] (cpu:irq_count)- 0:403300 1:1138 2:500 3:993 4:14496 5:9483 6:10478 7:2203195 
[33131.257112][  T378] (ipi:irq_count)- 0:224430 1:212747 2:0 3:0 4:0 5:897395 6:0 
[33133.029683][T22186] nx679j: journal mirror: 262143 bytes (file open, kmsg=3 pmsg=4 rd=8)
[33135.067128][T22224] nx679j: journal mirror: 262143 bytes (file open, kmsg=3 pmsg=4 rd=8)
[33137.103862][T22225] nx679j: journal mirror: 262143 bytes (file open, kmsg=3 pmsg=4 rd=8)
[33139.141570][T22243] nx679j: journal mirror: 262143 bytes (file open, kmsg=3 pmsg=4 rd=8)
[33140.729045][  T380] (virq:irq_count)- 11:1125012 6:897699 1:224568 2:212821 35:104654 30:58056 301:15459 28:2933 358:2802 361:238 
[33140.729051][  T380] (cpu:irq_count)- 0:403468 1:1138 2:500 3:993 4:14527 5:9490 6:10484 7:2203969 
[33140.729054][  T380] (ipi:irq_count)- 0:224568 1:212821 2:0 3:0 4:0 5:897699 6:0 
[33141.178726][T22261] nx679j: journal mirror: 262143 bytes (file open, kmsg=3 pmsg=4 rd=8)
[33143.217671][T22262] nx679j: journal mirror: 262143 bytes (file open, kmsg=3 pmsg=4 rd=8)
[33145.256648][T22280] nx679j: journal mirror: 262143 bytes (file open, kmsg=3 pmsg=4 rd=8)
[33147.296651][T22298] nx679j: journal mirror: 262143 bytes (file open, kmsg=3 pmsg=4 rd=8)
[33149.336586][T22319] nx679j: journal mirror: 262143 bytes (file open, kmsg=3 pmsg=4 rd=8)
[33150.201094][  T241] (virq:irq_count)- 11:1125398 6:898010 1:224705 2:212900 35:104714 30:58086 301:15463 28:2935 358:2804 361:238 
[33150.201102][  T241] (cpu:irq_count)- 0:403646 1:1138 2:500 3:993 4:14549 5:9497 6:10495 7:2204762 
[33150.201107][  T241] (ipi:irq_count)- 0:224705 1:212900 2:0 3:0 4:0 5:898010 6:0 
[33151.370541][T22337] nx679j: journal mirror: 262143 bytes (file open, kmsg=3 pmsg=4 rd=8)
[33153.408367][T22355] nx679j: journal mirror: 262143 bytes (file open, kmsg=3 pmsg=4 rd=8)
[33155.446385][T22373] nx679j: journal mirror: 262143 bytes (file open, kmsg=3 pmsg=4 rd=8)
[33157.462851][T22374] nx679j: journal mirror: 262143 bytes (file open, kmsg=3 pmsg=4 rd=8)
[33159.490891][T22392] nx679j: journal mirror: 262143 bytes (file open, kmsg=3 pmsg=4 rd=8)
[33159.673067][  T378] (virq:irq_count)- 11:1125774 6:898306 1:224839 2:212977 35:104768 30:58119 301:15466 28:2935 358:2804 361:238 
[33159.673074][  T378] (cpu:irq_count)- 0:403806 1:1138 2:500 3:993 4:14578 5:9509 6:10505 7:2205524 
[33159.673077][  T378] (ipi:irq_count)- 0:224839 1:212977 2:0 3:0 4:0 5:898306 6:0 
[33161.529596][T22410] nx679j: journal mirror: 262143 bytes (file open, kmsg=3 pmsg=4 rd=8)
[33163.567220][T22411] nx679j: journal mirror: 262143 bytes (file open, kmsg=3 pmsg=4 rd=8)
[33165.602778][T22449] nx679j: journal mirror: 262143 bytes (file open, kmsg=3 pmsg=4 rd=8)
[33167.639389][T22467] nx679j: journal mirror: 262143 bytes (file open, kmsg=3 pmsg=4 rd=8)
[33169.145118][  T241] (virq:irq_count)- 11:1126153 6:898605 1:224965 2:213052 35:104821 30:58146 301:15470 28:2937 358:2806 361:238 
[33169.145125][  T241] (cpu:irq_count)- 0:403966 1:1138 2:500 3:993 4:14595 5:9518 6:10512 7:2206298 
[33169.145129][  T241] (ipi:irq_count)- 0:224965 1:213052 2:0 3:0 4:0 5:898605 6:0 
[33169.679190][T22468] nx679j: journal mirror: 262143 bytes (file open, kmsg=3 pmsg=4 rd=8)
[33171.719144][T22486] nx679j: journal mirror: 262143 bytes (file open, kmsg=3 pmsg=4 rd=8)
[33173.755413][T22504] nx679j: journal mirror: 262143 bytes (file open, kmsg=3 pmsg=4 rd=8)
[33175.791336][T22505] nx679j: journal mirror: 262143 bytes (file open, kmsg=3 pmsg=4 rd=8)
[33177.831601][T22523] nx679j: journal mirror: 262143 bytes (file open, kmsg=3 pmsg=4 rd=8)
[33178.617109][  T380] (virq:irq_count)- 11:1126533 6:898892 1:225103 2:213119 35:104883 30:58176 301:15470 28:2939 358:2808 361:238 
[33178.617118][  T380] (cpu:irq_count)- 0:404124 1:1138 2:500 3:993 4:14614 5:9526 6:10520 7:2207073 
[33178.617122][  T380] (ipi:irq_count)- 0:225103 1:213119 2:0 3:0 4:0 5:898892 6:0 
[33179.868451][T22561] nx679j: journal mirror: 262143 bytes (file open, kmsg=3 pmsg=4 rd=8)
[33181.907925][T22562] nx679j: journal mirror: 262143 bytes (file open, kmsg=3 pmsg=4 rd=8)
[33183.946953][T22580] nx679j: journal mirror: 262143 bytes (file open, kmsg=3 pmsg=4 rd=8)
[33185.981867][T22598] nx679j: journal mirror: 262143 bytes (file open, kmsg=3 pmsg=4 rd=8)
[33188.021643][T22599] nx679j: journal mirror: 262143 bytes (file open, kmsg=3 pmsg=4 rd=8)
[33188.088107][  T380] (virq:irq_count)- 11:1126898 6:899170 1:225214 2:213190 35:104938 30:58206 301:15470 28:2939 358:2808 361:238 
[33188.088113][  T380] (cpu:irq_count)- 0:404274 1:1138 2:500 3:993 4:14628 5:9532 6:10524 7:2207809 
[33188.088117][  T380] (ipi:irq_count)- 0:225214 1:213190 2:0 3:0 4:0 5:899170 6:0 
[33190.062749][T22617] nx679j: journal mirror: 262143 bytes (file open, kmsg=3 pmsg=4 rd=8)
[33192.100272][T22635] nx679j: journal mirror: 262143 bytes (file open, kmsg=3 pmsg=4 rd=8)
[33194.139111][T22656] nx679j: journal mirror: 262143 bytes (file open, kmsg=3 pmsg=4 rd=8)
[33196.175147][T22674] nx679j: journal mirror: 262143 bytes (file open, kmsg=3 pmsg=4 rd=8)
[33197.561099][  T375] (virq:irq_count)- 11:1127269 6:899475 1:225342 2:213260 35:104990 30:58233 301:15473 28:2941 358:2810 361:238 
[33197.561105][  T375] (cpu:irq_count)- 0:404428 1:1138 2:500 3:993 4:14644 5:9552 6:10531 7:2208572 
[33197.561109][  T375] (ipi:irq_count)- 0:225342 1:213260 2:0 3:0 4:0 5:899475 6:0 
[33198.210986][T22692] nx679j: journal mirror: 262143 bytes (file open, kmsg=3 pmsg=4 rd=8)
[33200.250000][T22693] nx679j: journal mirror: 262143 bytes (file open, kmsg=3 pmsg=4 rd=8)
[33202.289178][T22711] nx679j: journal mirror: 262143 bytes (file open, kmsg=3 pmsg=4 rd=8)
[33204.324478][T22729] nx679j: journal mirror: 262143 bytes (file open, kmsg=3 pmsg=4 rd=8)
[33206.362290][T22730] nx679j: journal mirror: 262143 bytes (file open, kmsg=3 pmsg=4 rd=8)
[33206.913426][  T375] PMIC_GLINK: pmic_glink_rx_callback: No client present for 32778
[33207.032131][  T380] (virq:irq_count)- 11:1127652 6:899765 1:225477 2:213329 35:105046 30:58263 301:15473 28:2944 358:2812 361:239 
[33207.032139][  T380] (cpu:irq_count)- 0:404584 1:1138 2:500 3:993 4:14658 5:9556 6:10547 7:2209351 
[33207.032142][  T380] (ipi:irq_count)- 0:225477 1:213329 2:0 3:0 4:0 5:899765 6:0 
[33207.171093][  T380] PMIC_GLINK: pmic_glink_rx_callback: No client present for 32778
[33208.400349][T22748] nx679j: journal mirror: 262143 bytes (file open, kmsg=3 pmsg=4 rd=8)
[33210.438304][T22786] nx679j: journal mirror: 262143 bytes (file open, kmsg=3 pmsg=4 rd=8)
[33212.478030][T22787] nx679j: journal mirror: 262143 bytes (file open, kmsg=3 pmsg=4 rd=8)
[33214.517044][T22805] nx679j: journal mirror: 262143 bytes (file open, kmsg=3 pmsg=4 rd=8)
[33216.505094][  T241] (virq:irq_count)- 11:1128041 6:900079 1:225614 2:213402 35:105103 30:58290 301:15503 28:2945 358:2812 361:240 
[33216.505102][  T241] (cpu:irq_count)- 0:404784 1:1139 2:500 3:993 4:14680 5:9564 6:10556 7:2210140 
[33216.505107][  T241] (ipi:irq_count)- 0:225614 1:213402 2:0 3:0 4:0 5:900079 6:0 
[33216.553805][T22825] nx679j: journal mirror: 262143 bytes (file open, kmsg=3 pmsg=4 rd=8)
[33218.589732][T22826] nx679j: journal mirror: 262143 bytes (file open, kmsg=3 pmsg=4 rd=8)
[33220.629571][T22844] nx679j: journal mirror: 262143 bytes (file open, kmsg=3 pmsg=4 rd=8)
[33222.665729][T22862] nx679j: journal mirror: 262143 bytes (file open, kmsg=3 pmsg=4 rd=8)
[33224.702783][T22883] nx679j: journal mirror: 262143 bytes (file open, kmsg=3 pmsg=4 rd=8)
[33225.977119][  T375] (virq:irq_count)- 11:1128444 6:900393 1:225780 2:213479 35:105166 30:58325 301:15510 28:2947 358:2814 361:240 
[33225.977127][  T375] (cpu:irq_count)- 0:404972 1:1139 2:500 3:993 4:14711 5:9573 6:10569 7:2210968 
[33225.977131][  T375] (ipi:irq_count)- 0:225780 1:213479 2:0 3:0 4:0 5:900393 6:0 
[33226.740957][T22901] nx679j: journal mirror: 262143 bytes (file open, kmsg=3 pmsg=4 rd=8)
[33228.777795][T22919] nx679j: journal mirror: 262143 bytes (file open, kmsg=3 pmsg=4 rd=8)
[33230.816048][T22920] nx679j: journal mirror: 262143 bytes (file open, kmsg=3 pmsg=4 rd=8)
[33232.854990][T22938] nx679j: journal mirror: 262143 bytes (file open, kmsg=3 pmsg=4 rd=8)
[33234.890727][T22956] nx679j: journal mirror: 262143 bytes (file open, kmsg=3 pmsg=4 rd=8)
[33235.449095][  T375] (virq:irq_count)- 11:1128820 6:900681 1:225897 2:213553 35:105220 30:58355 301:15513 28:2947 358:2814 361:240 
[33235.449101][  T375] (cpu:irq_count)- 0:405130 1:1139 2:500 3:993 4:14722 5:9584 6:10575 7:2211724 
[33235.449104][  T375] (ipi:irq_count)- 0:225897 1:213553 2:0 3:0 4:0 5:900681 6:0 
[33236.925951][T22974] nx679j: journal mirror: 262143 bytes (file open, kmsg=3 pmsg=4 rd=8)
[33238.962957][T22995] nx679j: journal mirror: 262143 bytes (file open, kmsg=3 pmsg=4 rd=8)
[33241.001032][T23013] nx679j: journal mirror: 262143 bytes (file open, kmsg=3 pmsg=4 rd=8)
[33243.038788][T23031] nx679j: journal mirror: 262143 bytes (file open, kmsg=3 pmsg=4 rd=8)
[33244.921061][  T241] (virq:irq_count)- 11:1129193 6:900976 1:226021 2:213624 35:105270 30:58382 301:15513 28:2949 358:2816 361:240 
[33244.921070][  T241] (cpu:irq_count)- 0:405277 1:1139 2:500 3:993 4:14742 5:9598 6:10582 7:2212480 
[33244.921075][  T241] (ipi:irq_count)- 0:226021 1:213624 2:0 3:0 4:0 5:900976 6:0 
[33245.076501][T23032] nx679j: journal mirror: 262143 bytes (file open, kmsg=3 pmsg=4 rd=8)
[33247.112767][T23050] nx679j: journal mirror: 262143 bytes (file open, kmsg=3 pmsg=4 rd=8)
[33249.151548][T23068] nx679j: journal mirror: 262143 bytes (file open, kmsg=3 pmsg=4 rd=8)
[33251.190583][T23069] nx679j: journal mirror: 262143 bytes (file open, kmsg=3 pmsg=4 rd=8)
[33253.227550][T23107] nx679j: journal mirror: 262143 bytes (file open, kmsg=3 pmsg=4 rd=8)
[33254.393044][  T241] (virq:irq_count)- 11:1129599 6:901279 1:226182 2:213703 35:105331 30:58412 301:15541 28:2951 358:2818 361:240 
[33254.393051][  T241] (cpu:irq_count)- 0:405484 1:1140 2:500 3:993 4:14764 5:9608 6:10598 7:2213296 
[33254.393054][  T241] (ipi:irq_count)- 0:226182 1:213703 2:0 3:0 4:0 5:901279 6:0 
[33255.263849][T23130] nx679j: journal mirror: 262143 bytes (file open, kmsg=3 pmsg=4 rd=8)
[33257.301318][T23131] nx679j: journal mirror: 262143 bytes (file open, kmsg=3 pmsg=4 rd=8)
[33259.341005][T23149] nx679j: journal mirror: 262143 bytes (file open, kmsg=3 pmsg=4 rd=8)
[33261.377323][T23167] nx679j: journal mirror: 262143 bytes (file open, kmsg=3 pmsg=4 rd=8)
[33263.416689][T23168] nx679j: journal mirror: 262143 bytes (file open, kmsg=3 pmsg=4 rd=8)
[33263.864164][  T241] (virq:irq_count)- 11:1129968 6:901567 1:226301 2:213777 35:105387 30:58442 301:15544 28:2951 358:2818 361:240 
[33263.864172][  T241] (cpu:irq_count)- 0:405645 1:1140 2:500 3:993 4:14781 5:9614 6:10605 7:2214044 
[33263.864176][  T241] (ipi:irq_count)- 0:226301 1:213777 2:0 3:0 4:0 5:901567 6:0 
[33265.455581][T23186] nx679j: journal mirror: 262143 bytes (file open, kmsg=3 pmsg=4 rd=8)
[33267.490930][T23204] nx679j: journal mirror: 262143 bytes (file open, kmsg=3 pmsg=4 rd=8)
[33269.530713][T23205] nx679j: journal mirror: 262143 bytes (file open, kmsg=3 pmsg=4 rd=8)
[33271.569134][T23223] nx679j: journal mirror: 262143 bytes (file open, kmsg=3 pmsg=4 rd=8)
[33273.336130][  T241] (virq:irq_count)- 11:1130334 6:901863 1:226413 2:213854 35:105437 30:58469 301:15551 28:2951 358:2818 361:240 
[33273.336136][  T241] (cpu:irq_count)- 0:405809 1:1140 2:500 3:993 4:14797 5:9618 6:10617 7:2214783 
[33273.336139][  T241] (ipi:irq_count)- 0:226413 1:213854 2:0 3:0 4:0 5:901863 6:0 
[33273.604325][T23241] nx679j: journal mirror: 262143 bytes (file open, kmsg=3 pmsg=4 rd=8)
[33275.642765][T23242] nx679j: journal mirror: 262143 bytes (file open, kmsg=3 pmsg=4 rd=8)
[33277.680692][T23260] nx679j: journal mirror: 262143 bytes (file open, kmsg=3 pmsg=4 rd=8)
[33279.717955][T23278] nx679j: journal mirror: 262143 bytes (file open, kmsg=3 pmsg=4 rd=8)
[33281.755976][T23279] nx679j: journal mirror: 262143 bytes (file open, kmsg=3 pmsg=4 rd=8)
[33282.809098][  T375] (virq:irq_count)- 11:1130698 6:902144 1:226525 2:213928 35:105488 30:58499 301:15553 28:2951 358:2818 361:240 
[33282.809106][  T375] (cpu:irq_count)- 0:405960 1:1140 2:500 3:993 4:14815 5:9627 6:10623 7:2215513 
[33282.809111][  T375] (ipi:irq_count)- 0:226525 1:213928 2:0 3:0 4:0 5:902144 6:0 
[33283.796950][T23297] nx679j: journal mirror: 262143 bytes (file open, kmsg=3 pmsg=4 rd=8)
[33285.830253][T23315] nx679j: journal mirror: 262143 bytes (file open, kmsg=3 pmsg=4 rd=8)
[33287.865915][T23316] nx679j: journal mirror: 262143 bytes (file open, kmsg=3 pmsg=4 rd=8)
[33289.901309][T23346] nx679j: journal mirror: 262143 bytes (file open, kmsg=3 pmsg=4 rd=8)
[33290.613740][T23431] rmnet_ctl driver probed
[33290.616854][T23431] ipa ipa3_setup_apps_low_lat_prod_pipe:374 Configuring low lat prod without rmnet config
[33291.928680][T23384] nx679j: journal mirror: 262143 bytes (file open, kmsg=3 pmsg=4 rd=8)
[33292.280171][  T378] (virq:irq_count)- 11:1131534 6:902581 1:227329 2:214078 35:105606 30:58565 301:16454 28:2959 358:2826 361:240 
[33292.280179][  T378] (cpu:irq_count)- 0:407445 1:1156 2:502 3:995 4:14888 5:9676 6:10709 7:2217174 
[33292.280183][  T378] (ipi:irq_count)- 0:227329 1:214078 2:0 3:0 4:0 5:902581 6:0 
[33293.937881][T23466] nx679j: journal mirror: 262143 bytes (file open, kmsg=3 pmsg=4 rd=8)
[33295.959304][T23486] nx679j: journal mirror: 262143 bytes (file open, kmsg=3 pmsg=4 rd=8)
[33297.997260][T23506] nx679j: journal mirror: 262143 bytes (file open, kmsg=3 pmsg=4 rd=8)
[33300.035521][T23507] nx679j: journal mirror: 262143 bytes (file open, kmsg=3 pmsg=4 rd=8)
[33301.752151][  T375] (virq:irq_count)- 11:1131922 6:902887 1:227493 2:214156 35:105662 30:58597 301:16458 28:2959 358:2826 361:240 
[33301.752157][  T375] (cpu:irq_count)- 0:407609 1:1157 2:503 3:996 4:14912 5:9703 6:10729 7:2217963 
[33301.752160][  T375] (ipi:irq_count)- 0:227493 1:214156 2:0 3:0 4:0 5:902887 6:0 
[33302.072937][T23527] nx679j: journal mirror: 262143 bytes (file open, kmsg=3 pmsg=4 rd=8)
[33304.108411][T23547] nx679j: journal mirror: 262143 bytes (file open, kmsg=3 pmsg=4 rd=8)
[33306.145252][T23548] nx679j: journal mirror: 262143 bytes (file open, kmsg=3 pmsg=4 rd=8)
[33308.183594][T23588] nx679j: journal mirror: 262143 bytes (file open, kmsg=3 pmsg=4 rd=8)
[33310.220321][T23608] nx679j: journal mirror: 262143 bytes (file open, kmsg=3 pmsg=4 rd=8)
[33311.224140][  T375] (virq:irq_count)- 11:1132382 6:903223 1:227689 2:214239 35:105728 30:58627 301:16538 28:2961 358:2828 361:240 
[33311.224149][  T375] (cpu:irq_count)- 0:407896 1:1158 2:503 3:996 4:14931 5:9722 6:10753 7:2218868 
[33311.224154][  T375] (ipi:irq_count)- 0:227689 1:214239 2:0 3:0 4:0 5:903223 6:0 
[33312.257303][T23614] nx679j: journal mirror: 262143 bytes (file open, kmsg=3 pmsg=4 rd=8)
[33314.293089][T23634] nx679j: journal mirror: 262143 bytes (file open, kmsg=3 pmsg=4 rd=8)
[33316.328552][T23654] nx679j: journal mirror: 262143 bytes (file open, kmsg=3 pmsg=4 rd=8)
[33318.345391][T23655] nx679j: journal mirror: 262143 bytes (file open, kmsg=3 pmsg=4 rd=8)
[33320.376385][T23675] nx679j: journal mirror: 262143 bytes (file open, kmsg=3 pmsg=4 rd=8)
[33320.696131][  T378] (virq:irq_count)- 11:1132774 6:903535 1:227832 2:214311 35:105782 30:58657 301:16541 28:2963 358:2830 361:240 
[33320.696139][  T378] (cpu:irq_count)- 0:408058 1:1158 2:503 3:996 4:14952 5:9734 6:10778 7:2219658 
[33320.696144][  T378] (ipi:irq_count)- 0:227832 1:214311 2:0 3:0 4:0 5:903535 6:0 
[33322.404894][T23695] nx679j: journal mirror: 262143 bytes (file open, kmsg=3 pmsg=4 rd=8)
[33324.440436][T23716] nx679j: journal mirror: 262143 bytes (file open, kmsg=3 pmsg=4 rd=8)
[33326.475811][T23736] nx679j: journal mirror: 262143 bytes (file open, kmsg=3 pmsg=4 rd=8)
[33328.514790][T23756] nx679j: journal mirror: 262143 bytes (file open, kmsg=3 pmsg=4 rd=8)
[33330.169133][  T378] (virq:irq_count)- 11:1133137 6:903812 1:227943 2:214377 35:105835 30:58684 301:16541 28:2963 358:2830 361:240 
[33330.169140][  T378] (cpu:irq_count)- 0:408198 1:1158 2:503 3:996 4:14969 5:9740 6:10785 7:2220385 
[33330.169143][  T378] (ipi:irq_count)- 0:227943 1:214377 2:0 3:0 4:0 5:903812 6:0 
[33330.554166][T23757] nx679j: journal mirror: 262143 bytes (file open, kmsg=3 pmsg=4 rd=8)
[33332.592785][T23777] nx679j: journal mirror: 262143 bytes (file open, kmsg=3 pmsg=4 rd=8)
[33334.631033][T23797] nx679j: journal mirror: 262143 bytes (file open, kmsg=3 pmsg=4 rd=8)
[33336.668348][T23798] nx679j: journal mirror: 262143 bytes (file open, kmsg=3 pmsg=4 rd=8)
[33338.705291][T23838] nx679j: journal mirror: 262143 bytes (file open, kmsg=3 pmsg=4 rd=8)
[33339.641091][  T241] (virq:irq_count)- 11:1133526 6:904123 1:228082 2:214457 35:105895 30:58714 301:16545 28:2965 358:2832 361:240 
[33339.641097][  T241] (cpu:irq_count)- 0:408376 1:1158 2:503 3:996 4:14989 5:9744 6:10797 7:2221188 
[33339.641100][  T241] (ipi:irq_count)- 0:228082 1:214457 2:0 3:0 4:0 5:904123 6:0 
[33340.744950][T23858] nx679j: journal mirror: 262143 bytes (file open, kmsg=3 pmsg=4 rd=8)
[33342.783513][T23859] nx679j: journal mirror: 262143 bytes (file open, kmsg=3 pmsg=4 rd=8)
[33344.820899][T23879] nx679j: journal mirror: 262143 bytes (file open, kmsg=3 pmsg=4 rd=8)
[33346.857009][T23899] nx679j: journal mirror: 262143 bytes (file open, kmsg=3 pmsg=4 rd=8)
[33348.899069][T23905] nx679j: journal mirror: 262143 bytes (file open, kmsg=3 pmsg=4 rd=8)
[33349.113091][  T378] (virq:irq_count)- 11:1133895 6:904415 1:228202 2:214536 35:105948 30:58744 301:16548 28:2965 358:2832 361:240 
[33349.113097][  T378] (cpu:irq_count)- 0:408538 1:1158 2:503 3:996 4:15018 5:9754 6:10801 7:2221929 
[33349.113100][  T378] (ipi:irq_count)- 0:228202 1:214536 2:0 3:0 4:0 5:904415 6:0 
[33350.932805][T23920] nx679j: journal mirror: 262143 bytes (file open, kmsg=3 pmsg=4 rd=8)
[33352.969285][T23960] nx679j: journal mirror: 262143 bytes (file open, kmsg=3 pmsg=4 rd=8)
[33355.008852][T23980] nx679j: journal mirror: 262143 bytes (file open, kmsg=3 pmsg=4 rd=8)
[33357.045677][T23981] nx679j: journal mirror: 262143 bytes (file open, kmsg=3 pmsg=4 rd=8)
[33358.585090][  T241] (virq:irq_count)- 11:1134271 6:904718 1:228334 2:214606 35:105999 30:58771 301:16551 28:2967 358:2834 361:240 
[33358.585098][  T241] (cpu:irq_count)- 0:408694 1:1158 2:503 3:996 4:15039 5:9766 6:10810 7:2222697 
[33358.585103][  T241] (ipi:irq_count)- 0:228334 1:214606 2:0 3:0 4:0 5:904718 6:0 
[33359.083230][T24001] nx679j: journal mirror: 262143 bytes (file open, kmsg=3 pmsg=4 rd=8)
[33361.122234][T24021] nx679j: journal mirror: 262143 bytes (file open, kmsg=3 pmsg=4 rd=8)
[33363.160777][T24022] nx679j: journal mirror: 262143 bytes (file open, kmsg=3 pmsg=4 rd=8)
[33365.196688][T24042] nx679j: journal mirror: 262143 bytes (file open, kmsg=3 pmsg=4 rd=8)
[33367.229536][T24062] nx679j: journal mirror: 262143 bytes (file open, kmsg=3 pmsg=4 rd=8)
[33368.056110][  T241] (virq:irq_count)- 11:1134672 6:905030 1:228489 2:214686 35:106061 30:58806 301:16555 28:2969 358:2836 361:240 
[33368.056118][  T241] (cpu:irq_count)- 0:408875 1:1158 2:503 3:996 4:15065 5:9776 6:10825 7:2223518 
[33368.056122][  T241] (ipi:irq_count)- 0:228489 1:214686 2:0 3:0 4:0 5:905030 6:0 
[33369.269704][T24083] nx679j: journal mirror: 262143 bytes (file open, kmsg=3 pmsg=4 rd=8)
[33371.308783][T24103] nx679j: journal mirror: 262143 bytes (file open, kmsg=3 pmsg=4 rd=8)
[33373.347038][T24123] nx679j: journal mirror: 262143 bytes (file open, kmsg=3 pmsg=4 rd=8)
[33375.384187][T24124] nx679j: journal mirror: 262143 bytes (file open, kmsg=3 pmsg=4 rd=8)
[33377.419894][T24144] nx679j: journal mirror: 262143 bytes (file open, kmsg=3 pmsg=4 rd=8)
[33377.529102][  T375] (virq:irq_count)- 11:1135036 6:905316 1:228608 2:214753 35:106116 30:58836 301:16555 28:2969 358:2836 361:240 
[33377.529109][  T375] (cpu:irq_count)- 0:409021 1:1158 2:503 3:996 4:15081 5:9793 6:10832 7:2224253 
[33377.529114][  T375] (ipi:irq_count)- 0:228608 1:214753 2:0 3:0 4:0 5:905316 6:0 
[33379.457076][T24164] nx679j: journal mirror: 262143 bytes (file open, kmsg=3 pmsg=4 rd=8)
[33381.497785][T24165] nx679j: journal mirror: 262143 bytes (file open, kmsg=3 pmsg=4 rd=8)
[33383.534760][T24205] nx679j: journal mirror: 262143 bytes (file open, kmsg=3 pmsg=4 rd=8)
[33385.571916][T24225] nx679j: journal mirror: 262143 bytes (file open, kmsg=3 pmsg=4 rd=8)
[33387.001093][  T380] (virq:irq_count)- 11:1135412 6:905623 1:228744 2:214822 35:106172 30:58863 301:16560 28:2971 358:2838 361:240 
[33387.001099][  T380] (cpu:irq_count)- 0:409183 1:1158 2:503 3:996 4:15098 5:9802 6:10845 7:2225032 
[33387.001102][  T380] (ipi:irq_count)- 0:228744 1:214822 2:0 3:0 4:0 5:905623 6:0 
[33387.609571][T24226] nx679j: journal mirror: 262143 bytes (file open, kmsg=3 pmsg=4 rd=8)
[33389.646567][T24246] nx679j: journal mirror: 262143 bytes (file open, kmsg=3 pmsg=4 rd=8)
[33391.685293][T24266] nx679j: journal mirror: 262143 bytes (file open, kmsg=3 pmsg=4 rd=8)
[33393.722984][T24267] nx679j: journal mirror: 262143 bytes (file open, kmsg=3 pmsg=4 rd=8)
[33395.760842][T24287] nx679j: journal mirror: 262143 bytes (file open, kmsg=3 pmsg=4 rd=8)
[33396.473086][  T378] (virq:irq_count)- 11:1135794 6:905938 1:228885 2:214905 35:106231 30:58893 301:16565 28:2973 358:2840 361:240 
[33396.473095][  T378] (cpu:irq_count)- 0:409365 1:1158 2:503 3:996 4:15118 5:9808 6:10859 7:2225829 
[33396.473099][  T378] (ipi:irq_count)- 0:228885 1:214905 2:0 3:0 4:0 5:905938 6:0 
[33397.797648][T24308] nx679j: journal mirror: 262143 bytes (file open, kmsg=3 pmsg=4 rd=8)
[33399.834879][T24328] nx679j: journal mirror: 262143 bytes (file open, kmsg=3 pmsg=4 rd=8)
[33401.875309][T24348] nx679j: journal mirror: 262143 bytes (file open, kmsg=3 pmsg=4 rd=8)
[33403.913776][T24368] nx679j: journal mirror: 262143 bytes (file open, kmsg=3 pmsg=4 rd=8)
[33405.945049][  T378] (virq:irq_count)- 11:1136146 6:906221 1:228991 2:214978 35:106281 30:58920 301:16568 28:2973 358:2840 361:240 
[33405.945056][  T378] (cpu:irq_count)- 0:409514 1:1158 2:503 3:996 4:15125 5:9813 6:10864 7:2226557 
[33405.945059][  T378] (ipi:irq_count)- 0:228991 1:214978 2:0 3:0 4:0 5:906221 6:0 
[33405.950371][T24369] nx679j: journal mirror: 262143 bytes (file open, kmsg=3 pmsg=4 rd=8)
[33407.985879][T24389] nx679j: journal mirror: 262143 bytes (file open, kmsg=3 pmsg=4 rd=8)
[33410.024565][T24409] nx679j: journal mirror: 262143 bytes (file open, kmsg=3 pmsg=4 rd=8)
[33412.065512][T24410] nx679j: journal mirror: 262143 bytes (file open, kmsg=3 pmsg=4 rd=8)
[33414.102342][T24450] nx679j: journal mirror: 262143 bytes (file open, kmsg=3 pmsg=4 rd=8)
[33415.416140][  T375] (virq:irq_count)- 11:1136528 6:906515 1:229138 2:215050 35:106343 30:58950 301:16568 28:2975 358:2842 361:240 
[33415.416146][  T375] (cpu:irq_count)- 0:409676 1:1158 2:503 3:996 4:15147 5:9821 6:10876 7:2227344 
[33415.416150][  T375] (ipi:irq_count)- 0:229138 1:215050 2:0 3:0 4:0 5:906515 6:0 
[33416.140137][T24470] nx679j: journal mirror: 262143 bytes (file open, kmsg=3 pmsg=4 rd=8)
[33418.180605][T24471] nx679j: journal mirror: 262143 bytes (file open, kmsg=3 pmsg=4 rd=8)
[33420.217244][T24491] nx679j: journal mirror: 262143 bytes (file open, kmsg=3 pmsg=4 rd=8)
[33422.253673][T24511] nx679j: journal mirror: 262143 bytes (file open, kmsg=3 pmsg=4 rd=8)
[33424.294249][T24512] nx679j: journal mirror: 262143 bytes (file open, kmsg=3 pmsg=4 rd=8)
[33424.888654][  T241] (virq:irq_count)- 11:1136896 6:906806 1:229254 2:215126 35:106394 30:58980 301:16568 28:2975 358:2842 361:240 
[33424.888660][  T241] (cpu:irq_count)- 0:409827 1:1158 2:503 3:996 4:15163 5:9833 6:10882 7:2228091 
[33424.888663][  T241] (ipi:irq_count)- 0:229254 1:215126 2:0 3:0 4:0 5:906806 6:0 
[33426.331845][T24532] nx679j: journal mirror: 262143 bytes (file open, kmsg=3 pmsg=4 rd=8)
[33428.365861][T24572] nx679j: journal mirror: 262143 bytes (file open, kmsg=3 pmsg=4 rd=8)
[33430.403858][T24592] nx679j: journal mirror: 262143 bytes (file open, kmsg=3 pmsg=4 rd=8)
[33432.424388][T24593] nx679j: journal mirror: 262143 bytes (file open, kmsg=3 pmsg=4 rd=8)
[33434.361082][  T241] (virq:irq_count)- 11:1137261 6:907110 1:229387 2:215196 35:106442 30:59005 301:16568 28:2977 358:2844 361:240 
[33434.361090][  T241] (cpu:irq_count)- 0:409971 1:1158 2:503 3:996 4:15182 5:9850 6:10900 7:2228842 
[33434.361094][  T241] (ipi:irq_count)- 0:229387 1:215196 2:0 3:0 4:0 5:907110 6:0 
[33434.451845][T24613] nx679j: journal mirror: 262143 bytes (file open, kmsg=3 pmsg=4 rd=8)
[33436.490271][T24633] nx679j: journal mirror: 262143 bytes (file open, kmsg=3 pmsg=4 rd=8)
[33438.530022][T24634] nx679j: journal mirror: 262143 bytes (file open, kmsg=3 pmsg=4 rd=8)
[33440.566540][T24654] nx679j: journal mirror: 262143 bytes (file open, kmsg=3 pmsg=4 rd=8)
[33442.603911][T24674] nx679j: journal mirror: 262143 bytes (file open, kmsg=3 pmsg=4 rd=8)
[33443.833110][  T375] (virq:irq_count)- 11:1137674 6:907429 1:229543 2:215277 35:106504 30:59040 301:16571 28:2979 358:2846 361:240 
[33443.833116][  T375] (cpu:irq_count)- 0:410152 1:1158 2:503 3:996 4:15203 5:9858 6:10928 7:2229677 
[33443.833120][  T375] (ipi:irq_count)- 0:229543 1:215277 2:0 3:0 4:0 5:907429 6:0 
[33444.639973][T24695] nx679j: journal mirror: 262143 bytes (file open, kmsg=3 pmsg=4 rd=8)
[33446.678372][T24715] nx679j: journal mirror: 262143 bytes (file open, kmsg=3 pmsg=4 rd=8)
[33448.715380][T24735] nx679j: journal mirror: 262143 bytes (file open, kmsg=3 pmsg=4 rd=8)
[33450.755433][T24736] nx679j: journal mirror: 262143 bytes (file open, kmsg=3 pmsg=4 rd=8)
[33452.793656][T24756] nx679j: journal mirror: 262143 bytes (file open, kmsg=3 pmsg=4 rd=8)
[33453.304106][  T241] (virq:irq_count)- 11:1138047 6:907723 1:229660 2:215347 35:106558 30:59070 301:16572 28:2979 358:2846 361:240 
[33453.304112][  T241] (cpu:irq_count)- 0:410303 1:1158 2:503 3:996 4:15220 5:9863 6:10940 7:2230431 
[33453.304115][  T241] (ipi:irq_count)- 0:229660 1:215347 2:0 3:0 4:0 5:907723 6:0 
[33454.829843][T24776] nx679j: journal mirror: 262143 bytes (file open, kmsg=3 pmsg=4 rd=8)
[33456.868474][T24777] nx679j: journal mirror: 262143 bytes (file open, kmsg=3 pmsg=4 rd=8)
[33458.906026][T24817] nx679j: journal mirror: 262143 bytes (file open, kmsg=3 pmsg=4 rd=8)
[33460.944787][T24837] nx679j: journal mirror: 262143 bytes (file open, kmsg=3 pmsg=4 rd=8)
[33462.777089][  T241] (virq:irq_count)- 11:1138427 6:908028 1:229796 2:215424 35:106612 30:59097 301:16575 28:2981 358:2848 361:240 
[33462.777097][  T241] (cpu:irq_count)- 0:410466 1:1158 2:503 3:996 4:15241 5:9871 6:10950 7:2231215 
[33462.777100][  T241] (ipi:irq_count)- 0:229796 1:215424 2:0 3:0 4:0 5:908028 6:0 
[33462.983349][T24838] nx679j: journal mirror: 262143 bytes (file open, kmsg=3 pmsg=4 rd=8)
[33465.018234][T24858] nx679j: journal mirror: 262143 bytes (file open, kmsg=3 pmsg=4 rd=8)
[33467.055672][T24878] nx679j: journal mirror: 262143 bytes (file open, kmsg=3 pmsg=4 rd=8)
[33469.095371][T24879] nx679j: journal mirror: 262143 bytes (file open, kmsg=3 pmsg=4 rd=8)
[33471.132484][T24899] nx679j: journal mirror: 262143 bytes (file open, kmsg=3 pmsg=4 rd=8)
[33472.249197][  T375] (virq:irq_count)- 11:1138816 6:908332 1:229934 2:215502 35:106668 30:59127 301:16581 28:2983 358:2850 361:240 
[33472.249203][  T375] (cpu:irq_count)- 0:410643 1:1158 2:503 3:996 4:15265 5:9878 6:10959 7:2232003 
[33472.249206][  T375] (ipi:irq_count)- 0:229934 1:215502 2:0 3:0 4:0 5:908332 6:0 
[33473.167631][T24939] nx679j: journal mirror: 262143 bytes (file open, kmsg=3 pmsg=4 rd=8)
[33475.207255][T24940] nx679j: journal mirror: 262143 bytes (file open, kmsg=3 pmsg=4 rd=8)
[33477.244559][T24960] nx679j: journal mirror: 262143 bytes (file open, kmsg=3 pmsg=4 rd=8)
[33479.283259][T24980] nx679j: journal mirror: 262143 bytes (file open, kmsg=3 pmsg=4 rd=8)
[33481.322337][T24981] nx679j: journal mirror: 262143 bytes (file open, kmsg=3 pmsg=4 rd=8)
[33481.721105][  T380] (virq:irq_count)- 11:1139178 6:908607 1:230044 2:215560 35:106719 30:59157 301:16581 28:2983 358:2850 361:240 
[33481.721113][  T380] (cpu:irq_count)- 0:410776 1:1158 2:503 3:996 4:15276 5:9882 6:10964 7:2232736 
[33481.721117][  T380] (ipi:irq_count)- 0:230044 1:215560 2:0 3:0 4:0 5:908607 6:0 
[33483.358206][T25001] nx679j: journal mirror: 262143 bytes (file open, kmsg=3 pmsg=4 rd=8)
[33485.395774][T25021] nx679j: journal mirror: 262143 bytes (file open, kmsg=3 pmsg=4 rd=8)
[33487.435077][T25022] nx679j: journal mirror: 262143 bytes (file open, kmsg=3 pmsg=4 rd=8)
[33489.471972][T25062] nx679j: journal mirror: 262143 bytes (file open, kmsg=3 pmsg=4 rd=8)
[33491.192132][  T375] (virq:irq_count)- 11:1139547 6:908900 1:230171 2:215631 35:106772 30:59184 301:16581 28:2985 358:2852 361:240 
[33491.192139][  T375] (cpu:irq_count)- 0:410926 1:1158 2:503 3:996 4:15299 5:9890 6:10972 7:2233491 
[33491.192142][  T375] (ipi:irq_count)- 0:230171 1:215631 2:0 3:0 4:0 5:908900 6:0 
[33491.508820][T25082] nx679j: journal mirror: 262143 bytes (file open, kmsg=3 pmsg=4 rd=8)
[33493.547330][T25083] nx679j: journal mirror: 262143 bytes (file open, kmsg=3 pmsg=4 rd=8)
[33495.583698][T25103] nx679j: journal mirror: 262143 bytes (file open, kmsg=3 pmsg=4 rd=8)
[33497.622213][T25123] nx679j: journal mirror: 262143 bytes (file open, kmsg=3 pmsg=4 rd=8)
[33499.660473][T25124] nx679j: journal mirror: 262143 bytes (file open, kmsg=3 pmsg=4 rd=8)
[33500.664141][  T378] (virq:irq_count)- 11:1139923 6:909180 1:230286 2:215702 35:106827 30:59214 301:16581 28:2985 358:2852 361:240 
[33500.664147][  T378] (cpu:irq_count)- 0:411076 1:1158 2:503 3:996 4:15316 5:9894 6:10976 7:2234243 
[33500.664150][  T378] (ipi:irq_count)- 0:230286 1:215702 2:0 3:0 4:0 5:909180 6:0 
[33501.696246][T25144] nx679j: journal mirror: 262143 bytes (file open, kmsg=3 pmsg=4 rd=8)
[33503.730940][T25184] nx679j: journal mirror: 262143 bytes (file open, kmsg=3 pmsg=4 rd=8)
[33505.769936][T25185] nx679j: journal mirror: 262143 bytes (file open, kmsg=3 pmsg=4 rd=8)
[33507.809034][T25205] nx679j: journal mirror: 262143 bytes (file open, kmsg=3 pmsg=4 rd=8)
[33509.846137][T25225] nx679j: journal mirror: 262143 bytes (file open, kmsg=3 pmsg=4 rd=8)
[33510.136157][  T375] (virq:irq_count)- 11:1140310 6:909497 1:230441 2:215776 35:106884 30:59247 301:16588 28:2987 358:2854 361:240 
[33510.136163][  T375] (cpu:irq_count)- 0:411251 1:1159 2:503 3:996 4:15346 5:9899 6:10999 7:2235043 
[33510.136166][  T375] (ipi:irq_count)- 0:230441 1:215776 2:0 3:0 4:0 5:909497 6:0 
[33511.885983][T25245] nx679j: journal mirror: 262143 bytes (file open, kmsg=3 pmsg=4 rd=8)
[33513.921892][T25246] nx679j: journal mirror: 262143 bytes (file open, kmsg=3 pmsg=4 rd=8)
[33515.956431][T25266] nx679j: journal mirror: 262143 bytes (file open, kmsg=3 pmsg=4 rd=8)
[33517.996581][T25286] nx679j: journal mirror: 262143 bytes (file open, kmsg=3 pmsg=4 rd=8)
[33519.609085][  T375] (virq:irq_count)- 11:1140682 6:909794 1:230570 2:215850 35:106935 30:59274 301:16591 28:2989 358:2856 361:240 
[33519.609091][  T375] (cpu:irq_count)- 0:411407 1:1159 2:503 3:996 4:15355 5:9903 6:11021 7:2235809 
[33519.609094][  T375] (ipi:irq_count)- 0:230570 1:215850 2:0 3:0 4:0 5:909794 6:0 
[33520.035093][T25307] nx679j: journal mirror: 262143 bytes (file open, kmsg=3 pmsg=4 rd=8)
[33522.072941][T25327] nx679j: journal mirror: 262143 bytes (file open, kmsg=3 pmsg=4 rd=8)
[33524.109797][T25347] nx679j: journal mirror: 262143 bytes (file open, kmsg=3 pmsg=4 rd=8)
[33526.148619][T25348] nx679j: journal mirror: 262143 bytes (file open, kmsg=3 pmsg=4 rd=8)
[33528.184946][T25368] nx679j: journal mirror: 262143 bytes (file open, kmsg=3 pmsg=4 rd=8)
[33529.081086][  T241] (virq:irq_count)- 11:1141051 6:910072 1:230686 2:215920 35:106987 30:59304 301:16594 28:2989 358:2856 361:240 
[33529.081092][  T241] (cpu:irq_count)- 0:411556 1:1160 2:503 3:996 4:15378 5:9909 6:11027 7:2236542 
[33529.081096][  T241] (ipi:irq_count)- 0:230686 1:215920 2:0 3:0 4:0 5:910072 6:0 
[33530.223498][T25388] nx679j: journal mirror: 262143 bytes (file open, kmsg=3 pmsg=4 rd=8)
[33532.260198][T25389] nx679j: journal mirror: 262143 bytes (file open, kmsg=3 pmsg=4 rd=8)
[33534.297476][T25429] nx679j: journal mirror: 262143 bytes (file open, kmsg=3 pmsg=4 rd=8)
[33536.335909][T25449] nx679j: journal mirror: 262143 bytes (file open, kmsg=3 pmsg=4 rd=8)
[33538.374817][T25450] nx679j: journal mirror: 262143 bytes (file open, kmsg=3 pmsg=4 rd=8)
[33538.553123][  T375] (virq:irq_count)- 11:1141428 6:910379 1:230826 2:215994 35:107042 30:59334 301:16594 28:2991 358:2858 361:240 
[33538.553130][  T375] (cpu:irq_count)- 0:411714 1:1160 2:503 3:996 4:15409 5:9917 6:11035 7:2237324 
[33538.553134][  T375] (ipi:irq_count)- 0:230826 1:215994 2:0 3:0 4:0 5:910379 6:0 
[33540.412840][T25470] nx679j: journal mirror: 262143 bytes (file open, kmsg=3 pmsg=4 rd=8)
[33542.449961][T25490] nx679j: journal mirror: 262143 bytes (file open, kmsg=3 pmsg=4 rd=8)
[33544.484666][T25491] nx679j: journal mirror: 262143 bytes (file open, kmsg=3 pmsg=4 rd=8)
[33546.522386][T25511] nx679j: journal mirror: 262143 bytes (file open, kmsg=3 pmsg=4 rd=8)
[33548.024478][  T241] (virq:irq_count)- 11:1141806 6:910689 1:230966 2:216074 35:107098 30:59361 301:16594 28:2993 358:2860 361:240 
[33548.024485][  T241] (cpu:irq_count)- 0:411874 1:1160 2:503 3:996 4:15430 5:9926 6:11055 7:2238109 
[33548.024488][  T241] (ipi:irq_count)- 0:230966 1:216074 2:0 3:0 4:0 5:910689 6:0 
[33548.555963][T25551] nx679j: journal mirror: 262143 bytes (file open, kmsg=3 pmsg=4 rd=8)
[33550.576622][T25552] nx679j: journal mirror: 262143 bytes (file open, kmsg=3 pmsg=4 rd=8)
[33552.615567][T25572] nx679j: journal mirror: 262143 bytes (file open, kmsg=3 pmsg=4 rd=8)
[33554.654313][T25592] nx679j: journal mirror: 262143 bytes (file open, kmsg=3 pmsg=4 rd=8)
[33556.694107][T25593] nx679j: journal mirror: 262143 bytes (file open, kmsg=3 pmsg=4 rd=8)
[33557.496144][  T380] (virq:irq_count)- 11:1142173 6:910969 1:231081 2:216150 35:107154 30:59391 301:16594 28:2993 358:2860 361:240 
[33557.496150][  T380] (cpu:irq_count)- 0:412030 1:1160 2:503 3:996 4:15445 5:9931 6:11065 7:2238847 
[33557.496153][  T380] (ipi:irq_count)- 0:231081 1:216150 2:0 3:0 4:0 5:910969 6:0 
[33558.732022][T25613] nx679j: journal mirror: 262143 bytes (file open, kmsg=3 pmsg=4 rd=8)
[33560.767650][T25633] nx679j: journal mirror: 262143 bytes (file open, kmsg=3 pmsg=4 rd=8)
[33562.807093][T25654] nx679j: journal mirror: 262143 bytes (file open, kmsg=3 pmsg=4 rd=8)
[33564.845922][T25674] nx679j: journal mirror: 262143 bytes (file open, kmsg=3 pmsg=4 rd=8)
[33566.882343][T25694] nx679j: journal mirror: 262143 bytes (file open, kmsg=3 pmsg=4 rd=8)
[33566.968973][  T380] (virq:irq_count)- 11:1142554 6:911272 1:231221 2:216229 35:107209 30:59421 301:16598 28:2995 358:2862 361:240 
[33566.968979][  T380] (cpu:irq_count)- 0:412200 1:1160 2:503 3:996 4:15469 5:9937 6:11078 7:2239630 
[33566.968982][  T380] (ipi:irq_count)- 0:231221 1:216229 2:0 3:0 4:0 5:911272 6:0 
[33568.920959][T25695] nx679j: journal mirror: 262143 bytes (file open, kmsg=3 pmsg=4 rd=8)
[33570.956708][T25715] nx679j: journal mirror: 262143 bytes (file open, kmsg=3 pmsg=4 rd=8)
[33572.995002][T25735] nx679j: journal mirror: 262143 bytes (file open, kmsg=3 pmsg=4 rd=8)
[33575.034207][T25736] nx679j: journal mirror: 262143 bytes (file open, kmsg=3 pmsg=4 rd=8)
[33576.441122][  T241] (virq:irq_count)- 11:1142935 6:911568 1:231366 2:216295 35:107264 30:59453 301:16598 28:2997 358:2864 361:240 
[33576.441130][  T241] (cpu:irq_count)- 0:412349 1:1160 2:503 3:996 4:15487 5:9947 6:11101 7:2240409 
[33576.441134][  T241] (ipi:irq_count)- 0:231366 1:216295 2:0 3:0 4:0 5:911568 6:0 
[33577.072707][T25756] nx679j: journal mirror: 262143 bytes (file open, kmsg=3 pmsg=4 rd=8)
[33579.109394][T25796] nx679j: journal mirror: 262143 bytes (file open, kmsg=3 pmsg=4 rd=8)
[33581.149164][T25797] nx679j: journal mirror: 262143 bytes (file open, kmsg=3 pmsg=4 rd=8)
[33583.186087][T25817] nx679j: journal mirror: 262143 bytes (file open, kmsg=3 pmsg=4 rd=8)
[33585.224713][T25837] nx679j: journal mirror: 262143 bytes (file open, kmsg=3 pmsg=4 rd=8)
[33585.913095][  T241] (virq:irq_count)- 11:1143310 6:911860 1:231479 2:216373 35:107318 30:59483 301:16601 28:2997 358:2864 361:240 
[33585.913102][  T241] (cpu:irq_count)- 0:412511 1:1160 2:503 3:996 4:15502 5:9951 6:11107 7:2241167 
[33585.913105][  T241] (ipi:irq_count)- 0:231479 1:216373 2:0 3:0 4:0 5:911860 6:0 
[33587.263425][T25838] nx679j: journal mirror: 262143 bytes (file open, kmsg=3 pmsg=4 rd=8)
[33589.300034][T25858] nx679j: journal mirror: 262143 bytes (file open, kmsg=3 pmsg=4 rd=8)
[33591.335639][T25878] nx679j: journal mirror: 262143 bytes (file open, kmsg=3 pmsg=4 rd=8)
[33593.371733][T25918] nx679j: journal mirror: 262143 bytes (file open, kmsg=3 pmsg=4 rd=8)
[33595.385097][  T241] (virq:irq_count)- 11:1143677 6:912154 1:231598 2:216445 35:107365 30:59507 301:16607 28:2999 358:2866 361:240 
[33595.385104][  T241] (cpu:irq_count)- 0:412663 1:1160 2:503 3:996 4:15524 5:9960 6:11113 7:2241911 
[33595.385107][  T241] (ipi:irq_count)- 0:231598 1:216445 2:0 3:0 4:0 5:912154 6:0 
[33595.411585][T25919] nx679j: journal mirror: 262143 bytes (file open, kmsg=3 pmsg=4 rd=8)
[33597.450369][T25939] nx679j: journal mirror: 262143 bytes (file open, kmsg=3 pmsg=4 rd=8)
[33599.486367][T25959] nx679j: journal mirror: 262143 bytes (file open, kmsg=3 pmsg=4 rd=8)
[33601.525024][T25960] nx679j: journal mirror: 262143 bytes (file open, kmsg=3 pmsg=4 rd=8)
[33603.561127][T25980] nx679j: journal mirror: 262143 bytes (file open, kmsg=3 pmsg=4 rd=8)
[33604.857092][  T375] (virq:irq_count)- 11:1144053 6:912458 1:231713 2:216516 35:107417 30:59537 301:16607 28:2999 358:2866 361:240 
[33604.857098][  T375] (cpu:irq_count)- 0:412810 1:1160 2:503 3:996 4:15532 5:9968 6:11143 7:2242666 
[33604.857101][  T375] (ipi:irq_count)- 0:231713 1:216516 2:0 3:0 4:0 5:912458 6:0 
[33605.598227][T26000] nx679j: journal mirror: 262143 bytes (file open, kmsg=3 pmsg=4 rd=8)
[33607.636526][T26021] nx679j: journal mirror: 262143 bytes (file open, kmsg=3 pmsg=4 rd=8)
[33609.675674][T26041] nx679j: journal mirror: 262143 bytes (file open, kmsg=3 pmsg=4 rd=8)
[33611.710066][T26061] nx679j: journal mirror: 262143 bytes (file open, kmsg=3 pmsg=4 rd=8)
[33613.750137][T26062] nx679j: journal mirror: 262143 bytes (file open, kmsg=3 pmsg=4 rd=8)
[33614.329127][  T378] (virq:irq_count)- 11:1144484 6:912765 1:231886 2:216600 35:107473 30:59567 301:16645 28:3003 358:2870 361:240 
[33614.329135][  T378] (cpu:irq_count)- 0:413032 1:1160 2:503 3:996 4:15557 5:9980 6:11158 7:2243519 
[33614.329138][  T378] (ipi:irq_count)- 0:231886 1:216600 2:0 3:0 4:0 5:912765 6:0 
[33615.786348][T26089] nx679j: journal mirror: 262143 bytes (file open, kmsg=3 pmsg=4 rd=8)
[33617.826062][T26109] nx679j: journal mirror: 262143 bytes (file open, kmsg=3 pmsg=4 rd=8)
[33619.864904][T26110] nx679j: journal mirror: 262143 bytes (file open, kmsg=3 pmsg=4 rd=8)
[33621.900000][T26130] nx679j: journal mirror: 262143 bytes (file open, kmsg=3 pmsg=4 rd=8)
[33623.801093][  T378] (virq:irq_count)- 11:1144866 6:913078 1:232020 2:216675 35:107526 30:59594 301:16648 28:3005 358:2872 361:240 
[33623.801099][  T378] (cpu:irq_count)- 0:413195 1:1160 2:503 3:996 4:15584 5:9988 6:11167 7:2244303 
[33623.801102][  T378] (ipi:irq_count)- 0:232020 1:216675 2:0 3:0 4:0 5:913078 6:0 
[33623.937410][T26170] nx679j: journal mirror: 262143 bytes (file open, kmsg=3 pmsg=4 rd=8)
[33625.977332][T26171] nx679j: journal mirror: 262143 bytes (file open, kmsg=3 pmsg=4 rd=8)
[33628.014773][T26191] nx679j: journal mirror: 262143 bytes (file open, kmsg=3 pmsg=4 rd=8)
[33630.051606][T26211] nx679j: journal mirror: 262143 bytes (file open, kmsg=3 pmsg=4 rd=8)
[33632.087786][T26212] nx679j: journal mirror: 262143 bytes (file open, kmsg=3 pmsg=4 rd=8)
[33633.273099][  T375] (virq:irq_count)- 11:1145234 6:913376 1:232140 2:216748 35:107582 30:59624 301:16654 28:3005 358:2872 361:240 
[33633.273107][  T375] (cpu:irq_count)- 0:413359 1:1160 2:503 3:996 4:15606 5:9994 6:11171 7:2245058 
[33633.273112][  T375] (ipi:irq_count)- 0:232140 1:216748 2:0 3:0 4:0 5:913376 6:0 
[33634.126706][T26232] nx679j: journal mirror: 262143 bytes (file open, kmsg=3 pmsg=4 rd=8)
[33636.165469][T26252] nx679j: journal mirror: 262143 bytes (file open, kmsg=3 pmsg=4 rd=8)
[33638.202927][T26273] nx679j: journal mirror: 262143 bytes (file open, kmsg=3 pmsg=4 rd=8)
[33640.240537][T26293] nx679j: journal mirror: 262143 bytes (file open, kmsg=3 pmsg=4 rd=8)
[33642.273222][T26313] nx679j: journal mirror: 262143 bytes (file open, kmsg=3 pmsg=4 rd=8)
[33642.745115][  T241] (virq:irq_count)- 11:1145633 6:913683 1:232293 2:216830 35:107644 30:59659 301:16654 28:3007 358:2874 361:240 
[33642.745123][  T241] (cpu:irq_count)- 0:413534 1:1160 2:503 3:996 4:15628 5:10009 6:11185 7:2245874 
[33642.745128][  T241] (ipi:irq_count)- 0:232293 1:216830 2:0 3:0 4:0 5:913683 6:0 
[33644.314208][T26314] nx679j: journal mirror: 262143 bytes (file open, kmsg=3 pmsg=4 rd=8)
[33646.354270][T26334] nx679j: journal mirror: 262143 bytes (file open, kmsg=3 pmsg=4 rd=8)
[33648.393040][T26354] nx679j: journal mirror: 262143 bytes (file open, kmsg=3 pmsg=4 rd=8)
[33650.429998][T26355] nx679j: journal mirror: 262143 bytes (file open, kmsg=3 pmsg=4 rd=8)
[33652.217059][  T375] (virq:irq_count)- 11:1146012 6:913985 1:232428 2:216909 35:107703 30:59686 301:16657 28:3009 358:2876 361:240 
[33652.217065][  T375] (cpu:irq_count)- 0:413702 1:1160 2:503 3:996 4:15646 5:10017 6:11194 7:2246659 
[33652.217068][  T375] (ipi:irq_count)- 0:232428 1:216909 2:0 3:0 4:0 5:913985 6:0 
[33652.463574][T26395] nx679j: journal mirror: 262143 bytes (file open, kmsg=3 pmsg=4 rd=8)
[33654.501173][T26415] nx679j: journal mirror: 262143 bytes (file open, kmsg=3 pmsg=4 rd=8)
[33656.542128][T26416] nx679j: journal mirror: 262143 bytes (file open, kmsg=3 pmsg=4 rd=8)
[33658.581285][T26436] nx679j: journal mirror: 262143 bytes (file open, kmsg=3 pmsg=4 rd=8)
[33660.617909][T26456] nx679j: journal mirror: 262143 bytes (file open, kmsg=3 pmsg=4 rd=8)
[33661.689085][  T380] (virq:irq_count)- 11:1146380 6:914263 1:232538 2:216975 35:107755 30:59716 301:16657 28:3009 358:2876 361:240 
[33661.689091][  T380] (cpu:irq_count)- 0:413846 1:1160 2:503 3:996 4:15651 5:10034 6:11200 7:2247391 
[33661.689094][  T380] (ipi:irq_count)- 0:232538 1:216975 2:0 3:0 4:0 5:914263 6:0 
[33662.653633][T26457] nx679j: journal mirror: 262143 bytes (file open, kmsg=3 pmsg=4 rd=8)
[33664.692127][T26477] nx679j: journal mirror: 262143 bytes (file open, kmsg=3 pmsg=4 rd=8)
[33666.730514][T26497] nx679j: journal mirror: 262143 bytes (file open, kmsg=3 pmsg=4 rd=8)
[33668.767318][T26519] nx679j: journal mirror: 262143 bytes (file open, kmsg=3 pmsg=4 rd=8)
[33670.806528][T26538] nx679j: journal mirror: 262143 bytes (file open, kmsg=3 pmsg=4 rd=8)
[33671.161122][  T241] (virq:irq_count)- 11:1146758 6:914562 1:232675 2:217040 35:107812 30:59746 301:16658 28:3011 358:2878 361:240 
[33671.161130][  T241] (cpu:irq_count)- 0:414003 1:1160 2:503 3:996 4:15669 5:10042 6:11214 7:2248165 
[33671.161135][  T241] (ipi:irq_count)- 0:232675 1:217040 2:0 3:0 4:0 5:914562 6:0 
[33672.841634][T26558] nx679j: journal mirror: 262143 bytes (file open, kmsg=3 pmsg=4 rd=8)
[33674.879967][T26578] nx679j: journal mirror: 262143 bytes (file open, kmsg=3 pmsg=4 rd=8)
[33676.919676][T26579] nx679j: journal mirror: 262143 bytes (file open, kmsg=3 pmsg=4 rd=8)
[33678.957673][T26599] nx679j: journal mirror: 262143 bytes (file open, kmsg=3 pmsg=4 rd=8)
[33680.632110][  T375] (virq:irq_count)- 11:1147126 6:914852 1:232800 2:217112 35:107861 30:59773 301:16658 28:3013 358:2880 361:240 
[33680.632115][  T375] (cpu:irq_count)- 0:414149 1:1160 2:503 3:996 4:15692 5:10053 6:11221 7:2248913 
[33680.632118][  T375] (ipi:irq_count)- 0:232800 1:217112 2:0 3:0 4:0 5:914852 6:0 
[33680.996745][T26619] nx679j: journal mirror: 262143 bytes (file open, kmsg=3 pmsg=4 rd=8)
[33683.035202][T26640] nx679j: journal mirror: 262143 bytes (file open, kmsg=3 pmsg=4 rd=8)
[33685.072979][T26660] nx679j: journal mirror: 262143 bytes (file open, kmsg=3 pmsg=4 rd=8)
[33687.108812][T26680] nx679j: journal mirror: 262143 bytes (file open, kmsg=3 pmsg=4 rd=8)
[33689.149653][T26691] nx679j: journal mirror: 262143 bytes (file open, kmsg=3 pmsg=4 rd=8)
[33690.104418][  T380] (virq:irq_count)- 11:1147538 6:915146 1:232953 2:217188 35:107920 30:59803 301:16697 28:3013 358:2880 361:240 
[33690.104424][  T380] (cpu:irq_count)- 0:414359 1:1160 2:503 3:996 4:15710 5:10070 6:11230 7:2249722 
[33690.104427][  T380] (ipi:irq_count)- 0:232953 1:217188 2:0 3:0 4:0 5:915146 6:0 
[33691.188583][T26711] nx679j: journal mirror: 262143 bytes (file open, kmsg=3 pmsg=4 rd=8)
[33693.227177][T26731] nx679j: journal mirror: 262143 bytes (file open, kmsg=3 pmsg=4 rd=8)
[33695.265820][T26732] nx679j: journal mirror: 262143 bytes (file open, kmsg=3 pmsg=4 rd=8)
[33697.305845][T26752] nx679j: journal mirror: 262143 bytes (file open, kmsg=3 pmsg=4 rd=8)
[33699.342892][T26792] nx679j: journal mirror: 262143 bytes (file open, kmsg=3 pmsg=4 rd=8)
[33699.577095][  T241] (virq:irq_count)- 11:1147922 6:915453 1:233092 2:217261 35:107978 30:59833 301:16701 28:3015 358:2882 361:240 
[33699.577103][  T241] (cpu:irq_count)- 0:414527 1:1160 2:503 3:996 4:15733 5:10080 6:11242 7:2250508 
[33699.577107][  T241] (ipi:irq_count)- 0:233092 1:217261 2:0 3:0 4:0 5:915453 6:0 
[33701.383695][T26793] nx679j: journal mirror: 262143 bytes (file open, kmsg=3 pmsg=4 rd=8)
[33703.419717][T26813] nx679j: journal mirror: 262143 bytes (file open, kmsg=3 pmsg=4 rd=8)
[33705.453229][T26833] nx679j: journal mirror: 262143 bytes (file open, kmsg=3 pmsg=4 rd=8)
[33707.492886][T26834] nx679j: journal mirror: 262143 bytes (file open, kmsg=3 pmsg=4 rd=8)
[33709.048110][  T375] (virq:irq_count)- 11:1148302 6:915749 1:233219 2:217337 35:108033 30:59865 301:16704 28:3015 358:2882 361:240 
[33709.048119][  T375] (cpu:irq_count)- 0:414687 1:1160 2:503 3:996 4:15759 5:10085 6:11248 7:2251280 
[33709.048123][  T375] (ipi:irq_count)- 0:233219 1:217337 2:0 3:0 4:0 5:915749 6:0 
[33709.531767][T26854] nx679j: journal mirror: 262143 bytes (file open, kmsg=3 pmsg=4 rd=8)
[33711.566758][T26874] nx679j: journal mirror: 262143 bytes (file open, kmsg=3 pmsg=4 rd=8)
[33713.606371][T26895] nx679j: journal mirror: 262143 bytes (file open, kmsg=3 pmsg=4 rd=8)
[33715.642036][T26915] nx679j: journal mirror: 262143 bytes (file open, kmsg=3 pmsg=4 rd=8)
[33717.680327][T26935] nx679j: journal mirror: 262143 bytes (file open, kmsg=3 pmsg=4 rd=8)
[33718.521091][  T380] (virq:irq_count)- 11:1148694 6:916049 1:233365 2:217418 35:108093 30:59895 301:16707 28:3017 358:2884 361:240 
[33718.521097][  T380] (cpu:irq_count)- 0:414861 1:1160 2:503 3:996 4:15778 5:10099 6:11255 7:2252082 
[33718.521100][  T380] (ipi:irq_count)- 0:233365 1:217418 2:0 3:0 4:0 5:916049 6:0 
[33719.718222][T26936] nx679j: journal mirror: 262143 bytes (file open, kmsg=3 pmsg=4 rd=8)
[33721.757764][T26956] nx679j: journal mirror: 262143 bytes (file open, kmsg=3 pmsg=4 rd=8)
[33723.796664][T26976] nx679j: journal mirror: 262143 bytes (file open, kmsg=3 pmsg=4 rd=8)
[33725.832946][T26977] nx679j: journal mirror: 262143 bytes (file open, kmsg=3 pmsg=4 rd=8)
[33727.870922][T27017] nx679j: journal mirror: 262143 bytes (file open, kmsg=3 pmsg=4 rd=8)
[33727.993075][  T380] (virq:irq_count)- 11:1149080 6:916339 1:233503 2:217493 35:108154 30:59925 301:16707 28:3019 358:2886 361:240 
[33727.993082][  T380] (cpu:irq_count)- 0:415025 1:1160 2:503 3:996 4:15794 5:10104 6:11264 7:2252872 
[33727.993087][  T380] (ipi:irq_count)- 0:233503 1:217493 2:0 3:0 4:0 5:916339 6:0 
[33729.908006][T27037] nx679j: journal mirror: 262143 bytes (file open, kmsg=3 pmsg=4 rd=8)
[33731.947049][T27038] nx679j: journal mirror: 262143 bytes (file open, kmsg=3 pmsg=4 rd=8)
[33733.986780][T27058] nx679j: journal mirror: 262143 bytes (file open, kmsg=3 pmsg=4 rd=8)
[33736.023092][T27078] nx679j: journal mirror: 262143 bytes (file open, kmsg=3 pmsg=4 rd=8)
[33737.465100][  T241] (virq:irq_count)- 11:1149440 6:916618 1:233609 2:217561 35:108206 30:59952 301:16707 28:3019 358:2886 361:240 
[33737.465106][  T241] (cpu:irq_count)- 0:415168 1:1160 2:503 3:996 4:15814 5:10108 6:11269 7:2253592 
[33737.465109][  T241] (ipi:irq_count)- 0:233609 1:217561 2:0 3:0 4:0 5:916618 6:0 
[33738.061668][T27079] nx679j: journal mirror: 262143 bytes (file open, kmsg=3 pmsg=4 rd=8)
[33740.101475][T27099] nx679j: journal mirror: 262143 bytes (file open, kmsg=3 pmsg=4 rd=8)
[33742.138294][T27119] nx679j: journal mirror: 262143 bytes (file open, kmsg=3 pmsg=4 rd=8)
[33744.174547][T27140] nx679j: journal mirror: 262143 bytes (file open, kmsg=3 pmsg=4 rd=8)
[33746.209826][T27160] nx679j: journal mirror: 262143 bytes (file open, kmsg=3 pmsg=4 rd=8)
[33746.937099][  T241] (virq:irq_count)- 11:1149834 6:916926 1:233742 2:217642 35:108263 30:59982 301:16712 28:3021 358:2888 361:240 
[33746.937105][  T241] (cpu:irq_count)- 0:415347 1:1160 2:503 3:996 4:15840 5:10114 6:11274 7:2254388 
[33746.937108][  T241] (ipi:irq_count)- 0:233742 1:217642 2:0 3:0 4:0 5:916926 6:0 
[33748.248328][T27180] nx679j: journal mirror: 262143 bytes (file open, kmsg=3 pmsg=4 rd=8)
[33750.284836][T27200] nx679j: journal mirror: 262143 bytes (file open, kmsg=3 pmsg=4 rd=8)
[33752.303068][T27201] nx679j: journal mirror: 262143 bytes (file open, kmsg=3 pmsg=4 rd=8)
[33754.332619][T27222] nx679j: journal mirror: 262143 bytes (file open, kmsg=3 pmsg=4 rd=8)
[33756.369263][T27242] nx679j: journal mirror: 262143 bytes (file open, kmsg=3 pmsg=4 rd=8)
[33756.408123][  T380] (virq:irq_count)- 11:1150212 6:917251 1:233895 2:217710 35:108313 30:60010 301:16717 28:3023 358:2890 361:240 
[33756.408130][  T380] (cpu:irq_count)- 0:415501 1:1160 2:503 3:996 4:15863 5:10140 6:11289 7:2255181 
[33756.408134][  T380] (ipi:irq_count)- 0:233895 1:217710 2:0 3:0 4:0 5:917251 6:0 
[33758.406289][T27263] nx679j: journal mirror: 262143 bytes (file open, kmsg=3 pmsg=4 rd=8)
[33760.443018][T27284] nx679j: journal mirror: 262143 bytes (file open, kmsg=3 pmsg=4 rd=8)
[33762.481699][T27304] nx679j: journal mirror: 262143 bytes (file open, kmsg=3 pmsg=4 rd=8)
[33764.521030][T27305] nx679j: journal mirror: 262143 bytes (file open, kmsg=3 pmsg=4 rd=8)
[33765.880349][  T380] (virq:irq_count)- 11:1150569 6:917527 1:234008 2:217768 35:108366 30:60037 301:16720 28:3023 358:2890 361:240 
[33765.880356][  T380] (cpu:irq_count)- 0:415640 1:1160 2:503 3:996 4:15875 5:10150 6:11296 7:2255900 
[33765.880359][  T380] (ipi:irq_count)- 0:234008 1:217768 2:0 3:0 4:0 5:917527 6:0 
[33766.559521][T27327] nx679j: journal mirror: 262143 bytes (file open, kmsg=3 pmsg=4 rd=8)
[33768.594946][T27348] nx679j: journal mirror: 262143 bytes (file open, kmsg=3 pmsg=4 rd=8)
[33770.631710][T27349] nx679j: journal mirror: 262143 bytes (file open, kmsg=3 pmsg=4 rd=8)
[33772.668425][T27390] nx679j: journal mirror: 262143 bytes (file open, kmsg=3 pmsg=4 rd=8)
[33774.705125][T27410] nx679j: journal mirror: 262143 bytes (file open, kmsg=3 pmsg=4 rd=8)
[33775.353098][  T241] (virq:irq_count)- 11:1150947 6:917828 1:234145 2:217845 35:108424 30:60067 301:16721 28:3025 358:2892 361:240 
[33775.353104][  T241] (cpu:irq_count)- 0:415806 1:1160 2:503 3:996 4:15891 5:10163 6:11306 7:2256681 
[33775.353107][  T241] (ipi:irq_count)- 0:234145 1:217845 2:0 3:0 4:0 5:917828 6:0 
[33776.743859][T27411] nx679j: journal mirror: 262143 bytes (file open, kmsg=3 pmsg=4 rd=8)
[33778.781911][T27431] nx679j: journal mirror: 262143 bytes (file open, kmsg=3 pmsg=4 rd=8)
[33780.818038][T27451] nx679j: journal mirror: 262143 bytes (file open, kmsg=3 pmsg=4 rd=8)
[33782.857749][T27452] nx679j: journal mirror: 262143 bytes (file open, kmsg=3 pmsg=4 rd=8)
[33784.825123][  T241] (virq:irq_count)- 11:1151317 6:918127 1:234274 2:217915 35:108481 30:60099 301:16721 28:3025 358:2892 361:240 
[33784.825129][  T241] (cpu:irq_count)- 0:415957 1:1160 2:503 3:996 4:15912 5:10171 6:11320 7:2257444 
[33784.825132][  T241] (ipi:irq_count)- 0:234274 1:217915 2:0 3:0 4:0 5:918127 6:0 
[33784.895536][T27472] nx679j: journal mirror: 262143 bytes (file open, kmsg=3 pmsg=4 rd=8)
[33786.932504][T27492] nx679j: journal mirror: 262143 bytes (file open, kmsg=3 pmsg=4 rd=8)
[33788.969534][T27513] nx679j: journal mirror: 262143 bytes (file open, kmsg=3 pmsg=4 rd=8)
[33791.006935][T27533] nx679j: journal mirror: 262143 bytes (file open, kmsg=3 pmsg=4 rd=8)
[33793.045329][T27553] nx679j: journal mirror: 262143 bytes (file open, kmsg=3 pmsg=4 rd=8)
[33794.297095][  T241] (virq:irq_count)- 11:1151706 6:918434 1:234415 2:217998 35:108542 30:60129 301:16721 28:3027 358:2894 361:240 
[33794.297102][  T241] (cpu:irq_count)- 0:416130 1:1160 2:503 3:996 4:15929 5:10181 6:11330 7:2258249 
[33794.297105][  T241] (ipi:irq_count)- 0:234415 1:217998 2:0 3:0 4:0 5:918434 6:0 
[33795.084381][T27554] nx679j: journal mirror: 262143 bytes (file open, kmsg=3 pmsg=4 rd=8)
[33797.120954][T27574] nx679j: journal mirror: 262143 bytes (file open, kmsg=3 pmsg=4 rd=8)
[33799.158041][T27594] nx679j: journal mirror: 262143 bytes (file open, kmsg=3 pmsg=4 rd=8)
[33801.195734][T27595] nx679j: journal mirror: 262143 bytes (file open, kmsg=3 pmsg=4 rd=8)
[33803.231926][T27635] nx679j: journal mirror: 262143 bytes (file open, kmsg=3 pmsg=4 rd=8)
[33803.769030][  T380] (virq:irq_count)- 11:1152096 6:918733 1:234555 2:218078 35:108603 30:60159 301:16721 28:3029 358:2896 361:240 
[33803.769036][  T380] (cpu:irq_count)- 0:416301 1:1160 2:503 3:996 4:15957 5:10187 6:11338 7:2259040 
[33803.769039][  T380] (ipi:irq_count)- 0:234555 1:218078 2:0 3:0 4:0 5:918733 6:0 
[33805.271545][T27655] nx679j: journal mirror: 262143 bytes (file open, kmsg=3 pmsg=4 rd=8)
[33807.309446][T27656] nx679j: journal mirror: 262143 bytes (file open, kmsg=3 pmsg=4 rd=8)
[33809.343875][T27676] nx679j: journal mirror: 262143 bytes (file open, kmsg=3 pmsg=4 rd=8)
[33811.382929][T27696] nx679j: journal mirror: 262143 bytes (file open, kmsg=3 pmsg=4 rd=8)
[33813.241092][  T380] (virq:irq_count)- 11:1152458 6:919023 1:234661 2:218150 35:108651 30:60186 301:16724 28:3029 358:2896 361:240 
[33813.241099][  T380] (cpu:irq_count)- 0:416448 1:1160 2:503 3:996 4:15978 5:10190 6:11344 7:2259771 
[33813.241102][  T380] (ipi:irq_count)- 0:234661 1:218150 2:0 3:0 4:0 5:919023 6:0 
[33813.421839][T27697] nx679j: journal mirror: 262143 bytes (file open, kmsg=3 pmsg=4 rd=8)
[33815.458593][T27717] nx679j: journal mirror: 262143 bytes (file open, kmsg=3 pmsg=4 rd=8)
[33817.497026][T27737] nx679j: journal mirror: 262143 bytes (file open, kmsg=3 pmsg=4 rd=8)
[33819.529696][T27758] nx679j: journal mirror: 262143 bytes (file open, kmsg=3 pmsg=4 rd=8)
[33821.566961][T27778] nx679j: journal mirror: 262143 bytes (file open, kmsg=3 pmsg=4 rd=8)
[33822.713089][  T375] (virq:irq_count)- 11:1152852 6:919332 1:234801 2:218222 35:108710 30:60216 301:16727 28:3031 358:2898 361:240 
[33822.713096][  T375] (cpu:irq_count)- 0:416617 1:1160 2:503 3:996 4:16004 5:10195 6:11358 7:2260568 
[33822.713099][  T375] (ipi:irq_count)- 0:234801 1:218222 2:0 3:0 4:0 5:919332 6:0 
[33823.606568][T27798] nx679j: journal mirror: 262143 bytes (file open, kmsg=3 pmsg=4 rd=8)
[33825.646187][T27799] nx679j: journal mirror: 262143 bytes (file open, kmsg=3 pmsg=4 rd=8)
[33827.684536][T27819] nx679j: journal mirror: 262143 bytes (file open, kmsg=3 pmsg=4 rd=8)
[33829.721625][T27839] nx679j: journal mirror: 262143 bytes (file open, kmsg=3 pmsg=4 rd=8)
[33831.760416][T27859] nx679j: journal mirror: 262143 bytes (file open, kmsg=3 pmsg=4 rd=8)
[33832.185087][  T241] (virq:irq_count)- 11:1153234 6:919653 1:234947 2:218299 35:108764 30:60244 301:16732 28:3033 358:2900 361:240 
[33832.185093][  T241] (cpu:irq_count)- 0:416786 1:1160 2:503 3:996 4:16037 5:10203 6:11371 7:2261362 
[33832.185096][  T241] (ipi:irq_count)- 0:234947 1:218299 2:0 3:0 4:0 5:919653 6:0 
[33833.790207][T27880] nx679j: journal mirror: 262143 bytes (file open, kmsg=3 pmsg=4 rd=8)
[33835.829495][T27901] nx679j: journal mirror: 262143 bytes (file open, kmsg=3 pmsg=4 rd=8)
[33837.867999][T27921] nx679j: journal mirror: 262143 bytes (file open, kmsg=3 pmsg=4 rd=8)
[33839.905756][T27926] nx679j: journal mirror: 262143 bytes (file open, kmsg=3 pmsg=4 rd=8)
[33841.657099][  T380] (virq:irq_count)- 11:1153622 6:919945 1:235077 2:218378 35:108815 30:60271 301:16765 28:3033 358:2900 361:240 
[33841.657105][  T380] (cpu:irq_count)- 0:416987 1:1160 2:503 3:996 4:16058 5:10212 6:11381 7:2262121 
[33841.657108][  T380] (ipi:irq_count)- 0:235077 1:218378 2:0 3:0 4:0 5:919945 6:0 
[33841.946573][T27946] nx679j: journal mirror: 262143 bytes (file open, kmsg=3 pmsg=4 rd=8)
[33843.984992][T27966] nx679j: journal mirror: 262143 bytes (file open, kmsg=3 pmsg=4 rd=8)
[33846.023912][T27967] nx679j: journal mirror: 262143 bytes (file open, kmsg=3 pmsg=4 rd=8)
[33848.058153][T28007] nx679j: journal mirror: 262143 bytes (file open, kmsg=3 pmsg=4 rd=8)
[33850.093594][T28027] nx679j: journal mirror: 262143 bytes (file open, kmsg=3 pmsg=4 rd=8)
[33851.129098][  T375] (virq:irq_count)- 11:1154035 6:920256 1:235239 2:218460 35:108886 30:60306 301:16765 28:3035 358:2902 361:240 
[33851.129107][  T375] (cpu:irq_count)- 0:417171 1:1160 2:503 3:996 4:16085 5:10221 6:11395 7:2262965 
[33851.129111][  T375] (ipi:irq_count)- 0:235239 1:218460 2:0 3:0 4:0 5:920256 6:0 
[33852.131102][T28028] nx679j: journal mirror: 262143 bytes (file open, kmsg=3 pmsg=4 rd=8)
[33854.170363][T28048] nx679j: journal mirror: 262143 bytes (file open, kmsg=3 pmsg=4 rd=8)
[33856.209073][T28068] nx679j: journal mirror: 262143 bytes (file open, kmsg=3 pmsg=4 rd=8)
[33858.246640][T28069] nx679j: journal mirror: 262143 bytes (file open, kmsg=3 pmsg=4 rd=8)
[33860.282162][T28089] nx679j: journal mirror: 262143 bytes (file open, kmsg=3 pmsg=4 rd=8)
[33860.600137][  T380] (virq:irq_count)- 11:1154408 6:920549 1:235357 2:218531 35:108943 30:60336 301:16765 28:3035 358:2902 361:240 
[33860.600144][  T380] (cpu:irq_count)- 0:417325 1:1160 2:503 3:996 4:16106 5:10228 6:11400 7:2263720 
[33860.600148][  T380] (ipi:irq_count)- 0:235357 1:218531 2:0 3:0 4:0 5:920549 6:0 
[33862.321712][T28109] nx679j: journal mirror: 262143 bytes (file open, kmsg=3 pmsg=4 rd=8)
[33864.358565][T28130] nx679j: journal mirror: 262143 bytes (file open, kmsg=3 pmsg=4 rd=8)
[33866.395839][T28150] nx679j: journal mirror: 262143 bytes (file open, kmsg=3 pmsg=4 rd=8)
[33868.432502][T28170] nx679j: journal mirror: 262143 bytes (file open, kmsg=3 pmsg=4 rd=8)
[33870.073091][  T375] (virq:irq_count)- 11:1154778 6:920852 1:235488 2:218605 35:108995 30:60363 301:16772 28:3037 358:2904 361:240 
[33870.073099][  T375] (cpu:irq_count)- 0:417490 1:1160 2:503 3:996 4:16124 5:10240 6:11409 7:2264484 
[33870.073104][  T375] (ipi:irq_count)- 0:235488 1:218605 2:0 3:0 4:0 5:920852 6:0 
[33870.470915][T28171] nx679j: journal mirror: 262143 bytes (file open, kmsg=3 pmsg=4 rd=8)
[33872.508852][T28191] nx679j: journal mirror: 262143 bytes (file open, kmsg=3 pmsg=4 rd=8)
[33874.547540][T28211] nx679j: journal mirror: 262143 bytes (file open, kmsg=3 pmsg=4 rd=8)
[33876.586532][T28212] nx679j: journal mirror: 262143 bytes (file open, kmsg=3 pmsg=4 rd=8)
[33878.623332][T28252] nx679j: journal mirror: 262143 bytes (file open, kmsg=3 pmsg=4 rd=8)
[33879.545101][  T241] (virq:irq_count)- 11:1155155 6:921150 1:235629 2:218673 35:109053 30:60393 301:16775 28:3039 358:2906 361:240 
[33879.545108][  T241] (cpu:irq_count)- 0:417651 1:1160 2:503 3:996 4:16141 5:10254 6:11421 7:2265259 
[33879.545111][  T241] (ipi:irq_count)- 0:235629 1:218673 2:0 3:0 4:0 5:921150 6:0 
[33880.660032][T28272] nx679j: journal mirror: 262143 bytes (file open, kmsg=3 pmsg=4 rd=8)
[33882.699614][T28273] nx679j: journal mirror: 262143 bytes (file open, kmsg=3 pmsg=4 rd=8)
[33884.736173][T28293] nx679j: journal mirror: 262143 bytes (file open, kmsg=3 pmsg=4 rd=8)
[33886.773893][T28313] nx679j: journal mirror: 262143 bytes (file open, kmsg=3 pmsg=4 rd=8)
[33888.813023][T28314] nx679j: journal mirror: 262143 bytes (file open, kmsg=3 pmsg=4 rd=8)
[33889.017103][  T241] (virq:irq_count)- 11:1155529 6:921461 1:235754 2:218753 35:109107 30:60423 301:16778 28:3039 358:2906 361:240 
[33889.017110][  T241] (cpu:irq_count)- 0:417817 1:1161 2:503 3:996 4:16162 5:10259 6:11440 7:2266024 
[33889.017113][  T241] (ipi:irq_count)- 0:235754 1:218753 2:0 3:0 4:0 5:921461 6:0 
[33890.848477][T28334] nx679j: journal mirror: 262143 bytes (file open, kmsg=3 pmsg=4 rd=8)
[33892.886075][T28374] nx679j: journal mirror: 262143 bytes (file open, kmsg=3 pmsg=4 rd=8)
[33894.924990][T28382] nx679j: journal mirror: 262143 bytes (file open, kmsg=3 pmsg=4 rd=8)
[33896.962819][T28402] nx679j: journal mirror: 262143 bytes (file open, kmsg=3 pmsg=4 rd=8)
[33898.489096][  T241] (virq:irq_count)- 11:1155941 6:921789 1:235926 2:218826 35:109165 30:60450 301:16811 28:3041 358:2908 361:240 
[33898.489102][  T241] (cpu:irq_count)- 0:418025 1:1162 2:503 3:996 4:16180 5:10281 6:11459 7:2266863 
[33898.489106][  T241] (ipi:irq_count)- 0:235926 1:218826 2:0 3:0 4:0 5:921789 6:0 
[33899.000126][T28422] nx679j: journal mirror: 262143 bytes (file open, kmsg=3 pmsg=4 rd=8)
[33901.037552][T28423] nx679j: journal mirror: 262143 bytes (file open, kmsg=3 pmsg=4 rd=8)
[33903.075943][T28443] nx679j: journal mirror: 262143 bytes (file open, kmsg=3 pmsg=4 rd=8)
[33905.105343][T28463] nx679j: journal mirror: 262143 bytes (file open, kmsg=3 pmsg=4 rd=8)
[33907.121876][T28464] nx679j: journal mirror: 262143 bytes (file open, kmsg=3 pmsg=4 rd=8)
[33907.961102][  T241] (virq:irq_count)- 11:1156325 6:922078 1:236072 2:218899 35:109224 30:60480 301:16811 28:3043 358:2910 361:240 
[33907.961108][  T241] (cpu:irq_count)- 0:418185 1:1162 2:503 3:996 4:16193 5:10294 6:11474 7:2267647 
[33907.961111][  T241] (ipi:irq_count)- 0:236072 1:218899 2:0 3:0 4:0 5:922078 6:0 
[33909.159082][T28504] nx679j: journal mirror: 262143 bytes (file open, kmsg=3 pmsg=4 rd=8)
[33911.195746][T28524] nx679j: journal mirror: 262143 bytes (file open, kmsg=3 pmsg=4 rd=8)
[33913.234813][T28544] nx679j: journal mirror: 262143 bytes (file open, kmsg=3 pmsg=4 rd=8)
[33915.272559][T28545] nx679j: journal mirror: 262143 bytes (file open, kmsg=3 pmsg=4 rd=8)
[33917.309238][T28565] nx679j: journal mirror: 262143 bytes (file open, kmsg=3 pmsg=4 rd=8)
[33917.433083][  T241] (virq:irq_count)- 11:1156705 6:922369 1:236211 2:218976 35:109283 30:60515 301:16811 28:3043 358:2910 361:240 
[33917.433089][  T241] (cpu:irq_count)- 0:418350 1:1162 2:503 3:996 4:16211 5:10301 6:11488 7:2268424 
[33917.433092][  T241] (ipi:irq_count)- 0:236211 1:218976 2:0 3:0 4:0 5:922369 6:0 
[33919.347975][T28585] nx679j: journal mirror: 262143 bytes (file open, kmsg=3 pmsg=4 rd=8)
[33921.387041][T28586] nx679j: journal mirror: 262143 bytes (file open, kmsg=3 pmsg=4 rd=8)
[33923.420750][T28626] nx679j: journal mirror: 262143 bytes (file open, kmsg=3 pmsg=4 rd=8)
[33925.457966][T28646] nx679j: journal mirror: 262143 bytes (file open, kmsg=3 pmsg=4 rd=8)
[33926.905117][  T375] (virq:irq_count)- 11:1157072 6:922671 1:236340 2:219043 35:109335 30:60542 301:16811 28:3045 358:2912 361:240 
[33926.905125][  T375] (cpu:irq_count)- 0:418494 1:1162 2:503 3:996 4:16237 5:10308 6:11495 7:2269188 
[33926.905129][  T375] (ipi:irq_count)- 0:236340 1:219043 2:0 3:0 4:0 5:922671 6:0 
[33927.499046][T28647] nx679j: journal mirror: 262143 bytes (file open, kmsg=3 pmsg=4 rd=8)
[33929.538020][T28667] nx679j: journal mirror: 262143 bytes (file open, kmsg=3 pmsg=4 rd=8)
[33931.575741][T28687] nx679j: journal mirror: 262143 bytes (file open, kmsg=3 pmsg=4 rd=8)
[33933.615219][T28688] nx679j: journal mirror: 262143 bytes (file open, kmsg=3 pmsg=4 rd=8)
[33935.651863][T28708] nx679j: journal mirror: 262143 bytes (file open, kmsg=3 pmsg=4 rd=8)
[33936.377098][  T375] (virq:irq_count)- 11:1157464 6:922974 1:236483 2:219126 35:109394 30:60572 301:16817 28:3047 358:2914 361:240 
[33936.377105][  T375] (cpu:irq_count)- 0:418679 1:1162 2:503 3:996 4:16256 5:10313 6:11504 7:2269990 
[33936.377109][  T375] (ipi:irq_count)- 0:236483 1:219126 2:0 3:0 4:0 5:922974 6:0 
[33937.689650][T28728] nx679j: journal mirror: 262143 bytes (file open, kmsg=3 pmsg=4 rd=8)
[33939.728127][T28749] nx679j: journal mirror: 262143 bytes (file open, kmsg=3 pmsg=4 rd=8)
[33941.752426][T28769] nx679j: journal mirror: 262143 bytes (file open, kmsg=3 pmsg=4 rd=8)
[33943.772862][T28789] nx679j: journal mirror: 262143 bytes (file open, kmsg=3 pmsg=4 rd=8)
[33945.812903][T28790] nx679j: journal mirror: 262143 bytes (file open, kmsg=3 pmsg=4 rd=8)
[33945.848148][  T241] (virq:irq_count)- 11:1157831 6:923276 1:236605 2:219196 35:109447 30:60602 301:16821 28:3047 358:2914 361:240 
[33945.848155][  T241] (cpu:irq_count)- 0:418834 1:1162 2:503 3:996 4:16269 5:10323 6:11514 7:2270750 
[33945.848159][  T241] (ipi:irq_count)- 0:236605 1:219196 2:0 3:0 4:0 5:923276 6:0 
[33947.850008][T28810] nx679j: journal mirror: 262143 bytes (file open, kmsg=3 pmsg=4 rd=8)
[33949.886011][T28830] nx679j: journal mirror: 262143 bytes (file open, kmsg=3 pmsg=4 rd=8)
[33951.924746][T28831] nx679j: journal mirror: 262143 bytes (file open, kmsg=3 pmsg=4 rd=8)
[33953.962504][T28871] nx679j: journal mirror: 262143 bytes (file open, kmsg=3 pmsg=4 rd=8)
[33955.321098][  T375] (virq:irq_count)- 11:1158205 6:923578 1:236735 2:219269 35:109500 30:60629 301:16824 28:3049 358:2916 361:240 
[33955.321105][  T375] (cpu:irq_count)- 0:418992 1:1162 2:503 3:996 4:16292 5:10330 6:11520 7:2271522 
[33955.321108][  T375] (ipi:irq_count)- 0:236735 1:219269 2:0 3:0 4:0 5:923578 6:0 
[33956.001227][T28891] nx679j: journal mirror: 262143 bytes (file open, kmsg=3 pmsg=4 rd=8)
[33958.037870][T28892] nx679j: journal mirror: 262143 bytes (file open, kmsg=3 pmsg=4 rd=8)
[33960.073587][T28912] nx679j: journal mirror: 262143 bytes (file open, kmsg=3 pmsg=4 rd=8)
[33962.111934][T28932] nx679j: journal mirror: 262143 bytes (file open, kmsg=3 pmsg=4 rd=8)
[33964.149385][T28933] nx679j: journal mirror: 262143 bytes (file open, kmsg=3 pmsg=4 rd=8)
[33964.792141][  T375] (virq:irq_count)- 11:1158604 6:923872 1:236874 2:219340 35:109557 30:60659 301:16854 28:3049 358:2916 361:240 
[33964.792148][  T375] (cpu:irq_count)- 0:419187 1:1162 2:503 3:996 4:16318 5:10341 6:11528 7:2272302 
[33964.792151][  T375] (ipi:irq_count)- 0:236874 1:219340 2:0 3:0 4:0 5:923872 6:0 
[33966.187642][T28957] nx679j: journal mirror: 262143 bytes (file open, kmsg=3 pmsg=4 rd=8)
[33968.214201][T28977] nx679j: journal mirror: 262143 bytes (file open, kmsg=3 pmsg=4 rd=8)
[33970.252478][T28978] nx679j: journal mirror: 262143 bytes (file open, kmsg=3 pmsg=4 rd=8)
[33972.290180][T28998] nx679j: journal mirror: 262143 bytes (file open, kmsg=3 pmsg=4 rd=8)
[33974.264870][  T375] (virq:irq_count)- 11:1158970 6:924163 1:236980 2:219412 35:109605 30:60686 301:16856 28:3049 358:2916 361:240 
[33974.264876][  T375] (cpu:irq_count)- 0:419333 1:1162 2:503 3:996 4:16338 5:10345 6:11537 7:2273035 
[33974.264879][  T375] (ipi:irq_count)- 0:236980 1:219412 2:0 3:0 4:0 5:924163 6:0 
[33974.329503][T29018] nx679j: journal mirror: 262143 bytes (file open, kmsg=3 pmsg=4 rd=8)
[33976.369258][T29019] nx679j: journal mirror: 262143 bytes (file open, kmsg=3 pmsg=4 rd=8)
[33978.407104][T29039] nx679j: journal mirror: 262143 bytes (file open, kmsg=3 pmsg=4 rd=8)
[33980.443278][T29059] nx679j: journal mirror: 262143 bytes (file open, kmsg=3 pmsg=4 rd=8)
[33982.482889][T29060] nx679j: journal mirror: 262143 bytes (file open, kmsg=3 pmsg=4 rd=8)
[33983.737119][  T375] (virq:irq_count)- 11:1159365 6:924464 1:237110 2:219493 35:109664 30:60721 301:16856 28:3049 358:2916 361:240 
[33983.737128][  T375] (cpu:irq_count)- 0:419502 1:1162 2:503 3:996 4:16363 5:10349 6:11541 7:2273834 
[33983.737132][  T375] (ipi:irq_count)- 0:237110 1:219493 2:0 3:0 4:0 5:924464 6:0 
[33984.519839][T29080] nx679j: journal mirror: 262143 bytes (file open, kmsg=3 pmsg=4 rd=8)
[33986.555647][T29100] nx679j: journal mirror: 262143 bytes (file open, kmsg=3 pmsg=4 rd=8)
[33988.592653][T29101] nx679j: journal mirror: 262143 bytes (file open, kmsg=3 pmsg=4 rd=8)
[33990.631861][T29121] nx679j: journal mirror: 262143 bytes (file open, kmsg=3 pmsg=4 rd=8)
[33992.670550][T29141] nx679j: journal mirror: 262143 bytes (file open, kmsg=3 pmsg=4 rd=8)
[33993.209101][  T380] (virq:irq_count)- 11:1159733 6:924759 1:237232 2:219564 35:109720 30:60751 301:16863 28:3049 358:2916 361:240 
[33993.209109][  T380] (cpu:irq_count)- 0:419670 1:1162 2:503 3:996 4:16375 5:10358 6:11554 7:2274581 
[33993.209112][  T380] (ipi:irq_count)- 0:237232 1:219564 2:0 3:0 4:0 5:924759 6:0 
[33994.709597][T29161] nx679j: journal mirror: 262143 bytes (file open, kmsg=3 pmsg=4 rd=8)
[33996.745830][T29162] nx679j: journal mirror: 262143 bytes (file open, kmsg=3 pmsg=4 rd=8)
[33998.777591][T29197] nx679j: journal mirror: 262143 bytes (file open, kmsg=3 pmsg=4 rd=8)
[34000.800276][T29238] nx679j: journal mirror: 262143 bytes (file open, kmsg=3 pmsg=4 rd=8)
[34002.680146][  T241] (virq:irq_count)- 11:1160648 6:925246 1:237934 2:219716 35:109812 30:60814 301:17680 28:3067 358:2936 361:240 
[34002.680153][  T241] (cpu:irq_count)- 0:421039 1:1182 2:505 3:998 4:16444 5:10454 6:11683 7:2276164 
[34002.680156][  T241] (ipi:irq_count)- 0:237934 1:219716 2:0 3:0 4:0 5:925246 6:0 
[34002.810211][T29311] nx679j: journal mirror: 262143 bytes (file open, kmsg=3 pmsg=4 rd=8)
[34004.829792][T29338] nx679j: journal mirror: 262143 bytes (file open, kmsg=3 pmsg=4 rd=8)
[34006.864566][T29361] nx679j: journal mirror: 262143 bytes (file open, kmsg=3 pmsg=4 rd=8)
[34008.902331][T29362] nx679j: journal mirror: 262143 bytes (file open, kmsg=3 pmsg=4 rd=8)
[34010.940168][T29385] nx679j: journal mirror: 262143 bytes (file open, kmsg=3 pmsg=4 rd=8)
[34012.152141][  T241] (virq:irq_count)- 11:1161020 6:925539 1:238049 2:219798 35:109865 30:60844 301:17683 28:3067 358:2936 361:240 
[34012.152147][  T241] (cpu:irq_count)- 0:421206 1:1183 2:505 3:998 4:16457 5:10462 6:11693 7:2276913 
[34012.152150][  T241] (ipi:irq_count)- 0:238049 1:219798 2:0 3:0 4:0 5:925539 6:0 
[34012.976881][T29408] nx679j: journal mirror: 262143 bytes (file open, kmsg=3 pmsg=4 rd=8)
[34015.013740][T29409] nx679j: journal mirror: 262143 bytes (file open, kmsg=3 pmsg=4 rd=8)
[34017.051739][T29452] nx679j: journal mirror: 262143 bytes (file open, kmsg=3 pmsg=4 rd=8)
[34019.088705][T29475] nx679j: journal mirror: 262143 bytes (file open, kmsg=3 pmsg=4 rd=8)
[34021.127461][T29498] nx679j: journal mirror: 262143 bytes (file open, kmsg=3 pmsg=4 rd=8)
[34021.624586][  T380] (virq:irq_count)- 11:1161397 6:925847 1:238196 2:219876 35:109918 30:60872 301:17683 28:3069 358:2938 361:240 
[34021.624594][  T380] (cpu:irq_count)- 0:421363 1:1183 2:505 3:998 4:16474 5:10479 6:11718 7:2277692 
[34021.624598][  T380] (ipi:irq_count)- 0:238196 1:219876 2:0 3:0 4:0 5:925847 6:0 
[34023.144683][T29499] nx679j: journal mirror: 262143 bytes (file open, kmsg=3 pmsg=4 rd=8)
[34025.166901][T29522] nx679j: journal mirror: 262143 bytes (file open, kmsg=3 pmsg=4 rd=8)
[34027.183967][T29545] nx679j: journal mirror: 262143 bytes (file open, kmsg=3 pmsg=4 rd=8)
[34029.221164][T29546] nx679j: journal mirror: 262143 bytes (file open, kmsg=3 pmsg=4 rd=8)
[34031.096140][  T375] (virq:irq_count)- 11:1161767 6:926146 1:238328 2:219944 35:109967 30:60899 301:17683 28:3071 358:2940 361:240 
[34031.096146][  T375] (cpu:irq_count)- 0:421505 1:1183 2:505 3:998 4:16494 5:10488 6:11739 7:2278449 
[34031.096150][  T375] (ipi:irq_count)- 0:238328 1:219944 2:0 3:0 4:0 5:926146 6:0 
[34031.258419][T29589] nx679j: journal mirror: 262143 bytes (file open, kmsg=3 pmsg=4 rd=8)
[34033.295563][T29612] nx679j: journal mirror: 262143 bytes (file open, kmsg=3 pmsg=4 rd=8)
[34035.334910][T29613] nx679j: journal mirror: 262143 bytes (file open, kmsg=3 pmsg=4 rd=8)
[34037.374467][T29636] nx679j: journal mirror: 262143 bytes (file open, kmsg=3 pmsg=4 rd=8)
[34039.411834][T29659] nx679j: journal mirror: 262143 bytes (file open, kmsg=3 pmsg=4 rd=8)
[34040.568132][  T378] (virq:irq_count)- 11:1162157 6:926454 1:238467 2:220019 35:110027 30:60934 301:17685 28:3071 358:2940 361:240 
[34040.568139][  T378] (cpu:irq_count)- 0:421670 1:1183 2:505 3:998 4:16515 5:10496 6:11758 7:2279245 
[34040.568142][  T378] (ipi:irq_count)- 0:238467 1:220019 2:0 3:0 4:0 5:926454 6:0 
[34041.452256][T29660] nx679j: journal mirror: 262143 bytes (file open, kmsg=3 pmsg=4 rd=8)
[34043.487604][T29683] nx679j: journal mirror: 262143 bytes (file open, kmsg=3 pmsg=4 rd=8)
[34045.521485][T29726] nx679j: journal mirror: 262143 bytes (file open, kmsg=3 pmsg=4 rd=8)
[34047.561342][T29727] nx679j: journal mirror: 262143 bytes (file open, kmsg=3 pmsg=4 rd=8)
[34049.599246][T29750] nx679j: journal mirror: 262143 bytes (file open, kmsg=3 pmsg=4 rd=8)
[34050.041082][  T375] (virq:irq_count)- 11:1162543 6:926752 1:238600 2:220098 35:110082 30:60964 301:17687 28:3073 358:2942 361:240 
[34050.041090][  T375] (cpu:irq_count)- 0:421838 1:1184 2:505 3:998 4:16528 5:10502 6:11772 7:2280030 
[34050.041095][  T375] (ipi:irq_count)- 0:238600 1:220098 2:0 3:0 4:0 5:926752 6:0 
[34051.637428][T29773] nx679j: journal mirror: 262143 bytes (file open, kmsg=3 pmsg=4 rd=8)
[34053.675178][T29774] nx679j: journal mirror: 262143 bytes (file open, kmsg=3 pmsg=4 rd=8)
[34055.711963][T29797] nx679j: journal mirror: 262143 bytes (file open, kmsg=3 pmsg=4 rd=8)
[34057.743617][T29820] nx679j: journal mirror: 262143 bytes (file open, kmsg=3 pmsg=4 rd=8)
[34059.513080][  T375] (virq:irq_count)- 11:1162918 6:927050 1:238744 2:220166 35:110135 30:60991 301:17693 28:3075 358:2944 361:240 
[34059.513087][  T375] (cpu:irq_count)- 0:421997 1:1185 2:505 3:998 4:16544 5:10513 6:11793 7:2280797 
[34059.513091][  T375] (ipi:irq_count)- 0:238744 1:220166 2:0 3:0 4:0 5:927050 6:0 
[34059.760037][T29821] nx679j: journal mirror: 262143 bytes (file open, kmsg=3 pmsg=4 rd=8)
[34061.792204][T29864] nx679j: journal mirror: 262143 bytes (file open, kmsg=3 pmsg=4 rd=8)
[34063.829635][T29887] nx679j: journal mirror: 262143 bytes (file open, kmsg=3 pmsg=4 rd=8)
[34065.866982][T29888] nx679j: journal mirror: 262143 bytes (file open, kmsg=3 pmsg=4 rd=8)
[34067.903690][T29911] nx679j: journal mirror: 262143 bytes (file open, kmsg=3 pmsg=4 rd=8)
[34068.985088][  T380] (virq:irq_count)- 11:1163294 6:927336 1:238861 2:220243 35:110190 30:61021 301:17696 28:3075 358:2944 361:240 
[34068.985094][  T380] (cpu:irq_count)- 0:422159 1:1185 2:505 3:998 4:16563 5:10518 6:11800 7:2281548 
[34068.985097][  T380] (ipi:irq_count)- 0:238861 1:220243 2:0 3:0 4:0 5:927336 6:0 
[34069.941524][T29934] nx679j: journal mirror: 262143 bytes (file open, kmsg=3 pmsg=4 rd=8)
