IRQ_UPTIME=1520.71 11970.30
           CPU0       CPU1       CPU2       CPU3       CPU4       CPU5       CPU6       CPU7       
 11:       1814        210        191         79        805        770        486      55334     GICv3  27 Level     arch_timer
 13:          0          0          0          0          0          0          0          0     GICv3  38 Level     arch_mem_timer
 15:          0          0          0          0          0          0          0          0     GICv3 962 Edge      qcom-scm
 16:          0          0          0          0          0          0          0          0     GICv3  62 Level     dcvsh-irq-0
 17:          0          0          0          0          1          0          0          0     GICv3  63 Level     dcvsh-irq-4
 18:          0          0          0          0          0          0          0          1     GICv3  51 Level     dcvsh-irq-7
 21:         11          0          0          0          0          0          0          0     GICv3  94 Level     qcom_rimps
 22:          0          0          0          0          0          0          0          0     GICv3  23 Level     arm-pmu
 24:          0          0          0          0          0          0          0          0     GICv3 610 Edge      q6v5 wdog
 25:          0          0          0          0          0          0          0          0     GICv3 296 Edge      q6v5 wdog
 26:          0          0          0          0          0          0          0          0     GICv3 384 Edge      generic-irq
 28:        335          0          0          0          0          0          0          0     GICv3 261 Level     ipcc_0
 30:       3748          0          0          0          0          0          0          0     GICv3 297 Level     ufshcd
 35:       5083          0          0          0          0          0          0          0     GICv3  37 Level     apps_rsc
 36:          0          0          0          0          0          0          0          0     GICv3 161 Level     disp_rsc
 37:         59          0          0          0          0          0          0          0     GICv3 613 Level     190b6400.qcom,bwmon-llcc
 38:          8          0          0          0          0          0          0          0     GICv3 113 Level     19091000.qcom,bwmon-ddr
 39:          3          0          0          0          0          0          0          0     GICv3 686 Edge      ipa
 40:         28          0          0          0          0          0          0          0     GICv3 464 Level     gsi
 85:          2          0          0          0          0          0          0          0     GICv3 619 Level     msm_serial_geni0
112:          0          0          0          0          0          0          0          0     GICv3  97 Level     arm-smmu global fault
113:          0          0          0          0          0          0          0          0     GICv3 129 Level     arm-smmu-context-fault
114:          0          0          0          0          0          0          0          0     GICv3 130 Level     arm-smmu-context-fault
115:          0          0          0          0          0          0          0          0     GICv3 131 Level     arm-smmu-context-fault
116:          0          0          0          0          0          0          0          0     GICv3 132 Level     arm-smmu-context-fault
117:          0          0          0          0          0          0          0          0     GICv3 133 Level     arm-smmu-context-fault
118:          0          0          0          0          0          0          0          0     GICv3 134 Level     arm-smmu-context-fault
119:          0          0          0          0          0          0          0          0     GICv3 135 Level     arm-smmu-context-fault
120:          0          0          0          0          0          0          0          0     GICv3 136 Level     arm-smmu-context-fault
121:          0          0          0          0          0          0          0          0     GICv3 137 Level     arm-smmu-context-fault
122:          0          0          0          0          0          0          0          0     GICv3 138 Level     arm-smmu-context-fault
123:          0          0          0          0          0          0          0          0     GICv3 139 Level     arm-smmu-context-fault
212:          0          0          0          0          0          0          0          0     GICv3 172 Edge      int_global_int
259:          0          0          0          0          0          0          0          0     GICv3 115 Level     msm_drm
291:          0          0          0          0          0          0          0          0     GICv3  32 Edge      apps_wdog_bark
292:          0          0          0          0          0          0          0          0     GICv3 960 Edge      gh_msgq_tx_0
293:          0          0          0          0          0          0          0          0     GICv3 961 Edge      gh_msgq_rx_0
296:          0          0          0          0          0          0          0          0       PDC  11 Level     eud_irq
297:          0          0          0          0          0          0          0          0     GICv3 162 Level     pwr_event_irq
298:          0          0          0          0          0          0          0          0       PDC  14 Edge      dp_hs_phy_irq
299:          0          0          0          0          0          0          0          0       PDC  15 Edge      dm_hs_phy_irq
300:          0          0          0          0          0          0          0          0       PDC  17 Level     ss_phy_irq
301:       3691          0          0          0          0          0          0          0     GICv3 165 Level     dwc3-msm, dwc3
302:          0          0          0          0          0          0          0          0       sde  12 Edge      dp_display_isr
303:          0          0          0          0          0          0          0          0       sde   4 Edge      dsi_ctrl
304:          0          0          0          0          0          0          0          0   msmgpio  96 Edge      msm_pcie_wake
305:          0          0          0          0          0          0          0          0   msmgpio  79 Edge      hs_uart_wakeup
306:          4          0          0          0          0          0          0          0      ipcc   0 Edge      aoss-qmp
307:          0          0          0          0          0          0          0          0      ipcc 196610 Edge      smp2p
308:          0          0          0          0          0          0          0          0      ipcc 262146 Edge      smp2p
309:          0          0          0          0          0          0          0          0      ipcc 393218 Edge      smp2p
310:          6          0          0          0          0          0          0          0      ipcc 131074 Edge      smp2p
311:          2          0          0          0          0          0          0          0      ipcc 1507328 Edge      qcom,qmp-tme
312:          0          0          0          0          0          0          0          0       PDC   6 Edge      q6v5 wdog
313:          0          0          0          0          0          0          0          0     smp2p   0 Edge      q6v5 fatal
314:          0          0          0          0          0          0          0          0     smp2p   1 Edge      q6v5 ready
315:          0          0          0          0          0          0          0          0     smp2p   2 Edge      q6v5 handover
316:          0          0          0          0          0          0          0          0     smp2p   3 Edge      q6v5 stop
317:          0          0          0          0          0          0          0          0     smp2p   0 Edge      q6v5 fatal
318:          0          0          0          0          0          0          0          0     smp2p   1 Edge      q6v5 ready
319:          0          0          0          0          0          0          0          0     smp2p   2 Edge      q6v5 handover
320:          0          0          0          0          0          0          0          0     smp2p   3 Edge      q6v5 stop
321:          0          0          0          0          0          0          0          0       PDC   9 Edge      q6v5 wdog
322:          0          0          0          0          0          0          0          0     smp2p   0 Edge      q6v5 fatal
323:          0          0          0          0          0          0          0          0     smp2p   1 Edge      q6v5 ready
324:          0          0          0          0          0          0          0          0     smp2p   2 Edge      q6v5 handover
325:          0          0          0          0          0          0          0          0     smp2p   3 Edge      q6v5 stop
326:          0          0          0          0          0          0          0          0     smp2p   0 Edge      q6v5 fatal
327:          0          0          0          0          0          0          0          2     smp2p   1 Edge      q6v5 ready
328:          0          0          0          0          0          0          0          2     smp2p   2 Edge      q6v5 handover
329:          0          0          0          0          0          0          0          0     smp2p   3 Edge      q6v5 stop
330:          0          0          0          0          0          0          0          1     smp2p   7 Edge      q6v5 shutdown-ack
331:          0          0          0          0          0          0          0          0     smp2p   0 Edge      smp2p_sleepstate
334:          0          0          0          0          0          0          0          0  pmic_arb 102826394 Edge      pm8xxx_rtc_alarm
356:          0          0          0          0          0          0          0          0     smp2p   0 Edge      ipa_smp2p_clk_vote
358:        355          0          0          0          0          0          0          0      ipcc 131072 Edge      glink-native-modem
359:          0          0          0          0          0          0          0          0  ITS-pMSI   0 Edge      gsi_msi
360:          0          0          0          0          0          0          0          0  ITS-pMSI   1 Edge      gsi_msi
IPI0:       116        192        190        107       2294       2180       2226      22981       Rescheduling interrupts
IPI1:      9888        559        214        301        453        477        607       2594       Function call interrupts
IPI2:         0          0          0          0          0          0          0          0       CPU stop interrupts
IPI3:         0          0          0          0          0          0          0          0       CPU stop (for crash dump) interrupts
IPI4:         0          0          0          0          0          0          0          0       Timer broadcast interrupts
IPI5:       695         21          6          1        282        226        227      41479       IRQ work interrupts
IPI6:         0          0          0          0          0          0          0          0       CPU wake-up interrupts
Err:          0
IRQ_UPTIME=1521.72 11975.33
           CPU0       CPU1       CPU2       CPU3       CPU4       CPU5       CPU6       CPU7       
 11:       1815        210        191         79        806        770        487      55386     GICv3  27 Level     arch_timer
 13:          0          0          0          0          0          0          0          0     GICv3  38 Level     arch_mem_timer
 15:          0          0          0          0          0          0          0          0     GICv3 962 Edge      qcom-scm
 16:          0          0          0          0          0          0          0          0     GICv3  62 Level     dcvsh-irq-0
 17:          0          0          0          0          1          0          0          0     GICv3  63 Level     dcvsh-irq-4
 18:          0          0          0          0          0          0          0          1     GICv3  51 Level     dcvsh-irq-7
 21:         11          0          0          0          0          0          0          0     GICv3  94 Level     qcom_rimps
 22:          0          0          0          0          0          0          0          0     GICv3  23 Level     arm-pmu
 24:          0          0          0          0          0          0          0          0     GICv3 610 Edge      q6v5 wdog
 25:          0          0          0          0          0          0          0          0     GICv3 296 Edge      q6v5 wdog
 26:          0          0          0          0          0          0          0          0     GICv3 384 Edge      generic-irq
 28:        336          0          0          0          0          0          0          0     GICv3 261 Level     ipcc_0
 30:       3752          0          0          0          0          0          0          0     GICv3 297 Level     ufshcd
 35:       5096          0          0          0          0          0          0          0     GICv3  37 Level     apps_rsc
 36:          0          0          0          0          0          0          0          0     GICv3 161 Level     disp_rsc
 37:         59          0          0          0          0          0          0          0     GICv3 613 Level     190b6400.qcom,bwmon-llcc
 38:          8          0          0          0          0          0          0          0     GICv3 113 Level     19091000.qcom,bwmon-ddr
 39:          3          0          0          0          0          0          0          0     GICv3 686 Edge      ipa
 40:         28          0          0          0          0          0          0          0     GICv3 464 Level     gsi
 85:          2          0          0          0          0          0          0          0     GICv3 619 Level     msm_serial_geni0
112:          0          0          0          0          0          0          0          0     GICv3  97 Level     arm-smmu global fault
113:          0          0          0          0          0          0          0          0     GICv3 129 Level     arm-smmu-context-fault
114:          0          0          0          0          0          0          0          0     GICv3 130 Level     arm-smmu-context-fault
115:          0          0          0          0          0          0          0          0     GICv3 131 Level     arm-smmu-context-fault
116:          0          0          0          0          0          0          0          0     GICv3 132 Level     arm-smmu-context-fault
117:          0          0          0          0          0          0          0          0     GICv3 133 Level     arm-smmu-context-fault
118:          0          0          0          0          0          0          0          0     GICv3 134 Level     arm-smmu-context-fault
119:          0          0          0          0          0          0          0          0     GICv3 135 Level     arm-smmu-context-fault
120:          0          0          0          0          0          0          0          0     GICv3 136 Level     arm-smmu-context-fault
121:          0          0          0          0          0          0          0          0     GICv3 137 Level     arm-smmu-context-fault
122:          0          0          0          0          0          0          0          0     GICv3 138 Level     arm-smmu-context-fault
123:          0          0          0          0          0          0          0          0     GICv3 139 Level     arm-smmu-context-fault
212:          0          0          0          0          0          0          0          0     GICv3 172 Edge      int_global_int
259:          0          0          0          0          0          0          0          0     GICv3 115 Level     msm_drm
291:          0          0          0          0          0          0          0          0     GICv3  32 Edge      apps_wdog_bark
292:          0          0          0          0          0          0          0          0     GICv3 960 Edge      gh_msgq_tx_0
293:          0          0          0          0          0          0          0          0     GICv3 961 Edge      gh_msgq_rx_0
296:          0          0          0          0          0          0          0          0       PDC  11 Level     eud_irq
297:          0          0          0          0          0          0          0          0     GICv3 162 Level     pwr_event_irq
298:          0          0          0          0          0          0          0          0       PDC  14 Edge      dp_hs_phy_irq
299:          0          0          0          0          0          0          0          0       PDC  15 Edge      dm_hs_phy_irq
300:          0          0          0          0          0          0          0          0       PDC  17 Level     ss_phy_irq
301:       3692          0          0          0          0          0          0          0     GICv3 165 Level     dwc3-msm, dwc3
302:          0          0          0          0          0          0          0          0       sde  12 Edge      dp_display_isr
303:          0          0          0          0          0          0          0          0       sde   4 Edge      dsi_ctrl
304:          0          0          0          0          0          0          0          0   msmgpio  96 Edge      msm_pcie_wake
305:          0          0          0          0          0          0          0          0   msmgpio  79 Edge      hs_uart_wakeup
306:          4          0          0          0          0          0          0          0      ipcc   0 Edge      aoss-qmp
307:          0          0          0          0          0          0          0          0      ipcc 196610 Edge      smp2p
308:          0          0          0          0          0          0          0          0      ipcc 262146 Edge      smp2p
309:          0          0          0          0          0          0          0          0      ipcc 393218 Edge      smp2p
310:          6          0          0          0          0          0          0          0      ipcc 131074 Edge      smp2p
311:          2          0          0          0          0          0          0          0      ipcc 1507328 Edge      qcom,qmp-tme
312:          0          0          0          0          0          0          0          0       PDC   6 Edge      q6v5 wdog
313:          0          0          0          0          0          0          0          0     smp2p   0 Edge      q6v5 fatal
314:          0          0          0          0          0          0          0          0     smp2p   1 Edge      q6v5 ready
315:          0          0          0          0          0          0          0          0     smp2p   2 Edge      q6v5 handover
316:          0          0          0          0          0          0          0          0     smp2p   3 Edge      q6v5 stop
317:          0          0          0          0          0          0          0          0     smp2p   0 Edge      q6v5 fatal
318:          0          0          0          0          0          0          0          0     smp2p   1 Edge      q6v5 ready
319:          0          0          0          0          0          0          0          0     smp2p   2 Edge      q6v5 handover
320:          0          0          0          0          0          0          0          0     smp2p   3 Edge      q6v5 stop
321:          0          0          0          0          0          0          0          0       PDC   9 Edge      q6v5 wdog
322:          0          0          0          0          0          0          0          0     smp2p   0 Edge      q6v5 fatal
323:          0          0          0          0          0          0          0          0     smp2p   1 Edge      q6v5 ready
324:          0          0          0          0          0          0          0          0     smp2p   2 Edge      q6v5 handover
325:          0          0          0          0          0          0          0          0     smp2p   3 Edge      q6v5 stop
326:          0          0          0          0          0          0          0          0     smp2p   0 Edge      q6v5 fatal
327:          0          0          0          0          0          0          0          2     smp2p   1 Edge      q6v5 ready
328:          0          0          0          0          0          0          0          2     smp2p   2 Edge      q6v5 handover
329:          0          0          0          0          0          0          0          0     smp2p   3 Edge      q6v5 stop
330:          0          0          0          0          0          0          0          1     smp2p   7 Edge      q6v5 shutdown-ack
331:          0          0          0          0          0          0          0          0     smp2p   0 Edge      smp2p_sleepstate
334:          0          0          0          0          0          0          0          0  pmic_arb 102826394 Edge      pm8xxx_rtc_alarm
356:          0          0          0          0          0          0          0          0     smp2p   0 Edge      ipa_smp2p_clk_vote
358:        356          0          0          0          0          0          0          0      ipcc 131072 Edge      glink-native-modem
359:          0          0          0          0          0          0          0          0  ITS-pMSI   0 Edge      gsi_msi
360:          0          0          0          0          0          0          0          0  ITS-pMSI   1 Edge      gsi_msi
IPI0:       116        192        190        107       2299       2182       2233      23015       Rescheduling interrupts
IPI1:      9895        559        214        301        454        477        607       2595       Function call interrupts
IPI2:         0          0          0          0          0          0          0          0       CPU stop interrupts
IPI3:         0          0          0          0          0          0          0          0       CPU stop (for crash dump) interrupts
IPI4:         0          0          0          0          0          0          0          0       Timer broadcast interrupts
IPI5:       696         21          6          1        283        226        228      41514       IRQ work interrupts
IPI6:         0          0          0          0          0          0          0          0       CPU wake-up interrupts
Err:          0
IRQ_UPTIME=1522.72 11979.74
           CPU0       CPU1       CPU2       CPU3       CPU4       CPU5       CPU6       CPU7       
 11:       1820        210        191         79        808        773        491      55449     GICv3  27 Level     arch_timer
 13:          0          0          0          0          0          0          0          0     GICv3  38 Level     arch_mem_timer
 15:          0          0          0          0          0          0          0          0     GICv3 962 Edge      qcom-scm
 16:          0          0          0          0          0          0          0          0     GICv3  62 Level     dcvsh-irq-0
 17:          0          0          0          0          1          0          0          0     GICv3  63 Level     dcvsh-irq-4
 18:          0          0          0          0          0          0          0          1     GICv3  51 Level     dcvsh-irq-7
 21:         11          0          0          0          0          0          0          0     GICv3  94 Level     qcom_rimps
 22:          0          0          0          0          0          0          0          0     GICv3  23 Level     arm-pmu
 24:          0          0          0          0          0          0          0          0     GICv3 610 Edge      q6v5 wdog
 25:          0          0          0          0          0          0          0          0     GICv3 296 Edge      q6v5 wdog
 26:          0          0          0          0          0          0          0          0     GICv3 384 Edge      generic-irq
 28:        337          0          0          0          0          0          0          0     GICv3 261 Level     ipcc_0
 30:       3763          0          0          0          0          0          0          0     GICv3 297 Level     ufshcd
 35:       5139          0          0          0          0          0          0          0     GICv3  37 Level     apps_rsc
 36:          0          0          0          0          0          0          0          0     GICv3 161 Level     disp_rsc
 37:         60          0          0          0          0          0          0          0     GICv3 613 Level     190b6400.qcom,bwmon-llcc
 38:          9          0          0          0          0          0          0          0     GICv3 113 Level     19091000.qcom,bwmon-ddr
 39:          3          0          0          0          0          0          0          0     GICv3 686 Edge      ipa
 40:         61          0          0          0          0          0          0          0     GICv3 464 Level     gsi
 85:          2          0          0          0          0          0          0          0     GICv3 619 Level     msm_serial_geni0
112:          0          0          0          0          0          0          0          0     GICv3  97 Level     arm-smmu global fault
113:          0          0          0          0          0          0          0          0     GICv3 129 Level     arm-smmu-context-fault
114:          0          0          0          0          0          0          0          0     GICv3 130 Level     arm-smmu-context-fault
115:          0          0          0          0          0          0          0          0     GICv3 131 Level     arm-smmu-context-fault
116:          0          0          0          0          0          0          0          0     GICv3 132 Level     arm-smmu-context-fault
117:          0          0          0          0          0          0          0          0     GICv3 133 Level     arm-smmu-context-fault
118:          0          0          0          0          0          0          0          0     GICv3 134 Level     arm-smmu-context-fault
119:          0          0          0          0          0          0          0          0     GICv3 135 Level     arm-smmu-context-fault
120:          0          0          0          0          0          0          0          0     GICv3 136 Level     arm-smmu-context-fault
121:          0          0          0          0          0          0          0          0     GICv3 137 Level     arm-smmu-context-fault
122:          0          0          0          0          0          0          0          0     GICv3 138 Level     arm-smmu-context-fault
123:          0          0          0          0          0          0          0          0     GICv3 139 Level     arm-smmu-context-fault
212:          0          0          0          0          0          0          0          0     GICv3 172 Edge      int_global_int
259:          0          0          0          0          0          0          0          0     GICv3 115 Level     msm_drm
291:          0          0          0          0          0          0          0          0     GICv3  32 Edge      apps_wdog_bark
292:          0          0          0          0          0          0          0          0     GICv3 960 Edge      gh_msgq_tx_0
293:          0          0          0          0          0          0          0          0     GICv3 961 Edge      gh_msgq_rx_0
296:          0          0          0          0          0          0          0          0       PDC  11 Level     eud_irq
297:          0          0          0          0          0          0          0          0     GICv3 162 Level     pwr_event_irq
298:          0          0          0          0          0          0          0          0       PDC  14 Edge      dp_hs_phy_irq
299:          0          0          0          0          0          0          0          0       PDC  15 Edge      dm_hs_phy_irq
300:          0          0          0          0          0          0          0          0       PDC  17 Level     ss_phy_irq
301:       3692          0          0          0          0          0          0          0     GICv3 165 Level     dwc3-msm, dwc3
302:          0          0          0          0          0          0          0          0       sde  12 Edge      dp_display_isr
303:          0          0          0          0          0          0          0          0       sde   4 Edge      dsi_ctrl
304:          0          0          0          0          0          0          0          0   msmgpio  96 Edge      msm_pcie_wake
305:          0          0          0          0          0          0          0          0   msmgpio  79 Edge      hs_uart_wakeup
306:          4          0          0          0          0          0          0          0      ipcc   0 Edge      aoss-qmp
307:          0          0          0          0          0          0          0          0      ipcc 196610 Edge      smp2p
308:          0          0          0          0          0          0          0          0      ipcc 262146 Edge      smp2p
309:          0          0          0          0          0          0          0          0      ipcc 393218 Edge      smp2p
310:          6          0          0          0          0          0          0          0      ipcc 131074 Edge      smp2p
311:          2          0          0          0          0          0          0          0      ipcc 1507328 Edge      qcom,qmp-tme
312:          0          0          0          0          0          0          0          0       PDC   6 Edge      q6v5 wdog
313:          0          0          0          0          0          0          0          0     smp2p   0 Edge      q6v5 fatal
314:          0          0          0          0          0          0          0          0     smp2p   1 Edge      q6v5 ready
315:          0          0          0          0          0          0          0          0     smp2p   2 Edge      q6v5 handover
316:          0          0          0          0          0          0          0          0     smp2p   3 Edge      q6v5 stop
317:          0          0          0          0          0          0          0          0     smp2p   0 Edge      q6v5 fatal
318:          0          0          0          0          0          0          0          0     smp2p   1 Edge      q6v5 ready
319:          0          0          0          0          0          0          0          0     smp2p   2 Edge      q6v5 handover
320:          0          0          0          0          0          0          0          0     smp2p   3 Edge      q6v5 stop
321:          0          0          0          0          0          0          0          0       PDC   9 Edge      q6v5 wdog
322:          0          0          0          0          0          0          0          0     smp2p   0 Edge      q6v5 fatal
323:          0          0          0          0          0          0          0          0     smp2p   1 Edge      q6v5 ready
324:          0          0          0          0          0          0          0          0     smp2p   2 Edge      q6v5 handover
325:          0          0          0          0          0          0          0          0     smp2p   3 Edge      q6v5 stop
326:          0          0          0          0          0          0          0          0     smp2p   0 Edge      q6v5 fatal
327:          0          0          0          0          0          0          0          2     smp2p   1 Edge      q6v5 ready
328:          0          0          0          0          0          0          0          2     smp2p   2 Edge      q6v5 handover
329:          0          0          0          0          0          0          0          0     smp2p   3 Edge      q6v5 stop
330:          0          0          0          0          0          0          0          1     smp2p   7 Edge      q6v5 shutdown-ack
331:          0          0          0          0          0          0          0          0     smp2p   0 Edge      smp2p_sleepstate
334:          0          0          0          0          0          0          0          0  pmic_arb 102826394 Edge      pm8xxx_rtc_alarm
356:          0          0          0          0          0          0          0          0     smp2p   0 Edge      ipa_smp2p_clk_vote
358:        357          0          0          0          0          0          0          0      ipcc 131072 Edge      glink-native-modem
359:          0          0          0          0          0          0          0          0  ITS-pMSI   0 Edge      gsi_msi
360:          0          0          0          0          0          0          0          0  ITS-pMSI   1 Edge      gsi_msi
IPI0:       116        192        190        107       2306       2192       2239      23124       Rescheduling interrupts
IPI1:      9904        559        214        301        454        478        608       2599       Function call interrupts
IPI2:         0          0          0          0          0          0          0          0       CPU stop interrupts
IPI3:         0          0          0          0          0          0          0          0       CPU stop (for crash dump) interrupts
IPI4:         0          0          0          0          0          0          0          0       Timer broadcast interrupts
IPI5:       699         21          6          1        287        230        233      41560       IRQ work interrupts
IPI6:         0          0          0          0          0          0          0          0       CPU wake-up interrupts
Err:          0
IRQ_UPTIME=1585.79 12295.02
           CPU0       CPU1       CPU2       CPU3       CPU4       CPU5       CPU6       CPU7       
 11:       2035        210        191         79        838        806        521      58028     GICv3  27 Level     arch_timer
 13:          0          0          0          0          0          0          0          0     GICv3  38 Level     arch_mem_timer
 15:          0          0          0          0          0          0          0          0     GICv3 962 Edge      qcom-scm
 16:          0          0          0          0          0          0          0          0     GICv3  62 Level     dcvsh-irq-0
 17:          0          0          0          0          1          0          0          0     GICv3  63 Level     dcvsh-irq-4
 18:          0          0          0          0          0          0          0          1     GICv3  51 Level     dcvsh-irq-7
 21:         11          0          0          0          0          0          0          0     GICv3  94 Level     qcom_rimps
 22:          0          0          0          0          0          0          0          0     GICv3  23 Level     arm-pmu
 24:          0          0          0          0          0          0          0          0     GICv3 610 Edge      q6v5 wdog
 25:          0          0          0          0          0          0          0          0     GICv3 296 Edge      q6v5 wdog
 26:          0          0          0          0          0          0          0          0     GICv3 384 Edge      generic-irq
 28:        340          0          0          0          0          0          0          0     GICv3 261 Level     ipcc_0
 30:       3984          0          0          0          0          0          0          0     GICv3 297 Level     ufshcd
 35:       5533          0          0          0          0          0          0          0     GICv3  37 Level     apps_rsc
 36:          0          0          0          0          0          0          0          0     GICv3 161 Level     disp_rsc
 37:         61          0          0          0          0          0          0          0     GICv3 613 Level     190b6400.qcom,bwmon-llcc
 38:          9          0          0          0          0          0          0          0     GICv3 113 Level     19091000.qcom,bwmon-ddr
 39:          3          0          0          0          0          0          0          0     GICv3 686 Edge      ipa
 40:         61          0          0          0          0          0          0          0     GICv3 464 Level     gsi
 85:          2          0          0          0          0          0          0          0     GICv3 619 Level     msm_serial_geni0
112:          0          0          0          0          0          0          0          0     GICv3  97 Level     arm-smmu global fault
113:          0          0          0          0          0          0          0          0     GICv3 129 Level     arm-smmu-context-fault
114:          0          0          0          0          0          0          0          0     GICv3 130 Level     arm-smmu-context-fault
115:          0          0          0          0          0          0          0          0     GICv3 131 Level     arm-smmu-context-fault
116:          0          0          0          0          0          0          0          0     GICv3 132 Level     arm-smmu-context-fault
117:          0          0          0          0          0          0          0          0     GICv3 133 Level     arm-smmu-context-fault
118:          0          0          0          0          0          0          0          0     GICv3 134 Level     arm-smmu-context-fault
119:          0          0          0          0          0          0          0          0     GICv3 135 Level     arm-smmu-context-fault
120:          0          0          0          0          0          0          0          0     GICv3 136 Level     arm-smmu-context-fault
121:          0          0          0          0          0          0          0          0     GICv3 137 Level     arm-smmu-context-fault
122:          0          0          0          0          0          0          0          0     GICv3 138 Level     arm-smmu-context-fault
123:          0          0          0          0          0          0          0          0     GICv3 139 Level     arm-smmu-context-fault
212:          0          0          0          0          0          0          0          0     GICv3 172 Edge      int_global_int
259:          0          0          0          0          0          0          0          0     GICv3 115 Level     msm_drm
291:          0          0          0          0          0          0          0          0     GICv3  32 Edge      apps_wdog_bark
292:          0          0          0          0          0          0          0          0     GICv3 960 Edge      gh_msgq_tx_0
293:          0          0          0          0          0          0          0          0     GICv3 961 Edge      gh_msgq_rx_0
296:          0          0          0          0          0          0          0          0       PDC  11 Level     eud_irq
297:          0          0          0          0          0          0          0          0     GICv3 162 Level     pwr_event_irq
298:          0          0          0          0          0          0          0          0       PDC  14 Edge      dp_hs_phy_irq
299:          0          0          0          0          0          0          0          0       PDC  15 Edge      dm_hs_phy_irq
300:          0          0          0          0          0          0          0          0       PDC  17 Level     ss_phy_irq
301:       4385          0          0          0          0          0          0          0     GICv3 165 Level     dwc3-msm, dwc3
302:          0          0          0          0          0          0          0          0       sde  12 Edge      dp_display_isr
303:          0          0          0          0          0          0          0          0       sde   4 Edge      dsi_ctrl
304:          0          0          0          0          0          0          0          0   msmgpio  96 Edge      msm_pcie_wake
305:          0          0          0          0          0          0          0          0   msmgpio  79 Edge      hs_uart_wakeup
306:          4          0          0          0          0          0          0          0      ipcc   0 Edge      aoss-qmp
307:          0          0          0          0          0          0          0          0      ipcc 196610 Edge      smp2p
308:          0          0          0          0          0          0          0          0      ipcc 262146 Edge      smp2p
309:          0          0          0          0          0          0          0          0      ipcc 393218 Edge      smp2p
310:          6          0          0          0          0          0          0          0      ipcc 131074 Edge      smp2p
311:          2          0          0          0          0          0          0          0      ipcc 1507328 Edge      qcom,qmp-tme
312:          0          0          0          0          0          0          0          0       PDC   6 Edge      q6v5 wdog
313:          0          0          0          0          0          0          0          0     smp2p   0 Edge      q6v5 fatal
314:          0          0          0          0          0          0          0          0     smp2p   1 Edge      q6v5 ready
315:          0          0          0          0          0          0          0          0     smp2p   2 Edge      q6v5 handover
316:          0          0          0          0          0          0          0          0     smp2p   3 Edge      q6v5 stop
317:          0          0          0          0          0          0          0          0     smp2p   0 Edge      q6v5 fatal
318:          0          0          0          0          0          0          0          0     smp2p   1 Edge      q6v5 ready
319:          0          0          0          0          0          0          0          0     smp2p   2 Edge      q6v5 handover
320:          0          0          0          0          0          0          0          0     smp2p   3 Edge      q6v5 stop
321:          0          0          0          0          0          0          0          0       PDC   9 Edge      q6v5 wdog
322:          0          0          0          0          0          0          0          0     smp2p   0 Edge      q6v5 fatal
323:          0          0          0          0          0          0          0          0     smp2p   1 Edge      q6v5 ready
324:          0          0          0          0          0          0          0          0     smp2p   2 Edge      q6v5 handover
325:          0          0          0          0          0          0          0          0     smp2p   3 Edge      q6v5 stop
326:          0          0          0          0          0          0          0          0     smp2p   0 Edge      q6v5 fatal
327:          0          0          0          0          0          0          0          2     smp2p   1 Edge      q6v5 ready
328:          0          0          0          0          0          0          0          2     smp2p   2 Edge      q6v5 handover
329:          0          0          0          0          0          0          0          0     smp2p   3 Edge      q6v5 stop
330:          0          0          0          0          0          0          0          1     smp2p   7 Edge      q6v5 shutdown-ack
331:          0          0          0          0          0          0          0          0     smp2p   0 Edge      smp2p_sleepstate
334:          0          0          0          0          0          0          0          0  pmic_arb 102826394 Edge      pm8xxx_rtc_alarm
356:          0          0          0          0          0          0          0          0     smp2p   0 Edge      ipa_smp2p_clk_vote
358:        360          0          0          0          0          0          0          0      ipcc 131072 Edge      glink-native-modem
359:          0          0          0          0          0          0          0          0  ITS-pMSI   0 Edge      gsi_msi
360:          0          0          0          0          0          0          0          0  ITS-pMSI   1 Edge      gsi_msi
IPI0:       118        194        192        109       2428       2303       2353      24243       Rescheduling interrupts
IPI1:     10317        571        215        302        458        484        610       2703       Function call interrupts
IPI2:         0          0          0          0          0          0          0          0       CPU stop interrupts
IPI3:         0          0          0          0          0          0          0          0       CPU stop (for crash dump) interrupts
IPI4:         0          0          0          0          0          0          0          0       Timer broadcast interrupts
IPI5:       742         21          6          1        338        277        256      43536       IRQ work interrupts
IPI6:         0          0          0          0          0          0          0          0       CPU wake-up interrupts
Err:          0
IRQ_UPTIME=1586.80 12298.25
           CPU0       CPU1       CPU2       CPU3       CPU4       CPU5       CPU6       CPU7       
 11:       2040        210        191         79        840        807        521      58084     GICv3  27 Level     arch_timer
 13:          0          0          0          0          0          0          0          0     GICv3  38 Level     arch_mem_timer
 15:          0          0          0          0          0          0          0          0     GICv3 962 Edge      qcom-scm
 16:          0          0          0          0          0          0          0          0     GICv3  62 Level     dcvsh-irq-0
 17:          0          0          0          0          1          0          0          0     GICv3  63 Level     dcvsh-irq-4
 18:          0          0          0          0          0          0          0          1     GICv3  51 Level     dcvsh-irq-7
 21:         11          0          0          0          0          0          0          0     GICv3  94 Level     qcom_rimps
 22:          0          0          0          0          0          0          0          0     GICv3  23 Level     arm-pmu
 24:          0          0          0          0          0          0          0          0     GICv3 610 Edge      q6v5 wdog
 25:          0          0          0          0          0          0          0          0     GICv3 296 Edge      q6v5 wdog
 26:          0          0          0          0          0          0          0          0     GICv3 384 Edge      generic-irq
 28:        340          0          0          0          0          0          0          0     GICv3 261 Level     ipcc_0
 30:       3991          0          0          0          0          0          0          0     GICv3 297 Level     ufshcd
 35:       5550          0          0          0          0          0          0          0     GICv3  37 Level     apps_rsc
 36:          0          0          0          0          0          0          0          0     GICv3 161 Level     disp_rsc
 37:         61          0          0          0          0          0          0          0     GICv3 613 Level     190b6400.qcom,bwmon-llcc
 38:          9          0          0          0          0          0          0          0     GICv3 113 Level     19091000.qcom,bwmon-ddr
 39:          3          0          0          0          0          0          0          0     GICv3 686 Edge      ipa
 40:         61          0          0          0          0          0          0          0     GICv3 464 Level     gsi
 85:          2          0          0          0          0          0          0          0     GICv3 619 Level     msm_serial_geni0
112:          0          0          0          0          0          0          0          0     GICv3  97 Level     arm-smmu global fault
113:          0          0          0          0          0          0          0          0     GICv3 129 Level     arm-smmu-context-fault
114:          0          0          0          0          0          0          0          0     GICv3 130 Level     arm-smmu-context-fault
115:          0          0          0          0          0          0          0          0     GICv3 131 Level     arm-smmu-context-fault
116:          0          0          0          0          0          0          0          0     GICv3 132 Level     arm-smmu-context-fault
117:          0          0          0          0          0          0          0          0     GICv3 133 Level     arm-smmu-context-fault
118:          0          0          0          0          0          0          0          0     GICv3 134 Level     arm-smmu-context-fault
119:          0          0          0          0          0          0          0          0     GICv3 135 Level     arm-smmu-context-fault
120:          0          0          0          0          0          0          0          0     GICv3 136 Level     arm-smmu-context-fault
121:          0          0          0          0          0          0          0          0     GICv3 137 Level     arm-smmu-context-fault
122:          0          0          0          0          0          0          0          0     GICv3 138 Level     arm-smmu-context-fault
123:          0          0          0          0          0          0          0          0     GICv3 139 Level     arm-smmu-context-fault
212:          0          0          0          0          0          0          0          0     GICv3 172 Edge      int_global_int
259:          0          0          0          0          0          0          0          0     GICv3 115 Level     msm_drm
291:          0          0          0          0          0          0          0          0     GICv3  32 Edge      apps_wdog_bark
292:          0          0          0          0          0          0          0          0     GICv3 960 Edge      gh_msgq_tx_0
293:          0          0          0          0          0          0          0          0     GICv3 961 Edge      gh_msgq_rx_0
296:          0          0          0          0          0          0          0          0       PDC  11 Level     eud_irq
297:          0          0          0          0          0          0          0          0     GICv3 162 Level     pwr_event_irq
298:          0          0          0          0          0          0          0          0       PDC  14 Edge      dp_hs_phy_irq
299:          0          0          0          0          0          0          0          0       PDC  15 Edge      dm_hs_phy_irq
300:          0          0          0          0          0          0          0          0       PDC  17 Level     ss_phy_irq
301:       4393          0          0          0          0          0          0          0     GICv3 165 Level     dwc3-msm, dwc3
302:          0          0          0          0          0          0          0          0       sde  12 Edge      dp_display_isr
303:          0          0          0          0          0          0          0          0       sde   4 Edge      dsi_ctrl
304:          0          0          0          0          0          0          0          0   msmgpio  96 Edge      msm_pcie_wake
305:          0          0          0          0          0          0          0          0   msmgpio  79 Edge      hs_uart_wakeup
306:          4          0          0          0          0          0          0          0      ipcc   0 Edge      aoss-qmp
307:          0          0          0          0          0          0          0          0      ipcc 196610 Edge      smp2p
308:          0          0          0          0          0          0          0          0      ipcc 262146 Edge      smp2p
309:          0          0          0          0          0          0          0          0      ipcc 393218 Edge      smp2p
310:          6          0          0          0          0          0          0          0      ipcc 131074 Edge      smp2p
311:          2          0          0          0          0          0          0          0      ipcc 1507328 Edge      qcom,qmp-tme
312:          0          0          0          0          0          0          0          0       PDC   6 Edge      q6v5 wdog
313:          0          0          0          0          0          0          0          0     smp2p   0 Edge      q6v5 fatal
314:          0          0          0          0          0          0          0          0     smp2p   1 Edge      q6v5 ready
315:          0          0          0          0          0          0          0          0     smp2p   2 Edge      q6v5 handover
316:          0          0          0          0          0          0          0          0     smp2p   3 Edge      q6v5 stop
317:          0          0          0          0          0          0          0          0     smp2p   0 Edge      q6v5 fatal
318:          0          0          0          0          0          0          0          0     smp2p   1 Edge      q6v5 ready
319:          0          0          0          0          0          0          0          0     smp2p   2 Edge      q6v5 handover
320:          0          0          0          0          0          0          0          0     smp2p   3 Edge      q6v5 stop
321:          0          0          0          0          0          0          0          0       PDC   9 Edge      q6v5 wdog
322:          0          0          0          0          0          0          0          0     smp2p   0 Edge      q6v5 fatal
323:          0          0          0          0          0          0          0          0     smp2p   1 Edge      q6v5 ready
324:          0          0          0          0          0          0          0          0     smp2p   2 Edge      q6v5 handover
325:          0          0          0          0          0          0          0          0     smp2p   3 Edge      q6v5 stop
326:          0          0          0          0          0          0          0          0     smp2p   0 Edge      q6v5 fatal
327:          0          0          0          0          0          0          0          2     smp2p   1 Edge      q6v5 ready
328:          0          0          0          0          0          0          0          2     smp2p   2 Edge      q6v5 handover
329:          0          0          0          0          0          0          0          0     smp2p   3 Edge      q6v5 stop
330:          0          0          0          0          0          0          0          1     smp2p   7 Edge      q6v5 shutdown-ack
331:          0          0          0          0          0          0          0          0     smp2p   0 Edge      smp2p_sleepstate
334:          0          0          0          0          0          0          0          0  pmic_arb 102826394 Edge      pm8xxx_rtc_alarm
356:          0          0          0          0          0          0          0          0     smp2p   0 Edge      ipa_smp2p_clk_vote
358:        360          0          0          0          0          0          0          0      ipcc 131072 Edge      glink-native-modem
359:          0          0          0          0          0          0          0          0  ITS-pMSI   0 Edge      gsi_msi
360:          0          0          0          0          0          0          0          0  ITS-pMSI   1 Edge      gsi_msi
IPI0:       118        194        192        109       2434       2308       2357      24282       Rescheduling interrupts
IPI1:     10325        571        215        302        458        484        610       2706       Function call interrupts
IPI2:         0          0          0          0          0          0          0          0       CPU stop interrupts
IPI3:         0          0          0          0          0          0          0          0       CPU stop (for crash dump) interrupts
IPI4:         0          0          0          0          0          0          0          0       Timer broadcast interrupts
IPI5:       745         21          6          1        341        278        257      43572       IRQ work interrupts
IPI6:         0          0          0          0          0          0          0          0       CPU wake-up interrupts
Err:          0
IRQ_UPTIME=1587.81 12303.10
           CPU0       CPU1       CPU2       CPU3       CPU4       CPU5       CPU6       CPU7       
 11:       2056        210        191         79        844        809        526      58156     GICv3  27 Level     arch_timer
 13:          0          0          0          0          0          0          0          0     GICv3  38 Level     arch_mem_timer
 15:          0          0          0          0          0          0          0          0     GICv3 962 Edge      qcom-scm
 16:          0          0          0          0          0          0          0          0     GICv3  62 Level     dcvsh-irq-0
 17:          0          0          0          0          1          0          0          0     GICv3  63 Level     dcvsh-irq-4
 18:          0          0          0          0          0          0          0          1     GICv3  51 Level     dcvsh-irq-7
 21:         11          0          0          0          0          0          0          0     GICv3  94 Level     qcom_rimps
 22:          0          0          0          0          0          0          0          0     GICv3  23 Level     arm-pmu
 24:          0          0          0          0          0          0          0          0     GICv3 610 Edge      q6v5 wdog
 25:          0          0          0          0          0          0          0          0     GICv3 296 Edge      q6v5 wdog
 26:          0          0          0          0          0          0          0          0     GICv3 384 Edge      generic-irq
 28:        340          0          0          0          0          0          0          0     GICv3 261 Level     ipcc_0
 30:       3999          0          0          0          0          0          0          0     GICv3 297 Level     ufshcd
 35:       5580          0          0          0          0          0          0          0     GICv3  37 Level     apps_rsc
 36:          0          0          0          0          0          0          0          0     GICv3 161 Level     disp_rsc
 37:         62          0          0          0          0          0          0          0     GICv3 613 Level     190b6400.qcom,bwmon-llcc
 38:          9          0          0          0          0          0          0          0     GICv3 113 Level     19091000.qcom,bwmon-ddr
 39:          3          0          0          0          0          0          0          0     GICv3 686 Edge      ipa
 40:         87          0          0          0          0          0          0          0     GICv3 464 Level     gsi
 85:          2          0          0          0          0          0          0          0     GICv3 619 Level     msm_serial_geni0
112:          0          0          0          0          0          0          0          0     GICv3  97 Level     arm-smmu global fault
113:          0          0          0          0          0          0          0          0     GICv3 129 Level     arm-smmu-context-fault
114:          0          0          0          0          0          0          0          0     GICv3 130 Level     arm-smmu-context-fault
115:          0          0          0          0          0          0          0          0     GICv3 131 Level     arm-smmu-context-fault
116:          0          0          0          0          0          0          0          0     GICv3 132 Level     arm-smmu-context-fault
117:          0          0          0          0          0          0          0          0     GICv3 133 Level     arm-smmu-context-fault
118:          0          0          0          0          0          0          0          0     GICv3 134 Level     arm-smmu-context-fault
119:          0          0          0          0          0          0          0          0     GICv3 135 Level     arm-smmu-context-fault
120:          0          0          0          0          0          0          0          0     GICv3 136 Level     arm-smmu-context-fault
121:          0          0          0          0          0          0          0          0     GICv3 137 Level     arm-smmu-context-fault
122:          0          0          0          0          0          0          0          0     GICv3 138 Level     arm-smmu-context-fault
123:          0          0          0          0          0          0          0          0     GICv3 139 Level     arm-smmu-context-fault
212:          0          0          0          0          0          0          0          0     GICv3 172 Edge      int_global_int
259:          0          0          0          0          0          0          0          0     GICv3 115 Level     msm_drm
291:          0          0          0          0          0          0          0          0     GICv3  32 Edge      apps_wdog_bark
292:          0          0          0          0          0          0          0          0     GICv3 960 Edge      gh_msgq_tx_0
293:          0          0          0          0          0          0          0          0     GICv3 961 Edge      gh_msgq_rx_0
296:          0          0          0          0          0          0          0          0       PDC  11 Level     eud_irq
297:          0          0          0          0          0          0          0          0     GICv3 162 Level     pwr_event_irq
298:          0          0          0          0          0          0          0          0       PDC  14 Edge      dp_hs_phy_irq
299:          0          0          0          0          0          0          0          0       PDC  15 Edge      dm_hs_phy_irq
300:          0          0          0          0          0          0          0          0       PDC  17 Level     ss_phy_irq
301:       4440          0          0          0          0          0          0          0     GICv3 165 Level     dwc3-msm, dwc3
302:          0          0          0          0          0          0          0          0       sde  12 Edge      dp_display_isr
303:          0          0          0          0          0          0          0          0       sde   4 Edge      dsi_ctrl
304:          0          0          0          0          0          0          0          0   msmgpio  96 Edge      msm_pcie_wake
305:          0          0          0          0          0          0          0          0   msmgpio  79 Edge      hs_uart_wakeup
306:          4          0          0          0          0          0          0          0      ipcc   0 Edge      aoss-qmp
307:          0          0          0          0          0          0          0          0      ipcc 196610 Edge      smp2p
308:          0          0          0          0          0          0          0          0      ipcc 262146 Edge      smp2p
309:          0          0          0          0          0          0          0          0      ipcc 393218 Edge      smp2p
310:          6          0          0          0          0          0          0          0      ipcc 131074 Edge      smp2p
311:          2          0          0          0          0          0          0          0      ipcc 1507328 Edge      qcom,qmp-tme
312:          0          0          0          0          0          0          0          0       PDC   6 Edge      q6v5 wdog
313:          0          0          0          0          0          0          0          0     smp2p   0 Edge      q6v5 fatal
314:          0          0          0          0          0          0          0          0     smp2p   1 Edge      q6v5 ready
315:          0          0          0          0          0          0          0          0     smp2p   2 Edge      q6v5 handover
316:          0          0          0          0          0          0          0          0     smp2p   3 Edge      q6v5 stop
317:          0          0          0          0          0          0          0          0     smp2p   0 Edge      q6v5 fatal
318:          0          0          0          0          0          0          0          0     smp2p   1 Edge      q6v5 ready
319:          0          0          0          0          0          0          0          0     smp2p   2 Edge      q6v5 handover
320:          0          0          0          0          0          0          0          0     smp2p   3 Edge      q6v5 stop
321:          0          0          0          0          0          0          0          0       PDC   9 Edge      q6v5 wdog
322:          0          0          0          0          0          0          0          0     smp2p   0 Edge      q6v5 fatal
323:          0          0          0          0          0          0          0          0     smp2p   1 Edge      q6v5 ready
324:          0          0          0          0          0          0          0          0     smp2p   2 Edge      q6v5 handover
325:          0          0          0          0          0          0          0          0     smp2p   3 Edge      q6v5 stop
326:          0          0          0          0          0          0          0          0     smp2p   0 Edge      q6v5 fatal
327:          0          0          0          0          0          0          0          2     smp2p   1 Edge      q6v5 ready
328:          0          0          0          0          0          0          0          2     smp2p   2 Edge      q6v5 handover
329:          0          0          0          0          0          0          0          0     smp2p   3 Edge      q6v5 stop
330:          0          0          0          0          0          0          0          1     smp2p   7 Edge      q6v5 shutdown-ack
331:          0          0          0          0          0          0          0          0     smp2p   0 Edge      smp2p_sleepstate
334:          0          0          0          0          0          0          0          0  pmic_arb 102826394 Edge      pm8xxx_rtc_alarm
356:          0          0          0          0          0          0          0          0     smp2p   0 Edge      ipa_smp2p_clk_vote
358:        360          0          0          0          0          0          0          0      ipcc 131072 Edge      glink-native-modem
359:          0          0          0          0          0          0          0          0  ITS-pMSI   0 Edge      gsi_msi
360:          0          0          0          0          0          0          0          0  ITS-pMSI   1 Edge      gsi_msi
IPI0:       118        194        192        109       2447       2316       2373      24403       Rescheduling interrupts
IPI1:     10337        571        215        302        458        484        611       2709       Function call interrupts
IPI2:         0          0          0          0          0          0          0          0       CPU stop interrupts
IPI3:         0          0          0          0          0          0          0          0       CPU stop (for crash dump) interrupts
IPI4:         0          0          0          0          0          0          0          0       Timer broadcast interrupts
IPI5:       751         21          6          1        345        280        264      43622       IRQ work interrupts
IPI6:         0          0          0          0          0          0          0          0       CPU wake-up interrupts
Err:          0
IRQ_UPTIME=1588.81 12307.90
           CPU0       CPU1       CPU2       CPU3       CPU4       CPU5       CPU6       CPU7       
 11:       2059        210        191         79        844        810        526      58201     GICv3  27 Level     arch_timer
 13:          0          0          0          0          0          0          0          0     GICv3  38 Level     arch_mem_timer
 15:          0          0          0          0          0          0          0          0     GICv3 962 Edge      qcom-scm
 16:          0          0          0          0          0          0          0          0     GICv3  62 Level     dcvsh-irq-0
 17:          0          0          0          0          1          0          0          0     GICv3  63 Level     dcvsh-irq-4
 18:          0          0          0          0          0          0          0          1     GICv3  51 Level     dcvsh-irq-7
 21:         11          0          0          0          0          0          0          0     GICv3  94 Level     qcom_rimps
 22:          0          0          0          0          0          0          0          0     GICv3  23 Level     arm-pmu
 24:          0          0          0          0          0          0          0          0     GICv3 610 Edge      q6v5 wdog
 25:          0          0          0          0          0          0          0          0     GICv3 296 Edge      q6v5 wdog
 26:          0          0          0          0          0          0          0          0     GICv3 384 Edge      generic-irq
 28:        340          0          0          0          0          0          0          0     GICv3 261 Level     ipcc_0
 30:       4002          0          0          0          0          0          0          0     GICv3 297 Level     ufshcd
 35:       5588          0          0          0          0          0          0          0     GICv3  37 Level     apps_rsc
 36:          0          0          0          0          0          0          0          0     GICv3 161 Level     disp_rsc
 37:         62          0          0          0          0          0          0          0     GICv3 613 Level     190b6400.qcom,bwmon-llcc
 38:          9          0          0          0          0          0          0          0     GICv3 113 Level     19091000.qcom,bwmon-ddr
 39:          3          0          0          0          0          0          0          0     GICv3 686 Edge      ipa
 40:         87          0          0          0          0          0          0          0     GICv3 464 Level     gsi
 85:          2          0          0          0          0          0          0          0     GICv3 619 Level     msm_serial_geni0
112:          0          0          0          0          0          0          0          0     GICv3  97 Level     arm-smmu global fault
113:          0          0          0          0          0          0          0          0     GICv3 129 Level     arm-smmu-context-fault
114:          0          0          0          0          0          0          0          0     GICv3 130 Level     arm-smmu-context-fault
115:          0          0          0          0          0          0          0          0     GICv3 131 Level     arm-smmu-context-fault
116:          0          0          0          0          0          0          0          0     GICv3 132 Level     arm-smmu-context-fault
117:          0          0          0          0          0          0          0          0     GICv3 133 Level     arm-smmu-context-fault
118:          0          0          0          0          0          0          0          0     GICv3 134 Level     arm-smmu-context-fault
119:          0          0          0          0          0          0          0          0     GICv3 135 Level     arm-smmu-context-fault
120:          0          0          0          0          0          0          0          0     GICv3 136 Level     arm-smmu-context-fault
121:          0          0          0          0          0          0          0          0     GICv3 137 Level     arm-smmu-context-fault
122:          0          0          0          0          0          0          0          0     GICv3 138 Level     arm-smmu-context-fault
123:          0          0          0          0          0          0          0          0     GICv3 139 Level     arm-smmu-context-fault
212:          0          0          0          0          0          0          0          0     GICv3 172 Edge      int_global_int
259:          0          0          0          0          0          0          0          0     GICv3 115 Level     msm_drm
291:          0          0          0          0          0          0          0          0     GICv3  32 Edge      apps_wdog_bark
292:          0          0          0          0          0          0          0          0     GICv3 960 Edge      gh_msgq_tx_0
293:          0          0          0          0          0          0          0          0     GICv3 961 Edge      gh_msgq_rx_0
296:          0          0          0          0          0          0          0          0       PDC  11 Level     eud_irq
297:          0          0          0          0          0          0          0          0     GICv3 162 Level     pwr_event_irq
298:          0          0          0          0          0          0          0          0       PDC  14 Edge      dp_hs_phy_irq
299:          0          0          0          0          0          0          0          0       PDC  15 Edge      dm_hs_phy_irq
300:          0          0          0          0          0          0          0          0       PDC  17 Level     ss_phy_irq
301:       4441          0          0          0          0          0          0          0     GICv3 165 Level     dwc3-msm, dwc3
302:          0          0          0          0          0          0          0          0       sde  12 Edge      dp_display_isr
303:          0          0          0          0          0          0          0          0       sde   4 Edge      dsi_ctrl
304:          0          0          0          0          0          0          0          0   msmgpio  96 Edge      msm_pcie_wake
305:          0          0          0          0          0          0          0          0   msmgpio  79 Edge      hs_uart_wakeup
306:          4          0          0          0          0          0          0          0      ipcc   0 Edge      aoss-qmp
307:          0          0          0          0          0          0          0          0      ipcc 196610 Edge      smp2p
308:          0          0          0          0          0          0          0          0      ipcc 262146 Edge      smp2p
309:          0          0          0          0          0          0          0          0      ipcc 393218 Edge      smp2p
310:          6          0          0          0          0          0          0          0      ipcc 131074 Edge      smp2p
311:          2          0          0          0          0          0          0          0      ipcc 1507328 Edge      qcom,qmp-tme
312:          0          0          0          0          0          0          0          0       PDC   6 Edge      q6v5 wdog
313:          0          0          0          0          0          0          0          0     smp2p   0 Edge      q6v5 fatal
314:          0          0          0          0          0          0          0          0     smp2p   1 Edge      q6v5 ready
315:          0          0          0          0          0          0          0          0     smp2p   2 Edge      q6v5 handover
316:          0          0          0          0          0          0          0          0     smp2p   3 Edge      q6v5 stop
317:          0          0          0          0          0          0          0          0     smp2p   0 Edge      q6v5 fatal
318:          0          0          0          0          0          0          0          0     smp2p   1 Edge      q6v5 ready
319:          0          0          0          0          0          0          0          0     smp2p   2 Edge      q6v5 handover
320:          0          0          0          0          0          0          0          0     smp2p   3 Edge      q6v5 stop
321:          0          0          0          0          0          0          0          0       PDC   9 Edge      q6v5 wdog
322:          0          0          0          0          0          0          0          0     smp2p   0 Edge      q6v5 fatal
323:          0          0          0          0          0          0          0          0     smp2p   1 Edge      q6v5 ready
324:          0          0          0          0          0          0          0          0     smp2p   2 Edge      q6v5 handover
325:          0          0          0          0          0          0          0          0     smp2p   3 Edge      q6v5 stop
326:          0          0          0          0          0          0          0          0     smp2p   0 Edge      q6v5 fatal
327:          0          0          0          0          0          0          0          2     smp2p   1 Edge      q6v5 ready
328:          0          0          0          0          0          0          0          2     smp2p   2 Edge      q6v5 handover
329:          0          0          0          0          0          0          0          0     smp2p   3 Edge      q6v5 stop
330:          0          0          0          0          0          0          0          1     smp2p   7 Edge      q6v5 shutdown-ack
331:          0          0          0          0          0          0          0          0     smp2p   0 Edge      smp2p_sleepstate
334:          0          0          0          0          0          0          0          0  pmic_arb 102826394 Edge      pm8xxx_rtc_alarm
356:          0          0          0          0          0          0          0          0     smp2p   0 Edge      ipa_smp2p_clk_vote
358:        360          0          0          0          0          0          0          0      ipcc 131072 Edge      glink-native-modem
359:          0          0          0          0          0          0          0          0  ITS-pMSI   0 Edge      gsi_msi
360:          0          0          0          0          0          0          0          0  ITS-pMSI   1 Edge      gsi_msi
IPI0:       118        194        192        109       2447       2317       2376      24424       Rescheduling interrupts
IPI1:     10342        571        215        302        458        484        611       2710       Function call interrupts
IPI2:         0          0          0          0          0          0          0          0       CPU stop interrupts
IPI3:         0          0          0          0          0          0          0          0       CPU stop (for crash dump) interrupts
IPI4:         0          0          0          0          0          0          0          0       Timer broadcast interrupts
IPI5:       752         21          6          1        345        281        264      43646       IRQ work interrupts
IPI6:         0          0          0          0          0          0          0          0       CPU wake-up interrupts
Err:          0
IRQ_UPTIME=1589.82 12312.09
           CPU0       CPU1       CPU2       CPU3       CPU4       CPU5       CPU6       CPU7       
 11:       2136        210        191         79        848        816        533      58322     GICv3  27 Level     arch_timer
 13:          0          0          0          0          0          0          0          0     GICv3  38 Level     arch_mem_timer
 15:          0          0          0          0          0          0          0          0     GICv3 962 Edge      qcom-scm
 16:          0          0          0          0          0          0          0          0     GICv3  62 Level     dcvsh-irq-0
 17:          0          0          0          0          1          0          0          0     GICv3  63 Level     dcvsh-irq-4
 18:          0          0          0          0          0          0          0          1     GICv3  51 Level     dcvsh-irq-7
 21:         11          0          0          0          0          0          0          0     GICv3  94 Level     qcom_rimps
 22:          0          0          0          0          0          0          0          0     GICv3  23 Level     arm-pmu
 24:          0          0          0          0          0          0          0          0     GICv3 610 Edge      q6v5 wdog
 25:          0          0          0          0          0          0          0          0     GICv3 296 Edge      q6v5 wdog
 26:          0          0          0          0          0          0          0          0     GICv3 384 Edge      generic-irq
 28:        343          0          0          0          0          0          0          0     GICv3 261 Level     ipcc_0
 30:       4016          0          0          0          0          0          0          0     GICv3 297 Level     ufshcd
 35:       5612          0          0          0          0          0          0          0     GICv3  37 Level     apps_rsc
 36:          0          0          0          0          0          0          0          0     GICv3 161 Level     disp_rsc
 37:         63          0          0          0          0          0          0          0     GICv3 613 Level     190b6400.qcom,bwmon-llcc
 38:          9          0          0          0          0          0          0          0     GICv3 113 Level     19091000.qcom,bwmon-ddr
 39:          3          0          0          0          0          0          0          0     GICv3 686 Edge      ipa
 40:         87          0          0          0          0          0          0          0     GICv3 464 Level     gsi
 85:          2          0          0          0          0          0          0          0     GICv3 619 Level     msm_serial_geni0
112:          0          0          0          0          0          0          0          0     GICv3  97 Level     arm-smmu global fault
113:          0          0          0          0          0          0          0          0     GICv3 129 Level     arm-smmu-context-fault
114:          0          0          0          0          0          0          0          0     GICv3 130 Level     arm-smmu-context-fault
115:          0          0          0          0          0          0          0          0     GICv3 131 Level     arm-smmu-context-fault
116:          0          0          0          0          0          0          0          0     GICv3 132 Level     arm-smmu-context-fault
117:          0          0          0          0          0          0          0          0     GICv3 133 Level     arm-smmu-context-fault
118:          0          0          0          0          0          0          0          0     GICv3 134 Level     arm-smmu-context-fault
119:          0          0          0          0          0          0          0          0     GICv3 135 Level     arm-smmu-context-fault
120:          0          0          0          0          0          0          0          0     GICv3 136 Level     arm-smmu-context-fault
121:          0          0          0          0          0          0          0          0     GICv3 137 Level     arm-smmu-context-fault
122:          0          0          0          0          0          0          0          0     GICv3 138 Level     arm-smmu-context-fault
123:          0          0          0          0          0          0          0          0     GICv3 139 Level     arm-smmu-context-fault
212:          0          0          0          0          0          0          0          0     GICv3 172 Edge      int_global_int
259:          0          0          0          0          0          0          0          0     GICv3 115 Level     msm_drm
291:          0          0          0          0          0          0          0          0     GICv3  32 Edge      apps_wdog_bark
292:          0          0          0          0          0          0          0          0     GICv3 960 Edge      gh_msgq_tx_0
293:          0          0          0          0          0          0          0          0     GICv3 961 Edge      gh_msgq_rx_0
296:          0          0          0          0          0          0          0          0       PDC  11 Level     eud_irq
297:          0          0          0          0          0          0          0          0     GICv3 162 Level     pwr_event_irq
298:          0          0          0          0          0          0          0          0       PDC  14 Edge      dp_hs_phy_irq
299:          0          0          0          0          0          0          0          0       PDC  15 Edge      dm_hs_phy_irq
300:          0          0          0          0          0          0          0          0       PDC  17 Level     ss_phy_irq
301:       4646          0          0          0          0          0          0          0     GICv3 165 Level     dwc3-msm, dwc3
302:          0          0          0          0          0          0          0          0       sde  12 Edge      dp_display_isr
303:          0          0          0          0          0          0          0          0       sde   4 Edge      dsi_ctrl
304:          0          0          0          0          0          0          0          0   msmgpio  96 Edge      msm_pcie_wake
305:          0          0          0          0          0          0          0          0   msmgpio  79 Edge      hs_uart_wakeup
306:          4          0          0          0          0          0          0          0      ipcc   0 Edge      aoss-qmp
307:          0          0          0          0          0          0          0          0      ipcc 196610 Edge      smp2p
308:          0          0          0          0          0          0          0          0      ipcc 262146 Edge      smp2p
309:          0          0          0          0          0          0          0          0      ipcc 393218 Edge      smp2p
310:          6          0          0          0          0          0          0          0      ipcc 131074 Edge      smp2p
311:          2          0          0          0          0          0          0          0      ipcc 1507328 Edge      qcom,qmp-tme
312:          0          0          0          0          0          0          0          0       PDC   6 Edge      q6v5 wdog
313:          0          0          0          0          0          0          0          0     smp2p   0 Edge      q6v5 fatal
314:          0          0          0          0          0          0          0          0     smp2p   1 Edge      q6v5 ready
315:          0          0          0          0          0          0          0          0     smp2p   2 Edge      q6v5 handover
316:          0          0          0          0          0          0          0          0     smp2p   3 Edge      q6v5 stop
317:          0          0          0          0          0          0          0          0     smp2p   0 Edge      q6v5 fatal
318:          0          0          0          0          0          0          0          0     smp2p   1 Edge      q6v5 ready
319:          0          0          0          0          0          0          0          0     smp2p   2 Edge      q6v5 handover
320:          0          0          0          0          0          0          0          0     smp2p   3 Edge      q6v5 stop
321:          0          0          0          0          0          0          0          0       PDC   9 Edge      q6v5 wdog
322:          0          0          0          0          0          0          0          0     smp2p   0 Edge      q6v5 fatal
323:          0          0          0          0          0          0          0          0     smp2p   1 Edge      q6v5 ready
324:          0          0          0          0          0          0          0          0     smp2p   2 Edge      q6v5 handover
325:          0          0          0          0          0          0          0          0     smp2p   3 Edge      q6v5 stop
326:          0          0          0          0          0          0          0          0     smp2p   0 Edge      q6v5 fatal
327:          0          0          0          0          0          0          0          2     smp2p   1 Edge      q6v5 ready
328:          0          0          0          0          0          0          0          2     smp2p   2 Edge      q6v5 handover
329:          0          0          0          0          0          0          0          0     smp2p   3 Edge      q6v5 stop
330:          0          0          0          0          0          0          0          1     smp2p   7 Edge      q6v5 shutdown-ack
331:          0          0          0          0          0          0          0          0     smp2p   0 Edge      smp2p_sleepstate
334:          0          0          0          0          0          0          0          0  pmic_arb 102826394 Edge      pm8xxx_rtc_alarm
356:          0          0          0          0          0          0          0          0     smp2p   0 Edge      ipa_smp2p_clk_vote
358:        363          0          0          0          0          0          0          0      ipcc 131072 Edge      glink-native-modem
359:          0          0          0          0          0          0          0          0  ITS-pMSI   0 Edge      gsi_msi
360:          0          0          0          0          0          0          0          0  ITS-pMSI   1 Edge      gsi_msi
IPI0:       118        194        192        109       2456       2336       2399      24553       Rescheduling interrupts
IPI1:     10360        575        215        302        458        484        613       2717       Function call interrupts
IPI2:         0          0          0          0          0          0          0          0       CPU stop interrupts
IPI3:         0          0          0          0          0          0          0          0       CPU stop (for crash dump) interrupts
IPI4:         0          0          0          0          0          0          0          0       Timer broadcast interrupts
IPI5:       761         21          6          1        348        287        268      43716       IRQ work interrupts
IPI6:         0          0          0          0          0          0          0          0       CPU wake-up interrupts
Err:          0
IRQ_UPTIME=1590.82 12313.93
           CPU0       CPU1       CPU2       CPU3       CPU4       CPU5       CPU6       CPU7       
 11:       2138        210        191         79        848        816        533      58362     GICv3  27 Level     arch_timer
 13:          0          0          0          0          0          0          0          0     GICv3  38 Level     arch_mem_timer
 15:          0          0          0          0          0          0          0          0     GICv3 962 Edge      qcom-scm
 16:          0          0          0          0          0          0          0          0     GICv3  62 Level     dcvsh-irq-0
 17:          0          0          0          0          1          0          0          0     GICv3  63 Level     dcvsh-irq-4
 18:          0          0          0          0          0          0          0          1     GICv3  51 Level     dcvsh-irq-7
 21:         11          0          0          0          0          0          0          0     GICv3  94 Level     qcom_rimps
 22:          0          0          0          0          0          0          0          0     GICv3  23 Level     arm-pmu
 24:          0          0          0          0          0          0          0          0     GICv3 610 Edge      q6v5 wdog
 25:          0          0          0          0          0          0          0          0     GICv3 296 Edge      q6v5 wdog
 26:          0          0          0          0          0          0          0          0     GICv3 384 Edge      generic-irq
 28:        343          0          0          0          0          0          0          0     GICv3 261 Level     ipcc_0
 30:       4019          0          0          0          0          0          0          0     GICv3 297 Level     ufshcd
 35:       5620          0          0          0          0          0          0          0     GICv3  37 Level     apps_rsc
 36:          0          0          0          0          0          0          0          0     GICv3 161 Level     disp_rsc
 37:         63          0          0          0          0          0          0          0     GICv3 613 Level     190b6400.qcom,bwmon-llcc
 38:          9          0          0          0          0          0          0          0     GICv3 113 Level     19091000.qcom,bwmon-ddr
 39:          3          0          0          0          0          0          0          0     GICv3 686 Edge      ipa
 40:         87          0          0          0          0          0          0          0     GICv3 464 Level     gsi
 85:          2          0          0          0          0          0          0          0     GICv3 619 Level     msm_serial_geni0
112:          0          0          0          0          0          0          0          0     GICv3  97 Level     arm-smmu global fault
113:          0          0          0          0          0          0          0          0     GICv3 129 Level     arm-smmu-context-fault
114:          0          0          0          0          0          0          0          0     GICv3 130 Level     arm-smmu-context-fault
115:          0          0          0          0          0          0          0          0     GICv3 131 Level     arm-smmu-context-fault
116:          0          0          0          0          0          0          0          0     GICv3 132 Level     arm-smmu-context-fault
117:          0          0          0          0          0          0          0          0     GICv3 133 Level     arm-smmu-context-fault
118:          0          0          0          0          0          0          0          0     GICv3 134 Level     arm-smmu-context-fault
119:          0          0          0          0          0          0          0          0     GICv3 135 Level     arm-smmu-context-fault
120:          0          0          0          0          0          0          0          0     GICv3 136 Level     arm-smmu-context-fault
121:          0          0          0          0          0          0          0          0     GICv3 137 Level     arm-smmu-context-fault
122:          0          0          0          0          0          0          0          0     GICv3 138 Level     arm-smmu-context-fault
123:          0          0          0          0          0          0          0          0     GICv3 139 Level     arm-smmu-context-fault
212:          0          0          0          0          0          0          0          0     GICv3 172 Edge      int_global_int
259:          0          0          0          0          0          0          0          0     GICv3 115 Level     msm_drm
291:          0          0          0          0          0          0          0          0     GICv3  32 Edge      apps_wdog_bark
292:          0          0          0          0          0          0          0          0     GICv3 960 Edge      gh_msgq_tx_0
293:          0          0          0          0          0          0          0          0     GICv3 961 Edge      gh_msgq_rx_0
296:          0          0          0          0          0          0          0          0       PDC  11 Level     eud_irq
297:          0          0          0          0          0          0          0          0     GICv3 162 Level     pwr_event_irq
298:          0          0          0          0          0          0          0          0       PDC  14 Edge      dp_hs_phy_irq
299:          0          0          0          0          0          0          0          0       PDC  15 Edge      dm_hs_phy_irq
300:          0          0          0          0          0          0          0          0       PDC  17 Level     ss_phy_irq
301:       4646          0          0          0          0          0          0          0     GICv3 165 Level     dwc3-msm, dwc3
302:          0          0          0          0          0          0          0          0       sde  12 Edge      dp_display_isr
303:          0          0          0          0          0          0          0          0       sde   4 Edge      dsi_ctrl
304:          0          0          0          0          0          0          0          0   msmgpio  96 Edge      msm_pcie_wake
305:          0          0          0          0          0          0          0          0   msmgpio  79 Edge      hs_uart_wakeup
306:          4          0          0          0          0          0          0          0      ipcc   0 Edge      aoss-qmp
307:          0          0          0          0          0          0          0          0      ipcc 196610 Edge      smp2p
308:          0          0          0          0          0          0          0          0      ipcc 262146 Edge      smp2p
309:          0          0          0          0          0          0          0          0      ipcc 393218 Edge      smp2p
310:          6          0          0          0          0          0          0          0      ipcc 131074 Edge      smp2p
311:          2          0          0          0          0          0          0          0      ipcc 1507328 Edge      qcom,qmp-tme
312:          0          0          0          0          0          0          0          0       PDC   6 Edge      q6v5 wdog
313:          0          0          0          0          0          0          0          0     smp2p   0 Edge      q6v5 fatal
314:          0          0          0          0          0          0          0          0     smp2p   1 Edge      q6v5 ready
315:          0          0          0          0          0          0          0          0     smp2p   2 Edge      q6v5 handover
316:          0          0          0          0          0          0          0          0     smp2p   3 Edge      q6v5 stop
317:          0          0          0          0          0          0          0          0     smp2p   0 Edge      q6v5 fatal
318:          0          0          0          0          0          0          0          0     smp2p   1 Edge      q6v5 ready
319:          0          0          0          0          0          0          0          0     smp2p   2 Edge      q6v5 handover
320:          0          0          0          0          0          0          0          0     smp2p   3 Edge      q6v5 stop
321:          0          0          0          0          0          0          0          0       PDC   9 Edge      q6v5 wdog
322:          0          0          0          0          0          0          0          0     smp2p   0 Edge      q6v5 fatal
323:          0          0          0          0          0          0          0          0     smp2p   1 Edge      q6v5 ready
324:          0          0          0          0          0          0          0          0     smp2p   2 Edge      q6v5 handover
325:          0          0          0          0          0          0          0          0     smp2p   3 Edge      q6v5 stop
326:          0          0          0          0          0          0          0          0     smp2p   0 Edge      q6v5 fatal
327:          0          0          0          0          0          0          0          2     smp2p   1 Edge      q6v5 ready
328:          0          0          0          0          0          0          0          2     smp2p   2 Edge      q6v5 handover
329:          0          0          0          0          0          0          0          0     smp2p   3 Edge      q6v5 stop
330:          0          0          0          0          0          0          0          1     smp2p   7 Edge      q6v5 shutdown-ack
331:          0          0          0          0          0          0          0          0     smp2p   0 Edge      smp2p_sleepstate
334:          0          0          0          0          0          0          0          0  pmic_arb 102826394 Edge      pm8xxx_rtc_alarm
356:          0          0          0          0          0          0          0          0     smp2p   0 Edge      ipa_smp2p_clk_vote
358:        363          0          0          0          0          0          0          0      ipcc 131072 Edge      glink-native-modem
359:          0          0          0          0          0          0          0          0  ITS-pMSI   0 Edge      gsi_msi
360:          0          0          0          0          0          0          0          0  ITS-pMSI   1 Edge      gsi_msi
IPI0:       118        194        192        109       2456       2336       2399      24564       Rescheduling interrupts
IPI1:     10365        575        215        302        458        484        613       2718       Function call interrupts
IPI2:         0          0          0          0          0          0          0          0       CPU stop interrupts
IPI3:         0          0          0          0          0          0          0          0       CPU stop (for crash dump) interrupts
IPI4:         0          0          0          0          0          0          0          0       Timer broadcast interrupts
IPI5:       761         21          6          1        348        287        268      43745       IRQ work interrupts
IPI6:         0          0          0          0          0          0          0          0       CPU wake-up interrupts
Err:          0
IRQ_UPTIME=1591.82 12322.86
           CPU0       CPU1       CPU2       CPU3       CPU4       CPU5       CPU6       CPU7       
 11:       2212        210        191         79        850        825        534      58497     GICv3  27 Level     arch_timer
 13:          0          0          0          0          0          0          0          0     GICv3  38 Level     arch_mem_timer
 15:          0          0          0          0          0          0          0          0     GICv3 962 Edge      qcom-scm
 16:          0          0          0          0          0          0          0          0     GICv3  62 Level     dcvsh-irq-0
 17:          0          0          0          0          1          0          0          0     GICv3  63 Level     dcvsh-irq-4
 18:          0          0          0          0          0          0          0          1     GICv3  51 Level     dcvsh-irq-7
 21:         11          0          0          0          0          0          0          0     GICv3  94 Level     qcom_rimps
 22:          0          0          0          0          0          0          0          0     GICv3  23 Level     arm-pmu
 24:          0          0          0          0          0          0          0          0     GICv3 610 Edge      q6v5 wdog
 25:          0          0          0          0          0          0          0          0     GICv3 296 Edge      q6v5 wdog
 26:          0          0          0          0          0          0          0          0     GICv3 384 Edge      generic-irq
 28:        343          0          0          0          0          0          0          0     GICv3 261 Level     ipcc_0
 30:       4031          0          0          0          0          0          0          0     GICv3 297 Level     ufshcd
 35:       5646          0          0          0          0          0          0          0     GICv3  37 Level     apps_rsc
 36:          0          0          0          0          0          0          0          0     GICv3 161 Level     disp_rsc
 37:         63          0          0          0          0          0          0          0     GICv3 613 Level     190b6400.qcom,bwmon-llcc
 38:          9          0          0          0          0          0          0          0     GICv3 113 Level     19091000.qcom,bwmon-ddr
 39:          3          0          0          0          0          0          0          0     GICv3 686 Edge      ipa
 40:        105          0          0          0          0          0          0          0     GICv3 464 Level     gsi
 85:          2          0          0          0          0          0          0          0     GICv3 619 Level     msm_serial_geni0
112:          0          0          0          0          0          0          0          0     GICv3  97 Level     arm-smmu global fault
113:          0          0          0          0          0          0          0          0     GICv3 129 Level     arm-smmu-context-fault
114:          0          0          0          0          0          0          0          0     GICv3 130 Level     arm-smmu-context-fault
115:          0          0          0          0          0          0          0          0     GICv3 131 Level     arm-smmu-context-fault
116:          0          0          0          0          0          0          0          0     GICv3 132 Level     arm-smmu-context-fault
117:          0          0          0          0          0          0          0          0     GICv3 133 Level     arm-smmu-context-fault
118:          0          0          0          0          0          0          0          0     GICv3 134 Level     arm-smmu-context-fault
119:          0          0          0          0          0          0          0          0     GICv3 135 Level     arm-smmu-context-fault
120:          0          0          0          0          0          0          0          0     GICv3 136 Level     arm-smmu-context-fault
121:          0          0          0          0          0          0          0          0     GICv3 137 Level     arm-smmu-context-fault
122:          0          0          0          0          0          0          0          0     GICv3 138 Level     arm-smmu-context-fault
123:          0          0          0          0          0          0          0          0     GICv3 139 Level     arm-smmu-context-fault
212:          0          0          0          0          0          0          0          0     GICv3 172 Edge      int_global_int
259:          0          0          0          0          0          0          0          0     GICv3 115 Level     msm_drm
291:          0          0          0          0          0          0          0          0     GICv3  32 Edge      apps_wdog_bark
292:          0          0          0          0          0          0          0          0     GICv3 960 Edge      gh_msgq_tx_0
293:          0          0          0          0          0          0          0          0     GICv3 961 Edge      gh_msgq_rx_0
296:          0          0          0          0          0          0          0          0       PDC  11 Level     eud_irq
297:          0          0          0          0          0          0          0          0     GICv3 162 Level     pwr_event_irq
298:          0          0          0          0          0          0          0          0       PDC  14 Edge      dp_hs_phy_irq
299:          0          0          0          0          0          0          0          0       PDC  15 Edge      dm_hs_phy_irq
300:          0          0          0          0          0          0          0          0       PDC  17 Level     ss_phy_irq
301:       4871          0          0          0          0          0          0          0     GICv3 165 Level     dwc3-msm, dwc3
302:          0          0          0          0          0          0          0          0       sde  12 Edge      dp_display_isr
303:          0          0          0          0          0          0          0          0       sde   4 Edge      dsi_ctrl
304:          0          0          0          0          0          0          0          0   msmgpio  96 Edge      msm_pcie_wake
305:          0          0          0          0          0          0          0          0   msmgpio  79 Edge      hs_uart_wakeup
306:          4          0          0          0          0          0          0          0      ipcc   0 Edge      aoss-qmp
307:          0          0          0          0          0          0          0          0      ipcc 196610 Edge      smp2p
308:          0          0          0          0          0          0          0          0      ipcc 262146 Edge      smp2p
309:          0          0          0          0          0          0          0          0      ipcc 393218 Edge      smp2p
310:          6          0          0          0          0          0          0          0      ipcc 131074 Edge      smp2p
311:          2          0          0          0          0          0          0          0      ipcc 1507328 Edge      qcom,qmp-tme
312:          0          0          0          0          0          0          0          0       PDC   6 Edge      q6v5 wdog
313:          0          0          0          0          0          0          0          0     smp2p   0 Edge      q6v5 fatal
314:          0          0          0          0          0          0          0          0     smp2p   1 Edge      q6v5 ready
315:          0          0          0          0          0          0          0          0     smp2p   2 Edge      q6v5 handover
316:          0          0          0          0          0          0          0          0     smp2p   3 Edge      q6v5 stop
317:          0          0          0          0          0          0          0          0     smp2p   0 Edge      q6v5 fatal
318:          0          0          0          0          0          0          0          0     smp2p   1 Edge      q6v5 ready
319:          0          0          0          0          0          0          0          0     smp2p   2 Edge      q6v5 handover
320:          0          0          0          0          0          0          0          0     smp2p   3 Edge      q6v5 stop
321:          0          0          0          0          0          0          0          0       PDC   9 Edge      q6v5 wdog
322:          0          0          0          0          0          0          0          0     smp2p   0 Edge      q6v5 fatal
323:          0          0          0          0          0          0          0          0     smp2p   1 Edge      q6v5 ready
324:          0          0          0          0          0          0          0          0     smp2p   2 Edge      q6v5 handover
325:          0          0          0          0          0          0          0          0     smp2p   3 Edge      q6v5 stop
326:          0          0          0          0          0          0          0          0     smp2p   0 Edge      q6v5 fatal
327:          0          0          0          0          0          0          0          2     smp2p   1 Edge      q6v5 ready
328:          0          0          0          0          0          0          0          2     smp2p   2 Edge      q6v5 handover
329:          0          0          0          0          0          0          0          0     smp2p   3 Edge      q6v5 stop
330:          0          0          0          0          0          0          0          1     smp2p   7 Edge      q6v5 shutdown-ack
331:          0          0          0          0          0          0          0          0     smp2p   0 Edge      smp2p_sleepstate
334:          0          0          0          0          0          0          0          0  pmic_arb 102826394 Edge      pm8xxx_rtc_alarm
356:          0          0          0          0          0          0          0          0     smp2p   0 Edge      ipa_smp2p_clk_vote
358:        363          0          0          0          0          0          0          0      ipcc 131072 Edge      glink-native-modem
359:          0          0          0          0          0          0          0          0  ITS-pMSI   0 Edge      gsi_msi
360:          0          0          0          0          0          0          0          0  ITS-pMSI   1 Edge      gsi_msi
IPI0:       118        194        192        109       2462       2361       2407      24717       Rescheduling interrupts
IPI1:     10383        577        215        302        458        485        613       2723       Function call interrupts
IPI2:         0          0          0          0          0          0          0          0       CPU stop interrupts
IPI3:         0          0          0          0          0          0          0          0       CPU stop (for crash dump) interrupts
IPI4:         0          0          0          0          0          0          0          0       Timer broadcast interrupts
IPI5:       770         21          6          1        351        294        270      43804       IRQ work interrupts
IPI6:         0          0          0          0          0          0          0          0       CPU wake-up interrupts
Err:          0
IRQ_UPTIME=1592.83 12326.10
           CPU0       CPU1       CPU2       CPU3       CPU4       CPU5       CPU6       CPU7       
 11:       2214        210        191         79        851        827        534      58560     GICv3  27 Level     arch_timer
 13:          0          0          0          0          0          0          0          0     GICv3  38 Level     arch_mem_timer
 15:          0          0          0          0          0          0          0          0     GICv3 962 Edge      qcom-scm
 16:          0          0          0          0          0          0          0          0     GICv3  62 Level     dcvsh-irq-0
 17:          0          0          0          0          1          0          0          0     GICv3  63 Level     dcvsh-irq-4
 18:          0          0          0          0          0          0          0          1     GICv3  51 Level     dcvsh-irq-7
 21:         11          0          0          0          0          0          0          0     GICv3  94 Level     qcom_rimps
 22:          0          0          0          0          0          0          0          0     GICv3  23 Level     arm-pmu
 24:          0          0          0          0          0          0          0          0     GICv3 610 Edge      q6v5 wdog
 25:          0          0          0          0          0          0          0          0     GICv3 296 Edge      q6v5 wdog
 26:          0          0          0          0          0          0          0          0     GICv3 384 Edge      generic-irq
 28:        343          0          0          0          0          0          0          0     GICv3 261 Level     ipcc_0
 30:       4036          0          0          0          0          0          0          0     GICv3 297 Level     ufshcd
 35:       5674          0          0          0          0          0          0          0     GICv3  37 Level     apps_rsc
 36:          0          0          0          0          0          0          0          0     GICv3 161 Level     disp_rsc
 37:         63          0          0          0          0          0          0          0     GICv3 613 Level     190b6400.qcom,bwmon-llcc
 38:          9          0          0          0          0          0          0          0     GICv3 113 Level     19091000.qcom,bwmon-ddr
 39:          3          0          0          0          0          0          0          0     GICv3 686 Edge      ipa
 40:        135          0          0          0          0          0          0          0     GICv3 464 Level     gsi
 85:          2          0          0          0          0          0          0          0     GICv3 619 Level     msm_serial_geni0
112:          0          0          0          0          0          0          0          0     GICv3  97 Level     arm-smmu global fault
113:          0          0          0          0          0          0          0          0     GICv3 129 Level     arm-smmu-context-fault
114:          0          0          0          0          0          0          0          0     GICv3 130 Level     arm-smmu-context-fault
115:          0          0          0          0          0          0          0          0     GICv3 131 Level     arm-smmu-context-fault
116:          0          0          0          0          0          0          0          0     GICv3 132 Level     arm-smmu-context-fault
117:          0          0          0          0          0          0          0          0     GICv3 133 Level     arm-smmu-context-fault
118:          0          0          0          0          0          0          0          0     GICv3 134 Level     arm-smmu-context-fault
119:          0          0          0          0          0          0          0          0     GICv3 135 Level     arm-smmu-context-fault
120:          0          0          0          0          0          0          0          0     GICv3 136 Level     arm-smmu-context-fault
121:          0          0          0          0          0          0          0          0     GICv3 137 Level     arm-smmu-context-fault
122:          0          0          0          0          0          0          0          0     GICv3 138 Level     arm-smmu-context-fault
123:          0          0          0          0          0          0          0          0     GICv3 139 Level     arm-smmu-context-fault
212:          0          0          0          0          0          0          0          0     GICv3 172 Edge      int_global_int
259:          0          0          0          0          0          0          0          0     GICv3 115 Level     msm_drm
291:          0          0          0          0          0          0          0          0     GICv3  32 Edge      apps_wdog_bark
292:          0          0          0          0          0          0          0          0     GICv3 960 Edge      gh_msgq_tx_0
293:          0          0          0          0          0          0          0          0     GICv3 961 Edge      gh_msgq_rx_0
296:          0          0          0          0          0          0          0          0       PDC  11 Level     eud_irq
297:          0          0          0          0          0          0          0          0     GICv3 162 Level     pwr_event_irq
298:          0          0          0          0          0          0          0          0       PDC  14 Edge      dp_hs_phy_irq
299:          0          0          0          0          0          0          0          0       PDC  15 Edge      dm_hs_phy_irq
300:          0          0          0          0          0          0          0          0       PDC  17 Level     ss_phy_irq
301:       4871          0          0          0          0          0          0          0     GICv3 165 Level     dwc3-msm, dwc3
302:          0          0          0          0          0          0          0          0       sde  12 Edge      dp_display_isr
303:          0          0          0          0          0          0          0          0       sde   4 Edge      dsi_ctrl
304:          0          0          0          0          0          0          0          0   msmgpio  96 Edge      msm_pcie_wake
305:          0          0          0          0          0          0          0          0   msmgpio  79 Edge      hs_uart_wakeup
306:          4          0          0          0          0          0          0          0      ipcc   0 Edge      aoss-qmp
307:          0          0          0          0          0          0          0          0      ipcc 196610 Edge      smp2p
308:          0          0          0          0          0          0          0          0      ipcc 262146 Edge      smp2p
309:          0          0          0          0          0          0          0          0      ipcc 393218 Edge      smp2p
310:          6          0          0          0          0          0          0          0      ipcc 131074 Edge      smp2p
311:          2          0          0          0          0          0          0          0      ipcc 1507328 Edge      qcom,qmp-tme
312:          0          0          0          0          0          0          0          0       PDC   6 Edge      q6v5 wdog
313:          0          0          0          0          0          0          0          0     smp2p   0 Edge      q6v5 fatal
314:          0          0          0          0          0          0          0          0     smp2p   1 Edge      q6v5 ready
315:          0          0          0          0          0          0          0          0     smp2p   2 Edge      q6v5 handover
316:          0          0          0          0          0          0          0          0     smp2p   3 Edge      q6v5 stop
317:          0          0          0          0          0          0          0          0     smp2p   0 Edge      q6v5 fatal
318:          0          0          0          0          0          0          0          0     smp2p   1 Edge      q6v5 ready
319:          0          0          0          0          0          0          0          0     smp2p   2 Edge      q6v5 handover
320:          0          0          0          0          0          0          0          0     smp2p   3 Edge      q6v5 stop
321:          0          0          0          0          0          0          0          0       PDC   9 Edge      q6v5 wdog
322:          0          0          0          0          0          0          0          0     smp2p   0 Edge      q6v5 fatal
323:          0          0          0          0          0          0          0          0     smp2p   1 Edge      q6v5 ready
324:          0          0          0          0          0          0          0          0     smp2p   2 Edge      q6v5 handover
325:          0          0          0          0          0          0          0          0     smp2p   3 Edge      q6v5 stop
326:          0          0          0          0          0          0          0          0     smp2p   0 Edge      q6v5 fatal
327:          0          0          0          0          0          0          0          2     smp2p   1 Edge      q6v5 ready
328:          0          0          0          0          0          0          0          2     smp2p   2 Edge      q6v5 handover
329:          0          0          0          0          0          0          0          0     smp2p   3 Edge      q6v5 stop
330:          0          0          0          0          0          0          0          1     smp2p   7 Edge      q6v5 shutdown-ack
331:          0          0          0          0          0          0          0          0     smp2p   0 Edge      smp2p_sleepstate
334:          0          0          0          0          0          0          0          0  pmic_arb 102826394 Edge      pm8xxx_rtc_alarm
356:          0          0          0          0          0          0          0          0     smp2p   0 Edge      ipa_smp2p_clk_vote
358:        363          0          0          0          0          0          0          0      ipcc 131072 Edge      glink-native-modem
359:          0          0          0          0          0          0          0          0  ITS-pMSI   0 Edge      gsi_msi
360:          0          0          0          0          0          0          0          0  ITS-pMSI   1 Edge      gsi_msi
IPI0:       118        194        192        109       2467       2363       2411      24785       Rescheduling interrupts
IPI1:     10391        577        215        302        458        485        613       2726       Function call interrupts
IPI2:         0          0          0          0          0          0          0          0       CPU stop interrupts
IPI3:         0          0          0          0          0          0          0          0       CPU stop (for crash dump) interrupts
IPI4:         0          0          0          0          0          0          0          0       Timer broadcast interrupts
IPI5:       772         21          6          1        353        294        271      43842       IRQ work interrupts
IPI6:         0          0          0          0          0          0          0          0       CPU wake-up interrupts
Err:          0
IRQ_UPTIME=1593.83 12333.54
           CPU0       CPU1       CPU2       CPU3       CPU4       CPU5       CPU6       CPU7       
 11:       2297        210        191         79        851        835        540      58678     GICv3  27 Level     arch_timer
 13:          0          0          0          0          0          0          0          0     GICv3  38 Level     arch_mem_timer
 15:          0          0          0          0          0          0          0          0     GICv3 962 Edge      qcom-scm
 16:          0          0          0          0          0          0          0          0     GICv3  62 Level     dcvsh-irq-0
 17:          0          0          0          0          1          0          0          0     GICv3  63 Level     dcvsh-irq-4
 18:          0          0          0          0          0          0          0          1     GICv3  51 Level     dcvsh-irq-7
 21:         11          0          0          0          0          0          0          0     GICv3  94 Level     qcom_rimps
 22:          0          0          0          0          0          0          0          0     GICv3  23 Level     arm-pmu
 24:          0          0          0          0          0          0          0          0     GICv3 610 Edge      q6v5 wdog
 25:          0          0          0          0          0          0          0          0     GICv3 296 Edge      q6v5 wdog
 26:          0          0          0          0          0          0          0          0     GICv3 384 Edge      generic-irq
 28:        351          0          0          0          0          0          0          0     GICv3 261 Level     ipcc_0
 30:       4044          0          0          0          0          0          0          0     GICv3 297 Level     ufshcd
 35:       5699          0          0          0          0          0          0          0     GICv3  37 Level     apps_rsc
 36:          0          0          0          0          0          0          0          0     GICv3 161 Level     disp_rsc
 37:         63          0          0          0          0          0          0          0     GICv3 613 Level     190b6400.qcom,bwmon-llcc
 38:          9          0          0          0          0          0          0          0     GICv3 113 Level     19091000.qcom,bwmon-ddr
 39:          3          0          0          0          0          0          0          0     GICv3 686 Edge      ipa
 40:        150          0          0          0          0          0          0          0     GICv3 464 Level     gsi
 85:          2          0          0          0          0          0          0          0     GICv3 619 Level     msm_serial_geni0
112:          0          0          0          0          0          0          0          0     GICv3  97 Level     arm-smmu global fault
113:          0          0          0          0          0          0          0          0     GICv3 129 Level     arm-smmu-context-fault
114:          0          0          0          0          0          0          0          0     GICv3 130 Level     arm-smmu-context-fault
115:          0          0          0          0          0          0          0          0     GICv3 131 Level     arm-smmu-context-fault
116:          0          0          0          0          0          0          0          0     GICv3 132 Level     arm-smmu-context-fault
117:          0          0          0          0          0          0          0          0     GICv3 133 Level     arm-smmu-context-fault
118:          0          0          0          0          0          0          0          0     GICv3 134 Level     arm-smmu-context-fault
119:          0          0          0          0          0          0          0          0     GICv3 135 Level     arm-smmu-context-fault
120:          0          0          0          0          0          0          0          0     GICv3 136 Level     arm-smmu-context-fault
121:          0          0          0          0          0          0          0          0     GICv3 137 Level     arm-smmu-context-fault
122:          0          0          0          0          0          0          0          0     GICv3 138 Level     arm-smmu-context-fault
123:          0          0          0          0          0          0          0          0     GICv3 139 Level     arm-smmu-context-fault
212:          0          0          0          0          0          0          0          0     GICv3 172 Edge      int_global_int
259:          0          0          0          0          0          0          0          0     GICv3 115 Level     msm_drm
291:          0          0          0          0          0          0          0          0     GICv3  32 Edge      apps_wdog_bark
292:          0          0          0          0          0          0          0          0     GICv3 960 Edge      gh_msgq_tx_0
293:          0          0          0          0          0          0          0          0     GICv3 961 Edge      gh_msgq_rx_0
296:          0          0          0          0          0          0          0          0       PDC  11 Level     eud_irq
297:          0          0          0          0          0          0          0          0     GICv3 162 Level     pwr_event_irq
298:          0          0          0          0          0          0          0          0       PDC  14 Edge      dp_hs_phy_irq
299:          0          0          0          0          0          0          0          0       PDC  15 Edge      dm_hs_phy_irq
300:          0          0          0          0          0          0          0          0       PDC  17 Level     ss_phy_irq
301:       5117          0          0          0          0          0          0          0     GICv3 165 Level     dwc3-msm, dwc3
302:          0          0          0          0          0          0          0          0       sde  12 Edge      dp_display_isr
303:          0          0          0          0          0          0          0          0       sde   4 Edge      dsi_ctrl
304:          0          0          0          0          0          0          0          0   msmgpio  96 Edge      msm_pcie_wake
305:          0          0          0          0          0          0          0          0   msmgpio  79 Edge      hs_uart_wakeup
306:          4          0          0          0          0          0          0          0      ipcc   0 Edge      aoss-qmp
307:          0          0          0          0          0          0          0          0      ipcc 196610 Edge      smp2p
308:          0          0          0          0          0          0          0          0      ipcc 262146 Edge      smp2p
309:          0          0          0          0          0          0          0          0      ipcc 393218 Edge      smp2p
310:          6          0          0          0          0          0          0          0      ipcc 131074 Edge      smp2p
311:          2          0          0          0          0          0          0          0      ipcc 1507328 Edge      qcom,qmp-tme
312:          0          0          0          0          0          0          0          0       PDC   6 Edge      q6v5 wdog
313:          0          0          0          0          0          0          0          0     smp2p   0 Edge      q6v5 fatal
314:          0          0          0          0          0          0          0          0     smp2p   1 Edge      q6v5 ready
315:          0          0          0          0          0          0          0          0     smp2p   2 Edge      q6v5 handover
316:          0          0          0          0          0          0          0          0     smp2p   3 Edge      q6v5 stop
317:          0          0          0          0          0          0          0          0     smp2p   0 Edge      q6v5 fatal
318:          0          0          0          0          0          0          0          0     smp2p   1 Edge      q6v5 ready
319:          0          0          0          0          0          0          0          0     smp2p   2 Edge      q6v5 handover
320:          0          0          0          0          0          0          0          0     smp2p   3 Edge      q6v5 stop
321:          0          0          0          0          0          0          0          0       PDC   9 Edge      q6v5 wdog
322:          0          0          0          0          0          0          0          0     smp2p   0 Edge      q6v5 fatal
323:          0          0          0          0          0          0          0          0     smp2p   1 Edge      q6v5 ready
324:          0          0          0          0          0          0          0          0     smp2p   2 Edge      q6v5 handover
325:          0          0          0          0          0          0          0          0     smp2p   3 Edge      q6v5 stop
326:          0          0          0          0          0          0          0          0     smp2p   0 Edge      q6v5 fatal
327:          0          0          0          0          0          0          0          2     smp2p   1 Edge      q6v5 ready
328:          0          0          0          0          0          0          0          2     smp2p   2 Edge      q6v5 handover
329:          0          0          0          0          0          0          0          0     smp2p   3 Edge      q6v5 stop
330:          0          0          0          0          0          0          0          1     smp2p   7 Edge      q6v5 shutdown-ack
331:          0          0          0          0          0          0          0          0     smp2p   0 Edge      smp2p_sleepstate
334:          0          0          0          0          0          0          0          0  pmic_arb 102826394 Edge      pm8xxx_rtc_alarm
356:          0          0          0          0          0          0          0          0     smp2p   0 Edge      ipa_smp2p_clk_vote
358:        371          0          0          0          0          0          0          0      ipcc 131072 Edge      glink-native-modem
359:          0          0          0          0          0          0          0          0  ITS-pMSI   0 Edge      gsi_msi
360:          0          0          0          0          0          0          0          0  ITS-pMSI   1 Edge      gsi_msi
IPI0:       118        194        192        109       2476       2386       2426      24936       Rescheduling interrupts
IPI1:     10406        580        215        302        458        485        613       2730       Function call interrupts
IPI2:         0          0          0          0          0          0          0          0       CPU stop interrupts
IPI3:         0          0          0          0          0          0          0          0       CPU stop (for crash dump) interrupts
IPI4:         0          0          0          0          0          0          0          0       Timer broadcast interrupts
IPI5:       779         21          6          1        356        302        275      43907       IRQ work interrupts
IPI6:         0          0          0          0          0          0          0          0       CPU wake-up interrupts
Err:          0
IRQ_UPTIME=1594.83 12338.34
           CPU0       CPU1       CPU2       CPU3       CPU4       CPU5       CPU6       CPU7       
 11:       2300        210        191         79        851        836        541      58744     GICv3  27 Level     arch_timer
 13:          0          0          0          0          0          0          0          0     GICv3  38 Level     arch_mem_timer
 15:          0          0          0          0          0          0          0          0     GICv3 962 Edge      qcom-scm
 16:          0          0          0          0          0          0          0          0     GICv3  62 Level     dcvsh-irq-0
 17:          0          0          0          0          1          0          0          0     GICv3  63 Level     dcvsh-irq-4
 18:          0          0          0          0          0          0          0          1     GICv3  51 Level     dcvsh-irq-7
 21:         11          0          0          0          0          0          0          0     GICv3  94 Level     qcom_rimps
 22:          0          0          0          0          0          0          0          0     GICv3  23 Level     arm-pmu
 24:          0          0          0          0          0          0          0          0     GICv3 610 Edge      q6v5 wdog
 25:          0          0          0          0          0          0          0          0     GICv3 296 Edge      q6v5 wdog
 26:          0          0          0          0          0          0          0          0     GICv3 384 Edge      generic-irq
 28:        351          0          0          0          0          0          0          0     GICv3 261 Level     ipcc_0
 30:       4051          0          0          0          0          0          0          0     GICv3 297 Level     ufshcd
 35:       5727          0          0          0          0          0          0          0     GICv3  37 Level     apps_rsc
 36:          0          0          0          0          0          0          0          0     GICv3 161 Level     disp_rsc
 37:         63          0          0          0          0          0          0          0     GICv3 613 Level     190b6400.qcom,bwmon-llcc
 38:          9          0          0          0          0          0          0          0     GICv3 113 Level     19091000.qcom,bwmon-ddr
 39:          3          0          0          0          0          0          0          0     GICv3 686 Edge      ipa
 40:        165          0          0          0          0          0          0          0     GICv3 464 Level     gsi
 85:          2          0          0          0          0          0          0          0     GICv3 619 Level     msm_serial_geni0
112:          0          0          0          0          0          0          0          0     GICv3  97 Level     arm-smmu global fault
113:          0          0          0          0          0          0          0          0     GICv3 129 Level     arm-smmu-context-fault
114:          0          0          0          0          0          0          0          0     GICv3 130 Level     arm-smmu-context-fault
115:          0          0          0          0          0          0          0          0     GICv3 131 Level     arm-smmu-context-fault
116:          0          0          0          0          0          0          0          0     GICv3 132 Level     arm-smmu-context-fault
117:          0          0          0          0          0          0          0          0     GICv3 133 Level     arm-smmu-context-fault
118:          0          0          0          0          0          0          0          0     GICv3 134 Level     arm-smmu-context-fault
119:          0          0          0          0          0          0          0          0     GICv3 135 Level     arm-smmu-context-fault
120:          0          0          0          0          0          0          0          0     GICv3 136 Level     arm-smmu-context-fault
121:          0          0          0          0          0          0          0          0     GICv3 137 Level     arm-smmu-context-fault
122:          0          0          0          0          0          0          0          0     GICv3 138 Level     arm-smmu-context-fault
123:          0          0          0          0          0          0          0          0     GICv3 139 Level     arm-smmu-context-fault
212:          0          0          0          0          0          0          0          0     GICv3 172 Edge      int_global_int
259:          0          0          0          0          0          0          0          0     GICv3 115 Level     msm_drm
291:          0          0          0          0          0          0          0          0     GICv3  32 Edge      apps_wdog_bark
292:          0          0          0          0          0          0          0          0     GICv3 960 Edge      gh_msgq_tx_0
293:          0          0          0          0          0          0          0          0     GICv3 961 Edge      gh_msgq_rx_0
296:          0          0          0          0          0          0          0          0       PDC  11 Level     eud_irq
297:          0          0          0          0          0          0          0          0     GICv3 162 Level     pwr_event_irq
298:          0          0          0          0          0          0          0          0       PDC  14 Edge      dp_hs_phy_irq
299:          0          0          0          0          0          0          0          0       PDC  15 Edge      dm_hs_phy_irq
300:          0          0          0          0          0          0          0          0       PDC  17 Level     ss_phy_irq
301:       5118          0          0          0          0          0          0          0     GICv3 165 Level     dwc3-msm, dwc3
302:          0          0          0          0          0          0          0          0       sde  12 Edge      dp_display_isr
303:          0          0          0          0          0          0          0          0       sde   4 Edge      dsi_ctrl
304:          0          0          0          0          0          0          0          0   msmgpio  96 Edge      msm_pcie_wake
305:          0          0          0          0          0          0          0          0   msmgpio  79 Edge      hs_uart_wakeup
306:          4          0          0          0          0          0          0          0      ipcc   0 Edge      aoss-qmp
307:          0          0          0          0          0          0          0          0      ipcc 196610 Edge      smp2p
308:          0          0          0          0          0          0          0          0      ipcc 262146 Edge      smp2p
309:          0          0          0          0          0          0          0          0      ipcc 393218 Edge      smp2p
310:          6          0          0          0          0          0          0          0      ipcc 131074 Edge      smp2p
311:          2          0          0          0          0          0          0          0      ipcc 1507328 Edge      qcom,qmp-tme
312:          0          0          0          0          0          0          0          0       PDC   6 Edge      q6v5 wdog
313:          0          0          0          0          0          0          0          0     smp2p   0 Edge      q6v5 fatal
314:          0          0          0          0          0          0          0          0     smp2p   1 Edge      q6v5 ready
315:          0          0          0          0          0          0          0          0     smp2p   2 Edge      q6v5 handover
316:          0          0          0          0          0          0          0          0     smp2p   3 Edge      q6v5 stop
317:          0          0          0          0          0          0          0          0     smp2p   0 Edge      q6v5 fatal
318:          0          0          0          0          0          0          0          0     smp2p   1 Edge      q6v5 ready
319:          0          0          0          0          0          0          0          0     smp2p   2 Edge      q6v5 handover
320:          0          0          0          0          0          0          0          0     smp2p   3 Edge      q6v5 stop
321:          0          0          0          0          0          0          0          0       PDC   9 Edge      q6v5 wdog
322:          0          0          0          0          0          0          0          0     smp2p   0 Edge      q6v5 fatal
323:          0          0          0          0          0          0          0          0     smp2p   1 Edge      q6v5 ready
324:          0          0          0          0          0          0          0          0     smp2p   2 Edge      q6v5 handover
325:          0          0          0          0          0          0          0          0     smp2p   3 Edge      q6v5 stop
326:          0          0          0          0          0          0          0          0     smp2p   0 Edge      q6v5 fatal
327:          0          0          0          0          0          0          0          2     smp2p   1 Edge      q6v5 ready
328:          0          0          0          0          0          0          0          2     smp2p   2 Edge      q6v5 handover
329:          0          0          0          0          0          0          0          0     smp2p   3 Edge      q6v5 stop
330:          0          0          0          0          0          0          0          1     smp2p   7 Edge      q6v5 shutdown-ack
331:          0          0          0          0          0          0          0          0     smp2p   0 Edge      smp2p_sleepstate
334:          0          0          0          0          0          0          0          0  pmic_arb 102826394 Edge      pm8xxx_rtc_alarm
356:          0          0          0          0          0          0          0          0     smp2p   0 Edge      ipa_smp2p_clk_vote
358:        371          0          0          0          0          0          0          0      ipcc 131072 Edge      glink-native-modem
359:          0          0          0          0          0          0          0          0  ITS-pMSI   0 Edge      gsi_msi
360:          0          0          0          0          0          0          0          0  ITS-pMSI   1 Edge      gsi_msi
IPI0:       118        194        192        109       2477       2387       2431      25002       Rescheduling interrupts
IPI1:     10414        580        215        302        458        485        613       2733       Function call interrupts
IPI2:         0          0          0          0          0          0          0          0       CPU stop interrupts
IPI3:         0          0          0          0          0          0          0          0       CPU stop (for crash dump) interrupts
IPI4:         0          0          0          0          0          0          0          0       Timer broadcast interrupts
IPI5:       780         21          6          1        356        303        275      43944       IRQ work interrupts
IPI6:         0          0          0          0          0          0          0          0       CPU wake-up interrupts
Err:          0
IRQ_UPTIME=1595.84 12344.10
           CPU0       CPU1       CPU2       CPU3       CPU4       CPU5       CPU6       CPU7       
 11:       2368        210        191         79        854        841        544      58865     GICv3  27 Level     arch_timer
 13:          0          0          0          0          0          0          0          0     GICv3  38 Level     arch_mem_timer
 15:          0          0          0          0          0          0          0          0     GICv3 962 Edge      qcom-scm
 16:          0          0          0          0          0          0          0          0     GICv3  62 Level     dcvsh-irq-0
 17:          0          0          0          0          1          0          0          0     GICv3  63 Level     dcvsh-irq-4
 18:          0          0          0          0          0          0          0          1     GICv3  51 Level     dcvsh-irq-7
 21:         11          0          0          0          0          0          0          0     GICv3  94 Level     qcom_rimps
 22:          0          0          0          0          0          0          0          0     GICv3  23 Level     arm-pmu
 24:          0          0          0          0          0          0          0          0     GICv3 610 Edge      q6v5 wdog
 25:          0          0          0          0          0          0          0          0     GICv3 296 Edge      q6v5 wdog
 26:          0          0          0          0          0          0          0          0     GICv3 384 Edge      generic-irq
 28:        351          0          0          0          0          0          0          0     GICv3 261 Level     ipcc_0
 30:       4059          0          0          0          0          0          0          0     GICv3 297 Level     ufshcd
 35:       5745          0          0          0          0          0          0          0     GICv3  37 Level     apps_rsc
 36:          0          0          0          0          0          0          0          0     GICv3 161 Level     disp_rsc
 37:         63          0          0          0          0          0          0          0     GICv3 613 Level     190b6400.qcom,bwmon-llcc
 38:          9          0          0          0          0          0          0          0     GICv3 113 Level     19091000.qcom,bwmon-ddr
 39:          3          0          0          0          0          0          0          0     GICv3 686 Edge      ipa
 40:        165          0          0          0          0          0          0          0     GICv3 464 Level     gsi
 85:          2          0          0          0          0          0          0          0     GICv3 619 Level     msm_serial_geni0
112:          0          0          0          0          0          0          0          0     GICv3  97 Level     arm-smmu global fault
113:          0          0          0          0          0          0          0          0     GICv3 129 Level     arm-smmu-context-fault
114:          0          0          0          0          0          0          0          0     GICv3 130 Level     arm-smmu-context-fault
115:          0          0          0          0          0          0          0          0     GICv3 131 Level     arm-smmu-context-fault
116:          0          0          0          0          0          0          0          0     GICv3 132 Level     arm-smmu-context-fault
117:          0          0          0          0          0          0          0          0     GICv3 133 Level     arm-smmu-context-fault
118:          0          0          0          0          0          0          0          0     GICv3 134 Level     arm-smmu-context-fault
119:          0          0          0          0          0          0          0          0     GICv3 135 Level     arm-smmu-context-fault
120:          0          0          0          0          0          0          0          0     GICv3 136 Level     arm-smmu-context-fault
121:          0          0          0          0          0          0          0          0     GICv3 137 Level     arm-smmu-context-fault
122:          0          0          0          0          0          0          0          0     GICv3 138 Level     arm-smmu-context-fault
123:          0          0          0          0          0          0          0          0     GICv3 139 Level     arm-smmu-context-fault
212:          0          0          0          0          0          0          0          0     GICv3 172 Edge      int_global_int
259:          0          0          0          0          0          0          0          0     GICv3 115 Level     msm_drm
291:          0          0          0          0          0          0          0          0     GICv3  32 Edge      apps_wdog_bark
292:          0          0          0          0          0          0          0          0     GICv3 960 Edge      gh_msgq_tx_0
293:          0          0          0          0          0          0          0          0     GICv3 961 Edge      gh_msgq_rx_0
296:          0          0          0          0          0          0          0          0       PDC  11 Level     eud_irq
297:          0          0          0          0          0          0          0          0     GICv3 162 Level     pwr_event_irq
298:          0          0          0          0          0          0          0          0       PDC  14 Edge      dp_hs_phy_irq
299:          0          0          0          0          0          0          0          0       PDC  15 Edge      dm_hs_phy_irq
300:          0          0          0          0          0          0          0          0       PDC  17 Level     ss_phy_irq
301:       5351          0          0          0          0          0          0          0     GICv3 165 Level     dwc3-msm, dwc3
302:          0          0          0          0          0          0          0          0       sde  12 Edge      dp_display_isr
303:          0          0          0          0          0          0          0          0       sde   4 Edge      dsi_ctrl
304:          0          0          0          0          0          0          0          0   msmgpio  96 Edge      msm_pcie_wake
305:          0          0          0          0          0          0          0          0   msmgpio  79 Edge      hs_uart_wakeup
306:          4          0          0          0          0          0          0          0      ipcc   0 Edge      aoss-qmp
307:          0          0          0          0          0          0          0          0      ipcc 196610 Edge      smp2p
308:          0          0          0          0          0          0          0          0      ipcc 262146 Edge      smp2p
309:          0          0          0          0          0          0          0          0      ipcc 393218 Edge      smp2p
310:          6          0          0          0          0          0          0          0      ipcc 131074 Edge      smp2p
311:          2          0          0          0          0          0          0          0      ipcc 1507328 Edge      qcom,qmp-tme
312:          0          0          0          0          0          0          0          0       PDC   6 Edge      q6v5 wdog
313:          0          0          0          0          0          0          0          0     smp2p   0 Edge      q6v5 fatal
314:          0          0          0          0          0          0          0          0     smp2p   1 Edge      q6v5 ready
315:          0          0          0          0          0          0          0          0     smp2p   2 Edge      q6v5 handover
316:          0          0          0          0          0          0          0          0     smp2p   3 Edge      q6v5 stop
317:          0          0          0          0          0          0          0          0     smp2p   0 Edge      q6v5 fatal
318:          0          0          0          0          0          0          0          0     smp2p   1 Edge      q6v5 ready
319:          0          0          0          0          0          0          0          0     smp2p   2 Edge      q6v5 handover
320:          0          0          0          0          0          0          0          0     smp2p   3 Edge      q6v5 stop
321:          0          0          0          0          0          0          0          0       PDC   9 Edge      q6v5 wdog
322:          0          0          0          0          0          0          0          0     smp2p   0 Edge      q6v5 fatal
323:          0          0          0          0          0          0          0          0     smp2p   1 Edge      q6v5 ready
324:          0          0          0          0          0          0          0          0     smp2p   2 Edge      q6v5 handover
325:          0          0          0          0          0          0          0          0     smp2p   3 Edge      q6v5 stop
326:          0          0          0          0          0          0          0          0     smp2p   0 Edge      q6v5 fatal
327:          0          0          0          0          0          0          0          2     smp2p   1 Edge      q6v5 ready
328:          0          0          0          0          0          0          0          2     smp2p   2 Edge      q6v5 handover
329:          0          0          0          0          0          0          0          0     smp2p   3 Edge      q6v5 stop
330:          0          0          0          0          0          0          0          1     smp2p   7 Edge      q6v5 shutdown-ack
331:          0          0          0          0          0          0          0          0     smp2p   0 Edge      smp2p_sleepstate
334:          0          0          0          0          0          0          0          0  pmic_arb 102826394 Edge      pm8xxx_rtc_alarm
356:          0          0          0          0          0          0          0          0     smp2p   0 Edge      ipa_smp2p_clk_vote
358:        371          0          0          0          0          0          0          0      ipcc 131072 Edge      glink-native-modem
359:          0          0          0          0          0          0          0          0  ITS-pMSI   0 Edge      gsi_msi
360:          0          0          0          0          0          0          0          0  ITS-pMSI   1 Edge      gsi_msi
IPI0:       118        194        192        109       2489       2399       2441      25105       Rescheduling interrupts
IPI1:     10432        580        215        302        458        485        613       2737       Function call interrupts
IPI2:         0          0          0          0          0          0          0          0       CPU stop interrupts
IPI3:         0          0          0          0          0          0          0          0       CPU stop (for crash dump) interrupts
IPI4:         0          0          0          0          0          0          0          0       Timer broadcast interrupts
IPI5:       784         21          6          1        360        309        277      44009       IRQ work interrupts
IPI6:         0          0          0          0          0          0          0          0       CPU wake-up interrupts
Err:          0
IRQ_UPTIME=1596.84 12346.54
           CPU0       CPU1       CPU2       CPU3       CPU4       CPU5       CPU6       CPU7       
 11:       2370        210        191         79        855        841        544      58914     GICv3  27 Level     arch_timer
 13:          0          0          0          0          0          0          0          0     GICv3  38 Level     arch_mem_timer
 15:          0          0          0          0          0          0          0          0     GICv3 962 Edge      qcom-scm
 16:          0          0          0          0          0          0          0          0     GICv3  62 Level     dcvsh-irq-0
 17:          0          0          0          0          1          0          0          0     GICv3  63 Level     dcvsh-irq-4
 18:          0          0          0          0          0          0          0          1     GICv3  51 Level     dcvsh-irq-7
 21:         11          0          0          0          0          0          0          0     GICv3  94 Level     qcom_rimps
 22:          0          0          0          0          0          0          0          0     GICv3  23 Level     arm-pmu
 24:          0          0          0          0          0          0          0          0     GICv3 610 Edge      q6v5 wdog
 25:          0          0          0          0          0          0          0          0     GICv3 296 Edge      q6v5 wdog
 26:          0          0          0          0          0          0          0          0     GICv3 384 Edge      generic-irq
 28:        351          0          0          0          0          0          0          0     GICv3 261 Level     ipcc_0
 30:       4062          0          0          0          0          0          0          0     GICv3 297 Level     ufshcd
 35:       5751          0          0          0          0          0          0          0     GICv3  37 Level     apps_rsc
 36:          0          0          0          0          0          0          0          0     GICv3 161 Level     disp_rsc
 37:         63          0          0          0          0          0          0          0     GICv3 613 Level     190b6400.qcom,bwmon-llcc
 38:          9          0          0          0          0          0          0          0     GICv3 113 Level     19091000.qcom,bwmon-ddr
 39:          3          0          0          0          0          0          0          0     GICv3 686 Edge      ipa
 40:        165          0          0          0          0          0          0          0     GICv3 464 Level     gsi
 85:          2          0          0          0          0          0          0          0     GICv3 619 Level     msm_serial_geni0
112:          0          0          0          0          0          0          0          0     GICv3  97 Level     arm-smmu global fault
113:          0          0          0          0          0          0          0          0     GICv3 129 Level     arm-smmu-context-fault
114:          0          0          0          0          0          0          0          0     GICv3 130 Level     arm-smmu-context-fault
115:          0          0          0          0          0          0          0          0     GICv3 131 Level     arm-smmu-context-fault
116:          0          0          0          0          0          0          0          0     GICv3 132 Level     arm-smmu-context-fault
117:          0          0          0          0          0          0          0          0     GICv3 133 Level     arm-smmu-context-fault
118:          0          0          0          0          0          0          0          0     GICv3 134 Level     arm-smmu-context-fault
119:          0          0          0          0          0          0          0          0     GICv3 135 Level     arm-smmu-context-fault
120:          0          0          0          0          0          0          0          0     GICv3 136 Level     arm-smmu-context-fault
121:          0          0          0          0          0          0          0          0     GICv3 137 Level     arm-smmu-context-fault
122:          0          0          0          0          0          0          0          0     GICv3 138 Level     arm-smmu-context-fault
123:          0          0          0          0          0          0          0          0     GICv3 139 Level     arm-smmu-context-fault
212:          0          0          0          0          0          0          0          0     GICv3 172 Edge      int_global_int
259:          0          0          0          0          0          0          0          0     GICv3 115 Level     msm_drm
291:          0          0          0          0          0          0          0          0     GICv3  32 Edge      apps_wdog_bark
292:          0          0          0          0          0          0          0          0     GICv3 960 Edge      gh_msgq_tx_0
293:          0          0          0          0          0          0          0          0     GICv3 961 Edge      gh_msgq_rx_0
296:          0          0          0          0          0          0          0          0       PDC  11 Level     eud_irq
297:          0          0          0          0          0          0          0          0     GICv3 162 Level     pwr_event_irq
298:          0          0          0          0          0          0          0          0       PDC  14 Edge      dp_hs_phy_irq
299:          0          0          0          0          0          0          0          0       PDC  15 Edge      dm_hs_phy_irq
300:          0          0          0          0          0          0          0          0       PDC  17 Level     ss_phy_irq
301:       5352          0          0          0          0          0          0          0     GICv3 165 Level     dwc3-msm, dwc3
302:          0          0          0          0          0          0          0          0       sde  12 Edge      dp_display_isr
303:          0          0          0          0          0          0          0          0       sde   4 Edge      dsi_ctrl
304:          0          0          0          0          0          0          0          0   msmgpio  96 Edge      msm_pcie_wake
305:          0          0          0          0          0          0          0          0   msmgpio  79 Edge      hs_uart_wakeup
306:          4          0          0          0          0          0          0          0      ipcc   0 Edge      aoss-qmp
307:          0          0          0          0          0          0          0          0      ipcc 196610 Edge      smp2p
308:          0          0          0          0          0          0          0          0      ipcc 262146 Edge      smp2p
309:          0          0          0          0          0          0          0          0      ipcc 393218 Edge      smp2p
310:          6          0          0          0          0          0          0          0      ipcc 131074 Edge      smp2p
311:          2          0          0          0          0          0          0          0      ipcc 1507328 Edge      qcom,qmp-tme
312:          0          0          0          0          0          0          0          0       PDC   6 Edge      q6v5 wdog
313:          0          0          0          0          0          0          0          0     smp2p   0 Edge      q6v5 fatal
314:          0          0          0          0          0          0          0          0     smp2p   1 Edge      q6v5 ready
315:          0          0          0          0          0          0          0          0     smp2p   2 Edge      q6v5 handover
316:          0          0          0          0          0          0          0          0     smp2p   3 Edge      q6v5 stop
317:          0          0          0          0          0          0          0          0     smp2p   0 Edge      q6v5 fatal
318:          0          0          0          0          0          0          0          0     smp2p   1 Edge      q6v5 ready
319:          0          0          0          0          0          0          0          0     smp2p   2 Edge      q6v5 handover
320:          0          0          0          0          0          0          0          0     smp2p   3 Edge      q6v5 stop
321:          0          0          0          0          0          0          0          0       PDC   9 Edge      q6v5 wdog
322:          0          0          0          0          0          0          0          0     smp2p   0 Edge      q6v5 fatal
323:          0          0          0          0          0          0          0          0     smp2p   1 Edge      q6v5 ready
324:          0          0          0          0          0          0          0          0     smp2p   2 Edge      q6v5 handover
325:          0          0          0          0          0          0          0          0     smp2p   3 Edge      q6v5 stop
326:          0          0          0          0          0          0          0          0     smp2p   0 Edge      q6v5 fatal
327:          0          0          0          0          0          0          0          2     smp2p   1 Edge      q6v5 ready
328:          0          0          0          0          0          0          0          2     smp2p   2 Edge      q6v5 handover
329:          0          0          0          0          0          0          0          0     smp2p   3 Edge      q6v5 stop
330:          0          0          0          0          0          0          0          1     smp2p   7 Edge      q6v5 shutdown-ack
331:          0          0          0          0          0          0          0          0     smp2p   0 Edge      smp2p_sleepstate
334:          0          0          0          0          0          0          0          0  pmic_arb 102826394 Edge      pm8xxx_rtc_alarm
356:          0          0          0          0          0          0          0          0     smp2p   0 Edge      ipa_smp2p_clk_vote
358:        371          0          0          0          0          0          0          0      ipcc 131072 Edge      glink-native-modem
359:          0          0          0          0          0          0          0          0  ITS-pMSI   0 Edge      gsi_msi
360:          0          0          0          0          0          0          0          0  ITS-pMSI   1 Edge      gsi_msi
IPI0:       118        194        192        109       2489       2399       2442      25116       Rescheduling interrupts
IPI1:     10438        580        215        302        458        485        613       2738       Function call interrupts
IPI2:         0          0          0          0          0          0          0          0       CPU stop interrupts
IPI3:         0          0          0          0          0          0          0          0       CPU stop (for crash dump) interrupts
IPI4:         0          0          0          0          0          0          0          0       Timer broadcast interrupts
IPI5:       785         21          6          1        360        309        277      44037       IRQ work interrupts
IPI6:         0          0          0          0          0          0          0          0       CPU wake-up interrupts
Err:          0
IRQ_UPTIME=1597.84 12348.91
           CPU0       CPU1       CPU2       CPU3       CPU4       CPU5       CPU6       CPU7       
 11:       2371        210        191         79        855        842        544      58956     GICv3  27 Level     arch_timer
 13:          0          0          0          0          0          0          0          0     GICv3  38 Level     arch_mem_timer
 15:          0          0          0          0          0          0          0          0     GICv3 962 Edge      qcom-scm
 16:          0          0          0          0          0          0          0          0     GICv3  62 Level     dcvsh-irq-0
 17:          0          0          0          0          1          0          0          0     GICv3  63 Level     dcvsh-irq-4
 18:          0          0          0          0          0          0          0          1     GICv3  51 Level     dcvsh-irq-7
 21:         11          0          0          0          0          0          0          0     GICv3  94 Level     qcom_rimps
 22:          0          0          0          0          0          0          0          0     GICv3  23 Level     arm-pmu
 24:          0          0          0          0          0          0          0          0     GICv3 610 Edge      q6v5 wdog
 25:          0          0          0          0          0          0          0          0     GICv3 296 Edge      q6v5 wdog
 26:          0          0          0          0          0          0          0          0     GICv3 384 Edge      generic-irq
 28:        351          0          0          0          0          0          0          0     GICv3 261 Level     ipcc_0
 30:       4062          0          0          0          0          0          0          0     GICv3 297 Level     ufshcd
 35:       5757          0          0          0          0          0          0          0     GICv3  37 Level     apps_rsc
 36:          0          0          0          0          0          0          0          0     GICv3 161 Level     disp_rsc
 37:         63          0          0          0          0          0          0          0     GICv3 613 Level     190b6400.qcom,bwmon-llcc
 38:          9          0          0          0          0          0          0          0     GICv3 113 Level     19091000.qcom,bwmon-ddr
 39:          3          0          0          0          0          0          0          0     GICv3 686 Edge      ipa
 40:        174          0          0          0          0          0          0          0     GICv3 464 Level     gsi
 85:          2          0          0          0          0          0          0          0     GICv3 619 Level     msm_serial_geni0
112:          0          0          0          0          0          0          0          0     GICv3  97 Level     arm-smmu global fault
113:          0          0          0          0          0          0          0          0     GICv3 129 Level     arm-smmu-context-fault
114:          0          0          0          0          0          0          0          0     GICv3 130 Level     arm-smmu-context-fault
115:          0          0          0          0          0          0          0          0     GICv3 131 Level     arm-smmu-context-fault
116:          0          0          0          0          0          0          0          0     GICv3 132 Level     arm-smmu-context-fault
117:          0          0          0          0          0          0          0          0     GICv3 133 Level     arm-smmu-context-fault
118:          0          0          0          0          0          0          0          0     GICv3 134 Level     arm-smmu-context-fault
119:          0          0          0          0          0          0          0          0     GICv3 135 Level     arm-smmu-context-fault
120:          0          0          0          0          0          0          0          0     GICv3 136 Level     arm-smmu-context-fault
121:          0          0          0          0          0          0          0          0     GICv3 137 Level     arm-smmu-context-fault
122:          0          0          0          0          0          0          0          0     GICv3 138 Level     arm-smmu-context-fault
123:          0          0          0          0          0          0          0          0     GICv3 139 Level     arm-smmu-context-fault
212:          0          0          0          0          0          0          0          0     GICv3 172 Edge      int_global_int
259:          0          0          0          0          0          0          0          0     GICv3 115 Level     msm_drm
291:          0          0          0          0          0          0          0          0     GICv3  32 Edge      apps_wdog_bark
292:          0          0          0          0          0          0          0          0     GICv3 960 Edge      gh_msgq_tx_0
293:          0          0          0          0          0          0          0          0     GICv3 961 Edge      gh_msgq_rx_0
296:          0          0          0          0          0          0          0          0       PDC  11 Level     eud_irq
297:          0          0          0          0          0          0          0          0     GICv3 162 Level     pwr_event_irq
298:          0          0          0          0          0          0          0          0       PDC  14 Edge      dp_hs_phy_irq
299:          0          0          0          0          0          0          0          0       PDC  15 Edge      dm_hs_phy_irq
300:          0          0          0          0          0          0          0          0       PDC  17 Level     ss_phy_irq
301:       5352          0          0          0          0          0          0          0     GICv3 165 Level     dwc3-msm, dwc3
302:          0          0          0          0          0          0          0          0       sde  12 Edge      dp_display_isr
303:          0          0          0          0          0          0          0          0       sde   4 Edge      dsi_ctrl
304:          0          0          0          0          0          0          0          0   msmgpio  96 Edge      msm_pcie_wake
305:          0          0          0          0          0          0          0          0   msmgpio  79 Edge      hs_uart_wakeup
306:          4          0          0          0          0          0          0          0      ipcc   0 Edge      aoss-qmp
307:          0          0          0          0          0          0          0          0      ipcc 196610 Edge      smp2p
308:          0          0          0          0          0          0          0          0      ipcc 262146 Edge      smp2p
309:          0          0          0          0          0          0          0          0      ipcc 393218 Edge      smp2p
310:          6          0          0          0          0          0          0          0      ipcc 131074 Edge      smp2p
311:          2          0          0          0          0          0          0          0      ipcc 1507328 Edge      qcom,qmp-tme
312:          0          0          0          0          0          0          0          0       PDC   6 Edge      q6v5 wdog
313:          0          0          0          0          0          0          0          0     smp2p   0 Edge      q6v5 fatal
314:          0          0          0          0          0          0          0          0     smp2p   1 Edge      q6v5 ready
315:          0          0          0          0          0          0          0          0     smp2p   2 Edge      q6v5 handover
316:          0          0          0          0          0          0          0          0     smp2p   3 Edge      q6v5 stop
317:          0          0          0          0          0          0          0          0     smp2p   0 Edge      q6v5 fatal
318:          0          0          0          0          0          0          0          0     smp2p   1 Edge      q6v5 ready
319:          0          0          0          0          0          0          0          0     smp2p   2 Edge      q6v5 handover
320:          0          0          0          0          0          0          0          0     smp2p   3 Edge      q6v5 stop
321:          0          0          0          0          0          0          0          0       PDC   9 Edge      q6v5 wdog
322:          0          0          0          0          0          0          0          0     smp2p   0 Edge      q6v5 fatal
323:          0          0          0          0          0          0          0          0     smp2p   1 Edge      q6v5 ready
324:          0          0          0          0          0          0          0          0     smp2p   2 Edge      q6v5 handover
325:          0          0          0          0          0          0          0          0     smp2p   3 Edge      q6v5 stop
326:          0          0          0          0          0          0          0          0     smp2p   0 Edge      q6v5 fatal
327:          0          0          0          0          0          0          0          2     smp2p   1 Edge      q6v5 ready
328:          0          0          0          0          0          0          0          2     smp2p   2 Edge      q6v5 handover
329:          0          0          0          0          0          0          0          0     smp2p   3 Edge      q6v5 stop
330:          0          0          0          0          0          0          0          1     smp2p   7 Edge      q6v5 shutdown-ack
331:          0          0          0          0          0          0          0          0     smp2p   0 Edge      smp2p_sleepstate
334:          0          0          0          0          0          0          0          0  pmic_arb 102826394 Edge      pm8xxx_rtc_alarm
356:          0          0          0          0          0          0          0          0     smp2p   0 Edge      ipa_smp2p_clk_vote
358:        371          0          0          0          0          0          0          0      ipcc 131072 Edge      glink-native-modem
359:          0          0          0          0          0          0          0          0  ITS-pMSI   0 Edge      gsi_msi
360:          0          0          0          0          0          0          0          0  ITS-pMSI   1 Edge      gsi_msi
IPI0:       118        194        192        109       2489       2399       2443      25132       Rescheduling interrupts
IPI1:     10446        580        215        302        458        485        613       2738       Function call interrupts
IPI2:         0          0          0          0          0          0          0          0       CPU stop interrupts
IPI3:         0          0          0          0          0          0          0          0       CPU stop (for crash dump) interrupts
IPI4:         0          0          0          0          0          0          0          0       Timer broadcast interrupts
IPI5:       786         21          6          1        360        310        277      44064       IRQ work interrupts
IPI6:         0          0          0          0          0          0          0          0       CPU wake-up interrupts
Err:          0
IRQ_UPTIME=1598.85 12356.01
           CPU0       CPU1       CPU2       CPU3       CPU4       CPU5       CPU6       CPU7       
 11:       2373        210        191         79        857        844        545      59017     GICv3  27 Level     arch_timer
 13:          0          0          0          0          0          0          0          0     GICv3  38 Level     arch_mem_timer
 15:          0          0          0          0          0          0          0          0     GICv3 962 Edge      qcom-scm
 16:          0          0          0          0          0          0          0          0     GICv3  62 Level     dcvsh-irq-0
 17:          0          0          0          0          1          0          0          0     GICv3  63 Level     dcvsh-irq-4
 18:          0          0          0          0          0          0          0          1     GICv3  51 Level     dcvsh-irq-7
 21:         11          0          0          0          0          0          0          0     GICv3  94 Level     qcom_rimps
 22:          0          0          0          0          0          0          0          0     GICv3  23 Level     arm-pmu
 24:          0          0          0          0          0          0          0          0     GICv3 610 Edge      q6v5 wdog
 25:          0          0          0          0          0          0          0          0     GICv3 296 Edge      q6v5 wdog
 26:          0          0          0          0          0          0          0          0     GICv3 384 Edge      generic-irq
 28:        351          0          0          0          0          0          0          0     GICv3 261 Level     ipcc_0
 30:       4069          0          0          0          0          0          0          0     GICv3 297 Level     ufshcd
 35:       5776          0          0          0          0          0          0          0     GICv3  37 Level     apps_rsc
 36:          0          0          0          0          0          0          0          0     GICv3 161 Level     disp_rsc
 37:         63          0          0          0          0          0          0          0     GICv3 613 Level     190b6400.qcom,bwmon-llcc
 38:          9          0          0          0          0          0          0          0     GICv3 113 Level     19091000.qcom,bwmon-ddr
 39:          3          0          0          0          0          0          0          0     GICv3 686 Edge      ipa
 40:        180          0          0          0          0          0          0          0     GICv3 464 Level     gsi
 85:          2          0          0          0          0          0          0          0     GICv3 619 Level     msm_serial_geni0
112:          0          0          0          0          0          0          0          0     GICv3  97 Level     arm-smmu global fault
113:          0          0          0          0          0          0          0          0     GICv3 129 Level     arm-smmu-context-fault
114:          0          0          0          0          0          0          0          0     GICv3 130 Level     arm-smmu-context-fault
115:          0          0          0          0          0          0          0          0     GICv3 131 Level     arm-smmu-context-fault
116:          0          0          0          0          0          0          0          0     GICv3 132 Level     arm-smmu-context-fault
117:          0          0          0          0          0          0          0          0     GICv3 133 Level     arm-smmu-context-fault
118:          0          0          0          0          0          0          0          0     GICv3 134 Level     arm-smmu-context-fault
119:          0          0          0          0          0          0          0          0     GICv3 135 Level     arm-smmu-context-fault
120:          0          0          0          0          0          0          0          0     GICv3 136 Level     arm-smmu-context-fault
121:          0          0          0          0          0          0          0          0     GICv3 137 Level     arm-smmu-context-fault
122:          0          0          0          0          0          0          0          0     GICv3 138 Level     arm-smmu-context-fault
123:          0          0          0          0          0          0          0          0     GICv3 139 Level     arm-smmu-context-fault
212:          0          0          0          0          0          0          0          0     GICv3 172 Edge      int_global_int
259:          0          0          0          0          0          0          0          0     GICv3 115 Level     msm_drm
291:          0          0          0          0          0          0          0          0     GICv3  32 Edge      apps_wdog_bark
292:          0          0          0          0          0          0          0          0     GICv3 960 Edge      gh_msgq_tx_0
293:          0          0          0          0          0          0          0          0     GICv3 961 Edge      gh_msgq_rx_0
296:          0          0          0          0          0          0          0          0       PDC  11 Level     eud_irq
297:          0          0          0          0          0          0          0          0     GICv3 162 Level     pwr_event_irq
298:          0          0          0          0          0          0          0          0       PDC  14 Edge      dp_hs_phy_irq
299:          0          0          0          0          0          0          0          0       PDC  15 Edge      dm_hs_phy_irq
300:          0          0          0          0          0          0          0          0       PDC  17 Level     ss_phy_irq
301:       5352          0          0          0          0          0          0          0     GICv3 165 Level     dwc3-msm, dwc3
302:          0          0          0          0          0          0          0          0       sde  12 Edge      dp_display_isr
303:          0          0          0          0          0          0          0          0       sde   4 Edge      dsi_ctrl
304:          0          0          0          0          0          0          0          0   msmgpio  96 Edge      msm_pcie_wake
305:          0          0          0          0          0          0          0          0   msmgpio  79 Edge      hs_uart_wakeup
306:          4          0          0          0          0          0          0          0      ipcc   0 Edge      aoss-qmp
307:          0          0          0          0          0          0          0          0      ipcc 196610 Edge      smp2p
308:          0          0          0          0          0          0          0          0      ipcc 262146 Edge      smp2p
309:          0          0          0          0          0          0          0          0      ipcc 393218 Edge      smp2p
310:          6          0          0          0          0          0          0          0      ipcc 131074 Edge      smp2p
311:          2          0          0          0          0          0          0          0      ipcc 1507328 Edge      qcom,qmp-tme
312:          0          0          0          0          0          0          0          0       PDC   6 Edge      q6v5 wdog
313:          0          0          0          0          0          0          0          0     smp2p   0 Edge      q6v5 fatal
314:          0          0          0          0          0          0          0          0     smp2p   1 Edge      q6v5 ready
315:          0          0          0          0          0          0          0          0     smp2p   2 Edge      q6v5 handover
316:          0          0          0          0          0          0          0          0     smp2p   3 Edge      q6v5 stop
317:          0          0          0          0          0          0          0          0     smp2p   0 Edge      q6v5 fatal
318:          0          0          0          0          0          0          0          0     smp2p   1 Edge      q6v5 ready
319:          0          0          0          0          0          0          0          0     smp2p   2 Edge      q6v5 handover
320:          0          0          0          0          0          0          0          0     smp2p   3 Edge      q6v5 stop
321:          0          0          0          0          0          0          0          0       PDC   9 Edge      q6v5 wdog
322:          0          0          0          0          0          0          0          0     smp2p   0 Edge      q6v5 fatal
323:          0          0          0          0          0          0          0          0     smp2p   1 Edge      q6v5 ready
324:          0          0          0          0          0          0          0          0     smp2p   2 Edge      q6v5 handover
325:          0          0          0          0          0          0          0          0     smp2p   3 Edge      q6v5 stop
326:          0          0          0          0          0          0          0          0     smp2p   0 Edge      q6v5 fatal
327:          0          0          0          0          0          0          0          2     smp2p   1 Edge      q6v5 ready
328:          0          0          0          0          0          0          0          2     smp2p   2 Edge      q6v5 handover
329:          0          0          0          0          0          0          0          0     smp2p   3 Edge      q6v5 stop
330:          0          0          0          0          0          0          0          1     smp2p   7 Edge      q6v5 shutdown-ack
331:          0          0          0          0          0          0          0          0     smp2p   0 Edge      smp2p_sleepstate
334:          0          0          0          0          0          0          0          0  pmic_arb 102826394 Edge      pm8xxx_rtc_alarm
356:          0          0          0          0          0          0          0          0     smp2p   0 Edge      ipa_smp2p_clk_vote
358:        371          0          0          0          0          0          0          0      ipcc 131072 Edge      glink-native-modem
359:          0          0          0          0          0          0          0          0  ITS-pMSI   0 Edge      gsi_msi
360:          0          0          0          0          0          0          0          0  ITS-pMSI   1 Edge      gsi_msi
IPI0:       118        194        192        109       2492       2400       2445      25167       Rescheduling interrupts
IPI1:     10453        580        215        302        458        485        613       2741       Function call interrupts
IPI2:         0          0          0          0          0          0          0          0       CPU stop interrupts
IPI3:         0          0          0          0          0          0          0          0       CPU stop (for crash dump) interrupts
IPI4:         0          0          0          0          0          0          0          0       Timer broadcast interrupts
IPI5:       786         21          6          1        361        311        277      44100       IRQ work interrupts
IPI6:         0          0          0          0          0          0          0          0       CPU wake-up interrupts
Err:          0
IRQ_UPTIME=1599.85 12357.01
           CPU0       CPU1       CPU2       CPU3       CPU4       CPU5       CPU6       CPU7       
 11:       2373        210        191         79        857        844        545      59054     GICv3  27 Level     arch_timer
 13:          0          0          0          0          0          0          0          0     GICv3  38 Level     arch_mem_timer
 15:          0          0          0          0          0          0          0          0     GICv3 962 Edge      qcom-scm
 16:          0          0          0          0          0          0          0          0     GICv3  62 Level     dcvsh-irq-0
 17:          0          0          0          0          1          0          0          0     GICv3  63 Level     dcvsh-irq-4
 18:          0          0          0          0          0          0          0          1     GICv3  51 Level     dcvsh-irq-7
 21:         11          0          0          0          0          0          0          0     GICv3  94 Level     qcom_rimps
 22:          0          0          0          0          0          0          0          0     GICv3  23 Level     arm-pmu
 24:          0          0          0          0          0          0          0          0     GICv3 610 Edge      q6v5 wdog
 25:          0          0          0          0          0          0          0          0     GICv3 296 Edge      q6v5 wdog
 26:          0          0          0          0          0          0          0          0     GICv3 384 Edge      generic-irq
 28:        351          0          0          0          0          0          0          0     GICv3 261 Level     ipcc_0
 30:       4069          0          0          0          0          0          0          0     GICv3 297 Level     ufshcd
 35:       5776          0          0          0          0          0          0          0     GICv3  37 Level     apps_rsc
 36:          0          0          0          0          0          0          0          0     GICv3 161 Level     disp_rsc
 37:         63          0          0          0          0          0          0          0     GICv3 613 Level     190b6400.qcom,bwmon-llcc
 38:          9          0          0          0          0          0          0          0     GICv3 113 Level     19091000.qcom,bwmon-ddr
 39:          3          0          0          0          0          0          0          0     GICv3 686 Edge      ipa
 40:        180          0          0          0          0          0          0          0     GICv3 464 Level     gsi
 85:          2          0          0          0          0          0          0          0     GICv3 619 Level     msm_serial_geni0
112:          0          0          0          0          0          0          0          0     GICv3  97 Level     arm-smmu global fault
113:          0          0          0          0          0          0          0          0     GICv3 129 Level     arm-smmu-context-fault
114:          0          0          0          0          0          0          0          0     GICv3 130 Level     arm-smmu-context-fault
115:          0          0          0          0          0          0          0          0     GICv3 131 Level     arm-smmu-context-fault
116:          0          0          0          0          0          0          0          0     GICv3 132 Level     arm-smmu-context-fault
117:          0          0          0          0          0          0          0          0     GICv3 133 Level     arm-smmu-context-fault
118:          0          0          0          0          0          0          0          0     GICv3 134 Level     arm-smmu-context-fault
119:          0          0          0          0          0          0          0          0     GICv3 135 Level     arm-smmu-context-fault
120:          0          0          0          0          0          0          0          0     GICv3 136 Level     arm-smmu-context-fault
121:          0          0          0          0          0          0          0          0     GICv3 137 Level     arm-smmu-context-fault
122:          0          0          0          0          0          0          0          0     GICv3 138 Level     arm-smmu-context-fault
123:          0          0          0          0          0          0          0          0     GICv3 139 Level     arm-smmu-context-fault
212:          0          0          0          0          0          0          0          0     GICv3 172 Edge      int_global_int
259:          0          0          0          0          0          0          0          0     GICv3 115 Level     msm_drm
291:          0          0          0          0          0          0          0          0     GICv3  32 Edge      apps_wdog_bark
292:          0          0          0          0          0          0          0          0     GICv3 960 Edge      gh_msgq_tx_0
293:          0          0          0          0          0          0          0          0     GICv3 961 Edge      gh_msgq_rx_0
296:          0          0          0          0          0          0          0          0       PDC  11 Level     eud_irq
297:          0          0          0          0          0          0          0          0     GICv3 162 Level     pwr_event_irq
298:          0          0          0          0          0          0          0          0       PDC  14 Edge      dp_hs_phy_irq
299:          0          0          0          0          0          0          0          0       PDC  15 Edge      dm_hs_phy_irq
300:          0          0          0          0          0          0          0          0       PDC  17 Level     ss_phy_irq
301:       5352          0          0          0          0          0          0          0     GICv3 165 Level     dwc3-msm, dwc3
302:          0          0          0          0          0          0          0          0       sde  12 Edge      dp_display_isr
303:          0          0          0          0          0          0          0          0       sde   4 Edge      dsi_ctrl
304:          0          0          0          0          0          0          0          0   msmgpio  96 Edge      msm_pcie_wake
305:          0          0          0          0          0          0          0          0   msmgpio  79 Edge      hs_uart_wakeup
306:          4          0          0          0          0          0          0          0      ipcc   0 Edge      aoss-qmp
307:          0          0          0          0          0          0          0          0      ipcc 196610 Edge      smp2p
308:          0          0          0          0          0          0          0          0      ipcc 262146 Edge      smp2p
309:          0          0          0          0          0          0          0          0      ipcc 393218 Edge      smp2p
310:          6          0          0          0          0          0          0          0      ipcc 131074 Edge      smp2p
311:          2          0          0          0          0          0          0          0      ipcc 1507328 Edge      qcom,qmp-tme
312:          0          0          0          0          0          0          0          0       PDC   6 Edge      q6v5 wdog
313:          0          0          0          0          0          0          0          0     smp2p   0 Edge      q6v5 fatal
314:          0          0          0          0          0          0          0          0     smp2p   1 Edge      q6v5 ready
315:          0          0          0          0          0          0          0          0     smp2p   2 Edge      q6v5 handover
316:          0          0          0          0          0          0          0          0     smp2p   3 Edge      q6v5 stop
317:          0          0          0          0          0          0          0          0     smp2p   0 Edge      q6v5 fatal
318:          0          0          0          0          0          0          0          0     smp2p   1 Edge      q6v5 ready
319:          0          0          0          0          0          0          0          0     smp2p   2 Edge      q6v5 handover
320:          0          0          0          0          0          0          0          0     smp2p   3 Edge      q6v5 stop
321:          0          0          0          0          0          0          0          0       PDC   9 Edge      q6v5 wdog
322:          0          0          0          0          0          0          0          0     smp2p   0 Edge      q6v5 fatal
323:          0          0          0          0          0          0          0          0     smp2p   1 Edge      q6v5 ready
324:          0          0          0          0          0          0          0          0     smp2p   2 Edge      q6v5 handover
325:          0          0          0          0          0          0          0          0     smp2p   3 Edge      q6v5 stop
326:          0          0          0          0          0          0          0          0     smp2p   0 Edge      q6v5 fatal
327:          0          0          0          0          0          0          0          2     smp2p   1 Edge      q6v5 ready
328:          0          0          0          0          0          0          0          2     smp2p   2 Edge      q6v5 handover
329:          0          0          0          0          0          0          0          0     smp2p   3 Edge      q6v5 stop
330:          0          0          0          0          0          0          0          1     smp2p   7 Edge      q6v5 shutdown-ack
331:          0          0          0          0          0          0          0          0     smp2p   0 Edge      smp2p_sleepstate
334:          0          0          0          0          0          0          0          0  pmic_arb 102826394 Edge      pm8xxx_rtc_alarm
356:          0          0          0          0          0          0          0          0     smp2p   0 Edge      ipa_smp2p_clk_vote
358:        371          0          0          0          0          0          0          0      ipcc 131072 Edge      glink-native-modem
359:          0          0          0          0          0          0          0          0  ITS-pMSI   0 Edge      gsi_msi
360:          0          0          0          0          0          0          0          0  ITS-pMSI   1 Edge      gsi_msi
IPI0:       118        194        192        109       2492       2400       2445      25167       Rescheduling interrupts
IPI1:     10459        580        215        302        458        485        613       2741       Function call interrupts
IPI2:         0          0          0          0          0          0          0          0       CPU stop interrupts
IPI3:         0          0          0          0          0          0          0          0       CPU stop (for crash dump) interrupts
IPI4:         0          0          0          0          0          0          0          0       Timer broadcast interrupts
IPI5:       786         21          6          1        361        311        277      44130       IRQ work interrupts
IPI6:         0          0          0          0          0          0          0          0       CPU wake-up interrupts
Err:          0
IRQ_UPTIME=1600.85 12364.50
           CPU0       CPU1       CPU2       CPU3       CPU4       CPU5       CPU6       CPU7       
 11:       2374        210        191         79        857        844        545      59098     GICv3  27 Level     arch_timer
 13:          0          0          0          0          0          0          0          0     GICv3  38 Level     arch_mem_timer
 15:          0          0          0          0          0          0          0          0     GICv3 962 Edge      qcom-scm
 16:          0          0          0          0          0          0          0          0     GICv3  62 Level     dcvsh-irq-0
 17:          0          0          0          0          1          0          0          0     GICv3  63 Level     dcvsh-irq-4
 18:          0          0          0          0          0          0          0          1     GICv3  51 Level     dcvsh-irq-7
 21:         11          0          0          0          0          0          0          0     GICv3  94 Level     qcom_rimps
 22:          0          0          0          0          0          0          0          0     GICv3  23 Level     arm-pmu
 24:          0          0          0          0          0          0          0          0     GICv3 610 Edge      q6v5 wdog
 25:          0          0          0          0          0          0          0          0     GICv3 296 Edge      q6v5 wdog
 26:          0          0          0          0          0          0          0          0     GICv3 384 Edge      generic-irq
 28:        351          0          0          0          0          0          0          0     GICv3 261 Level     ipcc_0
 30:       4072          0          0          0          0          0          0          0     GICv3 297 Level     ufshcd
 35:       5782          0          0          0          0          0          0          0     GICv3  37 Level     apps_rsc
 36:          0          0          0          0          0          0          0          0     GICv3 161 Level     disp_rsc
 37:         63          0          0          0          0          0          0          0     GICv3 613 Level     190b6400.qcom,bwmon-llcc
 38:          9          0          0          0          0          0          0          0     GICv3 113 Level     19091000.qcom,bwmon-ddr
 39:          3          0          0          0          0          0          0          0     GICv3 686 Edge      ipa
 40:        180          0          0          0          0          0          0          0     GICv3 464 Level     gsi
 85:          2          0          0          0          0          0          0          0     GICv3 619 Level     msm_serial_geni0
112:          0          0          0          0          0          0          0          0     GICv3  97 Level     arm-smmu global fault
113:          0          0          0          0          0          0          0          0     GICv3 129 Level     arm-smmu-context-fault
114:          0          0          0          0          0          0          0          0     GICv3 130 Level     arm-smmu-context-fault
115:          0          0          0          0          0          0          0          0     GICv3 131 Level     arm-smmu-context-fault
116:          0          0          0          0          0          0          0          0     GICv3 132 Level     arm-smmu-context-fault
117:          0          0          0          0          0          0          0          0     GICv3 133 Level     arm-smmu-context-fault
118:          0          0          0          0          0          0          0          0     GICv3 134 Level     arm-smmu-context-fault
119:          0          0          0          0          0          0          0          0     GICv3 135 Level     arm-smmu-context-fault
120:          0          0          0          0          0          0          0          0     GICv3 136 Level     arm-smmu-context-fault
121:          0          0          0          0          0          0          0          0     GICv3 137 Level     arm-smmu-context-fault
122:          0          0          0          0          0          0          0          0     GICv3 138 Level     arm-smmu-context-fault
123:          0          0          0          0          0          0          0          0     GICv3 139 Level     arm-smmu-context-fault
212:          0          0          0          0          0          0          0          0     GICv3 172 Edge      int_global_int
259:          0          0          0          0          0          0          0          0     GICv3 115 Level     msm_drm
291:          0          0          0          0          0          0          0          0     GICv3  32 Edge      apps_wdog_bark
292:          0          0          0          0          0          0          0          0     GICv3 960 Edge      gh_msgq_tx_0
293:          0          0          0          0          0          0          0          0     GICv3 961 Edge      gh_msgq_rx_0
296:          0          0          0          0          0          0          0          0       PDC  11 Level     eud_irq
297:          0          0          0          0          0          0          0          0     GICv3 162 Level     pwr_event_irq
298:          0          0          0          0          0          0          0          0       PDC  14 Edge      dp_hs_phy_irq
299:          0          0          0          0          0          0          0          0       PDC  15 Edge      dm_hs_phy_irq
300:          0          0          0          0          0          0          0          0       PDC  17 Level     ss_phy_irq
301:       5352          0          0          0          0          0          0          0     GICv3 165 Level     dwc3-msm, dwc3
302:          0          0          0          0          0          0          0          0       sde  12 Edge      dp_display_isr
303:          0          0          0          0          0          0          0          0       sde   4 Edge      dsi_ctrl
304:          0          0          0          0          0          0          0          0   msmgpio  96 Edge      msm_pcie_wake
305:          0          0          0          0          0          0          0          0   msmgpio  79 Edge      hs_uart_wakeup
306:          4          0          0          0          0          0          0          0      ipcc   0 Edge      aoss-qmp
307:          0          0          0          0          0          0          0          0      ipcc 196610 Edge      smp2p
308:          0          0          0          0          0          0          0          0      ipcc 262146 Edge      smp2p
309:          0          0          0          0          0          0          0          0      ipcc 393218 Edge      smp2p
310:          6          0          0          0          0          0          0          0      ipcc 131074 Edge      smp2p
311:          2          0          0          0          0          0          0          0      ipcc 1507328 Edge      qcom,qmp-tme
312:          0          0          0          0          0          0          0          0       PDC   6 Edge      q6v5 wdog
313:          0          0          0          0          0          0          0          0     smp2p   0 Edge      q6v5 fatal
314:          0          0          0          0          0          0          0          0     smp2p   1 Edge      q6v5 ready
315:          0          0          0          0          0          0          0          0     smp2p   2 Edge      q6v5 handover
316:          0          0          0          0          0          0          0          0     smp2p   3 Edge      q6v5 stop
317:          0          0          0          0          0          0          0          0     smp2p   0 Edge      q6v5 fatal
318:          0          0          0          0          0          0          0          0     smp2p   1 Edge      q6v5 ready
319:          0          0          0          0          0          0          0          0     smp2p   2 Edge      q6v5 handover
320:          0          0          0          0          0          0          0          0     smp2p   3 Edge      q6v5 stop
321:          0          0          0          0          0          0          0          0       PDC   9 Edge      q6v5 wdog
322:          0          0          0          0          0          0          0          0     smp2p   0 Edge      q6v5 fatal
323:          0          0          0          0          0          0          0          0     smp2p   1 Edge      q6v5 ready
324:          0          0          0          0          0          0          0          0     smp2p   2 Edge      q6v5 handover
325:          0          0          0          0          0          0          0          0     smp2p   3 Edge      q6v5 stop
326:          0          0          0          0          0          0          0          0     smp2p   0 Edge      q6v5 fatal
327:          0          0          0          0          0          0          0          2     smp2p   1 Edge      q6v5 ready
328:          0          0          0          0          0          0          0          2     smp2p   2 Edge      q6v5 handover
329:          0          0          0          0          0          0          0          0     smp2p   3 Edge      q6v5 stop
330:          0          0          0          0          0          0          0          1     smp2p   7 Edge      q6v5 shutdown-ack
331:          0          0          0          0          0          0          0          0     smp2p   0 Edge      smp2p_sleepstate
334:          0          0          0          0          0          0          0          0  pmic_arb 102826394 Edge      pm8xxx_rtc_alarm
356:          0          0          0          0          0          0          0          0     smp2p   0 Edge      ipa_smp2p_clk_vote
358:        371          0          0          0          0          0          0          0      ipcc 131072 Edge      glink-native-modem
359:          0          0          0          0          0          0          0          0  ITS-pMSI   0 Edge      gsi_msi
360:          0          0          0          0          0          0          0          0  ITS-pMSI   1 Edge      gsi_msi
IPI0:       118        194        192        109       2492       2401       2446      25176       Rescheduling interrupts
IPI1:     10467        580        215        302        458        485        613       2742       Function call interrupts
IPI2:         0          0          0          0          0          0          0          0       CPU stop interrupts
IPI3:         0          0          0          0          0          0          0          0       CPU stop (for crash dump) interrupts
IPI4:         0          0          0          0          0          0          0          0       Timer broadcast interrupts
IPI5:       786         21          6          1        361        311        277      44159       IRQ work interrupts
IPI6:         0          0          0          0          0          0          0          0       CPU wake-up interrupts
Err:          0
IRQ_UPTIME=1601.86 12370.39
           CPU0       CPU1       CPU2       CPU3       CPU4       CPU5       CPU6       CPU7       
 11:       2375        210        191         79        857        845        546      59152     GICv3  27 Level     arch_timer
 13:          0          0          0          0          0          0          0          0     GICv3  38 Level     arch_mem_timer
 15:          0          0          0          0          0          0          0          0     GICv3 962 Edge      qcom-scm
 16:          0          0          0          0          0          0          0          0     GICv3  62 Level     dcvsh-irq-0
 17:          0          0          0          0          1          0          0          0     GICv3  63 Level     dcvsh-irq-4
 18:          0          0          0          0          0          0          0          1     GICv3  51 Level     dcvsh-irq-7
 21:         11          0          0          0          0          0          0          0     GICv3  94 Level     qcom_rimps
 22:          0          0          0          0          0          0          0          0     GICv3  23 Level     arm-pmu
 24:          0          0          0          0          0          0          0          0     GICv3 610 Edge      q6v5 wdog
 25:          0          0          0          0          0          0          0          0     GICv3 296 Edge      q6v5 wdog
 26:          0          0          0          0          0          0          0          0     GICv3 384 Edge      generic-irq
 28:        351          0          0          0          0          0          0          0     GICv3 261 Level     ipcc_0
 30:       4076          0          0          0          0          0          0          0     GICv3 297 Level     ufshcd
 35:       5792          0          0          0          0          0          0          0     GICv3  37 Level     apps_rsc
 36:          0          0          0          0          0          0          0          0     GICv3 161 Level     disp_rsc
 37:         63          0          0          0          0          0          0          0     GICv3 613 Level     190b6400.qcom,bwmon-llcc
 38:          9          0          0          0          0          0          0          0     GICv3 113 Level     19091000.qcom,bwmon-ddr
 39:          3          0          0          0          0          0          0          0     GICv3 686 Edge      ipa
 40:        180          0          0          0          0          0          0          0     GICv3 464 Level     gsi
 85:          2          0          0          0          0          0          0          0     GICv3 619 Level     msm_serial_geni0
112:          0          0          0          0          0          0          0          0     GICv3  97 Level     arm-smmu global fault
113:          0          0          0          0          0          0          0          0     GICv3 129 Level     arm-smmu-context-fault
114:          0          0          0          0          0          0          0          0     GICv3 130 Level     arm-smmu-context-fault
115:          0          0          0          0          0          0          0          0     GICv3 131 Level     arm-smmu-context-fault
116:          0          0          0          0          0          0          0          0     GICv3 132 Level     arm-smmu-context-fault
117:          0          0          0          0          0          0          0          0     GICv3 133 Level     arm-smmu-context-fault
118:          0          0          0          0          0          0          0          0     GICv3 134 Level     arm-smmu-context-fault
119:          0          0          0          0          0          0          0          0     GICv3 135 Level     arm-smmu-context-fault
120:          0          0          0          0          0          0          0          0     GICv3 136 Level     arm-smmu-context-fault
121:          0          0          0          0          0          0          0          0     GICv3 137 Level     arm-smmu-context-fault
122:          0          0          0          0          0          0          0          0     GICv3 138 Level     arm-smmu-context-fault
123:          0          0          0          0          0          0          0          0     GICv3 139 Level     arm-smmu-context-fault
212:          0          0          0          0          0          0          0          0     GICv3 172 Edge      int_global_int
259:          0          0          0          0          0          0          0          0     GICv3 115 Level     msm_drm
291:          0          0          0          0          0          0          0          0     GICv3  32 Edge      apps_wdog_bark
292:          0          0          0          0          0          0          0          0     GICv3 960 Edge      gh_msgq_tx_0
293:          0          0          0          0          0          0          0          0     GICv3 961 Edge      gh_msgq_rx_0
296:          0          0          0          0          0          0          0          0       PDC  11 Level     eud_irq
297:          0          0          0          0          0          0          0          0     GICv3 162 Level     pwr_event_irq
298:          0          0          0          0          0          0          0          0       PDC  14 Edge      dp_hs_phy_irq
299:          0          0          0          0          0          0          0          0       PDC  15 Edge      dm_hs_phy_irq
300:          0          0          0          0          0          0          0          0       PDC  17 Level     ss_phy_irq
301:       5352          0          0          0          0          0          0          0     GICv3 165 Level     dwc3-msm, dwc3
302:          0          0          0          0          0          0          0          0       sde  12 Edge      dp_display_isr
303:          0          0          0          0          0          0          0          0       sde   4 Edge      dsi_ctrl
304:          0          0          0          0          0          0          0          0   msmgpio  96 Edge      msm_pcie_wake
305:          0          0          0          0          0          0          0          0   msmgpio  79 Edge      hs_uart_wakeup
306:          4          0          0          0          0          0          0          0      ipcc   0 Edge      aoss-qmp
307:          0          0          0          0          0          0          0          0      ipcc 196610 Edge      smp2p
308:          0          0          0          0          0          0          0          0      ipcc 262146 Edge      smp2p
309:          0          0          0          0          0          0          0          0      ipcc 393218 Edge      smp2p
310:          6          0          0          0          0          0          0          0      ipcc 131074 Edge      smp2p
311:          2          0          0          0          0          0          0          0      ipcc 1507328 Edge      qcom,qmp-tme
312:          0          0          0          0          0          0          0          0       PDC   6 Edge      q6v5 wdog
313:          0          0          0          0          0          0          0          0     smp2p   0 Edge      q6v5 fatal
314:          0          0          0          0          0          0          0          0     smp2p   1 Edge      q6v5 ready
315:          0          0          0          0          0          0          0          0     smp2p   2 Edge      q6v5 handover
316:          0          0          0          0          0          0          0          0     smp2p   3 Edge      q6v5 stop
317:          0          0          0          0          0          0          0          0     smp2p   0 Edge      q6v5 fatal
318:          0          0          0          0          0          0          0          0     smp2p   1 Edge      q6v5 ready
319:          0          0          0          0          0          0          0          0     smp2p   2 Edge      q6v5 handover
320:          0          0          0          0          0          0          0          0     smp2p   3 Edge      q6v5 stop
321:          0          0          0          0          0          0          0          0       PDC   9 Edge      q6v5 wdog
322:          0          0          0          0          0          0          0          0     smp2p   0 Edge      q6v5 fatal
323:          0          0          0          0          0          0          0          0     smp2p   1 Edge      q6v5 ready
324:          0          0          0          0          0          0          0          0     smp2p   2 Edge      q6v5 handover
325:          0          0          0          0          0          0          0          0     smp2p   3 Edge      q6v5 stop
326:          0          0          0          0          0          0          0          0     smp2p   0 Edge      q6v5 fatal
327:          0          0          0          0          0          0          0          2     smp2p   1 Edge      q6v5 ready
328:          0          0          0          0          0          0          0          2     smp2p   2 Edge      q6v5 handover
329:          0          0          0          0          0          0          0          0     smp2p   3 Edge      q6v5 stop
330:          0          0          0          0          0          0          0          1     smp2p   7 Edge      q6v5 shutdown-ack
331:          0          0          0          0          0          0          0          0     smp2p   0 Edge      smp2p_sleepstate
334:          0          0          0          0          0          0          0          0  pmic_arb 102826394 Edge      pm8xxx_rtc_alarm
356:          0          0          0          0          0          0          0          0     smp2p   0 Edge      ipa_smp2p_clk_vote
358:        371          0          0          0          0          0          0          0      ipcc 131072 Edge      glink-native-modem
359:          0          0          0          0          0          0          0          0  ITS-pMSI   0 Edge      gsi_msi
360:          0          0          0          0          0          0          0          0  ITS-pMSI   1 Edge      gsi_msi
IPI0:       118        194        192        109       2494       2402       2453      25199       Rescheduling interrupts
IPI1:     10475        580        215        302        458        485        613       2744       Function call interrupts
IPI2:         0          0          0          0          0          0          0          0       CPU stop interrupts
IPI3:         0          0          0          0          0          0          0          0       CPU stop (for crash dump) interrupts
IPI4:         0          0          0          0          0          0          0          0       Timer broadcast interrupts
IPI5:       786         21          6          1        361        312        279      44196       IRQ work interrupts
IPI6:         0          0          0          0          0          0          0          0       CPU wake-up interrupts
Err:          0
IRQ_UPTIME=1602.86 12374.51
           CPU0       CPU1       CPU2       CPU3       CPU4       CPU5       CPU6       CPU7       
 11:       2376        210        191         79        857        845        546      59197     GICv3  27 Level     arch_timer
 13:          0          0          0          0          0          0          0          0     GICv3  38 Level     arch_mem_timer
 15:          0          0          0          0          0          0          0          0     GICv3 962 Edge      qcom-scm
 16:          0          0          0          0          0          0          0          0     GICv3  62 Level     dcvsh-irq-0
 17:          0          0          0          0          1          0          0          0     GICv3  63 Level     dcvsh-irq-4
 18:          0          0          0          0          0          0          0          1     GICv3  51 Level     dcvsh-irq-7
 21:         11          0          0          0          0          0          0          0     GICv3  94 Level     qcom_rimps
 22:          0          0          0          0          0          0          0          0     GICv3  23 Level     arm-pmu
 24:          0          0          0          0          0          0          0          0     GICv3 610 Edge      q6v5 wdog
 25:          0          0          0          0          0          0          0          0     GICv3 296 Edge      q6v5 wdog
 26:          0          0          0          0          0          0          0          0     GICv3 384 Edge      generic-irq
 28:        351          0          0          0          0          0          0          0     GICv3 261 Level     ipcc_0
 30:       4079          0          0          0          0          0          0          0     GICv3 297 Level     ufshcd
 35:       5800          0          0          0          0          0          0          0     GICv3  37 Level     apps_rsc
 36:          0          0          0          0          0          0          0          0     GICv3 161 Level     disp_rsc
 37:         63          0          0          0          0          0          0          0     GICv3 613 Level     190b6400.qcom,bwmon-llcc
 38:          9          0          0          0          0          0          0          0     GICv3 113 Level     19091000.qcom,bwmon-ddr
 39:          3          0          0          0          0          0          0          0     GICv3 686 Edge      ipa
 40:        180          0          0          0          0          0          0          0     GICv3 464 Level     gsi
 85:          2          0          0          0          0          0          0          0     GICv3 619 Level     msm_serial_geni0
112:          0          0          0          0          0          0          0          0     GICv3  97 Level     arm-smmu global fault
113:          0          0          0          0          0          0          0          0     GICv3 129 Level     arm-smmu-context-fault
114:          0          0          0          0          0          0          0          0     GICv3 130 Level     arm-smmu-context-fault
115:          0          0          0          0          0          0          0          0     GICv3 131 Level     arm-smmu-context-fault
116:          0          0          0          0          0          0          0          0     GICv3 132 Level     arm-smmu-context-fault
117:          0          0          0          0          0          0          0          0     GICv3 133 Level     arm-smmu-context-fault
118:          0          0          0          0          0          0          0          0     GICv3 134 Level     arm-smmu-context-fault
119:          0          0          0          0          0          0          0          0     GICv3 135 Level     arm-smmu-context-fault
120:          0          0          0          0          0          0          0          0     GICv3 136 Level     arm-smmu-context-fault
121:          0          0          0          0          0          0          0          0     GICv3 137 Level     arm-smmu-context-fault
122:          0          0          0          0          0          0          0          0     GICv3 138 Level     arm-smmu-context-fault
123:          0          0          0          0          0          0          0          0     GICv3 139 Level     arm-smmu-context-fault
212:          0          0          0          0          0          0          0          0     GICv3 172 Edge      int_global_int
259:          0          0          0          0          0          0          0          0     GICv3 115 Level     msm_drm
291:          0          0          0          0          0          0          0          0     GICv3  32 Edge      apps_wdog_bark
292:          0          0          0          0          0          0          0          0     GICv3 960 Edge      gh_msgq_tx_0
293:          0          0          0          0          0          0          0          0     GICv3 961 Edge      gh_msgq_rx_0
296:          0          0          0          0          0          0          0          0       PDC  11 Level     eud_irq
297:          0          0          0          0          0          0          0          0     GICv3 162 Level     pwr_event_irq
298:          0          0          0          0          0          0          0          0       PDC  14 Edge      dp_hs_phy_irq
299:          0          0          0          0          0          0          0          0       PDC  15 Edge      dm_hs_phy_irq
300:          0          0          0          0          0          0          0          0       PDC  17 Level     ss_phy_irq
301:       5352          0          0          0          0          0          0          0     GICv3 165 Level     dwc3-msm, dwc3
302:          0          0          0          0          0          0          0          0       sde  12 Edge      dp_display_isr
303:          0          0          0          0          0          0          0          0       sde   4 Edge      dsi_ctrl
304:          0          0          0          0          0          0          0          0   msmgpio  96 Edge      msm_pcie_wake
305:          0          0          0          0          0          0          0          0   msmgpio  79 Edge      hs_uart_wakeup
306:          4          0          0          0          0          0          0          0      ipcc   0 Edge      aoss-qmp
307:          0          0          0          0          0          0          0          0      ipcc 196610 Edge      smp2p
308:          0          0          0          0          0          0          0          0      ipcc 262146 Edge      smp2p
309:          0          0          0          0          0          0          0          0      ipcc 393218 Edge      smp2p
310:          6          0          0          0          0          0          0          0      ipcc 131074 Edge      smp2p
311:          2          0          0          0          0          0          0          0      ipcc 1507328 Edge      qcom,qmp-tme
312:          0          0          0          0          0          0          0          0       PDC   6 Edge      q6v5 wdog
313:          0          0          0          0          0          0          0          0     smp2p   0 Edge      q6v5 fatal
314:          0          0          0          0          0          0          0          0     smp2p   1 Edge      q6v5 ready
315:          0          0          0          0          0          0          0          0     smp2p   2 Edge      q6v5 handover
316:          0          0          0          0          0          0          0          0     smp2p   3 Edge      q6v5 stop
317:          0          0          0          0          0          0          0          0     smp2p   0 Edge      q6v5 fatal
318:          0          0          0          0          0          0          0          0     smp2p   1 Edge      q6v5 ready
319:          0          0          0          0          0          0          0          0     smp2p   2 Edge      q6v5 handover
320:          0          0          0          0          0          0          0          0     smp2p   3 Edge      q6v5 stop
321:          0          0          0          0          0          0          0          0       PDC   9 Edge      q6v5 wdog
322:          0          0          0          0          0          0          0          0     smp2p   0 Edge      q6v5 fatal
323:          0          0          0          0          0          0          0          0     smp2p   1 Edge      q6v5 ready
324:          0          0          0          0          0          0          0          0     smp2p   2 Edge      q6v5 handover
325:          0          0          0          0          0          0          0          0     smp2p   3 Edge      q6v5 stop
326:          0          0          0          0          0          0          0          0     smp2p   0 Edge      q6v5 fatal
327:          0          0          0          0          0          0          0          2     smp2p   1 Edge      q6v5 ready
328:          0          0          0          0          0          0          0          2     smp2p   2 Edge      q6v5 handover
329:          0          0          0          0          0          0          0          0     smp2p   3 Edge      q6v5 stop
330:          0          0          0          0          0          0          0          1     smp2p   7 Edge      q6v5 shutdown-ack
331:          0          0          0          0          0          0          0          0     smp2p   0 Edge      smp2p_sleepstate
334:          0          0          0          0          0          0          0          0  pmic_arb 102826394 Edge      pm8xxx_rtc_alarm
356:          0          0          0          0          0          0          0          0     smp2p   0 Edge      ipa_smp2p_clk_vote
358:        371          0          0          0          0          0          0          0      ipcc 131072 Edge      glink-native-modem
359:          0          0          0          0          0          0          0          0  ITS-pMSI   0 Edge      gsi_msi
360:          0          0          0          0          0          0          0          0  ITS-pMSI   1 Edge      gsi_msi
IPI0:       118        194        192        109       2495       2402       2453      25210       Rescheduling interrupts
IPI1:     10482        580        215        302        458        485        613       2745       Function call interrupts
IPI2:         0          0          0          0          0          0          0          0       CPU stop interrupts
IPI3:         0          0          0          0          0          0          0          0       CPU stop (for crash dump) interrupts
IPI4:         0          0          0          0          0          0          0          0       Timer broadcast interrupts
IPI5:       786         21          6          1        361        312        279      44229       IRQ work interrupts
IPI6:         0          0          0          0          0          0          0          0       CPU wake-up interrupts
Err:          0
IRQ_UPTIME=1603.86 12375.51
           CPU0       CPU1       CPU2       CPU3       CPU4       CPU5       CPU6       CPU7       
 11:       2376        210        191         79        857        845        546      59232     GICv3  27 Level     arch_timer
 13:          0          0          0          0          0          0          0          0     GICv3  38 Level     arch_mem_timer
 15:          0          0          0          0          0          0          0          0     GICv3 962 Edge      qcom-scm
 16:          0          0          0          0          0          0          0          0     GICv3  62 Level     dcvsh-irq-0
 17:          0          0          0          0          1          0          0          0     GICv3  63 Level     dcvsh-irq-4
 18:          0          0          0          0          0          0          0          1     GICv3  51 Level     dcvsh-irq-7
 21:         11          0          0          0          0          0          0          0     GICv3  94 Level     qcom_rimps
 22:          0          0          0          0          0          0          0          0     GICv3  23 Level     arm-pmu
 24:          0          0          0          0          0          0          0          0     GICv3 610 Edge      q6v5 wdog
 25:          0          0          0          0          0          0          0          0     GICv3 296 Edge      q6v5 wdog
 26:          0          0          0          0          0          0          0          0     GICv3 384 Edge      generic-irq
 28:        351          0          0          0          0          0          0          0     GICv3 261 Level     ipcc_0
 30:       4079          0          0          0          0          0          0          0     GICv3 297 Level     ufshcd
 35:       5802          0          0          0          0          0          0          0     GICv3  37 Level     apps_rsc
 36:          0          0          0          0          0          0          0          0     GICv3 161 Level     disp_rsc
 37:         63          0          0          0          0          0          0          0     GICv3 613 Level     190b6400.qcom,bwmon-llcc
 38:          9          0          0          0          0          0          0          0     GICv3 113 Level     19091000.qcom,bwmon-ddr
 39:          3          0          0          0          0          0          0          0     GICv3 686 Edge      ipa
 40:        180          0          0          0          0          0          0          0     GICv3 464 Level     gsi
 85:          2          0          0          0          0          0          0          0     GICv3 619 Level     msm_serial_geni0
112:          0          0          0          0          0          0          0          0     GICv3  97 Level     arm-smmu global fault
113:          0          0          0          0          0          0          0          0     GICv3 129 Level     arm-smmu-context-fault
114:          0          0          0          0          0          0          0          0     GICv3 130 Level     arm-smmu-context-fault
115:          0          0          0          0          0          0          0          0     GICv3 131 Level     arm-smmu-context-fault
116:          0          0          0          0          0          0          0          0     GICv3 132 Level     arm-smmu-context-fault
117:          0          0          0          0          0          0          0          0     GICv3 133 Level     arm-smmu-context-fault
118:          0          0          0          0          0          0          0          0     GICv3 134 Level     arm-smmu-context-fault
119:          0          0          0          0          0          0          0          0     GICv3 135 Level     arm-smmu-context-fault
120:          0          0          0          0          0          0          0          0     GICv3 136 Level     arm-smmu-context-fault
121:          0          0          0          0          0          0          0          0     GICv3 137 Level     arm-smmu-context-fault
122:          0          0          0          0          0          0          0          0     GICv3 138 Level     arm-smmu-context-fault
123:          0          0          0          0          0          0          0          0     GICv3 139 Level     arm-smmu-context-fault
212:          0          0          0          0          0          0          0          0     GICv3 172 Edge      int_global_int
259:          0          0          0          0          0          0          0          0     GICv3 115 Level     msm_drm
291:          0          0          0          0          0          0          0          0     GICv3  32 Edge      apps_wdog_bark
292:          0          0          0          0          0          0          0          0     GICv3 960 Edge      gh_msgq_tx_0
293:          0          0          0          0          0          0          0          0     GICv3 961 Edge      gh_msgq_rx_0
296:          0          0          0          0          0          0          0          0       PDC  11 Level     eud_irq
297:          0          0          0          0          0          0          0          0     GICv3 162 Level     pwr_event_irq
298:          0          0          0          0          0          0          0          0       PDC  14 Edge      dp_hs_phy_irq
299:          0          0          0          0          0          0          0          0       PDC  15 Edge      dm_hs_phy_irq
300:          0          0          0          0          0          0          0          0       PDC  17 Level     ss_phy_irq
301:       5352          0          0          0          0          0          0          0     GICv3 165 Level     dwc3-msm, dwc3
302:          0          0          0          0          0          0          0          0       sde  12 Edge      dp_display_isr
303:          0          0          0          0          0          0          0          0       sde   4 Edge      dsi_ctrl
304:          0          0          0          0          0          0          0          0   msmgpio  96 Edge      msm_pcie_wake
305:          0          0          0          0          0          0          0          0   msmgpio  79 Edge      hs_uart_wakeup
306:          4          0          0          0          0          0          0          0      ipcc   0 Edge      aoss-qmp
307:          0          0          0          0          0          0          0          0      ipcc 196610 Edge      smp2p
308:          0          0          0          0          0          0          0          0      ipcc 262146 Edge      smp2p
309:          0          0          0          0          0          0          0          0      ipcc 393218 Edge      smp2p
310:          6          0          0          0          0          0          0          0      ipcc 131074 Edge      smp2p
311:          2          0          0          0          0          0          0          0      ipcc 1507328 Edge      qcom,qmp-tme
312:          0          0          0          0          0          0          0          0       PDC   6 Edge      q6v5 wdog
313:          0          0          0          0          0          0          0          0     smp2p   0 Edge      q6v5 fatal
314:          0          0          0          0          0          0          0          0     smp2p   1 Edge      q6v5 ready
315:          0          0          0          0          0          0          0          0     smp2p   2 Edge      q6v5 handover
316:          0          0          0          0          0          0          0          0     smp2p   3 Edge      q6v5 stop
317:          0          0          0          0          0          0          0          0     smp2p   0 Edge      q6v5 fatal
318:          0          0          0          0          0          0          0          0     smp2p   1 Edge      q6v5 ready
319:          0          0          0          0          0          0          0          0     smp2p   2 Edge      q6v5 handover
320:          0          0          0          0          0          0          0          0     smp2p   3 Edge      q6v5 stop
321:          0          0          0          0          0          0          0          0       PDC   9 Edge      q6v5 wdog
322:          0          0          0          0          0          0          0          0     smp2p   0 Edge      q6v5 fatal
323:          0          0          0          0          0          0          0          0     smp2p   1 Edge      q6v5 ready
324:          0          0          0          0          0          0          0          0     smp2p   2 Edge      q6v5 handover
325:          0          0          0          0          0          0          0          0     smp2p   3 Edge      q6v5 stop
326:          0          0          0          0          0          0          0          0     smp2p   0 Edge      q6v5 fatal
327:          0          0          0          0          0          0          0          2     smp2p   1 Edge      q6v5 ready
328:          0          0          0          0          0          0          0          2     smp2p   2 Edge      q6v5 handover
329:          0          0          0          0          0          0          0          0     smp2p   3 Edge      q6v5 stop
330:          0          0          0          0          0          0          0          1     smp2p   7 Edge      q6v5 shutdown-ack
331:          0          0          0          0          0          0          0          0     smp2p   0 Edge      smp2p_sleepstate
334:          0          0          0          0          0          0          0          0  pmic_arb 102826394 Edge      pm8xxx_rtc_alarm
356:          0          0          0          0          0          0          0          0     smp2p   0 Edge      ipa_smp2p_clk_vote
358:        371          0          0          0          0          0          0          0      ipcc 131072 Edge      glink-native-modem
359:          0          0          0          0          0          0          0          0  ITS-pMSI   0 Edge      gsi_msi
360:          0          0          0          0          0          0          0          0  ITS-pMSI   1 Edge      gsi_msi
IPI0:       118        194        192        109       2495       2402       2453      25212       Rescheduling interrupts
IPI1:     10488        580        215        302        458        485        613       2745       Function call interrupts
IPI2:         0          0          0          0          0          0          0          0       CPU stop interrupts
IPI3:         0          0          0          0          0          0          0          0       CPU stop (for crash dump) interrupts
IPI4:         0          0          0          0          0          0          0          0       Timer broadcast interrupts
IPI5:       786         21          6          1        361        312        279      44256       IRQ work interrupts
IPI6:         0          0          0          0          0          0          0          0       CPU wake-up interrupts
Err:          0
IRQ_UPTIME=1604.87 12386.42
           CPU0       CPU1       CPU2       CPU3       CPU4       CPU5       CPU6       CPU7       
 11:       2378        210        191         79        857        846        547      59294     GICv3  27 Level     arch_timer
 13:          0          0          0          0          0          0          0          0     GICv3  38 Level     arch_mem_timer
 15:          0          0          0          0          0          0          0          0     GICv3 962 Edge      qcom-scm
 16:          0          0          0          0          0          0          0          0     GICv3  62 Level     dcvsh-irq-0
 17:          0          0          0          0          1          0          0          0     GICv3  63 Level     dcvsh-irq-4
 18:          0          0          0          0          0          0          0          1     GICv3  51 Level     dcvsh-irq-7
 21:         11          0          0          0          0          0          0          0     GICv3  94 Level     qcom_rimps
 22:          0          0          0          0          0          0          0          0     GICv3  23 Level     arm-pmu
 24:          0          0          0          0          0          0          0          0     GICv3 610 Edge      q6v5 wdog
 25:          0          0          0          0          0          0          0          0     GICv3 296 Edge      q6v5 wdog
 26:          0          0          0          0          0          0          0          0     GICv3 384 Edge      generic-irq
 28:        351          0          0          0          0          0          0          0     GICv3 261 Level     ipcc_0
 30:       4086          0          0          0          0          0          0          0     GICv3 297 Level     ufshcd
 35:       5816          0          0          0          0          0          0          0     GICv3  37 Level     apps_rsc
 36:          0          0          0          0          0          0          0          0     GICv3 161 Level     disp_rsc
 37:         63          0          0          0          0          0          0          0     GICv3 613 Level     190b6400.qcom,bwmon-llcc
 38:          9          0          0          0          0          0          0          0     GICv3 113 Level     19091000.qcom,bwmon-ddr
 39:          3          0          0          0          0          0          0          0     GICv3 686 Edge      ipa
 40:        180          0          0          0          0          0          0          0     GICv3 464 Level     gsi
 85:          2          0          0          0          0          0          0          0     GICv3 619 Level     msm_serial_geni0
112:          0          0          0          0          0          0          0          0     GICv3  97 Level     arm-smmu global fault
113:          0          0          0          0          0          0          0          0     GICv3 129 Level     arm-smmu-context-fault
114:          0          0          0          0          0          0          0          0     GICv3 130 Level     arm-smmu-context-fault
115:          0          0          0          0          0          0          0          0     GICv3 131 Level     arm-smmu-context-fault
116:          0          0          0          0          0          0          0          0     GICv3 132 Level     arm-smmu-context-fault
117:          0          0          0          0          0          0          0          0     GICv3 133 Level     arm-smmu-context-fault
118:          0          0          0          0          0          0          0          0     GICv3 134 Level     arm-smmu-context-fault
119:          0          0          0          0          0          0          0          0     GICv3 135 Level     arm-smmu-context-fault
120:          0          0          0          0          0          0          0          0     GICv3 136 Level     arm-smmu-context-fault
121:          0          0          0          0          0          0          0          0     GICv3 137 Level     arm-smmu-context-fault
122:          0          0          0          0          0          0          0          0     GICv3 138 Level     arm-smmu-context-fault
123:          0          0          0          0          0          0          0          0     GICv3 139 Level     arm-smmu-context-fault
212:          0          0          0          0          0          0          0          0     GICv3 172 Edge      int_global_int
259:          0          0          0          0          0          0          0          0     GICv3 115 Level     msm_drm
291:          0          0          0          0          0          0          0          0     GICv3  32 Edge      apps_wdog_bark
292:          0          0          0          0          0          0          0          0     GICv3 960 Edge      gh_msgq_tx_0
293:          0          0          0          0          0          0          0          0     GICv3 961 Edge      gh_msgq_rx_0
296:          0          0          0          0          0          0          0          0       PDC  11 Level     eud_irq
297:          0          0          0          0          0          0          0          0     GICv3 162 Level     pwr_event_irq
298:          0          0          0          0          0          0          0          0       PDC  14 Edge      dp_hs_phy_irq
299:          0          0          0          0          0          0          0          0       PDC  15 Edge      dm_hs_phy_irq
300:          0          0          0          0          0          0          0          0       PDC  17 Level     ss_phy_irq
301:       5352          0          0          0          0          0          0          0     GICv3 165 Level     dwc3-msm, dwc3
302:          0          0          0          0          0          0          0          0       sde  12 Edge      dp_display_isr
303:          0          0          0          0          0          0          0          0       sde   4 Edge      dsi_ctrl
304:          0          0          0          0          0          0          0          0   msmgpio  96 Edge      msm_pcie_wake
305:          0          0          0          0          0          0          0          0   msmgpio  79 Edge      hs_uart_wakeup
306:          4          0          0          0          0          0          0          0      ipcc   0 Edge      aoss-qmp
307:          0          0          0          0          0          0          0          0      ipcc 196610 Edge      smp2p
308:          0          0          0          0          0          0          0          0      ipcc 262146 Edge      smp2p
309:          0          0          0          0          0          0          0          0      ipcc 393218 Edge      smp2p
310:          6          0          0          0          0          0          0          0      ipcc 131074 Edge      smp2p
311:          2          0          0          0          0          0          0          0      ipcc 1507328 Edge      qcom,qmp-tme
312:          0          0          0          0          0          0          0          0       PDC   6 Edge      q6v5 wdog
313:          0          0          0          0          0          0          0          0     smp2p   0 Edge      q6v5 fatal
314:          0          0          0          0          0          0          0          0     smp2p   1 Edge      q6v5 ready
315:          0          0          0          0          0          0          0          0     smp2p   2 Edge      q6v5 handover
316:          0          0          0          0          0          0          0          0     smp2p   3 Edge      q6v5 stop
317:          0          0          0          0          0          0          0          0     smp2p   0 Edge      q6v5 fatal
318:          0          0          0          0          0          0          0          0     smp2p   1 Edge      q6v5 ready
319:          0          0          0          0          0          0          0          0     smp2p   2 Edge      q6v5 handover
320:          0          0          0          0          0          0          0          0     smp2p   3 Edge      q6v5 stop
321:          0          0          0          0          0          0          0          0       PDC   9 Edge      q6v5 wdog
322:          0          0          0          0          0          0          0          0     smp2p   0 Edge      q6v5 fatal
323:          0          0          0          0          0          0          0          0     smp2p   1 Edge      q6v5 ready
324:          0          0          0          0          0          0          0          0     smp2p   2 Edge      q6v5 handover
325:          0          0          0          0          0          0          0          0     smp2p   3 Edge      q6v5 stop
326:          0          0          0          0          0          0          0          0     smp2p   0 Edge      q6v5 fatal
327:          0          0          0          0          0          0          0          2     smp2p   1 Edge      q6v5 ready
328:          0          0          0          0          0          0          0          2     smp2p   2 Edge      q6v5 handover
329:          0          0          0          0          0          0          0          0     smp2p   3 Edge      q6v5 stop
330:          0          0          0          0          0          0          0          1     smp2p   7 Edge      q6v5 shutdown-ack
331:          0          0          0          0          0          0          0          0     smp2p   0 Edge      smp2p_sleepstate
334:          0          0          0          0          0          0          0          0  pmic_arb 102826394 Edge      pm8xxx_rtc_alarm
356:          0          0          0          0          0          0          0          0     smp2p   0 Edge      ipa_smp2p_clk_vote
358:        371          0          0          0          0          0          0          0      ipcc 131072 Edge      glink-native-modem
359:          0          0          0          0          0          0          0          0  ITS-pMSI   0 Edge      gsi_msi
360:          0          0          0          0          0          0          0          0  ITS-pMSI   1 Edge      gsi_msi
IPI0:       118        194        192        109       2498       2408       2455      25240       Rescheduling interrupts
IPI1:     10496        580        215        302        458        485        613       2748       Function call interrupts
IPI2:         0          0          0          0          0          0          0          0       CPU stop interrupts
IPI3:         0          0          0          0          0          0          0          0       CPU stop (for crash dump) interrupts
IPI4:         0          0          0          0          0          0          0          0       Timer broadcast interrupts
IPI5:       786         21          6          1        362        314        280      44298       IRQ work interrupts
IPI6:         0          0          0          0          0          0          0          0       CPU wake-up interrupts
Err:          0
IRQ_UPTIME=1605.87 12389.21
           CPU0       CPU1       CPU2       CPU3       CPU4       CPU5       CPU6       CPU7       
 11:       2378        210        191         79        858        846        547      59331     GICv3  27 Level     arch_timer
 13:          0          0          0          0          0          0          0          0     GICv3  38 Level     arch_mem_timer
 15:          0          0          0          0          0          0          0          0     GICv3 962 Edge      qcom-scm
 16:          0          0          0          0          0          0          0          0     GICv3  62 Level     dcvsh-irq-0
 17:          0          0          0          0          1          0          0          0     GICv3  63 Level     dcvsh-irq-4
 18:          0          0          0          0          0          0          0          1     GICv3  51 Level     dcvsh-irq-7
 21:         11          0          0          0          0          0          0          0     GICv3  94 Level     qcom_rimps
 22:          0          0          0          0          0          0          0          0     GICv3  23 Level     arm-pmu
 24:          0          0          0          0          0          0          0          0     GICv3 610 Edge      q6v5 wdog
 25:          0          0          0          0          0          0          0          0     GICv3 296 Edge      q6v5 wdog
 26:          0          0          0          0          0          0          0          0     GICv3 384 Edge      generic-irq
 28:        351          0          0          0          0          0          0          0     GICv3 261 Level     ipcc_0
 30:       4086          0          0          0          0          0          0          0     GICv3 297 Level     ufshcd
 35:       5816          0          0          0          0          0          0          0     GICv3  37 Level     apps_rsc
 36:          0          0          0          0          0          0          0          0     GICv3 161 Level     disp_rsc
 37:         63          0          0          0          0          0          0          0     GICv3 613 Level     190b6400.qcom,bwmon-llcc
 38:          9          0          0          0          0          0          0          0     GICv3 113 Level     19091000.qcom,bwmon-ddr
 39:          3          0          0          0          0          0          0          0     GICv3 686 Edge      ipa
 40:        180          0          0          0          0          0          0          0     GICv3 464 Level     gsi
 85:          2          0          0          0          0          0          0          0     GICv3 619 Level     msm_serial_geni0
112:          0          0          0          0          0          0          0          0     GICv3  97 Level     arm-smmu global fault
113:          0          0          0          0          0          0          0          0     GICv3 129 Level     arm-smmu-context-fault
114:          0          0          0          0          0          0          0          0     GICv3 130 Level     arm-smmu-context-fault
115:          0          0          0          0          0          0          0          0     GICv3 131 Level     arm-smmu-context-fault
116:          0          0          0          0          0          0          0          0     GICv3 132 Level     arm-smmu-context-fault
117:          0          0          0          0          0          0          0          0     GICv3 133 Level     arm-smmu-context-fault
118:          0          0          0          0          0          0          0          0     GICv3 134 Level     arm-smmu-context-fault
119:          0          0          0          0          0          0          0          0     GICv3 135 Level     arm-smmu-context-fault
120:          0          0          0          0          0          0          0          0     GICv3 136 Level     arm-smmu-context-fault
121:          0          0          0          0          0          0          0          0     GICv3 137 Level     arm-smmu-context-fault
122:          0          0          0          0          0          0          0          0     GICv3 138 Level     arm-smmu-context-fault
123:          0          0          0          0          0          0          0          0     GICv3 139 Level     arm-smmu-context-fault
212:          0          0          0          0          0          0          0          0     GICv3 172 Edge      int_global_int
259:          0          0          0          0          0          0          0          0     GICv3 115 Level     msm_drm
291:          0          0          0          0          0          0          0          0     GICv3  32 Edge      apps_wdog_bark
292:          0          0          0          0          0          0          0          0     GICv3 960 Edge      gh_msgq_tx_0
293:          0          0          0          0          0          0          0          0     GICv3 961 Edge      gh_msgq_rx_0
296:          0          0          0          0          0          0          0          0       PDC  11 Level     eud_irq
297:          0          0          0          0          0          0          0          0     GICv3 162 Level     pwr_event_irq
298:          0          0          0          0          0          0          0          0       PDC  14 Edge      dp_hs_phy_irq
299:          0          0          0          0          0          0          0          0       PDC  15 Edge      dm_hs_phy_irq
300:          0          0          0          0          0          0          0          0       PDC  17 Level     ss_phy_irq
301:       5352          0          0          0          0          0          0          0     GICv3 165 Level     dwc3-msm, dwc3
302:          0          0          0          0          0          0          0          0       sde  12 Edge      dp_display_isr
303:          0          0          0          0          0          0          0          0       sde   4 Edge      dsi_ctrl
304:          0          0          0          0          0          0          0          0   msmgpio  96 Edge      msm_pcie_wake
305:          0          0          0          0          0          0          0          0   msmgpio  79 Edge      hs_uart_wakeup
306:          4          0          0          0          0          0          0          0      ipcc   0 Edge      aoss-qmp
307:          0          0          0          0          0          0          0          0      ipcc 196610 Edge      smp2p
308:          0          0          0          0          0          0          0          0      ipcc 262146 Edge      smp2p
309:          0          0          0          0          0          0          0          0      ipcc 393218 Edge      smp2p
310:          6          0          0          0          0          0          0          0      ipcc 131074 Edge      smp2p
311:          2          0          0          0          0          0          0          0      ipcc 1507328 Edge      qcom,qmp-tme
312:          0          0          0          0          0          0          0          0       PDC   6 Edge      q6v5 wdog
313:          0          0          0          0          0          0          0          0     smp2p   0 Edge      q6v5 fatal
314:          0          0          0          0          0          0          0          0     smp2p   1 Edge      q6v5 ready
315:          0          0          0          0          0          0          0          0     smp2p   2 Edge      q6v5 handover
316:          0          0          0          0          0          0          0          0     smp2p   3 Edge      q6v5 stop
317:          0          0          0          0          0          0          0          0     smp2p   0 Edge      q6v5 fatal
318:          0          0          0          0          0          0          0          0     smp2p   1 Edge      q6v5 ready
319:          0          0          0          0          0          0          0          0     smp2p   2 Edge      q6v5 handover
320:          0          0          0          0          0          0          0          0     smp2p   3 Edge      q6v5 stop
321:          0          0          0          0          0          0          0          0       PDC   9 Edge      q6v5 wdog
322:          0          0          0          0          0          0          0          0     smp2p   0 Edge      q6v5 fatal
323:          0          0          0          0          0          0          0          0     smp2p   1 Edge      q6v5 ready
324:          0          0          0          0          0          0          0          0     smp2p   2 Edge      q6v5 handover
325:          0          0          0          0          0          0          0          0     smp2p   3 Edge      q6v5 stop
326:          0          0          0          0          0          0          0          0     smp2p   0 Edge      q6v5 fatal
327:          0          0          0          0          0          0          0          2     smp2p   1 Edge      q6v5 ready
328:          0          0          0          0          0          0          0          2     smp2p   2 Edge      q6v5 handover
329:          0          0          0          0          0          0          0          0     smp2p   3 Edge      q6v5 stop
330:          0          0          0          0          0          0          0          1     smp2p   7 Edge      q6v5 shutdown-ack
331:          0          0          0          0          0          0          0          0     smp2p   0 Edge      smp2p_sleepstate
334:          0          0          0          0          0          0          0          0  pmic_arb 102826394 Edge      pm8xxx_rtc_alarm
356:          0          0          0          0          0          0          0          0     smp2p   0 Edge      ipa_smp2p_clk_vote
358:        371          0          0          0          0          0          0          0      ipcc 131072 Edge      glink-native-modem
359:          0          0          0          0          0          0          0          0  ITS-pMSI   0 Edge      gsi_msi
360:          0          0          0          0          0          0          0          0  ITS-pMSI   1 Edge      gsi_msi
IPI0:       118        194        192        109       2498       2408       2456      25242       Rescheduling interrupts
IPI1:     10502        580        215        302        458        485        613       2748       Function call interrupts
IPI2:         0          0          0          0          0          0          0          0       CPU stop interrupts
IPI3:         0          0          0          0          0          0          0          0       CPU stop (for crash dump) interrupts
IPI4:         0          0          0          0          0          0          0          0       Timer broadcast interrupts
IPI5:       786         21          6          1        363        314        280      44325       IRQ work interrupts
IPI6:         0          0          0          0          0          0          0          0       CPU wake-up interrupts
Err:          0
IRQ_UPTIME=1606.87 12394.62
           CPU0       CPU1       CPU2       CPU3       CPU4       CPU5       CPU6       CPU7       
 11:       2380        210        191         79        858        847        547      59383     GICv3  27 Level     arch_timer
 13:          0          0          0          0          0          0          0          0     GICv3  38 Level     arch_mem_timer
 15:          0          0          0          0          0          0          0          0     GICv3 962 Edge      qcom-scm
 16:          0          0          0          0          0          0          0          0     GICv3  62 Level     dcvsh-irq-0
 17:          0          0          0          0          1          0          0          0     GICv3  63 Level     dcvsh-irq-4
 18:          0          0          0          0          0          0          0          1     GICv3  51 Level     dcvsh-irq-7
 21:         11          0          0          0          0          0          0          0     GICv3  94 Level     qcom_rimps
 22:          0          0          0          0          0          0          0          0     GICv3  23 Level     arm-pmu
 24:          0          0          0          0          0          0          0          0     GICv3 610 Edge      q6v5 wdog
 25:          0          0          0          0          0          0          0          0     GICv3 296 Edge      q6v5 wdog
 26:          0          0          0          0          0          0          0          0     GICv3 384 Edge      generic-irq
 28:        351          0          0          0          0          0          0          0     GICv3 261 Level     ipcc_0
 30:       4089          0          0          0          0          0          0          0     GICv3 297 Level     ufshcd
 35:       5835          0          0          0          0          0          0          0     GICv3  37 Level     apps_rsc
 36:          0          0          0          0          0          0          0          0     GICv3 161 Level     disp_rsc
 37:         63          0          0          0          0          0          0          0     GICv3 613 Level     190b6400.qcom,bwmon-llcc
 38:          9          0          0          0          0          0          0          0     GICv3 113 Level     19091000.qcom,bwmon-ddr
 39:          3          0          0          0          0          0          0          0     GICv3 686 Edge      ipa
 40:        195          0          0          0          0          0          0          0     GICv3 464 Level     gsi
 85:          2          0          0          0          0          0          0          0     GICv3 619 Level     msm_serial_geni0
112:          0          0          0          0          0          0          0          0     GICv3  97 Level     arm-smmu global fault
113:          0          0          0          0          0          0          0          0     GICv3 129 Level     arm-smmu-context-fault
114:          0          0          0          0          0          0          0          0     GICv3 130 Level     arm-smmu-context-fault
115:          0          0          0          0          0          0          0          0     GICv3 131 Level     arm-smmu-context-fault
116:          0          0          0          0          0          0          0          0     GICv3 132 Level     arm-smmu-context-fault
117:          0          0          0          0          0          0          0          0     GICv3 133 Level     arm-smmu-context-fault
118:          0          0          0          0          0          0          0          0     GICv3 134 Level     arm-smmu-context-fault
119:          0          0          0          0          0          0          0          0     GICv3 135 Level     arm-smmu-context-fault
120:          0          0          0          0          0          0          0          0     GICv3 136 Level     arm-smmu-context-fault
121:          0          0          0          0          0          0          0          0     GICv3 137 Level     arm-smmu-context-fault
122:          0          0          0          0          0          0          0          0     GICv3 138 Level     arm-smmu-context-fault
123:          0          0          0          0          0          0          0          0     GICv3 139 Level     arm-smmu-context-fault
212:          0          0          0          0          0          0          0          0     GICv3 172 Edge      int_global_int
259:          0          0          0          0          0          0          0          0     GICv3 115 Level     msm_drm
291:          0          0          0          0          0          0          0          0     GICv3  32 Edge      apps_wdog_bark
292:          0          0          0          0          0          0          0          0     GICv3 960 Edge      gh_msgq_tx_0
293:          0          0          0          0          0          0          0          0     GICv3 961 Edge      gh_msgq_rx_0
296:          0          0          0          0          0          0          0          0       PDC  11 Level     eud_irq
297:          0          0          0          0          0          0          0          0     GICv3 162 Level     pwr_event_irq
298:          0          0          0          0          0          0          0          0       PDC  14 Edge      dp_hs_phy_irq
299:          0          0          0          0          0          0          0          0       PDC  15 Edge      dm_hs_phy_irq
300:          0          0          0          0          0          0          0          0       PDC  17 Level     ss_phy_irq
301:       5352          0          0          0          0          0          0          0     GICv3 165 Level     dwc3-msm, dwc3
302:          0          0          0          0          0          0          0          0       sde  12 Edge      dp_display_isr
303:          0          0          0          0          0          0          0          0       sde   4 Edge      dsi_ctrl
304:          0          0          0          0          0          0          0          0   msmgpio  96 Edge      msm_pcie_wake
305:          0          0          0          0          0          0          0          0   msmgpio  79 Edge      hs_uart_wakeup
306:          4          0          0          0          0          0          0          0      ipcc   0 Edge      aoss-qmp
307:          0          0          0          0          0          0          0          0      ipcc 196610 Edge      smp2p
308:          0          0          0          0          0          0          0          0      ipcc 262146 Edge      smp2p
309:          0          0          0          0          0          0          0          0      ipcc 393218 Edge      smp2p
310:          6          0          0          0          0          0          0          0      ipcc 131074 Edge      smp2p
311:          2          0          0          0          0          0          0          0      ipcc 1507328 Edge      qcom,qmp-tme
312:          0          0          0          0          0          0          0          0       PDC   6 Edge      q6v5 wdog
313:          0          0          0          0          0          0          0          0     smp2p   0 Edge      q6v5 fatal
314:          0          0          0          0          0          0          0          0     smp2p   1 Edge      q6v5 ready
315:          0          0          0          0          0          0          0          0     smp2p   2 Edge      q6v5 handover
316:          0          0          0          0          0          0          0          0     smp2p   3 Edge      q6v5 stop
317:          0          0          0          0          0          0          0          0     smp2p   0 Edge      q6v5 fatal
318:          0          0          0          0          0          0          0          0     smp2p   1 Edge      q6v5 ready
319:          0          0          0          0          0          0          0          0     smp2p   2 Edge      q6v5 handover
320:          0          0          0          0          0          0          0          0     smp2p   3 Edge      q6v5 stop
321:          0          0          0          0          0          0          0          0       PDC   9 Edge      q6v5 wdog
322:          0          0          0          0          0          0          0          0     smp2p   0 Edge      q6v5 fatal
323:          0          0          0          0          0          0          0          0     smp2p   1 Edge      q6v5 ready
324:          0          0          0          0          0          0          0          0     smp2p   2 Edge      q6v5 handover
325:          0          0          0          0          0          0          0          0     smp2p   3 Edge      q6v5 stop
326:          0          0          0          0          0          0          0          0     smp2p   0 Edge      q6v5 fatal
327:          0          0          0          0          0          0          0          2     smp2p   1 Edge      q6v5 ready
328:          0          0          0          0          0          0          0          2     smp2p   2 Edge      q6v5 handover
329:          0          0          0          0          0          0          0          0     smp2p   3 Edge      q6v5 stop
330:          0          0          0          0          0          0          0          1     smp2p   7 Edge      q6v5 shutdown-ack
331:          0          0          0          0          0          0          0          0     smp2p   0 Edge      smp2p_sleepstate
334:          0          0          0          0          0          0          0          0  pmic_arb 102826394 Edge      pm8xxx_rtc_alarm
356:          0          0          0          0          0          0          0          0     smp2p   0 Edge      ipa_smp2p_clk_vote
358:        371          0          0          0          0          0          0          0      ipcc 131072 Edge      glink-native-modem
359:          0          0          0          0          0          0          0          0  ITS-pMSI   0 Edge      gsi_msi
360:          0          0          0          0          0          0          0          0  ITS-pMSI   1 Edge      gsi_msi
IPI0:       118        194        192        109       2498       2408       2456      25278       Rescheduling interrupts
IPI1:     10510        580        215        302        458        485        613       2749       Function call interrupts
IPI2:         0          0          0          0          0          0          0          0       CPU stop interrupts
IPI3:         0          0          0          0          0          0          0          0       CPU stop (for crash dump) interrupts
IPI4:         0          0          0          0          0          0          0          0       Timer broadcast interrupts
IPI5:       787         21          6          1        363        315        280      44356       IRQ work interrupts
IPI6:         0          0          0          0          0          0          0          0       CPU wake-up interrupts
Err:          0
IRQ_UPTIME=1607.88 12400.59
           CPU0       CPU1       CPU2       CPU3       CPU4       CPU5       CPU6       CPU7       
 11:       2381        210        191         79        859        848        547      59432     GICv3  27 Level     arch_timer
 13:          0          0          0          0          0          0          0          0     GICv3  38 Level     arch_mem_timer
 15:          0          0          0          0          0          0          0          0     GICv3 962 Edge      qcom-scm
 16:          0          0          0          0          0          0          0          0     GICv3  62 Level     dcvsh-irq-0
 17:          0          0          0          0          1          0          0          0     GICv3  63 Level     dcvsh-irq-4
 18:          0          0          0          0          0          0          0          1     GICv3  51 Level     dcvsh-irq-7
 21:         11          0          0          0          0          0          0          0     GICv3  94 Level     qcom_rimps
 22:          0          0          0          0          0          0          0          0     GICv3  23 Level     arm-pmu
 24:          0          0          0          0          0          0          0          0     GICv3 610 Edge      q6v5 wdog
 25:          0          0          0          0          0          0          0          0     GICv3 296 Edge      q6v5 wdog
 26:          0          0          0          0          0          0          0          0     GICv3 384 Edge      generic-irq
 28:        351          0          0          0          0          0          0          0     GICv3 261 Level     ipcc_0
 30:       4093          0          0          0          0          0          0          0     GICv3 297 Level     ufshcd
 35:       5843          0          0          0          0          0          0          0     GICv3  37 Level     apps_rsc
 36:          0          0          0          0          0          0          0          0     GICv3 161 Level     disp_rsc
 37:         63          0          0          0          0          0          0          0     GICv3 613 Level     190b6400.qcom,bwmon-llcc
 38:          9          0          0          0          0          0          0          0     GICv3 113 Level     19091000.qcom,bwmon-ddr
 39:          3          0          0          0          0          0          0          0     GICv3 686 Edge      ipa
 40:        195          0          0          0          0          0          0          0     GICv3 464 Level     gsi
 85:          2          0          0          0          0          0          0          0     GICv3 619 Level     msm_serial_geni0
112:          0          0          0          0          0          0          0          0     GICv3  97 Level     arm-smmu global fault
113:          0          0          0          0          0          0          0          0     GICv3 129 Level     arm-smmu-context-fault
114:          0          0          0          0          0          0          0          0     GICv3 130 Level     arm-smmu-context-fault
115:          0          0          0          0          0          0          0          0     GICv3 131 Level     arm-smmu-context-fault
116:          0          0          0          0          0          0          0          0     GICv3 132 Level     arm-smmu-context-fault
117:          0          0          0          0          0          0          0          0     GICv3 133 Level     arm-smmu-context-fault
118:          0          0          0          0          0          0          0          0     GICv3 134 Level     arm-smmu-context-fault
119:          0          0          0          0          0          0          0          0     GICv3 135 Level     arm-smmu-context-fault
120:          0          0          0          0          0          0          0          0     GICv3 136 Level     arm-smmu-context-fault
121:          0          0          0          0          0          0          0          0     GICv3 137 Level     arm-smmu-context-fault
122:          0          0          0          0          0          0          0          0     GICv3 138 Level     arm-smmu-context-fault
123:          0          0          0          0          0          0          0          0     GICv3 139 Level     arm-smmu-context-fault
212:          0          0          0          0          0          0          0          0     GICv3 172 Edge      int_global_int
259:          0          0          0          0          0          0          0          0     GICv3 115 Level     msm_drm
291:          0          0          0          0          0          0          0          0     GICv3  32 Edge      apps_wdog_bark
292:          0          0          0          0          0          0          0          0     GICv3 960 Edge      gh_msgq_tx_0
293:          0          0          0          0          0          0          0          0     GICv3 961 Edge      gh_msgq_rx_0
296:          0          0          0          0          0          0          0          0       PDC  11 Level     eud_irq
297:          0          0          0          0          0          0          0          0     GICv3 162 Level     pwr_event_irq
298:          0          0          0          0          0          0          0          0       PDC  14 Edge      dp_hs_phy_irq
299:          0          0          0          0          0          0          0          0       PDC  15 Edge      dm_hs_phy_irq
300:          0          0          0          0          0          0          0          0       PDC  17 Level     ss_phy_irq
301:       5352          0          0          0          0          0          0          0     GICv3 165 Level     dwc3-msm, dwc3
302:          0          0          0          0          0          0          0          0       sde  12 Edge      dp_display_isr
303:          0          0          0          0          0          0          0          0       sde   4 Edge      dsi_ctrl
304:          0          0          0          0          0          0          0          0   msmgpio  96 Edge      msm_pcie_wake
305:          0          0          0          0          0          0          0          0   msmgpio  79 Edge      hs_uart_wakeup
306:          4          0          0          0          0          0          0          0      ipcc   0 Edge      aoss-qmp
307:          0          0          0          0          0          0          0          0      ipcc 196610 Edge      smp2p
308:          0          0          0          0          0          0          0          0      ipcc 262146 Edge      smp2p
309:          0          0          0          0          0          0          0          0      ipcc 393218 Edge      smp2p
310:          6          0          0          0          0          0          0          0      ipcc 131074 Edge      smp2p
311:          2          0          0          0          0          0          0          0      ipcc 1507328 Edge      qcom,qmp-tme
312:          0          0          0          0          0          0          0          0       PDC   6 Edge      q6v5 wdog
313:          0          0          0          0          0          0          0          0     smp2p   0 Edge      q6v5 fatal
314:          0          0          0          0          0          0          0          0     smp2p   1 Edge      q6v5 ready
315:          0          0          0          0          0          0          0          0     smp2p   2 Edge      q6v5 handover
316:          0          0          0          0          0          0          0          0     smp2p   3 Edge      q6v5 stop
317:          0          0          0          0          0          0          0          0     smp2p   0 Edge      q6v5 fatal
318:          0          0          0          0          0          0          0          0     smp2p   1 Edge      q6v5 ready
319:          0          0          0          0          0          0          0          0     smp2p   2 Edge      q6v5 handover
320:          0          0          0          0          0          0          0          0     smp2p   3 Edge      q6v5 stop
321:          0          0          0          0          0          0          0          0       PDC   9 Edge      q6v5 wdog
322:          0          0          0          0          0          0          0          0     smp2p   0 Edge      q6v5 fatal
323:          0          0          0          0          0          0          0          0     smp2p   1 Edge      q6v5 ready
324:          0          0          0          0          0          0          0          0     smp2p   2 Edge      q6v5 handover
325:          0          0          0          0          0          0          0          0     smp2p   3 Edge      q6v5 stop
326:          0          0          0          0          0          0          0          0     smp2p   0 Edge      q6v5 fatal
327:          0          0          0          0          0          0          0          2     smp2p   1 Edge      q6v5 ready
328:          0          0          0          0          0          0          0          2     smp2p   2 Edge      q6v5 handover
329:          0          0          0          0          0          0          0          0     smp2p   3 Edge      q6v5 stop
330:          0          0          0          0          0          0          0          1     smp2p   7 Edge      q6v5 shutdown-ack
331:          0          0          0          0          0          0          0          0     smp2p   0 Edge      smp2p_sleepstate
334:          0          0          0          0          0          0          0          0  pmic_arb 102826394 Edge      pm8xxx_rtc_alarm
356:          0          0          0          0          0          0          0          0     smp2p   0 Edge      ipa_smp2p_clk_vote
358:        371          0          0          0          0          0          0          0      ipcc 131072 Edge      glink-native-modem
359:          0          0          0          0          0          0          0          0  ITS-pMSI   0 Edge      gsi_msi
360:          0          0          0          0          0          0          0          0  ITS-pMSI   1 Edge      gsi_msi
IPI0:       118        194        192        109       2503       2410       2459      25298       Rescheduling interrupts
IPI1:     10518        580        215        302        458        485        613       2751       Function call interrupts
IPI2:         0          0          0          0          0          0          0          0       CPU stop interrupts
IPI3:         0          0          0          0          0          0          0          0       CPU stop (for crash dump) interrupts
IPI4:         0          0          0          0          0          0          0          0       Timer broadcast interrupts
IPI5:       787         21          6          1        365        316        280      44394       IRQ work interrupts
IPI6:         0          0          0          0          0          0          0          0       CPU wake-up interrupts
Err:          0
IRQ_UPTIME=1608.88 12404.76
           CPU0       CPU1       CPU2       CPU3       CPU4       CPU5       CPU6       CPU7       
 11:       2382        210        191         79        859        848        547      59478     GICv3  27 Level     arch_timer
 13:          0          0          0          0          0          0          0          0     GICv3  38 Level     arch_mem_timer
 15:          0          0          0          0          0          0          0          0     GICv3 962 Edge      qcom-scm
 16:          0          0          0          0          0          0          0          0     GICv3  62 Level     dcvsh-irq-0
 17:          0          0          0          0          1          0          0          0     GICv3  63 Level     dcvsh-irq-4
 18:          0          0          0          0          0          0          0          1     GICv3  51 Level     dcvsh-irq-7
 21:         11          0          0          0          0          0          0          0     GICv3  94 Level     qcom_rimps
 22:          0          0          0          0          0          0          0          0     GICv3  23 Level     arm-pmu
 24:          0          0          0          0          0          0          0          0     GICv3 610 Edge      q6v5 wdog
 25:          0          0          0          0          0          0          0          0     GICv3 296 Edge      q6v5 wdog
 26:          0          0          0          0          0          0          0          0     GICv3 384 Edge      generic-irq
 28:        351          0          0          0          0          0          0          0     GICv3 261 Level     ipcc_0
 30:       4096          0          0          0          0          0          0          0     GICv3 297 Level     ufshcd
 35:       5851          0          0          0          0          0          0          0     GICv3  37 Level     apps_rsc
 36:          0          0          0          0          0          0          0          0     GICv3 161 Level     disp_rsc
 37:         63          0          0          0          0          0          0          0     GICv3 613 Level     190b6400.qcom,bwmon-llcc
 38:          9          0          0          0          0          0          0          0     GICv3 113 Level     19091000.qcom,bwmon-ddr
 39:          3          0          0          0          0          0          0          0     GICv3 686 Edge      ipa
 40:        195          0          0          0          0          0          0          0     GICv3 464 Level     gsi
 85:          2          0          0          0          0          0          0          0     GICv3 619 Level     msm_serial_geni0
112:          0          0          0          0          0          0          0          0     GICv3  97 Level     arm-smmu global fault
113:          0          0          0          0          0          0          0          0     GICv3 129 Level     arm-smmu-context-fault
114:          0          0          0          0          0          0          0          0     GICv3 130 Level     arm-smmu-context-fault
115:          0          0          0          0          0          0          0          0     GICv3 131 Level     arm-smmu-context-fault
116:          0          0          0          0          0          0          0          0     GICv3 132 Level     arm-smmu-context-fault
117:          0          0          0          0          0          0          0          0     GICv3 133 Level     arm-smmu-context-fault
118:          0          0          0          0          0          0          0          0     GICv3 134 Level     arm-smmu-context-fault
119:          0          0          0          0          0          0          0          0     GICv3 135 Level     arm-smmu-context-fault
120:          0          0          0          0          0          0          0          0     GICv3 136 Level     arm-smmu-context-fault
121:          0          0          0          0          0          0          0          0     GICv3 137 Level     arm-smmu-context-fault
122:          0          0          0          0          0          0          0          0     GICv3 138 Level     arm-smmu-context-fault
123:          0          0          0          0          0          0          0          0     GICv3 139 Level     arm-smmu-context-fault
212:          0          0          0          0          0          0          0          0     GICv3 172 Edge      int_global_int
259:          0          0          0          0          0          0          0          0     GICv3 115 Level     msm_drm
291:          0          0          0          0          0          0          0          0     GICv3  32 Edge      apps_wdog_bark
292:          0          0          0          0          0          0          0          0     GICv3 960 Edge      gh_msgq_tx_0
293:          0          0          0          0          0          0          0          0     GICv3 961 Edge      gh_msgq_rx_0
296:          0          0          0          0          0          0          0          0       PDC  11 Level     eud_irq
297:          0          0          0          0          0          0          0          0     GICv3 162 Level     pwr_event_irq
298:          0          0          0          0          0          0          0          0       PDC  14 Edge      dp_hs_phy_irq
299:          0          0          0          0          0          0          0          0       PDC  15 Edge      dm_hs_phy_irq
300:          0          0          0          0          0          0          0          0       PDC  17 Level     ss_phy_irq
301:       5352          0          0          0          0          0          0          0     GICv3 165 Level     dwc3-msm, dwc3
302:          0          0          0          0          0          0          0          0       sde  12 Edge      dp_display_isr
303:          0          0          0          0          0          0          0          0       sde   4 Edge      dsi_ctrl
304:          0          0          0          0          0          0          0          0   msmgpio  96 Edge      msm_pcie_wake
305:          0          0          0          0          0          0          0          0   msmgpio  79 Edge      hs_uart_wakeup
306:          4          0          0          0          0          0          0          0      ipcc   0 Edge      aoss-qmp
307:          0          0          0          0          0          0          0          0      ipcc 196610 Edge      smp2p
308:          0          0          0          0          0          0          0          0      ipcc 262146 Edge      smp2p
309:          0          0          0          0          0          0          0          0      ipcc 393218 Edge      smp2p
310:          6          0          0          0          0          0          0          0      ipcc 131074 Edge      smp2p
311:          2          0          0          0          0          0          0          0      ipcc 1507328 Edge      qcom,qmp-tme
312:          0          0          0          0          0          0          0          0       PDC   6 Edge      q6v5 wdog
313:          0          0          0          0          0          0          0          0     smp2p   0 Edge      q6v5 fatal
314:          0          0          0          0          0          0          0          0     smp2p   1 Edge      q6v5 ready
315:          0          0          0          0          0          0          0          0     smp2p   2 Edge      q6v5 handover
316:          0          0          0          0          0          0          0          0     smp2p   3 Edge      q6v5 stop
317:          0          0          0          0          0          0          0          0     smp2p   0 Edge      q6v5 fatal
318:          0          0          0          0          0          0          0          0     smp2p   1 Edge      q6v5 ready
319:          0          0          0          0          0          0          0          0     smp2p   2 Edge      q6v5 handover
320:          0          0          0          0          0          0          0          0     smp2p   3 Edge      q6v5 stop
321:          0          0          0          0          0          0          0          0       PDC   9 Edge      q6v5 wdog
322:          0          0          0          0          0          0          0          0     smp2p   0 Edge      q6v5 fatal
323:          0          0          0          0          0          0          0          0     smp2p   1 Edge      q6v5 ready
324:          0          0          0          0          0          0          0          0     smp2p   2 Edge      q6v5 handover
325:          0          0          0          0          0          0          0          0     smp2p   3 Edge      q6v5 stop
326:          0          0          0          0          0          0          0          0     smp2p   0 Edge      q6v5 fatal
327:          0          0          0          0          0          0          0          2     smp2p   1 Edge      q6v5 ready
328:          0          0          0          0          0          0          0          2     smp2p   2 Edge      q6v5 handover
329:          0          0          0          0          0          0          0          0     smp2p   3 Edge      q6v5 stop
330:          0          0          0          0          0          0          0          1     smp2p   7 Edge      q6v5 shutdown-ack
331:          0          0          0          0          0          0          0          0     smp2p   0 Edge      smp2p_sleepstate
334:          0          0          0          0          0          0          0          0  pmic_arb 102826394 Edge      pm8xxx_rtc_alarm
356:          0          0          0          0          0          0          0          0     smp2p   0 Edge      ipa_smp2p_clk_vote
358:        371          0          0          0          0          0          0          0      ipcc 131072 Edge      glink-native-modem
359:          0          0          0          0          0          0          0          0  ITS-pMSI   0 Edge      gsi_msi
360:          0          0          0          0          0          0          0          0  ITS-pMSI   1 Edge      gsi_msi
IPI0:       118        194        192        109       2503       2411       2459      25309       Rescheduling interrupts
IPI1:     10523        580        215        302        458        485        613       2752       Function call interrupts
IPI2:         0          0          0          0          0          0          0          0       CPU stop interrupts
IPI3:         0          0          0          0          0          0          0          0       CPU stop (for crash dump) interrupts
IPI4:         0          0          0          0          0          0          0          0       Timer broadcast interrupts
IPI5:       787         21          6          1        365        316        280      44424       IRQ work interrupts
IPI6:         0          0          0          0          0          0          0          0       CPU wake-up interrupts
Err:          0
IRQ_UPTIME=1609.88 12405.76
           CPU0       CPU1       CPU2       CPU3       CPU4       CPU5       CPU6       CPU7       
 11:       2382        210        191         79        859        848        547      59516     GICv3  27 Level     arch_timer
 13:          0          0          0          0          0          0          0          0     GICv3  38 Level     arch_mem_timer
 15:          0          0          0          0          0          0          0          0     GICv3 962 Edge      qcom-scm
 16:          0          0          0          0          0          0          0          0     GICv3  62 Level     dcvsh-irq-0
 17:          0          0          0          0          1          0          0          0     GICv3  63 Level     dcvsh-irq-4
 18:          0          0          0          0          0          0          0          1     GICv3  51 Level     dcvsh-irq-7
 21:         11          0          0          0          0          0          0          0     GICv3  94 Level     qcom_rimps
 22:          0          0          0          0          0          0          0          0     GICv3  23 Level     arm-pmu
 24:          0          0          0          0          0          0          0          0     GICv3 610 Edge      q6v5 wdog
 25:          0          0          0          0          0          0          0          0     GICv3 296 Edge      q6v5 wdog
 26:          0          0          0          0          0          0          0          0     GICv3 384 Edge      generic-irq
 28:        351          0          0          0          0          0          0          0     GICv3 261 Level     ipcc_0
 30:       4096          0          0          0          0          0          0          0     GICv3 297 Level     ufshcd
 35:       5853          0          0          0          0          0          0          0     GICv3  37 Level     apps_rsc
 36:          0          0          0          0          0          0          0          0     GICv3 161 Level     disp_rsc
 37:         63          0          0          0          0          0          0          0     GICv3 613 Level     190b6400.qcom,bwmon-llcc
 38:          9          0          0          0          0          0          0          0     GICv3 113 Level     19091000.qcom,bwmon-ddr
 39:          3          0          0          0          0          0          0          0     GICv3 686 Edge      ipa
 40:        195          0          0          0          0          0          0          0     GICv3 464 Level     gsi
 85:          2          0          0          0          0          0          0          0     GICv3 619 Level     msm_serial_geni0
112:          0          0          0          0          0          0          0          0     GICv3  97 Level     arm-smmu global fault
113:          0          0          0          0          0          0          0          0     GICv3 129 Level     arm-smmu-context-fault
114:          0          0          0          0          0          0          0          0     GICv3 130 Level     arm-smmu-context-fault
115:          0          0          0          0          0          0          0          0     GICv3 131 Level     arm-smmu-context-fault
116:          0          0          0          0          0          0          0          0     GICv3 132 Level     arm-smmu-context-fault
117:          0          0          0          0          0          0          0          0     GICv3 133 Level     arm-smmu-context-fault
118:          0          0          0          0          0          0          0          0     GICv3 134 Level     arm-smmu-context-fault
119:          0          0          0          0          0          0          0          0     GICv3 135 Level     arm-smmu-context-fault
120:          0          0          0          0          0          0          0          0     GICv3 136 Level     arm-smmu-context-fault
121:          0          0          0          0          0          0          0          0     GICv3 137 Level     arm-smmu-context-fault
122:          0          0          0          0          0          0          0          0     GICv3 138 Level     arm-smmu-context-fault
123:          0          0          0          0          0          0          0          0     GICv3 139 Level     arm-smmu-context-fault
212:          0          0          0          0          0          0          0          0     GICv3 172 Edge      int_global_int
259:          0          0          0          0          0          0          0          0     GICv3 115 Level     msm_drm
291:          0          0          0          0          0          0          0          0     GICv3  32 Edge      apps_wdog_bark
292:          0          0          0          0          0          0          0          0     GICv3 960 Edge      gh_msgq_tx_0
293:          0          0          0          0          0          0          0          0     GICv3 961 Edge      gh_msgq_rx_0
296:          0          0          0          0          0          0          0          0       PDC  11 Level     eud_irq
297:          0          0          0          0          0          0          0          0     GICv3 162 Level     pwr_event_irq
298:          0          0          0          0          0          0          0          0       PDC  14 Edge      dp_hs_phy_irq
299:          0          0          0          0          0          0          0          0       PDC  15 Edge      dm_hs_phy_irq
300:          0          0          0          0          0          0          0          0       PDC  17 Level     ss_phy_irq
301:       5352          0          0          0          0          0          0          0     GICv3 165 Level     dwc3-msm, dwc3
302:          0          0          0          0          0          0          0          0       sde  12 Edge      dp_display_isr
303:          0          0          0          0          0          0          0          0       sde   4 Edge      dsi_ctrl
304:          0          0          0          0          0          0          0          0   msmgpio  96 Edge      msm_pcie_wake
305:          0          0          0          0          0          0          0          0   msmgpio  79 Edge      hs_uart_wakeup
306:          4          0          0          0          0          0          0          0      ipcc   0 Edge      aoss-qmp
307:          0          0          0          0          0          0          0          0      ipcc 196610 Edge      smp2p
308:          0          0          0          0          0          0          0          0      ipcc 262146 Edge      smp2p
309:          0          0          0          0          0          0          0          0      ipcc 393218 Edge      smp2p
310:          6          0          0          0          0          0          0          0      ipcc 131074 Edge      smp2p
311:          2          0          0          0          0          0          0          0      ipcc 1507328 Edge      qcom,qmp-tme
312:          0          0          0          0          0          0          0          0       PDC   6 Edge      q6v5 wdog
313:          0          0          0          0          0          0          0          0     smp2p   0 Edge      q6v5 fatal
314:          0          0          0          0          0          0          0          0     smp2p   1 Edge      q6v5 ready
315:          0          0          0          0          0          0          0          0     smp2p   2 Edge      q6v5 handover
316:          0          0          0          0          0          0          0          0     smp2p   3 Edge      q6v5 stop
317:          0          0          0          0          0          0          0          0     smp2p   0 Edge      q6v5 fatal
318:          0          0          0          0          0          0          0          0     smp2p   1 Edge      q6v5 ready
319:          0          0          0          0          0          0          0          0     smp2p   2 Edge      q6v5 handover
320:          0          0          0          0          0          0          0          0     smp2p   3 Edge      q6v5 stop
321:          0          0          0          0          0          0          0          0       PDC   9 Edge      q6v5 wdog
322:          0          0          0          0          0          0          0          0     smp2p   0 Edge      q6v5 fatal
323:          0          0          0          0          0          0          0          0     smp2p   1 Edge      q6v5 ready
324:          0          0          0          0          0          0          0          0     smp2p   2 Edge      q6v5 handover
325:          0          0          0          0          0          0          0          0     smp2p   3 Edge      q6v5 stop
326:          0          0          0          0          0          0          0          0     smp2p   0 Edge      q6v5 fatal
327:          0          0          0          0          0          0          0          2     smp2p   1 Edge      q6v5 ready
328:          0          0          0          0          0          0          0          2     smp2p   2 Edge      q6v5 handover
329:          0          0          0          0          0          0          0          0     smp2p   3 Edge      q6v5 stop
330:          0          0          0          0          0          0          0          1     smp2p   7 Edge      q6v5 shutdown-ack
331:          0          0          0          0          0          0          0          0     smp2p   0 Edge      smp2p_sleepstate
334:          0          0          0          0          0          0          0          0  pmic_arb 102826394 Edge      pm8xxx_rtc_alarm
356:          0          0          0          0          0          0          0          0     smp2p   0 Edge      ipa_smp2p_clk_vote
358:        371          0          0          0          0          0          0          0      ipcc 131072 Edge      glink-native-modem
359:          0          0          0          0          0          0          0          0  ITS-pMSI   0 Edge      gsi_msi
360:          0          0          0          0          0          0          0          0  ITS-pMSI   1 Edge      gsi_msi
IPI0:       118        194        192        109       2503       2411       2459      25311       Rescheduling interrupts
IPI1:     10530        580        215        302        458        485        613       2752       Function call interrupts
IPI2:         0          0          0          0          0          0          0          0       CPU stop interrupts
IPI3:         0          0          0          0          0          0          0          0       CPU stop (for crash dump) interrupts
IPI4:         0          0          0          0          0          0          0          0       Timer broadcast interrupts
IPI5:       787         21          6          1        365        316        280      44453       IRQ work interrupts
IPI6:         0          0          0          0          0          0          0          0       CPU wake-up interrupts
Err:          0
IRQ_UPTIME=1610.89 12416.56
           CPU0       CPU1       CPU2       CPU3       CPU4       CPU5       CPU6       CPU7       
 11:       2384        210        191         79        859        848        548      59577     GICv3  27 Level     arch_timer
 13:          0          0          0          0          0          0          0          0     GICv3  38 Level     arch_mem_timer
 15:          0          0          0          0          0          0          0          0     GICv3 962 Edge      qcom-scm
 16:          0          0          0          0          0          0          0          0     GICv3  62 Level     dcvsh-irq-0
 17:          0          0          0          0          1          0          0          0     GICv3  63 Level     dcvsh-irq-4
 18:          0          0          0          0          0          0          0          1     GICv3  51 Level     dcvsh-irq-7
 21:         11          0          0          0          0          0          0          0     GICv3  94 Level     qcom_rimps
 22:          0          0          0          0          0          0          0          0     GICv3  23 Level     arm-pmu
 24:          0          0          0          0          0          0          0          0     GICv3 610 Edge      q6v5 wdog
 25:          0          0          0          0          0          0          0          0     GICv3 296 Edge      q6v5 wdog
 26:          0          0          0          0          0          0          0          0     GICv3 384 Edge      generic-irq
 28:        351          0          0          0          0          0          0          0     GICv3 261 Level     ipcc_0
 30:       4103          0          0          0          0          0          0          0     GICv3 297 Level     ufshcd
 35:       5866          0          0          0          0          0          0          0     GICv3  37 Level     apps_rsc
 36:          0          0          0          0          0          0          0          0     GICv3 161 Level     disp_rsc
 37:         63          0          0          0          0          0          0          0     GICv3 613 Level     190b6400.qcom,bwmon-llcc
 38:          9          0          0          0          0          0          0          0     GICv3 113 Level     19091000.qcom,bwmon-ddr
 39:          3          0          0          0          0          0          0          0     GICv3 686 Edge      ipa
 40:        195          0          0          0          0          0          0          0     GICv3 464 Level     gsi
 85:          2          0          0          0          0          0          0          0     GICv3 619 Level     msm_serial_geni0
112:          0          0          0          0          0          0          0          0     GICv3  97 Level     arm-smmu global fault
113:          0          0          0          0          0          0          0          0     GICv3 129 Level     arm-smmu-context-fault
114:          0          0          0          0          0          0          0          0     GICv3 130 Level     arm-smmu-context-fault
115:          0          0          0          0          0          0          0          0     GICv3 131 Level     arm-smmu-context-fault
116:          0          0          0          0          0          0          0          0     GICv3 132 Level     arm-smmu-context-fault
117:          0          0          0          0          0          0          0          0     GICv3 133 Level     arm-smmu-context-fault
118:          0          0          0          0          0          0          0          0     GICv3 134 Level     arm-smmu-context-fault
119:          0          0          0          0          0          0          0          0     GICv3 135 Level     arm-smmu-context-fault
120:          0          0          0          0          0          0          0          0     GICv3 136 Level     arm-smmu-context-fault
121:          0          0          0          0          0          0          0          0     GICv3 137 Level     arm-smmu-context-fault
122:          0          0          0          0          0          0          0          0     GICv3 138 Level     arm-smmu-context-fault
123:          0          0          0          0          0          0          0          0     GICv3 139 Level     arm-smmu-context-fault
212:          0          0          0          0          0          0          0          0     GICv3 172 Edge      int_global_int
259:          0          0          0          0          0          0          0          0     GICv3 115 Level     msm_drm
291:          0          0          0          0          0          0          0          0     GICv3  32 Edge      apps_wdog_bark
292:          0          0          0          0          0          0          0          0     GICv3 960 Edge      gh_msgq_tx_0
293:          0          0          0          0          0          0          0          0     GICv3 961 Edge      gh_msgq_rx_0
296:          0          0          0          0          0          0          0          0       PDC  11 Level     eud_irq
297:          0          0          0          0          0          0          0          0     GICv3 162 Level     pwr_event_irq
298:          0          0          0          0          0          0          0          0       PDC  14 Edge      dp_hs_phy_irq
299:          0          0          0          0          0          0          0          0       PDC  15 Edge      dm_hs_phy_irq
300:          0          0          0          0          0          0          0          0       PDC  17 Level     ss_phy_irq
301:       5352          0          0          0          0          0          0          0     GICv3 165 Level     dwc3-msm, dwc3
302:          0          0          0          0          0          0          0          0       sde  12 Edge      dp_display_isr
303:          0          0          0          0          0          0          0          0       sde   4 Edge      dsi_ctrl
304:          0          0          0          0          0          0          0          0   msmgpio  96 Edge      msm_pcie_wake
305:          0          0          0          0          0          0          0          0   msmgpio  79 Edge      hs_uart_wakeup
306:          4          0          0          0          0          0          0          0      ipcc   0 Edge      aoss-qmp
307:          0          0          0          0          0          0          0          0      ipcc 196610 Edge      smp2p
308:          0          0          0          0          0          0          0          0      ipcc 262146 Edge      smp2p
309:          0          0          0          0          0          0          0          0      ipcc 393218 Edge      smp2p
310:          6          0          0          0          0          0          0          0      ipcc 131074 Edge      smp2p
311:          2          0          0          0          0          0          0          0      ipcc 1507328 Edge      qcom,qmp-tme
312:          0          0          0          0          0          0          0          0       PDC   6 Edge      q6v5 wdog
313:          0          0          0          0          0          0          0          0     smp2p   0 Edge      q6v5 fatal
314:          0          0          0          0          0          0          0          0     smp2p   1 Edge      q6v5 ready
315:          0          0          0          0          0          0          0          0     smp2p   2 Edge      q6v5 handover
316:          0          0          0          0          0          0          0          0     smp2p   3 Edge      q6v5 stop
317:          0          0          0          0          0          0          0          0     smp2p   0 Edge      q6v5 fatal
318:          0          0          0          0          0          0          0          0     smp2p   1 Edge      q6v5 ready
319:          0          0          0          0          0          0          0          0     smp2p   2 Edge      q6v5 handover
320:          0          0          0          0          0          0          0          0     smp2p   3 Edge      q6v5 stop
321:          0          0          0          0          0          0          0          0       PDC   9 Edge      q6v5 wdog
322:          0          0          0          0          0          0          0          0     smp2p   0 Edge      q6v5 fatal
323:          0          0          0          0          0          0          0          0     smp2p   1 Edge      q6v5 ready
324:          0          0          0          0          0          0          0          0     smp2p   2 Edge      q6v5 handover
325:          0          0          0          0          0          0          0          0     smp2p   3 Edge      q6v5 stop
326:          0          0          0          0          0          0          0          0     smp2p   0 Edge      q6v5 fatal
327:          0          0          0          0          0          0          0          2     smp2p   1 Edge      q6v5 ready
328:          0          0          0          0          0          0          0          2     smp2p   2 Edge      q6v5 handover
329:          0          0          0          0          0          0          0          0     smp2p   3 Edge      q6v5 stop
330:          0          0          0          0          0          0          0          1     smp2p   7 Edge      q6v5 shutdown-ack
331:          0          0          0          0          0          0          0          0     smp2p   0 Edge      smp2p_sleepstate
334:          0          0          0          0          0          0          0          0  pmic_arb 102826394 Edge      pm8xxx_rtc_alarm
356:          0          0          0          0          0          0          0          0     smp2p   0 Edge      ipa_smp2p_clk_vote
358:        371          0          0          0          0          0          0          0      ipcc 131072 Edge      glink-native-modem
359:          0          0          0          0          0          0          0          0  ITS-pMSI   0 Edge      gsi_msi
360:          0          0          0          0          0          0          0          0  ITS-pMSI   1 Edge      gsi_msi
IPI0:       118        194        192        109       2505       2413       2464      25339       Rescheduling interrupts
IPI1:     10539        580        215        302        458        485        613       2755       Function call interrupts
IPI2:         0          0          0          0          0          0          0          0       CPU stop interrupts
IPI3:         0          0          0          0          0          0          0          0       CPU stop (for crash dump) interrupts
IPI4:         0          0          0          0          0          0          0          0       Timer broadcast interrupts
IPI5:       787         21          6          1        365        317        281      44490       IRQ work interrupts
IPI6:         0          0          0          0          0          0          0          0       CPU wake-up interrupts
Err:          0
IRQ_UPTIME=1611.89 12417.56
           CPU0       CPU1       CPU2       CPU3       CPU4       CPU5       CPU6       CPU7       
 11:       2384        210        191         79        859        848        548      59614     GICv3  27 Level     arch_timer
 13:          0          0          0          0          0          0          0          0     GICv3  38 Level     arch_mem_timer
 15:          0          0          0          0          0          0          0          0     GICv3 962 Edge      qcom-scm
 16:          0          0          0          0          0          0          0          0     GICv3  62 Level     dcvsh-irq-0
 17:          0          0          0          0          1          0          0          0     GICv3  63 Level     dcvsh-irq-4
 18:          0          0          0          0          0          0          0          1     GICv3  51 Level     dcvsh-irq-7
 21:         11          0          0          0          0          0          0          0     GICv3  94 Level     qcom_rimps
 22:          0          0          0          0          0          0          0          0     GICv3  23 Level     arm-pmu
 24:          0          0          0          0          0          0          0          0     GICv3 610 Edge      q6v5 wdog
 25:          0          0          0          0          0          0          0          0     GICv3 296 Edge      q6v5 wdog
 26:          0          0          0          0          0          0          0          0     GICv3 384 Edge      generic-irq
 28:        351          0          0          0          0          0          0          0     GICv3 261 Level     ipcc_0
 30:       4103          0          0          0          0          0          0          0     GICv3 297 Level     ufshcd
 35:       5868          0          0          0          0          0          0          0     GICv3  37 Level     apps_rsc
 36:          0          0          0          0          0          0          0          0     GICv3 161 Level     disp_rsc
 37:         63          0          0          0          0          0          0          0     GICv3 613 Level     190b6400.qcom,bwmon-llcc
 38:          9          0          0          0          0          0          0          0     GICv3 113 Level     19091000.qcom,bwmon-ddr
 39:          3          0          0          0          0          0          0          0     GICv3 686 Edge      ipa
 40:        195          0          0          0          0          0          0          0     GICv3 464 Level     gsi
 85:          2          0          0          0          0          0          0          0     GICv3 619 Level     msm_serial_geni0
112:          0          0          0          0          0          0          0          0     GICv3  97 Level     arm-smmu global fault
113:          0          0          0          0          0          0          0          0     GICv3 129 Level     arm-smmu-context-fault
114:          0          0          0          0          0          0          0          0     GICv3 130 Level     arm-smmu-context-fault
115:          0          0          0          0          0          0          0          0     GICv3 131 Level     arm-smmu-context-fault
116:          0          0          0          0          0          0          0          0     GICv3 132 Level     arm-smmu-context-fault
117:          0          0          0          0          0          0          0          0     GICv3 133 Level     arm-smmu-context-fault
118:          0          0          0          0          0          0          0          0     GICv3 134 Level     arm-smmu-context-fault
119:          0          0          0          0          0          0          0          0     GICv3 135 Level     arm-smmu-context-fault
120:          0          0          0          0          0          0          0          0     GICv3 136 Level     arm-smmu-context-fault
121:          0          0          0          0          0          0          0          0     GICv3 137 Level     arm-smmu-context-fault
122:          0          0          0          0          0          0          0          0     GICv3 138 Level     arm-smmu-context-fault
123:          0          0          0          0          0          0          0          0     GICv3 139 Level     arm-smmu-context-fault
212:          0          0          0          0          0          0          0          0     GICv3 172 Edge      int_global_int
259:          0          0          0          0          0          0          0          0     GICv3 115 Level     msm_drm
291:          0          0          0          0          0          0          0          0     GICv3  32 Edge      apps_wdog_bark
292:          0          0          0          0          0          0          0          0     GICv3 960 Edge      gh_msgq_tx_0
293:          0          0          0          0          0          0          0          0     GICv3 961 Edge      gh_msgq_rx_0
296:          0          0          0          0          0          0          0          0       PDC  11 Level     eud_irq
297:          0          0          0          0          0          0          0          0     GICv3 162 Level     pwr_event_irq
298:          0          0          0          0          0          0          0          0       PDC  14 Edge      dp_hs_phy_irq
299:          0          0          0          0          0          0          0          0       PDC  15 Edge      dm_hs_phy_irq
300:          0          0          0          0          0          0          0          0       PDC  17 Level     ss_phy_irq
301:       5352          0          0          0          0          0          0          0     GICv3 165 Level     dwc3-msm, dwc3
302:          0          0          0          0          0          0          0          0       sde  12 Edge      dp_display_isr
303:          0          0          0          0          0          0          0          0       sde   4 Edge      dsi_ctrl
304:          0          0          0          0          0          0          0          0   msmgpio  96 Edge      msm_pcie_wake
305:          0          0          0          0          0          0          0          0   msmgpio  79 Edge      hs_uart_wakeup
306:          4          0          0          0          0          0          0          0      ipcc   0 Edge      aoss-qmp
307:          0          0          0          0          0          0          0          0      ipcc 196610 Edge      smp2p
308:          0          0          0          0          0          0          0          0      ipcc 262146 Edge      smp2p
309:          0          0          0          0          0          0          0          0      ipcc 393218 Edge      smp2p
310:          6          0          0          0          0          0          0          0      ipcc 131074 Edge      smp2p
311:          2          0          0          0          0          0          0          0      ipcc 1507328 Edge      qcom,qmp-tme
312:          0          0          0          0          0          0          0          0       PDC   6 Edge      q6v5 wdog
313:          0          0          0          0          0          0          0          0     smp2p   0 Edge      q6v5 fatal
314:          0          0          0          0          0          0          0          0     smp2p   1 Edge      q6v5 ready
315:          0          0          0          0          0          0          0          0     smp2p   2 Edge      q6v5 handover
316:          0          0          0          0          0          0          0          0     smp2p   3 Edge      q6v5 stop
317:          0          0          0          0          0          0          0          0     smp2p   0 Edge      q6v5 fatal
318:          0          0          0          0          0          0          0          0     smp2p   1 Edge      q6v5 ready
319:          0          0          0          0          0          0          0          0     smp2p   2 Edge      q6v5 handover
320:          0          0          0          0          0          0          0          0     smp2p   3 Edge      q6v5 stop
321:          0          0          0          0          0          0          0          0       PDC   9 Edge      q6v5 wdog
322:          0          0          0          0          0          0          0          0     smp2p   0 Edge      q6v5 fatal
323:          0          0          0          0          0          0          0          0     smp2p   1 Edge      q6v5 ready
324:          0          0          0          0          0          0          0          0     smp2p   2 Edge      q6v5 handover
325:          0          0          0          0          0          0          0          0     smp2p   3 Edge      q6v5 stop
326:          0          0          0          0          0          0          0          0     smp2p   0 Edge      q6v5 fatal
327:          0          0          0          0          0          0          0          2     smp2p   1 Edge      q6v5 ready
328:          0          0          0          0          0          0          0          2     smp2p   2 Edge      q6v5 handover
329:          0          0          0          0          0          0          0          0     smp2p   3 Edge      q6v5 stop
330:          0          0          0          0          0          0          0          1     smp2p   7 Edge      q6v5 shutdown-ack
331:          0          0          0          0          0          0          0          0     smp2p   0 Edge      smp2p_sleepstate
334:          0          0          0          0          0          0          0          0  pmic_arb 102826394 Edge      pm8xxx_rtc_alarm
356:          0          0          0          0          0          0          0          0     smp2p   0 Edge      ipa_smp2p_clk_vote
358:        371          0          0          0          0          0          0          0      ipcc 131072 Edge      glink-native-modem
359:          0          0          0          0          0          0          0          0  ITS-pMSI   0 Edge      gsi_msi
360:          0          0          0          0          0          0          0          0  ITS-pMSI   1 Edge      gsi_msi
IPI0:       118        194        192        109       2505       2413       2464      25341       Rescheduling interrupts
IPI1:     10546        580        215        302        458        485        613       2755       Function call interrupts
IPI2:         0          0          0          0          0          0          0          0       CPU stop interrupts
IPI3:         0          0          0          0          0          0          0          0       CPU stop (for crash dump) interrupts
IPI4:         0          0          0          0          0          0          0          0       Timer broadcast interrupts
IPI5:       787         21          6          1        365        317        281      44521       IRQ work interrupts
IPI6:         0          0          0          0          0          0          0          0       CPU wake-up interrupts
Err:          0
IRQ_UPTIME=1612.89 12420.73
           CPU0       CPU1       CPU2       CPU3       CPU4       CPU5       CPU6       CPU7       
 11:       2385        210        191         79        859        848        548      59660     GICv3  27 Level     arch_timer
 13:          0          0          0          0          0          0          0          0     GICv3  38 Level     arch_mem_timer
 15:          0          0          0          0          0          0          0          0     GICv3 962 Edge      qcom-scm
 16:          0          0          0          0          0          0          0          0     GICv3  62 Level     dcvsh-irq-0
 17:          0          0          0          0          1          0          0          0     GICv3  63 Level     dcvsh-irq-4
 18:          0          0          0          0          0          0          0          1     GICv3  51 Level     dcvsh-irq-7
 21:         11          0          0          0          0          0          0          0     GICv3  94 Level     qcom_rimps
 22:          0          0          0          0          0          0          0          0     GICv3  23 Level     arm-pmu
 24:          0          0          0          0          0          0          0          0     GICv3 610 Edge      q6v5 wdog
 25:          0          0          0          0          0          0          0          0     GICv3 296 Edge      q6v5 wdog
 26:          0          0          0          0          0          0          0          0     GICv3 384 Edge      generic-irq
 28:        351          0          0          0          0          0          0          0     GICv3 261 Level     ipcc_0
 30:       4106          0          0          0          0          0          0          0     GICv3 297 Level     ufshcd
 35:       5876          0          0          0          0          0          0          0     GICv3  37 Level     apps_rsc
 36:          0          0          0          0          0          0          0          0     GICv3 161 Level     disp_rsc
 37:         63          0          0          0          0          0          0          0     GICv3 613 Level     190b6400.qcom,bwmon-llcc
 38:          9          0          0          0          0          0          0          0     GICv3 113 Level     19091000.qcom,bwmon-ddr
 39:          3          0          0          0          0          0          0          0     GICv3 686 Edge      ipa
 40:        195          0          0          0          0          0          0          0     GICv3 464 Level     gsi
 85:          2          0          0          0          0          0          0          0     GICv3 619 Level     msm_serial_geni0
112:          0          0          0          0          0          0          0          0     GICv3  97 Level     arm-smmu global fault
113:          0          0          0          0          0          0          0          0     GICv3 129 Level     arm-smmu-context-fault
114:          0          0          0          0          0          0          0          0     GICv3 130 Level     arm-smmu-context-fault
115:          0          0          0          0          0          0          0          0     GICv3 131 Level     arm-smmu-context-fault
116:          0          0          0          0          0          0          0          0     GICv3 132 Level     arm-smmu-context-fault
117:          0          0          0          0          0          0          0          0     GICv3 133 Level     arm-smmu-context-fault
118:          0          0          0          0          0          0          0          0     GICv3 134 Level     arm-smmu-context-fault
119:          0          0          0          0          0          0          0          0     GICv3 135 Level     arm-smmu-context-fault
120:          0          0          0          0          0          0          0          0     GICv3 136 Level     arm-smmu-context-fault
121:          0          0          0          0          0          0          0          0     GICv3 137 Level     arm-smmu-context-fault
122:          0          0          0          0          0          0          0          0     GICv3 138 Level     arm-smmu-context-fault
123:          0          0          0          0          0          0          0          0     GICv3 139 Level     arm-smmu-context-fault
212:          0          0          0          0          0          0          0          0     GICv3 172 Edge      int_global_int
259:          0          0          0          0          0          0          0          0     GICv3 115 Level     msm_drm
291:          0          0          0          0          0          0          0          0     GICv3  32 Edge      apps_wdog_bark
292:          0          0          0          0          0          0          0          0     GICv3 960 Edge      gh_msgq_tx_0
293:          0          0          0          0          0          0          0          0     GICv3 961 Edge      gh_msgq_rx_0
296:          0          0          0          0          0          0          0          0       PDC  11 Level     eud_irq
297:          0          0          0          0          0          0          0          0     GICv3 162 Level     pwr_event_irq
298:          0          0          0          0          0          0          0          0       PDC  14 Edge      dp_hs_phy_irq
299:          0          0          0          0          0          0          0          0       PDC  15 Edge      dm_hs_phy_irq
300:          0          0          0          0          0          0          0          0       PDC  17 Level     ss_phy_irq
301:       5352          0          0          0          0          0          0          0     GICv3 165 Level     dwc3-msm, dwc3
302:          0          0          0          0          0          0          0          0       sde  12 Edge      dp_display_isr
303:          0          0          0          0          0          0          0          0       sde   4 Edge      dsi_ctrl
304:          0          0          0          0          0          0          0          0   msmgpio  96 Edge      msm_pcie_wake
305:          0          0          0          0          0          0          0          0   msmgpio  79 Edge      hs_uart_wakeup
306:          4          0          0          0          0          0          0          0      ipcc   0 Edge      aoss-qmp
307:          0          0          0          0          0          0          0          0      ipcc 196610 Edge      smp2p
308:          0          0          0          0          0          0          0          0      ipcc 262146 Edge      smp2p
309:          0          0          0          0          0          0          0          0      ipcc 393218 Edge      smp2p
310:          6          0          0          0          0          0          0          0      ipcc 131074 Edge      smp2p
311:          2          0          0          0          0          0          0          0      ipcc 1507328 Edge      qcom,qmp-tme
312:          0          0          0          0          0          0          0          0       PDC   6 Edge      q6v5 wdog
313:          0          0          0          0          0          0          0          0     smp2p   0 Edge      q6v5 fatal
314:          0          0          0          0          0          0          0          0     smp2p   1 Edge      q6v5 ready
315:          0          0          0          0          0          0          0          0     smp2p   2 Edge      q6v5 handover
316:          0          0          0          0          0          0          0          0     smp2p   3 Edge      q6v5 stop
317:          0          0          0          0          0          0          0          0     smp2p   0 Edge      q6v5 fatal
318:          0          0          0          0          0          0          0          0     smp2p   1 Edge      q6v5 ready
319:          0          0          0          0          0          0          0          0     smp2p   2 Edge      q6v5 handover
320:          0          0          0          0          0          0          0          0     smp2p   3 Edge      q6v5 stop
321:          0          0          0          0          0          0          0          0       PDC   9 Edge      q6v5 wdog
322:          0          0          0          0          0          0          0          0     smp2p   0 Edge      q6v5 fatal
323:          0          0          0          0          0          0          0          0     smp2p   1 Edge      q6v5 ready
324:          0          0          0          0          0          0          0          0     smp2p   2 Edge      q6v5 handover
325:          0          0          0          0          0          0          0          0     smp2p   3 Edge      q6v5 stop
326:          0          0          0          0          0          0          0          0     smp2p   0 Edge      q6v5 fatal
327:          0          0          0          0          0          0          0          2     smp2p   1 Edge      q6v5 ready
328:          0          0          0          0          0          0          0          2     smp2p   2 Edge      q6v5 handover
329:          0          0          0          0          0          0          0          0     smp2p   3 Edge      q6v5 stop
330:          0          0          0          0          0          0          0          1     smp2p   7 Edge      q6v5 shutdown-ack
331:          0          0          0          0          0          0          0          0     smp2p   0 Edge      smp2p_sleepstate
334:          0          0          0          0          0          0          0          0  pmic_arb 102826394 Edge      pm8xxx_rtc_alarm
356:          0          0          0          0          0          0          0          0     smp2p   0 Edge      ipa_smp2p_clk_vote
358:        371          0          0          0          0          0          0          0      ipcc 131072 Edge      glink-native-modem
359:          0          0          0          0          0          0          0          0  ITS-pMSI   0 Edge      gsi_msi
360:          0          0          0          0          0          0          0          0  ITS-pMSI   1 Edge      gsi_msi
IPI0:       118        194        192        109       2505       2413       2464      25352       Rescheduling interrupts
IPI1:     10554        580        215        302        458        485        613       2756       Function call interrupts
IPI2:         0          0          0          0          0          0          0          0       CPU stop interrupts
IPI3:         0          0          0          0          0          0          0          0       CPU stop (for crash dump) interrupts
IPI4:         0          0          0          0          0          0          0          0       Timer broadcast interrupts
IPI5:       787         21          6          1        365        317        281      44552       IRQ work interrupts
IPI6:         0          0          0          0          0          0          0          0       CPU wake-up interrupts
Err:          0
IRQ_UPTIME=1613.90 12430.78
           CPU0       CPU1       CPU2       CPU3       CPU4       CPU5       CPU6       CPU7       
 11:       2386        210        191         79        862        849        549      59712     GICv3  27 Level     arch_timer
 13:          0          0          0          0          0          0          0          0     GICv3  38 Level     arch_mem_timer
 15:          0          0          0          0          0          0          0          0     GICv3 962 Edge      qcom-scm
 16:          0          0          0          0          0          0          0          0     GICv3  62 Level     dcvsh-irq-0
 17:          0          0          0          0          1          0          0          0     GICv3  63 Level     dcvsh-irq-4
 18:          0          0          0          0          0          0          0          1     GICv3  51 Level     dcvsh-irq-7
 21:         11          0          0          0          0          0          0          0     GICv3  94 Level     qcom_rimps
 22:          0          0          0          0          0          0          0          0     GICv3  23 Level     arm-pmu
 24:          0          0          0          0          0          0          0          0     GICv3 610 Edge      q6v5 wdog
 25:          0          0          0          0          0          0          0          0     GICv3 296 Edge      q6v5 wdog
 26:          0          0          0          0          0          0          0          0     GICv3 384 Edge      generic-irq
 28:        351          0          0          0          0          0          0          0     GICv3 261 Level     ipcc_0
 30:       4110          0          0          0          0          0          0          0     GICv3 297 Level     ufshcd
 35:       5886          0          0          0          0          0          0          0     GICv3  37 Level     apps_rsc
 36:          0          0          0          0          0          0          0          0     GICv3 161 Level     disp_rsc
 37:         63          0          0          0          0          0          0          0     GICv3 613 Level     190b6400.qcom,bwmon-llcc
 38:          9          0          0          0          0          0          0          0     GICv3 113 Level     19091000.qcom,bwmon-ddr
 39:          3          0          0          0          0          0          0          0     GICv3 686 Edge      ipa
 40:        195          0          0          0          0          0          0          0     GICv3 464 Level     gsi
 85:          2          0          0          0          0          0          0          0     GICv3 619 Level     msm_serial_geni0
112:          0          0          0          0          0          0          0          0     GICv3  97 Level     arm-smmu global fault
113:          0          0          0          0          0          0          0          0     GICv3 129 Level     arm-smmu-context-fault
114:          0          0          0          0          0          0          0          0     GICv3 130 Level     arm-smmu-context-fault
115:          0          0          0          0          0          0          0          0     GICv3 131 Level     arm-smmu-context-fault
116:          0          0          0          0          0          0          0          0     GICv3 132 Level     arm-smmu-context-fault
117:          0          0          0          0          0          0          0          0     GICv3 133 Level     arm-smmu-context-fault
118:          0          0          0          0          0          0          0          0     GICv3 134 Level     arm-smmu-context-fault
119:          0          0          0          0          0          0          0          0     GICv3 135 Level     arm-smmu-context-fault
120:          0          0          0          0          0          0          0          0     GICv3 136 Level     arm-smmu-context-fault
121:          0          0          0          0          0          0          0          0     GICv3 137 Level     arm-smmu-context-fault
122:          0          0          0          0          0          0          0          0     GICv3 138 Level     arm-smmu-context-fault
123:          0          0          0          0          0          0          0          0     GICv3 139 Level     arm-smmu-context-fault
212:          0          0          0          0          0          0          0          0     GICv3 172 Edge      int_global_int
259:          0          0          0          0          0          0          0          0     GICv3 115 Level     msm_drm
291:          0          0          0          0          0          0          0          0     GICv3  32 Edge      apps_wdog_bark
292:          0          0          0          0          0          0          0          0     GICv3 960 Edge      gh_msgq_tx_0
293:          0          0          0          0          0          0          0          0     GICv3 961 Edge      gh_msgq_rx_0
296:          0          0          0          0          0          0          0          0       PDC  11 Level     eud_irq
297:          0          0          0          0          0          0          0          0     GICv3 162 Level     pwr_event_irq
298:          0          0          0          0          0          0          0          0       PDC  14 Edge      dp_hs_phy_irq
299:          0          0          0          0          0          0          0          0       PDC  15 Edge      dm_hs_phy_irq
300:          0          0          0          0          0          0          0          0       PDC  17 Level     ss_phy_irq
301:       5352          0          0          0          0          0          0          0     GICv3 165 Level     dwc3-msm, dwc3
302:          0          0          0          0          0          0          0          0       sde  12 Edge      dp_display_isr
303:          0          0          0          0          0          0          0          0       sde   4 Edge      dsi_ctrl
304:          0          0          0          0          0          0          0          0   msmgpio  96 Edge      msm_pcie_wake
305:          0          0          0          0          0          0          0          0   msmgpio  79 Edge      hs_uart_wakeup
306:          4          0          0          0          0          0          0          0      ipcc   0 Edge      aoss-qmp
307:          0          0          0          0          0          0          0          0      ipcc 196610 Edge      smp2p
308:          0          0          0          0          0          0          0          0      ipcc 262146 Edge      smp2p
309:          0          0          0          0          0          0          0          0      ipcc 393218 Edge      smp2p
310:          6          0          0          0          0          0          0          0      ipcc 131074 Edge      smp2p
311:          2          0          0          0          0          0          0          0      ipcc 1507328 Edge      qcom,qmp-tme
312:          0          0          0          0          0          0          0          0       PDC   6 Edge      q6v5 wdog
313:          0          0          0          0          0          0          0          0     smp2p   0 Edge      q6v5 fatal
314:          0          0          0          0          0          0          0          0     smp2p   1 Edge      q6v5 ready
315:          0          0          0          0          0          0          0          0     smp2p   2 Edge      q6v5 handover
316:          0          0          0          0          0          0          0          0     smp2p   3 Edge      q6v5 stop
317:          0          0          0          0          0          0          0          0     smp2p   0 Edge      q6v5 fatal
318:          0          0          0          0          0          0          0          0     smp2p   1 Edge      q6v5 ready
319:          0          0          0          0          0          0          0          0     smp2p   2 Edge      q6v5 handover
320:          0          0          0          0          0          0          0          0     smp2p   3 Edge      q6v5 stop
321:          0          0          0          0          0          0          0          0       PDC   9 Edge      q6v5 wdog
322:          0          0          0          0          0          0          0          0     smp2p   0 Edge      q6v5 fatal
323:          0          0          0          0          0          0          0          0     smp2p   1 Edge      q6v5 ready
324:          0          0          0          0          0          0          0          0     smp2p   2 Edge      q6v5 handover
325:          0          0          0          0          0          0          0          0     smp2p   3 Edge      q6v5 stop
326:          0          0          0          0          0          0          0          0     smp2p   0 Edge      q6v5 fatal
327:          0          0          0          0          0          0          0          2     smp2p   1 Edge      q6v5 ready
328:          0          0          0          0          0          0          0          2     smp2p   2 Edge      q6v5 handover
329:          0          0          0          0          0          0          0          0     smp2p   3 Edge      q6v5 stop
330:          0          0          0          0          0          0          0          1     smp2p   7 Edge      q6v5 shutdown-ack
331:          0          0          0          0          0          0          0          0     smp2p   0 Edge      smp2p_sleepstate
334:          0          0          0          0          0          0          0          0  pmic_arb 102826394 Edge      pm8xxx_rtc_alarm
356:          0          0          0          0          0          0          0          0     smp2p   0 Edge      ipa_smp2p_clk_vote
358:        371          0          0          0          0          0          0          0      ipcc 131072 Edge      glink-native-modem
359:          0          0          0          0          0          0          0          0  ITS-pMSI   0 Edge      gsi_msi
360:          0          0          0          0          0          0          0          0  ITS-pMSI   1 Edge      gsi_msi
IPI0:       118        194        192        109       2510       2419       2466      25374       Rescheduling interrupts
IPI1:     10561        580        215        302        458        485        613       2758       Function call interrupts
IPI2:         0          0          0          0          0          0          0          0       CPU stop interrupts
IPI3:         0          0          0          0          0          0          0          0       CPU stop (for crash dump) interrupts
IPI4:         0          0          0          0          0          0          0          0       Timer broadcast interrupts
IPI5:       787         21          6          1        369        319        281      44591       IRQ work interrupts
IPI6:         0          0          0          0          0          0          0          0       CPU wake-up interrupts
Err:          0
IRQ_UPTIME=1614.90 12435.79
           CPU0       CPU1       CPU2       CPU3       CPU4       CPU5       CPU6       CPU7       
 11:       2387        210        191         79        862        849        550      59764     GICv3  27 Level     arch_timer
 13:          0          0          0          0          0          0          0          0     GICv3  38 Level     arch_mem_timer
 15:          0          0          0          0          0          0          0          0     GICv3 962 Edge      qcom-scm
 16:          0          0          0          0          0          0          0          0     GICv3  62 Level     dcvsh-irq-0
 17:          0          0          0          0          1          0          0          0     GICv3  63 Level     dcvsh-irq-4
 18:          0          0          0          0          0          0          0          1     GICv3  51 Level     dcvsh-irq-7
 21:         11          0          0          0          0          0          0          0     GICv3  94 Level     qcom_rimps
 22:          0          0          0          0          0          0          0          0     GICv3  23 Level     arm-pmu
 24:          0          0          0          0          0          0          0          0     GICv3 610 Edge      q6v5 wdog
 25:          0          0          0          0          0          0          0          0     GICv3 296 Edge      q6v5 wdog
 26:          0          0          0          0          0          0          0          0     GICv3 384 Edge      generic-irq
 28:        351          0          0          0          0          0          0          0     GICv3 261 Level     ipcc_0
 30:       4113          0          0          0          0          0          0          0     GICv3 297 Level     ufshcd
 35:       5892          0          0          0          0          0          0          0     GICv3  37 Level     apps_rsc
 36:          0          0          0          0          0          0          0          0     GICv3 161 Level     disp_rsc
 37:         63          0          0          0          0          0          0          0     GICv3 613 Level     190b6400.qcom,bwmon-llcc
 38:          9          0          0          0          0          0          0          0     GICv3 113 Level     19091000.qcom,bwmon-ddr
 39:          3          0          0          0          0          0          0          0     GICv3 686 Edge      ipa
 40:        195          0          0          0          0          0          0          0     GICv3 464 Level     gsi
 85:          2          0          0          0          0          0          0          0     GICv3 619 Level     msm_serial_geni0
112:          0          0          0          0          0          0          0          0     GICv3  97 Level     arm-smmu global fault
113:          0          0          0          0          0          0          0          0     GICv3 129 Level     arm-smmu-context-fault
114:          0          0          0          0          0          0          0          0     GICv3 130 Level     arm-smmu-context-fault
115:          0          0          0          0          0          0          0          0     GICv3 131 Level     arm-smmu-context-fault
116:          0          0          0          0          0          0          0          0     GICv3 132 Level     arm-smmu-context-fault
117:          0          0          0          0          0          0          0          0     GICv3 133 Level     arm-smmu-context-fault
118:          0          0          0          0          0          0          0          0     GICv3 134 Level     arm-smmu-context-fault
119:          0          0          0          0          0          0          0          0     GICv3 135 Level     arm-smmu-context-fault
120:          0          0          0          0          0          0          0          0     GICv3 136 Level     arm-smmu-context-fault
121:          0          0          0          0          0          0          0          0     GICv3 137 Level     arm-smmu-context-fault
122:          0          0          0          0          0          0          0          0     GICv3 138 Level     arm-smmu-context-fault
123:          0          0          0          0          0          0          0          0     GICv3 139 Level     arm-smmu-context-fault
212:          0          0          0          0          0          0          0          0     GICv3 172 Edge      int_global_int
259:          0          0          0          0          0          0          0          0     GICv3 115 Level     msm_drm
291:          0          0          0          0          0          0          0          0     GICv3  32 Edge      apps_wdog_bark
292:          0          0          0          0          0          0          0          0     GICv3 960 Edge      gh_msgq_tx_0
293:          0          0          0          0          0          0          0          0     GICv3 961 Edge      gh_msgq_rx_0
296:          0          0          0          0          0          0          0          0       PDC  11 Level     eud_irq
297:          0          0          0          0          0          0          0          0     GICv3 162 Level     pwr_event_irq
298:          0          0          0          0          0          0          0          0       PDC  14 Edge      dp_hs_phy_irq
299:          0          0          0          0          0          0          0          0       PDC  15 Edge      dm_hs_phy_irq
300:          0          0          0          0          0          0          0          0       PDC  17 Level     ss_phy_irq
301:       5352          0          0          0          0          0          0          0     GICv3 165 Level     dwc3-msm, dwc3
302:          0          0          0          0          0          0          0          0       sde  12 Edge      dp_display_isr
303:          0          0          0          0          0          0          0          0       sde   4 Edge      dsi_ctrl
304:          0          0          0          0          0          0          0          0   msmgpio  96 Edge      msm_pcie_wake
305:          0          0          0          0          0          0          0          0   msmgpio  79 Edge      hs_uart_wakeup
306:          4          0          0          0          0          0          0          0      ipcc   0 Edge      aoss-qmp
307:          0          0          0          0          0          0          0          0      ipcc 196610 Edge      smp2p
308:          0          0          0          0          0          0          0          0      ipcc 262146 Edge      smp2p
309:          0          0          0          0          0          0          0          0      ipcc 393218 Edge      smp2p
310:          6          0          0          0          0          0          0          0      ipcc 131074 Edge      smp2p
311:          2          0          0          0          0          0          0          0      ipcc 1507328 Edge      qcom,qmp-tme
312:          0          0          0          0          0          0          0          0       PDC   6 Edge      q6v5 wdog
313:          0          0          0          0          0          0          0          0     smp2p   0 Edge      q6v5 fatal
314:          0          0          0          0          0          0          0          0     smp2p   1 Edge      q6v5 ready
315:          0          0          0          0          0          0          0          0     smp2p   2 Edge      q6v5 handover
316:          0          0          0          0          0          0          0          0     smp2p   3 Edge      q6v5 stop
317:          0          0          0          0          0          0          0          0     smp2p   0 Edge      q6v5 fatal
318:          0          0          0          0          0          0          0          0     smp2p   1 Edge      q6v5 ready
319:          0          0          0          0          0          0          0          0     smp2p   2 Edge      q6v5 handover
320:          0          0          0          0          0          0          0          0     smp2p   3 Edge      q6v5 stop
321:          0          0          0          0          0          0          0          0       PDC   9 Edge      q6v5 wdog
322:          0          0          0          0          0          0          0          0     smp2p   0 Edge      q6v5 fatal
323:          0          0          0          0          0          0          0          0     smp2p   1 Edge      q6v5 ready
324:          0          0          0          0          0          0          0          0     smp2p   2 Edge      q6v5 handover
325:          0          0          0          0          0          0          0          0     smp2p   3 Edge      q6v5 stop
326:          0          0          0          0          0          0          0          0     smp2p   0 Edge      q6v5 fatal
327:          0          0          0          0          0          0          0          2     smp2p   1 Edge      q6v5 ready
328:          0          0          0          0          0          0          0          2     smp2p   2 Edge      q6v5 handover
329:          0          0          0          0          0          0          0          0     smp2p   3 Edge      q6v5 stop
330:          0          0          0          0          0          0          0          1     smp2p   7 Edge      q6v5 shutdown-ack
331:          0          0          0          0          0          0          0          0     smp2p   0 Edge      smp2p_sleepstate
334:          0          0          0          0          0          0          0          0  pmic_arb 102826394 Edge      pm8xxx_rtc_alarm
356:          0          0          0          0          0          0          0          0     smp2p   0 Edge      ipa_smp2p_clk_vote
358:        371          0          0          0          0          0          0          0      ipcc 131072 Edge      glink-native-modem
359:          0          0          0          0          0          0          0          0  ITS-pMSI   0 Edge      gsi_msi
360:          0          0          0          0          0          0          0          0  ITS-pMSI   1 Edge      gsi_msi
IPI0:       118        194        192        109       2511       2419       2468      25386       Rescheduling interrupts
IPI1:     10570        580        215        302        458        485        613       2759       Function call interrupts
IPI2:         0          0          0          0          0          0          0          0       CPU stop interrupts
IPI3:         0          0          0          0          0          0          0          0       CPU stop (for crash dump) interrupts
IPI4:         0          0          0          0          0          0          0          0       Timer broadcast interrupts
IPI5:       787         21          6          1        370        319        284      44622       IRQ work interrupts
IPI6:         0          0          0          0          0          0          0          0       CPU wake-up interrupts
Err:          0
IRQ_UPTIME=1615.90 12436.79
           CPU0       CPU1       CPU2       CPU3       CPU4       CPU5       CPU6       CPU7       
 11:       2387        210        191         79        862        849        550      59800     GICv3  27 Level     arch_timer
 13:          0          0          0          0          0          0          0          0     GICv3  38 Level     arch_mem_timer
 15:          0          0          0          0          0          0          0          0     GICv3 962 Edge      qcom-scm
 16:          0          0          0          0          0          0          0          0     GICv3  62 Level     dcvsh-irq-0
 17:          0          0          0          0          1          0          0          0     GICv3  63 Level     dcvsh-irq-4
 18:          0          0          0          0          0          0          0          1     GICv3  51 Level     dcvsh-irq-7
 21:         11          0          0          0          0          0          0          0     GICv3  94 Level     qcom_rimps
 22:          0          0          0          0          0          0          0          0     GICv3  23 Level     arm-pmu
 24:          0          0          0          0          0          0          0          0     GICv3 610 Edge      q6v5 wdog
 25:          0          0          0          0          0          0          0          0     GICv3 296 Edge      q6v5 wdog
 26:          0          0          0          0          0          0          0          0     GICv3 384 Edge      generic-irq
 28:        351          0          0          0          0          0          0          0     GICv3 261 Level     ipcc_0
 30:       4113          0          0          0          0          0          0          0     GICv3 297 Level     ufshcd
 35:       5892          0          0          0          0          0          0          0     GICv3  37 Level     apps_rsc
 36:          0          0          0          0          0          0          0          0     GICv3 161 Level     disp_rsc
 37:         63          0          0          0          0          0          0          0     GICv3 613 Level     190b6400.qcom,bwmon-llcc
 38:          9          0          0          0          0          0          0          0     GICv3 113 Level     19091000.qcom,bwmon-ddr
 39:          3          0          0          0          0          0          0          0     GICv3 686 Edge      ipa
 40:        195          0          0          0          0          0          0          0     GICv3 464 Level     gsi
 85:          2          0          0          0          0          0          0          0     GICv3 619 Level     msm_serial_geni0
112:          0          0          0          0          0          0          0          0     GICv3  97 Level     arm-smmu global fault
113:          0          0          0          0          0          0          0          0     GICv3 129 Level     arm-smmu-context-fault
114:          0          0          0          0          0          0          0          0     GICv3 130 Level     arm-smmu-context-fault
115:          0          0          0          0          0          0          0          0     GICv3 131 Level     arm-smmu-context-fault
116:          0          0          0          0          0          0          0          0     GICv3 132 Level     arm-smmu-context-fault
117:          0          0          0          0          0          0          0          0     GICv3 133 Level     arm-smmu-context-fault
118:          0          0          0          0          0          0          0          0     GICv3 134 Level     arm-smmu-context-fault
119:          0          0          0          0          0          0          0          0     GICv3 135 Level     arm-smmu-context-fault
120:          0          0          0          0          0          0          0          0     GICv3 136 Level     arm-smmu-context-fault
121:          0          0          0          0          0          0          0          0     GICv3 137 Level     arm-smmu-context-fault
122:          0          0          0          0          0          0          0          0     GICv3 138 Level     arm-smmu-context-fault
123:          0          0          0          0          0          0          0          0     GICv3 139 Level     arm-smmu-context-fault
212:          0          0          0          0          0          0          0          0     GICv3 172 Edge      int_global_int
259:          0          0          0          0          0          0          0          0     GICv3 115 Level     msm_drm
291:          0          0          0          0          0          0          0          0     GICv3  32 Edge      apps_wdog_bark
292:          0          0          0          0          0          0          0          0     GICv3 960 Edge      gh_msgq_tx_0
293:          0          0          0          0          0          0          0          0     GICv3 961 Edge      gh_msgq_rx_0
296:          0          0          0          0          0          0          0          0       PDC  11 Level     eud_irq
297:          0          0          0          0          0          0          0          0     GICv3 162 Level     pwr_event_irq
298:          0          0          0          0          0          0          0          0       PDC  14 Edge      dp_hs_phy_irq
299:          0          0          0          0          0          0          0          0       PDC  15 Edge      dm_hs_phy_irq
300:          0          0          0          0          0          0          0          0       PDC  17 Level     ss_phy_irq
301:       5352          0          0          0          0          0          0          0     GICv3 165 Level     dwc3-msm, dwc3
302:          0          0          0          0          0          0          0          0       sde  12 Edge      dp_display_isr
303:          0          0          0          0          0          0          0          0       sde   4 Edge      dsi_ctrl
304:          0          0          0          0          0          0          0          0   msmgpio  96 Edge      msm_pcie_wake
305:          0          0          0          0          0          0          0          0   msmgpio  79 Edge      hs_uart_wakeup
306:          4          0          0          0          0          0          0          0      ipcc   0 Edge      aoss-qmp
307:          0          0          0          0          0          0          0          0      ipcc 196610 Edge      smp2p
308:          0          0          0          0          0          0          0          0      ipcc 262146 Edge      smp2p
309:          0          0          0          0          0          0          0          0      ipcc 393218 Edge      smp2p
310:          6          0          0          0          0          0          0          0      ipcc 131074 Edge      smp2p
311:          2          0          0          0          0          0          0          0      ipcc 1507328 Edge      qcom,qmp-tme
312:          0          0          0          0          0          0          0          0       PDC   6 Edge      q6v5 wdog
313:          0          0          0          0          0          0          0          0     smp2p   0 Edge      q6v5 fatal
314:          0          0          0          0          0          0          0          0     smp2p   1 Edge      q6v5 ready
315:          0          0          0          0          0          0          0          0     smp2p   2 Edge      q6v5 handover
316:          0          0          0          0          0          0          0          0     smp2p   3 Edge      q6v5 stop
317:          0          0          0          0          0          0          0          0     smp2p   0 Edge      q6v5 fatal
318:          0          0          0          0          0          0          0          0     smp2p   1 Edge      q6v5 ready
319:          0          0          0          0          0          0          0          0     smp2p   2 Edge      q6v5 handover
320:          0          0          0          0          0          0          0          0     smp2p   3 Edge      q6v5 stop
321:          0          0          0          0          0          0          0          0       PDC   9 Edge      q6v5 wdog
322:          0          0          0          0          0          0          0          0     smp2p   0 Edge      q6v5 fatal
323:          0          0          0          0          0          0          0          0     smp2p   1 Edge      q6v5 ready
324:          0          0          0          0          0          0          0          0     smp2p   2 Edge      q6v5 handover
325:          0          0          0          0          0          0          0          0     smp2p   3 Edge      q6v5 stop
326:          0          0          0          0          0          0          0          0     smp2p   0 Edge      q6v5 fatal
327:          0          0          0          0          0          0          0          2     smp2p   1 Edge      q6v5 ready
328:          0          0          0          0          0          0          0          2     smp2p   2 Edge      q6v5 handover
329:          0          0          0          0          0          0          0          0     smp2p   3 Edge      q6v5 stop
330:          0          0          0          0          0          0          0          1     smp2p   7 Edge      q6v5 shutdown-ack
331:          0          0          0          0          0          0          0          0     smp2p   0 Edge      smp2p_sleepstate
334:          0          0          0          0          0          0          0          0  pmic_arb 102826394 Edge      pm8xxx_rtc_alarm
356:          0          0          0          0          0          0          0          0     smp2p   0 Edge      ipa_smp2p_clk_vote
358:        371          0          0          0          0          0          0          0      ipcc 131072 Edge      glink-native-modem
359:          0          0          0          0          0          0          0          0  ITS-pMSI   0 Edge      gsi_msi
360:          0          0          0          0          0          0          0          0  ITS-pMSI   1 Edge      gsi_msi
IPI0:       118        194        192        109       2511       2419       2468      25386       Rescheduling interrupts
IPI1:     10577        580        215        302        458        485        613       2759       Function call interrupts
IPI2:         0          0          0          0          0          0          0          0       CPU stop interrupts
IPI3:         0          0          0          0          0          0          0          0       CPU stop (for crash dump) interrupts
IPI4:         0          0          0          0          0          0          0          0       Timer broadcast interrupts
IPI5:       787         21          6          1        370        319        284      44651       IRQ work interrupts
IPI6:         0          0          0          0          0          0          0          0       CPU wake-up interrupts
Err:          0
IRQ_UPTIME=1616.91 12446.68
           CPU0       CPU1       CPU2       CPU3       CPU4       CPU5       CPU6       CPU7       
 11:       2389        210        191         79        863        849        551      59861     GICv3  27 Level     arch_timer
 13:          0          0          0          0          0          0          0          0     GICv3  38 Level     arch_mem_timer
 15:          0          0          0          0          0          0          0          0     GICv3 962 Edge      qcom-scm
 16:          0          0          0          0          0          0          0          0     GICv3  62 Level     dcvsh-irq-0
 17:          0          0          0          0          1          0          0          0     GICv3  63 Level     dcvsh-irq-4
 18:          0          0          0          0          0          0          0          1     GICv3  51 Level     dcvsh-irq-7
 21:         11          0          0          0          0          0          0          0     GICv3  94 Level     qcom_rimps
 22:          0          0          0          0          0          0          0          0     GICv3  23 Level     arm-pmu
 24:          0          0          0          0          0          0          0          0     GICv3 610 Edge      q6v5 wdog
 25:          0          0          0          0          0          0          0          0     GICv3 296 Edge      q6v5 wdog
 26:          0          0          0          0          0          0          0          0     GICv3 384 Edge      generic-irq
 28:        351          0          0          0          0          0          0          0     GICv3 261 Level     ipcc_0
 30:       4120          0          0          0          0          0          0          0     GICv3 297 Level     ufshcd
 35:       5906          0          0          0          0          0          0          0     GICv3  37 Level     apps_rsc
 36:          0          0          0          0          0          0          0          0     GICv3 161 Level     disp_rsc
 37:         63          0          0          0          0          0          0          0     GICv3 613 Level     190b6400.qcom,bwmon-llcc
 38:          9          0          0          0          0          0          0          0     GICv3 113 Level     19091000.qcom,bwmon-ddr
 39:          3          0          0          0          0          0          0          0     GICv3 686 Edge      ipa
 40:        195          0          0          0          0          0          0          0     GICv3 464 Level     gsi
 85:          2          0          0          0          0          0          0          0     GICv3 619 Level     msm_serial_geni0
112:          0          0          0          0          0          0          0          0     GICv3  97 Level     arm-smmu global fault
113:          0          0          0          0          0          0          0          0     GICv3 129 Level     arm-smmu-context-fault
114:          0          0          0          0          0          0          0          0     GICv3 130 Level     arm-smmu-context-fault
115:          0          0          0          0          0          0          0          0     GICv3 131 Level     arm-smmu-context-fault
116:          0          0          0          0          0          0          0          0     GICv3 132 Level     arm-smmu-context-fault
117:          0          0          0          0          0          0          0          0     GICv3 133 Level     arm-smmu-context-fault
118:          0          0          0          0          0          0          0          0     GICv3 134 Level     arm-smmu-context-fault
119:          0          0          0          0          0          0          0          0     GICv3 135 Level     arm-smmu-context-fault
120:          0          0          0          0          0          0          0          0     GICv3 136 Level     arm-smmu-context-fault
121:          0          0          0          0          0          0          0          0     GICv3 137 Level     arm-smmu-context-fault
122:          0          0          0          0          0          0          0          0     GICv3 138 Level     arm-smmu-context-fault
123:          0          0          0          0          0          0          0          0     GICv3 139 Level     arm-smmu-context-fault
212:          0          0          0          0          0          0          0          0     GICv3 172 Edge      int_global_int
259:          0          0          0          0          0          0          0          0     GICv3 115 Level     msm_drm
291:          0          0          0          0          0          0          0          0     GICv3  32 Edge      apps_wdog_bark
292:          0          0          0          0          0          0          0          0     GICv3 960 Edge      gh_msgq_tx_0
293:          0          0          0          0          0          0          0          0     GICv3 961 Edge      gh_msgq_rx_0
296:          0          0          0          0          0          0          0          0       PDC  11 Level     eud_irq
297:          0          0          0          0          0          0          0          0     GICv3 162 Level     pwr_event_irq
298:          0          0          0          0          0          0          0          0       PDC  14 Edge      dp_hs_phy_irq
299:          0          0          0          0          0          0          0          0       PDC  15 Edge      dm_hs_phy_irq
300:          0          0          0          0          0          0          0          0       PDC  17 Level     ss_phy_irq
301:       5352          0          0          0          0          0          0          0     GICv3 165 Level     dwc3-msm, dwc3
302:          0          0          0          0          0          0          0          0       sde  12 Edge      dp_display_isr
303:          0          0          0          0          0          0          0          0       sde   4 Edge      dsi_ctrl
304:          0          0          0          0          0          0          0          0   msmgpio  96 Edge      msm_pcie_wake
305:          0          0          0          0          0          0          0          0   msmgpio  79 Edge      hs_uart_wakeup
306:          4          0          0          0          0          0          0          0      ipcc   0 Edge      aoss-qmp
307:          0          0          0          0          0          0          0          0      ipcc 196610 Edge      smp2p
308:          0          0          0          0          0          0          0          0      ipcc 262146 Edge      smp2p
309:          0          0          0          0          0          0          0          0      ipcc 393218 Edge      smp2p
310:          6          0          0          0          0          0          0          0      ipcc 131074 Edge      smp2p
311:          2          0          0          0          0          0          0          0      ipcc 1507328 Edge      qcom,qmp-tme
312:          0          0          0          0          0          0          0          0       PDC   6 Edge      q6v5 wdog
313:          0          0          0          0          0          0          0          0     smp2p   0 Edge      q6v5 fatal
314:          0          0          0          0          0          0          0          0     smp2p   1 Edge      q6v5 ready
315:          0          0          0          0          0          0          0          0     smp2p   2 Edge      q6v5 handover
316:          0          0          0          0          0          0          0          0     smp2p   3 Edge      q6v5 stop
317:          0          0          0          0          0          0          0          0     smp2p   0 Edge      q6v5 fatal
318:          0          0          0          0          0          0          0          0     smp2p   1 Edge      q6v5 ready
319:          0          0          0          0          0          0          0          0     smp2p   2 Edge      q6v5 handover
320:          0          0          0          0          0          0          0          0     smp2p   3 Edge      q6v5 stop
321:          0          0          0          0          0          0          0          0       PDC   9 Edge      q6v5 wdog
322:          0          0          0          0          0          0          0          0     smp2p   0 Edge      q6v5 fatal
323:          0          0          0          0          0          0          0          0     smp2p   1 Edge      q6v5 ready
324:          0          0          0          0          0          0          0          0     smp2p   2 Edge      q6v5 handover
325:          0          0          0          0          0          0          0          0     smp2p   3 Edge      q6v5 stop
326:          0          0          0          0          0          0          0          0     smp2p   0 Edge      q6v5 fatal
327:          0          0          0          0          0          0          0          2     smp2p   1 Edge      q6v5 ready
328:          0          0          0          0          0          0          0          2     smp2p   2 Edge      q6v5 handover
329:          0          0          0          0          0          0          0          0     smp2p   3 Edge      q6v5 stop
330:          0          0          0          0          0          0          0          1     smp2p   7 Edge      q6v5 shutdown-ack
331:          0          0          0          0          0          0          0          0     smp2p   0 Edge      smp2p_sleepstate
334:          0          0          0          0          0          0          0          0  pmic_arb 102826394 Edge      pm8xxx_rtc_alarm
356:          0          0          0          0          0          0          0          0     smp2p   0 Edge      ipa_smp2p_clk_vote
358:        371          0          0          0          0          0          0          0      ipcc 131072 Edge      glink-native-modem
359:          0          0          0          0          0          0          0          0  ITS-pMSI   0 Edge      gsi_msi
360:          0          0          0          0          0          0          0          0  ITS-pMSI   1 Edge      gsi_msi
IPI0:       118        194        192        109       2517       2422       2471      25416       Rescheduling interrupts
IPI1:     10586        580        215        302        458        485        613       2762       Function call interrupts
IPI2:         0          0          0          0          0          0          0          0       CPU stop interrupts
IPI3:         0          0          0          0          0          0          0          0       CPU stop (for crash dump) interrupts
IPI4:         0          0          0          0          0          0          0          0       Timer broadcast interrupts
IPI5:       787         21          6          1        372        320        285      44692       IRQ work interrupts
IPI6:         0          0          0          0          0          0          0          0       CPU wake-up interrupts
Err:          0
IRQ_UPTIME=1617.91 12447.68
           CPU0       CPU1       CPU2       CPU3       CPU4       CPU5       CPU6       CPU7       
 11:       2389        210        191         79        863        849        551      59897     GICv3  27 Level     arch_timer
 13:          0          0          0          0          0          0          0          0     GICv3  38 Level     arch_mem_timer
 15:          0          0          0          0          0          0          0          0     GICv3 962 Edge      qcom-scm
 16:          0          0          0          0          0          0          0          0     GICv3  62 Level     dcvsh-irq-0
 17:          0          0          0          0          1          0          0          0     GICv3  63 Level     dcvsh-irq-4
 18:          0          0          0          0          0          0          0          1     GICv3  51 Level     dcvsh-irq-7
 21:         11          0          0          0          0          0          0          0     GICv3  94 Level     qcom_rimps
 22:          0          0          0          0          0          0          0          0     GICv3  23 Level     arm-pmu
 24:          0          0          0          0          0          0          0          0     GICv3 610 Edge      q6v5 wdog
 25:          0          0          0          0          0          0          0          0     GICv3 296 Edge      q6v5 wdog
 26:          0          0          0          0          0          0          0          0     GICv3 384 Edge      generic-irq
 28:        351          0          0          0          0          0          0          0     GICv3 261 Level     ipcc_0
 30:       4120          0          0          0          0          0          0          0     GICv3 297 Level     ufshcd
 35:       5908          0          0          0          0          0          0          0     GICv3  37 Level     apps_rsc
 36:          0          0          0          0          0          0          0          0     GICv3 161 Level     disp_rsc
 37:         63          0          0          0          0          0          0          0     GICv3 613 Level     190b6400.qcom,bwmon-llcc
 38:          9          0          0          0          0          0          0          0     GICv3 113 Level     19091000.qcom,bwmon-ddr
 39:          3          0          0          0          0          0          0          0     GICv3 686 Edge      ipa
 40:        195          0          0          0          0          0          0          0     GICv3 464 Level     gsi
 85:          2          0          0          0          0          0          0          0     GICv3 619 Level     msm_serial_geni0
112:          0          0          0          0          0          0          0          0     GICv3  97 Level     arm-smmu global fault
113:          0          0          0          0          0          0          0          0     GICv3 129 Level     arm-smmu-context-fault
114:          0          0          0          0          0          0          0          0     GICv3 130 Level     arm-smmu-context-fault
115:          0          0          0          0          0          0          0          0     GICv3 131 Level     arm-smmu-context-fault
116:          0          0          0          0          0          0          0          0     GICv3 132 Level     arm-smmu-context-fault
117:          0          0          0          0          0          0          0          0     GICv3 133 Level     arm-smmu-context-fault
118:          0          0          0          0          0          0          0          0     GICv3 134 Level     arm-smmu-context-fault
119:          0          0          0          0          0          0          0          0     GICv3 135 Level     arm-smmu-context-fault
120:          0          0          0          0          0          0          0          0     GICv3 136 Level     arm-smmu-context-fault
121:          0          0          0          0          0          0          0          0     GICv3 137 Level     arm-smmu-context-fault
122:          0          0          0          0          0          0          0          0     GICv3 138 Level     arm-smmu-context-fault
123:          0          0          0          0          0          0          0          0     GICv3 139 Level     arm-smmu-context-fault
212:          0          0          0          0          0          0          0          0     GICv3 172 Edge      int_global_int
259:          0          0          0          0          0          0          0          0     GICv3 115 Level     msm_drm
291:          0          0          0          0          0          0          0          0     GICv3  32 Edge      apps_wdog_bark
292:          0          0          0          0          0          0          0          0     GICv3 960 Edge      gh_msgq_tx_0
293:          0          0          0          0          0          0          0          0     GICv3 961 Edge      gh_msgq_rx_0
296:          0          0          0          0          0          0          0          0       PDC  11 Level     eud_irq
297:          0          0          0          0          0          0          0          0     GICv3 162 Level     pwr_event_irq
298:          0          0          0          0          0          0          0          0       PDC  14 Edge      dp_hs_phy_irq
299:          0          0          0          0          0          0          0          0       PDC  15 Edge      dm_hs_phy_irq
300:          0          0          0          0          0          0          0          0       PDC  17 Level     ss_phy_irq
301:       5352          0          0          0          0          0          0          0     GICv3 165 Level     dwc3-msm, dwc3
302:          0          0          0          0          0          0          0          0       sde  12 Edge      dp_display_isr
303:          0          0          0          0          0          0          0          0       sde   4 Edge      dsi_ctrl
304:          0          0          0          0          0          0          0          0   msmgpio  96 Edge      msm_pcie_wake
305:          0          0          0          0          0          0          0          0   msmgpio  79 Edge      hs_uart_wakeup
306:          4          0          0          0          0          0          0          0      ipcc   0 Edge      aoss-qmp
307:          0          0          0          0          0          0          0          0      ipcc 196610 Edge      smp2p
308:          0          0          0          0          0          0          0          0      ipcc 262146 Edge      smp2p
309:          0          0          0          0          0          0          0          0      ipcc 393218 Edge      smp2p
310:          6          0          0          0          0          0          0          0      ipcc 131074 Edge      smp2p
311:          2          0          0          0          0          0          0          0      ipcc 1507328 Edge      qcom,qmp-tme
312:          0          0          0          0          0          0          0          0       PDC   6 Edge      q6v5 wdog
313:          0          0          0          0          0          0          0          0     smp2p   0 Edge      q6v5 fatal
314:          0          0          0          0          0          0          0          0     smp2p   1 Edge      q6v5 ready
315:          0          0          0          0          0          0          0          0     smp2p   2 Edge      q6v5 handover
316:          0          0          0          0          0          0          0          0     smp2p   3 Edge      q6v5 stop
317:          0          0          0          0          0          0          0          0     smp2p   0 Edge      q6v5 fatal
318:          0          0          0          0          0          0          0          0     smp2p   1 Edge      q6v5 ready
319:          0          0          0          0          0          0          0          0     smp2p   2 Edge      q6v5 handover
320:          0          0          0          0          0          0          0          0     smp2p   3 Edge      q6v5 stop
321:          0          0          0          0          0          0          0          0       PDC   9 Edge      q6v5 wdog
322:          0          0          0          0          0          0          0          0     smp2p   0 Edge      q6v5 fatal
323:          0          0          0          0          0          0          0          0     smp2p   1 Edge      q6v5 ready
324:          0          0          0          0          0          0          0          0     smp2p   2 Edge      q6v5 handover
325:          0          0          0          0          0          0          0          0     smp2p   3 Edge      q6v5 stop
326:          0          0          0          0          0          0          0          0     smp2p   0 Edge      q6v5 fatal
327:          0          0          0          0          0          0          0          2     smp2p   1 Edge      q6v5 ready
328:          0          0          0          0          0          0          0          2     smp2p   2 Edge      q6v5 handover
329:          0          0          0          0          0          0          0          0     smp2p   3 Edge      q6v5 stop
330:          0          0          0          0          0          0          0          1     smp2p   7 Edge      q6v5 shutdown-ack
331:          0          0          0          0          0          0          0          0     smp2p   0 Edge      smp2p_sleepstate
334:          0          0          0          0          0          0          0          0  pmic_arb 102826394 Edge      pm8xxx_rtc_alarm
356:          0          0          0          0          0          0          0          0     smp2p   0 Edge      ipa_smp2p_clk_vote
358:        371          0          0          0          0          0          0          0      ipcc 131072 Edge      glink-native-modem
359:          0          0          0          0          0          0          0          0  ITS-pMSI   0 Edge      gsi_msi
360:          0          0          0          0          0          0          0          0  ITS-pMSI   1 Edge      gsi_msi
IPI0:       118        194        192        109       2517       2422       2471      25418       Rescheduling interrupts
IPI1:     10592        580        215        302        458        485        613       2762       Function call interrupts
IPI2:         0          0          0          0          0          0          0          0       CPU stop interrupts
IPI3:         0          0          0          0          0          0          0          0       CPU stop (for crash dump) interrupts
IPI4:         0          0          0          0          0          0          0          0       Timer broadcast interrupts
IPI5:       787         21          6          1        372        320        285      44720       IRQ work interrupts
IPI6:         0          0          0          0          0          0          0          0       CPU wake-up interrupts
Err:          0
IRQ_UPTIME=1618.91 12450.90
           CPU0       CPU1       CPU2       CPU3       CPU4       CPU5       CPU6       CPU7       
 11:       2390        210        191         79        863        849        551      59945     GICv3  27 Level     arch_timer
 13:          0          0          0          0          0          0          0          0     GICv3  38 Level     arch_mem_timer
 15:          0          0          0          0          0          0          0          0     GICv3 962 Edge      qcom-scm
 16:          0          0          0          0          0          0          0          0     GICv3  62 Level     dcvsh-irq-0
 17:          0          0          0          0          1          0          0          0     GICv3  63 Level     dcvsh-irq-4
 18:          0          0          0          0          0          0          0          1     GICv3  51 Level     dcvsh-irq-7
 21:         11          0          0          0          0          0          0          0     GICv3  94 Level     qcom_rimps
 22:          0          0          0          0          0          0          0          0     GICv3  23 Level     arm-pmu
 24:          0          0          0          0          0          0          0          0     GICv3 610 Edge      q6v5 wdog
 25:          0          0          0          0          0          0          0          0     GICv3 296 Edge      q6v5 wdog
 26:          0          0          0          0          0          0          0          0     GICv3 384 Edge      generic-irq
 28:        351          0          0          0          0          0          0          0     GICv3 261 Level     ipcc_0
 30:       4123          0          0          0          0          0          0          0     GICv3 297 Level     ufshcd
 35:       5914          0          0          0          0          0          0          0     GICv3  37 Level     apps_rsc
 36:          0          0          0          0          0          0          0          0     GICv3 161 Level     disp_rsc
 37:         63          0          0          0          0          0          0          0     GICv3 613 Level     190b6400.qcom,bwmon-llcc
 38:          9          0          0          0          0          0          0          0     GICv3 113 Level     19091000.qcom,bwmon-ddr
 39:          3          0          0          0          0          0          0          0     GICv3 686 Edge      ipa
 40:        195          0          0          0          0          0          0          0     GICv3 464 Level     gsi
 85:          2          0          0          0          0          0          0          0     GICv3 619 Level     msm_serial_geni0
112:          0          0          0          0          0          0          0          0     GICv3  97 Level     arm-smmu global fault
113:          0          0          0          0          0          0          0          0     GICv3 129 Level     arm-smmu-context-fault
114:          0          0          0          0          0          0          0          0     GICv3 130 Level     arm-smmu-context-fault
115:          0          0          0          0          0          0          0          0     GICv3 131 Level     arm-smmu-context-fault
116:          0          0          0          0          0          0          0          0     GICv3 132 Level     arm-smmu-context-fault
117:          0          0          0          0          0          0          0          0     GICv3 133 Level     arm-smmu-context-fault
118:          0          0          0          0          0          0          0          0     GICv3 134 Level     arm-smmu-context-fault
119:          0          0          0          0          0          0          0          0     GICv3 135 Level     arm-smmu-context-fault
120:          0          0          0          0          0          0          0          0     GICv3 136 Level     arm-smmu-context-fault
121:          0          0          0          0          0          0          0          0     GICv3 137 Level     arm-smmu-context-fault
122:          0          0          0          0          0          0          0          0     GICv3 138 Level     arm-smmu-context-fault
123:          0          0          0          0          0          0          0          0     GICv3 139 Level     arm-smmu-context-fault
212:          0          0          0          0          0          0          0          0     GICv3 172 Edge      int_global_int
259:          0          0          0          0          0          0          0          0     GICv3 115 Level     msm_drm
291:          0          0          0          0          0          0          0          0     GICv3  32 Edge      apps_wdog_bark
292:          0          0          0          0          0          0          0          0     GICv3 960 Edge      gh_msgq_tx_0
293:          0          0          0          0          0          0          0          0     GICv3 961 Edge      gh_msgq_rx_0
296:          0          0          0          0          0          0          0          0       PDC  11 Level     eud_irq
297:          0          0          0          0          0          0          0          0     GICv3 162 Level     pwr_event_irq
298:          0          0          0          0          0          0          0          0       PDC  14 Edge      dp_hs_phy_irq
299:          0          0          0          0          0          0          0          0       PDC  15 Edge      dm_hs_phy_irq
300:          0          0          0          0          0          0          0          0       PDC  17 Level     ss_phy_irq
301:       5352          0          0          0          0          0          0          0     GICv3 165 Level     dwc3-msm, dwc3
302:          0          0          0          0          0          0          0          0       sde  12 Edge      dp_display_isr
303:          0          0          0          0          0          0          0          0       sde   4 Edge      dsi_ctrl
304:          0          0          0          0          0          0          0          0   msmgpio  96 Edge      msm_pcie_wake
305:          0          0          0          0          0          0          0          0   msmgpio  79 Edge      hs_uart_wakeup
306:          4          0          0          0          0          0          0          0      ipcc   0 Edge      aoss-qmp
307:          0          0          0          0          0          0          0          0      ipcc 196610 Edge      smp2p
308:          0          0          0          0          0          0          0          0      ipcc 262146 Edge      smp2p
309:          0          0          0          0          0          0          0          0      ipcc 393218 Edge      smp2p
310:          6          0          0          0          0          0          0          0      ipcc 131074 Edge      smp2p
311:          2          0          0          0          0          0          0          0      ipcc 1507328 Edge      qcom,qmp-tme
312:          0          0          0          0          0          0          0          0       PDC   6 Edge      q6v5 wdog
313:          0          0          0          0          0          0          0          0     smp2p   0 Edge      q6v5 fatal
314:          0          0          0          0          0          0          0          0     smp2p   1 Edge      q6v5 ready
315:          0          0          0          0          0          0          0          0     smp2p   2 Edge      q6v5 handover
316:          0          0          0          0          0          0          0          0     smp2p   3 Edge      q6v5 stop
317:          0          0          0          0          0          0          0          0     smp2p   0 Edge      q6v5 fatal
318:          0          0          0          0          0          0          0          0     smp2p   1 Edge      q6v5 ready
319:          0          0          0          0          0          0          0          0     smp2p   2 Edge      q6v5 handover
320:          0          0          0          0          0          0          0          0     smp2p   3 Edge      q6v5 stop
321:          0          0          0          0          0          0          0          0       PDC   9 Edge      q6v5 wdog
322:          0          0          0          0          0          0          0          0     smp2p   0 Edge      q6v5 fatal
323:          0          0          0          0          0          0          0          0     smp2p   1 Edge      q6v5 ready
324:          0          0          0          0          0          0          0          0     smp2p   2 Edge      q6v5 handover
325:          0          0          0          0          0          0          0          0     smp2p   3 Edge      q6v5 stop
326:          0          0          0          0          0          0          0          0     smp2p   0 Edge      q6v5 fatal
327:          0          0          0          0          0          0          0          2     smp2p   1 Edge      q6v5 ready
328:          0          0          0          0          0          0          0          2     smp2p   2 Edge      q6v5 handover
329:          0          0          0          0          0          0          0          0     smp2p   3 Edge      q6v5 stop
330:          0          0          0          0          0          0          0          1     smp2p   7 Edge      q6v5 shutdown-ack
331:          0          0          0          0          0          0          0          0     smp2p   0 Edge      smp2p_sleepstate
334:          0          0          0          0          0          0          0          0  pmic_arb 102826394 Edge      pm8xxx_rtc_alarm
356:          0          0          0          0          0          0          0          0     smp2p   0 Edge      ipa_smp2p_clk_vote
358:        371          0          0          0          0          0          0          0      ipcc 131072 Edge      glink-native-modem
359:          0          0          0          0          0          0          0          0  ITS-pMSI   0 Edge      gsi_msi
360:          0          0          0          0          0          0          0          0  ITS-pMSI   1 Edge      gsi_msi
IPI0:       118        194        192        109       2517       2422       2472      25428       Rescheduling interrupts
IPI1:     10599        580        215        302        458        485        613       2763       Function call interrupts
IPI2:         0          0          0          0          0          0          0          0       CPU stop interrupts
IPI3:         0          0          0          0          0          0          0          0       CPU stop (for crash dump) interrupts
IPI4:         0          0          0          0          0          0          0          0       Timer broadcast interrupts
IPI5:       787         21          6          1        372        320        285      44751       IRQ work interrupts
IPI6:         0          0          0          0          0          0          0          0       CPU wake-up interrupts
Err:          0
IRQ_UPTIME=1619.92 12460.95
           CPU0       CPU1       CPU2       CPU3       CPU4       CPU5       CPU6       CPU7       
 11:       2391        210        191         79        864        850        552      60000     GICv3  27 Level     arch_timer
 13:          0          0          0          0          0          0          0          0     GICv3  38 Level     arch_mem_timer
 15:          0          0          0          0          0          0          0          0     GICv3 962 Edge      qcom-scm
 16:          0          0          0          0          0          0          0          0     GICv3  62 Level     dcvsh-irq-0
 17:          0          0          0          0          1          0          0          0     GICv3  63 Level     dcvsh-irq-4
 18:          0          0          0          0          0          0          0          1     GICv3  51 Level     dcvsh-irq-7
 21:         11          0          0          0          0          0          0          0     GICv3  94 Level     qcom_rimps
 22:          0          0          0          0          0          0          0          0     GICv3  23 Level     arm-pmu
 24:          0          0          0          0          0          0          0          0     GICv3 610 Edge      q6v5 wdog
 25:          0          0          0          0          0          0          0          0     GICv3 296 Edge      q6v5 wdog
 26:          0          0          0          0          0          0          0          0     GICv3 384 Edge      generic-irq
 28:        351          0          0          0          0          0          0          0     GICv3 261 Level     ipcc_0
 30:       4127          0          0          0          0          0          0          0     GICv3 297 Level     ufshcd
 35:       5924          0          0          0          0          0          0          0     GICv3  37 Level     apps_rsc
 36:          0          0          0          0          0          0          0          0     GICv3 161 Level     disp_rsc
 37:         63          0          0          0          0          0          0          0     GICv3 613 Level     190b6400.qcom,bwmon-llcc
 38:          9          0          0          0          0          0          0          0     GICv3 113 Level     19091000.qcom,bwmon-ddr
 39:          3          0          0          0          0          0          0          0     GICv3 686 Edge      ipa
 40:        195          0          0          0          0          0          0          0     GICv3 464 Level     gsi
 85:          2          0          0          0          0          0          0          0     GICv3 619 Level     msm_serial_geni0
112:          0          0          0          0          0          0          0          0     GICv3  97 Level     arm-smmu global fault
113:          0          0          0          0          0          0          0          0     GICv3 129 Level     arm-smmu-context-fault
114:          0          0          0          0          0          0          0          0     GICv3 130 Level     arm-smmu-context-fault
115:          0          0          0          0          0          0          0          0     GICv3 131 Level     arm-smmu-context-fault
116:          0          0          0          0          0          0          0          0     GICv3 132 Level     arm-smmu-context-fault
117:          0          0          0          0          0          0          0          0     GICv3 133 Level     arm-smmu-context-fault
118:          0          0          0          0          0          0          0          0     GICv3 134 Level     arm-smmu-context-fault
119:          0          0          0          0          0          0          0          0     GICv3 135 Level     arm-smmu-context-fault
120:          0          0          0          0          0          0          0          0     GICv3 136 Level     arm-smmu-context-fault
121:          0          0          0          0          0          0          0          0     GICv3 137 Level     arm-smmu-context-fault
122:          0          0          0          0          0          0          0          0     GICv3 138 Level     arm-smmu-context-fault
123:          0          0          0          0          0          0          0          0     GICv3 139 Level     arm-smmu-context-fault
212:          0          0          0          0          0          0          0          0     GICv3 172 Edge      int_global_int
259:          0          0          0          0          0          0          0          0     GICv3 115 Level     msm_drm
291:          0          0          0          0          0          0          0          0     GICv3  32 Edge      apps_wdog_bark
292:          0          0          0          0          0          0          0          0     GICv3 960 Edge      gh_msgq_tx_0
293:          0          0          0          0          0          0          0          0     GICv3 961 Edge      gh_msgq_rx_0
296:          0          0          0          0          0          0          0          0       PDC  11 Level     eud_irq
297:          0          0          0          0          0          0          0          0     GICv3 162 Level     pwr_event_irq
298:          0          0          0          0          0          0          0          0       PDC  14 Edge      dp_hs_phy_irq
299:          0          0          0          0          0          0          0          0       PDC  15 Edge      dm_hs_phy_irq
300:          0          0          0          0          0          0          0          0       PDC  17 Level     ss_phy_irq
301:       5352          0          0          0          0          0          0          0     GICv3 165 Level     dwc3-msm, dwc3
302:          0          0          0          0          0          0          0          0       sde  12 Edge      dp_display_isr
303:          0          0          0          0          0          0          0          0       sde   4 Edge      dsi_ctrl
304:          0          0          0          0          0          0          0          0   msmgpio  96 Edge      msm_pcie_wake
305:          0          0          0          0          0          0          0          0   msmgpio  79 Edge      hs_uart_wakeup
306:          4          0          0          0          0          0          0          0      ipcc   0 Edge      aoss-qmp
307:          0          0          0          0          0          0          0          0      ipcc 196610 Edge      smp2p
308:          0          0          0          0          0          0          0          0      ipcc 262146 Edge      smp2p
309:          0          0          0          0          0          0          0          0      ipcc 393218 Edge      smp2p
310:          6          0          0          0          0          0          0          0      ipcc 131074 Edge      smp2p
311:          2          0          0          0          0          0          0          0      ipcc 1507328 Edge      qcom,qmp-tme
312:          0          0          0          0          0          0          0          0       PDC   6 Edge      q6v5 wdog
313:          0          0          0          0          0          0          0          0     smp2p   0 Edge      q6v5 fatal
314:          0          0          0          0          0          0          0          0     smp2p   1 Edge      q6v5 ready
315:          0          0          0          0          0          0          0          0     smp2p   2 Edge      q6v5 handover
316:          0          0          0          0          0          0          0          0     smp2p   3 Edge      q6v5 stop
317:          0          0          0          0          0          0          0          0     smp2p   0 Edge      q6v5 fatal
318:          0          0          0          0          0          0          0          0     smp2p   1 Edge      q6v5 ready
319:          0          0          0          0          0          0          0          0     smp2p   2 Edge      q6v5 handover
320:          0          0          0          0          0          0          0          0     smp2p   3 Edge      q6v5 stop
321:          0          0          0          0          0          0          0          0       PDC   9 Edge      q6v5 wdog
322:          0          0          0          0          0          0          0          0     smp2p   0 Edge      q6v5 fatal
323:          0          0          0          0          0          0          0          0     smp2p   1 Edge      q6v5 ready
324:          0          0          0          0          0          0          0          0     smp2p   2 Edge      q6v5 handover
325:          0          0          0          0          0          0          0          0     smp2p   3 Edge      q6v5 stop
326:          0          0          0          0          0          0          0          0     smp2p   0 Edge      q6v5 fatal
327:          0          0          0          0          0          0          0          2     smp2p   1 Edge      q6v5 ready
328:          0          0          0          0          0          0          0          2     smp2p   2 Edge      q6v5 handover
329:          0          0          0          0          0          0          0          0     smp2p   3 Edge      q6v5 stop
330:          0          0          0          0          0          0          0          1     smp2p   7 Edge      q6v5 shutdown-ack
331:          0          0          0          0          0          0          0          0     smp2p   0 Edge      smp2p_sleepstate
334:          0          0          0          0          0          0          0          0  pmic_arb 102826394 Edge      pm8xxx_rtc_alarm
356:          0          0          0          0          0          0          0          0     smp2p   0 Edge      ipa_smp2p_clk_vote
358:        371          0          0          0          0          0          0          0      ipcc 131072 Edge      glink-native-modem
359:          0          0          0          0          0          0          0          0  ITS-pMSI   0 Edge      gsi_msi
360:          0          0          0          0          0          0          0          0  ITS-pMSI   1 Edge      gsi_msi
IPI0:       118        194        192        109       2522       2428       2474      25451       Rescheduling interrupts
IPI1:     10606        580        215        302        458        485        613       2765       Function call interrupts
IPI2:         0          0          0          0          0          0          0          0       CPU stop interrupts
IPI3:         0          0          0          0          0          0          0          0       CPU stop (for crash dump) interrupts
IPI4:         0          0          0          0          0          0          0          0       Timer broadcast interrupts
IPI5:       787         21          6          1        375        322        286      44794       IRQ work interrupts
IPI6:         0          0          0          0          0          0          0          0       CPU wake-up interrupts
Err:          0
IRQ_UPTIME=1620.92 12463.98
           CPU0       CPU1       CPU2       CPU3       CPU4       CPU5       CPU6       CPU7       
 11:       2392        210        191         79        864        850        552      60045     GICv3  27 Level     arch_timer
 13:          0          0          0          0          0          0          0          0     GICv3  38 Level     arch_mem_timer
 15:          0          0          0          0          0          0          0          0     GICv3 962 Edge      qcom-scm
 16:          0          0          0          0          0          0          0          0     GICv3  62 Level     dcvsh-irq-0
 17:          0          0          0          0          1          0          0          0     GICv3  63 Level     dcvsh-irq-4
 18:          0          0          0          0          0          0          0          1     GICv3  51 Level     dcvsh-irq-7
 21:         11          0          0          0          0          0          0          0     GICv3  94 Level     qcom_rimps
 22:          0          0          0          0          0          0          0          0     GICv3  23 Level     arm-pmu
 24:          0          0          0          0          0          0          0          0     GICv3 610 Edge      q6v5 wdog
 25:          0          0          0          0          0          0          0          0     GICv3 296 Edge      q6v5 wdog
 26:          0          0          0          0          0          0          0          0     GICv3 384 Edge      generic-irq
 28:        351          0          0          0          0          0          0          0     GICv3 261 Level     ipcc_0
 30:       4130          0          0          0          0          0          0          0     GICv3 297 Level     ufshcd
 35:       5932          0          0          0          0          0          0          0     GICv3  37 Level     apps_rsc
 36:          0          0          0          0          0          0          0          0     GICv3 161 Level     disp_rsc
 37:         63          0          0          0          0          0          0          0     GICv3 613 Level     190b6400.qcom,bwmon-llcc
 38:          9          0          0          0          0          0          0          0     GICv3 113 Level     19091000.qcom,bwmon-ddr
 39:          3          0          0          0          0          0          0          0     GICv3 686 Edge      ipa
 40:        195          0          0          0          0          0          0          0     GICv3 464 Level     gsi
 85:          2          0          0          0          0          0          0          0     GICv3 619 Level     msm_serial_geni0
112:          0          0          0          0          0          0          0          0     GICv3  97 Level     arm-smmu global fault
113:          0          0          0          0          0          0          0          0     GICv3 129 Level     arm-smmu-context-fault
114:          0          0          0          0          0          0          0          0     GICv3 130 Level     arm-smmu-context-fault
115:          0          0          0          0          0          0          0          0     GICv3 131 Level     arm-smmu-context-fault
116:          0          0          0          0          0          0          0          0     GICv3 132 Level     arm-smmu-context-fault
117:          0          0          0          0          0          0          0          0     GICv3 133 Level     arm-smmu-context-fault
118:          0          0          0          0          0          0          0          0     GICv3 134 Level     arm-smmu-context-fault
119:          0          0          0          0          0          0          0          0     GICv3 135 Level     arm-smmu-context-fault
120:          0          0          0          0          0          0          0          0     GICv3 136 Level     arm-smmu-context-fault
121:          0          0          0          0          0          0          0          0     GICv3 137 Level     arm-smmu-context-fault
122:          0          0          0          0          0          0          0          0     GICv3 138 Level     arm-smmu-context-fault
123:          0          0          0          0          0          0          0          0     GICv3 139 Level     arm-smmu-context-fault
212:          0          0          0          0          0          0          0          0     GICv3 172 Edge      int_global_int
259:          0          0          0          0          0          0          0          0     GICv3 115 Level     msm_drm
291:          0          0          0          0          0          0          0          0     GICv3  32 Edge      apps_wdog_bark
292:          0          0          0          0          0          0          0          0     GICv3 960 Edge      gh_msgq_tx_0
293:          0          0          0          0          0          0          0          0     GICv3 961 Edge      gh_msgq_rx_0
296:          0          0          0          0          0          0          0          0       PDC  11 Level     eud_irq
297:          0          0          0          0          0          0          0          0     GICv3 162 Level     pwr_event_irq
298:          0          0          0          0          0          0          0          0       PDC  14 Edge      dp_hs_phy_irq
299:          0          0          0          0          0          0          0          0       PDC  15 Edge      dm_hs_phy_irq
300:          0          0          0          0          0          0          0          0       PDC  17 Level     ss_phy_irq
301:       5352          0          0          0          0          0          0          0     GICv3 165 Level     dwc3-msm, dwc3
302:          0          0          0          0          0          0          0          0       sde  12 Edge      dp_display_isr
303:          0          0          0          0          0          0          0          0       sde   4 Edge      dsi_ctrl
304:          0          0          0          0          0          0          0          0   msmgpio  96 Edge      msm_pcie_wake
305:          0          0          0          0          0          0          0          0   msmgpio  79 Edge      hs_uart_wakeup
306:          4          0          0          0          0          0          0          0      ipcc   0 Edge      aoss-qmp
307:          0          0          0          0          0          0          0          0      ipcc 196610 Edge      smp2p
308:          0          0          0          0          0          0          0          0      ipcc 262146 Edge      smp2p
309:          0          0          0          0          0          0          0          0      ipcc 393218 Edge      smp2p
310:          6          0          0          0          0          0          0          0      ipcc 131074 Edge      smp2p
311:          2          0          0          0          0          0          0          0      ipcc 1507328 Edge      qcom,qmp-tme
312:          0          0          0          0          0          0          0          0       PDC   6 Edge      q6v5 wdog
313:          0          0          0          0          0          0          0          0     smp2p   0 Edge      q6v5 fatal
314:          0          0          0          0          0          0          0          0     smp2p   1 Edge      q6v5 ready
315:          0          0          0          0          0          0          0          0     smp2p   2 Edge      q6v5 handover
316:          0          0          0          0          0          0          0          0     smp2p   3 Edge      q6v5 stop
317:          0          0          0          0          0          0          0          0     smp2p   0 Edge      q6v5 fatal
318:          0          0          0          0          0          0          0          0     smp2p   1 Edge      q6v5 ready
319:          0          0          0          0          0          0          0          0     smp2p   2 Edge      q6v5 handover
320:          0          0          0          0          0          0          0          0     smp2p   3 Edge      q6v5 stop
321:          0          0          0          0          0          0          0          0       PDC   9 Edge      q6v5 wdog
322:          0          0          0          0          0          0          0          0     smp2p   0 Edge      q6v5 fatal
323:          0          0          0          0          0          0          0          0     smp2p   1 Edge      q6v5 ready
324:          0          0          0          0          0          0          0          0     smp2p   2 Edge      q6v5 handover
325:          0          0          0          0          0          0          0          0     smp2p   3 Edge      q6v5 stop
326:          0          0          0          0          0          0          0          0     smp2p   0 Edge      q6v5 fatal
327:          0          0          0          0          0          0          0          2     smp2p   1 Edge      q6v5 ready
328:          0          0          0          0          0          0          0          2     smp2p   2 Edge      q6v5 handover
329:          0          0          0          0          0          0          0          0     smp2p   3 Edge      q6v5 stop
330:          0          0          0          0          0          0          0          1     smp2p   7 Edge      q6v5 shutdown-ack
331:          0          0          0          0          0          0          0          0     smp2p   0 Edge      smp2p_sleepstate
334:          0          0          0          0          0          0          0          0  pmic_arb 102826394 Edge      pm8xxx_rtc_alarm
356:          0          0          0          0          0          0          0          0     smp2p   0 Edge      ipa_smp2p_clk_vote
358:        371          0          0          0          0          0          0          0      ipcc 131072 Edge      glink-native-modem
359:          0          0          0          0          0          0          0          0  ITS-pMSI   0 Edge      gsi_msi
360:          0          0          0          0          0          0          0          0  ITS-pMSI   1 Edge      gsi_msi
IPI0:       118        194        192        109       2522       2428       2474      25462       Rescheduling interrupts
IPI1:     10613        580        215        302        458        485        613       2766       Function call interrupts
IPI2:         0          0          0          0          0          0          0          0       CPU stop interrupts
IPI3:         0          0          0          0          0          0          0          0       CPU stop (for crash dump) interrupts
IPI4:         0          0          0          0          0          0          0          0       Timer broadcast interrupts
IPI5:       787         21          6          1        375        322        286      44826       IRQ work interrupts
IPI6:         0          0          0          0          0          0          0          0       CPU wake-up interrupts
Err:          0
IRQ_UPTIME=1621.93 12464.98
           CPU0       CPU1       CPU2       CPU3       CPU4       CPU5       CPU6       CPU7       
 11:       2392        210        191         79        864        850        552      60082     GICv3  27 Level     arch_timer
 13:          0          0          0          0          0          0          0          0     GICv3  38 Level     arch_mem_timer
 15:          0          0          0          0          0          0          0          0     GICv3 962 Edge      qcom-scm
 16:          0          0          0          0          0          0          0          0     GICv3  62 Level     dcvsh-irq-0
 17:          0          0          0          0          1          0          0          0     GICv3  63 Level     dcvsh-irq-4
 18:          0          0          0          0          0          0          0          1     GICv3  51 Level     dcvsh-irq-7
 21:         11          0          0          0          0          0          0          0     GICv3  94 Level     qcom_rimps
 22:          0          0          0          0          0          0          0          0     GICv3  23 Level     arm-pmu
 24:          0          0          0          0          0          0          0          0     GICv3 610 Edge      q6v5 wdog
 25:          0          0          0          0          0          0          0          0     GICv3 296 Edge      q6v5 wdog
 26:          0          0          0          0          0          0          0          0     GICv3 384 Edge      generic-irq
 28:        351          0          0          0          0          0          0          0     GICv3 261 Level     ipcc_0
 30:       4130          0          0          0          0          0          0          0     GICv3 297 Level     ufshcd
 35:       5932          0          0          0          0          0          0          0     GICv3  37 Level     apps_rsc
 36:          0          0          0          0          0          0          0          0     GICv3 161 Level     disp_rsc
 37:         63          0          0          0          0          0          0          0     GICv3 613 Level     190b6400.qcom,bwmon-llcc
 38:          9          0          0          0          0          0          0          0     GICv3 113 Level     19091000.qcom,bwmon-ddr
 39:          3          0          0          0          0          0          0          0     GICv3 686 Edge      ipa
 40:        195          0          0          0          0          0          0          0     GICv3 464 Level     gsi
 85:          2          0          0          0          0          0          0          0     GICv3 619 Level     msm_serial_geni0
112:          0          0          0          0          0          0          0          0     GICv3  97 Level     arm-smmu global fault
113:          0          0          0          0          0          0          0          0     GICv3 129 Level     arm-smmu-context-fault
114:          0          0          0          0          0          0          0          0     GICv3 130 Level     arm-smmu-context-fault
115:          0          0          0          0          0          0          0          0     GICv3 131 Level     arm-smmu-context-fault
116:          0          0          0          0          0          0          0          0     GICv3 132 Level     arm-smmu-context-fault
117:          0          0          0          0          0          0          0          0     GICv3 133 Level     arm-smmu-context-fault
118:          0          0          0          0          0          0          0          0     GICv3 134 Level     arm-smmu-context-fault
119:          0          0          0          0          0          0          0          0     GICv3 135 Level     arm-smmu-context-fault
120:          0          0          0          0          0          0          0          0     GICv3 136 Level     arm-smmu-context-fault
121:          0          0          0          0          0          0          0          0     GICv3 137 Level     arm-smmu-context-fault
122:          0          0          0          0          0          0          0          0     GICv3 138 Level     arm-smmu-context-fault
123:          0          0          0          0          0          0          0          0     GICv3 139 Level     arm-smmu-context-fault
212:          0          0          0          0          0          0          0          0     GICv3 172 Edge      int_global_int
259:          0          0          0          0          0          0          0          0     GICv3 115 Level     msm_drm
291:          0          0          0          0          0          0          0          0     GICv3  32 Edge      apps_wdog_bark
292:          0          0          0          0          0          0          0          0     GICv3 960 Edge      gh_msgq_tx_0
293:          0          0          0          0          0          0          0          0     GICv3 961 Edge      gh_msgq_rx_0
296:          0          0          0          0          0          0          0          0       PDC  11 Level     eud_irq
297:          0          0          0          0          0          0          0          0     GICv3 162 Level     pwr_event_irq
298:          0          0          0          0          0          0          0          0       PDC  14 Edge      dp_hs_phy_irq
299:          0          0          0          0          0          0          0          0       PDC  15 Edge      dm_hs_phy_irq
300:          0          0          0          0          0          0          0          0       PDC  17 Level     ss_phy_irq
301:       5352          0          0          0          0          0          0          0     GICv3 165 Level     dwc3-msm, dwc3
302:          0          0          0          0          0          0          0          0       sde  12 Edge      dp_display_isr
303:          0          0          0          0          0          0          0          0       sde   4 Edge      dsi_ctrl
304:          0          0          0          0          0          0          0          0   msmgpio  96 Edge      msm_pcie_wake
305:          0          0          0          0          0          0          0          0   msmgpio  79 Edge      hs_uart_wakeup
306:          4          0          0          0          0          0          0          0      ipcc   0 Edge      aoss-qmp
307:          0          0          0          0          0          0          0          0      ipcc 196610 Edge      smp2p
308:          0          0          0          0          0          0          0          0      ipcc 262146 Edge      smp2p
309:          0          0          0          0          0          0          0          0      ipcc 393218 Edge      smp2p
310:          6          0          0          0          0          0          0          0      ipcc 131074 Edge      smp2p
311:          2          0          0          0          0          0          0          0      ipcc 1507328 Edge      qcom,qmp-tme
312:          0          0          0          0          0          0          0          0       PDC   6 Edge      q6v5 wdog
313:          0          0          0          0          0          0          0          0     smp2p   0 Edge      q6v5 fatal
314:          0          0          0          0          0          0          0          0     smp2p   1 Edge      q6v5 ready
315:          0          0          0          0          0          0          0          0     smp2p   2 Edge      q6v5 handover
316:          0          0          0          0          0          0          0          0     smp2p   3 Edge      q6v5 stop
317:          0          0          0          0          0          0          0          0     smp2p   0 Edge      q6v5 fatal
318:          0          0          0          0          0          0          0          0     smp2p   1 Edge      q6v5 ready
319:          0          0          0          0          0          0          0          0     smp2p   2 Edge      q6v5 handover
320:          0          0          0          0          0          0          0          0     smp2p   3 Edge      q6v5 stop
321:          0          0          0          0          0          0          0          0       PDC   9 Edge      q6v5 wdog
322:          0          0          0          0          0          0          0          0     smp2p   0 Edge      q6v5 fatal
323:          0          0          0          0          0          0          0          0     smp2p   1 Edge      q6v5 ready
324:          0          0          0          0          0          0          0          0     smp2p   2 Edge      q6v5 handover
325:          0          0          0          0          0          0          0          0     smp2p   3 Edge      q6v5 stop
326:          0          0          0          0          0          0          0          0     smp2p   0 Edge      q6v5 fatal
327:          0          0          0          0          0          0          0          2     smp2p   1 Edge      q6v5 ready
328:          0          0          0          0          0          0          0          2     smp2p   2 Edge      q6v5 handover
329:          0          0          0          0          0          0          0          0     smp2p   3 Edge      q6v5 stop
330:          0          0          0          0          0          0          0          1     smp2p   7 Edge      q6v5 shutdown-ack
331:          0          0          0          0          0          0          0          0     smp2p   0 Edge      smp2p_sleepstate
334:          0          0          0          0          0          0          0          0  pmic_arb 102826394 Edge      pm8xxx_rtc_alarm
356:          0          0          0          0          0          0          0          0     smp2p   0 Edge      ipa_smp2p_clk_vote
358:        371          0          0          0          0          0          0          0      ipcc 131072 Edge      glink-native-modem
359:          0          0          0          0          0          0          0          0  ITS-pMSI   0 Edge      gsi_msi
360:          0          0          0          0          0          0          0          0  ITS-pMSI   1 Edge      gsi_msi
IPI0:       118        194        192        109       2522       2428       2474      25462       Rescheduling interrupts
IPI1:     10618        580        215        302        458        485        613       2766       Function call interrupts
IPI2:         0          0          0          0          0          0          0          0       CPU stop interrupts
IPI3:         0          0          0          0          0          0          0          0       CPU stop (for crash dump) interrupts
IPI4:         0          0          0          0          0          0          0          0       Timer broadcast interrupts
IPI5:       787         21          6          1        375        322        286      44857       IRQ work interrupts
IPI6:         0          0          0          0          0          0          0          0       CPU wake-up interrupts
Err:          0
IRQ_UPTIME=1622.93 12479.63
           CPU0       CPU1       CPU2       CPU3       CPU4       CPU5       CPU6       CPU7       
 11:       2404        210        191         79        865        850        553      60153     GICv3  27 Level     arch_timer
 13:          0          0          0          0          0          0          0          0     GICv3  38 Level     arch_mem_timer
 15:          0          0          0          0          0          0          0          0     GICv3 962 Edge      qcom-scm
 16:          0          0          0          0          0          0          0          0     GICv3  62 Level     dcvsh-irq-0
 17:          0          0          0          0          1          0          0          0     GICv3  63 Level     dcvsh-irq-4
 18:          0          0          0          0          0          0          0          1     GICv3  51 Level     dcvsh-irq-7
 21:         11          0          0          0          0          0          0          0     GICv3  94 Level     qcom_rimps
 22:          0          0          0          0          0          0          0          0     GICv3  23 Level     arm-pmu
 24:          0          0          0          0          0          0          0          0     GICv3 610 Edge      q6v5 wdog
 25:          0          0          0          0          0          0          0          0     GICv3 296 Edge      q6v5 wdog
 26:          0          0          0          0          0          0          0          0     GICv3 384 Edge      generic-irq
 28:        351          0          0          0          0          0          0          0     GICv3 261 Level     ipcc_0
 30:       4137          0          0          0          0          0          0          0     GICv3 297 Level     ufshcd
 35:       5945          0          0          0          0          0          0          0     GICv3  37 Level     apps_rsc
 36:          0          0          0          0          0          0          0          0     GICv3 161 Level     disp_rsc
 37:         63          0          0          0          0          0          0          0     GICv3 613 Level     190b6400.qcom,bwmon-llcc
 38:          9          0          0          0          0          0          0          0     GICv3 113 Level     19091000.qcom,bwmon-ddr
 39:          3          0          0          0          0          0          0          0     GICv3 686 Edge      ipa
 40:        195          0          0          0          0          0          0          0     GICv3 464 Level     gsi
 85:          2          0          0          0          0          0          0          0     GICv3 619 Level     msm_serial_geni0
112:          0          0          0          0          0          0          0          0     GICv3  97 Level     arm-smmu global fault
113:          0          0          0          0          0          0          0          0     GICv3 129 Level     arm-smmu-context-fault
114:          0          0          0          0          0          0          0          0     GICv3 130 Level     arm-smmu-context-fault
115:          0          0          0          0          0          0          0          0     GICv3 131 Level     arm-smmu-context-fault
116:          0          0          0          0          0          0          0          0     GICv3 132 Level     arm-smmu-context-fault
117:          0          0          0          0          0          0          0          0     GICv3 133 Level     arm-smmu-context-fault
118:          0          0          0          0          0          0          0          0     GICv3 134 Level     arm-smmu-context-fault
119:          0          0          0          0          0          0          0          0     GICv3 135 Level     arm-smmu-context-fault
120:          0          0          0          0          0          0          0          0     GICv3 136 Level     arm-smmu-context-fault
121:          0          0          0          0          0          0          0          0     GICv3 137 Level     arm-smmu-context-fault
122:          0          0          0          0          0          0          0          0     GICv3 138 Level     arm-smmu-context-fault
123:          0          0          0          0          0          0          0          0     GICv3 139 Level     arm-smmu-context-fault
212:          0          0          0          0          0          0          0          0     GICv3 172 Edge      int_global_int
259:          0          0          0          0          0          0          0          0     GICv3 115 Level     msm_drm
291:          0          0          0          0          0          0          0          0     GICv3  32 Edge      apps_wdog_bark
292:          0          0          0          0          0          0          0          0     GICv3 960 Edge      gh_msgq_tx_0
293:          0          0          0          0          0          0          0          0     GICv3 961 Edge      gh_msgq_rx_0
296:          0          0          0          0          0          0          0          0       PDC  11 Level     eud_irq
297:          0          0          0          0          0          0          0          0     GICv3 162 Level     pwr_event_irq
298:          0          0          0          0          0          0          0          0       PDC  14 Edge      dp_hs_phy_irq
299:          0          0          0          0          0          0          0          0       PDC  15 Edge      dm_hs_phy_irq
300:          0          0          0          0          0          0          0          0       PDC  17 Level     ss_phy_irq
301:       5375          0          0          0          0          0          0          0     GICv3 165 Level     dwc3-msm, dwc3
302:          0          0          0          0          0          0          0          0       sde  12 Edge      dp_display_isr
303:          0          0          0          0          0          0          0          0       sde   4 Edge      dsi_ctrl
304:          0          0          0          0          0          0          0          0   msmgpio  96 Edge      msm_pcie_wake
305:          0          0          0          0          0          0          0          0   msmgpio  79 Edge      hs_uart_wakeup
306:          4          0          0          0          0          0          0          0      ipcc   0 Edge      aoss-qmp
307:          0          0          0          0          0          0          0          0      ipcc 196610 Edge      smp2p
308:          0          0          0          0          0          0          0          0      ipcc 262146 Edge      smp2p
309:          0          0          0          0          0          0          0          0      ipcc 393218 Edge      smp2p
310:          6          0          0          0          0          0          0          0      ipcc 131074 Edge      smp2p
311:          2          0          0          0          0          0          0          0      ipcc 1507328 Edge      qcom,qmp-tme
312:          0          0          0          0          0          0          0          0       PDC   6 Edge      q6v5 wdog
313:          0          0          0          0          0          0          0          0     smp2p   0 Edge      q6v5 fatal
314:          0          0          0          0          0          0          0          0     smp2p   1 Edge      q6v5 ready
315:          0          0          0          0          0          0          0          0     smp2p   2 Edge      q6v5 handover
316:          0          0          0          0          0          0          0          0     smp2p   3 Edge      q6v5 stop
317:          0          0          0          0          0          0          0          0     smp2p   0 Edge      q6v5 fatal
318:          0          0          0          0          0          0          0          0     smp2p   1 Edge      q6v5 ready
319:          0          0          0          0          0          0          0          0     smp2p   2 Edge      q6v5 handover
320:          0          0          0          0          0          0          0          0     smp2p   3 Edge      q6v5 stop
321:          0          0          0          0          0          0          0          0       PDC   9 Edge      q6v5 wdog
322:          0          0          0          0          0          0          0          0     smp2p   0 Edge      q6v5 fatal
323:          0          0          0          0          0          0          0          0     smp2p   1 Edge      q6v5 ready
324:          0          0          0          0          0          0          0          0     smp2p   2 Edge      q6v5 handover
325:          0          0          0          0          0          0          0          0     smp2p   3 Edge      q6v5 stop
326:          0          0          0          0          0          0          0          0     smp2p   0 Edge      q6v5 fatal
327:          0          0          0          0          0          0          0          2     smp2p   1 Edge      q6v5 ready
328:          0          0          0          0          0          0          0          2     smp2p   2 Edge      q6v5 handover
329:          0          0          0          0          0          0          0          0     smp2p   3 Edge      q6v5 stop
330:          0          0          0          0          0          0          0          1     smp2p   7 Edge      q6v5 shutdown-ack
331:          0          0          0          0          0          0          0          0     smp2p   0 Edge      smp2p_sleepstate
334:          0          0          0          0          0          0          0          0  pmic_arb 102826394 Edge      pm8xxx_rtc_alarm
356:          0          0          0          0          0          0          0          0     smp2p   0 Edge      ipa_smp2p_clk_vote
358:        371          0          0          0          0          0          0          0      ipcc 131072 Edge      glink-native-modem
359:          0          0          0          0          0          0          0          0  ITS-pMSI   0 Edge      gsi_msi
360:          0          0          0          0          0          0          0          0  ITS-pMSI   1 Edge      gsi_msi
IPI0:       118        194        192        109       2529       2431       2479      25502       Rescheduling interrupts
IPI1:     10629        581        215        302        458        485        613       2769       Function call interrupts
IPI2:         0          0          0          0          0          0          0          0       CPU stop interrupts
IPI3:         0          0          0          0          0          0          0          0       CPU stop (for crash dump) interrupts
IPI4:         0          0          0          0          0          0          0          0       Timer broadcast interrupts
IPI5:       790         21          6          1        377        323        288      44900       IRQ work interrupts
IPI6:         0          0          0          0          0          0          0          0       CPU wake-up interrupts
Err:          0
IRQ_UPTIME=1623.93 12480.67
           CPU0       CPU1       CPU2       CPU3       CPU4       CPU5       CPU6       CPU7       
 11:       2407        210        191         79        865        852        554      60204     GICv3  27 Level     arch_timer
 13:          0          0          0          0          0          0          0          0     GICv3  38 Level     arch_mem_timer
 15:          0          0          0          0          0          0          0          0     GICv3 962 Edge      qcom-scm
 16:          0          0          0          0          0          0          0          0     GICv3  62 Level     dcvsh-irq-0
 17:          0          0          0          0          1          0          0          0     GICv3  63 Level     dcvsh-irq-4
 18:          0          0          0          0          0          0          0          1     GICv3  51 Level     dcvsh-irq-7
 21:         11          0          0          0          0          0          0          0     GICv3  94 Level     qcom_rimps
 22:          0          0          0          0          0          0          0          0     GICv3  23 Level     arm-pmu
 24:          0          0          0          0          0          0          0          0     GICv3 610 Edge      q6v5 wdog
 25:          0          0          0          0          0          0          0          0     GICv3 296 Edge      q6v5 wdog
 26:          0          0          0          0          0          0          0          0     GICv3 384 Edge      generic-irq
 28:        351          0          0          0          0          0          0          0     GICv3 261 Level     ipcc_0
 30:       4143          0          0          0          0          0          0          0     GICv3 297 Level     ufshcd
 35:       5955          0          0          0          0          0          0          0     GICv3  37 Level     apps_rsc
 36:          0          0          0          0          0          0          0          0     GICv3 161 Level     disp_rsc
 37:         64          0          0          0          0          0          0          0     GICv3 613 Level     190b6400.qcom,bwmon-llcc
 38:          9          0          0          0          0          0          0          0     GICv3 113 Level     19091000.qcom,bwmon-ddr
 39:          3          0          0          0          0          0          0          0     GICv3 686 Edge      ipa
 40:        195          0          0          0          0          0          0          0     GICv3 464 Level     gsi
 85:          2          0          0          0          0          0          0          0     GICv3 619 Level     msm_serial_geni0
112:          0          0          0          0          0          0          0          0     GICv3  97 Level     arm-smmu global fault
113:          0          0          0          0          0          0          0          0     GICv3 129 Level     arm-smmu-context-fault
114:          0          0          0          0          0          0          0          0     GICv3 130 Level     arm-smmu-context-fault
115:          0          0          0          0          0          0          0          0     GICv3 131 Level     arm-smmu-context-fault
116:          0          0          0          0          0          0          0          0     GICv3 132 Level     arm-smmu-context-fault
117:          0          0          0          0          0          0          0          0     GICv3 133 Level     arm-smmu-context-fault
118:          0          0          0          0          0          0          0          0     GICv3 134 Level     arm-smmu-context-fault
119:          0          0          0          0          0          0          0          0     GICv3 135 Level     arm-smmu-context-fault
120:          0          0          0          0          0          0          0          0     GICv3 136 Level     arm-smmu-context-fault
121:          0          0          0          0          0          0          0          0     GICv3 137 Level     arm-smmu-context-fault
122:          0          0          0          0          0          0          0          0     GICv3 138 Level     arm-smmu-context-fault
123:          0          0          0          0          0          0          0          0     GICv3 139 Level     arm-smmu-context-fault
212:          0          0          0          0          0          0          0          0     GICv3 172 Edge      int_global_int
259:          0          0          0          0          0          0          0          0     GICv3 115 Level     msm_drm
291:          0          0          0          0          0          0          0          0     GICv3  32 Edge      apps_wdog_bark
292:          0          0          0          0          0          0          0          0     GICv3 960 Edge      gh_msgq_tx_0
293:          0          0          0          0          0          0          0          0     GICv3 961 Edge      gh_msgq_rx_0
296:          0          0          0          0          0          0          0          0       PDC  11 Level     eud_irq
297:          0          0          0          0          0          0          0          0     GICv3 162 Level     pwr_event_irq
298:          0          0          0          0          0          0          0          0       PDC  14 Edge      dp_hs_phy_irq
299:          0          0          0          0          0          0          0          0       PDC  15 Edge      dm_hs_phy_irq
300:          0          0          0          0          0          0          0          0       PDC  17 Level     ss_phy_irq
301:       5380          0          0          0          0          0          0          0     GICv3 165 Level     dwc3-msm, dwc3
302:          0          0          0          0          0          0          0          0       sde  12 Edge      dp_display_isr
303:          0          0          0          0          0          0          0          0       sde   4 Edge      dsi_ctrl
304:          0          0          0          0          0          0          0          0   msmgpio  96 Edge      msm_pcie_wake
305:          0          0          0          0          0          0          0          0   msmgpio  79 Edge      hs_uart_wakeup
306:          4          0          0          0          0          0          0          0      ipcc   0 Edge      aoss-qmp
307:          0          0          0          0          0          0          0          0      ipcc 196610 Edge      smp2p
308:          0          0          0          0          0          0          0          0      ipcc 262146 Edge      smp2p
309:          0          0          0          0          0          0          0          0      ipcc 393218 Edge      smp2p
310:          6          0          0          0          0          0          0          0      ipcc 131074 Edge      smp2p
311:          2          0          0          0          0          0          0          0      ipcc 1507328 Edge      qcom,qmp-tme
312:          0          0          0          0          0          0          0          0       PDC   6 Edge      q6v5 wdog
313:          0          0          0          0          0          0          0          0     smp2p   0 Edge      q6v5 fatal
314:          0          0          0          0          0          0          0          0     smp2p   1 Edge      q6v5 ready
315:          0          0          0          0          0          0          0          0     smp2p   2 Edge      q6v5 handover
316:          0          0          0          0          0          0          0          0     smp2p   3 Edge      q6v5 stop
317:          0          0          0          0          0          0          0          0     smp2p   0 Edge      q6v5 fatal
318:          0          0          0          0          0          0          0          0     smp2p   1 Edge      q6v5 ready
319:          0          0          0          0          0          0          0          0     smp2p   2 Edge      q6v5 handover
320:          0          0          0          0          0          0          0          0     smp2p   3 Edge      q6v5 stop
321:          0          0          0          0          0          0          0          0       PDC   9 Edge      q6v5 wdog
322:          0          0          0          0          0          0          0          0     smp2p   0 Edge      q6v5 fatal
323:          0          0          0          0          0          0          0          0     smp2p   1 Edge      q6v5 ready
324:          0          0          0          0          0          0          0          0     smp2p   2 Edge      q6v5 handover
325:          0          0          0          0          0          0          0          0     smp2p   3 Edge      q6v5 stop
326:          0          0          0          0          0          0          0          0     smp2p   0 Edge      q6v5 fatal
327:          0          0          0          0          0          0          0          2     smp2p   1 Edge      q6v5 ready
328:          0          0          0          0          0          0          0          2     smp2p   2 Edge      q6v5 handover
329:          0          0          0          0          0          0          0          0     smp2p   3 Edge      q6v5 stop
330:          0          0          0          0          0          0          0          1     smp2p   7 Edge      q6v5 shutdown-ack
331:          0          0          0          0          0          0          0          0     smp2p   0 Edge      smp2p_sleepstate
334:          0          0          0          0          0          0          0          0  pmic_arb 102826394 Edge      pm8xxx_rtc_alarm
356:          0          0          0          0          0          0          0          0     smp2p   0 Edge      ipa_smp2p_clk_vote
358:        371          0          0          0          0          0          0          0      ipcc 131072 Edge      glink-native-modem
359:          0          0          0          0          0          0          0          0  ITS-pMSI   0 Edge      gsi_msi
360:          0          0          0          0          0          0          0          0  ITS-pMSI   1 Edge      gsi_msi
IPI0:       118        194        192        109       2529       2448       2484      25556       Rescheduling interrupts
IPI1:     10638        581        215        302        458        487        613       2771       Function call interrupts
IPI2:         0          0          0          0          0          0          0          0       CPU stop interrupts
IPI3:         0          0          0          0          0          0          0          0       CPU stop (for crash dump) interrupts
IPI4:         0          0          0          0          0          0          0          0       Timer broadcast interrupts
IPI5:       791         21          6          1        377        325        288      44936       IRQ work interrupts
IPI6:         0          0          0          0          0          0          0          0       CPU wake-up interrupts
Err:          0
IRQ_UPTIME=1624.93 12483.24
           CPU0       CPU1       CPU2       CPU3       CPU4       CPU5       CPU6       CPU7       
 11:       2409        210        191         79        865        852        554      60250     GICv3  27 Level     arch_timer
 13:          0          0          0          0          0          0          0          0     GICv3  38 Level     arch_mem_timer
 15:          0          0          0          0          0          0          0          0     GICv3 962 Edge      qcom-scm
 16:          0          0          0          0          0          0          0          0     GICv3  62 Level     dcvsh-irq-0
 17:          0          0          0          0          1          0          0          0     GICv3  63 Level     dcvsh-irq-4
 18:          0          0          0          0          0          0          0          1     GICv3  51 Level     dcvsh-irq-7
 21:         11          0          0          0          0          0          0          0     GICv3  94 Level     qcom_rimps
 22:          0          0          0          0          0          0          0          0     GICv3  23 Level     arm-pmu
 24:          0          0          0          0          0          0          0          0     GICv3 610 Edge      q6v5 wdog
 25:          0          0          0          0          0          0          0          0     GICv3 296 Edge      q6v5 wdog
 26:          0          0          0          0          0          0          0          0     GICv3 384 Edge      generic-irq
 28:        351          0          0          0          0          0          0          0     GICv3 261 Level     ipcc_0
 30:       4146          0          0          0          0          0          0          0     GICv3 297 Level     ufshcd
 35:       5961          0          0          0          0          0          0          0     GICv3  37 Level     apps_rsc
 36:          0          0          0          0          0          0          0          0     GICv3 161 Level     disp_rsc
 37:         64          0          0          0          0          0          0          0     GICv3 613 Level     190b6400.qcom,bwmon-llcc
 38:          9          0          0          0          0          0          0          0     GICv3 113 Level     19091000.qcom,bwmon-ddr
 39:          3          0          0          0          0          0          0          0     GICv3 686 Edge      ipa
 40:        195          0          0          0          0          0          0          0     GICv3 464 Level     gsi
 85:          2          0          0          0          0          0          0          0     GICv3 619 Level     msm_serial_geni0
112:          0          0          0          0          0          0          0          0     GICv3  97 Level     arm-smmu global fault
113:          0          0          0          0          0          0          0          0     GICv3 129 Level     arm-smmu-context-fault
114:          0          0          0          0          0          0          0          0     GICv3 130 Level     arm-smmu-context-fault
115:          0          0          0          0          0          0          0          0     GICv3 131 Level     arm-smmu-context-fault
116:          0          0          0          0          0          0          0          0     GICv3 132 Level     arm-smmu-context-fault
117:          0          0          0          0          0          0          0          0     GICv3 133 Level     arm-smmu-context-fault
118:          0          0          0          0          0          0          0          0     GICv3 134 Level     arm-smmu-context-fault
119:          0          0          0          0          0          0          0          0     GICv3 135 Level     arm-smmu-context-fault
120:          0          0          0          0          0          0          0          0     GICv3 136 Level     arm-smmu-context-fault
121:          0          0          0          0          0          0          0          0     GICv3 137 Level     arm-smmu-context-fault
122:          0          0          0          0          0          0          0          0     GICv3 138 Level     arm-smmu-context-fault
123:          0          0          0          0          0          0          0          0     GICv3 139 Level     arm-smmu-context-fault
212:          0          0          0          0          0          0          0          0     GICv3 172 Edge      int_global_int
259:          0          0          0          0          0          0          0          0     GICv3 115 Level     msm_drm
291:          0          0          0          0          0          0          0          0     GICv3  32 Edge      apps_wdog_bark
292:          0          0          0          0          0          0          0          0     GICv3 960 Edge      gh_msgq_tx_0
293:          0          0          0          0          0          0          0          0     GICv3 961 Edge      gh_msgq_rx_0
296:          0          0          0          0          0          0          0          0       PDC  11 Level     eud_irq
297:          0          0          0          0          0          0          0          0     GICv3 162 Level     pwr_event_irq
298:          0          0          0          0          0          0          0          0       PDC  14 Edge      dp_hs_phy_irq
299:          0          0          0          0          0          0          0          0       PDC  15 Edge      dm_hs_phy_irq
300:          0          0          0          0          0          0          0          0       PDC  17 Level     ss_phy_irq
301:       5381          0          0          0          0          0          0          0     GICv3 165 Level     dwc3-msm, dwc3
302:          0          0          0          0          0          0          0          0       sde  12 Edge      dp_display_isr
303:          0          0          0          0          0          0          0          0       sde   4 Edge      dsi_ctrl
304:          0          0          0          0          0          0          0          0   msmgpio  96 Edge      msm_pcie_wake
305:          0          0          0          0          0          0          0          0   msmgpio  79 Edge      hs_uart_wakeup
306:          4          0          0          0          0          0          0          0      ipcc   0 Edge      aoss-qmp
307:          0          0          0          0          0          0          0          0      ipcc 196610 Edge      smp2p
308:          0          0          0          0          0          0          0          0      ipcc 262146 Edge      smp2p
309:          0          0          0          0          0          0          0          0      ipcc 393218 Edge      smp2p
310:          6          0          0          0          0          0          0          0      ipcc 131074 Edge      smp2p
311:          2          0          0          0          0          0          0          0      ipcc 1507328 Edge      qcom,qmp-tme
312:          0          0          0          0          0          0          0          0       PDC   6 Edge      q6v5 wdog
313:          0          0          0          0          0          0          0          0     smp2p   0 Edge      q6v5 fatal
314:          0          0          0          0          0          0          0          0     smp2p   1 Edge      q6v5 ready
315:          0          0          0          0          0          0          0          0     smp2p   2 Edge      q6v5 handover
316:          0          0          0          0          0          0          0          0     smp2p   3 Edge      q6v5 stop
317:          0          0          0          0          0          0          0          0     smp2p   0 Edge      q6v5 fatal
318:          0          0          0          0          0          0          0          0     smp2p   1 Edge      q6v5 ready
319:          0          0          0          0          0          0          0          0     smp2p   2 Edge      q6v5 handover
320:          0          0          0          0          0          0          0          0     smp2p   3 Edge      q6v5 stop
321:          0          0          0          0          0          0          0          0       PDC   9 Edge      q6v5 wdog
322:          0          0          0          0          0          0          0          0     smp2p   0 Edge      q6v5 fatal
323:          0          0          0          0          0          0          0          0     smp2p   1 Edge      q6v5 ready
324:          0          0          0          0          0          0          0          0     smp2p   2 Edge      q6v5 handover
325:          0          0          0          0          0          0          0          0     smp2p   3 Edge      q6v5 stop
326:          0          0          0          0          0          0          0          0     smp2p   0 Edge      q6v5 fatal
327:          0          0          0          0          0          0          0          2     smp2p   1 Edge      q6v5 ready
328:          0          0          0          0          0          0          0          2     smp2p   2 Edge      q6v5 handover
329:          0          0          0          0          0          0          0          0     smp2p   3 Edge      q6v5 stop
330:          0          0          0          0          0          0          0          1     smp2p   7 Edge      q6v5 shutdown-ack
331:          0          0          0          0          0          0          0          0     smp2p   0 Edge      smp2p_sleepstate
334:          0          0          0          0          0          0          0          0  pmic_arb 102826394 Edge      pm8xxx_rtc_alarm
356:          0          0          0          0          0          0          0          0     smp2p   0 Edge      ipa_smp2p_clk_vote
358:        371          0          0          0          0          0          0          0      ipcc 131072 Edge      glink-native-modem
359:          0          0          0          0          0          0          0          0  ITS-pMSI   0 Edge      gsi_msi
360:          0          0          0          0          0          0          0          0  ITS-pMSI   1 Edge      gsi_msi
IPI0:       118        194        192        109       2529       2448       2484      25566       Rescheduling interrupts
IPI1:     10647        581        215        302        458        487        613       2772       Function call interrupts
IPI2:         0          0          0          0          0          0          0          0       CPU stop interrupts
IPI3:         0          0          0          0          0          0          0          0       CPU stop (for crash dump) interrupts
IPI4:         0          0          0          0          0          0          0          0       Timer broadcast interrupts
IPI5:       792         21          6          1        377        325        288      44966       IRQ work interrupts
IPI6:         0          0          0          0          0          0          0          0       CPU wake-up interrupts
Err:          0
IRQ_UPTIME=1625.94 12491.84
           CPU0       CPU1       CPU2       CPU3       CPU4       CPU5       CPU6       CPU7       
 11:       2499        210        191         79        873        861        558      60398     GICv3  27 Level     arch_timer
 13:          0          0          0          0          0          0          0          0     GICv3  38 Level     arch_mem_timer
 15:          0          0          0          0          0          0          0          0     GICv3 962 Edge      qcom-scm
 16:          0          0          0          0          0          0          0          0     GICv3  62 Level     dcvsh-irq-0
 17:          0          0          0          0          1          0          0          0     GICv3  63 Level     dcvsh-irq-4
 18:          0          0          0          0          0          0          0          1     GICv3  51 Level     dcvsh-irq-7
 21:         11          0          0          0          0          0          0          0     GICv3  94 Level     qcom_rimps
 22:          0          0          0          0          0          0          0          0     GICv3  23 Level     arm-pmu
 24:          0          0          0          0          0          0          0          0     GICv3 610 Edge      q6v5 wdog
 25:          0          0          0          0          0          0          0          0     GICv3 296 Edge      q6v5 wdog
 26:          0          0          0          0          0          0          0          0     GICv3 384 Edge      generic-irq
 28:        351          0          0          0          0          0          0          0     GICv3 261 Level     ipcc_0
 30:       4160          0          0          0          0          0          0          0     GICv3 297 Level     ufshcd
 35:       5990          0          0          0          0          0          0          0     GICv3  37 Level     apps_rsc
 36:          0          0          0          0          0          0          0          0     GICv3 161 Level     disp_rsc
 37:         65          0          0          0          0          0          0          0     GICv3 613 Level     190b6400.qcom,bwmon-llcc
 38:          9          0          0          0          0          0          0          0     GICv3 113 Level     19091000.qcom,bwmon-ddr
 39:          3          0          0          0          0          0          0          0     GICv3 686 Edge      ipa
 40:        210          0          0          0          0          0          0          0     GICv3 464 Level     gsi
 85:          2          0          0          0          0          0          0          0     GICv3 619 Level     msm_serial_geni0
112:          0          0          0          0          0          0          0          0     GICv3  97 Level     arm-smmu global fault
113:          0          0          0          0          0          0          0          0     GICv3 129 Level     arm-smmu-context-fault
114:          0          0          0          0          0          0          0          0     GICv3 130 Level     arm-smmu-context-fault
115:          0          0          0          0          0          0          0          0     GICv3 131 Level     arm-smmu-context-fault
116:          0          0          0          0          0          0          0          0     GICv3 132 Level     arm-smmu-context-fault
117:          0          0          0          0          0          0          0          0     GICv3 133 Level     arm-smmu-context-fault
118:          0          0          0          0          0          0          0          0     GICv3 134 Level     arm-smmu-context-fault
119:          0          0          0          0          0          0          0          0     GICv3 135 Level     arm-smmu-context-fault
120:          0          0          0          0          0          0          0          0     GICv3 136 Level     arm-smmu-context-fault
121:          0          0          0          0          0          0          0          0     GICv3 137 Level     arm-smmu-context-fault
122:          0          0          0          0          0          0          0          0     GICv3 138 Level     arm-smmu-context-fault
123:          0          0          0          0          0          0          0          0     GICv3 139 Level     arm-smmu-context-fault
212:          0          0          0          0          0          0          0          0     GICv3 172 Edge      int_global_int
259:          0          0          0          0          0          0          0          0     GICv3 115 Level     msm_drm
291:          0          0          0          0          0          0          0          0     GICv3  32 Edge      apps_wdog_bark
292:          0          0          0          0          0          0          0          0     GICv3 960 Edge      gh_msgq_tx_0
293:          0          0          0          0          0          0          0          0     GICv3 961 Edge      gh_msgq_rx_0
296:          0          0          0          0          0          0          0          0       PDC  11 Level     eud_irq
297:          0          0          0          0          0          0          0          0     GICv3 162 Level     pwr_event_irq
298:          0          0          0          0          0          0          0          0       PDC  14 Edge      dp_hs_phy_irq
299:          0          0          0          0          0          0          0          0       PDC  15 Edge      dm_hs_phy_irq
300:          0          0          0          0          0          0          0          0       PDC  17 Level     ss_phy_irq
301:       5625          0          0          0          0          0          0          0     GICv3 165 Level     dwc3-msm, dwc3
302:          0          0          0          0          0          0          0          0       sde  12 Edge      dp_display_isr
303:          0          0          0          0          0          0          0          0       sde   4 Edge      dsi_ctrl
304:          0          0          0          0          0          0          0          0   msmgpio  96 Edge      msm_pcie_wake
305:          0          0          0          0          0          0          0          0   msmgpio  79 Edge      hs_uart_wakeup
306:          4          0          0          0          0          0          0          0      ipcc   0 Edge      aoss-qmp
307:          0          0          0          0          0          0          0          0      ipcc 196610 Edge      smp2p
308:          0          0          0          0          0          0          0          0      ipcc 262146 Edge      smp2p
309:          0          0          0          0          0          0          0          0      ipcc 393218 Edge      smp2p
310:          6          0          0          0          0          0          0          0      ipcc 131074 Edge      smp2p
311:          2          0          0          0          0          0          0          0      ipcc 1507328 Edge      qcom,qmp-tme
312:          0          0          0          0          0          0          0          0       PDC   6 Edge      q6v5 wdog
313:          0          0          0          0          0          0          0          0     smp2p   0 Edge      q6v5 fatal
314:          0          0          0          0          0          0          0          0     smp2p   1 Edge      q6v5 ready
315:          0          0          0          0          0          0          0          0     smp2p   2 Edge      q6v5 handover
316:          0          0          0          0          0          0          0          0     smp2p   3 Edge      q6v5 stop
317:          0          0          0          0          0          0          0          0     smp2p   0 Edge      q6v5 fatal
318:          0          0          0          0          0          0          0          0     smp2p   1 Edge      q6v5 ready
319:          0          0          0          0          0          0          0          0     smp2p   2 Edge      q6v5 handover
320:          0          0          0          0          0          0          0          0     smp2p   3 Edge      q6v5 stop
321:          0          0          0          0          0          0          0          0       PDC   9 Edge      q6v5 wdog
322:          0          0          0          0          0          0          0          0     smp2p   0 Edge      q6v5 fatal
323:          0          0          0          0          0          0          0          0     smp2p   1 Edge      q6v5 ready
324:          0          0          0          0          0          0          0          0     smp2p   2 Edge      q6v5 handover
325:          0          0          0          0          0          0          0          0     smp2p   3 Edge      q6v5 stop
326:          0          0          0          0          0          0          0          0     smp2p   0 Edge      q6v5 fatal
327:          0          0          0          0          0          0          0          2     smp2p   1 Edge      q6v5 ready
328:          0          0          0          0          0          0          0          2     smp2p   2 Edge      q6v5 handover
329:          0          0          0          0          0          0          0          0     smp2p   3 Edge      q6v5 stop
330:          0          0          0          0          0          0          0          1     smp2p   7 Edge      q6v5 shutdown-ack
331:          0          0          0          0          0          0          0          0     smp2p   0 Edge      smp2p_sleepstate
334:          0          0          0          0          0          0          0          0  pmic_arb 102826394 Edge      pm8xxx_rtc_alarm
356:          0          0          0          0          0          0          0          0     smp2p   0 Edge      ipa_smp2p_clk_vote
358:        371          0          0          0          0          0          0          0      ipcc 131072 Edge      glink-native-modem
359:          0          0          0          0          0          0          0          0  ITS-pMSI   0 Edge      gsi_msi
360:          0          0          0          0          0          0          0          0  ITS-pMSI   1 Edge      gsi_msi
IPI0:       118        194        192        109       2555       2494       2511      25747       Rescheduling interrupts
IPI1:     10666        584        215        302        458        490        613       2777       Function call interrupts
IPI2:         0          0          0          0          0          0          0          0       CPU stop interrupts
IPI3:         0          0          0          0          0          0          0          0       CPU stop (for crash dump) interrupts
IPI4:         0          0          0          0          0          0          0          0       Timer broadcast interrupts
IPI5:       806         21          6          1        388        340        294      45053       IRQ work interrupts
IPI6:         0          0          0          0          0          0          0          0       CPU wake-up interrupts
Err:          0
IRQ_UPTIME=1626.94 12497.90
           CPU0       CPU1       CPU2       CPU3       CPU4       CPU5       CPU6       CPU7       
 11:       2501        210        191         79        873        861        561      60450     GICv3  27 Level     arch_timer
 13:          0          0          0          0          0          0          0          0     GICv3  38 Level     arch_mem_timer
 15:          0          0          0          0          0          0          0          0     GICv3 962 Edge      qcom-scm
 16:          0          0          0          0          0          0          0          0     GICv3  62 Level     dcvsh-irq-0
 17:          0          0          0          0          1          0          0          0     GICv3  63 Level     dcvsh-irq-4
 18:          0          0          0          0          0          0          0          1     GICv3  51 Level     dcvsh-irq-7
 21:         11          0          0          0          0          0          0          0     GICv3  94 Level     qcom_rimps
 22:          0          0          0          0          0          0          0          0     GICv3  23 Level     arm-pmu
 24:          0          0          0          0          0          0          0          0     GICv3 610 Edge      q6v5 wdog
 25:          0          0          0          0          0          0          0          0     GICv3 296 Edge      q6v5 wdog
 26:          0          0          0          0          0          0          0          0     GICv3 384 Edge      generic-irq
 28:        351          0          0          0          0          0          0          0     GICv3 261 Level     ipcc_0
 30:       4163          0          0          0          0          0          0          0     GICv3 297 Level     ufshcd
 35:       5998          0          0          0          0          0          0          0     GICv3  37 Level     apps_rsc
 36:          0          0          0          0          0          0          0          0     GICv3 161 Level     disp_rsc
 37:         65          0          0          0          0          0          0          0     GICv3 613 Level     190b6400.qcom,bwmon-llcc
 38:          9          0          0          0          0          0          0          0     GICv3 113 Level     19091000.qcom,bwmon-ddr
 39:          3          0          0          0          0          0          0          0     GICv3 686 Edge      ipa
 40:        210          0          0          0          0          0          0          0     GICv3 464 Level     gsi
 85:          2          0          0          0          0          0          0          0     GICv3 619 Level     msm_serial_geni0
112:          0          0          0          0          0          0          0          0     GICv3  97 Level     arm-smmu global fault
113:          0          0          0          0          0          0          0          0     GICv3 129 Level     arm-smmu-context-fault
114:          0          0          0          0          0          0          0          0     GICv3 130 Level     arm-smmu-context-fault
115:          0          0          0          0          0          0          0          0     GICv3 131 Level     arm-smmu-context-fault
116:          0          0          0          0          0          0          0          0     GICv3 132 Level     arm-smmu-context-fault
117:          0          0          0          0          0          0          0          0     GICv3 133 Level     arm-smmu-context-fault
118:          0          0          0          0          0          0          0          0     GICv3 134 Level     arm-smmu-context-fault
119:          0          0          0          0          0          0          0          0     GICv3 135 Level     arm-smmu-context-fault
120:          0          0          0          0          0          0          0          0     GICv3 136 Level     arm-smmu-context-fault
121:          0          0          0          0          0          0          0          0     GICv3 137 Level     arm-smmu-context-fault
122:          0          0          0          0          0          0          0          0     GICv3 138 Level     arm-smmu-context-fault
123:          0          0          0          0          0          0          0          0     GICv3 139 Level     arm-smmu-context-fault
212:          0          0          0          0          0          0          0          0     GICv3 172 Edge      int_global_int
259:          0          0          0          0          0          0          0          0     GICv3 115 Level     msm_drm
291:          0          0          0          0          0          0          0          0     GICv3  32 Edge      apps_wdog_bark
292:          0          0          0          0          0          0          0          0     GICv3 960 Edge      gh_msgq_tx_0
293:          0          0          0          0          0          0          0          0     GICv3 961 Edge      gh_msgq_rx_0
296:          0          0          0          0          0          0          0          0       PDC  11 Level     eud_irq
297:          0          0          0          0          0          0          0          0     GICv3 162 Level     pwr_event_irq
298:          0          0          0          0          0          0          0          0       PDC  14 Edge      dp_hs_phy_irq
299:          0          0          0          0          0          0          0          0       PDC  15 Edge      dm_hs_phy_irq
300:          0          0          0          0          0          0          0          0       PDC  17 Level     ss_phy_irq
301:       5626          0          0          0          0          0          0          0     GICv3 165 Level     dwc3-msm, dwc3
302:          0          0          0          0          0          0          0          0       sde  12 Edge      dp_display_isr
303:          0          0          0          0          0          0          0          0       sde   4 Edge      dsi_ctrl
304:          0          0          0          0          0          0          0          0   msmgpio  96 Edge      msm_pcie_wake
305:          0          0          0          0          0          0          0          0   msmgpio  79 Edge      hs_uart_wakeup
306:          4          0          0          0          0          0          0          0      ipcc   0 Edge      aoss-qmp
307:          0          0          0          0          0          0          0          0      ipcc 196610 Edge      smp2p
308:          0          0          0          0          0          0          0          0      ipcc 262146 Edge      smp2p
309:          0          0          0          0          0          0          0          0      ipcc 393218 Edge      smp2p
310:          6          0          0          0          0          0          0          0      ipcc 131074 Edge      smp2p
311:          2          0          0          0          0          0          0          0      ipcc 1507328 Edge      qcom,qmp-tme
312:          0          0          0          0          0          0          0          0       PDC   6 Edge      q6v5 wdog
313:          0          0          0          0          0          0          0          0     smp2p   0 Edge      q6v5 fatal
314:          0          0          0          0          0          0          0          0     smp2p   1 Edge      q6v5 ready
315:          0          0          0          0          0          0          0          0     smp2p   2 Edge      q6v5 handover
316:          0          0          0          0          0          0          0          0     smp2p   3 Edge      q6v5 stop
317:          0          0          0          0          0          0          0          0     smp2p   0 Edge      q6v5 fatal
318:          0          0          0          0          0          0          0          0     smp2p   1 Edge      q6v5 ready
319:          0          0          0          0          0          0          0          0     smp2p   2 Edge      q6v5 handover
320:          0          0          0          0          0          0          0          0     smp2p   3 Edge      q6v5 stop
321:          0          0          0          0          0          0          0          0       PDC   9 Edge      q6v5 wdog
322:          0          0          0          0          0          0          0          0     smp2p   0 Edge      q6v5 fatal
323:          0          0          0          0          0          0          0          0     smp2p   1 Edge      q6v5 ready
324:          0          0          0          0          0          0          0          0     smp2p   2 Edge      q6v5 handover
325:          0          0          0          0          0          0          0          0     smp2p   3 Edge      q6v5 stop
326:          0          0          0          0          0          0          0          0     smp2p   0 Edge      q6v5 fatal
327:          0          0          0          0          0          0          0          2     smp2p   1 Edge      q6v5 ready
328:          0          0          0          0          0          0          0          2     smp2p   2 Edge      q6v5 handover
329:          0          0          0          0          0          0          0          0     smp2p   3 Edge      q6v5 stop
330:          0          0          0          0          0          0          0          1     smp2p   7 Edge      q6v5 shutdown-ack
331:          0          0          0          0          0          0          0          0     smp2p   0 Edge      smp2p_sleepstate
334:          0          0          0          0          0          0          0          0  pmic_arb 102826394 Edge      pm8xxx_rtc_alarm
356:          0          0          0          0          0          0          0          0     smp2p   0 Edge      ipa_smp2p_clk_vote
358:        371          0          0          0          0          0          0          0      ipcc 131072 Edge      glink-native-modem
359:          0          0          0          0          0          0          0          0  ITS-pMSI   0 Edge      gsi_msi
360:          0          0          0          0          0          0          0          0  ITS-pMSI   1 Edge      gsi_msi
IPI0:       118        194        192        109       2556       2496       2512      25760       Rescheduling interrupts
IPI1:     10674        584        215        302        458        490        613       2778       Function call interrupts
IPI2:         0          0          0          0          0          0          0          0       CPU stop interrupts
IPI3:         0          0          0          0          0          0          0          0       CPU stop (for crash dump) interrupts
IPI4:         0          0          0          0          0          0          0          0       Timer broadcast interrupts
IPI5:       807         21          6          1        388        340        295      45083       IRQ work interrupts
IPI6:         0          0          0          0          0          0          0          0       CPU wake-up interrupts
Err:          0
IRQ_UPTIME=1627.94 12502.59
           CPU0       CPU1       CPU2       CPU3       CPU4       CPU5       CPU6       CPU7       
 11:       2583        210        191         79        874        867        565      60585     GICv3  27 Level     arch_timer
 13:          0          0          0          0          0          0          0          0     GICv3  38 Level     arch_mem_timer
 15:          0          0          0          0          0          0          0          0     GICv3 962 Edge      qcom-scm
 16:          0          0          0          0          0          0          0          0     GICv3  62 Level     dcvsh-irq-0
 17:          0          0          0          0          1          0          0          0     GICv3  63 Level     dcvsh-irq-4
 18:          0          0          0          0          0          0          0          1     GICv3  51 Level     dcvsh-irq-7
 21:         11          0          0          0          0          0          0          0     GICv3  94 Level     qcom_rimps
 22:          0          0          0          0          0          0          0          0     GICv3  23 Level     arm-pmu
 24:          0          0          0          0          0          0          0          0     GICv3 610 Edge      q6v5 wdog
 25:          0          0          0          0          0          0          0          0     GICv3 296 Edge      q6v5 wdog
 26:          0          0          0          0          0          0          0          0     GICv3 384 Edge      generic-irq
 28:        351          0          0          0          0          0          0          0     GICv3 261 Level     ipcc_0
 30:       4173          0          0          0          0          0          0          0     GICv3 297 Level     ufshcd
 35:       6011          0          0          0          0          0          0          0     GICv3  37 Level     apps_rsc
 36:          0          0          0          0          0          0          0          0     GICv3 161 Level     disp_rsc
 37:         65          0          0          0          0          0          0          0     GICv3 613 Level     190b6400.qcom,bwmon-llcc
 38:          9          0          0          0          0          0          0          0     GICv3 113 Level     19091000.qcom,bwmon-ddr
 39:          3          0          0          0          0          0          0          0     GICv3 686 Edge      ipa
 40:        210          0          0          0          0          0          0          0     GICv3 464 Level     gsi
 85:          2          0          0          0          0          0          0          0     GICv3 619 Level     msm_serial_geni0
112:          0          0          0          0          0          0          0          0     GICv3  97 Level     arm-smmu global fault
113:          0          0          0          0          0          0          0          0     GICv3 129 Level     arm-smmu-context-fault
114:          0          0          0          0          0          0          0          0     GICv3 130 Level     arm-smmu-context-fault
115:          0          0          0          0          0          0          0          0     GICv3 131 Level     arm-smmu-context-fault
116:          0          0          0          0          0          0          0          0     GICv3 132 Level     arm-smmu-context-fault
117:          0          0          0          0          0          0          0          0     GICv3 133 Level     arm-smmu-context-fault
118:          0          0          0          0          0          0          0          0     GICv3 134 Level     arm-smmu-context-fault
119:          0          0          0          0          0          0          0          0     GICv3 135 Level     arm-smmu-context-fault
120:          0          0          0          0          0          0          0          0     GICv3 136 Level     arm-smmu-context-fault
121:          0          0          0          0          0          0          0          0     GICv3 137 Level     arm-smmu-context-fault
122:          0          0          0          0          0          0          0          0     GICv3 138 Level     arm-smmu-context-fault
123:          0          0          0          0          0          0          0          0     GICv3 139 Level     arm-smmu-context-fault
212:          0          0          0          0          0          0          0          0     GICv3 172 Edge      int_global_int
259:          0          0          0          0          0          0          0          0     GICv3 115 Level     msm_drm
291:          0          0          0          0          0          0          0          0     GICv3  32 Edge      apps_wdog_bark
292:          0          0          0          0          0          0          0          0     GICv3 960 Edge      gh_msgq_tx_0
293:          0          0          0          0          0          0          0          0     GICv3 961 Edge      gh_msgq_rx_0
296:          0          0          0          0          0          0          0          0       PDC  11 Level     eud_irq
297:          0          0          0          0          0          0          0          0     GICv3 162 Level     pwr_event_irq
298:          0          0          0          0          0          0          0          0       PDC  14 Edge      dp_hs_phy_irq
299:          0          0          0          0          0          0          0          0       PDC  15 Edge      dm_hs_phy_irq
300:          0          0          0          0          0          0          0          0       PDC  17 Level     ss_phy_irq
301:       5875          0          0          0          0          0          0          0     GICv3 165 Level     dwc3-msm, dwc3
302:          0          0          0          0          0          0          0          0       sde  12 Edge      dp_display_isr
303:          0          0          0          0          0          0          0          0       sde   4 Edge      dsi_ctrl
304:          0          0          0          0          0          0          0          0   msmgpio  96 Edge      msm_pcie_wake
305:          0          0          0          0          0          0          0          0   msmgpio  79 Edge      hs_uart_wakeup
306:          4          0          0          0          0          0          0          0      ipcc   0 Edge      aoss-qmp
307:          0          0          0          0          0          0          0          0      ipcc 196610 Edge      smp2p
308:          0          0          0          0          0          0          0          0      ipcc 262146 Edge      smp2p
309:          0          0          0          0          0          0          0          0      ipcc 393218 Edge      smp2p
310:          6          0          0          0          0          0          0          0      ipcc 131074 Edge      smp2p
311:          2          0          0          0          0          0          0          0      ipcc 1507328 Edge      qcom,qmp-tme
312:          0          0          0          0          0          0          0          0       PDC   6 Edge      q6v5 wdog
313:          0          0          0          0          0          0          0          0     smp2p   0 Edge      q6v5 fatal
314:          0          0          0          0          0          0          0          0     smp2p   1 Edge      q6v5 ready
315:          0          0          0          0          0          0          0          0     smp2p   2 Edge      q6v5 handover
316:          0          0          0          0          0          0          0          0     smp2p   3 Edge      q6v5 stop
317:          0          0          0          0          0          0          0          0     smp2p   0 Edge      q6v5 fatal
318:          0          0          0          0          0          0          0          0     smp2p   1 Edge      q6v5 ready
319:          0          0          0          0          0          0          0          0     smp2p   2 Edge      q6v5 handover
320:          0          0          0          0          0          0          0          0     smp2p   3 Edge      q6v5 stop
321:          0          0          0          0          0          0          0          0       PDC   9 Edge      q6v5 wdog
322:          0          0          0          0          0          0          0          0     smp2p   0 Edge      q6v5 fatal
323:          0          0          0          0          0          0          0          0     smp2p   1 Edge      q6v5 ready
324:          0          0          0          0          0          0          0          0     smp2p   2 Edge      q6v5 handover
325:          0          0          0          0          0          0          0          0     smp2p   3 Edge      q6v5 stop
326:          0          0          0          0          0          0          0          0     smp2p   0 Edge      q6v5 fatal
327:          0          0          0          0          0          0          0          2     smp2p   1 Edge      q6v5 ready
328:          0          0          0          0          0          0          0          2     smp2p   2 Edge      q6v5 handover
329:          0          0          0          0          0          0          0          0     smp2p   3 Edge      q6v5 stop
330:          0          0          0          0          0          0          0          1     smp2p   7 Edge      q6v5 shutdown-ack
331:          0          0          0          0          0          0          0          0     smp2p   0 Edge      smp2p_sleepstate
334:          0          0          0          0          0          0          0          0  pmic_arb 102826394 Edge      pm8xxx_rtc_alarm
356:          0          0          0          0          0          0          0          0     smp2p   0 Edge      ipa_smp2p_clk_vote
358:        371          0          0          0          0          0          0          0      ipcc 131072 Edge      glink-native-modem
359:          0          0          0          0          0          0          0          0  ITS-pMSI   0 Edge      gsi_msi
360:          0          0          0          0          0          0          0          0  ITS-pMSI   1 Edge      gsi_msi
IPI0:       118        194        192        109       2574       2510       2525      25892       Rescheduling interrupts
IPI1:     10693        587        215        302        458        490        613       2784       Function call interrupts
IPI2:         0          0          0          0          0          0          0          0       CPU stop interrupts
IPI3:         0          0          0          0          0          0          0          0       CPU stop (for crash dump) interrupts
IPI4:         0          0          0          0          0          0          0          0       Timer broadcast interrupts
IPI5:       815         21          6          1        391        344        298      45149       IRQ work interrupts
IPI6:         0          0          0          0          0          0          0          0       CPU wake-up interrupts
Err:          0
IRQ_UPTIME=1628.95 12506.62
           CPU0       CPU1       CPU2       CPU3       CPU4       CPU5       CPU6       CPU7       
 11:       2585        210        191         79        876        868        566      60646     GICv3  27 Level     arch_timer
 13:          0          0          0          0          0          0          0          0     GICv3  38 Level     arch_mem_timer
 15:          0          0          0          0          0          0          0          0     GICv3 962 Edge      qcom-scm
 16:          0          0          0          0          0          0          0          0     GICv3  62 Level     dcvsh-irq-0
 17:          0          0          0          0          1          0          0          0     GICv3  63 Level     dcvsh-irq-4
 18:          0          0          0          0          0          0          0          1     GICv3  51 Level     dcvsh-irq-7
 21:         11          0          0          0          0          0          0          0     GICv3  94 Level     qcom_rimps
 22:          0          0          0          0          0          0          0          0     GICv3  23 Level     arm-pmu
 24:          0          0          0          0          0          0          0          0     GICv3 610 Edge      q6v5 wdog
 25:          0          0          0          0          0          0          0          0     GICv3 296 Edge      q6v5 wdog
 26:          0          0          0          0          0          0          0          0     GICv3 384 Edge      generic-irq
 28:        351          0          0          0          0          0          0          0     GICv3 261 Level     ipcc_0
 30:       4180          0          0          0          0          0          0          0     GICv3 297 Level     ufshcd
 35:       6027          0          0          0          0          0          0          0     GICv3  37 Level     apps_rsc
 36:          0          0          0          0          0          0          0          0     GICv3 161 Level     disp_rsc
 37:         65          0          0          0          0          0          0          0     GICv3 613 Level     190b6400.qcom,bwmon-llcc
 38:          9          0          0          0          0          0          0          0     GICv3 113 Level     19091000.qcom,bwmon-ddr
 39:          3          0          0          0          0          0          0          0     GICv3 686 Edge      ipa
 40:        210          0          0          0          0          0          0          0     GICv3 464 Level     gsi
 85:          2          0          0          0          0          0          0          0     GICv3 619 Level     msm_serial_geni0
112:          0          0          0          0          0          0          0          0     GICv3  97 Level     arm-smmu global fault
113:          0          0          0          0          0          0          0          0     GICv3 129 Level     arm-smmu-context-fault
114:          0          0          0          0          0          0          0          0     GICv3 130 Level     arm-smmu-context-fault
115:          0          0          0          0          0          0          0          0     GICv3 131 Level     arm-smmu-context-fault
116:          0          0          0          0          0          0          0          0     GICv3 132 Level     arm-smmu-context-fault
117:          0          0          0          0          0          0          0          0     GICv3 133 Level     arm-smmu-context-fault
118:          0          0          0          0          0          0          0          0     GICv3 134 Level     arm-smmu-context-fault
119:          0          0          0          0          0          0          0          0     GICv3 135 Level     arm-smmu-context-fault
120:          0          0          0          0          0          0          0          0     GICv3 136 Level     arm-smmu-context-fault
121:          0          0          0          0          0          0          0          0     GICv3 137 Level     arm-smmu-context-fault
122:          0          0          0          0          0          0          0          0     GICv3 138 Level     arm-smmu-context-fault
123:          0          0          0          0          0          0          0          0     GICv3 139 Level     arm-smmu-context-fault
212:          0          0          0          0          0          0          0          0     GICv3 172 Edge      int_global_int
259:          0          0          0          0          0          0          0          0     GICv3 115 Level     msm_drm
291:          0          0          0          0          0          0          0          0     GICv3  32 Edge      apps_wdog_bark
292:          0          0          0          0          0          0          0          0     GICv3 960 Edge      gh_msgq_tx_0
293:          0          0          0          0          0          0          0          0     GICv3 961 Edge      gh_msgq_rx_0
296:          0          0          0          0          0          0          0          0       PDC  11 Level     eud_irq
297:          0          0          0          0          0          0          0          0     GICv3 162 Level     pwr_event_irq
298:          0          0          0          0          0          0          0          0       PDC  14 Edge      dp_hs_phy_irq
299:          0          0          0          0          0          0          0          0       PDC  15 Edge      dm_hs_phy_irq
300:          0          0          0          0          0          0          0          0       PDC  17 Level     ss_phy_irq
301:       5875          0          0          0          0          0          0          0     GICv3 165 Level     dwc3-msm, dwc3
302:          0          0          0          0          0          0          0          0       sde  12 Edge      dp_display_isr
303:          0          0          0          0          0          0          0          0       sde   4 Edge      dsi_ctrl
304:          0          0          0          0          0          0          0          0   msmgpio  96 Edge      msm_pcie_wake
305:          0          0          0          0          0          0          0          0   msmgpio  79 Edge      hs_uart_wakeup
306:          4          0          0          0          0          0          0          0      ipcc   0 Edge      aoss-qmp
307:          0          0          0          0          0          0          0          0      ipcc 196610 Edge      smp2p
308:          0          0          0          0          0          0          0          0      ipcc 262146 Edge      smp2p
309:          0          0          0          0          0          0          0          0      ipcc 393218 Edge      smp2p
310:          6          0          0          0          0          0          0          0      ipcc 131074 Edge      smp2p
311:          2          0          0          0          0          0          0          0      ipcc 1507328 Edge      qcom,qmp-tme
312:          0          0          0          0          0          0          0          0       PDC   6 Edge      q6v5 wdog
313:          0          0          0          0          0          0          0          0     smp2p   0 Edge      q6v5 fatal
314:          0          0          0          0          0          0          0          0     smp2p   1 Edge      q6v5 ready
315:          0          0          0          0          0          0          0          0     smp2p   2 Edge      q6v5 handover
316:          0          0          0          0          0          0          0          0     smp2p   3 Edge      q6v5 stop
317:          0          0          0          0          0          0          0          0     smp2p   0 Edge      q6v5 fatal
318:          0          0          0          0          0          0          0          0     smp2p   1 Edge      q6v5 ready
319:          0          0          0          0          0          0          0          0     smp2p   2 Edge      q6v5 handover
320:          0          0          0          0          0          0          0          0     smp2p   3 Edge      q6v5 stop
321:          0          0          0          0          0          0          0          0       PDC   9 Edge      q6v5 wdog
322:          0          0          0          0          0          0          0          0     smp2p   0 Edge      q6v5 fatal
323:          0          0          0          0          0          0          0          0     smp2p   1 Edge      q6v5 ready
324:          0          0          0          0          0          0          0          0     smp2p   2 Edge      q6v5 handover
325:          0          0          0          0          0          0          0          0     smp2p   3 Edge      q6v5 stop
326:          0          0          0          0          0          0          0          0     smp2p   0 Edge      q6v5 fatal
327:          0          0          0          0          0          0          0          2     smp2p   1 Edge      q6v5 ready
328:          0          0          0          0          0          0          0          2     smp2p   2 Edge      q6v5 handover
329:          0          0          0          0          0          0          0          0     smp2p   3 Edge      q6v5 stop
330:          0          0          0          0          0          0          0          1     smp2p   7 Edge      q6v5 shutdown-ack
331:          0          0          0          0          0          0          0          0     smp2p   0 Edge      smp2p_sleepstate
334:          0          0          0          0          0          0          0          0  pmic_arb 102826394 Edge      pm8xxx_rtc_alarm
356:          0          0          0          0          0          0          0          0     smp2p   0 Edge      ipa_smp2p_clk_vote
358:        371          0          0          0          0          0          0          0      ipcc 131072 Edge      glink-native-modem
359:          0          0          0          0          0          0          0          0  ITS-pMSI   0 Edge      gsi_msi
360:          0          0          0          0          0          0          0          0  ITS-pMSI   1 Edge      gsi_msi
IPI0:       118        194        192        109       2580       2519       2527      25929       Rescheduling interrupts
IPI1:     10703        587        215        302        458        490        613       2787       Function call interrupts
IPI2:         0          0          0          0          0          0          0          0       CPU stop interrupts
IPI3:         0          0          0          0          0          0          0          0       CPU stop (for crash dump) interrupts
IPI4:         0          0          0          0          0          0          0          0       Timer broadcast interrupts
IPI5:       815         21          6          1        394        347        299      45192       IRQ work interrupts
IPI6:         0          0          0          0          0          0          0          0       CPU wake-up interrupts
Err:          0
