tracing pid=1993 for 300 seconds
attached tid=1993
attached tid=2403
attached tid=2640
attached tid=2641
attached tid=2642
attached tid=2643
attached tid=2644
attached tid=2645
attached tid=2646
attached tid=2647
attached tid=2648
attached tid=2649
attached tid=2650
attached tid=2651
attached tid=2652
attached tid=2653
attached tid=2654
attached tid=2655
attached tid=2656
attached tid=2657
attached tid=2658
attached tid=2659
attached tid=2661
attached tid=2662
attached tid=2663
attached tid=2664
attached tid=2665
attached tid=2666
attached tid=2667
attached tid=2668
attached tid=2669
attached tid=2670
attached tid=2671
attached tid=2672
attached tid=2673
attached tid=2674
attached tid=2675
attached tid=2676
attached tid=2679
attached tid=2757
attached tid=2759
attached tid=2838
attached tid=2979
attached tid=4269
attached tid=4270
attached tid=4273
attached tid=4331
attached tid=6438
attached tid=7099
attached tid=7988
attached tid=7990
attached tid=7991
attached tid=7992
attached tid=7993
attached tid=7994
attached tid=7995
attached tid=7996
attached tid=7997
attached tid=7998
attached tid=7999
attached tid=8000
attached tid=8001
attached tid=8002
attached tid=8003
attached tid=8004
attached tid=8005
attached tid=8006
attached tid=8023
tracing pid=1992 for 300 seconds
T2673 enter ioctl(0x10, 0xc0306201, 0x77d8759a28, 0x2467f6ff, 0, 0x21a0) ioctl_req=0xc0306201
attached tid=1992
attached tid=2392
attached tid=2450
attached tid=2559
attached tid=2560
attached tid=2561
attached tid=2568
attached tid=2570
attached tid=2577
attached tid=2578
attached tid=2579
attached tid=2580
attached tid=2581
attached tid=2582
attached tid=2583
attached tid=2584
attached tid=2585
attached tid=2586
attached tid=2587
attached tid=2588
attached tid=2589
attached tid=2590
attached tid=2591
attached tid=2593
attached tid=2594
attached tid=2595
attached tid=2596
attached tid=2597
attached tid=2598
attached tid=2599
attached tid=2600
attached tid=2601
attached tid=2602
attached tid=2603
attached tid=2604
attached tid=2605
attached tid=2606
attached tid=2607
attached tid=2608
attached tid=2609
attached tid=2615
attached tid=2616
attached tid=2766
attached tid=2767
attached tid=2830
attached tid=2980
attached tid=4252
attached tid=4263
attached tid=4264
attached tid=4267
attached tid=4275
attached tid=4276
attached tid=7107
attached tid=7108
attached tid=7109
attached tid=7591
attached tid=7846
attached tid=7847
attached tid=7921
attached tid=7926
attached tid=7927
attached tid=7932
attached tid=7933
attached tid=7937
attached tid=7939
attached tid=7940
attached tid=7941
T2672 enter ioctl(0x10, 0xc0306201, 0x77d9856a28, 0x1d5c8bfba, 0x1, 0xff98)attached tid=7959
 ioctl_req=0xc0306201attached tid=7964

attached tid=7965
attached tid=7966
attached tid=7967
attached tid=7968
attached tid=7984
attached tid=7985
attached tid=7986
attached tid=7987
attached tid=8022
attached tid=8936
T2645 enter read(0xb, 0x77ea601834, 0x343, 0x343, 0x343, 0x4)
T2643 enter ioctl(0x8, 0xc0306201, 0x77ed7fba28, 0x720c, 0, 0) ioctl_req=0xc0306201
T2642 enter recvfrom(0x9, 0x77ef3781b0, 0x8, 0, 0, 0)
T2641 enter ioctl(0x8, 0xc0306201, 0x77ef475a28, 0x3, 0x77ed7fbd00, 0x787edfdd2c) ioctl_req=0xc0306201
T2403 enter read(0x3, 0x788425dd00, 0x186a0, 0x7884276340, 0x78842763a0, 0x4)
T1993 enter ioctl(0xf, 0xc0306201, 0x7fc88848e8, 0x77d9a59060, 0, 0xb40*************) ioctl_req=0xc0306201
T2605 enter ioctl(0x14, 0xc0306201, 0x7c71d59a28, 0x24eebaff, 0, 0x2286) ioctl_req=0xc0306201
T2604 enter ioctl(0x14, 0xc0306201, 0x7c81e56a28, 0x1dbc0dfba, 0, 0x10746) ioctl_req=0xc0306201
T2603 enter writev(0x6f, 0x7c8214fa78, 0x5, 0, 0x30, 0x80**************)
T2577 enter read(0xf, 0x7c83b03834, 0x343, 0x343, 0x343, 0)
T2568 enter ioctl(0x8, 0xc0306201, 0x7c87dfba28, 0x720c, 0, 0) ioctl_req=0xc0306201
T2561 enter recvfrom(0xb, 0x7c8938c1b0, 0x8, 0, 0, 0)
T2559 enter ioctl(0x8, 0xc0306201, 0x7c89586a28, 0x3, 0x7c87dfbd00, 0x7d35c1fd2c) ioctl_req=0xc0306201
T2604 exit  ioctl -> 0 (0)
T2603 exit  writev -> 45 (0x2d)
T2603 enter recvfrom(0x6f, 0x7c8214fa60, 0x4, 0x100, 0, 0)
T2603 exit  recvfrom -> 4 (0x4) bytes=4: 00 00 00 00
T2603 enter close(0x6f, 0x6f, 0x4, 0x100, 0, 0)
T8936 enter writev(0x4, 0x7c4a8c81c0, 0x4, 0x3, 0x7c4a8c8200, 0x20ed6)
T2603 exit  close -> 0 (0)
T2392 enter read(0x3, 0x7d1755ed00, 0x186a0, 0x7d17577340, 0x7d175773a0, 0x4)
T1992 enter ioctl(0xe, 0xc0306201, 0x7fe59a8ab8, 0x7c84b080d8, 0x2, 0xb400007c96ed8500) ioctl_req=0xc0306201
T8936 exit  writev -> 107 (0x6b)
T1992 exit  ioctl -> 0 (0)
T2450 enter ioctl(0xe, 0xc0306201, 0x7c8a8813a8, 0, 0, 0x1) ioctl_req=0xc0306201
T2450 exit  ioctl -> 0 (0)
T2450 enter ioctl(0xe, 0xc0306201, 0x7c8a881858, 0x7c8a881988, 0x7c8a881980, 0x80**************) ioctl_req=0xc0306201
T2450 exit  ioctl -> 0 (0)
T8936 enter sendto(0x2a, 0xb400007c87ee98a0, 0xe, 0x40, 0x7c4a8c7ca8, 0xc) bytes=14: 00 02 00 00 00 07 00 01 04 00 d2 4e 00 00 addr: bytes=12: 2a 00 00 00 00 00 00 00 3f 00 00 00
T8936 exit  sendto -> 14 (0xe)
T7927 enter recvfrom(0x2a, 0xb400007c87eec800, 0x2014, 0x40, 0x7c5b27ab88, 0x7c5b27ab84)
T7927 exit  recvfrom -> 146 (0x92) bytes=146: 02 02 00 00 00 8b 00 02 04 00 00 00 00 00 10 81 00 80 38 36 39 33 35 31 30 35 30 31 31 34 32 35 32 00 00 00 00 00 00 00 00 00 00 00 00 00 00 00 00 00 00 00 00 00 00 00 00 00 00 00 00 00 00 00 00 00 00 00 00 00 00 00 00 00 00 00 00 00 00 00 00 00 00 00 00 00 00 00 00 00 00 00 00 00 00 00 00 00 00 00 00 00 00 00 00 00 00 00 00 00 00 00 00 00 00 00 00 00 00 00 00 00 00 00 00 00 00 00 00 00 00 00 00 00 00 00 00 00 00 00 00 00 00 00 00 00
T2604 enter writev(0x4, 0x7c81e56290, 0x4, 0x3, 0x7c81e562d0, 0x20fa0)
T2604 exit  writev -> 77 (0x4d)
T2604 enter ioctl(0x14, 0xc0306201, 0x7c81e56a28, 0x3, 0x7c81e56340, 0x20fa0) ioctl_req=0xc0306201
T2604 exit  ioctl -> 0 (0)
T1992 enter ioctl(0xe, 0xc0306201, 0x7fe59a8ab8, 0x7c84b08058, 0, 0xb400007c96ed8500) ioctl_req=0xc0306201
T1992 exit  ioctl -> 0 (0)
T8936 enter socket(0x1, 0x80001, 0, 0, 0, 0x80**************)
T8936 exit  socket -> 111 (0x6f)
T8936 enter connect(0x6f, 0x7c4a8c85c0, 0x1f, 0x42c7037ba, 0xffffffffffffff, 0x2138c)
T8936 exit  connect -> 0 (0)
T8936 enter writev(0x6f, 0x7c4a8c8698, 0x4, 0, 0, 0x80**************)
T2604 enter writev(0x4, 0x7c81e56290, 0x4, 0x3, 0x7c81e562d0, 0x2138c)
T2604 exit  writev -> 78 (0x4e)
T2604 enter ioctl(0x14, 0xc0306201, 0x7c81e56a28, 0x3, 0x7c81e56340, 0x2138c) ioctl_req=0xc0306201
T8936 exit  writev -> 40 (0x28)
T8936 enter recvfrom(0x6f, 0x7c4a8c8680, 0x4, 0x100, 0, 0)
T8936 exit  recvfrom -> 4 (0x4) bytes=4: 00 00 00 00
T8936 enter close(0x6f, 0x6f, 0x4, 0x100, 0, 0)
T8936 exit  close -> 0 (0)
T2591 enter recvfrom(0x11, 0x7c82d2db70, 0x14, 0x40, 0, 0)
T2659 enter recvfrom(0xa, 0x77e782bb70, 0x14, 0x40, 0, 0)
T8936 enter writev(0x4, 0x7c4a8c7f50, 0x4, 0x3, 0x7c4a8c7f90, 0x21456)
T8022 enter recvfrom(0x6c, 0xb400007c35018480, 0x8f2c, 0x40, 0x7c4acbcb88, 0x7c4acbcb84)
T7965 enter recvfrom(0x49, 0xb400007c87f9ae00, 0xb560, 0x40, 0x7c4d5a1b88, 0x7c4d5a1b84)
T2591 exit  recvfrom -> 20 (0x14) bytes=20: 05 00 00 00 47 00 00 00 01 00 00 00 00 00 00 00 44 00 00 00
T2659 exit  recvfrom -> 20 (0x14) bytes=20: 05 00 00 00 47 00 00 00 01 00 00 00 00 00 00 00 44 00 00 00
T8936 exit  writev -> 104 (0x68)
T8022 exit  recvfrom -> 28 (0x1c) bytes=28: 04 01 00 24 00 15 00 01 06 00 00 02 02 00 01 00 11 01 00 00 22 05 00 00 00 00 00 00
T7965 exit  recvfrom -> 14 (0xe) bytes=14: 04 02 00 5d 00 07 00 01 04 00 00 00 00 00
T8022 enter recvfrom(0x6c, 0xb400007c35018480, 0x8f2c, 0x40, 0x7c4acbcb88, 0x7c4acbcb84)
T8022 exit  recvfrom -> 28 (0x1c) bytes=28: 04 02 00 24 00 15 00 01 06 00 00 02 02 00 01 00 11 01 00 00 22 05 00 00 00 00 00 00
T2591 enter write(0x2c, 0x7d3c307702, 0x1, 0, 0, 0) bytes=1: 72
T7926 enter read(0x2b, 0x7c5b377b94, 0x1, 0, 0, 0)
T7926 exit  read -> 1 (0x1) bytes=1: 72
T2591 exit  write -> 1 (0x1)
T1992 enter ioctl(0xe, 0xc0306201, 0x7fe59a8ab8, 0x7c84b08080, 0, 0xb400007c96ed8500) ioctl_req=0xc0306201
T2609 enter write(0x2c, 0x7d3c3078c8, 0x1, 0x7c62965360, 0x7c629652b4, 0x7c629654a8) bytes=1: 64
T7926 enter read(0x2b, 0x7c5b377b94, 0x1, 0, 0, 0x44000000)
T7926 exit  read -> 1 (0x1) bytes=1: 64
T7926 enter close(0x2b, 0x2b, 0x1, 0, 0, 0x44000000)
T2609 exit  write -> 1 (0x1)
T7926 exit  close -> 0 (0)
T7926 enter close(0x2c, 0x2c, 0x1, 0, 0, 0x44000000)
T7926 exit  close -> 0 (0)
T7926 enter close(0x29, 0x29, 0x1, 0, 0, 0x44000000)
T2591 enter recvfrom(0x11, 0x7c82d2db70, 0x14, 0x40, 0, 0)
T1992 exit  ioctl -> 0 (0)
T7926 exit  close -> 0 (0)
T2591 exit  recvfrom -> 20 (0x14) bytes=20: 05 00 00 00 32 00 00 00 01 00 00 00 00 00 00 00 40 00 00 00
T2603 enter ioctl(0xe, 0xc0306201, 0x7c82150868, 0, 0, 0x1) ioctl_req=0xc0306201
T2603 exit  ioctl -> 0 (0)
T2591 enter write(0x28, 0x7d3c307702, 0x1, 0, 0, 0) bytes=1: 72
T7921 enter read(0x27, 0x7c5c474b94, 0x1, 0, 0, 0x4)
T7921 exit  read -> 1 (0x1) bytes=1: 72
T2591 exit  write -> 1 (0x1)
T2608 enter write(0x28, 0x7d3c3078c8, 0x1, 0x14, 0x7c62a621c8, 0x4) bytes=1: 64
T7921 enter read(0x27, 0x7c5c474b94, 0x1, 0, 0, 0x40000000)
T2608 exit  write -> 1 (0x1)
T7921 exit  read -> 1 (0x1) bytes=1: 64
T7921 enter close(0x27, 0x27, 0x1, 0, 0, 0x40000000)
T7921 exit  close -> 0 (0)
T7921 enter close(0x28, 0x28, 0x1, 0, 0, 0x40000000)
T2591 enter recvfrom(0x11, 0x7c82d2db70, 0x14, 0x40, 0, 0)
T7921 exit  close -> 0 (0)
T7921 enter close(0x26, 0x26, 0x1, 0, 0, 0x40000000)
T2591 exit  recvfrom -> 20 (0x14) bytes=20: 05 00 00 00 42 00 00 00 01 b4 00 00 00 00 00 00 01 00 00 00
T7921 exit  close -> 0 (0)
T2591 enter recvfrom(0x11, 0x7c82d2db70, 0x14, 0x40, 0, 0)
T2591 exit  recvfrom -> 20 (0x14) bytes=20: 05 00 00 00 2b 00 00 00 02 12 00 00 00 00 00 00 04 00 00 00
T2591 enter recvfrom(0x11, 0x7c82d2db70, 0x14, 0x40, 0, 0)
T2591 exit  recvfrom -> 20 (0x14) bytes=20: 05 00 00 00 0f 00 00 00 01 05 00 00 00 00 00 00 0f 00 00 00
T2591 enter recvfrom(0x11, 0x7c82d2db70, 0x14, 0x40, 0, 0)
T2591 exit  recvfrom -> 20 (0x14) bytes=20: 05 00 00 00 15 00 00 00 01 00 00 00 00 00 00 00 11 00 00 00
T2591 enter recvfrom(0x11, 0x7c82d2db70, 0x14, 0x40, 0, 0)
T2591 exit  recvfrom -> 20 (0x14) bytes=20: 05 00 00 00 33 00 00 00 01 0b 00 00 00 00 00 00 12 00 00 00
T2591 enter recvfrom(0x11, 0x7c82d2db70, 0x14, 0x40, 0, 0)
T2591 exit  recvfrom -> 20 (0x14) bytes=20: 05 00 00 00 33 00 00 00 01 02 00 00 00 00 00 00 13 00 00 00
T2591 enter recvfrom(0x11, 0x7c82d2db70, 0x14, 0x40, 0, 0)
T2591 exit  recvfrom -> 20 (0x14) bytes=20: 05 00 00 00 18 00 00 00 01 00 00 00 00 00 00 00 14 00 00 00
T2591 enter recvfrom(0x11, 0x7c82d2db70, 0x14, 0x40, 0, 0)
T2591 exit  recvfrom -> 20 (0x14) bytes=20: 05 00 00 00 16 00 00 00 01 10 00 00 00 00 00 00 15 00 00 00
T2591 enter recvfrom(0x11, 0x7c82d2db70, 0x14, 0x40, 0, 0)
T2591 exit  recvfrom -> 20 (0x14) bytes=20: 05 00 00 00 01 10 00 00 01 00 00 00 00 00 00 00 19 00 00 00
T2591 enter recvfrom(0x11, 0x7c82d2db70, 0x14, 0x40, 0, 0)
T2591 exit  recvfrom -> 20 (0x14) bytes=20: 05 00 00 00 01 10 00 00 03 00 00 00 00 00 00 00 1c 00 00 00
T2591 enter recvfrom(0x11, 0x7c82d2db70, 0x14, 0x40, 0, 0)
T2591 exit  recvfrom -> 20 (0x14) bytes=20: 05 00 00 00 17 00 00 00 02 00 00 00 00 00 00 00 1f 00 00 00
T2591 enter recvfrom(0x11, 0x7c82d2db70, 0x14, 0x40, 0, 0)
T2591 exit  recvfrom -> 20 (0x14) bytes=20: 05 00 00 00 17 00 00 00 01 00 00 00 00 00 00 00 20 00 00 00
T2591 enter recvfrom(0x11, 0x7c82d2db70, 0x14, 0x40, 0, 0)
T2591 exit  recvfrom -> 20 (0x14) bytes=20: 05 00 00 00 24 00 00 00 01 00 00 00 00 00 00 00 21 00 00 00
T2591 enter write(0x21, 0x7d3c307702, 0x1, 0x40, 0x24, 0x1) bytes=1: 72
T7846 enter read(0x20, 0x7c5e66eb94, 0x1, 0, 0, 0x1)
T7846 exit  read -> 1 (0x1) bytes=1: 72
T2603 enter ioctl(0xe, 0xc0306201, 0x7c82150848, 0, 0, 0x1) ioctl_req=0xc0306201
T2591 exit  write -> 1 (0x1)
T2603 exit  ioctl -> 0 (0)
T2591 enter write(0x24, 0x7d3c307702, 0x1, 0x40, 0x24, 0x1) bytes=1: 72
T2591 exit  write -> 1 (0x1)
T7847 enter read(0x23, 0x7c5d571b94, 0x1, 0, 0, 0)
T7847 exit  read -> 1 (0x1) bytes=1: 72
T2616 enter write(0x21, 0x7d3c3078c8, 0x1, 0x2, 0x7c6076ae21, 0x7d1e7d55c8) bytes=1: 64
T2616 exit  write -> 1 (0x1)
T7846 enter read(0x20, 0x7c5e66eb94, 0x1, 0, 0, 0)
T7846 exit  read -> 1 (0x1) bytes=1: 64
T7846 enter close(0x20, 0x20, 0x1, 0, 0, 0)
T7846 exit  close -> 0 (0)
T7846 enter close(0x21, 0x21, 0x1, 0, 0, 0)
T7846 exit  close -> 0 (0)
T7846 enter close(0x1f, 0x1f, 0x1, 0, 0, 0)
T7846 exit  close -> 0 (0)
T2616 enter socket(0x2a, 0x80002, 0, 0x1, 0, 0)
T2616 exit  socket -> 31 (0x1f)
T2616 enter sendto(0x1f, 0x7c6076af10, 0x14, 0, 0x7c6076af00, 0xc) bytes=20: 0a 00 00 00 24 00 00 00 00 00 00 00 00 00 00 00 00 00 00 00 addr: bytes=12: 2a 00 00 00 01 00 00 00 fe ff ff ff
T2616 exit  sendto -> 20 (0x14)
T2616 enter recvfrom(0x1f, 0x7c6076af60, 0x14, 0, 0, 0)
T2616 exit  recvfrom -> 20 (0x14) bytes=20: 04 00 00 00 00 00 00 00 00 00 00 00 00 00 00 00 00 00 00 00
T2616 enter close(0x1f, 0x1f, 0x14, 0, 0x14, 0)
T2616 exit  close -> 0 (0)
T2591 enter recvfrom(0x11, 0x7c82d2db70, 0x14, 0x40, 0, 0)
T2591 exit  recvfrom -> 20 (0x14) bytes=20: 05 00 00 00 31 00 00 00 01 02 00 00 00 00 00 00 22 00 00 00
T2591 enter recvfrom(0x11, 0x7c82d2db70, 0x14, 0x40, 0, 0)
T2591 exit  recvfrom -> 20 (0x14) bytes=20: 05 00 00 00 2f 04 00 00 01 01 00 00 00 00 00 00 23 00 00 00
T2591 enter recvfrom(0x11, 0x7c82d2db70, 0x14, 0x40, 0, 0)
T2591 exit  recvfrom -> 20 (0x14) bytes=20: 05 00 00 00 11 00 00 00 01 00 00 00 00 00 00 00 31 00 00 00
T2591 enter recvfrom(0x11, 0x7c82d2db70, 0x14, 0x40, 0, 0)
T2591 exit  recvfrom -> 20 (0x14) bytes=20: 05 00 00 00 22 00 00 00 01 00 00 00 00 00 00 00 32 00 00 00
T2591 enter recvfrom(0x11, 0x7c82d2db70, 0x14, 0x40, 0, 0)
T2603 enter ioctl(0xe, 0xc0306201, 0x7c821507c8, 0, 0, 0x1) ioctl_req=0xc0306201
T2591 exit  recvfrom -> 20 (0x14) bytes=20: 05 00 00 00 29 00 00 00 01 01 00 00 00 00 00 00 34 00 00 00
T2603 exit  ioctl -> 0 (0)
T2591 enter write(0x61, 0x7d3c307702, 0x1, 0x40, 0x29, 0x101) bytes=1: 72
T2591 exit  write -> 1 (0x1)
T7109 enter read(0x60, 0x7c66965b94, 0x1, 0, 0, 0x7d1e7d55c8)
T7109 exit  read -> 1 (0x1) bytes=1: 72
T2591 enter recvfrom(0x11, 0x7c82d2db70, 0x14, 0x40, 0, 0)
T2591 exit  recvfrom -> 20 (0x14) bytes=20: 05 00 00 00 8c 13 00 00 ef de 00 00 00 00 00 00 35 00 00 00
T2591 enter recvfrom(0x11, 0x7c82d2db70, 0x14, 0x40, 0, 0)
T2591 exit  recvfrom -> 20 (0x14) bytes=20: 05 00 00 00 55 00 00 00 01 00 00 00 00 00 00 00 38 00 00 00
T2591 enter recvfrom(0x11, 0x7c82d2db70, 0x14, 0x40, 0, 0)
T2591 exit  recvfrom -> 20 (0x14) bytes=20: 05 00 00 00 4c 00 00 00 01 00 00 00 00 00 00 00 39 00 00 00
T2591 enter recvfrom(0x11, 0x7c82d2db70, 0x14, 0x40, 0, 0)
T2603 enter ioctl(0xe, 0xc0306201, 0x7c82150798, 0, 0, 0x1) ioctl_req=0xc0306201
T2591 exit  recvfrom -> 20 (0x14) bytes=20: 05 00 00 00 37 00 00 00 01 02 00 00 00 00 00 00 3c 00 00 00
T2603 exit  ioctl -> 0 (0)
T2591 enter recvfrom(0x11, 0x7c82d2db70, 0x14, 0x40, 0, 0)
T2591 exit  recvfrom -> 20 (0x14) bytes=20: 05 00 00 00 e3 00 00 00 01 00 00 00 00 00 00 00 3f 00 00 00
T2591 enter write(0x2e, 0x7d3c307702, 0x1, 0x40, 0xe3, 0x1) bytes=1: 72
T2591 exit  write -> 1 (0x1)
T7927 enter read(0x2d, 0x7c5b27ab94, 0x1, 0, 0, 0)
T7927 exit  read -> 1 (0x1) bytes=1: 72
T2591 enter recvfrom(0x11, 0x7c82d2db70, 0x14, 0x40, 0, 0)
T2591 exit  recvfrom -> 20 (0x14) bytes=20: 05 00 00 00 0c 00 00 00 01 00 00 00 00 00 00 00 41 00 00 00
T2591 enter write(0x4b, 0x7d3c307702, 0x1, 0x40, 0xc, 0x1) bytes=1: 72
T2591 exit  write -> 1 (0x1)
T7967 enter read(0x4a, 0x7c4d69eb94, 0x1, 0, 0, 0x7d1e7d55c8)
T7967 exit  read -> 1 (0x1) bytes=1: 72
T2591 enter recvfrom(0x11, 0x7c82d2db70, 0x14, 0x40, 0, 0)
T2591 exit  recvfrom -> 20 (0x14) bytes=20: 05 00 00 00 09 00 00 00 02 00 00 00 00 00 00 00 43 00 00 00
T2591 enter write(0x32, 0x7d3c307702, 0x1, 0x40, 0x9, 0x2) bytes=1: 72
T7932 enter read(0x31, 0x7c56f83b94, 0x1, 0, 0, 0)
T7932 exit  read -> 1 (0x1) bytes=1: 72
T2591 exit  write -> 1 (0x1)
T2591 enter write(0x34, 0x7d3c307702, 0x1, 0x40, 0x9, 0x2) bytes=1: 72
T2591 exit  write -> 1 (0x1)
T7933 enter read(0x33, 0x7c55e86b94, 0x1, 0, 0, 0)
T7933 exit  read -> 1 (0x1) bytes=1: 72
T2615 enter write(0x2e, 0x7d3c3078c8, 0x1, 0x2, 0x7c60867e21, 0x7d1e7d55c8) bytes=1: 64
T7927 enter read(0x2d, 0x7c5b27ab94, 0x1, 0, 0, 0)
T7927 exit  read -> 1 (0x1) bytes=1: 64
T7927 enter close(0x2d, 0x2d, 0x1, 0, 0, 0)
T7927 exit  close -> 0 (0)
T7927 enter close(0x2e, 0x2e, 0x1, 0, 0, 0)
T2615 exit  write -> 1 (0x1)
T7927 exit  close -> 0 (0)
T7927 enter close(0x2a, 0x2a, 0x1, 0, 0, 0)
T7927 exit  close -> 0 (0)
T2591 enter write(0x44, 0x7d3c307702, 0x1, 0x40, 0x9, 0x2) bytes=1: 72
T2591 exit  write -> 1 (0x1)
T7959 enter read(0x43, 0x7c4f898b94, 0x1, 0, 0, 0)
T7959 exit  read -> 1 (0x1) bytes=1: 72
T2603 enter ioctl(0xe, 0xc0306201, 0x7c821507f8, 0, 0, 0x1) ioctl_req=0xc0306201
T4276 enter write(0x32, 0x7d3c3078c8, 0x1, 0x2, 0x7c4a9c4e21, 0x7d1e7d55c8) bytes=1: 64
T4276 exit  write -> 1 (0x1)
T7932 enter read(0x31, 0x7c56f83b94, 0x1, 0, 0, 0)
T7932 exit  read -> 1 (0x1) bytes=1: 64
T7932 enter close(0x31, 0x31, 0x1, 0, 0, 0)
T7932 exit  close -> 0 (0)
T7932 enter close(0x32, 0x32, 0x1, 0, 0, 0)
T7932 exit  close -> 0 (0)
T7932 enter close(0x30, 0x30, 0x1, 0, 0, 0)
T7932 exit  close -> 0 (0)
T4276 enter socket(0x2a, 0x80002, 0, 0x2, 0, 0)
T4276 exit  socket -> 31 (0x1f)
T4275 enter write(0x34, 0x7d3c3078c8, 0x1, 0x2, 0x7c65dfae21, 0x7d1e7d55c8) bytes=1: 64
T4275 exit  write -> 1 (0x1)
T7933 enter read(0x33, 0x7c55e86b94, 0x1, 0, 0, 0)
T7933 exit  read -> 1 (0x1) bytes=1: 64
T7933 enter close(0x33, 0x33, 0x1, 0, 0, 0)
T7933 exit  close -> 0 (0)
T7933 enter close(0x34, 0x34, 0x1, 0, 0, 0)
T7933 exit  close -> 0 (0)
T7933 enter close(0x2f, 0x2f, 0x1, 0, 0, 0)
T4276 enter sendto(0x1f, 0x7c4a9c4f10, 0x14, 0, 0x7c4a9c4f00, 0xc) bytes=20: 0a 00 00 00 09 00 00 00 00 00 00 00 00 00 00 00 00 00 00 00 addr: bytes=12: 2a 00 00 00 01 00 00 00 fe ff ff ff
T7933 exit  close -> 0 (0)
T4276 exit  sendto -> 20 (0x14)
T4276 enter recvfrom(0x1f, 0x7c4a9c4f60, 0x14, 0, 0, 0)
T4276 exit  recvfrom -> 20 (0x14) bytes=20: 04 00 00 00 00 00 00 00 00 00 00 00 00 00 00 00 00 00 00 00
T4276 enter close(0x1f, 0x1f, 0x14, 0, 0x14, 0)
T4276 exit  close -> 0 (0)
T2615 enter socket(0x2a, 0x80002, 0, 0x1, 0, 0)
T2615 exit  socket -> 31 (0x1f)
T2615 enter sendto(0x1f, 0x7c60867f10, 0x14, 0, 0x7c60867f00, 0xc) bytes=20: 0a 00 00 00 e3 00 00 00 00 00 00 00 00 00 00 00 00 00 00 00 addr: bytes=12: 2a 00 00 00 01 00 00 00 fe ff ff ff
T2615 exit  sendto -> 20 (0x14)
T2615 enter recvfrom(0x1f, 0x7c60867f60, 0x14, 0, 0, 0)
T2615 exit  recvfrom -> 20 (0x14) bytes=20: 04 00 00 00 00 00 00 00 00 00 00 00 00 00 00 00 00 00 00 00
T2615 enter close(0x1f, 0x1f, 0x14, 0, 0x14, 0)
T2603 exit  ioctl -> 0 (0)
T2615 exit  close -> 0 (0)
T2591 enter recvfrom(0x11, 0x7c82d2db70, 0x14, 0x40, 0, 0)
T2591 exit  recvfrom -> 20 (0x14) bytes=20: 05 00 00 00 03 00 00 00 01 00 00 00 00 00 00 00 46 00 00 00
T2591 enter write(0x6e, 0x7d3c307702, 0x1, 0x40, 0x3, 0x1) bytes=1: 72
T8022 enter read(0x6d, 0x7c4acbcb94, 0x1, 0, 0, 0x7d1e7d55c8)
T8022 exit  read -> 1 (0x1) bytes=1: 72
T2591 exit  write -> 1 (0x1)
T4275 enter socket(0x2a, 0x80002, 0, 0x2, 0, 0)
T4275 exit  socket -> 31 (0x1f)
T4275 enter sendto(0x1f, 0x7c65dfaf10, 0x14, 0, 0x7c65dfaf00, 0xc) bytes=20: 0a 00 00 00 09 00 00 00 00 00 00 00 00 00 00 00 00 00 00 00 addr: bytes=12: 2a 00 00 00 01 00 00 00 fe ff ff ff
T4275 exit  sendto -> 20 (0x14)
T4275 enter recvfrom(0x1f, 0x7c65dfaf60, 0x14, 0, 0, 0)
T4275 exit  recvfrom -> 20 (0x14) bytes=20: 04 00 00 00 00 00 00 00 00 00 00 00 00 00 00 00 00 00 00 00
T4275 enter close(0x1f, 0x1f, 0x14, 0, 0x14, 0)
T4275 exit  close -> 0 (0)
T2591 enter recvfrom(0x11, 0x7c82d2db70, 0x14, 0x40, 0, 0)
T2591 exit  recvfrom -> 20 (0x14) bytes=20: 05 00 00 00 0a 00 00 00 02 00 00 00 00 00 00 00 47 00 00 00
T2603 enter ioctl(0xe, 0xc0306201, 0x7c821507f8, 0, 0, 0x1) ioctl_req=0xc0306201
T2591 enter write(0x37, 0x7d3c307702, 0x1, 0, 0, 0) bytes=1: 72
T2603 exit  ioctl -> 0 (0)
T7937 enter read(0x36, 0x7c54d89b94, 0x1, 0, 0, 0)
T7937 exit  read -> 1 (0x1) bytes=1: 72
T2591 exit  write -> 1 (0x1)
T2591 enter recvfrom(0x11, 0x7c82d2db70, 0x14, 0x40, 0, 0)
T2766 enter write(0x37, 0x7d3c3078c8, 0x1, 0x7c5b17d360, 0x7c5b17d2b4, 0x7c5b17d4a8) bytes=1: 64
T2766 exit  write -> 1 (0x1)
T7937 enter read(0x36, 0x7c54d89b94, 0x1, 0, 0, 0x47000000)
T7937 exit  read -> 1 (0x1) bytes=1: 64
T7937 enter close(0x36, 0x36, 0x1, 0, 0, 0x47000000)
T7937 exit  close -> 0 (0)
T7937 enter close(0x37, 0x37, 0x1, 0, 0, 0x47000000)
T2591 exit  recvfrom -> 20 (0x14) bytes=20: 05 00 00 00 2f 00 00 00 01 00 00 00 00 00 00 00 48 00 00 00
T7937 exit  close -> 0 (0)
T7937 enter close(0x35, 0x35, 0x1, 0, 0, 0x47000000)
T7937 exit  close -> 0 (0)
T2591 enter recvfrom(0x11, 0x7c82d2db70, 0x14, 0x40, 0, 0)
T2591 exit  recvfrom -> 20 (0x14) bytes=20: 05 00 00 00 0b 00 00 00 01 00 00 00 00 00 00 00 4a 00 00 00
T2591 enter write(0x3e, 0x7d3c307702, 0x1, 0, 0, 0) bytes=1: 72
T7940 enter read(0x3d, 0x7c53b8fb94, 0x1, 0, 0, 0)
T7940 exit  read -> 1 (0x1) bytes=1: 72
T2767 enter write(0x3e, 0x7d3c3078c8, 0x1, 0x7c5b080360, 0x7c5b0802b4, 0x7c5b0804a8) bytes=1: 64
T2767 exit  write -> 1 (0x1)
T7940 enter read(0x3d, 0x7c53b8fb94, 0x1, 0, 0, 0x4a000000)
T7940 exit  read -> 1 (0x1) bytes=1: 64
T7940 enter close(0x3d, 0x3d, 0x1, 0, 0, 0x4a000000)
T7940 exit  close -> 0 (0)
T7940 enter close(0x3e, 0x3e, 0x1, 0, 0, 0x4a000000)
T7940 exit  close -> 0 (0)
T7940 enter close(0x39, 0x39, 0x1, 0, 0, 0x4a000000)
T7940 exit  close -> 0 (0)
T2591 exit  write -> 1 (0x1)
T2599 enter ioctl(0xe, 0xc0306201, 0x7c82544a10, 0, 0, 0) ioctl_req=0xc0306201
T2591 enter recvfrom(0x11, 0x7c82d2db70, 0x14, 0x40, 0, 0)
T2591 exit  recvfrom -> 20 (0x14) bytes=20: 05 00 00 00 01 00 00 00 01 00 00 00 00 00 00 00 4b 00 00 00
T2599 exit  ioctl -> 0 (0)
T2591 enter write(0x3b, 0x7d3c307702, 0x1, 0x3174656e6d720073, 0x8, 0x8000) bytes=1: 72
T7939 enter read(0x3a, 0x7c53c8cb94, 0x1, 0, 0, 0x16)
T7939 exit  read -> 1 (0x1) bytes=1: 72
T4263 enter write(0x3b, 0x7d3c3078c8, 0x1, 0x3174656e6d720073, 0x8, 0x8000) bytes=1: 64
T4263 exit  write -> 1 (0x1)
T7939 enter read(0x3a, 0x7c53c8cb94, 0x1, 0, 0, 0x8000)
T7939 exit  read -> 1 (0x1) bytes=1: 64
T7939 enter close(0x3a, 0x3a, 0x1, 0, 0, 0x8000)
T7939 exit  close -> 0 (0)
T7939 enter close(0x3b, 0x3b, 0x1, 0, 0, 0x8000)
T7939 exit  close -> 0 (0)
T7939 enter close(0x38, 0x38, 0x1, 0, 0, 0x8000)
T2591 exit  write -> 1 (0x1)
T7939 exit  close -> 0 (0)
T2591 enter write(0x40, 0x7d3c307702, 0x1, 0x3174656e6d720073, 0x8, 0x8000) bytes=1: 72
T7941 enter read(0x3c, 0x7c51a92b94, 0x1, 0, 0, 0)
T2591 exit  write -> 1 (0x1)
T7941 exit  read -> 1 (0x1) bytes=1: 72
T7941 enter write(0x18, 0x7c51a92ae0, 0x8, 0x5, 0x38, 0) bytes=8: 01 00 00 00 00 00 00 00
T7941 exit  write -> 8 (0x8)
T2606 enter read(0x18, 0x7c6dc5cad0, 0x8, 0x5, 0x38, 0)
T2606 exit  read -> 8 (0x8) bytes=8: 01 00 00 00 00 00 00 00
T2606 enter read(0x18, 0x7c6dc5cad0, 0x8, 0x5, 0x38, 0)
T2606 exit  read -> -11 (0xfffffffffffffff5)
T2606 enter write(0x40, 0x7d3c3078c8, 0x1, 0x5, 0x38, 0) bytes=1: 64
T2606 exit  write -> 1 (0x1)
T7941 enter read(0x3c, 0x7c51a92b94, 0x1, 0, 0, 0)
T7941 exit  read -> 1 (0x1) bytes=1: 64
T7941 enter close(0x3c, 0x3c, 0x1, 0, 0, 0)
T7941 exit  close -> 0 (0)
T7941 enter close(0x40, 0x40, 0x1, 0, 0, 0)
T7941 exit  close -> 0 (0)
T7941 enter close(0x3f, 0x3f, 0x1, 0, 0, 0)
T2591 enter write(0x67, 0x7d3c307702, 0x1, 0x3174656e6d720073, 0x8, 0x8000) bytes=1: 72
T7941 exit  close -> 0 (0)
T7987 enter read(0x66, 0x7c4afb3b94, 0x1, 0, 0, 0)
T7987 exit  read -> 1 (0x1) bytes=1: 72
T2591 exit  write -> 1 (0x1)
T2606 enter socket(0x2a, 0x80002, 0, 0x1, 0, 0)
T2606 exit  socket -> 31 (0x1f)
T2606 enter sendto(0x1f, 0x7c6dc5c940, 0x14, 0, 0x7c6dc5c930, 0xc) bytes=20: 0a 00 00 00 01 00 00 00 00 00 00 00 00 00 00 00 00 00 00 00 addr: bytes=12: 2a 00 00 00 01 00 00 00 fe ff ff ff
T2606 exit  sendto -> 20 (0x14)
T2606 enter recvfrom(0x1f, 0x7c6dc5c990, 0x14, 0, 0, 0)
T2606 exit  recvfrom -> 20 (0x14) bytes=20: 04 00 00 00 00 00 00 00 00 00 00 00 00 00 00 00 00 00 00 00
T2606 enter close(0x1f, 0x1f, 0x14, 0, 0x14, 0)
T2606 exit  close -> 0 (0)
T2591 enter recvfrom(0x11, 0x7c82d2db70, 0x14, 0x40, 0, 0)
T2591 exit  recvfrom -> 20 (0x14) bytes=20: 05 00 00 00 04 00 00 00 01 00 00 00 00 00 00 00 4c 00 00 00
T2591 enter recvfrom(0x11, 0x7c82d2db70, 0x14, 0x40, 0, 0)
T2591 exit  recvfrom -> 20 (0x14) bytes=20: 05 00 00 00 1a 00 00 00 01 00 00 00 00 00 00 00 4d 00 00 00
T2591 enter recvfrom(0x11, 0x7c82d2db70, 0x14, 0x40, 0, 0)
T2591 exit  recvfrom -> 20 (0x14) bytes=20: 05 00 00 00 08 00 00 00 01 00 00 00 00 00 00 00 4e 00 00 00
T2591 enter recvfrom(0x11, 0x7c82d2db70, 0x14, 0x40, 0, 0)
T2591 exit  recvfrom -> 20 (0x14) bytes=20: 05 00 00 00 4d 00 00 00 01 00 00 00 00 00 00 00 4f 00 00 00
T2591 enter recvfrom(0x11, 0x7c82d2db70, 0x14, 0x40, 0, 0)
T2591 exit  recvfrom -> 20 (0x14) bytes=20: 05 00 00 00 4b 00 00 00 01 00 00 00 00 00 00 00 51 00 00 00
T2591 enter recvfrom(0x11, 0x7c82d2db70, 0x14, 0x40, 0, 0)
T2591 exit  recvfrom -> 20 (0x14) bytes=20: 05 00 00 00 4a 00 00 00 01 00 00 00 00 00 00 00 53 00 00 00
T2591 enter recvfrom(0x11, 0x7c82d2db70, 0x14, 0x40, 0, 0)
T2591 exit  recvfrom -> 20 (0x14) bytes=20: 05 00 00 00 2a 00 00 00 01 00 00 00 00 00 00 00 56 00 00 00
T2591 enter write(0x65, 0x7d3c307702, 0x1, 0x40, 0x2a, 0x1) bytes=1: 72
T2591 exit  write -> 1 (0x1)
T7985 enter read(0x64, 0x7c4b0b0b94, 0x1, 0, 0, 0)
T7985 exit  read -> 1 (0x1) bytes=1: 72
T2591 enter recvfrom(0x11, 0x7c82d2db70, 0x14, 0x40, 0, 0)
T2591 exit  recvfrom -> 20 (0x14) bytes=20: 05 00 00 00 02 00 00 00 01 00 00 00 00 00 00 00 57 00 00 00
T2591 enter recvfrom(0x11, 0x7c82d2db70, 0x14, 0x40, 0, 0)
T2591 exit  recvfrom -> 20 (0x14) bytes=20: 05 00 00 00 05 00 00 00 01 00 00 00 00 00 00 00 58 00 00 00
T2591 enter write(0x4d, 0x7d3c307702, 0x1, 0x40, 0x5, 0x1) bytes=1: 72
T7965 enter read(0x4c, 0x7c4d5a1b94, 0x1, 0, 0, 0x7d1e7d55c8)
T2591 exit  write -> 1 (0x1)
T7965 exit  read -> 1 (0x1) bytes=1: 72
T2591 enter recvfrom(0x11, 0x7c82d2db70, 0x14, 0x40, 0, 0)
T2591 exit  recvfrom -> 20 (0x14) bytes=20: 05 00 00 00 30 00 00 00 01 00 00 00 00 00 00 00 59 00 00 00
T2591 enter recvfrom(0x11, 0x7c82d2db70, 0x14, 0x40, 0, 0)
T2591 exit  recvfrom -> 20 (0x14) bytes=20: 05 00 00 00 44 00 00 00 01 00 00 00 00 00 00 00 5b 00 00 00
T2591 enter write(0x62, 0x7d3c307702, 0x1, 0x40, 0x44, 0x1) bytes=1: 72
T7984 enter read(0x58, 0x7c4b1adb94, 0x1, 0, 0, 0)
T7984 exit  read -> 1 (0x1) bytes=1: 72
T2591 exit  write -> 1 (0x1)
T2591 enter recvfrom(0x11, 0x7c82d2db70, 0x14, 0x40, 0, 0)
T2591 exit  recvfrom -> 20 (0x14) bytes=20: 05 00 00 00 49 00 00 00 01 00 00 00 00 00 00 00 5c 00 00 00
T2591 enter write(0x47, 0x7d3c307702, 0x1, 0x40, 0x49, 0x1) bytes=1: 72
T7964 enter read(0x46, 0x7c4e79bb94, 0x1, 0, 0, 0)
T2591 exit  write -> 1 (0x1)
T7964 exit  read -> 1 (0x1) bytes=1: 72
T2591 enter recvfrom(0x11, 0x7c82d2db70, 0x14, 0x40, 0, 0)
T2591 exit  recvfrom -> 20 (0x14) bytes=20: 05 00 00 00 4e 00 00 00 01 00 00 00 00 00 00 00 5d 00 00 00
T2591 enter recvfrom(0x11, 0x7c82d2db70, 0x14, 0x40, 0, 0)
attached new tid=9039
T2591 exit  recvfrom -> 20 (0x14) bytes=20: 05 00 00 00 1d 00 00 00 01 00 00 00 00 00 00 00 5e 00 00 00
T9039 enter write(0x47, 0x7d3c3078c8, 0x1, 0, 0, 0) bytes=1: 64
T9039 exit  write -> 1 (0x1)
T7964 enter read(0x46, 0x7c4e79bb94, 0x1, 0, 0, 0)
T7964 exit  read -> 1 (0x1) bytes=1: 64
T7964 enter close(0x46, 0x46, 0x1, 0, 0, 0)
T7964 exit  close -> 0 (0)
T7964 enter close(0x47, 0x47, 0x1, 0, 0, 0)
T2591 enter recvfrom(0x11, 0x7c82d2db70, 0x14, 0x40, 0, 0)
T7964 exit  close -> 0 (0)
T7964 enter close(0x42, 0x42, 0x1, 0, 0, 0)
T2591 exit  recvfrom -> 20 (0x14) bytes=20: 05 00 00 00 07 00 00 00 01 00 00 00 00 00 00 00 5f 00 00 00
T7964 exit  close -> 0 (0)
T2591 enter write(0x6b, 0x7d3c307702, 0x1, 0x40, 0x7, 0x1) bytes=1: 72
T1992 enter ioctl(0xe, 0xc0306201, 0x7fe59a8ab8, 0x7c84b080a8, 0, 0xb400007c96ed8500) ioctl_req=0xc0306201
T2591 exit  write -> 1 (0x1)
T7986 enter read(0x6a, 0x7c4aeb6b94, 0x1, 0, 0, 0)
T7986 exit  read -> 1 (0x1) bytes=1: 72
T9039 enter socket(0x2a, 0x80002, 0, 0x1, 0, 0)
T9039 exit  socket -> 31 (0x1f)
T9039 enter sendto(0x1f, 0x7c5e66ea60, 0x14, 0, 0x7c5e66ea50, 0xc) bytes=20: 0a 00 00 00 49 00 00 00 00 00 00 00 00 00 00 00 00 00 00 00 addr: bytes=12: 2a 00 00 00 01 00 00 00 fe ff ff ff
T9039 exit  sendto -> 20 (0x14)
T9039 enter recvfrom(0x1f, 0x7c5e66eab0, 0x14, 0, 0, 0)
T9039 exit  recvfrom -> 20 (0x14) bytes=20: 04 00 00 00 00 00 00 00 00 00 00 00 00 00 00 00 00 00 00 00
T9039 enter close(0x1f, 0x1f, 0x14, 0, 0x14, 0)
T9039 exit  close -> 0 (0)
T2591 enter recvfrom(0x11, 0x7c82d2db70, 0x14, 0x40, 0, 0)
T2591 exit  recvfrom -> 20 (0x14) bytes=20: 05 00 00 00 21 00 00 00 01 00 00 00 00 00 00 00 63 00 00 00
T2591 enter write(0x4f, 0x7d3c307702, 0x1, 0x40, 0x21, 0x1) bytes=1: 72
T2591 exit  write -> 1 (0x1)
T7966 enter read(0x4e, 0x7c50995b94, 0x1, 0, 0, 0)
T7966 exit  read -> 1 (0x1) bytes=1: 72
T2591 enter recvfrom(0x11, 0x7c82d2db70, 0x14, 0x40, 0, 0)
T2591 exit  recvfrom -> 20 (0x14) bytes=20: 05 00 00 00 12 00 00 00 01 00 00 00 00 00 00 00 65 00 00 00
T2591 enter write(0x55, 0x7d3c307702, 0x1, 0x40, 0x12, 0x1) bytes=1: 72
T7968 enter read(0x54, 0x7c4d4a4b94, 0x1, 0, 0, 0)
T7968 exit  read -> 1 (0x1) bytes=1: 72
T2591 exit  write -> 1 (0x1)
T2591 enter recvfrom(0x11, 0x7c82d2db70, 0x14, 0x40, 0, 0)
T2591 exit  recvfrom -> 20 (0x14) bytes=20: 05 00 00 00 10 00 00 00 02 00 00 00 00 00 00 00 69 00 00 00
T2591 enter recvfrom(0x11, 0x7c82d2db70, 0x14, 0x40, 0, 0)
T2591 exit  recvfrom -> 20 (0x14) bytes=20: 05 00 00 00 28 00 00 00 01 00 00 00 01 00 00 00 28 49 00 00
T2591 enter recvfrom(0x11, 0x7c82d2db70, 0x14, 0x40, 0, 0)
T2591 exit  recvfrom -> 20 (0x14) bytes=20: 05 00 00 00 02 03 00 00 01 00 00 00 01 00 00 00 bd 48 00 00
T2591 enter recvfrom(0x11, 0x7c82d2db70, 0x14, 0x40, 0, 0)
T2591 exit  recvfrom -> 20 (0x14) bytes=20: 04 00 00 00 02 03 00 00 01 00 00 00 01 00 00 00 a6 4b 00 00
T2590 enter write(0x44, 0x7d3c3078c8, 0x1, 0x2, 0x7c82e29e21, 0x7d1e7d55c8) bytes=1: 64
T7959 enter read(0x43, 0x7c4f898b94, 0x1, 0, 0, 0)
T7959 exit  read -> 1 (0x1) bytes=1: 64
T7959 enter close(0x43, 0x43, 0x1, 0, 0, 0)
T7959 exit  close -> 0 (0)
T7959 enter close(0x44, 0x44, 0x1, 0, 0, 0)
T7959 exit  close -> 0 (0)
T7959 enter close(0x41, 0x41, 0x1, 0, 0, 0)
T2590 exit  write -> 1 (0x1)
T7959 exit  close -> 0 (0)
T2590 enter socket(0x2a, 0x80002, 0, 0x2, 0, 0)
T2590 exit  socket -> 31 (0x1f)
T2590 enter sendto(0x1f, 0x7c82e29f10, 0x14, 0, 0x7c82e29f00, 0xc) bytes=20: 0a 00 00 00 09 00 00 00 00 00 00 00 00 00 00 00 00 00 00 00 addr: bytes=12: 2a 00 00 00 01 00 00 00 fe ff ff ff
T2590 exit  sendto -> 20 (0x14)
T2590 enter recvfrom(0x1f, 0x7c82e29f60, 0x14, 0, 0, 0)
T2590 exit  recvfrom -> 20 (0x14) bytes=20: 04 00 00 00 00 00 00 00 00 00 00 00 00 00 00 00 00 00 00 00
T2590 enter close(0x1f, 0x1f, 0x14, 0, 0x14, 0)
T2590 exit  close -> 0 (0)
T2589 enter write(0x55, 0x7d3c3078c8, 0x1, 0x2, 0x7c82f26e21, 0x7d1e7d55c8) bytes=1: 64
T7968 enter read(0x54, 0x7c4d4a4b94, 0x1, 0, 0, 0)
T2589 exit  write -> 1 (0x1)
T7968 exit  read -> 1 (0x1) bytes=1: 64
T7968 enter close(0x54, 0x54, 0x1, 0, 0, 0)
T7968 exit  close -> 0 (0)
T7968 enter close(0x55, 0x55, 0x1, 0, 0, 0)
T7968 exit  close -> 0 (0)
T7968 enter close(0x53, 0x53, 0x1, 0, 0, 0)
T7968 exit  close -> 0 (0)
T2587 enter write(0x4d, 0x7d3c3078c8, 0x1, 0x2, 0x7c83120e21, 0x7d1e7d55c8) bytes=1: 64
T2588 enter write(0x4f, 0x7d3c3078c8, 0x1, 0x2, 0x7c83023e21, 0x7d1e7d55c8) bytes=1: 64
T2588 exit  write -> 1 (0x1)
T7966 enter read(0x4e, 0x7c50995b94, 0x1, 0, 0, 0)
T7966 exit  read -> 1 (0x1) bytes=1: 64
T7966 enter close(0x4e, 0x4e, 0x1, 0, 0, 0)
T7966 exit  close -> 0 (0)
T7966 enter close(0x4f, 0x4f, 0x1, 0, 0, 0)
T7966 exit  close -> 0 (0)
T7966 enter close(0x48, 0x48, 0x1, 0, 0, 0)
T7965 enter read(0x4c, 0x7c4d5a1b94, 0x1, 0, 0, 0)
T8936 enter writev(0x4, 0x7c4a8c81c0, 0x4, 0x3, 0x7c4a8c8200, 0x217aa)
T7966 exit  close -> 0 (0)
T7965 exit  read -> 1 (0x1) bytes=1: 64
T8936 exit  writev -> 107 (0x6b)
T7965 enter close(0x4c, 0x4c, 0x1, 0, 0, 0)
T2587 exit  write -> 1 (0x1)
T7965 exit  close -> 0 (0)
T7965 enter close(0x4d, 0x4d, 0x1, 0, 0, 0)
T7965 exit  close -> 0 (0)
T7965 enter close(0x49, 0x49, 0x1, 0, 0, 0)
T7965 exit  close -> 0 (0)
T2586 enter write(0x4b, 0x7d3c3078c8, 0x1, 0x2, 0x7c8321de21, 0x7d1e7d55c8) bytes=1: 64
T7967 enter read(0x4a, 0x7c4d69eb94, 0x1, 0, 0, 0)
T7967 exit  read -> 1 (0x1) bytes=1: 64
T7967 enter close(0x4a, 0x4a, 0x1, 0, 0, 0)
T7967 exit  close -> 0 (0)
T7967 enter close(0x4b, 0x4b, 0x1, 0, 0, 0)
T7967 exit  close -> 0 (0)
T7967 enter close(0x45, 0x45, 0x1, 0, 0, 0)
T7967 exit  close -> 0 (0)
T2589 enter socket(0x2a, 0x80002, 0, 0x1, 0, 0)
T2589 exit  socket -> 31 (0x1f)
T2589 enter sendto(0x1f, 0x7c82f26f10, 0x14, 0, 0x7c82f26f00, 0xc) bytes=20: 0a 00 00 00 12 00 00 00 00 00 00 00 00 00 00 00 00 00 00 00 addr: bytes=12: 2a 00 00 00 01 00 00 00 fe ff ff ff
T2589 exit  sendto -> 20 (0x14)
T2589 enter recvfrom(0x1f, 0x7c82f26f60, 0x14, 0, 0, 0)
T2589 exit  recvfrom -> 20 (0x14) bytes=20: 04 00 00 00 00 00 00 00 00 00 00 00 00 00 00 00 00 00 00 00
T2589 enter close(0x1f, 0x1f, 0x14, 0, 0x14, 0)
T2589 exit  close -> 0 (0)
T2586 exit  write -> 1 (0x1)
T2588 enter socket(0x2a, 0x80002, 0, 0x1, 0, 0)
T2588 exit  socket -> 31 (0x1f)
T2588 enter sendto(0x1f, 0x7c83023f10, 0x14, 0, 0x7c83023f00, 0xc) bytes=20: 0a 00 00 00 21 00 00 00 00 00 00 00 00 00 00 00 00 00 00 00 addr: bytes=12: 2a 00 00 00 01 00 00 00 fe ff ff ff
T2588 exit  sendto -> 20 (0x14)
T2588 enter recvfrom(0x1f, 0x7c83023f60, 0x14, 0, 0, 0)
T2588 exit  recvfrom -> 20 (0x14) bytes=20: 04 00 00 00 00 00 00 00 00 00 00 00 00 00 00 00 00 00 00 00
T2588 enter close(0x1f, 0x1f, 0x14, 0, 0x14, 0)
T2588 exit  close -> 0 (0)
T2587 enter socket(0x2a, 0x80002, 0, 0x1, 0, 0)
T2587 exit  socket -> 31 (0x1f)
T2587 enter sendto(0x1f, 0x7c83120f10, 0x14, 0, 0x7c83120f00, 0xc) bytes=20: 0a 00 00 00 05 00 00 00 00 00 00 00 00 00 00 00 00 00 00 00 addr: bytes=12: 2a 00 00 00 01 00 00 00 fe ff ff ff
T2587 exit  sendto -> 20 (0x14)
T2587 enter recvfrom(0x1f, 0x7c83120f60, 0x14, 0, 0, 0)
T2587 exit  recvfrom -> 20 (0x14) bytes=20: 04 00 00 00 00 00 00 00 00 00 00 00 00 00 00 00 00 00 00 00
T2587 enter close(0x1f, 0x1f, 0x14, 0, 0x14, 0)
T2587 exit  close -> 0 (0)
T2659 enter write(0x30, 0x787e6ad702, 0x1, 0, 0, 0) bytes=1: 72
T2586 enter socket(0x2a, 0x80002, 0, 0x1, 0, 0)
T2586 exit  socket -> 31 (0x1f)
T2586 enter sendto(0x1f, 0x7c8321df10, 0x14, 0, 0x7c8321df00, 0xc) bytes=20: 0a 00 00 00 0c 00 00 00 00 00 00 00 00 00 00 00 00 00 00 00 addr: bytes=12: 2a 00 00 00 01 00 00 00 fe ff ff ff
T2586 exit  sendto -> 20 (0x14)
T2603 enter ioctl(0xe, 0xc0306201, 0x7c82150830, 0, 0, 0) ioctl_req=0xc0306201
T2586 enter recvfrom(0x1f, 0x7c8321df60, 0x14, 0, 0, 0)
T2586 exit  recvfrom -> 20 (0x14) bytes=20: 04 00 00 00 00 00 00 00 00 00 00 00 00 00 00 00 00 00 00 00
T2603 exit  ioctl -> 0 (0)
T2586 enter close(0x1f, 0x1f, 0x14, 0, 0x14, 0)
T2586 exit  close -> 0 (0)
T2603 enter write(0x7, 0x7d39599727, 0x1, 0x2, 0x2, 0x7d1e7d55c8) bytes=1: 20
T2603 exit  write -> 1 (0x1)
T2603 enter ioctl(0xe, 0xc0306201, 0x7c82150858, 0, 0, 0x1) ioctl_req=0xc0306201
T2603 exit  ioctl -> 0 (0)
T2584 enter write(0x24, 0x7d3c3078c8, 0x1, 0x2, 0x7c83417e21, 0x7d1e7d55c8) bytes=1: 64
T2584 exit  write -> 1 (0x1)
T7847 enter read(0x23, 0x7c5d571b94, 0x1, 0, 0, 0)
T7847 exit  read -> 1 (0x1) bytes=1: 64
T7847 enter close(0x23, 0x23, 0x1, 0, 0, 0)
T7847 exit  close -> 0 (0)
T7847 enter close(0x24, 0x24, 0x1, 0, 0, 0)
T7847 exit  close -> 0 (0)
T7847 enter close(0x22, 0x22, 0x1, 0, 0, 0)
T7847 exit  close -> 0 (0)
T2584 enter socket(0x2a, 0x80002, 0, 0x1, 0, 0)
T2584 exit  socket -> 31 (0x1f)
T2584 enter sendto(0x1f, 0x7c83417f10, 0x14, 0, 0x7c83417f00, 0xc) bytes=20: 0a 00 00 00 24 00 00 00 00 00 00 00 00 00 00 00 00 00 00 00 addr: bytes=12: 2a 00 00 00 01 00 00 00 fe ff ff ff
T2584 exit  sendto -> 20 (0x14)
T2584 enter recvfrom(0x1f, 0x7c83417f60, 0x14, 0, 0, 0)
T2584 exit  recvfrom -> 20 (0x14) bytes=20: 04 00 00 00 00 00 00 00 00 00 00 00 00 00 00 00 00 00 00 00
T2584 enter close(0x1f, 0x1f, 0x14, 0, 0x14, 0)
T2584 exit  close -> 0 (0)
T2583 enter write(0x62, 0x7d3c3078c8, 0x1, 0x2, 0x7c83514e21, 0x7d1e7d55c8) bytes=1: 64
T7984 enter read(0x58, 0x7c4b1adb94, 0x1, 0, 0, 0)
T7984 exit  read -> 1 (0x1) bytes=1: 64
T7984 enter close(0x58, 0x58, 0x1, 0, 0, 0)
T7984 exit  close -> 0 (0)
T7984 enter close(0x62, 0x62, 0x1, 0, 0, 0)
T7984 exit  close -> 0 (0)
T7984 enter close(0x57, 0x57, 0x1, 0, 0, 0)
T7984 exit  close -> 0 (0)
T2583 exit  write -> 1 (0x1)
T2583 enter socket(0x2a, 0x80002, 0, 0x1, 0, 0)
T2583 exit  socket -> 31 (0x1f)
T2583 enter sendto(0x1f, 0x7c83514f10, 0x14, 0, 0x7c83514f00, 0xc) bytes=20: 0a 00 00 00 44 00 00 00 00 00 00 00 00 00 00 00 00 00 00 00 addr: bytes=12: 2a 00 00 00 01 00 00 00 fe ff ff ff
T2583 exit  sendto -> 20 (0x14)
T2583 enter recvfrom(0x1f, 0x7c83514f60, 0x14, 0, 0, 0)
T2583 exit  recvfrom -> 20 (0x14) bytes=20: 04 00 00 00 00 00 00 00 00 00 00 00 00 00 00 00 00 00 00 00
T2583 enter close(0x1f, 0x1f, 0x14, 0, 0x14, 0)
T2583 exit  close -> 0 (0)
T7591 enter ioctl(0xe, 0xc0306201, 0x7c4a6cd288, 0, 0, 0x1) ioctl_req=0xc0306201
T7591 exit  ioctl -> 0 (0)
T7591 enter ioctl(0xe, 0xc0306201, 0x7c4a6cce78, 0, 0, 0x1) ioctl_req=0xc0306201
T7591 exit  ioctl -> 0 (0)
T2582 enter write(0x6b, 0x7d3c3078c8, 0x1, 0x2, 0x7c83611e21, 0) bytes=1: 64
T2582 exit  write -> 1 (0x1)
T7986 enter read(0x6a, 0x7c4aeb6b94, 0x1, 0, 0, 0)
T7986 exit  read -> 1 (0x1) bytes=1: 64
T7986 enter close(0x6a, 0x6a, 0x1, 0, 0, 0)
T7986 exit  close -> 0 (0)
T7986 enter close(0x6b, 0x6b, 0x1, 0, 0, 0)
T7986 exit  close -> 0 (0)
T7986 enter close(0x69, 0x69, 0x1, 0, 0, 0)
T7986 exit  close -> 0 (0)
T2582 enter socket(0x2a, 0x80002, 0, 0x1, 0, 0)
T2582 exit  socket -> 31 (0x1f)
T2582 enter sendto(0x1f, 0x7c83611f10, 0x14, 0, 0x7c83611f00, 0xc) bytes=20: 0a 00 00 00 07 00 00 00 00 00 00 00 00 00 00 00 00 00 00 00 addr: bytes=12: 2a 00 00 00 01 00 00 00 fe ff ff ff
T2582 exit  sendto -> 20 (0x14)
T2582 enter recvfrom(0x1f, 0x7c83611f60, 0x14, 0, 0, 0)
T2582 exit  recvfrom -> 20 (0x14) bytes=20: 04 00 00 00 00 00 00 00 00 00 00 00 00 00 00 00 00 00 00 00
T2582 enter close(0x1f, 0x1f, 0x14, 0, 0x14, 0)
T2582 exit  close -> 0 (0)
T2581 enter write(0x65, 0x7d3c3078c8, 0x1, 0x2, 0x7c8370ee21, 0x7d1e7d55c8) bytes=1: 64
T7985 enter read(0x64, 0x7c4b0b0b94, 0x1, 0, 0, 0)
T7985 exit  read -> 1 (0x1) bytes=1: 64
T7985 enter close(0x64, 0x64, 0x1, 0, 0, 0)
T7985 exit  close -> 0 (0)
T7985 enter close(0x65, 0x65, 0x1, 0, 0, 0)
T7985 exit  close -> 0 (0)
T7985 enter close(0x56, 0x56, 0x1, 0, 0, 0)
T2581 exit  write -> 1 (0x1)
T7985 exit  close -> 0 (0)
T2581 enter socket(0x2a, 0x80002, 0, 0x1, 0, 0)
T2581 exit  socket -> 31 (0x1f)
T2581 enter sendto(0x1f, 0x7c8370ef10, 0x14, 0, 0x7c8370ef00, 0xc) bytes=20: 0a 00 00 00 2a 00 00 00 00 00 00 00 00 00 00 00 00 00 00 00 addr: bytes=12: 2a 00 00 00 01 00 00 00 fe ff ff ff
T2581 exit  sendto -> 20 (0x14)
T2581 enter recvfrom(0x1f, 0x7c8370ef60, 0x14, 0, 0, 0)
T2581 exit  recvfrom -> 20 (0x14) bytes=20: 04 00 00 00 00 00 00 00 00 00 00 00 00 00 00 00 00 00 00 00
T2581 enter close(0x1f, 0x1f, 0x14, 0, 0x14, 0)
T2581 exit  close -> 0 (0)
T2580 enter write(0x67, 0x7d3c3078c8, 0x1, 0x2, 0x7c8380be21, 0x7d1e7d55c8) bytes=1: 64
T7987 enter read(0x66, 0x7c4afb3b94, 0x1, 0, 0, 0)
T7987 exit  read -> 1 (0x1) bytes=1: 64
T7987 enter close(0x66, 0x66, 0x1, 0, 0, 0)
T7987 exit  close -> 0 (0)
T7987 enter close(0x67, 0x67, 0x1, 0, 0, 0)
T2600 enter writev(0x4, 0x7c82447400, 0x4, 0x3, 0x7c82447440, 0x217c2)
T7987 exit  close -> 0 (0)
T7987 enter close(0x63, 0x63, 0x1, 0, 0, 0)
T2600 exit  writev -> 67 (0x43)
T7987 exit  close -> 0 (0)
T2580 exit  write -> 1 (0x1)
T2580 enter socket(0x2a, 0x80002, 0, 0x1, 0, 0)
T2580 exit  socket -> 31 (0x1f)
T2580 enter sendto(0x1f, 0x7c8380bf10, 0x14, 0, 0x7c8380bf00, 0xc) bytes=20: 0a 00 00 00 01 00 00 00 00 00 00 00 00 00 00 00 00 00 00 00 addr: bytes=12: 2a 00 00 00 01 00 00 00 fe ff ff ff
T2580 exit  sendto -> 20 (0x14)
T2580 enter recvfrom(0x1f, 0x7c8380bf60, 0x14, 0, 0, 0)
T2580 exit  recvfrom -> 20 (0x14) bytes=20: 04 00 00 00 00 00 00 00 00 00 00 00 00 00 00 00 00 00 00 00
T2580 enter close(0x1f, 0x1f, 0x14, 0, 0x14, 0)
T2580 exit  close -> 0 (0)
T2450 enter read(0x6, 0x7c8a881ab8, 0x10, 0x10, 0x10, 0x7d1e7d55c8)
T2450 exit  read -> 1 (0x1) bytes=1: 20
T2450 enter read(0x6, 0x7c8a881ab8, 0x10, 0x10, 0x10, 0x7d1e7d55c8)
T2450 exit  read -> -11 (0xfffffffffffffff5)
T2579 enter write(0x6e, 0x7d3c3078c8, 0x1, 0x2, 0x7c83908e21, 0x7d1e7d55c8) bytes=1: 64
T1992 exit  ioctl -> 0 (0)
T8022 enter read(0x6d, 0x7c4acbcb94, 0x1, 0, 0, 0)
T2579 exit  write -> 1 (0x1)
T8022 exit  read -> 1 (0x1) bytes=1: 64
T8022 enter close(0x6d, 0x6d, 0x1, 0, 0, 0)
T8022 exit  close -> 0 (0)
T8022 enter close(0x6e, 0x6e, 0x1, 0, 0, 0)
T8022 exit  close -> 0 (0)
T8022 enter close(0x6c, 0x6c, 0x1, 0, 0, 0)
T8022 exit  close -> 0 (0)
T7995 enter read(0x2c, 0x77be606b94, 0x1, 0, 0, 0)
T7995 exit  read -> 1 (0x1) bytes=1: 72
T2659 exit  write -> 1 (0x1)
T2579 enter socket(0x2a, 0x80002, 0, 0x1, 0, 0)
T2579 exit  socket -> 31 (0x1f)
T2579 enter sendto(0x1f, 0x7c83908f10, 0x14, 0, 0x7c83908f00, 0xc) bytes=20: 0a 00 00 00 03 00 00 00 00 00 00 00 00 00 00 00 00 00 00 00 addr: bytes=12: 2a 00 00 00 01 00 00 00 fe ff ff ff
T2579 exit  sendto -> 20 (0x14)
T2579 enter recvfrom(0x1f, 0x7c83908f60, 0x14, 0, 0, 0)
T2579 exit  recvfrom -> 20 (0x14) bytes=20: 04 00 00 00 00 00 00 00 00 00 00 00 00 00 00 00 00 00 00 00
T2579 enter close(0x1f, 0x1f, 0x14, 0, 0x14, 0)
T2579 exit  close -> 0 (0)
T2675 enter write(0x30, 0x787e6ad8c8, 0x1, 0x77d255f360, 0x77d255f2b4, 0x77d255f4a8) bytes=1: 64
T2659 enter recvfrom(0xa, 0x77e782bb70, 0x14, 0x40, 0, 0)
T2675 exit  write -> 1 (0x1)
T7995 enter read(0x2c, 0x77be606b94, 0x1, 0, 0, 0x44000000)
T7995 exit  read -> 1 (0x1) bytes=1: 64
T7995 enter close(0x2c, 0x2c, 0x1, 0, 0, 0x44000000)
T7995 exit  close -> 0 (0)
T7995 enter close(0x30, 0x30, 0x1, 0, 0, 0x44000000)
T2659 exit  recvfrom -> 20 (0x14) bytes=20: 05 00 00 00 32 00 00 00 01 00 00 00 00 00 00 00 40 00 00 00
T7995 exit  close -> 0 (0)
T7995 enter close(0x25, 0x25, 0x1, 0, 0, 0x44000000)
T2450 enter ioctl(0xe, 0xc0306201, 0x7c8a8813a8, 0, 0, 0x1) ioctl_req=0xc0306201
T2450 exit  ioctl -> 0 (0)
T2450 enter ioctl(0xe, 0xc0306201, 0x7c8a881858, 0x7c8a881988, 0x7c8a881980, 0x80**************) ioctl_req=0xc0306201
T2450 exit  ioctl -> 0 (0)
T7995 exit  close -> 0 (0)
T1992 enter ioctl(0xe, 0xc0306201, 0x7fe59a8ab8, 0x7c84b08058, 0, 0xb400007c96ed8500) ioctl_req=0xc0306201
T8936 enter writev(0x4, 0x7c4a8c81c0, 0x4, 0x3, 0x7c4a8c8200, 0x21930)
T8936 exit  writev -> 107 (0x6b)
T2659 enter write(0x2b, 0x787e6ad702, 0x1, 0, 0, 0) bytes=1: 72
T2659 exit  write -> 1 (0x1)
T7993 enter read(0x2a, 0x77be800b94, 0x1, 0, 0, 0x4)
T2671 enter ioctl(0xf, 0xc0306201, 0x77d9c4e378, 0, 0, 0x1) ioctl_req=0xc0306201
T7993 exit  read -> 1 (0x1) bytes=1: 72
T2671 exit  ioctl -> 0 (0)
T2659 enter recvfrom(0xa, 0x77e782bb70, 0x14, 0x40, 0, 0)
T2659 exit  recvfrom -> 20 (0x14) bytes=20: 05 00 00 00 42 00 00 00 01 b4 00 00 00 00 00 00 01 00 00 00
T2659 enter recvfrom(0xa, 0x77e782bb70, 0x14, 0x40, 0, 0)
T2659 exit  recvfrom -> 20 (0x14) bytes=20: 05 00 00 00 2b 00 00 00 02 12 00 00 00 00 00 00 04 00 00 00
T2676 enter write(0x2b, 0x787e6ad8c8, 0x1, 0x14, 0x77c94621c8, 0x4) bytes=1: 64
T2659 enter recvfrom(0xa, 0x77e782bb70, 0x14, 0x40, 0, 0)
T2676 exit  write -> 1 (0x1)
T2659 exit  recvfrom -> 20 (0x14) bytes=20: 05 00 00 00 0f 00 00 00 01 05 00 00 00 00 00 00 0f 00 00 00
T7993 enter read(0x2a, 0x77be800b94, 0x1, 0, 0, 0x40000000)
T7993 exit  read -> 1 (0x1) bytes=1: 64
T7993 enter close(0x2a, 0x2a, 0x1, 0, 0, 0x40000000)
T7993 exit  close -> 0 (0)
T7993 enter close(0x2b, 0x2b, 0x1, 0, 0, 0x40000000)
T7993 exit  close -> 0 (0)
T7993 enter close(0x20, 0x20, 0x1, 0, 0, 0x40000000)
T7993 exit  close -> 0 (0)
T2659 enter recvfrom(0xa, 0x77e782bb70, 0x14, 0x40, 0, 0)
T2659 exit  recvfrom -> 20 (0x14) bytes=20: 05 00 00 00 15 00 00 00 01 00 00 00 00 00 00 00 11 00 00 00
T2659 enter recvfrom(0xa, 0x77e782bb70, 0x14, 0x40, 0, 0)
T2659 exit  recvfrom -> 20 (0x14) bytes=20: 05 00 00 00 33 00 00 00 01 0b 00 00 00 00 00 00 12 00 00 00
T2659 enter recvfrom(0xa, 0x77e782bb70, 0x14, 0x40, 0, 0)
T2659 exit  recvfrom -> 20 (0x14) bytes=20: 05 00 00 00 33 00 00 00 01 02 00 00 00 00 00 00 13 00 00 00
T2659 enter recvfrom(0xa, 0x77e782bb70, 0x14, 0x40, 0, 0)
T2659 exit  recvfrom -> 20 (0x14) bytes=20: 05 00 00 00 18 00 00 00 01 00 00 00 00 00 00 00 14 00 00 00
T2659 enter recvfrom(0xa, 0x77e782bb70, 0x14, 0x40, 0, 0)
T2593 enter ioctl(0xe, 0xc0306201, 0x7c82b32638, 0, 0, 0x1) ioctl_req=0xc0306201
T2659 exit  recvfrom -> 20 (0x14) bytes=20: 05 00 00 00 16 00 00 00 01 10 00 00 00 00 00 00 15 00 00 00
T2593 exit  ioctl -> 0 (0)
T2659 enter recvfrom(0xa, 0x77e782bb70, 0x14, 0x40, 0, 0)
T8936 enter writev(0x4, 0x7c4a8c81c0, 0x4, 0x3, 0x7c4a8c8200, 0x21b32)
T2659 exit  recvfrom -> 20 (0x14) bytes=20: 05 00 00 00 01 10 00 00 01 00 00 00 00 00 00 00 19 00 00 00
T8936 exit  writev -> 107 (0x6b)
T2659 enter recvfrom(0xa, 0x77e782bb70, 0x14, 0x40, 0, 0)
T2659 exit  recvfrom -> 20 (0x14) bytes=20: 05 00 00 00 01 10 00 00 03 00 00 00 00 00 00 00 1c 00 00 00
T2659 enter recvfrom(0xa, 0x77e782bb70, 0x14, 0x40, 0, 0)
T2659 exit  recvfrom -> 20 (0x14) bytes=20: 05 00 00 00 17 00 00 00 02 00 00 00 00 00 00 00 1f 00 00 00
T2659 enter recvfrom(0xa, 0x77e782bb70, 0x14, 0x40, 0, 0)
T2659 exit  recvfrom -> 20 (0x14) bytes=20: 05 00 00 00 17 00 00 00 01 00 00 00 00 00 00 00 20 00 00 00
T2591 enter recvfrom(0x11, 0x7c82d2db70, 0x14, 0x40, 0, 0)
T2591 exit  recvfrom -> 20 (0x14) bytes=20: 05 00 00 00 31 00 00 00 01 01 00 00 01 00 00 00 db 48 00 00
T2671 enter ioctl(0xf, 0xc0306201, 0x77d9c4e2e8, 0, 0, 0x1) ioctl_req=0xc0306201
T2659 enter recvfrom(0xa, 0x77e782bb70, 0x14, 0x40, 0, 0)
T2671 exit  ioctl -> 0 (0)
T2659 exit  recvfrom -> 20 (0x14) bytes=20: 05 00 00 00 24 00 00 00 01 00 00 00 00 00 00 00 21 00 00 00
T2659 enter write(0x43, 0x787e6ad702, 0x1, 0x40, 0x24, 0x1) bytes=1: 72
T2659 exit  write -> 1 (0x1)
T8001 enter read(0x42, 0x77b9018b94, 0x1, 0, 0, 0)
T8001 exit  read -> 1 (0x1) bytes=1: 72
T2659 enter recvfrom(0xa, 0x77e782bb70, 0x14, 0x40, 0, 0)
T2659 exit  recvfrom -> 20 (0x14) bytes=20: 05 00 00 00 31 00 00 00 01 02 00 00 00 00 00 00 22 00 00 00
T2659 enter recvfrom(0xa, 0x77e782bb70, 0x14, 0x40, 0, 0)
T2659 exit  recvfrom -> 20 (0x14) bytes=20: 05 00 00 00 2f 04 00 00 01 01 00 00 00 00 00 00 23 00 00 00
T2659 enter recvfrom(0xa, 0x77e782bb70, 0x14, 0x40, 0, 0)
T2659 exit  recvfrom -> 20 (0x14) bytes=20: 05 00 00 00 11 00 00 00 01 00 00 00 00 00 00 00 31 00 00 00
T2659 enter recvfrom(0xa, 0x77e782bb70, 0x14, 0x40, 0, 0)
T2659 exit  recvfrom -> 20 (0x14) bytes=20: 05 00 00 00 22 00 00 00 01 00 00 00 00 00 00 00 32 00 00 00
T2659 enter recvfrom(0xa, 0x77e782bb70, 0x14, 0x40, 0, 0)
T2659 exit  recvfrom -> 20 (0x14) bytes=20: 05 00 00 00 29 00 00 00 01 01 00 00 00 00 00 00 34 00 00 00
T2659 enter recvfrom(0xa, 0x77e782bb70, 0x14, 0x40, 0, 0)
T2659 exit  recvfrom -> 20 (0x14) bytes=20: 05 00 00 00 8c 13 00 00 ef de 00 00 00 00 00 00 35 00 00 00
T2659 enter recvfrom(0xa, 0x77e782bb70, 0x14, 0x40, 0, 0)
T2659 exit  recvfrom -> 20 (0x14) bytes=20: 05 00 00 00 55 00 00 00 01 00 00 00 00 00 00 00 38 00 00 00
T2659 enter recvfrom(0xa, 0x77e782bb70, 0x14, 0x40, 0, 0)
T2659 exit  recvfrom -> 20 (0x14) bytes=20: 05 00 00 00 4c 00 00 00 01 00 00 00 00 00 00 00 39 00 00 00
T2659 enter recvfrom(0xa, 0x77e782bb70, 0x14, 0x40, 0, 0)
T2659 exit  recvfrom -> 20 (0x14) bytes=20: 05 00 00 00 37 00 00 00 01 02 00 00 00 00 00 00 3c 00 00 00
T2659 enter recvfrom(0xa, 0x77e782bb70, 0x14, 0x40, 0, 0)
T2659 exit  recvfrom -> 20 (0x14) bytes=20: 05 00 00 00 e3 00 00 00 01 00 00 00 00 00 00 00 3f 00 00 00
T2659 enter write(0x2f, 0x787e6ad702, 0x1, 0x40, 0xe3, 0x1) bytes=1: 72
T7994 enter read(0x2e, 0x77be703b94, 0x1, 0, 0, 0x4)
T2659 exit  write -> 1 (0x1)
T7994 exit  read -> 1 (0x1) bytes=1: 72
T2671 enter ioctl(0xf, 0xc0306201, 0x77d9c4e0d8, 0, 0, 0x1) ioctl_req=0xc0306201
T2659 enter recvfrom(0xa, 0x77e782bb70, 0x14, 0x40, 0, 0)
T2659 exit  recvfrom -> 20 (0x14) bytes=20: 05 00 00 00 0c 00 00 00 01 00 00 00 00 00 00 00 41 00 00 00
T2671 exit  ioctl -> 0 (0)
T2659 enter write(0x3c, 0x787e6ad702, 0x1, 0x40, 0xc, 0x1) bytes=1: 72
T2659 exit  write -> 1 (0x1)
T7999 enter read(0x3a, 0x77b930fb94, 0x1, 0, 0, 0x787f5d15c8)
T7999 exit  read -> 1 (0x1) bytes=1: 72
T2659 enter recvfrom(0xa, 0x77e782bb70, 0x14, 0x40, 0, 0)
T2659 exit  recvfrom -> 20 (0x14) bytes=20: 05 00 00 00 09 00 00 00 02 00 00 00 00 00 00 00 43 00 00 00
T2659 enter write(0x36, 0x787e6ad702, 0x1, 0x40, 0x9, 0x2) bytes=1: 72
T7997 enter read(0x35, 0x77ba40cb94, 0x1, 0, 0, 0)
T7997 exit  read -> 1 (0x1) bytes=1: 72
T2659 exit  write -> 1 (0x1)
T2659 enter recvfrom(0xa, 0x77e782bb70, 0x14, 0x40, 0, 0)
T2659 exit  recvfrom -> 20 (0x14) bytes=20: 05 00 00 00 03 00 00 00 01 00 00 00 00 00 00 00 46 00 00 00
T2659 enter write(0x60, 0x787e6ad702, 0x1, 0x40, 0x3, 0x1) bytes=1: 72
T8023 enter read(0x5f, 0x77b2ec5b94, 0x1, 0, 0, 0)
T8023 exit  read -> 1 (0x1) bytes=1: 72
T2679 enter write(0x2f, 0x787e6ad8c8, 0x1, 0x2, 0x77c716ae21, 0x787f5d15c8) bytes=1: 64
T2679 exit  write -> 1 (0x1)
T7994 enter read(0x2e, 0x77be703b94, 0x1, 0, 0, 0)
T7994 exit  read -> 1 (0x1) bytes=1: 64
T7994 enter close(0x2e, 0x2e, 0x1, 0, 0, 0)
T7994 exit  close -> 0 (0)
T7994 enter close(0x2f, 0x2f, 0x1, 0, 0, 0)
T7994 exit  close -> 0 (0)
T7994 enter close(0x2d, 0x2d, 0x1, 0, 0, 0)
T2659 exit  write -> 1 (0x1)
T7994 exit  close -> 0 (0)
T2679 enter socket(0x2a, 0x80002, 0, 0x1, 0, 0)
T2679 exit  socket -> 32 (0x20)
T2679 enter sendto(0x20, 0x77c716af10, 0x14, 0, 0x77c716af00, 0xc) bytes=20: 0a 00 00 00 e3 00 00 00 00 00 00 00 00 00 00 00 00 00 00 00 addr: bytes=12: 2a 00 00 00 01 00 00 00 fe ff ff ff
T2679 exit  sendto -> 20 (0x14)
T2679 enter recvfrom(0x20, 0x77c716af60, 0x14, 0, 0, 0)
T2679 exit  recvfrom -> 20 (0x14) bytes=20: 04 00 00 00 00 00 00 00 00 00 00 00 00 00 00 00 00 00 00 00
T2679 enter close(0x20, 0x20, 0x14, 0, 0x14, 0)
T2679 exit  close -> 0 (0)
T2659 enter recvfrom(0xa, 0x77e782bb70, 0x14, 0x40, 0, 0)
T2659 exit  recvfrom -> 20 (0x14) bytes=20: 05 00 00 00 0a 00 00 00 02 00 00 00 00 00 00 00 47 00 00 00
T2659 enter write(0x27, 0x787e6ad702, 0x1, 0, 0, 0) bytes=1: 72
T7992 enter read(0x26, 0x77c08fdb94, 0x1, 0, 0, 0x787e4d9008)
T7992 exit  read -> 1 (0x1) bytes=1: 72
T2671 enter ioctl(0xf, 0xc0306201, 0x77d9c4e0d8, 0, 0, 0x1) ioctl_req=0xc0306201
T2659 exit  write -> 1 (0x1)
T2671 exit  ioctl -> 0 (0)
T2757 enter write(0x27, 0x787e6ad8c8, 0x1, 0x77c4dee360, 0x77c4dee2b4, 0x77c4dee4a8) bytes=1: 64
T2757 exit  write -> 1 (0x1)
T2659 enter recvfrom(0xa, 0x77e782bb70, 0x14, 0x40, 0, 0)
T2659 exit  recvfrom -> 20 (0x14) bytes=20: 05 00 00 00 2f 00 00 00 01 00 00 00 00 00 00 00 48 00 00 00
T7992 enter read(0x26, 0x77c08fdb94, 0x1, 0, 0, 0x47000000)
T7992 exit  read -> 1 (0x1) bytes=1: 64
T7992 enter close(0x26, 0x26, 0x1, 0, 0, 0x47000000)
T7992 exit  close -> 0 (0)
T7992 enter close(0x27, 0x27, 0x1, 0, 0, 0x47000000)
T7992 exit  close -> 0 (0)
T7992 enter close(0x23, 0x23, 0x1, 0, 0, 0x47000000)
T7992 exit  close -> 0 (0)
T2659 enter recvfrom(0xa, 0x77e782bb70, 0x14, 0x40, 0, 0)
T2659 exit  recvfrom -> 20 (0x14) bytes=20: 05 00 00 00 0b 00 00 00 01 00 00 00 00 00 00 00 4a 00 00 00
T2671 enter ioctl(0xf, 0xc0306201, 0x77d9c4e0d8, 0, 0, 0x1) ioctl_req=0xc0306201
T2671 exit  ioctl -> 0 (0)
T2759 enter write(0x29, 0x787e6ad8c8, 0x1, 0x77c4cf1360, 0x77c4cf12b4, 0x77c4cf14a8) bytes=1: 64
T2759 exit  write -> 1 (0x1)
T7991 enter read(0x28, 0x77c09fab94, 0x1, 0, 0, 0)
T7991 exit  read -> 1 (0x1) bytes=1: 64
T7991 enter close(0x28, 0x28, 0x1, 0, 0, 0)
T7991 exit  close -> 0 (0)
T7991 enter close(0x29, 0x29, 0x1, 0, 0, 0)
T7991 exit  close -> 0 (0)
T7991 enter close(0x24, 0x24, 0x1, 0, 0, 0)
T7991 exit  close -> 0 (0)
T2659 enter write(0x29, 0x787e6ad702, 0x1, 0, 0, 0) bytes=1: 72
T2659 exit  write -> -9 (0xfffffffffffffff7)
T2659 enter writev(0x4, 0x77e782b340, 0x4, 0x3, 0x77e782b380, 0x21e1e)
T2659 exit  writev -> 66 (0x42)
T2671 enter ioctl(0xf, 0xc0306201, 0x77d9c4e0d8, 0, 0, 0x1) ioctl_req=0xc0306201
T2671 exit  ioctl -> 0 (0)
T2667 enter ioctl(0xf, 0xc0306201, 0x77da042a10, 0, 0, 0) ioctl_req=0xc0306201
T2659 enter recvfrom(0xa, 0x77e782bb70, 0x14, 0x40, 0, 0)
T2659 exit  recvfrom -> 20 (0x14) bytes=20: 05 00 00 00 01 00 00 00 01 00 00 00 00 00 00 00 4b 00 00 00
T2659 enter write(0x1e, 0x787e6ad702, 0x1, 0x3174656e6d720073, 0x8, 0x8000) bytes=1: 72
T2659 exit  write -> 1 (0x1)
T7988 enter read(0x1d, 0x77c7268b94, 0x1, 0, 0, 0)
T7988 exit  read -> 1 (0x1) bytes=1: 72
T4269 enter write(0x1e, 0x787e6ad8c8, 0x1, 0x3174656e6d720073, 0x8, 0x8000) bytes=1: 64
T2667 exit  ioctl -> 0 (0)
T4269 exit  write -> 1 (0x1)
T7988 enter read(0x1d, 0x77c7268b94, 0x1, 0, 0, 0x8000)
T7988 exit  read -> 1 (0x1) bytes=1: 64
T7988 enter close(0x1d, 0x1d, 0x1, 0, 0, 0x8000)
T7988 exit  close -> 0 (0)
T7988 enter close(0x1e, 0x1e, 0x1, 0, 0, 0x8000)
T7988 exit  close -> 0 (0)
T7988 enter close(0x18, 0x18, 0x1, 0, 0, 0x8000)
T7988 exit  close -> 0 (0)
T2659 enter write(0x33, 0x787e6ad702, 0x1, 0x3174656e6d720073, 0x8, 0x8000) bytes=1: 72
T7996 enter read(0x31, 0x77bb509b94, 0x1, 0, 0, 0)
T7996 exit  read -> 1 (0x1) bytes=1: 72
T7996 enter write(0x15, 0x77bb509ae0, 0x8, 0x5, 0x38, 0) bytes=8: 01 00 00 00 00 00 00 00
T7996 exit  write -> 8 (0x8)
T2674 enter read(0x15, 0x77d265cad0, 0x8, 0x5, 0x38, 0)
T2674 exit  read -> 8 (0x8) bytes=8: 01 00 00 00 00 00 00 00
T2674 enter read(0x15, 0x77d265cad0, 0x8, 0x5, 0x38, 0)
T2674 exit  read -> -11 (0xfffffffffffffff5)
T2674 enter write(0x33, 0x787e6ad8c8, 0x1, 0x5, 0x38, 0) bytes=1: 64
T2674 exit  write -> 1 (0x1)
T7996 enter read(0x31, 0x77bb509b94, 0x1, 0, 0, 0)
T7996 exit  read -> 1 (0x1) bytes=1: 64
T7996 enter close(0x31, 0x31, 0x1, 0, 0, 0)
T7996 exit  close -> 0 (0)
T7996 enter close(0x33, 0x33, 0x1, 0, 0, 0)
T7996 exit  close -> 0 (0)
T7996 enter close(0x32, 0x32, 0x1, 0, 0, 0)
T7996 exit  close -> 0 (0)
T2659 exit  write -> 1 (0x1)
T2659 enter write(0x51, 0x787e6ad702, 0x1, 0x3174656e6d720073, 0x8, 0x8000) bytes=1: 72
T2659 exit  write -> 1 (0x1)
T8006 enter read(0x50, 0x77b30bfb94, 0x1, 0, 0, 0)
T2671 enter ioctl(0xf, 0xc0306201, 0x77d9c4e0d8, 0, 0, 0x1) ioctl_req=0xc0306201
T8006 exit  read -> 1 (0x1) bytes=1: 72
T2671 exit  ioctl -> 0 (0)
T2674 enter socket(0x2a, 0x80002, 0, 0x1, 0, 0)
T2674 exit  socket -> 24 (0x18)
T2674 enter sendto(0x18, 0x77d265c940, 0x14, 0, 0x77d265c930, 0xc) bytes=20: 0a 00 00 00 01 00 00 00 00 00 00 00 00 00 00 00 00 00 00 00 addr: bytes=12: 2a 00 00 00 01 00 00 00 fe ff ff ff
T2674 exit  sendto -> 20 (0x14)
T2674 enter recvfrom(0x18, 0x77d265c990, 0x14, 0, 0, 0)
T2674 exit  recvfrom -> 20 (0x14) bytes=20: 04 00 00 00 00 00 00 00 00 00 00 00 00 00 00 00 00 00 00 00
T2674 enter close(0x18, 0x18, 0x14, 0, 0x14, 0)
T2674 exit  close -> 0 (0)
T2659 enter recvfrom(0xa, 0x77e782bb70, 0x14, 0x40, 0, 0)
T2659 exit  recvfrom -> 20 (0x14) bytes=20: 05 00 00 00 04 00 00 00 01 00 00 00 00 00 00 00 4c 00 00 00
T2659 enter recvfrom(0xa, 0x77e782bb70, 0x14, 0x40, 0, 0)
T2659 exit  recvfrom -> 20 (0x14) bytes=20: 05 00 00 00 1a 00 00 00 01 00 00 00 00 00 00 00 4d 00 00 00
T2659 enter recvfrom(0xa, 0x77e782bb70, 0x14, 0x40, 0, 0)
T2659 exit  recvfrom -> 20 (0x14) bytes=20: 05 00 00 00 08 00 00 00 01 00 00 00 00 00 00 00 4e 00 00 00
T2659 enter recvfrom(0xa, 0x77e782bb70, 0x14, 0x40, 0, 0)
T2659 exit  recvfrom -> 20 (0x14) bytes=20: 05 00 00 00 4d 00 00 00 01 00 00 00 00 00 00 00 4f 00 00 00
T2659 enter recvfrom(0xa, 0x77e782bb70, 0x14, 0x40, 0, 0)
T2659 exit  recvfrom -> 20 (0x14) bytes=20: 05 00 00 00 4b 00 00 00 01 00 00 00 00 00 00 00 51 00 00 00
T2659 enter recvfrom(0xa, 0x77e782bb70, 0x14, 0x40, 0, 0)
T2659 exit  recvfrom -> 20 (0x14) bytes=20: 05 00 00 00 4a 00 00 00 01 00 00 00 00 00 00 00 53 00 00 00
T2659 enter recvfrom(0xa, 0x77e782bb70, 0x14, 0x40, 0, 0)
T2659 exit  recvfrom -> 20 (0x14) bytes=20: 05 00 00 00 2a 00 00 00 01 00 00 00 00 00 00 00 56 00 00 00
T2659 enter write(0x5e, 0x787e6ad702, 0x1, 0x40, 0x2a, 0x1) bytes=1: 72
T2659 exit  write -> 1 (0x1)
T8005 enter read(0x5d, 0x77b51bcb94, 0x1, 0, 0, 0)
T8005 exit  read -> 1 (0x1) bytes=1: 72
T2659 enter recvfrom(0xa, 0x77e782bb70, 0x14, 0x40, 0, 0)
T2659 exit  recvfrom -> 20 (0x14) bytes=20: 05 00 00 00 02 00 00 00 01 00 00 00 00 00 00 00 57 00 00 00
T2659 enter recvfrom(0xa, 0x77e782bb70, 0x14, 0x40, 0, 0)
T2659 exit  recvfrom -> 20 (0x14) bytes=20: 05 00 00 00 05 00 00 00 01 00 00 00 00 00 00 00 58 00 00 00
T2659 enter write(0x39, 0x787e6ad702, 0x1, 0x40, 0x5, 0x1) bytes=1: 72
T2659 exit  write -> 1 (0x1)
T7998 enter read(0x38, 0x77c3bf4b94, 0x1, 0, 0, 0)
T7998 exit  read -> 1 (0x1) bytes=1: 72
T2671 enter ioctl(0xf, 0xc0306201, 0x77d9c4e0d8, 0, 0, 0x1) ioctl_req=0xc0306201
T2659 enter recvfrom(0xa, 0x77e782bb70, 0x14, 0x40, 0, 0)
T2671 exit  ioctl -> 0 (0)
T2659 exit  recvfrom -> 20 (0x14) bytes=20: 05 00 00 00 30 00 00 00 01 00 00 00 00 00 00 00 59 00 00 00
T2659 enter recvfrom(0xa, 0x77e782bb70, 0x14, 0x40, 0, 0)
T2659 exit  recvfrom -> 20 (0x14) bytes=20: 05 00 00 00 44 00 00 00 01 00 00 00 00 00 00 00 5b 00 00 00
T2659 enter write(0x4f, 0x787e6ad702, 0x1, 0x40, 0x44, 0x1) bytes=1: 72
T8004 enter read(0x4e, 0x77b52b9b94, 0x1, 0, 0, 0)
T8004 exit  read -> 1 (0x1) bytes=1: 72
T2659 exit  write -> 1 (0x1)
T2659 enter recvfrom(0xa, 0x77e782bb70, 0x14, 0x40, 0, 0)
T2659 exit  recvfrom -> 20 (0x14) bytes=20: 05 00 00 00 49 00 00 00 01 00 00 00 00 00 00 00 5c 00 00 00
T2659 enter write(0x22, 0x787e6ad702, 0x1, 0x40, 0x49, 0x1) bytes=1: 72
T2659 exit  write -> 1 (0x1)
T7990 enter read(0x21, 0x77c1af7b94, 0x1, 0, 0, 0)
T7990 exit  read -> 1 (0x1) bytes=1: 72
T2659 enter recvfrom(0xa, 0x77e782bb70, 0x14, 0x40, 0, 0)
T2659 exit  recvfrom -> 20 (0x14) bytes=20: 05 00 00 00 4e 00 00 00 01 00 00 00 00 00 00 00 5d 00 00 00
T2659 enter recvfrom(0xa, 0x77e782bb70, 0x14, 0x40, 0, 0)
T2659 exit  recvfrom -> 20 (0x14) bytes=20: 05 00 00 00 1d 00 00 00 01 00 00 00 00 00 00 00 5e 00 00 00
attached new tid=9156
T2659 enter recvfrom(0xa, 0x77e782bb70, 0x14, 0x40, 0, 0)
T2659 exit  recvfrom -> 20 (0x14) bytes=20: 05 00 00 00 07 00 00 00 01 00 00 00 00 00 00 00 5f 00 00 00
T2659 enter write(0x4c, 0x787e6ad702, 0x1, 0x40, 0x7, 0x1) bytes=1: 72
T8003 enter read(0x4b, 0x77b84b3b94, 0x1, 0, 0, 0)
T8003 exit  read -> 1 (0x1) bytes=1: 72
T9156 enter write(0x22, 0x787e6ad8c8, 0x1, 0, 0, 0) bytes=1: 64
T9156 exit  write -> 1 (0x1)
T7990 enter read(0x21, 0x77c1af7b94, 0x1, 0, 0, 0)
T7990 exit  read -> 1 (0x1) bytes=1: 64
T7990 enter close(0x21, 0x21, 0x1, 0, 0, 0)
T7990 exit  close -> 0 (0)
T7990 enter close(0x22, 0x22, 0x1, 0, 0, 0)
T7990 exit  close -> 0 (0)
T7990 enter close(0x1c, 0x1c, 0x1, 0, 0, 0)
T2659 exit  write -> 1 (0x1)
T7990 exit  close -> 0 (0)
T9156 enter socket(0x2a, 0x80002, 0, 0x1, 0, 0)
T2671 enter ioctl(0xf, 0xc0306201, 0x77d9c4e0d8, 0, 0, 0x1) ioctl_req=0xc0306201
T9156 exit  socket -> 24 (0x18)
T2671 exit  ioctl -> 0 (0)
T2659 enter recvfrom(0xa, 0x77e782bb70, 0x14, 0x40, 0, 0)
T9156 enter sendto(0x18, 0x77da72ea60, 0x14, 0, 0x77da72ea50, 0xc) bytes=20: 0a 00 00 00 49 00 00 00 00 00 00 00 00 00 00 00 00 00 00 00 addr: bytes=12: 2a 00 00 00 01 00 00 00 fe ff ff ff
T9156 exit  sendto -> 20 (0x14)
T9156 enter recvfrom(0x18, 0x77da72eab0, 0x14, 0, 0, 0)
T9156 exit  recvfrom -> 20 (0x14) bytes=20: 04 00 00 00 00 00 00 00 00 00 00 00 00 00 00 00 00 00 00 00
T9156 enter close(0x18, 0x18, 0x14, 0, 0x14, 0)
T2659 exit  recvfrom -> 20 (0x14) bytes=20: 05 00 00 00 21 00 00 00 01 00 00 00 00 00 00 00 63 00 00 00
T9156 exit  close -> 0 (0)
T2659 enter write(0x40, 0x787e6ad702, 0x1, 0x40, 0x21, 0x1) bytes=1: 72
T8000 enter read(0x3f, 0x77b9115b94, 0x1, 0, 0, 0x787f5d15c8)
T8000 exit  read -> 1 (0x1) bytes=1: 72
T2659 exit  write -> 1 (0x1)
T2659 enter recvfrom(0xa, 0x77e782bb70, 0x14, 0x40, 0, 0)
T2659 exit  recvfrom -> 20 (0x14) bytes=20: 05 00 00 00 12 00 00 00 01 00 00 00 00 00 00 00 65 00 00 00
T2659 enter write(0x49, 0x787e6ad702, 0x1, 0x40, 0x12, 0x1) bytes=1: 72
T8002 enter read(0x48, 0x77b86adb94, 0x1, 0, 0, 0x787f5d15c8)
T8002 exit  read -> 1 (0x1) bytes=1: 72
T2659 exit  write -> 1 (0x1)
T2659 enter recvfrom(0xa, 0x77e782bb70, 0x14, 0x40, 0, 0)
T2659 exit  recvfrom -> 20 (0x14) bytes=20: 05 00 00 00 10 00 00 00 02 00 00 00 00 00 00 00 69 00 00 00
T2659 enter recvfrom(0xa, 0x77e782bb70, 0x14, 0x40, 0, 0)
T2659 exit  recvfrom -> 20 (0x14) bytes=20: 05 00 00 00 28 00 00 00 01 00 00 00 01 00 00 00 28 49 00 00
T2659 enter recvfrom(0xa, 0x77e782bb70, 0x14, 0x40, 0, 0)
T2659 exit  recvfrom -> 20 (0x14) bytes=20: 05 00 00 00 02 03 00 00 01 00 00 00 01 00 00 00 bd 48 00 00
T2659 enter recvfrom(0xa, 0x77e782bb70, 0x14, 0x40, 0, 0)
T2659 exit  recvfrom -> 20 (0x14) bytes=20: 04 00 00 00 02 03 00 00 01 00 00 00 01 00 00 00 a6 4b 00 00
T2659 enter recvfrom(0xa, 0x77e782bb70, 0x14, 0x40, 0, 0)
T2671 enter ioctl(0xf, 0xc0306201, 0x77d9c4e0d8, 0, 0, 0x1) ioctl_req=0xc0306201
T2659 exit  recvfrom -> 20 (0x14) bytes=20: 05 00 00 00 31 00 00 00 01 01 00 00 01 00 00 00 db 48 00 00
T2671 exit  ioctl -> 0 (0)
T2658 enter write(0x36, 0x787e6ad8c8, 0x1, 0x2, 0x77e7927e21, 0x787f5d15c8) bytes=1: 64
T2671 enter ioctl(0xf, 0xc0306201, 0x77d9c4e0d8, 0, 0, 0x1) ioctl_req=0xc0306201
T7997 enter read(0x35, 0x77ba40cb94, 0x1, 0, 0, 0)
T2671 exit  ioctl -> 0 (0)
T7997 exit  read -> 1 (0x1) bytes=1: 64
T7997 enter close(0x35, 0x35, 0x1, 0, 0, 0)
T7997 exit  close -> 0 (0)
T7997 enter close(0x36, 0x36, 0x1, 0, 0, 0)
T7997 exit  close -> 0 (0)
T7997 enter close(0x34, 0x34, 0x1, 0, 0, 0)
T7997 exit  close -> 0 (0)
T2658 exit  write -> 1 (0x1)
T2658 enter socket(0x2a, 0x80002, 0, 0x2, 0, 0)
T2658 exit  socket -> 24 (0x18)
T2658 enter sendto(0x18, 0x77e7927f10, 0x14, 0, 0x77e7927f00, 0xc) bytes=20: 0a 00 00 00 09 00 00 00 00 00 00 00 00 00 00 00 00 00 00 00 addr: bytes=12: 2a 00 00 00 01 00 00 00 fe ff ff ff
T2658 exit  sendto -> 20 (0x14)
T2658 enter recvfrom(0x18, 0x77e7927f60, 0x14, 0, 0, 0)
T2658 exit  recvfrom -> 20 (0x14) bytes=20: 04 00 00 00 00 00 00 00 00 00 00 00 00 00 00 00 00 00 00 00
T2658 enter close(0x18, 0x18, 0x14, 0, 0x14, 0)
T2658 exit  close -> 0 (0)
T2671 enter ioctl(0xf, 0xc0306201, 0x77d9c4e0d8, 0, 0, 0x1) ioctl_req=0xc0306201
T2671 exit  ioctl -> 0 (0)
T2657 enter write(0x49, 0x787e6ad8c8, 0x1, 0x2, 0x77e7a24e21, 0x787f5d15c8) bytes=1: 64
T8002 enter read(0x48, 0x77b86adb94, 0x1, 0, 0, 0)
T8002 exit  read -> 1 (0x1) bytes=1: 64
T8002 enter close(0x48, 0x48, 0x1, 0, 0, 0)
T8002 exit  close -> 0 (0)
T8002 enter close(0x49, 0x49, 0x1, 0, 0, 0)
T2657 exit  write -> 1 (0x1)
T8002 exit  close -> 0 (0)
T8002 enter close(0x3e, 0x3e, 0x1, 0, 0, 0)
T8002 exit  close -> 0 (0)
T2657 enter socket(0x2a, 0x80002, 0, 0x1, 0, 0)
T2657 exit  socket -> 24 (0x18)
T2671 enter ioctl(0xf, 0xc0306201, 0x77d9c4e0d8, 0, 0, 0x1) ioctl_req=0xc0306201
T2671 exit  ioctl -> 0 (0)
T2657 enter sendto(0x18, 0x77e7a24f10, 0x14, 0, 0x77e7a24f00, 0xc) bytes=20: 0a 00 00 00 12 00 00 00 00 00 00 00 00 00 00 00 00 00 00 00 addr: bytes=12: 2a 00 00 00 01 00 00 00 fe ff ff ff
T2657 exit  sendto -> 20 (0x14)
T2657 enter recvfrom(0x18, 0x77e7a24f60, 0x14, 0, 0, 0)
T2657 exit  recvfrom -> 20 (0x14) bytes=20: 04 00 00 00 00 00 00 00 00 00 00 00 00 00 00 00 00 00 00 00
T2657 enter close(0x18, 0x18, 0x14, 0, 0x14, 0)
T2657 exit  close -> 0 (0)
T2656 enter write(0x40, 0x787e6ad8c8, 0x1, 0x2, 0x77e7b21e21, 0x787f5d15c8) bytes=1: 64
T8000 enter read(0x3f, 0x77b9115b94, 0x1, 0, 0, 0)
T8000 exit  read -> 1 (0x1) bytes=1: 64
T8000 enter close(0x3f, 0x3f, 0x1, 0, 0, 0)
T8000 exit  close -> 0 (0)
T8000 enter close(0x40, 0x40, 0x1, 0, 0, 0)
T8000 exit  close -> 0 (0)
T8000 enter close(0x3d, 0x3d, 0x1, 0, 0, 0)
T2656 exit  write -> 1 (0x1)
T8000 exit  close -> 0 (0)
T2656 enter socket(0x2a, 0x80002, 0, 0x1, 0, 0)
T2656 exit  socket -> 24 (0x18)
T2656 enter sendto(0x18, 0x77e7b21f10, 0x14, 0, 0x77e7b21f00, 0xc) bytes=20: 0a 00 00 00 21 00 00 00 00 00 00 00 00 00 00 00 00 00 00 00 addr: bytes=12: 2a 00 00 00 01 00 00 00 fe ff ff ff
T2656 exit  sendto -> 20 (0x14)
T2656 enter recvfrom(0x18, 0x77e7b21f60, 0x14, 0, 0, 0)
T2656 exit  recvfrom -> 20 (0x14) bytes=20: 04 00 00 00 00 00 00 00 00 00 00 00 00 00 00 00 00 00 00 00
T2656 enter close(0x18, 0x18, 0x14, 0, 0x14, 0)
T2656 exit  close -> 0 (0)
T2671 enter ioctl(0xf, 0xc0306201, 0x77d9c4e2b8, 0, 0, 0x1) ioctl_req=0xc0306201
T2671 exit  ioctl -> 0 (0)
T2655 enter write(0x39, 0x787e6ad8c8, 0x1, 0x2, 0x77e7c1ee21, 0x787f5d15c8) bytes=1: 64
T7998 enter read(0x38, 0x77c3bf4b94, 0x1, 0, 0, 0)
T7998 exit  read -> 1 (0x1) bytes=1: 64
T7998 enter close(0x38, 0x38, 0x1, 0, 0, 0)
T7998 exit  close -> 0 (0)
T7998 enter close(0x39, 0x39, 0x1, 0, 0, 0)
T2655 exit  write -> 1 (0x1)
T7998 exit  close -> 0 (0)
T7998 enter close(0x37, 0x37, 0x1, 0, 0, 0)
T7998 exit  close -> 0 (0)
T2655 enter socket(0x2a, 0x80002, 0, 0x1, 0, 0)
T2655 exit  socket -> 24 (0x18)
T2655 enter sendto(0x18, 0x77e7c1ef10, 0x14, 0, 0x77e7c1ef00, 0xc) bytes=20: 0a 00 00 00 05 00 00 00 00 00 00 00 00 00 00 00 00 00 00 00 addr: bytes=12: 2a 00 00 00 01 00 00 00 fe ff ff ff
T2655 exit  sendto -> 20 (0x14)
T2655 enter recvfrom(0x18, 0x77e7c1ef60, 0x14, 0, 0, 0)
T2655 exit  recvfrom -> 20 (0x14) bytes=20: 04 00 00 00 00 00 00 00 00 00 00 00 00 00 00 00 00 00 00 00
T2655 enter close(0x18, 0x18, 0x14, 0, 0x14, 0)
T2591 enter recvfrom(0x11, 0x7c82d2db70, 0x14, 0x40, 0, 0)
T8936 enter writev(0x4, 0x7c4a8c81c0, 0x4, 0x3, 0x7c4a8c8200, 0x21e46)
T2591 exit  recvfrom -> 20 (0x14) bytes=20: 04 00 00 00 31 00 00 00 01 01 00 00 01 00 00 00 d1 4b 00 00
T8936 exit  writev -> 107 (0x6b)
T2655 exit  close -> 0 (0)
T2659 enter recvfrom(0xa, 0x77e782bb70, 0x14, 0x40, 0, 0)
T2659 exit  recvfrom -> 20 (0x14) bytes=20: 04 00 00 00 31 00 00 00 01 01 00 00 01 00 00 00 d1 4b 00 00
T2659 enter recvfrom(0xa, 0x77e782bb70, 0x14, 0x40, 0, 0)
T2659 exit  recvfrom -> 20 (0x14) bytes=20: 04 00 00 00 42 00 00 00 01 b4 00 00 00 00 00 00 01 00 00 00
T2659 enter recvfrom(0xa, 0x77e782bb70, 0x14, 0x40, 0, 0)
T2659 exit  recvfrom -> 20 (0x14) bytes=20: 04 00 00 00 2b 00 00 00 02 12 00 00 00 00 00 00 04 00 00 00
T2671 enter ioctl(0xf, 0xc0306201, 0x77d9c4e0d8, 0, 0, 0x1) ioctl_req=0xc0306201
T2671 exit  ioctl -> 0 (0)
T2654 enter write(0x3c, 0x787e6ad8c8, 0x1, 0x2, 0x77e7d1be21, 0x787f5d15c8) bytes=1: 64
T2654 exit  write -> 1 (0x1)
T7999 enter read(0x3a, 0x77b930fb94, 0x1, 0, 0, 0)
T7999 exit  read -> 1 (0x1) bytes=1: 64
T7999 enter close(0x3a, 0x3a, 0x1, 0, 0, 0)
T7999 exit  close -> 0 (0)
T7999 enter close(0x3c, 0x3c, 0x1, 0, 0, 0)
T7999 exit  close -> 0 (0)
T7999 enter close(0x3b, 0x3b, 0x1, 0, 0, 0)
T7999 exit  close -> 0 (0)
T2654 enter socket(0x2a, 0x80002, 0, 0x1, 0, 0)
T2654 exit  socket -> 24 (0x18)
T2671 enter ioctl(0xf, 0xc0306201, 0x77d9c4e0d8, 0, 0, 0x1) ioctl_req=0xc0306201
T2671 exit  ioctl -> 0 (0)
T2654 enter sendto(0x18, 0x77e7d1bf10, 0x14, 0, 0x77e7d1bf00, 0xc) bytes=20: 0a 00 00 00 0c 00 00 00 00 00 00 00 00 00 00 00 00 00 00 00 addr: bytes=12: 2a 00 00 00 01 00 00 00 fe ff ff ff
T2654 exit  sendto -> 20 (0x14)
T2654 enter recvfrom(0x18, 0x77e7d1bf60, 0x14, 0, 0, 0)
T2654 exit  recvfrom -> 20 (0x14) bytes=20: 04 00 00 00 00 00 00 00 00 00 00 00 00 00 00 00 00 00 00 00
T2654 enter close(0x18, 0x18, 0x14, 0, 0x14, 0)
T2654 exit  close -> 0 (0)
T2652 enter write(0x43, 0x787e6ad8c8, 0x1, 0x2, 0x77e7f15e21, 0x787f5d15c8) bytes=1: 64
T8001 enter read(0x42, 0x77b9018b94, 0x1, 0, 0, 0)
T8001 exit  read -> 1 (0x1) bytes=1: 64
T8001 enter close(0x42, 0x42, 0x1, 0, 0, 0)
T8001 exit  close -> 0 (0)
T8001 enter close(0x43, 0x43, 0x1, 0, 0, 0)
T8001 exit  close -> 0 (0)
T8001 enter close(0x41, 0x41, 0x1, 0, 0, 0)
T2652 exit  write -> 1 (0x1)
T8001 exit  close -> 0 (0)
T2591 enter recvfrom(0x11, 0x7c82d2db70, 0x14, 0x40, 0, 0)
T2652 enter socket(0x2a, 0x80002, 0, 0x1, 0, 0)
T2652 exit  socket -> 24 (0x18)
T2652 enter sendto(0x18, 0x77e7f15f10, 0x14, 0, 0x77e7f15f00, 0xc) bytes=20: 0a 00 00 00 24 00 00 00 00 00 00 00 00 00 00 00 00 00 00 00 addr: bytes=12: 2a 00 00 00 01 00 00 00 fe ff ff ff
T2652 exit  sendto -> 20 (0x14)
T2652 enter recvfrom(0x18, 0x77e7f15f60, 0x14, 0, 0, 0)
T2652 exit  recvfrom -> 20 (0x14) bytes=20: 04 00 00 00 00 00 00 00 00 00 00 00 00 00 00 00 00 00 00 00
T2652 enter close(0x18, 0x18, 0x14, 0, 0x14, 0)
T2671 enter ioctl(0xf, 0xc0306201, 0x77d9c4e0d8, 0, 0, 0x1) ioctl_req=0xc0306201
T2652 exit  close -> 0 (0)
T2671 exit  ioctl -> 0 (0)
T2659 enter recvfrom(0xa, 0x77e782bb70, 0x14, 0x40, 0, 0)
T2659 exit  recvfrom -> 20 (0x14) bytes=20: 04 00 00 00 0f 00 00 00 01 05 00 00 00 00 00 00 0f 00 00 00
T2659 enter recvfrom(0xa, 0x77e782bb70, 0x14, 0x40, 0, 0)
T2659 exit  recvfrom -> 20 (0x14) bytes=20: 04 00 00 00 15 00 00 00 01 00 00 00 00 00 00 00 11 00 00 00
T2659 enter recvfrom(0xa, 0x77e782bb70, 0x14, 0x40, 0, 0)
T2659 exit  recvfrom -> 20 (0x14) bytes=20: 04 00 00 00 33 00 00 00 01 0b 00 00 00 00 00 00 12 00 00 00
T2659 enter recvfrom(0xa, 0x77e782bb70, 0x14, 0x40, 0, 0)
T2659 exit  recvfrom -> 20 (0x14) bytes=20: 04 00 00 00 33 00 00 00 01 02 00 00 00 00 00 00 13 00 00 00
T2651 enter write(0x4f, 0x787e6ad8c8, 0x1, 0x2, 0x77e8012e21, 0) bytes=1: 64
T2651 exit  write -> 1 (0x1)
T8004 enter read(0x4e, 0x77b52b9b94, 0x1, 0, 0, 0)
T8004 exit  read -> 1 (0x1) bytes=1: 64
T8004 enter close(0x4e, 0x4e, 0x1, 0, 0, 0)
T8004 exit  close -> 0 (0)
T8004 enter close(0x4f, 0x4f, 0x1, 0, 0, 0)
T8004 exit  close -> 0 (0)
T8004 enter close(0x4d, 0x4d, 0x1, 0, 0, 0)
T8004 exit  close -> 0 (0)
T2659 enter recvfrom(0xa, 0x77e782bb70, 0x14, 0x40, 0, 0)
T2659 exit  recvfrom -> 20 (0x14) bytes=20: 04 00 00 00 18 00 00 00 01 00 00 00 00 00 00 00 14 00 00 00
T2651 enter socket(0x2a, 0x80002, 0, 0x1, 0, 0)
T2651 exit  socket -> 24 (0x18)
T2651 enter sendto(0x18, 0x77e8012f10, 0x14, 0, 0x77e8012f00, 0xc) bytes=20: 0a 00 00 00 44 00 00 00 00 00 00 00 00 00 00 00 00 00 00 00 addr: bytes=12: 2a 00 00 00 01 00 00 00 fe ff ff ff
T2651 exit  sendto -> 20 (0x14)
T2651 enter recvfrom(0x18, 0x77e8012f60, 0x14, 0, 0, 0)
T2659 enter recvfrom(0xa, 0x77e782bb70, 0x14, 0x40, 0, 0)
T2659 exit  recvfrom -> 20 (0x14) bytes=20: 04 00 00 00 16 00 00 00 01 10 00 00 00 00 00 00 15 00 00 00
T2650 enter write(0x4c, 0x787e6ad8c8, 0x1, 0x2, 0x77e810fe21, 0) bytes=1: 64
T8003 enter read(0x4b, 0x77b84b3b94, 0x1, 0, 0, 0)
T8003 exit  read -> 1 (0x1) bytes=1: 64
T8003 enter close(0x4b, 0x4b, 0x1, 0, 0, 0)
T8003 exit  close -> 0 (0)
T8003 enter close(0x4c, 0x4c, 0x1, 0, 0, 0)
T8003 exit  close -> 0 (0)
T8003 enter close(0x47, 0x47, 0x1, 0, 0, 0)
T2650 exit  write -> 1 (0x1)
T8003 exit  close -> 0 (0)
T2671 enter ioctl(0xf, 0xc0306201, 0x77d9c4e0d8, 0, 0, 0x1) ioctl_req=0xc0306201
T2671 exit  ioctl -> 0 (0)
T2659 enter recvfrom(0xa, 0x77e782bb70, 0x14, 0x40, 0, 0)
T2659 exit  recvfrom -> 20 (0x14) bytes=20: 04 00 00 00 01 10 00 00 01 00 00 00 00 00 00 00 19 00 00 00
T2659 enter recvfrom(0xa, 0x77e782bb70, 0x14, 0x40, 0, 0)
T2659 exit  recvfrom -> 20 (0x14) bytes=20: 04 00 00 00 01 10 00 00 03 00 00 00 00 00 00 00 1c 00 00 00
T2651 exit  recvfrom -> 20 (0x14) bytes=20: 04 00 00 00 00 00 00 00 00 00 00 00 00 00 00 00 00 00 00 00
T2651 enter close(0x18, 0x18, 0x14, 0, 0x14, 0)
T2671 enter ioctl(0xf, 0xc0306201, 0x77d9c4e0d8, 0, 0, 0x1) ioctl_req=0xc0306201
T2651 exit  close -> 0 (0)
T2671 exit  ioctl -> 0 (0)
T2649 enter write(0x5e, 0x787e6ad8c8, 0x1, 0x2, 0x77e820ce21, 0x787f5d15c8) bytes=1: 64
T8005 enter read(0x5d, 0x77b51bcb94, 0x1, 0, 0, 0)
T8005 exit  read -> 1 (0x1) bytes=1: 64
T8005 enter close(0x5d, 0x5d, 0x1, 0, 0, 0)
T8005 exit  close -> 0 (0)
T8005 enter close(0x5e, 0x5e, 0x1, 0, 0, 0)
T8005 exit  close -> 0 (0)
T8005 enter close(0x5b, 0x5b, 0x1, 0, 0, 0)
T8005 exit  close -> 0 (0)
T2659 enter recvfrom(0xa, 0x77e782bb70, 0x14, 0x40, 0, 0)
T2659 exit  recvfrom -> 20 (0x14) bytes=20: 04 00 00 00 17 00 00 00 02 00 00 00 00 00 00 00 1f 00 00 00
T2649 exit  write -> 1 (0x1)
T2650 enter socket(0x2a, 0x80002, 0, 0x1, 0, 0)
T2650 exit  socket -> 24 (0x18)
T2650 enter sendto(0x18, 0x77e810ff10, 0x14, 0, 0x77e810ff00, 0xc) bytes=20: 0a 00 00 00 07 00 00 00 00 00 00 00 00 00 00 00 00 00 00 00 addr: bytes=12: 2a 00 00 00 01 00 00 00 fe ff ff ff
T2659 enter recvfrom(0xa, 0x77e782bb70, 0x14, 0x40, 0, 0)
T2659 exit  recvfrom -> 20 (0x14) bytes=20: 04 00 00 00 17 00 00 00 01 00 00 00 00 00 00 00 20 00 00 00
T2650 exit  sendto -> 20 (0x14)
T2650 enter recvfrom(0x18, 0x77e810ff60, 0x14, 0, 0, 0)
T2591 exit  recvfrom -> 20 (0x14) bytes=20: 04 00 00 00 42 00 00 00 01 b4 00 00 00 00 00 00 01 00 00 00
T2650 exit  recvfrom -> 20 (0x14) bytes=20: 04 00 00 00 00 00 00 00 00 00 00 00 00 00 00 00 00 00 00 00
T2659 enter recvfrom(0xa, 0x77e782bb70, 0x14, 0x40, 0, 0)
T2659 exit  recvfrom -> 20 (0x14) bytes=20: 04 00 00 00 24 00 00 00 01 00 00 00 00 00 00 00 21 00 00 00
T2650 enter close(0x18, 0x18, 0x14, 0, 0x14, 0)
T2650 exit  close -> 0 (0)
T2659 enter recvfrom(0xa, 0x77e782bb70, 0x14, 0x40, 0, 0)
T2659 exit  recvfrom -> 20 (0x14) bytes=20: 04 00 00 00 31 00 00 00 01 02 00 00 00 00 00 00 22 00 00 00
T2659 enter recvfrom(0xa, 0x77e782bb70, 0x14, 0x40, 0, 0)
T2659 exit  recvfrom -> 20 (0x14) bytes=20: 04 00 00 00 2f 04 00 00 01 01 00 00 00 00 00 00 23 00 00 00
T2659 enter recvfrom(0xa, 0x77e782bb70, 0x14, 0x40, 0, 0)
T2659 exit  recvfrom -> 20 (0x14) bytes=20: 04 00 00 00 11 00 00 00 01 00 00 00 00 00 00 00 31 00 00 00
T2659 enter recvfrom(0xa, 0x77e782bb70, 0x14, 0x40, 0, 0)
T2659 exit  recvfrom -> 20 (0x14) bytes=20: 04 00 00 00 22 00 00 00 01 00 00 00 00 00 00 00 33 00 00 00
T2668 enter writev(0x4, 0x77d9f45400, 0x4, 0x3, 0x77d9f45440, 0x21ec0)
T2668 exit  writev -> 67 (0x43)
T2652 enter socket(0x2a, 0x80002, 0, 0x1, 0x77e7f15fdc, 0x77e7f16260)
T2652 exit  socket -> 24 (0x18)
T2652 enter sendto(0x18, 0x77e7f15ef0, 0x14, 0, 0x77e7f15ee0, 0xc) bytes=20: 0a 00 00 00 24 00 00 00 00 00 00 00 00 00 00 00 00 00 00 00 addr: bytes=12: 2a 00 00 00 01 00 00 00 fe ff ff ff
T2652 exit  sendto -> 20 (0x14)
T2652 enter recvfrom(0x18, 0x77e7f15f40, 0x14, 0, 0, 0)
T2652 exit  recvfrom -> 20 (0x14) bytes=20: 04 00 00 00 24 00 00 00 01 00 00 00 00 00 00 00 21 00 00 00
T2652 enter recvfrom(0x18, 0x77e7f15f40, 0x14, 0, 0, 0)
T2652 exit  recvfrom -> 20 (0x14) bytes=20: 04 00 00 00 00 00 00 00 00 00 00 00 00 00 00 00 00 00 00 00
T2652 enter close(0x18, 0x18, 0x14, 0, 0x14, 0)
T2652 exit  close -> 0 (0)
T2649 enter socket(0x2a, 0x80002, 0, 0x1, 0, 0)
T2649 exit  socket -> 24 (0x18)
T2649 enter sendto(0x18, 0x77e820cf10, 0x14, 0, 0x77e820cf00, 0xc) bytes=20: 0a 00 00 00 2a 00 00 00 00 00 00 00 00 00 00 00 00 00 00 00 addr: bytes=12: 2a 00 00 00 01 00 00 00 fe ff ff ff
T2649 exit  sendto -> 20 (0x14)
T2649 enter recvfrom(0x18, 0x77e820cf60, 0x14, 0, 0, 0)
T2649 exit  recvfrom -> 20 (0x14) bytes=20: 04 00 00 00 00 00 00 00 00 00 00 00 00 00 00 00 00 00 00 00
T2649 enter close(0x18, 0x18, 0x14, 0, 0x14, 0)
T2649 exit  close -> 0 (0)
T2652 enter socket(0x2a, 0x80002, 0, 0x1, 0x77e7f15cbc, 0x77e7f15e00)
T2652 exit  socket -> 24 (0x18)
T2652 enter sendto(0x18, 0x77e7f15bd0, 0x14, 0, 0x77e7f15bc0, 0xc) bytes=20: 0a 00 00 00 24 00 00 00 00 00 00 00 00 00 00 00 00 00 00 00 addr: bytes=12: 2a 00 00 00 01 00 00 00 fe ff ff ff
T2652 exit  sendto -> 20 (0x14)
T2652 enter recvfrom(0x18, 0x77e7f15c20, 0x14, 0, 0, 0)
T2652 exit  recvfrom -> 20 (0x14) bytes=20: 04 00 00 00 24 00 00 00 01 00 00 00 00 00 00 00 21 00 00 00
T2652 enter recvfrom(0x18, 0x77e7f15c20, 0x14, 0, 0, 0)
T2652 exit  recvfrom -> 20 (0x14) bytes=20: 04 00 00 00 00 00 00 00 00 00 00 00 00 00 00 00 00 00 00 00
T2652 enter close(0x18, 0x18, 0x14, 0, 0x14, 0)
T2652 exit  close -> 0 (0)
T2652 enter socket(0x2a, 0x80002, 0, 0x77ede07df0, 0x77ede07e00, 0x8098)
T2652 exit  socket -> 24 (0x18)
T2648 enter write(0x51, 0x787e6ad8c8, 0x1, 0x2, 0x77e9309e21, 0) bytes=1: 64
T8006 enter read(0x50, 0x77b30bfb94, 0x1, 0, 0, 0)
T8006 exit  read -> 1 (0x1) bytes=1: 64
T8006 enter close(0x50, 0x50, 0x1, 0, 0, 0)
T8006 exit  close -> 0 (0)
T8006 enter close(0x51, 0x51, 0x1, 0, 0, 0)
T8006 exit  close -> 0 (0)
T8006 enter close(0x4a, 0x4a, 0x1, 0, 0, 0)
T8006 exit  close -> 0 (0)
attached new tid=9180
T2652 enter write(0x1d, 0x787e6ad6c3, 0x1, 0, 0, 0) bytes=1: 61
T9180 enter read(0x1c, 0x77da72eb94, 0x1, 0, 0, 0x1)
T9180 exit  read -> 1 (0x1) bytes=1: 61
T2652 exit  write -> 1 (0x1)
T2652 enter socket(0x2a, 0x80002, 0, 0x1, 0, 0)
T2652 exit  socket -> 30 (0x1e)
T2652 enter sendto(0x1e, 0x77e7f15b80, 0x14, 0, 0x77e7f15b70, 0xc) bytes=20: 0a 00 00 00 24 00 00 00 00 00 00 00 00 00 00 00 00 00 00 00 addr: bytes=12: 2a 00 00 00 01 00 00 00 fe ff ff ff
T2652 exit  sendto -> 20 (0x14)
T2652 enter recvfrom(0x1e, 0x77e7f15bd0, 0x14, 0, 0, 0)
T2652 exit  recvfrom -> 20 (0x14) bytes=20: 04 00 00 00 24 00 00 00 01 00 00 00 00 00 00 00 21 00 00 00
T2652 enter recvfrom(0x1e, 0x77e7f15bd0, 0x14, 0, 0, 0)
T2652 exit  recvfrom -> 20 (0x14) bytes=20: 04 00 00 00 00 00 00 00 00 00 00 00 00 00 00 00 00 00 00 00
T2652 enter close(0x1e, 0x1e, 0x14, 0, 0x14, 0)
T2652 exit  close -> 0 (0)
T2652 enter socket(0x2a, 0x80002, 0, 0x1, 0x77e7f15c6c, 0xb4000077ede0b2a0)
T2652 exit  socket -> 30 (0x1e)
T2648 exit  write -> 1 (0x1)
T2652 enter sendto(0x1e, 0x77e7f15b80, 0x14, 0, 0x77e7f15b70, 0xc) bytes=20: 0a 00 00 00 24 00 00 00 00 00 00 00 00 00 00 00 00 00 00 00 addr: bytes=12: 2a 00 00 00 01 00 00 00 fe ff ff ff
T2652 exit  sendto -> 20 (0x14)
T2652 enter recvfrom(0x1e, 0x77e7f15bd0, 0x14, 0, 0, 0)
T2652 exit  recvfrom -> 20 (0x14) bytes=20: 04 00 00 00 24 00 00 00 01 00 00 00 00 00 00 00 21 00 00 00
T2652 enter recvfrom(0x1e, 0x77e7f15bd0, 0x14, 0, 0, 0)
T2652 exit  recvfrom -> 20 (0x14) bytes=20: 04 00 00 00 00 00 00 00 00 00 00 00 00 00 00 00 00 00 00 00
T2652 enter close(0x1e, 0x1e, 0x14, 0, 0x14, 0)
T2652 exit  close -> 0 (0)
T2671 enter ioctl(0xf, 0xc0306201, 0x77d9c4e920, 0, 0, 0) ioctl_req=0xc0306201
T2671 exit  ioctl -> 0 (0)
T2652 enter sendto(0x18, 0xb4000077ede0b2a0, 0xb, 0x40, 0x77e7f16208, 0xc) bytes=11: 00 01 00 20 00 04 00 11 01 00 01 addr: bytes=12: 2a 00 00 00 00 00 00 00 21 00 00 00
T2652 exit  sendto -> 11 (0xb)
T9180 enter recvfrom(0x18, 0xb4000077c4e31040, 0x80a0, 0x40, 0x77da72eb88, 0x77da72eb84)
T9180 exit  recvfrom -> 14 (0xe) bytes=14: 02 01 00 20 00 07 00 02 04 00 00 00 00 00
T2671 enter write(0x7, 0x787b896727, 0x1, 0x2, 0x2, 0x787f5d15c8) bytes=1: 20
T2671 exit  write -> 1 (0x1)
T2671 enter ioctl(0xf, 0xc0306201, 0x77d9c4e7f8, 0, 0, 0x1) ioctl_req=0xc0306201
T2671 exit  ioctl -> 0 (0)
T2671 enter ioctl(0xf, 0xc0306201, 0x77d9c4eca8, 0x77d9c4edd8, 0x77d9c4edd0, 0x80**************) ioctl_req=0xc0306201
T2648 enter socket(0x2a, 0x80002, 0, 0x1, 0, 0)
T2671 exit  ioctl -> 0 (0)
T2648 exit  socket -> 30 (0x1e)
T2648 enter sendto(0x1e, 0x77e9309f10, 0x14, 0, 0x77e9309f00, 0xc) bytes=20: 0a 00 00 00 01 00 00 00 00 00 00 00 00 00 00 00 00 00 00 00 addr: bytes=12: 2a 00 00 00 01 00 00 00 fe ff ff ff
T2648 exit  sendto -> 20 (0x14)
T2648 enter recvfrom(0x1e, 0x77e9309f60, 0x14, 0, 0, 0)
T2648 exit  recvfrom -> 20 (0x14) bytes=20: 04 00 00 00 00 00 00 00 00 00 00 00 00 00 00 00 00 00 00 00
T2648 enter close(0x1e, 0x1e, 0x14, 0, 0x14, 0)
T2648 exit  close -> 0 (0)
T2591 enter recvfrom(0x11, 0x7c82d2db70, 0x14, 0x40, 0, 0)
T2659 enter recvfrom(0xa, 0x77e782bb70, 0x14, 0x40, 0, 0)
T2659 exit  recvfrom -> 20 (0x14) bytes=20: 04 00 00 00 29 00 00 00 01 01 00 00 00 00 00 00 34 00 00 00
T2591 exit  recvfrom -> 20 (0x14) bytes=20: 04 00 00 00 2b 00 00 00 02 12 00 00 00 00 00 00 04 00 00 00
T2591 enter recvfrom(0x11, 0x7c82d2db70, 0x14, 0x40, 0, 0)
T2659 enter recvfrom(0xa, 0x77e782bb70, 0x14, 0x40, 0, 0)
T2659 exit  recvfrom -> 20 (0x14) bytes=20: 04 00 00 00 8c 13 00 00 ef de 00 00 00 00 00 00 35 00 00 00
T2659 enter recvfrom(0xa, 0x77e782bb70, 0x14, 0x40, 0, 0)
T2591 exit  recvfrom -> 20 (0x14) bytes=20: 04 00 00 00 0f 00 00 00 01 05 00 00 00 00 00 00 0f 00 00 00
T2659 exit  recvfrom -> 20 (0x14) bytes=20: 04 00 00 00 55 00 00 00 01 00 00 00 00 00 00 00 38 00 00 00
T2659 enter recvfrom(0xa, 0x77e782bb70, 0x14, 0x40, 0, 0)
T2659 exit  recvfrom -> 20 (0x14) bytes=20: 04 00 00 00 4c 00 00 00 01 00 00 00 00 00 00 00 39 00 00 00
T2647 enter write(0x60, 0x787e6ad8c8, 0x1, 0x2, 0x77e9406e21, 0x787f5d15c8) bytes=1: 64
T2647 exit  write -> 1 (0x1)
T8023 enter read(0x5f, 0x77b2ec5b94, 0x1, 0, 0, 0)
T2659 enter recvfrom(0xa, 0x77e782bb70, 0x14, 0x40, 0, 0)
T8023 exit  read -> 1 (0x1) bytes=1: 64
T2659 exit  recvfrom -> 20 (0x14) bytes=20: 04 00 00 00 37 00 00 00 01 02 00 00 00 00 00 00 3d 00 00 00
T8023 enter close(0x5f, 0x5f, 0x1, 0, 0, 0)
T8023 exit  close -> 0 (0)
T8023 enter close(0x60, 0x60, 0x1, 0, 0, 0)
T8023 exit  close -> 0 (0)
T8023 enter close(0x5c, 0x5c, 0x1, 0, 0, 0)
T2659 enter recvfrom(0xa, 0x77e782bb70, 0x14, 0x40, 0, 0)
T2659 exit  recvfrom -> 20 (0x14) bytes=20: 04 00 00 00 32 00 00 00 01 00 00 00 00 00 00 00 3f 00 00 00
T8023 exit  close -> 0 (0)
T2591 enter recvfrom(0x11, 0x7c82d2db70, 0x14, 0x40, 0, 0)
T2591 exit  recvfrom -> 20 (0x14) bytes=20: 04 00 00 00 15 00 00 00 01 00 00 00 00 00 00 00 11 00 00 00
T4273 enter recvfrom(0x61, 0xb4000077ede79000, 0x800, 0, 0, 0)
T4273 exit  recvfrom -> 24 (0x18) bytes=24: 18 00 00 00 01 00 00 00 39 00 00 00 29 08 00 00 08 00 00 10 0a 00 00 00
T4273 enter recvfrom(0x61, 0xb4000077ede79000, 0x800, 0, 0, 0)
T4273 exit  recvfrom -> 24 (0x18) bytes=24: 18 00 00 00 01 00 00 00 3a 00 00 00 29 08 00 00 08 00 00 10 0a 00 00 00
T2676 enter socket(0x2a, 0x80002, 0, 0x1, 0x77c9461fcc, 0x77c9462220)
T2676 exit  socket -> 30 (0x1e)
T2676 enter sendto(0x1e, 0x77c9461ee0, 0x14, 0, 0x77c9461ed0, 0xc) bytes=20: 0a 00 00 00 32 00 00 00 00 00 00 00 00 00 00 00 00 00 00 00 addr: bytes=12: 2a 00 00 00 01 00 00 00 fe ff ff ff
T2676 exit  sendto -> 20 (0x14)
T2676 enter recvfrom(0x1e, 0x77c9461f30, 0x14, 0, 0, 0)
T2676 exit  recvfrom -> 20 (0x14) bytes=20: 04 00 00 00 32 00 00 00 01 00 00 00 00 00 00 00 3f 00 00 00
T2676 enter recvfrom(0x1e, 0x77c9461f30, 0x14, 0, 0, 0)
T2676 exit  recvfrom -> 20 (0x14) bytes=20: 04 00 00 00 00 00 00 00 00 00 00 00 00 00 00 00 00 00 00 00
T2676 enter close(0x1e, 0x1e, 0x14, 0, 0x14, 0)
T2676 exit  close -> 0 (0)
T2676 enter socket(0x2a, 0x80002, 0, 0x77ede06630, 0x77ede06640, 0)
T2676 exit  socket -> 30 (0x1e)
T2659 enter recvfrom(0xa, 0x77e782bb70, 0x14, 0x40, 0, 0)
T2659 exit  recvfrom -> 20 (0x14) bytes=20: 04 00 00 00 0c 00 00 00 01 00 00 00 00 00 00 00 41 00 00 00
attached new tid=9251
T2676 enter write(0x21, 0x787e6ad6c3, 0x1, 0, 0, 0) bytes=1: 61
T2676 exit  write -> 1 (0x1)
T9251 enter read(0x20, 0x77c7268b94, 0x1, 0, 0, 0x4)
T9251 exit  read -> 1 (0x1) bytes=1: 61
T2659 enter recvfrom(0xa, 0x77e782bb70, 0x14, 0x40, 0, 0)
T4273 enter recvfrom(0x61, 0xb4000077ede79000, 0x800, 0, 0, 0)
T4273 exit  recvfrom -> 24 (0x18) bytes=24: 18 00 00 00 01 00 00 00 3b 00 00 00 29 08 00 00 08 00 00 10 0a 00 00 00
T2659 exit  recvfrom -> 20 (0x14) bytes=20: 04 00 00 00 e3 00 00 00 01 00 00 00 00 00 00 00 42 00 00 00
T2659 enter recvfrom(0xa, 0x77e782bb70, 0x14, 0x40, 0, 0)
T2659 exit  recvfrom -> 20 (0x14) bytes=20: 04 00 00 00 09 00 00 00 02 00 00 00 00 00 00 00 45 00 00 00
T2659 enter recvfrom(0xa, 0x77e782bb70, 0x14, 0x40, 0, 0)
T2659 exit  recvfrom -> 20 (0x14) bytes=20: 04 00 00 00 03 00 00 00 01 00 00 00 00 00 00 00 46 00 00 00
T2659 enter recvfrom(0xa, 0x77e782bb70, 0x14, 0x40, 0, 0)
T2659 exit  recvfrom -> 20 (0x14) bytes=20: 04 00 00 00 0a 00 00 00 02 00 00 00 00 00 00 00 47 00 00 00
T2659 enter recvfrom(0xa, 0x77e782bb70, 0x14, 0x40, 0, 0)
T2659 exit  recvfrom -> 20 (0x14) bytes=20: 04 00 00 00 2f 00 00 00 01 00 00 00 00 00 00 00 48 00 00 00
T2659 enter recvfrom(0xa, 0x77e782bb70, 0x14, 0x40, 0, 0)
T2659 exit  recvfrom -> 20 (0x14) bytes=20: 04 00 00 00 0b 00 00 00 01 00 00 00 00 00 00 00 49 00 00 00
T2659 enter recvfrom(0xa, 0x77e782bb70, 0x14, 0x40, 0, 0)
T2659 exit  recvfrom -> 20 (0x14) bytes=20: 04 00 00 00 01 00 00 00 01 00 00 00 00 00 00 00 4a 00 00 00
T2659 enter write(0x14, 0x77e782bb30, 0x8, 0xb4000077ede40130, 0x8, 0x8000) bytes=8: 01 00 00 00 00 00 00 00
T2659 exit  write -> 8 (0x8)
T2674 enter read(0x14, 0x77d265cab8, 0x8, 0x4, 0x38, 0)
T2674 exit  read -> 8 (0x8) bytes=8: 01 00 00 00 00 00 00 00
T2674 enter read(0x14, 0x77d265cab8, 0x8, 0x4, 0x38, 0)
T2674 exit  read -> -11 (0xfffffffffffffff5)
T2659 enter recvfrom(0xa, 0x77e782bb70, 0x14, 0x40, 0, 0)
T2659 exit  recvfrom -> 20 (0x14) bytes=20: 04 00 00 00 04 00 00 00 01 00 00 00 00 00 00 00 4b 00 00 00
T2659 enter recvfrom(0xa, 0x77e782bb70, 0x14, 0x40, 0, 0)
T2659 exit  recvfrom -> 20 (0x14) bytes=20: 04 00 00 00 1a 00 00 00 01 00 00 00 00 00 00 00 4c 00 00 00
T2659 enter recvfrom(0xa, 0x77e782bb70, 0x14, 0x40, 0, 0)
T2659 exit  recvfrom -> 20 (0x14) bytes=20: 04 00 00 00 08 00 00 00 01 00 00 00 00 00 00 00 4d 00 00 00
T2659 enter recvfrom(0xa, 0x77e782bb70, 0x14, 0x40, 0, 0)
T2659 exit  recvfrom -> 20 (0x14) bytes=20: 04 00 00 00 4d 00 00 00 01 00 00 00 00 00 00 00 51 00 00 00
T2659 enter recvfrom(0xa, 0x77e782bb70, 0x14, 0x40, 0, 0)
T2659 exit  recvfrom -> 20 (0x14) bytes=20: 04 00 00 00 4b 00 00 00 01 00 00 00 00 00 00 00 52 00 00 00
T2659 enter recvfrom(0xa, 0x77e782bb70, 0x14, 0x40, 0, 0)
T2659 exit  recvfrom -> 20 (0x14) bytes=20: 04 00 00 00 4a 00 00 00 01 00 00 00 00 00 00 00 53 00 00 00
T2659 enter recvfrom(0xa, 0x77e782bb70, 0x14, 0x40, 0, 0)
T2659 exit  recvfrom -> 20 (0x14) bytes=20: 04 00 00 00 2a 00 00 00 01 00 00 00 00 00 00 00 58 00 00 00
T2659 enter recvfrom(0xa, 0x77e782bb70, 0x14, 0x40, 0, 0)
T2659 exit  recvfrom -> 20 (0x14) bytes=20: 04 00 00 00 02 00 00 00 01 00 00 00 00 00 00 00 59 00 00 00
T2659 enter recvfrom(0xa, 0x77e782bb70, 0x14, 0x40, 0, 0)
T2659 exit  recvfrom -> 20 (0x14) bytes=20: 04 00 00 00 05 00 00 00 01 00 00 00 00 00 00 00 5a 00 00 00
T2671 enter ioctl(0xf, 0xc0306201, 0x77d9c4d9b0, 0, 0, 0) ioctl_req=0xc0306201
T4267 enter recvfrom(0x68, 0xb400007c96e52800, 0x800, 0, 0, 0)
T4267 exit  recvfrom -> 24 (0x18) bytes=24: 18 00 00 00 01 00 00 00 39 00 00 00 29 08 00 00 08 00 00 10 0a 00 00 00
T2591 enter recvfrom(0x11, 0x7c82d2db70, 0x14, 0x40, 0, 0)
T2591 exit  recvfrom -> 20 (0x14) bytes=20: 04 00 00 00 33 00 00 00 01 0b 00 00 00 00 00 00 12 00 00 00
T4267 enter recvfrom(0x68, 0xb400007c96e52800, 0x800, 0, 0, 0)
T4267 exit  recvfrom -> 24 (0x18) bytes=24: 18 00 00 00 01 00 00 00 3a 00 00 00 29 08 00 00 08 00 00 10 0a 00 00 00
T4267 enter recvfrom(0x68, 0xb400007c96e52800, 0x800, 0, 0, 0)
T4267 exit  recvfrom -> 24 (0x18) bytes=24: 18 00 00 00 01 00 00 00 3b 00 00 00 29 08 00 00 08 00 00 10 0a 00 00 00
T2591 enter recvfrom(0x11, 0x7c82d2db70, 0x14, 0x40, 0, 0)
T2591 exit  recvfrom -> 20 (0x14) bytes=20: 04 00 00 00 33 00 00 00 01 02 00 00 00 00 00 00 13 00 00 00
T4267 enter recvfrom(0x68, 0xb400007c96e52800, 0x800, 0, 0, 0)
T4267 exit  recvfrom -> 24 (0x18) bytes=24: 18 00 00 00 01 00 00 00 3c 00 00 00 29 08 00 00 08 00 00 10 0a 00 00 00
T2591 enter recvfrom(0x11, 0x7c82d2db70, 0x14, 0x40, 0, 0)
T4267 enter recvfrom(0x68, 0xb400007c96e52800, 0x800, 0, 0, 0)
T4267 exit  recvfrom -> 24 (0x18) bytes=24: 18 00 00 00 01 00 00 00 3d 00 00 00 29 08 00 00 08 00 00 10 0a 00 00 00
T2591 exit  recvfrom -> 20 (0x14) bytes=20: 04 00 00 00 18 00 00 00 01 00 00 00 00 00 00 00 14 00 00 00
T4267 enter recvfrom(0x68, 0xb400007c96e52800, 0x800, 0, 0, 0)
T4267 exit  recvfrom -> 24 (0x18) bytes=24: 18 00 00 00 01 00 00 00 3e 00 00 00 29 08 00 00 08 00 00 10 0a 00 00 00
T2591 enter recvfrom(0x11, 0x7c82d2db70, 0x14, 0x40, 0, 0)
T2591 exit  recvfrom -> 20 (0x14) bytes=20: 04 00 00 00 16 00 00 00 01 10 00 00 00 00 00 00 15 00 00 00
T2591 enter recvfrom(0x11, 0x7c82d2db70, 0x14, 0x40, 0, 0)
T2591 exit  recvfrom -> 20 (0x14) bytes=20: 04 00 00 00 01 10 00 00 01 00 00 00 00 00 00 00 19 00 00 00
T2671 exit  ioctl -> 0 (0)
T4273 enter recvfrom(0x61, 0xb4000077ede79000, 0x800, 0, 0, 0)
T4273 exit  recvfrom -> 24 (0x18) bytes=24: 18 00 00 00 01 00 00 00 3c 00 00 00 29 08 00 00 08 00 00 10 0a 00 00 00
T4273 enter recvfrom(0x61, 0xb4000077ede79000, 0x800, 0, 0, 0)
T4273 exit  recvfrom -> 24 (0x18) bytes=24: 18 00 00 00 01 00 00 00 3d 00 00 00 29 08 00 00 08 00 00 10 0a 00 00 00
T2659 enter recvfrom(0xa, 0x77e782bb70, 0x14, 0x40, 0, 0)
T4273 enter recvfrom(0x61, 0xb4000077ede79000, 0x800, 0, 0, 0)
T4273 exit  recvfrom -> 24 (0x18) bytes=24: 18 00 00 00 01 00 00 00 3e 00 00 00 29 08 00 00 08 00 00 10 0a 00 00 00
T2659 exit  recvfrom -> 20 (0x14) bytes=20: 04 00 00 00 30 00 00 00 01 00 00 00 00 00 00 00 5b 00 00 00
T2659 enter recvfrom(0xa, 0x77e782bb70, 0x14, 0x40, 0, 0)
T2659 exit  recvfrom -> 20 (0x14) bytes=20: 04 00 00 00 44 00 00 00 01 00 00 00 00 00 00 00 5d 00 00 00
T2659 enter recvfrom(0xa, 0x77e782bb70, 0x14, 0x40, 0, 0)
T2659 exit  recvfrom -> 20 (0x14) bytes=20: 04 00 00 00 49 00 00 00 01 00 00 00 00 00 00 00 5e 00 00 00
attached new tid=9267
T2659 enter recvfrom(0xa, 0x77e782bb70, 0x14, 0x40, 0, 0)
T2659 exit  recvfrom -> 20 (0x14) bytes=20: 04 00 00 00 4e 00 00 00 01 00 00 00 00 00 00 00 5f 00 00 00
T2659 enter recvfrom(0xa, 0x77e782bb70, 0x14, 0x40, 0, 0)
T2659 exit  recvfrom -> 20 (0x14) bytes=20: 04 00 00 00 1d 00 00 00 01 00 00 00 00 00 00 00 60 00 00 00
T2659 enter recvfrom(0xa, 0x77e782bb70, 0x14, 0x40, 0, 0)
T2659 exit  recvfrom -> 20 (0x14) bytes=20: 04 00 00 00 07 00 00 00 01 00 00 00 00 00 00 00 61 00 00 00
T2659 enter recvfrom(0xa, 0x77e782bb70, 0x14, 0x40, 0, 0)
T2659 exit  recvfrom -> 20 (0x14) bytes=20: 04 00 00 00 21 00 00 00 01 00 00 00 00 00 00 00 62 00 00 00
T2659 enter recvfrom(0xa, 0x77e782bb70, 0x14, 0x40, 0, 0)
T2659 exit  recvfrom -> 20 (0x14) bytes=20: 04 00 00 00 12 00 00 00 01 00 00 00 00 00 00 00 64 00 00 00
T2671 enter ioctl(0xf, 0xc0306201, 0x77d9c4d9b0, 0, 0, 0) ioctl_req=0xc0306201
T2659 enter recvfrom(0xa, 0x77e782bb70, 0x14, 0x40, 0, 0)
T2659 exit  recvfrom -> 20 (0x14) bytes=20: 04 00 00 00 28 00 00 00 01 00 00 00 01 00 00 00 24 4c 00 00
T2659 enter recvfrom(0xa, 0x77e782bb70, 0x14, 0x40, 0, 0)
T2659 exit  recvfrom -> 20 (0x14) bytes=20: 04 00 00 00 10 00 00 00 02 00 00 00 00 00 00 00 68 00 00 00
T2647 enter socket(0x2a, 0x80002, 0, 0x1, 0, 0)
T2647 exit  socket -> 34 (0x22)
T2647 enter sendto(0x22, 0x77e9406f10, 0x14, 0, 0x77e9406f00, 0xc) bytes=20: 0a 00 00 00 03 00 00 00 00 00 00 00 00 00 00 00 00 00 00 00 addr: bytes=12: 2a 00 00 00 01 00 00 00 fe ff ff ff
T2647 exit  sendto -> 20 (0x14)
T2647 enter recvfrom(0x22, 0x77e9406f60, 0x14, 0, 0, 0)
T2647 exit  recvfrom -> 20 (0x14) bytes=20: 04 00 00 00 03 00 00 00 01 00 00 00 00 00 00 00 46 00 00 00
T2647 enter recvfrom(0x22, 0x77e9406f60, 0x14, 0, 0, 0)
T2647 exit  recvfrom -> 20 (0x14) bytes=20: 04 00 00 00 00 00 00 00 00 00 00 00 00 00 00 00 00 00 00 00
T2671 exit  ioctl -> 0 (0)
T2647 enter close(0x22, 0x22, 0x14, 0, 0x14, 0)
T2647 exit  close -> 0 (0)
T2676 enter socket(0x2a, 0x80002, 0, 0x1, 0, 0)
T2676 exit  socket -> 34 (0x22)
T4273 enter recvfrom(0x61, 0xb4000077ede79000, 0x800, 0, 0, 0)
T4273 exit  recvfrom -> 24 (0x18) bytes=24: 18 00 00 00 01 00 00 00 3f 00 00 00 29 08 00 00 08 00 00 10 0a 00 00 00
T2676 enter sendto(0x22, 0x77c9461e90, 0x14, 0, 0x77c9461e80, 0xc) bytes=20: 0a 00 00 00 32 00 00 00 00 00 00 00 00 00 00 00 00 00 00 00 addr: bytes=12: 2a 00 00 00 01 00 00 00 fe ff ff ff
T2676 exit  sendto -> 20 (0x14)
T2676 enter recvfrom(0x22, 0x77c9461ee0, 0x14, 0, 0, 0)
T2676 exit  recvfrom -> 20 (0x14) bytes=20: 04 00 00 00 32 00 00 00 01 00 00 00 00 00 00 00 3f 00 00 00
T2676 enter recvfrom(0x22, 0x77c9461ee0, 0x14, 0, 0, 0)
T2676 exit  recvfrom -> 20 (0x14) bytes=20: 04 00 00 00 00 00 00 00 00 00 00 00 00 00 00 00 00 00 00 00
T2676 enter close(0x22, 0x22, 0x14, 0, 0x14, 0)
T2676 exit  close -> 0 (0)
T2679 enter socket(0x2a, 0x80002, 0, 0x1, 0x77c716afdc, 0x77c716b260)
T2679 exit  socket -> 34 (0x22)
T2679 enter sendto(0x22, 0x77c716aef0, 0x14, 0, 0x77c716aee0, 0xc) bytes=20: 0a 00 00 00 e3 00 00 00 00 00 00 00 00 00 00 00 00 00 00 00 addr: bytes=12: 2a 00 00 00 01 00 00 00 fe ff ff ff
T2679 exit  sendto -> 20 (0x14)
T2679 enter recvfrom(0x22, 0x77c716af40, 0x14, 0, 0, 0)
T4267 enter recvfrom(0x68, 0xb400007c96e52800, 0x800, 0, 0, 0)
T4267 exit  recvfrom -> 24 (0x18) bytes=24: 18 00 00 00 01 00 00 00 3f 00 00 00 29 08 00 00 08 00 00 10 0a 00 00 00
T2591 enter recvfrom(0x11, 0x7c82d2db70, 0x14, 0x40, 0, 0)
T4267 enter recvfrom(0x68, 0xb400007c96e52800, 0x800, 0, 0, 0)
T4267 exit  recvfrom -> 24 (0x18) bytes=24: 18 00 00 00 01 00 00 00 40 00 00 00 29 08 00 00 08 00 00 10 0a 00 00 00
T2591 exit  recvfrom -> 20 (0x14) bytes=20: 04 00 00 00 01 10 00 00 03 00 00 00 00 00 00 00 1c 00 00 00
T4267 enter recvfrom(0x68, 0xb400007c96e52800, 0x800, 0, 0, 0)
T4267 exit  recvfrom -> 24 (0x18) bytes=24: 18 00 00 00 01 00 00 00 41 00 00 00 29 08 00 00 08 00 00 10 0a 00 00 00
T2591 enter recvfrom(0x11, 0x7c82d2db70, 0x14, 0x40, 0, 0)
T2679 exit  recvfrom -> 20 (0x14) bytes=20: 04 00 00 00 e3 00 00 00 01 00 00 00 00 00 00 00 42 00 00 00
T4273 enter recvfrom(0x61, 0xb4000077ede79000, 0x800, 0, 0, 0)
T2679 enter recvfrom(0x22, 0x77c716af40, 0x14, 0, 0, 0)
T4273 exit  recvfrom -> 24 (0x18) bytes=24: 18 00 00 00 01 00 00 00 40 00 00 00 29 08 00 00 08 00 00 10 0a 00 00 00
T2679 exit  recvfrom -> 20 (0x14) bytes=20: 04 00 00 00 00 00 00 00 00 00 00 00 00 00 00 00 00 00 00 00
T2679 enter close(0x22, 0x22, 0x14, 0, 0x14, 0)
T4273 enter recvfrom(0x61, 0xb4000077ede79000, 0x800, 0, 0, 0)
T4273 exit  recvfrom -> 24 (0x18) bytes=24: 18 00 00 00 01 00 00 00 41 00 00 00 29 08 00 00 08 00 00 10 0a 00 00 00
T2679 exit  close -> 0 (0)
T4273 enter recvfrom(0x61, 0xb4000077ede79000, 0x800, 0, 0, 0)
T2757 enter socket(0x2a, 0x80002, 0, 0x2, 0x77c4dee12c, 0x77c4dee240)
T4273 exit  recvfrom -> 24 (0x18) bytes=24: 18 00 00 00 01 00 00 00 42 00 00 00 29 08 00 00 08 00 00 10 0a 00 00 00
T2757 exit  socket -> 34 (0x22)
T2757 enter sendto(0x22, 0x77c4dee040, 0x14, 0, 0x77c4dee030, 0xc) bytes=20: 0a 00 00 00 0a 00 00 00 00 00 00 00 00 00 00 00 00 00 00 00 addr: bytes=12: 2a 00 00 00 01 00 00 00 fe ff ff ff
T2757 exit  sendto -> 20 (0x14)
T2757 enter recvfrom(0x22, 0x77c4dee090, 0x14, 0, 0, 0)
T2757 exit  recvfrom -> 20 (0x14) bytes=20: 04 00 00 00 0a 00 00 00 02 00 00 00 00 00 00 00 47 00 00 00
T2757 enter recvfrom(0x22, 0x77c4dee090, 0x14, 0, 0, 0)
T2757 exit  recvfrom -> 20 (0x14) bytes=20: 04 00 00 00 00 00 00 00 00 00 00 00 00 00 00 00 00 00 00 00
T2757 enter close(0x22, 0x22, 0x14, 0, 0x14, 0)
T2757 exit  close -> 0 (0)
T2759 enter socket(0x2a, 0x80002, 0, 0x1, 0x77c4cf112c, 0x77c4cf1240)
T2759 exit  socket -> 34 (0x22)
T2759 enter sendto(0x22, 0x77c4cf1040, 0x14, 0, 0x77c4cf1030, 0xc) bytes=20: 0a 00 00 00 0b 00 00 00 00 00 00 00 00 00 00 00 00 00 00 00 addr: bytes=12: 2a 00 00 00 01 00 00 00 fe ff ff ff
T2759 exit  sendto -> 20 (0x14)
T2759 enter recvfrom(0x22, 0x77c4cf1090, 0x14, 0, 0, 0)
T2759 exit  recvfrom -> 20 (0x14) bytes=20: 04 00 00 00 0b 00 00 00 01 00 00 00 00 00 00 00 49 00 00 00
T2759 enter recvfrom(0x22, 0x77c4cf1090, 0x14, 0, 0, 0)
T2759 exit  recvfrom -> 20 (0x14) bytes=20: 04 00 00 00 00 00 00 00 00 00 00 00 00 00 00 00 00 00 00 00
T2759 enter close(0x22, 0x22, 0x14, 0, 0x14, 0)
T2759 exit  close -> 0 (0)
T4269 enter socket(0x2a, 0x80002, 0, 0x1, 0x77b87a9b9c, 0x77b87a9ce0)
T4269 exit  socket -> 34 (0x22)
T4269 enter sendto(0x22, 0x77b87a9ab0, 0x14, 0, 0x77b87a9aa0, 0xc) bytes=20: 0a 00 00 00 01 00 00 00 00 00 00 00 00 00 00 00 00 00 00 00 addr: bytes=12: 2a 00 00 00 01 00 00 00 fe ff ff ff
T4269 exit  sendto -> 20 (0x14)
T4269 enter recvfrom(0x22, 0x77b87a9b00, 0x14, 0, 0, 0)
T4269 exit  recvfrom -> 20 (0x14) bytes=20: 04 00 00 00 01 00 00 00 01 00 00 00 00 00 00 00 4a 00 00 00
T4269 enter recvfrom(0x22, 0x77b87a9b00, 0x14, 0, 0, 0)
T4269 exit  recvfrom -> 20 (0x14) bytes=20: 04 00 00 00 00 00 00 00 00 00 00 00 00 00 00 00 00 00 00 00
T4269 enter close(0x22, 0x22, 0x14, 0, 0x14, 0)
T4269 exit  close -> 0 (0)
T4269 enter socket(0x2a, 0x80002, 0, 0x77ede066d0, 0x77ede066e0, 0xa515)
T2674 enter socket(0x2a, 0x80002, 0, 0x1, 0x77d265c9ec, 0x77d265cac0)
T4269 exit  socket -> 34 (0x22)
T2674 exit  socket -> 35 (0x23)
T2674 enter sendto(0x23, 0x77d265c900, 0x14, 0, 0x77d265c8f0, 0xc) bytes=20: 0a 00 00 00 01 00 00 00 00 00 00 00 00 00 00 00 00 00 00 00 addr: bytes=12: 2a 00 00 00 01 00 00 00 fe ff ff ff
T2674 exit  sendto -> 20 (0x14)
T2674 enter recvfrom(0x23, 0x77d265c950, 0x14, 0, 0, 0)
attached new tid=9283
T4269 enter write(0x25, 0x787e6ad6c3, 0x1, 0x8, 0x77c1af7d00, 0x787edfdd2c) bytes=1: 61
T4269 exit  write -> 1 (0x1)
T2674 exit  recvfrom -> 20 (0x14) bytes=20: 04 00 00 00 01 00 00 00 01 00 00 00 00 00 00 00 4a 00 00 00
T2674 enter recvfrom(0x23, 0x77d265c950, 0x14, 0, 0, 0)
T2674 exit  recvfrom -> 20 (0x14) bytes=20: 04 00 00 00 00 00 00 00 00 00 00 00 00 00 00 00 00 00 00 00
T2674 enter close(0x23, 0x23, 0x14, 0, 0x14, 0)
T2674 exit  close -> 0 (0)
T2674 enter socket(0x2a, 0x80002, 0, 0x77ede08c50, 0x77ede08c60, 0xa515)
T2674 exit  socket -> 35 (0x23)
T9283 enter read(0x24, 0x77c1af7b94, 0x1, 0, 0, 0x1)
T9283 exit  read -> 1 (0x1) bytes=1: 61
T2658 enter socket(0x2a, 0x80002, 0, 0x2, 0x77e7927fdc, 0x77e7928260)
T2658 exit  socket -> 40 (0x28)
T2658 enter sendto(0x28, 0x77e7927ef0, 0x14, 0, 0x77e7927ee0, 0xc) bytes=20: 0a 00 00 00 09 00 00 00 00 00 00 00 00 00 00 00 00 00 00 00 addr: bytes=12: 2a 00 00 00 01 00 00 00 fe ff ff ff
attached new tid=9284
T2658 exit  sendto -> 20 (0x14)
T2674 enter write(0x27, 0x787e6ad6c3, 0x1, 0, 0, 0) bytes=1: 61
T2674 exit  write -> 1 (0x1)
T2658 enter recvfrom(0x28, 0x77e7927f40, 0x14, 0, 0, 0)
T2658 exit  recvfrom -> 20 (0x14) bytes=20: 04 00 00 00 09 00 00 00 02 00 00 00 00 00 00 00 45 00 00 00
T2658 enter recvfrom(0x28, 0x77e7927f40, 0x14, 0, 0, 0)
T9284 enter read(0x26, 0x77c09fab94, 0x1, 0, 0, 0x1)
T9284 exit  read -> 1 (0x1) bytes=1: 61
T2658 exit  recvfrom -> 20 (0x14) bytes=20: 04 00 00 00 00 00 00 00 00 00 00 00 00 00 00 00 00 00 00 00
T2658 enter close(0x28, 0x28, 0x14, 0, 0x14, 0)
T2658 exit  close -> 0 (0)
T2654 enter socket(0x2a, 0x80002, 0, 0x1, 0x77e7d1bfdc, 0x77e7d1c260)
T2654 exit  socket -> 40 (0x28)
T2654 enter sendto(0x28, 0x77e7d1bef0, 0x14, 0, 0x77e7d1bee0, 0xc) bytes=20: 0a 00 00 00 0c 00 00 00 00 00 00 00 00 00 00 00 00 00 00 00 addr: bytes=12: 2a 00 00 00 01 00 00 00 fe ff ff ff
T2654 exit  sendto -> 20 (0x14)
T2654 enter recvfrom(0x28, 0x77e7d1bf40, 0x14, 0, 0, 0)
T2654 exit  recvfrom -> 20 (0x14) bytes=20: 04 00 00 00 0c 00 00 00 01 00 00 00 00 00 00 00 41 00 00 00
T2654 enter recvfrom(0x28, 0x77e7d1bf40, 0x14, 0, 0, 0)
T2654 exit  recvfrom -> 20 (0x14) bytes=20: 04 00 00 00 00 00 00 00 00 00 00 00 00 00 00 00 00 00 00 00
T2654 enter close(0x28, 0x28, 0x14, 0, 0x14, 0)
T2654 exit  close -> 0 (0)
T2648 enter socket(0x2a, 0x80002, 0, 0x1, 0x77e9309fdc, 0x77e930a260)
T2648 exit  socket -> 40 (0x28)
T2648 enter sendto(0x28, 0x77e9309ef0, 0x14, 0, 0x77e9309ee0, 0xc) bytes=20: 0a 00 00 00 01 00 00 00 00 00 00 00 00 00 00 00 00 00 00 00 addr: bytes=12: 2a 00 00 00 01 00 00 00 fe ff ff ff
T2648 exit  sendto -> 20 (0x14)
T2648 enter recvfrom(0x28, 0x77e9309f40, 0x14, 0, 0, 0)
T2648 exit  recvfrom -> 20 (0x14) bytes=20: 04 00 00 00 01 00 00 00 01 00 00 00 00 00 00 00 4a 00 00 00
T2648 enter recvfrom(0x28, 0x77e9309f40, 0x14, 0, 0, 0)
T2648 exit  recvfrom -> 20 (0x14) bytes=20: 04 00 00 00 00 00 00 00 00 00 00 00 00 00 00 00 00 00 00 00
T2648 enter close(0x28, 0x28, 0x14, 0, 0x14, 0)
T2648 exit  close -> 0 (0)
T2649 enter socket(0x2a, 0x80002, 0, 0x1, 0x77e820cfdc, 0x77e820d260)
T2649 exit  socket -> 40 (0x28)
T2649 enter sendto(0x28, 0x77e820cef0, 0x14, 0, 0x77e820cee0, 0xc) bytes=20: 0a 00 00 00 2a 00 00 00 00 00 00 00 00 00 00 00 00 00 00 00 addr: bytes=12: 2a 00 00 00 01 00 00 00 fe ff ff ff
T2649 exit  sendto -> 20 (0x14)
T2649 enter recvfrom(0x28, 0x77e820cf40, 0x14, 0, 0, 0)
T2649 exit  recvfrom -> 20 (0x14) bytes=20: 04 00 00 00 2a 00 00 00 01 00 00 00 00 00 00 00 58 00 00 00
T2649 enter recvfrom(0x28, 0x77e820cf40, 0x14, 0, 0, 0)
T2649 exit  recvfrom -> 20 (0x14) bytes=20: 04 00 00 00 00 00 00 00 00 00 00 00 00 00 00 00 00 00 00 00
T2649 enter close(0x28, 0x28, 0x14, 0, 0x14, 0)
T2649 exit  close -> 0 (0)
T2655 enter socket(0x2a, 0x80002, 0, 0x1, 0x77e7c1efdc, 0x77e7c1f260)
T2655 exit  socket -> 40 (0x28)
T2655 enter sendto(0x28, 0x77e7c1eef0, 0x14, 0, 0x77e7c1eee0, 0xc) bytes=20: 0a 00 00 00 05 00 00 00 00 00 00 00 00 00 00 00 00 00 00 00 addr: bytes=12: 2a 00 00 00 01 00 00 00 fe ff ff ff
T2655 exit  sendto -> 20 (0x14)
T2655 enter recvfrom(0x28, 0x77e7c1ef40, 0x14, 0, 0, 0)
T2655 exit  recvfrom -> 20 (0x14) bytes=20: 04 00 00 00 05 00 00 00 01 00 00 00 00 00 00 00 5a 00 00 00
T2655 enter recvfrom(0x28, 0x77e7c1ef40, 0x14, 0, 0, 0)
T2655 exit  recvfrom -> 20 (0x14) bytes=20: 04 00 00 00 00 00 00 00 00 00 00 00 00 00 00 00 00 00 00 00
T2655 enter close(0x28, 0x28, 0x14, 0, 0x14, 0)
T2655 exit  close -> 0 (0)
T9267 enter socket(0x2a, 0x80002, 0, 0x1, 0x77c3bf492c, 0x77c3bf4b90)
T9267 exit  socket -> 40 (0x28)
T9267 enter sendto(0x28, 0x77c3bf4840, 0x14, 0, 0x77c3bf4830, 0xc) bytes=20: 0a 00 00 00 49 00 00 00 00 00 00 00 00 00 00 00 00 00 00 00 addr: bytes=12: 2a 00 00 00 01 00 00 00 fe ff ff ff
T9267 exit  sendto -> 20 (0x14)
T9267 enter recvfrom(0x28, 0x77c3bf4890, 0x14, 0, 0, 0)
T9267 exit  recvfrom -> 20 (0x14) bytes=20: 04 00 00 00 49 00 00 00 01 00 00 00 00 00 00 00 5e 00 00 00
T9267 enter recvfrom(0x28, 0x77c3bf4890, 0x14, 0, 0, 0)
T9267 exit  recvfrom -> 20 (0x14) bytes=20: 04 00 00 00 00 00 00 00 00 00 00 00 00 00 00 00 00 00 00 00
T9267 enter close(0x28, 0x28, 0x14, 0, 0x14, 0)
T9267 exit  close -> 0 (0)
T2647 enter socket(0x2a, 0x80002, 0, 0x1, 0x77e9406fdc, 0x77e9407260)
T2647 exit  socket -> 40 (0x28)
T2647 enter sendto(0x28, 0x77e9406ef0, 0x14, 0, 0x77e9406ee0, 0xc) bytes=20: 0a 00 00 00 03 00 00 00 00 00 00 00 00 00 00 00 00 00 00 00 addr: bytes=12: 2a 00 00 00 01 00 00 00 fe ff ff ff
T2647 exit  sendto -> 20 (0x14)
T2647 enter recvfrom(0x28, 0x77e9406f40, 0x14, 0, 0, 0)
T2647 exit  recvfrom -> 20 (0x14) bytes=20: 04 00 00 00 03 00 00 00 01 00 00 00 00 00 00 00 46 00 00 00
T2647 enter recvfrom(0x28, 0x77e9406f40, 0x14, 0, 0, 0)
T2647 exit  recvfrom -> 20 (0x14) bytes=20: 04 00 00 00 00 00 00 00 00 00 00 00 00 00 00 00 00 00 00 00
T2647 enter close(0x28, 0x28, 0x14, 0, 0x14, 0)
T2647 exit  close -> 0 (0)
T2656 enter socket(0x2a, 0x80002, 0, 0x1, 0x77e7b21fdc, 0x77e7b22260)
T2656 exit  socket -> 40 (0x28)
T2656 enter sendto(0x28, 0x77e7b21ef0, 0x14, 0, 0x77e7b21ee0, 0xc) bytes=20: 0a 00 00 00 21 00 00 00 00 00 00 00 00 00 00 00 00 00 00 00 addr: bytes=12: 2a 00 00 00 01 00 00 00 fe ff ff ff
T2656 exit  sendto -> 20 (0x14)
T2656 enter recvfrom(0x28, 0x77e7b21f40, 0x14, 0, 0, 0)
T2656 exit  recvfrom -> 20 (0x14) bytes=20: 04 00 00 00 21 00 00 00 01 00 00 00 00 00 00 00 62 00 00 00
T2656 enter recvfrom(0x28, 0x77e7b21f40, 0x14, 0, 0, 0)
T2656 exit  recvfrom -> 20 (0x14) bytes=20: 04 00 00 00 00 00 00 00 00 00 00 00 00 00 00 00 00 00 00 00
T2656 enter close(0x28, 0x28, 0x14, 0, 0x14, 0)
T2671 enter ioctl(0xf, 0xc0306201, 0x77d9c4d9b0, 0, 0, 0) ioctl_req=0xc0306201
T2656 exit  close -> 0 (0)
T2657 enter socket(0x2a, 0x80002, 0, 0x1, 0x77e7a24fdc, 0x77e7a25260)
T2657 exit  socket -> 40 (0x28)
T2657 enter sendto(0x28, 0x77e7a24ef0, 0x14, 0, 0x77e7a24ee0, 0xc) bytes=20: 0a 00 00 00 12 00 00 00 00 00 00 00 00 00 00 00 00 00 00 00 addr: bytes=12: 2a 00 00 00 01 00 00 00 fe ff ff ff
T2657 exit  sendto -> 20 (0x14)
T2657 enter recvfrom(0x28, 0x77e7a24f40, 0x14, 0, 0, 0)
T2657 exit  recvfrom -> 20 (0x14) bytes=20: 04 00 00 00 12 00 00 00 01 00 00 00 00 00 00 00 64 00 00 00
T2657 enter recvfrom(0x28, 0x77e7a24f40, 0x14, 0, 0, 0)
T2657 exit  recvfrom -> 20 (0x14) bytes=20: 04 00 00 00 00 00 00 00 00 00 00 00 00 00 00 00 00 00 00 00
T2657 enter close(0x28, 0x28, 0x14, 0, 0x14, 0)
T2657 exit  close -> 0 (0)
T2650 enter socket(0x2a, 0x80002, 0, 0x1, 0x77e810ffdc, 0x77e8110260)
T2671 exit  ioctl -> 0 (0)
T2650 exit  socket -> 40 (0x28)
T2650 enter sendto(0x28, 0x77e810fef0, 0x14, 0, 0x77e810fee0, 0xc) bytes=20: 0a 00 00 00 07 00 00 00 00 00 00 00 00 00 00 00 00 00 00 00 addr: bytes=12: 2a 00 00 00 01 00 00 00 fe ff ff ff
T2650 exit  sendto -> 20 (0x14)
T2650 enter recvfrom(0x28, 0x77e810ff40, 0x14, 0, 0, 0)
T2650 exit  recvfrom -> 20 (0x14) bytes=20: 04 00 00 00 07 00 00 00 01 00 00 00 00 00 00 00 61 00 00 00
T2650 enter recvfrom(0x28, 0x77e810ff40, 0x14, 0, 0, 0)
T2650 exit  recvfrom -> 20 (0x14) bytes=20: 04 00 00 00 00 00 00 00 00 00 00 00 00 00 00 00 00 00 00 00
T2650 enter close(0x28, 0x28, 0x14, 0, 0x14, 0)
T2650 exit  close -> 0 (0)
T2676 enter socket(0x2a, 0x80002, 0, 0x1, 0x77c9461f7c, 0xb4000077ede0bae0)
T2676 exit  socket -> 40 (0x28)
T2676 enter sendto(0x28, 0x77c9461e90, 0x14, 0, 0x77c9461e80, 0xc) bytes=20: 0a 00 00 00 32 00 00 00 00 00 00 00 00 00 00 00 00 00 00 00 addr: bytes=12: 2a 00 00 00 01 00 00 00 fe ff ff ff
T2676 exit  sendto -> 20 (0x14)
T2676 enter recvfrom(0x28, 0x77c9461ee0, 0x14, 0, 0, 0)
T2676 exit  recvfrom -> 20 (0x14) bytes=20: 04 00 00 00 32 00 00 00 01 00 00 00 00 00 00 00 3f 00 00 00
T2676 enter recvfrom(0x28, 0x77c9461ee0, 0x14, 0, 0, 0)
T2676 exit  recvfrom -> 20 (0x14) bytes=20: 04 00 00 00 00 00 00 00 00 00 00 00 00 00 00 00 00 00 00 00
T2676 enter close(0x28, 0x28, 0x14, 0, 0x14, 0)
T2676 exit  close -> 0 (0)
T2757 enter socket(0x2a, 0x80002, 0, 0x7895f96a70, 0x7895f96a80, 0xffff)
T2757 exit  socket -> 40 (0x28)
T2759 enter socket(0x2a, 0x80002, 0, 0x77ede08f70, 0x77ede08f80, 0x66b1)
T2679 enter socket(0x2a, 0x80002, 0, 0x1, 0x77c716acbc, 0x77c716ae00)
T2759 exit  socket -> 41 (0x29)
T2679 exit  socket -> 42 (0x2a)
T2679 enter sendto(0x2a, 0x77c716abd0, 0x14, 0, 0x77c716abc0, 0xc) bytes=20: 0a 00 00 00 e3 00 00 00 00 00 00 00 00 00 00 00 00 00 00 00 addr: bytes=12: 2a 00 00 00 01 00 00 00 fe ff ff ff
T2679 exit  sendto -> 20 (0x14)
T2679 enter recvfrom(0x2a, 0x77c716ac20, 0x14, 0, 0, 0)
attached new tid=9286
attached new tid=9287
T2679 exit  recvfrom -> 20 (0x14) bytes=20: 04 00 00 00 e3 00 00 00 01 00 00 00 00 00 00 00 42 00 00 00
T2759 enter write(0x2e, 0x787e6ad6c3, 0x1, 0, 0, 0) bytes=1: 61
T2759 exit  write -> 1 (0x1)
T2679 enter recvfrom(0x2a, 0x77c716ac20, 0x14, 0, 0, 0)
T2679 exit  recvfrom -> 20 (0x14) bytes=20: 04 00 00 00 00 00 00 00 00 00 00 00 00 00 00 00 00 00 00 00
T2757 enter write(0x2c, 0x787e6ad6c3, 0x1, 0, 0, 0) bytes=1: 61
T9286 enter read(0x2d, 0x77bf800b94, 0x1, 0, 0, 0x1)
T9286 exit  read -> 1 (0x1) bytes=1: 61
T2757 exit  write -> 1 (0x1)
T2679 enter close(0x2a, 0x2a, 0x14, 0, 0x14, 0)
T9287 enter read(0x2b, 0x77bf8fdb94, 0x1, 0, 0, 0x77bf8fd3a0)
T9287 exit  read -> 1 (0x1) bytes=1: 61
T2679 exit  close -> 0 (0)
T4269 enter socket(0x2a, 0x80002, 0, 0x1, 0, 0)
T4269 exit  socket -> 42 (0x2a)
T4269 enter sendto(0x2a, 0x77b87a9a60, 0x14, 0, 0x77b87a9a50, 0xc) bytes=20: 0a 00 00 00 01 00 00 00 00 00 00 00 00 00 00 00 00 00 00 00 addr: bytes=12: 2a 00 00 00 01 00 00 00 fe ff ff ff
T4269 exit  sendto -> 20 (0x14)
T4269 enter recvfrom(0x2a, 0x77b87a9ab0, 0x14, 0, 0, 0)
T4269 exit  recvfrom -> 20 (0x14) bytes=20: 04 00 00 00 01 00 00 00 01 00 00 00 00 00 00 00 4a 00 00 00
T4269 enter recvfrom(0x2a, 0x77b87a9ab0, 0x14, 0, 0, 0)
T4269 exit  recvfrom -> 20 (0x14) bytes=20: 04 00 00 00 00 00 00 00 00 00 00 00 00 00 00 00 00 00 00 00
T4269 enter close(0x2a, 0x2a, 0x14, 0, 0x14, 0)
T4269 exit  close -> 0 (0)
T4269 enter socket(0x2a, 0x80002, 0, 0x1, 0x77b87a9b4c, 0xb4000077ede0bd20)
T4269 exit  socket -> 42 (0x2a)
T4269 enter sendto(0x2a, 0x77b87a9a60, 0x14, 0, 0x77b87a9a50, 0xc) bytes=20: 0a 00 00 00 01 00 00 00 00 00 00 00 00 00 00 00 00 00 00 00 addr: bytes=12: 2a 00 00 00 01 00 00 00 fe ff ff ff
T4269 exit  sendto -> 20 (0x14)
T4269 enter recvfrom(0x2a, 0x77b87a9ab0, 0x14, 0, 0, 0)
T4269 exit  recvfrom -> 20 (0x14) bytes=20: 04 00 00 00 01 00 00 00 01 00 00 00 00 00 00 00 4a 00 00 00
T4269 enter recvfrom(0x2a, 0x77b87a9ab0, 0x14, 0, 0, 0)
T4269 exit  recvfrom -> 20 (0x14) bytes=20: 04 00 00 00 00 00 00 00 00 00 00 00 00 00 00 00 00 00 00 00
T4269 enter close(0x2a, 0x2a, 0x14, 0, 0x14, 0)
T4269 exit  close -> 0 (0)
T4269 enter sendto(0x22, 0xb4000077ede042c0, 0x16, 0x40, 0x77b87a9b48, 0xc) bytes=22: 00 01 00 a2 00 0f 00 10 08 00 04 00 00 00 01 00 00 00 11 01 00 01 addr: bytes=12: 2a 00 00 00 00 00 00 00 4a 00 00 00
T4269 exit  sendto -> 22 (0x16)
T9283 enter recvfrom(0x22, 0xb4000077c4e3c980, 0xa51c, 0x40, 0x77c1af7b88, 0x77c1af7b84)
T9283 exit  recvfrom -> 14 (0xe) bytes=14: 02 01 00 a2 00 07 00 02 04 00 00 00 00 00
T2657 enter socket(0x2a, 0x80002, 0, 0x1, 0x77e7a24cbc, 0x77e7a24e00)
T2657 exit  socket -> 42 (0x2a)
T2657 enter sendto(0x2a, 0x77e7a24bd0, 0x14, 0, 0x77e7a24bc0, 0xc) bytes=20: 0a 00 00 00 12 00 00 00 00 00 00 00 00 00 00 00 00 00 00 00 addr: bytes=12: 2a 00 00 00 01 00 00 00 fe ff ff ff
T2657 exit  sendto -> 20 (0x14)
T2657 enter recvfrom(0x2a, 0x77e7a24c20, 0x14, 0, 0, 0)
T2657 exit  recvfrom -> 20 (0x14) bytes=20: 04 00 00 00 12 00 00 00 01 00 00 00 00 00 00 00 64 00 00 00
T2657 enter recvfrom(0x2a, 0x77e7a24c20, 0x14, 0, 0, 0)
T2657 exit  recvfrom -> 20 (0x14) bytes=20: 04 00 00 00 00 00 00 00 00 00 00 00 00 00 00 00 00 00 00 00
T2657 enter close(0x2a, 0x2a, 0x14, 0, 0x14, 0)
T2657 exit  close -> 0 (0)
T2657 enter socket(0x2a, 0x80002, 0, 0x7895f967f0, 0x7895f96800, 0x200c)
T2657 exit  socket -> 42 (0x2a)
T2656 enter socket(0x2a, 0x80002, 0, 0x1, 0x77e7b21cbc, 0x77e7b21e00)
T2656 exit  socket -> 47 (0x2f)
T2656 enter sendto(0x2f, 0x77e7b21bd0, 0x14, 0, 0x77e7b21bc0, 0xc) bytes=20: 0a 00 00 00 21 00 00 00 00 00 00 00 00 00 00 00 00 00 00 00 addr: bytes=12: 2a 00 00 00 01 00 00 00 fe ff ff ff
T2656 exit  sendto -> 20 (0x14)
T2656 enter recvfrom(0x2f, 0x77e7b21c20, 0x14, 0, 0, 0)
attached new tid=9289
T2656 exit  recvfrom -> 20 (0x14) bytes=20: 04 00 00 00 21 00 00 00 01 00 00 00 00 00 00 00 62 00 00 00
T2656 enter recvfrom(0x2f, 0x77e7b21c20, 0x14, 0, 0, 0)
T2657 enter write(0x31, 0x787e6ad6c3, 0x1, 0, 0, 0) bytes=1: 61
T2657 exit  write -> 1 (0x1)
T9289 enter read(0x30, 0x77bd703b94, 0x1, 0, 0, 0x4)
T9289 exit  read -> 1 (0x1) bytes=1: 61
T2656 exit  recvfrom -> 20 (0x14) bytes=20: 04 00 00 00 00 00 00 00 00 00 00 00 00 00 00 00 00 00 00 00
T2656 enter close(0x2f, 0x2f, 0x14, 0, 0x14, 0)
T2656 exit  close -> 0 (0)
T9267 enter socket(0x2a, 0x80002, 0, 0x7895f94d10, 0x7895f94d20, 0)
T9267 exit  socket -> 47 (0x2f)
T2658 enter socket(0x2a, 0x80002, 0, 0x2, 0x77e7927cbc, 0x77e7927e00)
T2658 exit  socket -> 52 (0x34)
T2656 enter socket(0x2a, 0x80002, 0, 0x77ede082f0, 0x77ede08300, 0x200c)
attached new tid=9290
T2658 enter sendto(0x34, 0x77e7927bd0, 0x14, 0, 0x77e7927bc0, 0xc) bytes=20: 0a 00 00 00 09 00 00 00 00 00 00 00 00 00 00 00 00 00 00 00 addr: bytes=12: 2a 00 00 00 01 00 00 00 fe ff ff ff
T2658 exit  sendto -> 20 (0x14)
T9267 enter write(0x33, 0x787e6ad6c3, 0x1, 0x8, 0x77bc606d00, 0x787edfdd2c) bytes=1: 61
T9267 exit  write -> 1 (0x1)
T2658 enter recvfrom(0x34, 0x77e7927c20, 0x14, 0, 0, 0)
T2656 exit  socket -> 53 (0x35)
T2658 exit  recvfrom -> 20 (0x14) bytes=20: 04 00 00 00 09 00 00 00 02 00 00 00 00 00 00 00 45 00 00 00
T2658 enter recvfrom(0x34, 0x77e7927c20, 0x14, 0, 0, 0)
T2658 exit  recvfrom -> 20 (0x14) bytes=20: 04 00 00 00 00 00 00 00 00 00 00 00 00 00 00 00 00 00 00 00
T2658 enter close(0x34, 0x34, 0x14, 0, 0x14, 0)
T2658 exit  close -> 0 (0)
T2658 enter socket(0x2a, 0x80002, 0, 0x77ede087f0, 0x77ede08800, 0xa02c)
T2658 exit  socket -> 52 (0x34)
T9290 enter read(0x32, 0x77bc606b94, 0x1, 0, 0, 0x4)
T9290 exit  read -> 1 (0x1) bytes=1: 61
attached new tid=9291
T2658 enter write(0x39, 0x787e6ad6c3, 0x1, 0, 0, 0) bytes=1: 61
T2658 exit  write -> 1 (0x1)
T9291 enter read(0x38, 0x77bb509b94, 0x1, 0, 0, 0x77bb5093a0)
T9291 exit  read -> 1 (0x1) bytes=1: 61
T2655 enter socket(0x2a, 0x80002, 0, 0x1, 0x77e7c1ecbc, 0x77e7c1ee00)
T2655 exit  socket -> 58 (0x3a)
attached new tid=9292
T2655 enter sendto(0x3a, 0x77e7c1ebd0, 0x14, 0, 0x77e7c1ebc0, 0xc) bytes=20: 0a 00 00 00 05 00 00 00 00 00 00 00 00 00 00 00 00 00 00 00 addr: bytes=12: 2a 00 00 00 01 00 00 00 fe ff ff ff
T2656 enter write(0x37, 0x787e6ad6c3, 0x1, 0, 0, 0) bytes=1: 61
T2656 exit  write -> 1 (0x1)
T9292 enter read(0x36, 0x77bb40cb94, 0x1, 0, 0, 0x4)
T9292 exit  read -> 1 (0x1) bytes=1: 61
T2655 exit  sendto -> 20 (0x14)
T2655 enter recvfrom(0x3a, 0x77e7c1ec20, 0x14, 0, 0, 0)
T2655 exit  recvfrom -> 20 (0x14) bytes=20: 04 00 00 00 05 00 00 00 01 00 00 00 00 00 00 00 5a 00 00 00
T2655 enter recvfrom(0x3a, 0x77e7c1ec20, 0x14, 0, 0, 0)
T2655 exit  recvfrom -> 20 (0x14) bytes=20: 04 00 00 00 00 00 00 00 00 00 00 00 00 00 00 00 00 00 00 00
T2655 enter close(0x3a, 0x3a, 0x14, 0, 0x14, 0)
T2655 exit  close -> 0 (0)
T2759 enter socket(0x2a, 0x80002, 0, 0x1, 0, 0)
T2759 exit  socket -> 58 (0x3a)
T2759 enter sendto(0x3a, 0x77c4cf0ff0, 0x14, 0, 0x77c4cf0fe0, 0xc) bytes=20: 0a 00 00 00 0b 00 00 00 00 00 00 00 00 00 00 00 00 00 00 00 addr: bytes=12: 2a 00 00 00 01 00 00 00 fe ff ff ff
T2759 exit  sendto -> 20 (0x14)
T2759 enter recvfrom(0x3a, 0x77c4cf1040, 0x14, 0, 0, 0)
T2759 exit  recvfrom -> 20 (0x14) bytes=20: 04 00 00 00 0b 00 00 00 01 00 00 00 00 00 00 00 49 00 00 00
T2759 enter recvfrom(0x3a, 0x77c4cf1040, 0x14, 0, 0, 0)
T2759 exit  recvfrom -> 20 (0x14) bytes=20: 04 00 00 00 00 00 00 00 00 00 00 00 00 00 00 00 00 00 00 00
T2759 enter close(0x3a, 0x3a, 0x14, 0, 0x14, 0)
T2759 exit  close -> 0 (0)
T2757 enter socket(0x2a, 0x80002, 0, 0x2, 0, 0)
T4267 enter recvfrom(0x68, 0xb400007c96e52800, 0x800, 0, 0, 0)
T2591 exit  recvfrom -> 20 (0x14) bytes=20: 04 00 00 00 17 00 00 00 02 00 00 00 00 00 00 00 1f 00 00 00
T4267 exit  recvfrom -> 24 (0x18) bytes=24: 18 00 00 00 01 00 00 00 42 00 00 00 29 08 00 00 08 00 00 10 0a 00 00 00
T2757 exit  socket -> 58 (0x3a)
T2757 enter sendto(0x3a, 0x77c4dedff0, 0x14, 0, 0x77c4dedfe0, 0xc) bytes=20: 0a 00 00 00 0a 00 00 00 00 00 00 00 00 00 00 00 00 00 00 00 addr: bytes=12: 2a 00 00 00 01 00 00 00 fe ff ff ff
T2757 exit  sendto -> 20 (0x14)
T2757 enter recvfrom(0x3a, 0x77c4dee040, 0x14, 0, 0, 0)
T2757 exit  recvfrom -> 20 (0x14) bytes=20: 04 00 00 00 0a 00 00 00 02 00 00 00 00 00 00 00 47 00 00 00
T2757 enter recvfrom(0x3a, 0x77c4dee040, 0x14, 0, 0, 0)
T2757 exit  recvfrom -> 20 (0x14) bytes=20: 04 00 00 00 00 00 00 00 00 00 00 00 00 00 00 00 00 00 00 00
T2757 enter close(0x3a, 0x3a, 0x14, 0, 0x14, 0)
T2757 exit  close -> 0 (0)
T2757 enter socket(0x2a, 0x80002, 0, 0x2, 0x77c4dee0dc, 0xb4000077edf107c0)
T2757 exit  socket -> 58 (0x3a)
T2757 enter sendto(0x3a, 0x77c4dedff0, 0x14, 0, 0x77c4dedfe0, 0xc) bytes=20: 0a 00 00 00 0a 00 00 00 00 00 00 00 00 00 00 00 00 00 00 00 addr: bytes=12: 2a 00 00 00 01 00 00 00 fe ff ff ff
T2757 exit  sendto -> 20 (0x14)
T2757 enter recvfrom(0x3a, 0x77c4dee040, 0x14, 0, 0, 0)
T2757 exit  recvfrom -> 20 (0x14) bytes=20: 04 00 00 00 0a 00 00 00 02 00 00 00 00 00 00 00 47 00 00 00
T2757 enter recvfrom(0x3a, 0x77c4dee040, 0x14, 0, 0, 0)
T2757 exit  recvfrom -> 20 (0x14) bytes=20: 04 00 00 00 00 00 00 00 00 00 00 00 00 00 00 00 00 00 00 00
T2757 enter close(0x3a, 0x3a, 0x14, 0, 0x14, 0)
T2757 exit  close -> 0 (0)
T2674 enter socket(0x2a, 0x80002, 0, 0x1, 0, 0)
T2674 exit  socket -> 58 (0x3a)
T2674 enter sendto(0x3a, 0x77d265c8b0, 0x14, 0, 0x77d265c8a0, 0xc) bytes=20: 0a 00 00 00 01 00 00 00 00 00 00 00 00 00 00 00 00 00 00 00 addr: bytes=12: 2a 00 00 00 01 00 00 00 fe ff ff ff
T2674 exit  sendto -> 20 (0x14)
T2674 enter recvfrom(0x3a, 0x77d265c900, 0x14, 0, 0, 0)
T2674 exit  recvfrom -> 20 (0x14) bytes=20: 04 00 00 00 01 00 00 00 01 00 00 00 00 00 00 00 4a 00 00 00
T2674 enter recvfrom(0x3a, 0x77d265c900, 0x14, 0, 0, 0)
T2674 exit  recvfrom -> 20 (0x14) bytes=20: 04 00 00 00 00 00 00 00 00 00 00 00 00 00 00 00 00 00 00 00
T2674 enter close(0x3a, 0x3a, 0x14, 0, 0x14, 0)
T2674 exit  close -> 0 (0)
T2674 enter socket(0x2a, 0x80002, 0, 0x1, 0x77d265c99c, 0xb4000077edf10240)
T2674 exit  socket -> 58 (0x3a)
T2674 enter sendto(0x3a, 0x77d265c8b0, 0x14, 0, 0x77d265c8a0, 0xc) bytes=20: 0a 00 00 00 01 00 00 00 00 00 00 00 00 00 00 00 00 00 00 00 addr: bytes=12: 2a 00 00 00 01 00 00 00 fe ff ff ff
T2674 exit  sendto -> 20 (0x14)
T2674 enter recvfrom(0x3a, 0x77d265c900, 0x14, 0, 0, 0)
T2674 exit  recvfrom -> 20 (0x14) bytes=20: 04 00 00 00 01 00 00 00 01 00 00 00 00 00 00 00 4a 00 00 00
T2674 enter recvfrom(0x3a, 0x77d265c900, 0x14, 0, 0, 0)
T2674 exit  recvfrom -> 20 (0x14) bytes=20: 04 00 00 00 00 00 00 00 00 00 00 00 00 00 00 00 00 00 00 00
T2674 enter close(0x3a, 0x3a, 0x14, 0, 0x14, 0)
T2674 exit  close -> 0 (0)
T2674 enter sendto(0x23, 0xb4000077ede0c1a0, 0xe, 0x40, 0x77d265be98, 0xc) bytes=14: 00 01 00 af 00 07 00 01 04 00 02 00 00 00 addr: bytes=12: 2a 00 00 00 00 00 00 00 4a 00 00 00
T2674 exit  sendto -> 14 (0xe)
T2657 enter socket(0x2a, 0x80002, 0, 0x1, 0, 0)
T2657 exit  socket -> 58 (0x3a)
T2657 enter sendto(0x3a, 0x77e7a24b80, 0x14, 0, 0x77e7a24b70, 0xc) bytes=20: 0a 00 00 00 12 00 00 00 00 00 00 00 00 00 00 00 00 00 00 00 addr: bytes=12: 2a 00 00 00 01 00 00 00 fe ff ff ff
T9284 enter recvfrom(0x23, 0xb4000077c4e52fc0, 0xa51c, 0x40, 0x77c09fab88, 0x77c09fab84)
T9284 exit  recvfrom -> 14 (0xe) bytes=14: 02 01 00 af 00 07 00 02 04 00 00 00 00 00
T2657 exit  sendto -> 20 (0x14)
T2657 enter recvfrom(0x3a, 0x77e7a24bd0, 0x14, 0, 0, 0)
T2657 exit  recvfrom -> 20 (0x14) bytes=20: 04 00 00 00 12 00 00 00 01 00 00 00 00 00 00 00 64 00 00 00
T2657 enter recvfrom(0x3a, 0x77e7a24bd0, 0x14, 0, 0, 0)
T2674 enter sendto(0x23, 0xb4000077edeca600, 0xb, 0x40, 0x77d265be98, 0xc) bytes=11: 00 02 00 03 00 04 00 19 01 00 01 addr: bytes=12: 2a 00 00 00 00 00 00 00 4a 00 00 00
T2657 exit  recvfrom -> 20 (0x14) bytes=20: 04 00 00 00 00 00 00 00 00 00 00 00 00 00 00 00 00 00 00 00
T2674 exit  sendto -> 11 (0xb)
T2657 enter close(0x3a, 0x3a, 0x14, 0, 0x14, 0)
T9284 enter recvfrom(0x23, 0xb4000077c4e52fc0, 0xa51c, 0x40, 0x77c09fab88, 0x77c09fab84)
T9284 exit  recvfrom -> 14 (0xe) bytes=14: 02 02 00 03 00 07 00 02 04 00 00 00 00 00
T2657 exit  close -> 0 (0)
T9267 enter socket(0x2a, 0x80002, 0, 0x1, 0, 0)
T9267 exit  socket -> 58 (0x3a)
T9267 enter sendto(0x3a, 0x77c3bf47f0, 0x14, 0, 0x77c3bf47e0, 0xc) bytes=20: 0a 00 00 00 49 00 00 00 00 00 00 00 00 00 00 00 00 00 00 00 addr: bytes=12: 2a 00 00 00 01 00 00 00 fe ff ff ff
T9267 exit  sendto -> 20 (0x14)
T9267 enter recvfrom(0x3a, 0x77c3bf4840, 0x14, 0, 0, 0)
T9267 exit  recvfrom -> 20 (0x14) bytes=20: 04 00 00 00 49 00 00 00 01 00 00 00 00 00 00 00 5e 00 00 00
T9267 enter recvfrom(0x3a, 0x77c3bf4840, 0x14, 0, 0, 0)
T9267 exit  recvfrom -> 20 (0x14) bytes=20: 04 00 00 00 00 00 00 00 00 00 00 00 00 00 00 00 00 00 00 00
T2674 enter sendto(0x23, 0xb4000077ede3be00, 0x11, 0x40, 0x77d265be98, 0xc) bytes=17: 00 03 00 a7 00 0a 00 10 03 00 01 ff ff 11 01 00 01 addr: bytes=12: 2a 00 00 00 00 00 00 00 4a 00 00 00
T9267 enter close(0x3a, 0x3a, 0x14, 0, 0x14, 0)
T2674 exit  sendto -> 17 (0x11)
T9267 exit  close -> 0 (0)
T9284 enter recvfrom(0x23, 0xb4000077c4e52fc0, 0xa51c, 0x40, 0x77c09fab88, 0x77c09fab84)
T9284 exit  recvfrom -> 14 (0xe) bytes=14: 02 03 00 a7 00 07 00 02 04 00 00 00 00 00
T9267 enter socket(0x2a, 0x80002, 0, 0x1, 0x77c3bf48dc, 0xb40*************)
T9267 exit  socket -> 58 (0x3a)
T9284 enter recvfrom(0x23, 0xb4000077c4e52fc0, 0xa51c, 0x40, 0x77c09fab88, 0x77c09fab84)
T9284 exit  recvfrom -> 13 (0xd) bytes=13: 04 01 00 a8 00 06 00 10 03 00 ff ff 05
T9284 enter write(0x16, 0x77c09faa98, 0x8, 0x5ff, 0, 0) bytes=8: 01 00 00 00 00 00 00 00
T9267 enter sendto(0x3a, 0x77c3bf47f0, 0x14, 0, 0x77c3bf47e0, 0xc) bytes=20: 0a 00 00 00 49 00 00 00 00 00 00 00 00 00 00 00 00 00 00 00 addr: bytes=12: 2a 00 00 00 01 00 00 00 fe ff ff ff
T9284 exit  write -> 8 (0x8)
T9267 exit  sendto -> 20 (0x14)
T9283 enter recvfrom(0x22, 0xb4000077c4e3c980, 0xa51c, 0x40, 0x77c1af7b88, 0x77c1af7b84)
T9267 enter recvfrom(0x3a, 0x77c3bf4840, 0x14, 0, 0, 0)
T9283 exit  recvfrom -> 29 (0x1d) bytes=29: 04 01 00 22 00 16 00 01 02 00 02 00 12 01 00 06 13 02 00 88 88 14 01 00 27 15 01 00 00
T9267 exit  recvfrom -> 20 (0x14) bytes=20: 04 00 00 00 49 00 00 00 01 00 00 00 00 00 00 00 5e 00 00 00
T9267 enter recvfrom(0x3a, 0x77c3bf4840, 0x14, 0, 0, 0)
T4273 enter recvfrom(0x61, 0xb4000077ede79000, 0x800, 0, 0, 0)
T9267 exit  recvfrom -> 20 (0x14) bytes=20: 04 00 00 00 00 00 00 00 00 00 00 00 00 00 00 00 00 00 00 00
T4273 exit  recvfrom -> 712 (0x2c8) bytes=160: c8 02 00 00 01 00 00 00 43 00 00 00 29 08 00 00 08 00 00 10 01 00 00 00 08 00 01 10 00 00 00 00 ac 00 03 10 00 00 00 00 00 00 00 00 0a 00 fe 80 00 00 00 00 00 00 f0 1c 82 ff fe 96 cc bc 14 00 06 00 ff ff ff ff ff ff ff ff f6 6a 01 00 f6 6a 01 00 08 00 08 00 c4 00 00 00 00 00 00 00 00 00 00 00 00 00 00 00 00 00 00 00 00 00 00 00 00 00 00 00 00 00 00 00 00 00 00 00 00 00 00 00 00 00 00 00 00 00 00 00 00 00 00 00 00 00 00 00 00 00 00 00 00 00 00 00 00 00 00 00 00 00 00 00 00 00
T9267 enter close(0x3a, 0x3a, 0x14, 0, 0x14, 0)
T9267 exit  close -> 0 (0)
T4273 enter recvfrom(0x61, 0xb4000077ede79000, 0x800, 0, 0, 0)
T4273 exit  recvfrom -> 248 (0xf8) bytes=160: f8 00 00 00 01 00 00 00 44 00 00 00 29 08 00 00 08 00 00 10 0b 00 00 00 08 00 01 10 00 00 00 00 ac 00 03 10 80 00 00 00 00 00 00 00 0a 00 fe 80 00 00 00 00 00 00 f0 1c 82 ff fe 96 cc bc 14 00 06 00 ff ff ff ff ff ff ff ff f6 6a 01 00 f6 6a 01 00 08 00 08 00 80 00 00 00 00 00 00 00 00 00 00 00 00 00 00 00 00 00 00 00 00 00 00 00 00 00 00 00 00 00 00 00 00 00 00 00 00 00 00 00 00 00 00 00 00 00 00 00 00 00 00 00 00 00 00 00 00 00 00 00 00 00 00 00 00 00 00 00 00 00 00 00 00 00
T2674 enter read(0x16, 0x77d265cab0, 0x8, 0x6, 0x38, 0)
T2674 exit  read -> 8 (0x8) bytes=8: 01 00 00 00 00 00 00 00
T9267 enter sendto(0x2f, 0xb400007895f4dfa0, 0xe, 0x40, 0x77c3bf47d8, 0xc) bytes=14: 00 01 00 29 00 07 00 01 04 00 02 00 00 00 addr: bytes=12: 2a 00 00 00 00 00 00 00 5e 00 00 00
T2674 enter read(0x16, 0x77d265cab0, 0x8, 0x6, 0x38, 0)
T9267 exit  sendto -> 14 (0xe)
T9290 enter recvfrom(0x2f, 0xb4000077edf9d400, 0x1130, 0x40, 0x77bc606b88, 0x77bc606b84)
T9290 exit  recvfrom -> 14 (0xe) bytes=14: 02 01 00 29 00 07 00 02 04 00 00 00 00 00
T2674 exit  read -> -11 (0xfffffffffffffff5)
T2674 enter sendto(0x23, 0xb4000077ede24e00, 0xb, 0x40, 0x77d2658db8, 0xc) bytes=11: 00 04 00 2a 00 04 00 10 01 00 00 addr: bytes=12: 2a 00 00 00 00 00 00 00 4a 00 00 00
T2674 exit  sendto -> 11 (0xb)
T9284 enter recvfrom(0x23, 0xb4000077c4e52fc0, 0xa51c, 0x40, 0x77c09fab88, 0x77c09fab84)
T9284 exit  recvfrom -> 43 (0x2b) bytes=43: 02 04 00 2a 00 24 00 02 04 00 00 00 00 00 01 1a 00 03 00 01 08 70 72 6f 66 69 6c 65 31 00 02 08 70 72 6f 66 69 6c 65 32 00 03 00
T2674 enter sendto(0x23, 0xb4000077ede0c1a0, 0xc, 0x40, 0x77d2658098, 0xc) bytes=12: 00 05 00 2b 00 05 00 01 02 00 00 01 addr: bytes=12: 2a 00 00 00 00 00 00 00 4a 00 00 00
T2674 exit  sendto -> 12 (0xc)
T9284 enter recvfrom(0x23, 0xb4000077c4e52fc0, 0xa51c, 0x40, 0x77c09fab88, 0x77c09fab84)
T9284 exit  recvfrom -> 354 (0x162) bytes=160: 02 05 00 2b 00 5b 01 02 04 00 00 00 00 00 8f 01 00 01 df 01 00 00 de 01 00 00 dd 08 00 00 01 00 00 00 00 00 00 4f 02 00 00 00 4e 01 00 00 4d 01 00 00 4c 01 00 00 4b 07 00 00 00 00 00 00 00 00 4a 00 00 48 01 00 00 47 14 00 00 00 00 00 00 00 00 00 00 00 00 00 00 00 00 00 00 00 00 00 46 04 00 ff 00 00 00 45 28 00 00 00 00 00 00 00 00 00 00 00 00 00 00 00 00 00 00 00 00 00 00 00 00 00 00 00 00 00 00 00 00 00 00 00 00 00 00 00 00 00 44 01 00 01 43 01 00 01 42 04 00 ff 00 00 00 41
T2658 enter socket(0x2a, 0x80002, 0, 0x2, 0, 0)
T2674 enter sendto(0x23, 0xb4000077ede0c1a0, 0xc, 0x40, 0x77d2658098, 0xc) bytes=12: 00 06 00 2b 00 05 00 01 02 00 00 02 addr: bytes=12: 2a 00 00 00 00 00 00 00 4a 00 00 00
T2658 exit  socket -> 58 (0x3a)
T2674 exit  sendto -> 12 (0xc)
T9284 enter recvfrom(0x23, 0xb4000077c4e52fc0, 0xa51c, 0x40, 0x77c09fab88, 0x77c09fab84)
T2658 enter sendto(0x3a, 0x77e7927b80, 0x14, 0, 0x77e7927b70, 0xc) bytes=20: 0a 00 00 00 09 00 00 00 00 00 00 00 00 00 00 00 00 00 00 00 addr: bytes=12: 2a 00 00 00 01 00 00 00 fe ff ff ff
T9284 exit  recvfrom -> 357 (0x165) bytes=160: 02 06 00 2b 00 5e 01 02 04 00 00 00 00 00 8f 01 00 01 df 01 00 00 de 01 00 00 dd 08 00 02 00 00 00 00 00 00 00 4f 02 00 00 00 4e 01 00 00 4d 01 00 00 4c 01 00 00 4b 07 00 00 00 00 00 00 00 00 4a 00 00 48 01 00 00 47 14 00 00 00 00 00 00 00 00 00 00 00 00 00 00 00 00 00 00 00 00 00 46 04 00 ff 00 00 00 45 28 00 00 00 00 00 00 00 00 00 00 00 00 00 00 00 00 00 00 00 00 00 00 00 00 00 00 00 00 00 00 00 00 00 00 00 00 00 00 00 00 00 44 01 00 01 43 01 00 01 42 04 00 ff 00 00 00 41
T2658 exit  sendto -> 20 (0x14)
T2658 enter recvfrom(0x3a, 0x77e7927bd0, 0x14, 0, 0, 0)
T2658 exit  recvfrom -> 20 (0x14) bytes=20: 04 00 00 00 09 00 00 00 02 00 00 00 00 00 00 00 45 00 00 00
T2658 enter recvfrom(0x3a, 0x77e7927bd0, 0x14, 0, 0, 0)
T2658 exit  recvfrom -> 20 (0x14) bytes=20: 04 00 00 00 00 00 00 00 00 00 00 00 00 00 00 00 00 00 00 00
T2658 enter close(0x3a, 0x3a, 0x14, 0, 0x14, 0)
T2658 exit  close -> 0 (0)
T2674 enter sendto(0x23, 0xb4000077ede0c1a0, 0xc, 0x40, 0x77d2658098, 0xc) bytes=12: 00 07 00 2b 00 05 00 01 02 00 00 03 addr: bytes=12: 2a 00 00 00 00 00 00 00 4a 00 00 00
T2674 exit  sendto -> 12 (0xc)
T2658 enter socket(0x2a, 0x80002, 0, 0x2, 0x77e7927c6c, 0xb400007896090d20)
T2658 exit  socket -> 58 (0x3a)
T9284 enter recvfrom(0x23, 0xb4000077c4e52fc0, 0xa51c, 0x40, 0x77c09fab88, 0x77c09fab84)
T9284 exit  recvfrom -> 330 (0x14a) bytes=160: 02 07 00 2b 00 43 01 02 04 00 00 00 00 00 8f 01 00 01 df 01 00 00 de 01 00 00 dd 08 00 00 02 00 00 00 00 00 00 4f 02 00 00 00 4e 01 00 00 4d 01 00 00 4c 01 00 00 4b 07 00 00 00 00 00 00 00 00 4a 00 00 48 01 00 00 47 14 00 00 00 00 00 00 00 00 00 00 00 00 00 00 00 00 00 00 00 00 00 46 04 00 ff 00 00 00 45 28 00 00 00 00 00 00 00 00 00 00 00 00 00 00 00 00 00 00 00 00 00 00 00 00 00 00 00 00 00 00 00 00 00 00 00 00 00 00 00 00 00 44 01 00 01 43 01 00 01 42 04 00 ff 00 00 00 41
T2658 enter sendto(0x3a, 0x77e7927b80, 0x14, 0, 0x77e7927b70, 0xc) bytes=20: 0a 00 00 00 09 00 00 00 00 00 00 00 00 00 00 00 00 00 00 00 addr: bytes=12: 2a 00 00 00 01 00 00 00 fe ff ff ff
T2658 exit  sendto -> 20 (0x14)
T2658 enter recvfrom(0x3a, 0x77e7927bd0, 0x14, 0, 0, 0)
T2658 exit  recvfrom -> 20 (0x14) bytes=20: 04 00 00 00 09 00 00 00 02 00 00 00 00 00 00 00 45 00 00 00
T2658 enter recvfrom(0x3a, 0x77e7927bd0, 0x14, 0, 0, 0)
T2658 exit  recvfrom -> 20 (0x14) bytes=20: 04 00 00 00 00 00 00 00 00 00 00 00 00 00 00 00 00 00 00 00
T2658 enter close(0x3a, 0x3a, 0x14, 0, 0x14, 0)
T2658 exit  close -> 0 (0)
T2674 enter sendto(0x23, 0xb4000077ede24e00, 0xb, 0x40, 0x77d2658db8, 0xc) bytes=11: 00 08 00 2a 00 04 00 10 01 00 01 addr: bytes=12: 2a 00 00 00 00 00 00 00 4a 00 00 00
T2674 exit  sendto -> 11 (0xb)
T4267 enter recvfrom(0x68, 0xb400007c96e52800, 0x800, 0, 0, 0)
T4267 exit  recvfrom -> 712 (0x2c8) bytes=160: c8 02 00 00 01 00 00 00 43 00 00 00 29 08 00 00 08 00 00 10 01 00 00 00 08 00 01 10 00 00 00 00 ac 00 03 10 00 00 00 00 00 00 00 00 0a 00 fe 80 00 00 00 00 00 00 f0 1c 82 ff fe 96 cc bc 14 00 06 00 ff ff ff ff ff ff ff ff f6 6a 01 00 f6 6a 01 00 08 00 08 00 c4 00 00 00 00 00 00 00 00 00 00 00 00 00 00 00 00 00 00 00 00 00 00 00 00 00 00 00 00 00 00 00 00 00 00 00 00 00 00 00 00 00 00 00 00 00 00 00 00 00 00 00 00 00 00 00 00 00 00 00 00 00 00 00 00 00 00 00 00 00 00 00 00 00
T2591 enter recvfrom(0x11, 0x7c82d2db70, 0x14, 0x40, 0, 0)
T4267 enter recvfrom(0x68, 0xb400007c96e52800, 0x800, 0, 0, 0)
T4267 exit  recvfrom -> 248 (0xf8) bytes=160: f8 00 00 00 01 00 00 00 44 00 00 00 29 08 00 00 08 00 00 10 0b 00 00 00 08 00 01 10 00 00 00 00 ac 00 03 10 80 00 00 00 00 00 00 00 0a 00 fe 80 00 00 00 00 00 00 f0 1c 82 ff fe 96 cc bc 14 00 06 00 ff ff ff ff ff ff ff ff f6 6a 01 00 f6 6a 01 00 08 00 08 00 80 00 00 00 00 00 00 00 00 00 00 00 00 00 00 00 00 00 00 00 00 00 00 00 00 00 00 00 00 00 00 00 00 00 00 00 00 00 00 00 00 00 00 00 00 00 00 00 00 00 00 00 00 00 00 00 00 00 00 00 00 00 00 00 00 00 00 00 00 00 00 00 00 00
T2591 exit  recvfrom -> 20 (0x14) bytes=20: 04 00 00 00 17 00 00 00 01 00 00 00 00 00 00 00 20 00 00 00
T2591 enter recvfrom(0x11, 0x7c82d2db70, 0x14, 0x40, 0, 0)
T2591 exit  recvfrom -> 20 (0x14) bytes=20: 04 00 00 00 24 00 00 00 01 00 00 00 00 00 00 00 21 00 00 00
T9284 enter recvfrom(0x23, 0xb4000077c4e52fc0, 0xa51c, 0x40, 0x77c09fab88, 0x77c09fab84)
T9284 exit  recvfrom -> 21 (0x15) bytes=21: 02 08 00 2a 00 0e 00 02 04 00 00 00 00 00 01 04 00 01 01 00 00
T2759 enter socket(0x2a, 0x80002, 0, 0x1, 0x77c4cf10dc, 0xb4000077edf108e0)
T2759 exit  socket -> 58 (0x3a)
T2759 enter sendto(0x3a, 0x77c4cf0ff0, 0x14, 0, 0x77c4cf0fe0, 0xc) bytes=20: 0a 00 00 00 0b 00 00 00 00 00 00 00 00 00 00 00 00 00 00 00 addr: bytes=12: 2a 00 00 00 01 00 00 00 fe ff ff ff
T2759 exit  sendto -> 20 (0x14)
T2759 enter recvfrom(0x3a, 0x77c4cf1040, 0x14, 0, 0, 0)
T2674 enter sendto(0x23, 0xb4000077ede0c1a0, 0xc, 0x40, 0x77d2658098, 0xc) bytes=12: 00 09 00 2b 00 05 00 01 02 00 01 00 addr: bytes=12: 2a 00 00 00 00 00 00 00 4a 00 00 00
T2759 exit  recvfrom -> 20 (0x14) bytes=20: 04 00 00 00 0b 00 00 00 01 00 00 00 00 00 00 00 49 00 00 00
T2674 exit  sendto -> 12 (0xc)
T2759 enter recvfrom(0x3a, 0x77c4cf1040, 0x14, 0, 0, 0)
T2759 exit  recvfrom -> 20 (0x14) bytes=20: 04 00 00 00 00 00 00 00 00 00 00 00 00 00 00 00 00 00 00 00
T2759 enter close(0x3a, 0x3a, 0x14, 0, 0x14, 0)
T9284 enter recvfrom(0x23, 0xb4000077c4e52fc0, 0xa51c, 0x40, 0x77c09fab88, 0x77c09fab84)
T9284 exit  recvfrom -> 277 (0x115) bytes=160: 02 09 00 2b 00 0e 01 02 04 00 00 00 00 00 8f 01 00 01 df 01 00 00 de 01 00 00 dd 08 00 00 01 00 00 00 00 00 00 c4 01 00 00 c3 01 00 00 c2 04 00 ff ff ff ff c1 18 00 00 00 00 00 00 00 00 00 00 00 00 00 00 00 00 00 00 00 00 00 00 00 00 00 c0 18 00 00 00 00 00 00 00 00 00 00 00 00 00 00 00 00 00 00 00 00 00 00 00 00 00 bf 03 00 ff ff 00 be 02 00 ff ff bd 02 00 00 00 b0 00 00 af 00 00 ae 00 00 ad 01 00 00 ab 01 00 00 aa 04 00 00 00 00 00 a9 01 00 01 a8 01 00 03 a7 10 00 00 00 00
T2759 exit  close -> 0 (0)
T2655 enter socket(0x2a, 0x80002, 0, 0x7895f96570, 0x7895f96580, 0xb556)
T2649 enter socket(0x2a, 0x80002, 0, 0x1, 0x77e820ccbc, 0x77e820ce00)
T2655 exit  socket -> 58 (0x3a)
T2649 exit  socket -> 59 (0x3b)
T2649 enter sendto(0x3b, 0x77e820cbd0, 0x14, 0, 0x77e820cbc0, 0xc) bytes=20: 0a 00 00 00 2a 00 00 00 00 00 00 00 00 00 00 00 00 00 00 00 addr: bytes=12: 2a 00 00 00 01 00 00 00 fe ff ff ff
T2649 exit  sendto -> 20 (0x14)
T2649 enter recvfrom(0x3b, 0x77e820cc20, 0x14, 0, 0, 0)
attached new tid=9300
T2655 enter write(0x3d, 0x787e6ad6c3, 0x1, 0, 0, 0) bytes=1: 61
T2649 exit  recvfrom -> 20 (0x14) bytes=20: 04 00 00 00 2a 00 00 00 01 00 00 00 00 00 00 00 58 00 00 00
T2655 exit  write -> 1 (0x1)
T9300 enter read(0x3c, 0x77c3bf4b94, 0x1, 0, 0, 0x1)
T9300 exit  read -> 1 (0x1) bytes=1: 61
T2649 enter recvfrom(0x3b, 0x77e820cc20, 0x14, 0, 0, 0)
T2649 exit  recvfrom -> 20 (0x14) bytes=20: 04 00 00 00 00 00 00 00 00 00 00 00 00 00 00 00 00 00 00 00
T2649 enter close(0x3b, 0x3b, 0x14, 0, 0x14, 0)
T2649 exit  close -> 0 (0)
T2679 enter socket(0x2a, 0x80002, 0, 0x77ede08070, 0x77ede08080, 0x200c)
T2679 exit  socket -> 59 (0x3b)
T2650 enter socket(0x2a, 0x80002, 0, 0x1, 0x77e810fcbc, 0x77e810fe00)
T2650 exit  socket -> 64 (0x40)
attached new tid=9301
T2650 enter sendto(0x40, 0x77e810fbd0, 0x14, 0, 0x77e810fbc0, 0xc) bytes=20: 0a 00 00 00 07 00 00 00 00 00 00 00 00 00 00 00 00 00 00 00 addr: bytes=12: 2a 00 00 00 01 00 00 00 fe ff ff ff
T2679 enter write(0x3f, 0x787e6ad6c3, 0x1, 0, 0, 0) bytes=1: 61
T2650 exit  sendto -> 20 (0x14)
T2679 exit  write -> 1 (0x1)
T2650 enter recvfrom(0x40, 0x77e810fc20, 0x14, 0, 0, 0)
T2650 exit  recvfrom -> 20 (0x14) bytes=20: 04 00 00 00 07 00 00 00 01 00 00 00 00 00 00 00 61 00 00 00
T2650 enter recvfrom(0x40, 0x77e810fc20, 0x14, 0, 0, 0)
T2650 exit  recvfrom -> 20 (0x14) bytes=20: 04 00 00 00 00 00 00 00 00 00 00 00 00 00 00 00 00 00 00 00
T2650 enter close(0x40, 0x40, 0x14, 0, 0x14, 0)
T2649 enter socket(0x2a, 0x80002, 0, 0x7895f98e10, 0x7895f98e20, 0x1d06)
T2650 exit  close -> 0 (0)
T2649 exit  socket -> 64 (0x40)
T2650 enter socket(0x2a, 0x80002, 0, 0x77ede07670, 0x77ede07680, 0x200c)
T2651 enter socket(0x2a, 0x80002, 0, 0x1, 0x77e8012fdc, 0x77e8013260)
T2650 exit  socket -> 65 (0x41)
T2651 exit  socket -> 66 (0x42)
T2651 enter sendto(0x42, 0x77e8012ef0, 0x14, 0, 0x77e8012ee0, 0xc) bytes=20: 0a 00 00 00 44 00 00 00 00 00 00 00 00 00 00 00 00 00 00 00 addr: bytes=12: 2a 00 00 00 01 00 00 00 fe ff ff ff
T9301 enter read(0x3e, 0x77b930fb94, 0x1, 0, 0, 0x4)
T9301 exit  read -> 1 (0x1) bytes=1: 61
T2651 exit  sendto -> 20 (0x14)
T2651 enter recvfrom(0x42, 0x77e8012f40, 0x14, 0, 0, 0)
T2651 exit  recvfrom -> 20 (0x14) bytes=20: 04 00 00 00 44 00 00 00 01 00 00 00 00 00 00 00 5d 00 00 00
T2651 enter recvfrom(0x42, 0x77e8012f40, 0x14, 0, 0, 0)
T2651 exit  recvfrom -> 20 (0x14) bytes=20: 04 00 00 00 00 00 00 00 00 00 00 00 00 00 00 00 00 00 00 00
T2651 enter close(0x42, 0x42, 0x14, 0, 0x14, 0)
T2651 exit  close -> 0 (0)
attached new tid=9302
T2650 enter write(0x47, 0x787e6ad6c3, 0x1, 0x8, 0x77b9115d00, 0x787edfdd2c) bytes=1: 61
T2650 exit  write -> 1 (0x1)
T2648 enter socket(0x2a, 0x80002, 0, 0x1, 0x77e9309cbc, 0x77e9309e00)
T2648 exit  socket -> 73 (0x49)
attached new tid=9303
T2648 enter sendto(0x49, 0x77e9309bd0, 0x14, 0, 0x77e9309bc0, 0xc) bytes=20: 0a 00 00 00 01 00 00 00 00 00 00 00 00 00 00 00 00 00 00 00 addr: bytes=12: 2a 00 00 00 01 00 00 00 fe ff ff ff
T9302 enter read(0x43, 0x77b9115b94, 0x1, 0, 0, 0x4)
T9302 exit  read -> 1 (0x1) bytes=1: 61
T2648 exit  sendto -> 20 (0x14)
T2649 enter write(0x48, 0x787e6ad6c3, 0x1, 0, 0, 0) bytes=1: 61
T2649 exit  write -> 1 (0x1)
T2648 enter recvfrom(0x49, 0x77e9309c20, 0x14, 0, 0, 0)
T2648 exit  recvfrom -> 20 (0x14) bytes=20: 04 00 00 00 01 00 00 00 01 00 00 00 00 00 00 00 4a 00 00 00
T2648 enter recvfrom(0x49, 0x77e9309c20, 0x14, 0, 0, 0)
T2648 exit  recvfrom -> 20 (0x14) bytes=20: 04 00 00 00 00 00 00 00 00 00 00 00 00 00 00 00 00 00 00 00
T2648 enter close(0x49, 0x49, 0x14, 0, 0x14, 0)
T2648 exit  close -> 0 (0)
T2657 enter socket(0x2a, 0x80002, 0, 0x1, 0x77e7a24c6c, 0xb40*************)
T2657 exit  socket -> 73 (0x49)
T9303 enter read(0x42, 0x77b9018b94, 0x1, 0, 0, 0x4)
T9303 exit  read -> 1 (0x1) bytes=1: 61
T2657 enter sendto(0x49, 0x77e7a24b80, 0x14, 0, 0x77e7a24b70, 0xc) bytes=20: 0a 00 00 00 12 00 00 00 00 00 00 00 00 00 00 00 00 00 00 00 addr: bytes=12: 2a 00 00 00 01 00 00 00 fe ff ff ff
T2657 exit  sendto -> 20 (0x14)
T2657 enter recvfrom(0x49, 0x77e7a24bd0, 0x14, 0, 0, 0)
T2657 exit  recvfrom -> 20 (0x14) bytes=20: 04 00 00 00 12 00 00 00 01 00 00 00 00 00 00 00 64 00 00 00
T2657 enter recvfrom(0x49, 0x77e7a24bd0, 0x14, 0, 0, 0)
T2667 enter sendto(0x29, 0xb4000077c4e7e100, 0xb, 0x40, 0x77da0409e8, 0xc) bytes=11: 00 01 00 2f 00 04 00 10 01 00 01 addr: bytes=12: 2a 00 00 00 00 00 00 00 49 00 00 00
T2667 exit  sendto -> 11 (0xb)
T9286 enter recvfrom(0x29, 0xb4000077edf11dc0, 0x66b8, 0x40, 0x77bf800b88, 0x77bf800b84)
T9286 exit  recvfrom -> 80 (0x50) bytes=80: 02 01 00 2f 00 49 00 02 04 00 00 00 00 00 18 03 00 02 00 00 17 07 00 02 00 00 00 00 00 00 16 09 00 02 00 00 00 00 00 00 00 00 15 03 00 02 00 00 14 03 00 02 02 02 13 17 00 02 ff ff ff ff 02 ff ff ff ff 02 03 00 00 00 00 00 03 00 00 00 00 00
T2662 enter sendto(0x28, 0xb4000077ede3f298, 0x7, 0x40, 0x77da532fc8, 0xc) bytes=7: 00 01 00 2e 00 00 00 addr: bytes=12: 2a 00 00 00 00 00 00 00 47 00 00 00
T2671 enter socket(0x1, 0x80001, 0, 0, 0, 0x80**************)
T2662 exit  sendto -> 7 (0x7)
T2671 exit  socket -> 74 (0x4a)
T9287 enter recvfrom(0x28, 0xb4000077c4e92900, 0x10008, 0x40, 0x77bf8fdb88, 0x77bf8fdb84)
T2671 enter connect(0x4a, 0x77d9c4d9a0, 0x1f, 0x438897bba, 0xffffffffffffff, 0x220ec)
T9287 exit  recvfrom -> 18 (0x12) bytes=18: 02 01 00 2e 00 0b 00 02 04 00 00 00 00 00 10 01 00 02
T2671 exit  connect -> 0 (0)
T2671 enter writev(0x4a, 0x77d9c4da78, 0x4, 0, 0, 0x80**************)
T2671 exit  writev -> 24 (0x18)
T2671 enter recvfrom(0x4a, 0x77d9c4da60, 0x4, 0x100, 0, 0)
T2671 exit  recvfrom -> 4 (0x4) bytes=4: 00 00 00 00
T2671 enter close(0x4a, 0x4a, 0x4, 0x100, 0, 0)
T2671 exit  close -> 0 (0)
T2661 enter sendto(0x29, 0xb4000077ede0c240, 0xb, 0x40, 0x77da62ee98, 0xc) bytes=11: 00 02 00 76 00 04 00 01 01 00 00 addr: bytes=12: 2a 00 00 00 00 00 00 00 49 00 00 00
T2657 exit  recvfrom -> 20 (0x14) bytes=20: 04 00 00 00 00 00 00 00 00 00 00 00 00 00 00 00 00 00 00 00
T2661 exit  sendto -> 11 (0xb)
T9286 enter recvfrom(0x29, 0xb4000077edf11dc0, 0x66b8, 0x40, 0x77bf800b88, 0x77bf800b84)
T9286 exit  recvfrom -> 14 (0xe) bytes=14: 02 02 00 76 00 07 00 02 04 00 00 00 00 00
T2657 enter close(0x49, 0x49, 0x14, 0, 0x14, 0)
T2657 exit  close -> 0 (0)
T2658 enter sendto(0x34, 0xb4000077ede0c160, 0xb, 0x40, 0x77e7927b98, 0xc) bytes=11: 00 01 00 44 00 04 00 01 01 00 01 addr: bytes=12: 2a 00 00 00 00 00 00 00 45 00 00 00
T9291 enter recvfrom(0x34, 0xb4000077c4e5fb80, 0xa034, 0x40, 0x77bb509b88, 0x77bb509b84)
T9291 exit  recvfrom -> 14 (0xe) bytes=14: 02 01 00 44 00 07 00 02 04 00 00 00 00 00
T2658 exit  sendto -> 11 (0xb)
T2656 enter socket(0x2a, 0x80002, 0, 0x1, 0, 0)
T2656 exit  socket -> 73 (0x49)
T2662 enter sendto(0x28, 0xb4000077ede0b960, 0x19, 0x40, 0x77da532fa8, 0xc) bytes=25: 00 02 00 01 00 12 00 10 04 00 ff ff 7f 41 11 04 00 00 00 80 00 12 01 00 02 addr: bytes=12: 2a 00 00 00 00 00 00 00 47 00 00 00
T2662 exit  sendto -> 25 (0x19)
T9287 enter recvfrom(0x28, 0xb4000077c4e92900, 0x10008, 0x40, 0x77bf8fdb88, 0x77bf8fdb84)
T9287 exit  recvfrom -> 14 (0xe) bytes=14: 02 02 00 01 00 07 00 02 04 00 00 00 00 00
T2657 enter sendto(0x2a, 0xb4000077c4e7e050, 0xe, 0x40, 0x77e7a24b88, 0xc) bytes=14: 00 01 00 98 00 07 00 01 04 00 01 00 00 00 addr: bytes=12: 2a 00 00 00 00 00 00 00 64 00 00 00
T2657 exit  sendto -> 14 (0xe)
T9289 enter recvfrom(0x2a, 0xb4000077ede8a000, 0x2014, 0x40, 0x77bd703b88, 0x77bd703b84)
T9289 exit  recvfrom -> 14 (0xe) bytes=14: 02 01 00 98 00 07 00 02 04 00 00 00 00 00
T2656 enter sendto(0x49, 0x77e7b21b80, 0x14, 0, 0x77e7b21b70, 0xc) bytes=20: 0a 00 00 00 21 00 00 00 00 00 00 00 00 00 00 00 00 00 00 00 addr: bytes=12: 2a 00 00 00 01 00 00 00 fe ff ff ff
T2656 exit  sendto -> 20 (0x14)
T2656 enter recvfrom(0x49, 0x77e7b21bd0, 0x14, 0, 0, 0)
T2656 exit  recvfrom -> 20 (0x14) bytes=20: 04 00 00 00 21 00 00 00 01 00 00 00 00 00 00 00 62 00 00 00
T2656 enter recvfrom(0x49, 0x77e7b21bd0, 0x14, 0, 0, 0)
T2656 exit  recvfrom -> 20 (0x14) bytes=20: 04 00 00 00 00 00 00 00 00 00 00 00 00 00 00 00 00 00 00 00
T2656 enter close(0x49, 0x49, 0x14, 0, 0x14, 0)
T2656 exit  close -> 0 (0)
T2656 enter socket(0x2a, 0x80002, 0, 0x1, 0x77e7b21c6c, 0xb4000077ede0b180)
T2656 exit  socket -> 73 (0x49)
T2656 enter sendto(0x49, 0x77e7b21b80, 0x14, 0, 0x77e7b21b70, 0xc) bytes=20: 0a 00 00 00 21 00 00 00 00 00 00 00 00 00 00 00 00 00 00 00 addr: bytes=12: 2a 00 00 00 01 00 00 00 fe ff ff ff
T2656 exit  sendto -> 20 (0x14)
T2656 enter recvfrom(0x49, 0x77e7b21bd0, 0x14, 0, 0, 0)
T2656 exit  recvfrom -> 20 (0x14) bytes=20: 04 00 00 00 21 00 00 00 01 00 00 00 00 00 00 00 62 00 00 00
T2656 enter recvfrom(0x49, 0x77e7b21bd0, 0x14, 0, 0, 0)
T2656 exit  recvfrom -> 20 (0x14) bytes=20: 04 00 00 00 00 00 00 00 00 00 00 00 00 00 00 00 00 00 00 00
T2656 enter close(0x49, 0x49, 0x14, 0, 0x14, 0)
T2656 exit  close -> 0 (0)
T2661 enter sendto(0x29, 0xb4000077ede0c2e0, 0xe, 0x40, 0x77da62ede8, 0xc) bytes=14: 00 03 00 2e 00 07 00 01 04 00 97 08 00 00 addr: bytes=12: 2a 00 00 00 00 00 00 00 49 00 00 00
T2661 exit  sendto -> 14 (0xe)
T9286 enter recvfrom(0x29, 0xb4000077edf11dc0, 0x66b8, 0x40, 0x77bf800b88, 0x77bf800b84)
T9286 exit  recvfrom -> 21 (0x15) bytes=21: 02 03 00 2e 00 0e 00 02 04 00 00 00 00 00 10 04 00 97 08 00 00
T2671 enter ioctl(0xf, 0xc0306201, 0x77d9c4e7f8, 0, 0, 0x1) ioctl_req=0xc0306201
T2654 enter socket(0x2a, 0x80002, 0, 0x1, 0x77e7d1bcbc, 0x77e7d1be00)
T2671 exit  ioctl -> 0 (0)
T2654 exit  socket -> 73 (0x49)
T2654 enter sendto(0x49, 0x77e7d1bbd0, 0x14, 0, 0x77e7d1bbc0, 0xc) bytes=20: 0a 00 00 00 0c 00 00 00 00 00 00 00 00 00 00 00 00 00 00 00 addr: bytes=12: 2a 00 00 00 01 00 00 00 fe ff ff ff
T2654 exit  sendto -> 20 (0x14)
T2654 enter recvfrom(0x49, 0x77e7d1bc20, 0x14, 0, 0, 0)
T2654 exit  recvfrom -> 20 (0x14) bytes=20: 04 00 00 00 0c 00 00 00 01 00 00 00 00 00 00 00 41 00 00 00
T2654 enter recvfrom(0x49, 0x77e7d1bc20, 0x14, 0, 0, 0)
T2654 exit  recvfrom -> 20 (0x14) bytes=20: 04 00 00 00 00 00 00 00 00 00 00 00 00 00 00 00 00 00 00 00
T2654 enter close(0x49, 0x49, 0x14, 0, 0x14, 0)
T2654 exit  close -> 0 (0)
T2655 enter socket(0x2a, 0x80002, 0, 0x1, 0, 0)
T2655 exit  socket -> 73 (0x49)
T2655 enter sendto(0x49, 0x77e7c1eb80, 0x14, 0, 0x77e7c1eb70, 0xc) bytes=20: 0a 00 00 00 05 00 00 00 00 00 00 00 00 00 00 00 00 00 00 00 addr: bytes=12: 2a 00 00 00 01 00 00 00 fe ff ff ff
T2656 enter sendto(0x35, 0xb4000077ede0c2a0, 0xe, 0x40, 0x77e7b21b98, 0xc) bytes=14: 00 01 00 33 00 07 00 10 04 00 01 00 00 00 addr: bytes=12: 2a 00 00 00 00 00 00 00 62 00 00 00
T2655 exit  sendto -> 20 (0x14)
T2656 exit  sendto -> 14 (0xe)
T2655 enter recvfrom(0x49, 0x77e7c1ebd0, 0x14, 0, 0, 0)
T9292 enter recvfrom(0x35, 0xb4000077edf76000, 0x2014, 0x40, 0x77bb40cb88, 0x77bb40cb84)
T2655 exit  recvfrom -> 20 (0x14) bytes=20: 04 00 00 00 05 00 00 00 01 00 00 00 00 00 00 00 5a 00 00 00
T9292 exit  recvfrom -> 14 (0xe) bytes=14: 02 01 00 33 00 07 00 02 04 00 00 00 00 00
T2655 enter recvfrom(0x49, 0x77e7c1ebd0, 0x14, 0, 0, 0)
T2655 exit  recvfrom -> 20 (0x14) bytes=20: 04 00 00 00 00 00 00 00 00 00 00 00 00 00 00 00 00 00 00 00
T2655 enter close(0x49, 0x49, 0x14, 0, 0x14, 0)
T2655 exit  close -> 0 (0)
T2671 enter ioctl(0xf, 0xc0306201, 0x77d9c4e7f8, 0, 0, 0x1) ioctl_req=0xc0306201
T2671 exit  ioctl -> 0 (0)
T2655 enter socket(0x2a, 0x80002, 0, 0x1, 0x77e7c1ec6c, 0xb4000078960900e0)
T2655 exit  socket -> 73 (0x49)
T2655 enter sendto(0x49, 0x77e7c1eb80, 0x14, 0, 0x77e7c1eb70, 0xc) bytes=20: 0a 00 00 00 05 00 00 00 00 00 00 00 00 00 00 00 00 00 00 00 addr: bytes=12: 2a 00 00 00 01 00 00 00 fe ff ff ff
T2655 exit  sendto -> 20 (0x14)
T2655 enter recvfrom(0x49, 0x77e7c1ebd0, 0x14, 0, 0, 0)
T2655 exit  recvfrom -> 20 (0x14) bytes=20: 04 00 00 00 05 00 00 00 01 00 00 00 00 00 00 00 5a 00 00 00
T2655 enter recvfrom(0x49, 0x77e7c1ebd0, 0x14, 0, 0, 0)
T2661 enter sendto(0x29, 0xb4000077ede3f048, 0x7, 0x40, 0x77da62edc8, 0xc) bytes=7: 00 04 00 47 00 00 00 addr: bytes=12: 2a 00 00 00 00 00 00 00 49 00 00 00
T2655 exit  recvfrom -> 20 (0x14) bytes=20: 04 00 00 00 00 00 00 00 00 00 00 00 00 00 00 00 00 00 00 00
T2661 exit  sendto -> 7 (0x7)
T2655 enter close(0x49, 0x49, 0x14, 0, 0x14, 0)
T2655 exit  close -> 0 (0)
T9286 enter recvfrom(0x29, 0xb4000077edf11dc0, 0x66b8, 0x40, 0x77bf800b88, 0x77bf800b84)
T9286 exit  recvfrom -> 111 (0x6f) bytes=111: 02 04 00 47 00 68 00 02 04 00 00 00 00 00 13 05 00 02 01 00 02 00 12 03 00 02 00 00 11 24 00 02 02 00 00 00 00 15 3b 9e 97 80 1f c6 80 31 e0 73 fe 21 1b 66 d0 02 5e ab 15 00 e2 00 00 00 00 00 00 00 00 10 29 00 02 02 00 00 00 01 00 00 00 01 0a 98 93 88 80 64 50 06 39 87 f6 01 00 00 00 01 00 00 00 02 0a 00 00 00 00 00 00 00 00 00 00
T2671 enter ioctl(0xf, 0xc0306201, 0x77d9c4e7f8, 0, 0, 0x1) ioctl_req=0xc0306201
T2671 exit  ioctl -> 0 (0)
T2661 enter sendto(0x29, 0xb4000077ede0c240, 0xb, 0x40, 0x77da62edb8, 0xc) bytes=11: 00 05 00 2f 00 04 00 10 01 00 01 addr: bytes=12: 2a 00 00 00 00 00 00 00 49 00 00 00
T2661 exit  sendto -> 11 (0xb)
T9286 enter recvfrom(0x29, 0xb4000077edf11dc0, 0x66b8, 0x40, 0x77bf800b88, 0x77bf800b84)
T9286 exit  recvfrom -> 80 (0x50) bytes=80: 02 05 00 2f 00 49 00 02 04 00 00 00 00 00 18 03 00 02 00 00 17 07 00 02 00 00 00 00 00 00 16 09 00 02 00 00 00 00 00 00 00 00 15 03 00 02 00 00 14 03 00 02 02 02 13 17 00 02 ff ff ff ff 02 ff ff ff ff 02 03 00 00 00 00 00 03 00 00 00 00 00
T2655 enter sendto(0x3a, 0xb400007895f4df30, 0xb, 0x40, 0x77e7c1eb98, 0xc) bytes=11: 00 01 00 4c 00 04 00 01 01 00 01 addr: bytes=12: 2a 00 00 00 00 00 00 00 5a 00 00 00
T2655 exit  sendto -> 11 (0xb)
T9300 enter recvfrom(0x3a, 0xb4000077c4eb1bc0, 0xb560, 0x40, 0x77c3bf4b88, 0x77c3bf4b84)
T9300 exit  recvfrom -> 14 (0xe) bytes=14: 02 01 00 4c 00 07 00 02 04 00 00 00 00 00
T2661 enter sendto(0x29, 0xb4000077ede0c240, 0xe, 0x40, 0x77da62db38, 0xc) bytes=14: 00 06 00 3a 00 07 00 10 04 00 02 00 00 00 addr: bytes=12: 2a 00 00 00 00 00 00 00 49 00 00 00
T2661 exit  sendto -> 14 (0xe)
T2650 enter socket(0x2a, 0x80002, 0, 0x1, 0, 0)
T2650 exit  socket -> 73 (0x49)
T2650 enter sendto(0x49, 0x77e810fb80, 0x14, 0, 0x77e810fb70, 0xc) bytes=20: 0a 00 00 00 07 00 00 00 00 00 00 00 00 00 00 00 00 00 00 00 addr: bytes=12: 2a 00 00 00 01 00 00 00 fe ff ff ff
T2650 exit  sendto -> 20 (0x14)
T2650 enter recvfrom(0x49, 0x77e810fbd0, 0x14, 0, 0, 0)
T2650 exit  recvfrom -> 20 (0x14) bytes=20: 04 00 00 00 07 00 00 00 01 00 00 00 00 00 00 00 61 00 00 00
T2650 enter recvfrom(0x49, 0x77e810fbd0, 0x14, 0, 0, 0)
T2650 exit  recvfrom -> 20 (0x14) bytes=20: 04 00 00 00 00 00 00 00 00 00 00 00 00 00 00 00 00 00 00 00
T2650 enter close(0x49, 0x49, 0x14, 0, 0x14, 0)
T2650 exit  close -> 0 (0)
T2649 enter socket(0x2a, 0x80002, 0, 0x1, 0, 0)
T2649 exit  socket -> 73 (0x49)
T9286 enter recvfrom(0x29, 0xb4000077edf11dc0, 0x66b8, 0x40, 0x77bf800b88, 0x77bf800b84)
T2649 enter sendto(0x49, 0x77e820cb80, 0x14, 0, 0x77e820cb70, 0xc) bytes=20: 0a 00 00 00 2a 00 00 00 00 00 00 00 00 00 00 00 00 00 00 00 addr: bytes=12: 2a 00 00 00 01 00 00 00 fe ff ff ff
T9286 exit  recvfrom -> 18 (0x12) bytes=18: 02 06 00 3a 00 0b 00 02 04 00 00 00 00 00 11 01 00 00
T2649 exit  sendto -> 20 (0x14)
T2649 enter recvfrom(0x49, 0x77e820cbd0, 0x14, 0, 0, 0)
T2649 exit  recvfrom -> 20 (0x14) bytes=20: 04 00 00 00 2a 00 00 00 01 00 00 00 00 00 00 00 58 00 00 00
T2649 enter recvfrom(0x49, 0x77e820cbd0, 0x14, 0, 0, 0)
T2649 exit  recvfrom -> 20 (0x14) bytes=20: 04 00 00 00 00 00 00 00 00 00 00 00 00 00 00 00 00 00 00 00
T2649 enter close(0x49, 0x49, 0x14, 0, 0x14, 0)
T2649 exit  close -> 0 (0)
T2649 enter socket(0x2a, 0x80002, 0, 0x1, 0x77e820cc6c, 0xb4000077c4e6c2a0)
T2649 exit  socket -> 73 (0x49)
T2649 enter sendto(0x49, 0x77e820cb80, 0x14, 0, 0x77e820cb70, 0xc) bytes=20: 0a 00 00 00 2a 00 00 00 00 00 00 00 00 00 00 00 00 00 00 00 addr: bytes=12: 2a 00 00 00 01 00 00 00 fe ff ff ff
T2649 exit  sendto -> 20 (0x14)
T2649 enter recvfrom(0x49, 0x77e820cbd0, 0x14, 0, 0, 0)
T2649 exit  recvfrom -> 20 (0x14) bytes=20: 04 00 00 00 2a 00 00 00 01 00 00 00 00 00 00 00 58 00 00 00
T2649 enter recvfrom(0x49, 0x77e820cbd0, 0x14, 0, 0, 0)
T2649 exit  recvfrom -> 20 (0x14) bytes=20: 04 00 00 00 00 00 00 00 00 00 00 00 00 00 00 00 00 00 00 00
T2649 enter close(0x49, 0x49, 0x14, 0, 0x14, 0)
T2671 enter sendto(0x34, 0xb400007895f98920, 0xb, 0x40, 0x77d9c4e108, 0xc) bytes=11: 00 02 00 03 00 04 00 11 01 00 01 addr: bytes=12: 2a 00 00 00 00 00 00 00 45 00 00 00
T2671 exit  sendto -> 11 (0xb)
T2649 exit  close -> 0 (0)
T9291 enter recvfrom(0x34, 0xb4000077c4e5fb80, 0xa034, 0x40, 0x77bb509b88, 0x77bb509b84)
T9291 exit  recvfrom -> 14 (0xe) bytes=14: 02 02 00 03 00 07 00 02 04 00 00 00 00 00
T2679 enter socket(0x2a, 0x80002, 0, 0x1, 0, 0)
T2679 exit  socket -> 73 (0x49)
T2654 enter socket(0x2a, 0x80002, 0, 0x77ede08570, 0x77ede08580, 0xe3e7)
T2654 exit  socket -> 74 (0x4a)
T2679 enter sendto(0x49, 0x77c716ab80, 0x14, 0, 0x77c716ab70, 0xc) bytes=20: 0a 00 00 00 e3 00 00 00 00 00 00 00 00 00 00 00 00 00 00 00 addr: bytes=12: 2a 00 00 00 01 00 00 00 fe ff ff ff
T2679 exit  sendto -> 20 (0x14)
T2679 enter recvfrom(0x49, 0x77c716abd0, 0x14, 0, 0, 0)
T2679 exit  recvfrom -> 20 (0x14) bytes=20: 04 00 00 00 e3 00 00 00 01 00 00 00 00 00 00 00 42 00 00 00
T2679 enter recvfrom(0x49, 0x77c716abd0, 0x14, 0, 0, 0)
T2679 exit  recvfrom -> 20 (0x14) bytes=20: 04 00 00 00 00 00 00 00 00 00 00 00 00 00 00 00 00 00 00 00
T2679 enter close(0x49, 0x49, 0x14, 0, 0x14, 0)
T2679 exit  close -> 0 (0)
T2679 enter socket(0x2a, 0x80002, 0, 0x1, 0x77c716ac6c, 0xb4000077ede0bb80)
T2679 exit  socket -> 76 (0x4c)
T2679 enter sendto(0x4c, 0x77c716ab80, 0x14, 0, 0x77c716ab70, 0xc) bytes=20: 0a 00 00 00 e3 00 00 00 00 00 00 00 00 00 00 00 00 00 00 00 addr: bytes=12: 2a 00 00 00 01 00 00 00 fe ff ff ff
T2679 exit  sendto -> 20 (0x14)
T2679 enter recvfrom(0x4c, 0x77c716abd0, 0x14, 0, 0, 0)
T2679 exit  recvfrom -> 20 (0x14) bytes=20: 04 00 00 00 e3 00 00 00 01 00 00 00 00 00 00 00 42 00 00 00
T2679 enter recvfrom(0x4c, 0x77c716abd0, 0x14, 0, 0, 0)
T2679 exit  recvfrom -> 20 (0x14) bytes=20: 04 00 00 00 00 00 00 00 00 00 00 00 00 00 00 00 00 00 00 00
T2679 enter close(0x4c, 0x4c, 0x14, 0, 0x14, 0)
T2679 exit  close -> 0 (0)
attached new tid=9304
T2650 enter socket(0x2a, 0x80002, 0, 0x1, 0x77e810fc6c, 0xb4000077ede0b720)
T2654 enter write(0x4b, 0x787e6ad6c3, 0x1, 0, 0, 0) bytes=1: 61
T2650 exit  socket -> 76 (0x4c)
T2654 exit  write -> 1 (0x1)
T2650 enter sendto(0x4c, 0x77e810fb80, 0x14, 0, 0x77e810fb70, 0xc) bytes=20: 0a 00 00 00 07 00 00 00 00 00 00 00 00 00 00 00 00 00 00 00 addr: bytes=12: 2a 00 00 00 01 00 00 00 fe ff ff ff
T2650 exit  sendto -> 20 (0x14)
T2650 enter recvfrom(0x4c, 0x77e810fbd0, 0x14, 0, 0, 0)
T2650 exit  recvfrom -> 20 (0x14) bytes=20: 04 00 00 00 07 00 00 00 01 00 00 00 00 00 00 00 61 00 00 00
T9304 enter read(0x49, 0x77b8f1bb94, 0x1, 0, 0, 0x1)
T2650 enter recvfrom(0x4c, 0x77e810fbd0, 0x14, 0, 0, 0)
T9304 exit  read -> 1 (0x1) bytes=1: 61
T2650 exit  recvfrom -> 20 (0x14) bytes=20: 04 00 00 00 00 00 00 00 00 00 00 00 00 00 00 00 00 00 00 00
T2650 enter close(0x4c, 0x4c, 0x14, 0, 0x14, 0)
T2650 exit  close -> 0 (0)
T2651 enter socket(0x2a, 0x80002, 0, 0x1, 0x77e8012cbc, 0x77e8012e00)
T2648 enter socket(0x2a, 0x80002, 0, 0x77ede078f0, 0x77ede07900, 0xa515)
T2651 exit  socket -> 76 (0x4c)
T2648 exit  socket -> 77 (0x4d)
T2651 enter sendto(0x4c, 0x77e8012bd0, 0x14, 0, 0x77e8012bc0, 0xc) bytes=20: 0a 00 00 00 44 00 00 00 00 00 00 00 00 00 00 00 00 00 00 00 addr: bytes=12: 2a 00 00 00 01 00 00 00 fe ff ff ff
T2651 exit  sendto -> 20 (0x14)
T2651 enter recvfrom(0x4c, 0x77e8012c20, 0x14, 0, 0, 0)
T2651 exit  recvfrom -> 20 (0x14) bytes=20: 04 00 00 00 44 00 00 00 01 00 00 00 00 00 00 00 5d 00 00 00
T2651 enter recvfrom(0x4c, 0x77e8012c20, 0x14, 0, 0, 0)
T2651 exit  recvfrom -> 20 (0x14) bytes=20: 04 00 00 00 00 00 00 00 00 00 00 00 00 00 00 00 00 00 00 00
T2651 enter close(0x4c, 0x4c, 0x14, 0, 0x14, 0)
T2651 exit  close -> 0 (0)
T2651 enter socket(0x2a, 0x80002, 0, 0x7895f96070, 0x7895f96080, 0x7e)
T2654 enter socket(0x2a, 0x80002, 0, 0x1, 0, 0)
T2651 exit  socket -> 76 (0x4c)
T2654 exit  socket -> 80 (0x50)
T2654 enter sendto(0x50, 0x77e7d1bb80, 0x14, 0, 0x77e7d1bb70, 0xc) bytes=20: 0a 00 00 00 0c 00 00 00 00 00 00 00 00 00 00 00 00 00 00 00 addr: bytes=12: 2a 00 00 00 01 00 00 00 fe ff ff ff
T2654 exit  sendto -> 20 (0x14)
T2654 enter recvfrom(0x50, 0x77e7d1bbd0, 0x14, 0, 0, 0)
T2654 exit  recvfrom -> 20 (0x14) bytes=20: 04 00 00 00 0c 00 00 00 01 00 00 00 00 00 00 00 41 00 00 00
T2654 enter recvfrom(0x50, 0x77e7d1bbd0, 0x14, 0, 0, 0)
T2654 exit  recvfrom -> 20 (0x14) bytes=20: 04 00 00 00 00 00 00 00 00 00 00 00 00 00 00 00 00 00 00 00
T2654 enter close(0x50, 0x50, 0x14, 0, 0x14, 0)
T2654 exit  close -> 0 (0)
T2654 enter socket(0x2a, 0x80002, 0, 0x1, 0x77e7d1bc6c, 0xb4000077ede0b200)
T2654 exit  socket -> 80 (0x50)
T2654 enter sendto(0x50, 0x77e7d1bb80, 0x14, 0, 0x77e7d1bb70, 0xc) bytes=20: 0a 00 00 00 0c 00 00 00 00 00 00 00 00 00 00 00 00 00 00 00 addr: bytes=12: 2a 00 00 00 01 00 00 00 fe ff ff ff
T2654 exit  sendto -> 20 (0x14)
T2654 enter recvfrom(0x50, 0x77e7d1bbd0, 0x14, 0, 0, 0)
attached new tid=9305
attached new tid=9306
T2654 exit  recvfrom -> 20 (0x14) bytes=20: 04 00 00 00 0c 00 00 00 01 00 00 00 00 00 00 00 41 00 00 00
T2654 enter recvfrom(0x50, 0x77e7d1bbd0, 0x14, 0, 0, 0)
T2654 exit  recvfrom -> 20 (0x14) bytes=20: 04 00 00 00 00 00 00 00 00 00 00 00 00 00 00 00 00 00 00 00
T2654 enter close(0x50, 0x50, 0x14, 0, 0x14, 0)
T2654 exit  close -> 0 (0)
T2651 enter write(0x52, 0x787e6ad6c3, 0x1, 0, 0, 0) bytes=1: 61
T9305 enter read(0x51, 0x77b86adb94, 0x1, 0, 0, 0)
T9305 exit  read -> 1 (0x1) bytes=1: 61
T2651 exit  write -> 1 (0x1)
T2651 enter socket(0x2a, 0x80002, 0, 0x1, 0, 0)
T2651 exit  socket -> 80 (0x50)
T2651 enter sendto(0x50, 0x77e8012b80, 0x14, 0, 0x77e8012b70, 0xc) bytes=20: 0a 00 00 00 44 00 00 00 00 00 00 00 00 00 00 00 00 00 00 00 addr: bytes=12: 2a 00 00 00 01 00 00 00 fe ff ff ff
T2651 exit  sendto -> 20 (0x14)
T2651 enter recvfrom(0x50, 0x77e8012bd0, 0x14, 0, 0, 0)
T2648 enter write(0x4f, 0x787e6ad6c3, 0x1, 0, 0, 0) bytes=1: 61
T2648 exit  write -> 1 (0x1)
T2651 exit  recvfrom -> 20 (0x14) bytes=20: 04 00 00 00 44 00 00 00 01 00 00 00 00 00 00 00 5d 00 00 00
T9306 enter read(0x4e, 0x77b8d21b94, 0x1, 0, 0, 0x1)
T9306 exit  read -> 1 (0x1) bytes=1: 61
T2651 enter recvfrom(0x50, 0x77e8012bd0, 0x14, 0, 0, 0)
T2651 exit  recvfrom -> 20 (0x14) bytes=20: 04 00 00 00 00 00 00 00 00 00 00 00 00 00 00 00 00 00 00 00
T2671 enter sendto(0x34, 0xb400007895f98920, 0xb, 0x40, 0x77d9c4e108, 0xc) bytes=11: 00 03 00 03 00 04 00 1c 01 00 01 addr: bytes=12: 2a 00 00 00 00 00 00 00 45 00 00 00
T2671 exit  sendto -> 11 (0xb)
T9291 enter recvfrom(0x34, 0xb4000077c4e5fb80, 0xa034, 0x40, 0x77bb509b88, 0x77bb509b84)
T9291 exit  recvfrom -> 14 (0xe) bytes=14: 02 03 00 03 00 07 00 02 04 00 00 00 00 00
T2651 enter close(0x50, 0x50, 0x14, 0, 0x14, 0)
T2651 exit  close -> 0 (0)
T2651 enter socket(0x2a, 0x80002, 0, 0x1, 0x77e8012c6c, 0xb4000077edf101e0)
T2651 exit  socket -> 80 (0x50)
T2671 enter sendto(0x34, 0xb400007895f98920, 0xb, 0x40, 0x77d9c4e108, 0xc) bytes=11: 00 04 00 03 00 04 00 15 01 00 01 addr: bytes=12: 2a 00 00 00 00 00 00 00 45 00 00 00
T2654 enter sendto(0x4a, 0xb4000077ede0c1e0, 0xb, 0x40, 0x77e7d1bb98, 0xc) bytes=11: 00 01 00 1a 00 04 00 01 01 00 01 addr: bytes=12: 2a 00 00 00 00 00 00 00 41 00 00 00
T2671 exit  sendto -> 11 (0xb)
T9291 enter recvfrom(0x34, 0xb4000077c4e5fb80, 0xa034, 0x40, 0x77bb509b88, 0x77bb509b84)
T9304 enter recvfrom(0x4a, 0xb4000077b89f5300, 0xe3f0, 0x40, 0x77b8f1bb88, 0x77b8f1bb84)
T9291 exit  recvfrom -> 14 (0xe) bytes=14: 02 04 00 03 00 07 00 02 04 00 00 00 00 00
T9304 exit  recvfrom -> 14 (0xe) bytes=14: 02 01 00 1a 00 07 00 02 04 00 00 00 00 00
T2654 exit  sendto -> 11 (0xb)
T2651 enter sendto(0x50, 0x77e8012b80, 0x14, 0, 0x77e8012b70, 0xc) bytes=20: 0a 00 00 00 44 00 00 00 00 00 00 00 00 00 00 00 00 00 00 00 addr: bytes=12: 2a 00 00 00 01 00 00 00 fe ff ff ff
T2651 exit  sendto -> 20 (0x14)
T2651 enter recvfrom(0x50, 0x77e8012bd0, 0x14, 0, 0, 0)
T2651 exit  recvfrom -> 20 (0x14) bytes=20: 04 00 00 00 44 00 00 00 01 00 00 00 00 00 00 00 5d 00 00 00
T2651 enter recvfrom(0x50, 0x77e8012bd0, 0x14, 0, 0, 0)
T2651 exit  recvfrom -> 20 (0x14) bytes=20: 04 00 00 00 00 00 00 00 00 00 00 00 00 00 00 00 00 00 00 00
T2671 enter sendto(0x34, 0xb400007895f98920, 0xb, 0x40, 0x77d9c4e108, 0xc) bytes=11: 00 05 00 03 00 04 00 14 01 00 01 addr: bytes=12: 2a 00 00 00 00 00 00 00 45 00 00 00
T2651 enter close(0x50, 0x50, 0x14, 0, 0x14, 0)
T2671 exit  sendto -> 11 (0xb)
T2651 exit  close -> 0 (0)
T9291 enter recvfrom(0x34, 0xb4000077c4e5fb80, 0xa034, 0x40, 0x77bb509b88, 0x77bb509b84)
T9291 exit  recvfrom -> 14 (0xe) bytes=14: 02 05 00 03 00 07 00 02 04 00 00 00 00 00
T2651 enter sendto(0x4c, 0xb4000077ede0c350, 0xe, 0x40, 0x77e8012b68, 0xc) bytes=14: 00 01 00 20 00 07 00 01 04 00 02 00 00 00 addr: bytes=12: 2a 00 00 00 00 00 00 00 5d 00 00 00
T2651 exit  sendto -> 14 (0xe)
T9305 enter recvfrom(0x4c, 0xb400007895f95680, 0x88, 0x40, 0x77b86adb88, 0x77b86adb84)
T9305 exit  recvfrom -> 14 (0xe) bytes=14: 02 01 00 20 00 07 00 02 04 00 00 00 00 00
T2671 enter sendto(0x34, 0xb400007895f98920, 0xb, 0x40, 0x77d9c4e108, 0xc) bytes=11: 00 06 00 03 00 04 00 1b 01 00 01 addr: bytes=12: 2a 00 00 00 00 00 00 00 45 00 00 00
T2671 exit  sendto -> 11 (0xb)
T9291 enter recvfrom(0x34, 0xb4000077c4e5fb80, 0xa034, 0x40, 0x77bb509b88, 0x77bb509b84)
T9291 exit  recvfrom -> 14 (0xe) bytes=14: 02 06 00 03 00 07 00 02 04 00 00 00 00 00
T2650 enter sendto(0x41, 0xb4000077ede0c260, 0xe, 0x40, 0x77e810fb68, 0xc) bytes=14: 00 01 00 27 00 07 00 01 04 00 02 00 00 00 addr: bytes=12: 2a 00 00 00 00 00 00 00 61 00 00 00
T2650 exit  sendto -> 14 (0xe)
T9302 enter recvfrom(0x41, 0xb4000077edfb0000, 0x2014, 0x40, 0x77b9115b88, 0x77b9115b84)
T9302 exit  recvfrom -> 14 (0xe) bytes=14: 02 01 00 27 00 07 00 02 04 00 00 00 00 00
T2671 enter sendto(0x34, 0xb400007895f98920, 0xb, 0x40, 0x77d9c4e108, 0xc) bytes=11: 00 07 00 03 00 04 00 20 01 00 01 addr: bytes=12: 2a 00 00 00 00 00 00 00 45 00 00 00
T2671 exit  sendto -> 11 (0xb)
T9291 enter recvfrom(0x34, 0xb4000077c4e5fb80, 0xa034, 0x40, 0x77bb509b88, 0x77bb509b84)
T9291 exit  recvfrom -> 14 (0xe) bytes=14: 02 07 00 03 00 07 00 02 04 00 00 00 00 00
T2671 enter sendto(0x34, 0xb400007895f98920, 0xb, 0x40, 0x77d9c4e108, 0xc) bytes=11: 00 08 00 03 00 04 00 1e 01 00 01 addr: bytes=12: 2a 00 00 00 00 00 00 00 45 00 00 00
T2671 exit  sendto -> 11 (0xb)
T9291 enter recvfrom(0x34, 0xb4000077c4e5fb80, 0xa034, 0x40, 0x77bb509b88, 0x77bb509b84)
T9291 exit  recvfrom -> 14 (0xe) bytes=14: 02 08 00 03 00 07 00 02 04 00 00 00 00 00
T2668 enter sendto(0x4c, 0xb400007895f97e80, 0xe, 0x40, 0x77d9f45358, 0xc) bytes=14: 00 02 00 23 00 07 00 16 04 00 02 00 00 00 addr: bytes=12: 2a 00 00 00 00 00 00 00 5d 00 00 00
T2668 exit  sendto -> 14 (0xe)
T9305 enter recvfrom(0x4c, 0xb400007895f95680, 0x88, 0x40, 0x77b86adb88, 0x77b86adb84)
T9305 exit  recvfrom -> 14 (0xe) bytes=14: 02 02 00 23 00 07 00 02 04 00 00 00 00 00
T2651 enter sendto(0x4c, 0xb4000077edf101e0, 0xb, 0x40, 0x77e8013208, 0xc) bytes=11: 00 03 00 22 00 04 00 13 01 00 01 addr: bytes=12: 2a 00 00 00 00 00 00 00 5d 00 00 00
T2671 enter sendto(0x34, 0xb400007895f98920, 0xb, 0x40, 0x77d9c4e108, 0xc) bytes=11: 00 09 00 03 00 04 00 24 01 00 01 addr: bytes=12: 2a 00 00 00 00 00 00 00 45 00 00 00
T9305 enter recvfrom(0x4c, 0xb400007895f95680, 0x88, 0x40, 0x77b86adb88, 0x77b86adb84)
T2671 exit  sendto -> 11 (0xb)
T9305 exit  recvfrom -> 14 (0xe) bytes=14: 02 03 00 22 00 07 00 02 04 00 00 00 00 00
T9291 enter recvfrom(0x34, 0xb4000077c4e5fb80, 0xa034, 0x40, 0x77bb509b88, 0x77bb509b84)
T9291 exit  recvfrom -> 14 (0xe) bytes=14: 02 09 00 03 00 07 00 02 04 00 00 00 00 00
T2651 exit  sendto -> 11 (0xb)
T2651 enter sendto(0x4c, 0xb4000077edf101e0, 0xb, 0x40, 0x77e8013208, 0xc) bytes=11: 00 04 00 22 00 04 00 11 01 00 01 addr: bytes=12: 2a 00 00 00 00 00 00 00 5d 00 00 00
T2651 exit  sendto -> 11 (0xb)
T9305 enter recvfrom(0x4c, 0xb400007895f95680, 0x88, 0x40, 0x77b86adb88, 0x77b86adb84)
T9305 exit  recvfrom -> 14 (0xe) bytes=14: 02 04 00 22 00 07 00 02 04 00 00 00 00 00
T2671 enter sendto(0x34, 0xb400007895f98920, 0xb, 0x40, 0x77d9c4e108, 0xc) bytes=11: 00 0a 00 03 00 04 00 23 01 00 01 addr: bytes=12: 2a 00 00 00 00 00 00 00 45 00 00 00
T2671 exit  sendto -> 11 (0xb)
T9291 enter recvfrom(0x34, 0xb4000077c4e5fb80, 0xa034, 0x40, 0x77bb509b88, 0x77bb509b84)
T9291 exit  recvfrom -> 14 (0xe) bytes=14: 02 0a 00 03 00 07 00 02 04 00 00 00 00 00
T2668 enter sendto(0x4c, 0xb4000077ede2c280, 0xe, 0x40, 0x77d9f45358, 0xc) bytes=14: 00 05 00 28 00 07 00 15 04 00 02 00 00 00 addr: bytes=12: 2a 00 00 00 00 00 00 00 5d 00 00 00
T2668 exit  sendto -> 14 (0xe)
T9305 enter recvfrom(0x4c, 0xb400007895f95680, 0x88, 0x40, 0x77b86adb88, 0x77b86adb84)
T9305 exit  recvfrom -> 14 (0xe) bytes=14: 02 05 00 28 00 07 00 02 04 00 00 00 00 00
T2671 enter sendto(0x34, 0xb400007895f98920, 0xb, 0x40, 0x77d9c4e108, 0xc) bytes=11: 00 0b 00 03 00 04 00 27 01 00 01 addr: bytes=12: 2a 00 00 00 00 00 00 00 45 00 00 00
T2671 exit  sendto -> 11 (0xb)
T9305 enter recvfrom(0x4c, 0xb400007895f95680, 0x88, 0x40, 0x77b86adb88, 0x77b86adb84)
T9305 exit  recvfrom -> 18 (0x12) bytes=18: 04 01 00 2b 00 0b 00 10 04 00 ff ff ff ff 11 01 00 ff
T9291 enter recvfrom(0x34, 0xb4000077c4e5fb80, 0xa034, 0x40, 0x77bb509b88, 0x77bb509b84)
T9291 exit  recvfrom -> 14 (0xe) bytes=14: 02 0b 00 03 00 07 00 02 04 00 00 00 00 00
T2671 enter sendto(0x34, 0xb400007895f98920, 0xb, 0x40, 0x77d9c4e108, 0xc) bytes=11: 00 0c 00 03 00 04 00 1f 01 00 01 addr: bytes=12: 2a 00 00 00 00 00 00 00 45 00 00 00
T2671 exit  sendto -> 11 (0xb)
T9291 enter recvfrom(0x34, 0xb4000077c4e5fb80, 0xa034, 0x40, 0x77bb509b88, 0x77bb509b84)
T9291 exit  recvfrom -> 14 (0xe) bytes=14: 02 0c 00 03 00 07 00 02 04 00 00 00 00 00
T2671 enter sendto(0x34, 0xb400007895f98920, 0xb, 0x40, 0x77d9c4e108, 0xc) bytes=11: 00 0d 00 03 00 04 00 17 01 00 01 addr: bytes=12: 2a 00 00 00 00 00 00 00 45 00 00 00
T2671 exit  sendto -> 11 (0xb)
T9291 enter recvfrom(0x34, 0xb4000077c4e5fb80, 0xa034, 0x40, 0x77bb509b88, 0x77bb509b84)
T9291 exit  recvfrom -> 14 (0xe) bytes=14: 02 0d 00 03 00 07 00 02 04 00 00 00 00 00
T2671 enter sendto(0x34, 0xb400007895f98920, 0xb, 0x40, 0x77d9c4e108, 0xc) bytes=11: 00 0e 00 03 00 04 00 29 01 00 01 addr: bytes=12: 2a 00 00 00 00 00 00 00 45 00 00 00
T2671 exit  sendto -> 11 (0xb)
T9291 enter recvfrom(0x34, 0xb4000077c4e5fb80, 0xa034, 0x40, 0x77bb509b88, 0x77bb509b84)
T9291 exit  recvfrom -> 14 (0xe) bytes=14: 02 0e 00 03 00 07 00 02 04 00 00 00 00 00
T2671 enter sendto(0x34, 0xb400007895f98920, 0xb, 0x40, 0x77d9c4e108, 0xc) bytes=11: 00 0f 00 03 00 04 00 2f 01 00 01 addr: bytes=12: 2a 00 00 00 00 00 00 00 45 00 00 00
T2671 exit  sendto -> 11 (0xb)
T9291 enter recvfrom(0x34, 0xb4000077c4e5fb80, 0xa034, 0x40, 0x77bb509b88, 0x77bb509b84)
T9291 exit  recvfrom -> 14 (0xe) bytes=14: 02 0f 00 03 00 07 00 02 04 00 00 00 00 00
T2651 enter sendto(0x4c, 0xb4000077ede0c350, 0x7, 0x40, 0x77e8013118, 0xc) bytes=7: 00 06 00 27 00 00 00 addr: bytes=12: 2a 00 00 00 00 00 00 00 5d 00 00 00
T2651 exit  sendto -> 7 (0x7)
T9305 enter recvfrom(0x4c, 0xb400007895f95680, 0x88, 0x40, 0x77b86adb88, 0x77b86adb84)
T9305 exit  recvfrom -> 25 (0x19) bytes=25: 02 06 00 27 00 12 00 02 04 00 00 00 00 00 10 04 00 ff ff ff ff 11 01 00 ff
T2671 enter sendto(0x34, 0xb400007895f98920, 0xb, 0x40, 0x77d9c4e108, 0xc) bytes=11: 00 10 00 03 00 04 00 30 01 00 01 addr: bytes=12: 2a 00 00 00 00 00 00 00 45 00 00 00
T2671 exit  sendto -> 11 (0xb)
T9291 enter recvfrom(0x34, 0xb4000077c4e5fb80, 0xa034, 0x40, 0x77bb509b88, 0x77bb509b84)
T9291 exit  recvfrom -> 14 (0xe) bytes=14: 02 10 00 03 00 07 00 02 04 00 00 00 00 00
T2671 enter sendto(0x34, 0xb400007895f98920, 0xb, 0x40, 0x77d9c4e108, 0xc) bytes=11: 00 11 00 03 00 04 00 2d 01 00 01 addr: bytes=12: 2a 00 00 00 00 00 00 00 45 00 00 00
T2671 exit  sendto -> 11 (0xb)
T9291 enter recvfrom(0x34, 0xb4000077c4e5fb80, 0xa034, 0x40, 0x77bb509b88, 0x77bb509b84)
T9291 exit  recvfrom -> 14 (0xe) bytes=14: 02 11 00 03 00 07 00 02 04 00 00 00 00 00
T2668 enter sendto(0x4c, 0xb400007895f97e80, 0x4c, 0x40, 0x77d9f45158, 0xc) bytes=76: 00 07 00 23 00 45 00 12 04 00 03 00 00 00 13 04 00 b8 0b 00 00 14 04 00 32 00 00 00 15 2d 00 0b 64 00 00 00 f4 01 00 00 e8 03 00 00 88 13 00 00 10 27 00 00 20 4e 00 00 50 c3 00 00 f8 24 01 00 a0 86 01 00 40 0d 03 00 20 a1 07 00 addr: bytes=12: 2a 00 00 00 00 00 00 00 5d 00 00 00
T2668 exit  sendto -> 76 (0x4c)
T2648 enter socket(0x2a, 0x80002, 0, 0x1, 0, 0)
T9305 enter recvfrom(0x4c, 0xb400007895f95680, 0x88, 0x40, 0x77b86adb88, 0x77b86adb84)
T9305 exit  recvfrom -> 14 (0xe) bytes=14: 02 07 00 23 00 07 00 02 04 00 00 00 00 00
T2668 enter sendto(0x4c, 0xb4000077ede2c280, 0x58, 0x40, 0x77d9f45158, 0xc) bytes=88: 00 08 00 28 00 51 00 11 04 00 03 00 00 00 12 04 00 b8 0b 00 00 13 04 00 32 00 00 00 14 39 00 0e 64 00 00 00 f4 01 00 00 e8 03 00 00 88 13 00 00 10 27 00 00 20 4e 00 00 50 c3 00 00 f8 24 01 00 a0 86 01 00 40 0d 03 00 20 a1 07 00 40 42 0f 00 60 e3 16 00 80 84 1e 00 addr: bytes=12: 2a 00 00 00 00 00 00 00 5d 00 00 00
T2668 exit  sendto -> 88 (0x58)
T9305 enter recvfrom(0x4c, 0xb400007895f95680, 0x88, 0x40, 0x77b86adb88, 0x77b86adb84)
T9305 exit  recvfrom -> 14 (0xe) bytes=14: 02 08 00 28 00 07 00 02 04 00 00 00 00 00
T2671 enter sendto(0x34, 0xb400007895f98920, 0xb, 0x40, 0x77d9c4e108, 0xc) bytes=11: 00 12 00 03 00 04 00 10 01 00 01 addr: bytes=12: 2a 00 00 00 00 00 00 00 45 00 00 00
T2671 exit  sendto -> 11 (0xb)
T9291 enter recvfrom(0x34, 0xb4000077c4e5fb80, 0xa034, 0x40, 0x77bb509b88, 0x77bb509b84)
T9291 exit  recvfrom -> 14 (0xe) bytes=14: 02 12 00 03 00 07 00 02 04 00 00 00 00 00
T2649 enter sendto(0x40, 0xb400007895f4df10, 0xe, 0x40, 0x77e820cb68, 0xc) bytes=14: 00 01 00 27 00 07 00 01 04 00 02 00 00 00 addr: bytes=12: 2a 00 00 00 00 00 00 00 58 00 00 00
T2649 exit  sendto -> 14 (0xe)
T2648 exit  socket -> 80 (0x50)
T9303 enter recvfrom(0x40, 0xb4000078960f9000, 0x1d10, 0x40, 0x77b9018b88, 0x77b9018b84)
T2648 enter sendto(0x50, 0x77e9309b80, 0x14, 0, 0x77e9309b70, 0xc) bytes=20: 0a 00 00 00 01 00 00 00 00 00 00 00 00 00 00 00 00 00 00 00 addr: bytes=12: 2a 00 00 00 01 00 00 00 fe ff ff ff
T9303 exit  recvfrom -> 14 (0xe) bytes=14: 02 01 00 27 00 07 00 02 04 00 00 00 00 00
T2648 exit  sendto -> 20 (0x14)
T2648 enter recvfrom(0x50, 0x77e9309bd0, 0x14, 0, 0, 0)
T2648 exit  recvfrom -> 20 (0x14) bytes=20: 04 00 00 00 01 00 00 00 01 00 00 00 00 00 00 00 4a 00 00 00
T2648 enter recvfrom(0x50, 0x77e9309bd0, 0x14, 0, 0, 0)
T2648 exit  recvfrom -> 20 (0x14) bytes=20: 04 00 00 00 00 00 00 00 00 00 00 00 00 00 00 00 00 00 00 00
T2648 enter close(0x50, 0x50, 0x14, 0, 0x14, 0)
T2648 exit  close -> 0 (0)
T2647 enter socket(0x2a, 0x80002, 0, 0x1, 0x77e9406cbc, 0x77e9406e00)
T2647 exit  socket -> 80 (0x50)
T2647 enter sendto(0x50, 0x77e9406bd0, 0x14, 0, 0x77e9406bc0, 0xc) bytes=20: 0a 00 00 00 03 00 00 00 00 00 00 00 00 00 00 00 00 00 00 00 addr: bytes=12: 2a 00 00 00 01 00 00 00 fe ff ff ff
T2647 exit  sendto -> 20 (0x14)
T2647 enter recvfrom(0x50, 0x77e9406c20, 0x14, 0, 0, 0)
T2647 exit  recvfrom -> 20 (0x14) bytes=20: 04 00 00 00 03 00 00 00 01 00 00 00 00 00 00 00 46 00 00 00
T2647 enter recvfrom(0x50, 0x77e9406c20, 0x14, 0, 0, 0)
T2647 exit  recvfrom -> 20 (0x14) bytes=20: 04 00 00 00 00 00 00 00 00 00 00 00 00 00 00 00 00 00 00 00
T2671 enter sendto(0x34, 0xb40*************, 0x7, 0x40, 0x77d9c4c2c8, 0xc) bytes=7: 00 13 00 1e 00 00 00 addr: bytes=12: 2a 00 00 00 00 00 00 00 45 00 00 00
T2649 enter sendto(0x40, 0xb4000077c4e6c2a0, 0x13, 0x40, 0x77e820c918, 0xc) bytes=19: 00 02 00 69 00 0c 00 10 01 00 01 11 01 00 01 12 01 00 01 addr: bytes=12: 2a 00 00 00 00 00 00 00 58 00 00 00
T2671 exit  sendto -> 7 (0x7)
T9291 enter recvfrom(0x34, 0xb4000077c4e5fb80, 0xa034, 0x40, 0x77bb509b88, 0x77bb509b84)
T2649 exit  sendto -> 19 (0x13)
T9291 exit  recvfrom -> 36 (0x24) bytes=36: 02 13 00 1e 00 1d 00 02 04 00 00 00 00 00 10 13 00 11 00 08 00 00 40 97 97 fa 1f fb fb 01 10 90 e3 c7 22 01
T9303 enter recvfrom(0x40, 0xb4000078960f9000, 0x1d10, 0x40, 0x77b9018b88, 0x77b9018b84)
T9303 exit  recvfrom -> 14 (0xe) bytes=14: 02 02 00 69 00 07 00 02 04 00 00 00 00 00
T2668 enter sendto(0x4c, 0xb400007895f97e80, 0x4c, 0x40, 0x77d9f45158, 0xc) bytes=76: 00 09 00 23 00 45 00 12 04 00 02 00 00 00 13 04 00 b8 0b 00 00 14 04 00 32 00 00 00 15 2d 00 0b 64 00 00 00 f4 01 00 00 e8 03 00 00 88 13 00 00 10 27 00 00 20 4e 00 00 50 c3 00 00 f8 24 01 00 a0 86 01 00 40 0d 03 00 20 a1 07 00 addr: bytes=12: 2a 00 00 00 00 00 00 00 5d 00 00 00
T2668 exit  sendto -> 76 (0x4c)
T9305 enter recvfrom(0x4c, 0xb400007895f95680, 0x88, 0x40, 0x77b86adb88, 0x77b86adb84)
T9305 exit  recvfrom -> 14 (0xe) bytes=14: 02 09 00 23 00 07 00 02 04 00 00 00 00 00
T2668 enter sendto(0x4c, 0xb4000077ede2c280, 0x58, 0x40, 0x77d9f45158, 0xc) bytes=88: 00 0a 00 28 00 51 00 11 04 00 02 00 00 00 12 04 00 b8 0b 00 00 13 04 00 32 00 00 00 14 39 00 0e 64 00 00 00 f4 01 00 00 e8 03 00 00 88 13 00 00 10 27 00 00 20 4e 00 00 50 c3 00 00 f8 24 01 00 a0 86 01 00 40 0d 03 00 20 a1 07 00 40 42 0f 00 60 e3 16 00 80 84 1e 00 addr: bytes=12: 2a 00 00 00 00 00 00 00 5d 00 00 00
T2668 exit  sendto -> 88 (0x58)
T9305 enter recvfrom(0x4c, 0xb400007895f95680, 0x88, 0x40, 0x77b86adb88, 0x77b86adb84)
T9305 exit  recvfrom -> 14 (0xe) bytes=14: 02 0a 00 28 00 07 00 02 04 00 00 00 00 00
T2671 enter sendto(0x34, 0xb400007895f4dde0, 0xb, 0x40, 0x77d9c4e2c8, 0xc) bytes=11: 00 14 00 80 00 04 00 01 01 00 11 addr: bytes=12: 2a 00 00 00 00 00 00 00 45 00 00 00
T2671 exit  sendto -> 11 (0xb)
T9291 enter recvfrom(0x34, 0xb4000077c4e5fb80, 0xa034, 0x40, 0x77bb509b88, 0x77bb509b84)
T9291 exit  recvfrom -> 18 (0x12) bytes=18: 02 14 00 80 00 0b 00 02 04 00 00 00 00 00 10 01 00 01
T2647 enter close(0x50, 0x50, 0x14, 0, 0x14, 0)
T2647 exit  close -> 0 (0)
T2648 enter socket(0x2a, 0x80002, 0, 0x1, 0x77e9309c6c, 0xb4000077edf10440)
T2647 enter socket(0x2a, 0x80002, 0, 0x7895f98690, 0x7895f986a0, 0x8f23)
T2648 exit  socket -> 83 (0x53)
T2647 exit  socket -> 80 (0x50)
T2671 enter sendto(0x2a, 0xb40*************, 0x7, 0x40, 0x77d9c4c1c8, 0xc) bytes=7: 00 02 00 1e 00 00 00 addr: bytes=12: 2a 00 00 00 00 00 00 00 64 00 00 00
T2671 exit  sendto -> 7 (0x7)
T2648 enter sendto(0x53, 0x77e9309b80, 0x14, 0, 0x77e9309b70, 0xc) bytes=20: 0a 00 00 00 01 00 00 00 00 00 00 00 00 00 00 00 00 00 00 00 addr: bytes=12: 2a 00 00 00 01 00 00 00 fe ff ff ff
T9289 enter recvfrom(0x2a, 0xb4000077ede8a000, 0x2014, 0x40, 0x77bd703b88, 0x77bd703b84)
T9289 exit  recvfrom -> 41 (0x29) bytes=41: 02 02 00 1e 00 22 00 02 04 00 00 00 00 00 10 18 00 16 00 00 00 00 c0 00 04 00 00 00 03 40 e0 f8 ff ff ff ff ff c7 ff c7 0f
T2649 enter sendto(0x40, 0xb4000077ede3f860, 0x7, 0x40, 0x77e820c878, 0xc) bytes=7: 00 03 00 68 00 00 00 addr: bytes=12: 2a 00 00 00 00 00 00 00 58 00 00 00
T2649 exit  sendto -> 7 (0x7)
T9303 enter recvfrom(0x40, 0xb4000078960f9000, 0x1d10, 0x40, 0x77b9018b88, 0x77b9018b84)
T9303 exit  recvfrom -> 90 (0x5a) bytes=90: 02 03 00 68 00 53 00 02 04 00 00 00 00 00 10 18 00 00 00 00 00 00 00 00 00 00 00 00 00 00 00 00 00 00 00 00 00 00 00 00 00 11 23 00 01 00 00 01 00 00 00 00 00 00 00 00 00 00 00 00 00 00 00 00 00 00 00 00 00 00 00 00 00 00 00 00 00 00 00 12 08 00 02 00 00 00 00 00 00 00
T2671 enter sendto(0x2a, 0xb400007895f4dde0, 0xc, 0x40, 0x77d9c4e0e8, 0xc) bytes=12: 00 03 00 1f 00 05 00 01 02 00 8f 00 addr: bytes=12: 2a 00 00 00 00 00 00 00 64 00 00 00
T2671 exit  sendto -> 12 (0xc)
T2648 exit  sendto -> 20 (0x14)
T2648 enter recvfrom(0x53, 0x77e9309bd0, 0x14, 0, 0, 0)
T2648 exit  recvfrom -> 20 (0x14) bytes=20: 04 00 00 00 01 00 00 00 01 00 00 00 00 00 00 00 4a 00 00 00
T2648 enter recvfrom(0x53, 0x77e9309bd0, 0x14, 0, 0, 0)
T2648 exit  recvfrom -> 20 (0x14) bytes=20: 04 00 00 00 00 00 00 00 00 00 00 00 00 00 00 00 00 00 00 00
T9289 enter recvfrom(0x2a, 0xb4000077ede8a000, 0x2014, 0x40, 0x77bd703b88, 0x77bd703b84)
T9289 exit  recvfrom -> 27 (0x1b) bytes=27: 02 03 00 1f 00 14 00 02 04 00 00 00 00 00 10 05 00 04 ff ff fb 03 11 02 00 01 01
T2668 enter sendto(0x4c, 0xb400007895f97e80, 0x4c, 0x40, 0x77d9f45158, 0xc) bytes=76: 00 0b 00 23 00 45 00 12 04 00 01 00 00 00 13 04 00 b8 0b 00 00 14 04 00 32 00 00 00 15 2d 00 0b 64 00 00 00 f4 01 00 00 e8 03 00 00 88 13 00 00 10 27 00 00 20 4e 00 00 50 c3 00 00 f8 24 01 00 a0 86 01 00 40 0d 03 00 20 a1 07 00 addr: bytes=12: 2a 00 00 00 00 00 00 00 5d 00 00 00
T2668 exit  sendto -> 76 (0x4c)
T9305 enter recvfrom(0x4c, 0xb400007895f95680, 0x88, 0x40, 0x77b86adb88, 0x77b86adb84)
T9305 exit  recvfrom -> 14 (0xe) bytes=14: 02 0b 00 23 00 07 00 02 04 00 00 00 00 00
T2668 enter sendto(0x4c, 0xb4000077ede2c280, 0x58, 0x40, 0x77d9f45158, 0xc) bytes=88: 00 0c 00 28 00 51 00 11 04 00 01 00 00 00 12 04 00 b8 0b 00 00 13 04 00 32 00 00 00 14 39 00 0e 64 00 00 00 f4 01 00 00 e8 03 00 00 88 13 00 00 10 27 00 00 20 4e 00 00 50 c3 00 00 f8 24 01 00 a0 86 01 00 40 0d 03 00 20 a1 07 00 40 42 0f 00 60 e3 16 00 80 84 1e 00 addr: bytes=12: 2a 00 00 00 00 00 00 00 5d 00 00 00
T2668 exit  sendto -> 88 (0x58)
T9305 enter recvfrom(0x4c, 0xb400007895f95680, 0x88, 0x40, 0x77b86adb88, 0x77b86adb84)
T9305 exit  recvfrom -> 14 (0xe) bytes=14: 02 0c 00 28 00 07 00 02 04 00 00 00 00 00
T2671 enter sendto(0x2a, 0xb400007895f4dde0, 0xc, 0x40, 0x77d9c4e0e8, 0xc) bytes=12: 00 04 00 1f 00 05 00 01 02 00 8f 00 addr: bytes=12: 2a 00 00 00 00 00 00 00 64 00 00 00
T2671 exit  sendto -> 12 (0xc)
T2648 enter close(0x53, 0x53, 0x14, 0, 0x14, 0)
T2648 exit  close -> 0 (0)
T9289 enter recvfrom(0x2a, 0xb4000077ede8a000, 0x2014, 0x40, 0x77bd703b88, 0x77bd703b84)
T9289 exit  recvfrom -> 27 (0x1b) bytes=27: 02 04 00 1f 00 14 00 02 04 00 00 00 00 00 10 05 00 04 ff ff fb 03 11 02 00 01 01
attached new tid=9327
T2671 enter sendto(0x2a, 0xb400007895f4dde0, 0xc, 0x40, 0x77d9c4e0e8, 0xc) bytes=12: 00 05 00 1f 00 05 00 01 02 00 a2 00 addr: bytes=12: 2a 00 00 00 00 00 00 00 64 00 00 00
T2671 exit  sendto -> 12 (0xc)
attached new tid=9328
T9289 enter recvfrom(0x2a, 0xb4000077ede8a000, 0x2014, 0x40, 0x77bd703b88, 0x77bd703b84)
T9289 exit  recvfrom -> 23 (0x17) bytes=23: 02 05 00 1f 00 10 00 02 04 00 00 00 00 00 10 02 00 01 03 11 01 00 00
T9328 enter openat(0xffffff9c, 0x77b32b9910, 0x80000, 0, 0x787e45675c, 0x77b32b9660) path="/proc/1993/cmdline"
T9328 exit  openat -> 85 (0x55)
T9328 enter read(0x55, 0x77b32b98d0, 0x31, 0, 0x787e45675c, 0x77b32b9660)
T9328 exit  read -> 29 (0x1d) bytes=29: 2f 76 65 6e 64 6f 72 2f 62 69 6e 2f 68 77 2f 71 63 72 69 6c 4e 72 64 00 2d 63 00 32 00
T9328 enter close(0x55, 0x55, 0x616d6d6f43007325, 0x65*************e, 0x10, 0)
T9328 exit  close -> 0 (0)
T2671 enter ioctl(0x10, 0xc0306201, 0x77d9c4de28, 0x2, 0, 0xb400007895f6e600) ioctl_req=0xc0306201
T2671 exit  ioctl -> 0 (0)
T9328 enter openat(0xffffff9c, 0xb400007896086b30, 0x80000, 0, 0x3e9, 0x3ba) path="/system/vendor/etc/data/dsi_config.xml"
T9328 exit  openat -> 85 (0x55)
T9328 enter read(0x55, 0xb4000077b8a2a680, 0xe25e, 0xffffffffffffffff, 0xffffffffffffffff, 0x1)
T9328 exit  read -> 57950 (0xe25e) bytes=160: 3c 3f 78 6d 6c 20 76 65 72 73 69 6f 6e 3d 22 31 2e 30 22 20 65 6e 63 6f 64 69 6e 67 3d 22 55 54 46 2d 38 22 3f 3e 0a 3c 21 2d 2d 0a 20 20 20 20 20 44 53 49 20 4d 6f 64 75 6c 65 20 63 6f 6e 66 69 67 75 72 61 74 69 6f 6e 20 58 4d 4c 20 66 69 6c 65 0a 20 20 20 20 20 43 6f 70 79 72 69 67 68 74 20 28 63 29 20 32 30 31 33 2c 20 32 30 31 35 2c 20 32 30 31 37 2d 32 30 32 31 20 51 75 61 6c 63 6f 6d 6d 20 54 65 63 68 6e 6f 6c 6f 67 69 65 73 2c 20 49 6e 63 2e 0a 20 20 20 20 20 41 6c 6c
T9328 enter close(0x55, 0x55, 0, 0xffffffffffffffff, 0xffffffffffffffff, 0x1)
T9328 exit  close -> 0 (0)
T2668 enter sendto(0x40, 0xb4000077ede3f2c8, 0x7, 0x40, 0x77d9f453f8, 0xc) bytes=7: 00 04 00 4f 00 00 00 addr: bytes=12: 2a 00 00 00 00 00 00 00 58 00 00 00
T2668 exit  sendto -> 7 (0x7)
T9303 enter recvfrom(0x40, 0xb4000078960f9000, 0x1d10, 0x40, 0x77b9018b88, 0x77b9018b84)
T9303 exit  recvfrom -> 28 (0x1c) bytes=28: 02 04 00 4f 00 15 00 02 04 00 00 00 00 00 10 04 00 01 00 00 00 11 04 00 00 00 00 00
T2671 enter sendto(0x2a, 0xb400007895f98920, 0x17, 0x40, 0x77d9c4e228, 0xc) bytes=23: 00 06 00 2a 00 10 00 11 01 00 01 1f 01 00 01 2d 01 00 01 31 01 00 01 addr: bytes=12: 2a 00 00 00 00 00 00 00 64 00 00 00
T2671 exit  sendto -> 23 (0x17)
T9289 enter recvfrom(0x2a, 0xb4000077ede8a000, 0x2014, 0x40, 0x77bd703b88, 0x77bd703b84)
T9289 exit  recvfrom -> 14 (0xe) bytes=14: 02 06 00 2a 00 07 00 02 04 00 00 00 00 00
T2648 enter sendto(0x4d, 0xb4000077ede0c460, 0xe, 0x40, 0x77e9309b68, 0xc) bytes=14: 00 01 00 af 00 07 00 01 04 00 02 00 00 00 addr: bytes=12: 2a 00 00 00 00 00 00 00 4a 00 00 00
T2648 exit  sendto -> 14 (0xe)
T9306 enter recvfrom(0x4d, 0xb4000077b8a06cc0, 0xa51c, 0x40, 0x77b8d21b88, 0x77b8d21b84)
T9306 exit  recvfrom -> 14 (0xe) bytes=14: 02 01 00 af 00 07 00 02 04 00 00 00 00 00
T2668 enter sendto(0x40, 0xb4000077ede160a0, 0xb, 0x40, 0x77d9f45408, 0xc) bytes=11: 00 05 00 38 00 04 00 18 01 00 01 addr: bytes=12: 2a 00 00 00 00 00 00 00 58 00 00 00
T9303 enter recvfrom(0x40, 0xb4000078960f9000, 0x1d10, 0x40, 0x77b9018b88, 0x77b9018b84)
T2668 exit  sendto -> 11 (0xb)
T9303 exit  recvfrom -> 14 (0xe) bytes=14: 02 05 00 38 00 07 00 02 04 00 00 00 00 00
T2671 enter sendto(0x2a, 0xb40*************, 0x7, 0x40, 0x77d9c4e168, 0xc) bytes=7: 00 07 00 90 00 00 00 addr: bytes=12: 2a 00 00 00 00 00 00 00 64 00 00 00
T2671 exit  sendto -> 7 (0x7)
T9289 enter recvfrom(0x2a, 0xb4000077ede8a000, 0x2014, 0x40, 0x77bd703b88, 0x77bd703b84)
T9289 exit  recvfrom -> 132 (0x84) bytes=132: 02 07 00 90 00 7d 00 02 04 00 00 00 00 00 11 01 00 01 12 01 00 01 13 01 00 01 14 08 00 00 00 00 00 00 00 00 00 15 01 00 00 16 04 00 00 00 00 00 17 01 00 01 18 00 00 19 01 00 01 1a 01 00 01 1b 01 00 01 1c 01 00 00 1d 01 00 01 1e 01 00 00 1f 01 00 00 20 01 00 00 21 01 00 00 22 01 00 01 24 01 00 00 25 04 00 00 00 00 00 26 01 00 00 27 04 00 00 00 00 00 28 04 00 00 00 00 00 29 01 00 00 2a 01 00 00
T2647 enter write(0x54, 0x787e6ad6c3, 0x1, 0, 0, 0) bytes=1: 61
T9327 enter read(0x53, 0x77b84b3b94, 0x1, 0, 0, 0x1)
T9327 exit  read -> 1 (0x1) bytes=1: 61
T2647 exit  write -> 1 (0x1)
T2647 enter socket(0x2a, 0x80002, 0, 0x1, 0, 0)
T2668 enter sendto(0x40, 0xb4000077ede3f858, 0x7, 0x40, 0x77d9f453e8, 0xc) bytes=7: 00 06 00 4f 00 00 00 addr: bytes=12: 2a 00 00 00 00 00 00 00 58 00 00 00
T2668 exit  sendto -> 7 (0x7)
T9303 enter recvfrom(0x40, 0xb4000078960f9000, 0x1d10, 0x40, 0x77b9018b88, 0x77b9018b84)
T9303 exit  recvfrom -> 28 (0x1c) bytes=28: 02 06 00 4f 00 15 00 02 04 00 00 00 00 00 10 04 00 01 00 00 00 11 04 00 00 00 00 00
attached new tid=9329
T9329 enter socket(0x1, 0x80001, 0, 0x77b31bc714, 0x1388, 0)
T9329 exit  socket -> 86 (0x56)
T9329 enter connect(0x56, 0x77b31bc610, 0x2a, 0x43a8ac3ba, 0xffffffffffffff, 0x222ae)
T9329 exit  connect -> 0 (0)
T9329 enter sendto(0x56, 0xb4000077ede3f1e0, 0x8, 0x4040, 0, 0) bytes=8: 08 00 00 10 0d 00 00 00
T9329 exit  sendto -> 8 (0x8)
T9329 enter recvfrom(0x56, 0xb4000077b897a380, 0x800, 0, 0, 0)
T2649 enter sendto(0x40, 0xb4000077c4e6c2a0, 0xe, 0x40, 0x77e820d228, 0xc) bytes=14: 00 07 00 34 00 07 00 12 04 00 01 00 00 00 addr: bytes=12: 2a 00 00 00 00 00 00 00 58 00 00 00
T9329 exit  recvfrom -> 8 (0x8) bytes=8: 08 00 00 10 0e 00 00 00
T9329 enter close(0x56, 0x56, 0x20**************, 0x30**************, 0x10, 0)
T9329 exit  close -> 0 (0)
T9303 enter recvfrom(0x40, 0xb4000078960f9000, 0x1d10, 0x40, 0x77b9018b88, 0x77b9018b84)
T9303 exit  recvfrom -> 14 (0xe) bytes=14: 02 07 00 34 00 07 00 02 04 00 00 00 00 00
T2649 exit  sendto -> 14 (0xe)
T2647 exit  socket -> 85 (0x55)
T2647 enter sendto(0x55, 0x77e9406b80, 0x14, 0, 0x77e9406b70, 0xc) bytes=20: 0a 00 00 00 03 00 00 00 00 00 00 00 00 00 00 00 00 00 00 00 addr: bytes=12: 2a 00 00 00 01 00 00 00 fe ff ff ff
T2647 exit  sendto -> 20 (0x14)
T2647 enter recvfrom(0x55, 0x77e9406bd0, 0x14, 0, 0, 0)
T2647 exit  recvfrom -> 20 (0x14) bytes=20: 04 00 00 00 03 00 00 00 01 00 00 00 00 00 00 00 46 00 00 00
T2647 enter recvfrom(0x55, 0x77e9406bd0, 0x14, 0, 0, 0)
T2647 exit  recvfrom -> 20 (0x14) bytes=20: 04 00 00 00 00 00 00 00 00 00 00 00 00 00 00 00 00 00 00 00
T2647 enter close(0x55, 0x55, 0x14, 0, 0x14, 0)
T2647 exit  close -> 0 (0)
T2647 enter socket(0x2a, 0x80002, 0, 0x1, 0x77e9406c6c, 0xb400007896062f00)
T2647 exit  socket -> 85 (0x55)
T2647 enter sendto(0x55, 0x77e9406b80, 0x14, 0, 0x77e9406b70, 0xc) bytes=20: 0a 00 00 00 03 00 00 00 00 00 00 00 00 00 00 00 00 00 00 00 addr: bytes=12: 2a 00 00 00 01 00 00 00 fe ff ff ff
T2647 exit  sendto -> 20 (0x14)
T2647 enter recvfrom(0x55, 0x77e9406bd0, 0x14, 0, 0, 0)
T2647 exit  recvfrom -> 20 (0x14) bytes=20: 04 00 00 00 03 00 00 00 01 00 00 00 00 00 00 00 46 00 00 00
T2668 enter sendto(0x40, 0xb4000077ede160a0, 0xb, 0x40, 0x77d9f453f8, 0xc) bytes=11: 00 08 00 38 00 04 00 18 01 00 01 addr: bytes=12: 2a 00 00 00 00 00 00 00 58 00 00 00
T2668 exit  sendto -> 11 (0xb)
T9303 enter recvfrom(0x40, 0xb4000078960f9000, 0x1d10, 0x40, 0x77b9018b88, 0x77b9018b84)
T9303 exit  recvfrom -> 14 (0xe) bytes=14: 02 08 00 38 00 07 00 02 04 00 00 00 00 00
T2671 enter sendto(0x35, 0xb4000077ede16d00, 0x2b, 0x40, 0x77d9c4e238, 0xc) bytes=43: 00 02 00 22 00 24 00 10 01 00 01 11 01 00 01 12 01 00 01 13 01 00 01 19 01 00 01 1b 01 00 01 1e 01 00 01 1f 01 00 01 23 01 00 01 addr: bytes=12: 2a 00 00 00 00 00 00 00 62 00 00 00
T2647 enter recvfrom(0x55, 0x77e9406bd0, 0x14, 0, 0, 0)
T2671 exit  sendto -> 43 (0x2b)
T9292 enter recvfrom(0x35, 0xb4000077edf76000, 0x2014, 0x40, 0x77bb40cb88, 0x77bb40cb84)
T9292 exit  recvfrom -> 14 (0xe) bytes=14: 02 02 00 22 00 07 00 02 04 00 00 00 00 00
T2647 exit  recvfrom -> 20 (0x14) bytes=20: 04 00 00 00 00 00 00 00 00 00 00 00 00 00 00 00 00 00 00 00
T2647 enter close(0x55, 0x55, 0x14, 0, 0x14, 0)
T2647 exit  close -> 0 (0)
T2668 enter sendto(0x41, 0xb4000077edf10140, 0xb, 0x40, 0x77d9f45368, 0xc) bytes=11: 00 02 00 03 00 04 00 13 01 00 01 addr: bytes=12: 2a 00 00 00 00 00 00 00 61 00 00 00
T2668 exit  sendto -> 11 (0xb)
T9302 enter recvfrom(0x41, 0xb4000077edfb0000, 0x2014, 0x40, 0x77b9115b88, 0x77b9115b84)
T9302 exit  recvfrom -> 14 (0xe) bytes=14: 02 02 00 03 00 07 00 02 04 00 00 00 00 00
T2671 enter sendto(0x35, 0xb4000077ede16d00, 0xb, 0x40, 0x77d9c4e238, 0xc) bytes=11: 00 03 00 22 00 04 00 18 01 00 01 addr: bytes=12: 2a 00 00 00 00 00 00 00 62 00 00 00
T2671 exit  sendto -> 11 (0xb)
T9292 enter recvfrom(0x35, 0xb4000077edf76000, 0x2014, 0x40, 0x77bb40cb88, 0x77bb40cb84)
T9292 exit  recvfrom -> 14 (0xe) bytes=14: 02 03 00 22 00 07 00 02 04 00 00 00 00 00
T2668 enter sendto(0x40, 0xb4000077ede0c3f0, 0xb, 0x40, 0x77d9f453c8, 0xc) bytes=11: 00 09 00 78 00 04 00 10 01 00 01 addr: bytes=12: 2a 00 00 00 00 00 00 00 58 00 00 00
T2668 exit  sendto -> 11 (0xb)
T9303 enter recvfrom(0x40, 0xb4000078960f9000, 0x1d10, 0x40, 0x77b9018b88, 0x77b9018b84)
T9303 exit  recvfrom -> 14 (0xe) bytes=14: 02 09 00 78 00 07 00 02 04 00 01 00 5e 00
T2647 enter sendto(0x50, 0xb4000077c4e7e580, 0xb, 0x40, 0x77e9406b98, 0xc) bytes=11: 00 01 00 45 00 04 00 01 01 00 01 addr: bytes=12: 2a 00 00 00 00 00 00 00 46 00 00 00
T2647 exit  sendto -> 11 (0xb)
T9327 enter recvfrom(0x50, 0xb4000077c4f159c0, 0x8f2c, 0x40, 0x77b84b3b88, 0x77b84b3b84)
T9327 exit  recvfrom -> 14 (0xe) bytes=14: 02 01 00 45 00 07 00 02 04 00 00 00 00 00
T2649 enter sendto(0x40, 0xb4000077c4e6c2a0, 0x15, 0x40, 0x77e820d158, 0xc) bytes=21: 00 0a 00 65 00 0e 00 11 04 00 02 00 00 00 12 04 00 02 00 00 00 addr: bytes=12: 2a 00 00 00 00 00 00 00 58 00 00 00
T2649 exit  sendto -> 21 (0x15)
T9303 enter recvfrom(0x40, 0xb4000078960f9000, 0x1d10, 0x40, 0x77b9018b88, 0x77b9018b84)
T9303 exit  recvfrom -> 28 (0x1c) bytes=28: 02 0a 00 65 00 15 00 02 04 00 00 00 00 00 11 04 00 02 00 00 00 12 04 00 02 00 00 00
T9286 enter recvfrom(0x29, 0xb4000077edf11dc0, 0x66b8, 0x40, 0x77bf800b88, 0x77bf800b84)
T9286 exit  recvfrom -> 94 (0x5e) bytes=94: 04 01 00 48 00 57 00 13 05 00 02 01 00 02 03 12 03 00 02 00 00 11 24 00 02 02 00 00 00 00 15 3b 9e 97 80 1f c6 80 31 e0 73 fe 21 1b 66 d0 02 5e ab 15 00 e2 00 00 00 00 00 00 00 00 10 1f 00 02 02 00 00 00 01 00 00 00 01 0a 98 93 88 80 64 50 06 39 87 f6 01 00 00 00 01 00 00 00 02 00
T9286 enter recvfrom(0x29, 0xb4000077edf11dc0, 0x66b8, 0x40, 0x77bf800b88, 0x77bf800b84)
T2671 enter write(0x7, 0x787b896727, 0x1, 0x2, 0x2, 0x787f5d15c8) bytes=1: 20
T9286 exit  recvfrom -> 176 (0xb0) bytes=160: 04 02 00 32 00 a9 00 15 03 00 02 00 00 14 26 00 02 0a 98 93 88 80 64 50 06 39 87 f6 15 3b 9e 97 80 1f c6 80 31 e0 73 fe 21 1b 66 d0 02 5e ab 15 00 e2 00 00 00 00 13 09 00 02 00 00 00 00 00 00 00 00 12 35 00 02 00 00 ff ff 02 ff ff ff ff 02 01 00 00 00 00 01 02 07 02 0b 00 00 10 a0 00 00 00 87 10 02 ff 39 ff ff 89 01 01 01 00 00 03 03 0a 01 03 0a 02 00 00 00 03 00 10 33 00 00 00 ff ff ff ff ff ff 02 01 00 00 00 00 01 02 07 02 0b 00 00 10 a0 00 00 00 87 10 02 ff 39 ff ff 89 01
T2671 exit  write -> 1 (0x1)
T2668 enter sendto(0x40, 0xb4000077edf10140, 0xb, 0x40, 0x77d9f450c8, 0xc) bytes=11: 00 0b 00 25 00 04 00 13 01 00 01 addr: bytes=12: 2a 00 00 00 00 00 00 00 58 00 00 00
T2668 exit  sendto -> 11 (0xb)
T9303 enter recvfrom(0x40, 0xb4000078960f9000, 0x1d10, 0x40, 0x77b9018b88, 0x77b9018b84)
T9303 exit  recvfrom -> 14 (0xe) bytes=14: 02 0b 00 25 00 07 00 02 04 00 00 00 00 00
T2668 enter sendto(0x4d, 0xb4000077ede2bc00, 0xb, 0x40, 0x77d9f452c8, 0xc) bytes=11: 00 02 00 03 00 04 00 26 01 00 01 addr: bytes=12: 2a 00 00 00 00 00 00 00 4a 00 00 00
T2668 exit  sendto -> 11 (0xb)
T9306 enter recvfrom(0x4d, 0xb4000077b8a06cc0, 0xa51c, 0x40, 0x77b8d21b88, 0x77b8d21b84)
T9306 exit  recvfrom -> 14 (0xe) bytes=14: 02 02 00 03 00 07 00 02 04 00 00 00 00 00
T2668 enter sendto(0x40, 0xb4000077ede160a0, 0xb, 0x40, 0x77d9f45038, 0xc) bytes=11: 00 0c 00 38 00 04 00 15 01 00 01 addr: bytes=12: 2a 00 00 00 00 00 00 00 58 00 00 00
T2668 exit  sendto -> 11 (0xb)
T2659 enter recvfrom(0xa, 0x77e782bb70, 0x14, 0x40, 0, 0)
T9303 enter recvfrom(0x40, 0xb4000078960f9000, 0x1d10, 0x40, 0x77b9018b88, 0x77b9018b84)
T9303 exit  recvfrom -> 14 (0xe) bytes=14: 02 0c 00 38 00 07 00 02 04 00 00 00 00 00
T2668 enter sendto(0x40, 0xb4000077ede3f888, 0x7, 0x40, 0x77d9f45038, 0xc) bytes=7: 00 0d 00 47 00 00 00 addr: bytes=12: 2a 00 00 00 00 00 00 00 58 00 00 00
T2668 exit  sendto -> 7 (0x7)
T2659 exit  recvfrom -> 20 (0x14) bytes=20: 04 00 00 00 47 00 00 00 01 00 00 00 00 00 00 00 6b 00 00 00
T9303 enter recvfrom(0x40, 0xb4000078960f9000, 0x1d10, 0x40, 0x77b9018b88, 0x77b9018b84)
T9303 exit  recvfrom -> 14 (0xe) bytes=14: 02 0d 00 47 00 07 00 02 04 00 01 00 4a 00
T2671 enter sendto(0x3a, 0xb4000078960a9f80, 0x28, 0x40, 0x77d9c4e118, 0xc) bytes=40: 00 02 00 32 00 21 00 01 1a 00 06 00 00 00 ff 02 00 01 ff 02 00 02 00 01 00 03 ff 02 00 04 ff 02 00 05 ff 02 10 01 00 01 addr: bytes=12: 2a 00 00 00 00 00 00 00 5a 00 00 00
T2671 exit  sendto -> 40 (0x28)
T9300 enter recvfrom(0x3a, 0xb4000077c4eb1bc0, 0xb560, 0x40, 0x77c3bf4b88, 0x77c3bf4b84)
T9300 exit  recvfrom -> 14 (0xe) bytes=14: 02 02 00 32 00 07 00 02 04 00 00 00 00 00
T2668 enter sendto(0x4d, 0xb4000077ede2bc00, 0xb, 0x40, 0x77d9f452d8, 0xc) bytes=11: 00 03 00 03 00 04 00 33 01 00 01 addr: bytes=12: 2a 00 00 00 00 00 00 00 4a 00 00 00
T2668 exit  sendto -> 11 (0xb)
T9306 enter recvfrom(0x4d, 0xb4000077b8a06cc0, 0xa51c, 0x40, 0x77b8d21b88, 0x77b8d21b84)
T9306 exit  recvfrom -> 14 (0xe) bytes=14: 02 03 00 03 00 07 00 02 04 00 00 00 00 00
T9306 enter recvfrom(0x4d, 0xb4000077b8a06cc0, 0xa51c, 0x40, 0x77b8d21b88, 0x77b8d21b84)
T9306 exit  recvfrom -> 26 (0x1a) bytes=26: 04 01 00 03 01 13 00 01 03 00 00 00 00 02 04 00 00 00 00 00 10 03 00 00 00 00
T2671 enter sendto(0x3a, 0xb4000077c4fc9040, 0x13, 0x40, 0x77d9c4e118, 0xc) bytes=19: 00 03 00 01 00 0c 00 10 01 00 01 11 01 00 01 12 01 00 01 addr: bytes=12: 2a 00 00 00 00 00 00 00 5a 00 00 00
T2671 exit  sendto -> 19 (0x13)
T9300 enter recvfrom(0x3a, 0xb4000077c4eb1bc0, 0xb560, 0x40, 0x77c3bf4b88, 0x77c3bf4b84)
T9300 exit  recvfrom -> 14 (0xe) bytes=14: 02 03 00 01 00 07 00 02 04 00 00 00 00 00
T2675 enter socket(0x2a, 0x80002, 0, 0x1, 0x77d255ef8c, 0x77d255f230)
T2675 exit  socket -> 85 (0x55)
T2675 enter sendto(0x55, 0x77d255eea0, 0x14, 0, 0x77d255ee90, 0xc) bytes=20: 0a 00 00 00 47 00 00 00 00 00 00 00 00 00 00 00 00 00 00 00 addr: bytes=12: 2a 00 00 00 01 00 00 00 fe ff ff ff
T2675 exit  sendto -> 20 (0x14)
T2675 enter recvfrom(0x55, 0x77d255eef0, 0x14, 0, 0, 0)
T2675 exit  recvfrom -> 20 (0x14) bytes=20: 04 00 00 00 47 00 00 00 01 00 00 00 00 00 00 00 6b 00 00 00
T2675 enter recvfrom(0x55, 0x77d255eef0, 0x14, 0, 0, 0)
T2675 exit  recvfrom -> 20 (0x14) bytes=20: 04 00 00 00 00 00 00 00 00 00 00 00 00 00 00 00 00 00 00 00
T2675 enter close(0x55, 0x55, 0x14, 0, 0x14, 0)
T2675 exit  close -> 0 (0)
T2675 enter socket(0x2a, 0x80002, 0, 0x7895f964d0, 0x7895f964e0, 0)
T2675 exit  socket -> 85 (0x55)
T2668 enter sendto(0x4d, 0xb4000077ede2bc00, 0xb, 0x40, 0x77d9f44ef8, 0xc) bytes=11: 00 04 00 03 00 04 00 27 01 00 01 addr: bytes=12: 2a 00 00 00 00 00 00 00 4a 00 00 00
T2668 exit  sendto -> 11 (0xb)
attached new tid=9330
T9306 enter recvfrom(0x4d, 0xb4000077b8a06cc0, 0xa51c, 0x40, 0x77b8d21b88, 0x77b8d21b84)
T2671 enter sendto(0x3a, 0xb400007896087ca0, 0x17, 0x40, 0x77d9c4e118, 0xc) bytes=23: 00 04 00 47 00 10 00 10 01 00 01 11 01 00 01 13 01 00 01 15 01 00 01 addr: bytes=12: 2a 00 00 00 00 00 00 00 5a 00 00 00
T9306 exit  recvfrom -> 14 (0xe) bytes=14: 02 04 00 03 00 07 00 02 04 00 00 00 00 00
T2671 exit  sendto -> 23 (0x17)
T2675 enter write(0x57, 0x787e6ad6c3, 0x1, 0, 0, 0) bytes=1: 61
T2675 exit  write -> 1 (0x1)
T2675 enter socket(0x2a, 0x80002, 0, 0x1, 0, 0)
T2675 exit  socket -> 88 (0x58)
T2675 enter sendto(0x58, 0x77d255ee50, 0x14, 0, 0x77d255ee40, 0xc) bytes=20: 0a 00 00 00 47 00 00 00 00 00 00 00 00 00 00 00 00 00 00 00 addr: bytes=12: 2a 00 00 00 01 00 00 00 fe ff ff ff
T9300 enter recvfrom(0x3a, 0xb4000077c4eb1bc0, 0xb560, 0x40, 0x77c3bf4b88, 0x77c3bf4b84)
T2675 exit  sendto -> 20 (0x14)
T9300 exit  recvfrom -> 14 (0xe) bytes=14: 02 04 00 47 00 07 00 02 04 00 00 00 00 00
T2675 enter recvfrom(0x58, 0x77d255eea0, 0x14, 0, 0, 0)
T2675 exit  recvfrom -> 20 (0x14) bytes=20: 04 00 00 00 47 00 00 00 01 00 00 00 00 00 00 00 6b 00 00 00
T2675 enter recvfrom(0x58, 0x77d255eea0, 0x14, 0, 0, 0)
T9330 enter read(0x56, 0x77b32b9b94, 0x1, 0, 0, 0x4)
T9330 exit  read -> 1 (0x1) bytes=1: 61
T2675 exit  recvfrom -> 20 (0x14) bytes=20: 04 00 00 00 00 00 00 00 00 00 00 00 00 00 00 00 00 00 00 00
T2675 enter close(0x58, 0x58, 0x14, 0, 0x14, 0)
T2675 exit  close -> 0 (0)
T2675 enter socket(0x2a, 0x80002, 0, 0x1, 0x77d255ef3c, 0xb4000077edf10220)
T2675 exit  socket -> 88 (0x58)
T2675 enter sendto(0x58, 0x77d255ee50, 0x14, 0, 0x77d255ee40, 0xc) bytes=20: 0a 00 00 00 47 00 00 00 00 00 00 00 00 00 00 00 00 00 00 00 addr: bytes=12: 2a 00 00 00 01 00 00 00 fe ff ff ff
T2675 exit  sendto -> 20 (0x14)
T2675 enter recvfrom(0x58, 0x77d255eea0, 0x14, 0, 0, 0)
T2675 exit  recvfrom -> 20 (0x14) bytes=20: 04 00 00 00 47 00 00 00 01 00 00 00 00 00 00 00 6b 00 00 00
T2675 enter recvfrom(0x58, 0x77d255eea0, 0x14, 0, 0, 0)
T2675 exit  recvfrom -> 20 (0x14) bytes=20: 04 00 00 00 00 00 00 00 00 00 00 00 00 00 00 00 00 00 00 00
T2675 enter close(0x58, 0x58, 0x14, 0, 0x14, 0)
T2675 exit  close -> 0 (0)
T2671 enter sendto(0x3a, 0xb40*************, 0x7, 0x40, 0x77d9c4e088, 0xc) bytes=7: 00 05 00 4d 00 00 00 addr: bytes=12: 2a 00 00 00 00 00 00 00 5a 00 00 00
T2671 exit  sendto -> 7 (0x7)
T2675 enter sendto(0x55, 0xb4000077ede3f280, 0x7, 0x40, 0x77d255ee28, 0xc) bytes=7: 00 01 00 20 00 00 00 addr: bytes=12: 2a 00 00 00 00 00 00 00 6b 00 00 00
T2675 exit  sendto -> 7 (0x7)
T9330 enter recvfrom(0x55, 0xb4000077b8a2a000, 0x1688, 0x40, 0x77b32b9b88, 0x77b32b9b84)
T9330 exit  recvfrom -> 14 (0xe) bytes=14: 02 01 00 20 00 07 00 02 04 00 00 00 00 00
T9300 enter recvfrom(0x3a, 0xb4000077c4eb1bc0, 0xb560, 0x40, 0x77c3bf4b88, 0x77c3bf4b84)
T9300 exit  recvfrom -> 54 (0x36) bytes=54: 02 05 00 4d 00 2f 00 02 04 00 00 00 00 00 10 01 00 01 11 01 00 01 12 01 00 00 13 01 00 01 14 01 00 00 15 01 00 01 16 01 00 00 17 01 00 01 18 01 00 01 19 01 00 00
T2668 enter sendto(0x40, 0xb4000077ede0bd80, 0xe, 0x40, 0x77d9f450b8, 0xc) bytes=14: 00 0e 00 65 00 07 00 10 04 00 01 00 00 00 addr: bytes=12: 2a 00 00 00 00 00 00 00 58 00 00 00
T2668 exit  sendto -> 14 (0xe)
T2671 enter sendto(0x3a, 0xb40*************, 0x7, 0x40, 0x77d9c4df28, 0xc) bytes=7: 00 06 00 5c 00 00 00 addr: bytes=12: 2a 00 00 00 00 00 00 00 5a 00 00 00
T9303 enter recvfrom(0x40, 0xb4000078960f9000, 0x1d10, 0x40, 0x77b9018b88, 0x77b9018b84)
T2671 exit  sendto -> 7 (0x7)
T9303 exit  recvfrom -> 14 (0xe) bytes=14: 02 0e 00 65 00 07 00 02 04 00 00 00 00 00
T9300 enter recvfrom(0x3a, 0xb4000077c4eb1bc0, 0xb560, 0x40, 0x77c3bf4b88, 0x77c3bf4b84)
T9300 exit  recvfrom -> 25 (0x19) bytes=25: 02 06 00 5c 00 12 00 02 04 00 00 00 00 00 10 01 00 01 11 04 00 00 00 00 00
T2668 enter sendto(0x2f, 0xb4000077ede0c3f0, 0xe, 0x40, 0x77d9f45ce8, 0xc) bytes=14: 00 02 00 2b 00 07 00 10 04 00 00 00 00 00 addr: bytes=12: 2a 00 00 00 00 00 00 00 5e 00 00 00
T2668 exit  sendto -> 14 (0xe)
T9290 enter recvfrom(0x2f, 0xb4000077edf9d400, 0x1130, 0x40, 0x77bc606b88, 0x77bc606b84)
T9290 exit  recvfrom -> 14 (0xe) bytes=14: 02 02 00 2b 00 07 00 02 04 00 00 00 00 00
T2671 enter sendto(0x3a, 0xb40*************, 0x7, 0x40, 0x77d9c4e098, 0xc) bytes=7: 00 07 00 48 00 00 00 addr: bytes=12: 2a 00 00 00 00 00 00 00 5a 00 00 00
T2671 exit  sendto -> 7 (0x7)
T9300 enter recvfrom(0x3a, 0xb4000077c4eb1bc0, 0xb560, 0x40, 0x77c3bf4b88, 0x77c3bf4b84)
T9300 exit  recvfrom -> 14 (0xe) bytes=14: 02 07 00 48 00 07 00 02 04 00 01 00 34 00
T2616 enter socket(0x2a, 0x80002, 0, 0x1, 0x7c6076afdc, 0x7c6076b260)
T2616 exit  socket -> 31 (0x1f)
T2616 enter sendto(0x1f, 0x7c6076aef0, 0x14, 0, 0x7c6076aee0, 0xc) bytes=20: 0a 00 00 00 24 00 00 00 00 00 00 00 00 00 00 00 00 00 00 00 addr: bytes=12: 2a 00 00 00 01 00 00 00 fe ff ff ff
T2616 exit  sendto -> 20 (0x14)
T2616 enter recvfrom(0x1f, 0x7c6076af40, 0x14, 0, 0, 0)
T2616 exit  recvfrom -> 20 (0x14) bytes=20: 04 00 00 00 24 00 00 00 01 00 00 00 00 00 00 00 21 00 00 00
T2616 enter recvfrom(0x1f, 0x7c6076af40, 0x14, 0, 0, 0)
T2616 exit  recvfrom -> 20 (0x14) bytes=20: 04 00 00 00 00 00 00 00 00 00 00 00 00 00 00 00 00 00 00 00
T2616 enter close(0x1f, 0x1f, 0x14, 0, 0x14, 0)
T2668 enter sendto(0x40, 0xb4000077ede160a0, 0x1b, 0x40, 0x77d9f450b8, 0xc) bytes=27: 00 0f 00 38 00 14 00 1e 01 00 01 1f 01 00 01 22 01 00 01 23 01 00 01 24 01 00 01 addr: bytes=12: 2a 00 00 00 00 00 00 00 58 00 00 00
T2668 exit  sendto -> 27 (0x1b)
T9303 enter recvfrom(0x40, 0xb4000078960f9000, 0x1d10, 0x40, 0x77b9018b88, 0x77b9018b84)
T9303 exit  recvfrom -> 14 (0xe) bytes=14: 02 0f 00 38 00 07 00 02 04 00 00 00 00 00
attached new tid=9331
T2671 enter sendto(0x4a, 0xb4000077c4e6cf20, 0x12, 0x40, 0x77d9c4e1e8, 0xc) bytes=18: 00 02 00 24 00 0b 00 10 08 00 01 00 00 00 00 00 00 00 addr: bytes=12: 2a 00 00 00 00 00 00 00 41 00 00 00
T2671 exit  sendto -> 18 (0x12)
T2649 enter sendto(0x40, 0xb4000077ede3f2c8, 0x7, 0x40, 0x77e820d178, 0xc) bytes=7: 00 10 00 6d 00 00 00 addr: bytes=12: 2a 00 00 00 00 00 00 00 58 00 00 00
T9304 enter recvfrom(0x4a, 0xb4000077b89f5300, 0xe3f0, 0x40, 0x77b8f1bb88, 0x77b8f1bb84)
T9304 exit  recvfrom -> 18 (0x12) bytes=18: 02 02 00 24 00 0b 00 02 04 00 00 00 00 00 10 01 00 01
T2649 exit  sendto -> 7 (0x7)
T9303 enter recvfrom(0x40, 0xb4000078960f9000, 0x1d10, 0x40, 0x77b9018b88, 0x77b9018b84)
T9303 exit  recvfrom -> 19 (0x13) bytes=19: 02 10 00 6d 00 0c 00 02 04 00 00 00 00 00 10 02 00 01 00
T9303 enter recvfrom(0x40, 0xb4000078960f9000, 0x1d10, 0x40, 0x77b9018b88, 0x77b9018b84)
T9303 exit  recvfrom -> 72 (0x48) bytes=72: 04 01 00 6d 00 41 00 01 04 00 01 00 01 00 10 11 00 01 00 00 00 00 00 00 00 00 00 00 00 00 00 00 00 00 11 01 00 00 12 08 00 02 00 00 00 00 00 00 00 13 14 00 01 00 01 00 00 00 00 00 00 00 00 00 00 00 00 00 00 00 00 00
T2671 enter sendto(0x4a, 0xb400007895f4dde0, 0xe, 0x40, 0x77d9c4e1e8, 0xc) bytes=14: 00 03 00 01 00 07 00 01 04 00 04 00 00 00 addr: bytes=12: 2a 00 00 00 00 00 00 00 41 00 00 00
T2671 exit  sendto -> 14 (0xe)
T9304 enter recvfrom(0x4a, 0xb4000077b89f5300, 0xe3f0, 0x40, 0x77b8f1bb88, 0x77b8f1bb84)
T9304 exit  recvfrom -> 21 (0x15) bytes=21: 02 03 00 01 00 0e 00 02 04 00 00 00 00 00 10 04 00 04 00 00 00
T9304 enter recvfrom(0x4a, 0xb4000077b89f5300, 0xe3f0, 0x40, 0x77b8f1bb88, 0x77b8f1bb84)
T9304 exit  recvfrom -> 79 (0x4f) bytes=79: 04 01 00 0c 00 48 00 19 04 00 03 00 00 00 17 20 00 03 07 03 31 31 32 03 31 31 33 03 31 31 34 03 31 31 35 03 31 31 36 03 31 31 37 03 31 31 38 00 00 15 03 00 02 00 00 13 09 00 02 03 39 31 31 03 31 31 32 01 09 00 02 03 39 31 31 03 31 31 32
T2671 enter sendto(0x4a, 0xb400007895f4dde0, 0xe, 0x40, 0x77d9c4e1e8, 0xc) bytes=14: 00 04 00 01 00 07 00 01 04 00 07 00 00 00 addr: bytes=12: 2a 00 00 00 00 00 00 00 41 00 00 00
T2671 exit  sendto -> 14 (0xe)
T9304 enter recvfrom(0x4a, 0xb4000077b89f5300, 0xe3f0, 0x40, 0x77b8f1bb88, 0x77b8f1bb84)
T9304 exit  recvfrom -> 21 (0x15) bytes=21: 02 04 00 01 00 0e 00 02 04 00 00 00 00 00 10 04 00 07 00 00 00
T9304 enter recvfrom(0x4a, 0xb4000077b89f5300, 0xe3f0, 0x40, 0x77b8f1bb88, 0x77b8f1bb84)
T9304 exit  recvfrom -> 11 (0xb) bytes=11: 04 02 00 0d 00 04 00 01 01 00 00
T2649 enter sendto(0x40, 0xb4000078960902a0, 0xe, 0x40, 0x77e820d158, 0xc) bytes=14: 00 11 00 65 00 07 00 11 04 00 02 00 00 00 addr: bytes=12: 2a 00 00 00 00 00 00 00 58 00 00 00
T2649 exit  sendto -> 14 (0xe)
T9303 enter recvfrom(0x40, 0xb4000078960f9000, 0x1d10, 0x40, 0x77b9018b88, 0x77b9018b84)
T9303 exit  recvfrom -> 21 (0x15) bytes=21: 02 11 00 65 00 0e 00 02 04 00 00 00 00 00 11 04 00 02 00 00 00
T2661 enter sendto(0x29, 0xb4000077edecfc00, 0x13, 0x40, 0x77da62ec08, 0xc) bytes=19: 00 07 00 2a 00 0c 00 01 02 00 07 00 02 04 00 01 00 00 00 addr: bytes=12: 2a 00 00 00 00 00 00 00 49 00 00 00
T2661 exit  sendto -> 19 (0x13)
T9286 enter recvfrom(0x29, 0xb4000077edf11dc0, 0x66b8, 0x40, 0x77bf800b88, 0x77bf800b84)
T9286 exit  recvfrom -> 14 (0xe) bytes=14: 02 07 00 2a 00 07 00 02 04 00 00 00 00 00
T2671 enter ioctl(0xf, 0xc0306201, 0x77d9c4e808, 0, 0, 0x1) ioctl_req=0xc0306201
T2671 exit  ioctl -> 0 (0)
T2671 enter ioctl(0xf, 0xc0306201, 0x77d9c4e868, 0, 0, 0x1) ioctl_req=0xc0306201
T2671 exit  ioctl -> 0 (0)
T2671 enter ioctl(0xf, 0xc0306201, 0x77d9c4e848, 0, 0, 0x1) ioctl_req=0xc0306201
T2671 exit  ioctl -> 0 (0)
T2648 enter sendto(0x4d, 0xb4000077edf10700, 0xe, 0x40, 0x77e930a158, 0xc) bytes=14: 00 05 00 00 01 07 00 10 04 00 02 00 00 00 addr: bytes=12: 2a 00 00 00 00 00 00 00 4a 00 00 00
T2648 exit  sendto -> 14 (0xe)
T9306 enter recvfrom(0x4d, 0xb4000077b8a06cc0, 0xa51c, 0x40, 0x77b8d21b88, 0x77b8d21b84)
T9306 exit  recvfrom -> 21 (0x15) bytes=21: 02 05 00 00 01 0e 00 02 04 00 00 00 00 00 10 04 00 02 00 00 00
T2616 exit  close -> 0 (0)
T9331 enter writev(0x4, 0x77b30bf1c0, 0x4, 0x3, 0x77b30bf200, 0x2234a)
T9331 exit  writev -> 107 (0x6b)
T2671 enter ioctl(0xf, 0xc0306201, 0x77d9c4e798, 0, 0, 0x1) ioctl_req=0xc0306201
T2671 exit  ioctl -> 0 (0)
T2591 enter recvfrom(0x11, 0x7c82d2db70, 0x14, 0x40, 0, 0)
T2591 exit  recvfrom -> 20 (0x14) bytes=20: 04 00 00 00 31 00 00 00 01 02 00 00 00 00 00 00 22 00 00 00
T2591 enter recvfrom(0x11, 0x7c82d2db70, 0x14, 0x40, 0, 0)
T2591 exit  recvfrom -> 20 (0x14) bytes=20: 04 00 00 00 2f 04 00 00 01 01 00 00 00 00 00 00 23 00 00 00
T2591 enter recvfrom(0x11, 0x7c82d2db70, 0x14, 0x40, 0, 0)
T2591 exit  recvfrom -> 20 (0x14) bytes=20: 04 00 00 00 11 00 00 00 01 00 00 00 00 00 00 00 31 00 00 00
T2591 enter recvfrom(0x11, 0x7c82d2db70, 0x14, 0x40, 0, 0)
T2591 exit  recvfrom -> 20 (0x14) bytes=20: 04 00 00 00 22 00 00 00 01 00 00 00 00 00 00 00 33 00 00 00
T2591 enter recvfrom(0x11, 0x7c82d2db70, 0x14, 0x40, 0, 0)
T2591 exit  recvfrom -> 20 (0x14) bytes=20: 04 00 00 00 29 00 00 00 01 01 00 00 00 00 00 00 34 00 00 00
T2616 enter socket(0x2a, 0x80002, 0, 0x1, 0x7c6076acbc, 0x7c6076ae00)
T2616 exit  socket -> 31 (0x1f)
T2591 enter recvfrom(0x11, 0x7c82d2db70, 0x14, 0x40, 0, 0)
T2616 enter sendto(0x1f, 0x7c6076abd0, 0x14, 0, 0x7c6076abc0, 0xc) bytes=20: 0a 00 00 00 24 00 00 00 00 00 00 00 00 00 00 00 00 00 00 00 addr: bytes=12: 2a 00 00 00 01 00 00 00 fe ff ff ff
T2591 exit  recvfrom -> 20 (0x14) bytes=20: 04 00 00 00 8c 13 00 00 ef de 00 00 00 00 00 00 35 00 00 00
T2616 exit  sendto -> 20 (0x14)
T2616 enter recvfrom(0x1f, 0x7c6076ac20, 0x14, 0, 0, 0)
T2616 exit  recvfrom -> 20 (0x14) bytes=20: 04 00 00 00 24 00 00 00 01 00 00 00 00 00 00 00 21 00 00 00
T2616 enter recvfrom(0x1f, 0x7c6076ac20, 0x14, 0, 0, 0)
T2616 exit  recvfrom -> 20 (0x14) bytes=20: 04 00 00 00 00 00 00 00 00 00 00 00 00 00 00 00 00 00 00 00
T2616 enter close(0x1f, 0x1f, 0x14, 0, 0x14, 0)
T2616 exit  close -> 0 (0)
T2616 enter socket(0x2a, 0x80002, 0, 0x7c87e08a70, 0x7c87e08a80, 0x8098)
T2591 enter recvfrom(0x11, 0x7c82d2db70, 0x14, 0x40, 0, 0)
T2616 exit  socket -> 31 (0x1f)
T2591 exit  recvfrom -> 20 (0x14) bytes=20: 04 00 00 00 55 00 00 00 01 00 00 00 00 00 00 00 38 00 00 00
T2591 enter recvfrom(0x11, 0x7c82d2db70, 0x14, 0x40, 0, 0)
T2591 exit  recvfrom -> 20 (0x14) bytes=20: 04 00 00 00 4c 00 00 00 01 00 00 00 00 00 00 00 39 00 00 00
T2591 enter recvfrom(0x11, 0x7c82d2db70, 0x14, 0x40, 0, 0)
T2591 exit  recvfrom -> 20 (0x14) bytes=20: 04 00 00 00 37 00 00 00 01 02 00 00 00 00 00 00 3d 00 00 00
T2591 enter recvfrom(0x11, 0x7c82d2db70, 0x14, 0x40, 0, 0)
attached new tid=9332
T2591 exit  recvfrom -> 20 (0x14) bytes=20: 04 00 00 00 32 00 00 00 01 00 00 00 00 00 00 00 3f 00 00 00
T2616 enter write(0x21, 0x7d3c3076c3, 0x1, 0, 0, 0) bytes=1: 61
T2616 exit  write -> 1 (0x1)
T9332 enter read(0x20, 0x7c5e66eb94, 0x1, 0, 0, 0x1)
T9332 exit  read -> 1 (0x1) bytes=1: 61
T9331 enter writev(0x4, 0x77b30bf1c0, 0x4, 0x3, 0x77b30bf200, 0x22424)
T2584 enter socket(0x2a, 0x80002, 0, 0x1, 0x7c83417fdc, 0x7c83418260)
T9331 exit  writev -> 107 (0x6b)
T2591 enter recvfrom(0x11, 0x7c82d2db70, 0x14, 0x40, 0, 0)
T2584 exit  socket -> 34 (0x22)
T2591 exit  recvfrom -> 20 (0x14) bytes=20: 04 00 00 00 0c 00 00 00 01 00 00 00 00 00 00 00 41 00 00 00
T2584 enter sendto(0x22, 0x7c83417ef0, 0x14, 0, 0x7c83417ee0, 0xc) bytes=20: 0a 00 00 00 24 00 00 00 00 00 00 00 00 00 00 00 00 00 00 00 addr: bytes=12: 2a 00 00 00 01 00 00 00 fe ff ff ff
T2584 exit  sendto -> 20 (0x14)
T2584 enter recvfrom(0x22, 0x7c83417f40, 0x14, 0, 0, 0)
T2584 exit  recvfrom -> 20 (0x14) bytes=20: 04 00 00 00 24 00 00 00 01 00 00 00 00 00 00 00 21 00 00 00
T2584 enter recvfrom(0x22, 0x7c83417f40, 0x14, 0, 0, 0)
T2584 exit  recvfrom -> 20 (0x14) bytes=20: 04 00 00 00 00 00 00 00 00 00 00 00 00 00 00 00 00 00 00 00
T2584 enter close(0x22, 0x22, 0x14, 0, 0x14, 0)
T2584 exit  close -> 0 (0)
T2591 enter recvfrom(0x11, 0x7c82d2db70, 0x14, 0x40, 0, 0)
T2616 enter socket(0x2a, 0x80002, 0, 0x1, 0, 0)
T2591 exit  recvfrom -> 20 (0x14) bytes=20: 04 00 00 00 e3 00 00 00 01 00 00 00 00 00 00 00 42 00 00 00
T2616 exit  socket -> 34 (0x22)
T2616 enter sendto(0x22, 0x7c6076ab80, 0x14, 0, 0x7c6076ab70, 0xc) bytes=20: 0a 00 00 00 24 00 00 00 00 00 00 00 00 00 00 00 00 00 00 00 addr: bytes=12: 2a 00 00 00 01 00 00 00 fe ff ff ff
T2616 exit  sendto -> 20 (0x14)
T2616 enter recvfrom(0x22, 0x7c6076abd0, 0x14, 0, 0, 0)
T2616 exit  recvfrom -> 20 (0x14) bytes=20: 04 00 00 00 24 00 00 00 01 00 00 00 00 00 00 00 21 00 00 00
T2616 enter recvfrom(0x22, 0x7c6076abd0, 0x14, 0, 0, 0)
T2616 exit  recvfrom -> 20 (0x14) bytes=20: 04 00 00 00 00 00 00 00 00 00 00 00 00 00 00 00 00 00 00 00
T2616 enter close(0x22, 0x22, 0x14, 0, 0x14, 0)
T2616 exit  close -> 0 (0)
T2608 enter socket(0x2a, 0x80002, 0, 0x1, 0x7c62a61fcc, 0x7c62a62220)
T2608 exit  socket -> 34 (0x22)
T2608 enter sendto(0x22, 0x7c62a61ee0, 0x14, 0, 0x7c62a61ed0, 0xc) bytes=20: 0a 00 00 00 32 00 00 00 00 00 00 00 00 00 00 00 00 00 00 00 addr: bytes=12: 2a 00 00 00 01 00 00 00 fe ff ff ff
T2608 exit  sendto -> 20 (0x14)
T2608 enter recvfrom(0x22, 0x7c62a61f30, 0x14, 0, 0, 0)
T2608 exit  recvfrom -> 20 (0x14) bytes=20: 04 00 00 00 32 00 00 00 01 00 00 00 00 00 00 00 3f 00 00 00
T2608 enter recvfrom(0x22, 0x7c62a61f30, 0x14, 0, 0, 0)
T2608 exit  recvfrom -> 20 (0x14) bytes=20: 04 00 00 00 00 00 00 00 00 00 00 00 00 00 00 00 00 00 00 00
T2608 enter close(0x22, 0x22, 0x14, 0, 0x14, 0)
T2608 exit  close -> 0 (0)
T2616 enter socket(0x2a, 0x80002, 0, 0x1, 0x7c6076ac6c, 0xb400007c87e0bea0)
T2616 exit  socket -> 34 (0x22)
T2616 enter sendto(0x22, 0x7c6076ab80, 0x14, 0, 0x7c6076ab70, 0xc) bytes=20: 0a 00 00 00 24 00 00 00 00 00 00 00 00 00 00 00 00 00 00 00 addr: bytes=12: 2a 00 00 00 01 00 00 00 fe ff ff ff
T2616 exit  sendto -> 20 (0x14)
T2616 enter recvfrom(0x22, 0x7c6076abd0, 0x14, 0, 0, 0)
T2616 exit  recvfrom -> 20 (0x14) bytes=20: 04 00 00 00 24 00 00 00 01 00 00 00 00 00 00 00 21 00 00 00
T2616 enter recvfrom(0x22, 0x7c6076abd0, 0x14, 0, 0, 0)
T2616 exit  recvfrom -> 20 (0x14) bytes=20: 04 00 00 00 00 00 00 00 00 00 00 00 00 00 00 00 00 00 00 00
T2616 enter close(0x22, 0x22, 0x14, 0, 0x14, 0)
T2591 enter recvfrom(0x11, 0x7c82d2db70, 0x14, 0x40, 0, 0)
T2616 exit  close -> 0 (0)
T2615 enter socket(0x2a, 0x80002, 0, 0x1, 0x7c60867fdc, 0x7c60868260)
T2615 exit  socket -> 34 (0x22)
T2615 enter sendto(0x22, 0x7c60867ef0, 0x14, 0, 0x7c60867ee0, 0xc) bytes=20: 0a 00 00 00 e3 00 00 00 00 00 00 00 00 00 00 00 00 00 00 00 addr: bytes=12: 2a 00 00 00 01 00 00 00 fe ff ff ff
T2615 exit  sendto -> 20 (0x14)
T2615 enter recvfrom(0x22, 0x7c60867f40, 0x14, 0, 0, 0)
T2591 exit  recvfrom -> 20 (0x14) bytes=20: 04 00 00 00 09 00 00 00 02 00 00 00 00 00 00 00 45 00 00 00
T2615 exit  recvfrom -> 20 (0x14) bytes=20: 04 00 00 00 e3 00 00 00 01 00 00 00 00 00 00 00 42 00 00 00
T2615 enter recvfrom(0x22, 0x7c60867f40, 0x14, 0, 0, 0)
T2615 exit  recvfrom -> 20 (0x14) bytes=20: 04 00 00 00 00 00 00 00 00 00 00 00 00 00 00 00 00 00 00 00
T2615 enter close(0x22, 0x22, 0x14, 0, 0x14, 0)
T2615 exit  close -> 0 (0)
T2608 enter socket(0x2a, 0x80002, 0, 0x7c96e4c8b0, 0x7c96e4c8c0, 0)
T2608 exit  socket -> 34 (0x22)
attached new tid=9353
T2608 enter write(0x24, 0x7d3c3076c3, 0x1, 0x8, 0x7c5d571d00, 0x7d35c1fd2c) bytes=1: 61
T2608 exit  write -> 1 (0x1)
T9353 enter read(0x23, 0x7c5d571b94, 0x1, 0, 0, 0x4)
T9353 exit  read -> 1 (0x1) bytes=1: 61
T4276 enter socket(0x2a, 0x80002, 0, 0x2, 0x7c4a9c4fdc, 0x7c4a9c5260)
T4276 exit  socket -> 38 (0x26)
T4276 enter sendto(0x26, 0x7c4a9c4ef0, 0x14, 0, 0x7c4a9c4ee0, 0xc) bytes=20: 0a 00 00 00 09 00 00 00 00 00 00 00 00 00 00 00 00 00 00 00 addr: bytes=12: 2a 00 00 00 01 00 00 00 fe ff ff ff
T4276 exit  sendto -> 20 (0x14)
T4276 enter recvfrom(0x26, 0x7c4a9c4f40, 0x14, 0, 0, 0)
T4276 exit  recvfrom -> 20 (0x14) bytes=20: 04 00 00 00 09 00 00 00 02 00 00 00 00 00 00 00 45 00 00 00
T4276 enter recvfrom(0x26, 0x7c4a9c4f40, 0x14, 0, 0, 0)
T4276 exit  recvfrom -> 20 (0x14) bytes=20: 04 00 00 00 00 00 00 00 00 00 00 00 00 00 00 00 00 00 00 00
T4276 enter close(0x26, 0x26, 0x14, 0, 0x14, 0)
T4276 exit  close -> 0 (0)
T4275 enter socket(0x2a, 0x80002, 0, 0x2, 0x7c65dfafdc, 0x7c65dfb260)
T4275 exit  socket -> 38 (0x26)
T4275 enter sendto(0x26, 0x7c65dfaef0, 0x14, 0, 0x7c65dfaee0, 0xc) bytes=20: 0a 00 00 00 09 00 00 00 00 00 00 00 00 00 00 00 00 00 00 00 addr: bytes=12: 2a 00 00 00 01 00 00 00 fe ff ff ff
T4275 exit  sendto -> 20 (0x14)
T4275 enter recvfrom(0x26, 0x7c65dfaf40, 0x14, 0, 0, 0)
T4275 exit  recvfrom -> 20 (0x14) bytes=20: 04 00 00 00 09 00 00 00 02 00 00 00 00 00 00 00 45 00 00 00
T4275 enter recvfrom(0x26, 0x7c65dfaf40, 0x14, 0, 0, 0)
T4275 exit  recvfrom -> 20 (0x14) bytes=20: 04 00 00 00 00 00 00 00 00 00 00 00 00 00 00 00 00 00 00 00
T4275 enter close(0x26, 0x26, 0x14, 0, 0x14, 0)
T4275 exit  close -> 0 (0)
T2608 enter socket(0x2a, 0x80002, 0, 0x1, 0, 0)
T2608 exit  socket -> 38 (0x26)
T2608 enter sendto(0x26, 0x7c62a61e90, 0x14, 0, 0x7c62a61e80, 0xc) bytes=20: 0a 00 00 00 32 00 00 00 00 00 00 00 00 00 00 00 00 00 00 00 addr: bytes=12: 2a 00 00 00 01 00 00 00 fe ff ff ff
T2608 exit  sendto -> 20 (0x14)
T2608 enter recvfrom(0x26, 0x7c62a61ee0, 0x14, 0, 0, 0)
T2608 exit  recvfrom -> 20 (0x14) bytes=20: 04 00 00 00 32 00 00 00 01 00 00 00 00 00 00 00 3f 00 00 00
T2608 enter recvfrom(0x26, 0x7c62a61ee0, 0x14, 0, 0, 0)
T2608 exit  recvfrom -> 20 (0x14) bytes=20: 04 00 00 00 00 00 00 00 00 00 00 00 00 00 00 00 00 00 00 00
T2608 enter close(0x26, 0x26, 0x14, 0, 0x14, 0)
T2608 exit  close -> 0 (0)
T2608 enter socket(0x2a, 0x80002, 0, 0x1, 0x7c62a61f7c, 0xb400007c96f5ec20)
T2608 exit  socket -> 38 (0x26)
T2608 enter sendto(0x26, 0x7c62a61e90, 0x14, 0, 0x7c62a61e80, 0xc) bytes=20: 0a 00 00 00 32 00 00 00 00 00 00 00 00 00 00 00 00 00 00 00 addr: bytes=12: 2a 00 00 00 01 00 00 00 fe ff ff ff
T2608 exit  sendto -> 20 (0x14)
T2608 enter recvfrom(0x26, 0x7c62a61ee0, 0x14, 0, 0, 0)
T2608 exit  recvfrom -> 20 (0x14) bytes=20: 04 00 00 00 32 00 00 00 01 00 00 00 00 00 00 00 3f 00 00 00
T2608 enter recvfrom(0x26, 0x7c62a61ee0, 0x14, 0, 0, 0)
T2608 exit  recvfrom -> 20 (0x14) bytes=20: 04 00 00 00 00 00 00 00 00 00 00 00 00 00 00 00 00 00 00 00
T2608 enter close(0x26, 0x26, 0x14, 0, 0x14, 0)
T2608 exit  close -> 0 (0)
T2591 enter recvfrom(0x11, 0x7c82d2db70, 0x14, 0x40, 0, 0)
T4276 enter socket(0x2a, 0x80002, 0, 0x2, 0x7c4a9c4cbc, 0x7c4a9c4e00)
T2591 exit  recvfrom -> 20 (0x14) bytes=20: 04 00 00 00 03 00 00 00 01 00 00 00 00 00 00 00 46 00 00 00
T4276 exit  socket -> 38 (0x26)
T4276 enter sendto(0x26, 0x7c4a9c4bd0, 0x14, 0, 0x7c4a9c4bc0, 0xc) bytes=20: 0a 00 00 00 09 00 00 00 00 00 00 00 00 00 00 00 00 00 00 00 addr: bytes=12: 2a 00 00 00 01 00 00 00 fe ff ff ff
T4276 exit  sendto -> 20 (0x14)
T4276 enter recvfrom(0x26, 0x7c4a9c4c20, 0x14, 0, 0, 0)
T4276 exit  recvfrom -> 20 (0x14) bytes=20: 04 00 00 00 09 00 00 00 02 00 00 00 00 00 00 00 45 00 00 00
T4276 enter recvfrom(0x26, 0x7c4a9c4c20, 0x14, 0, 0, 0)
T4276 exit  recvfrom -> 20 (0x14) bytes=20: 04 00 00 00 00 00 00 00 00 00 00 00 00 00 00 00 00 00 00 00
T4276 enter close(0x26, 0x26, 0x14, 0, 0x14, 0)
T4276 exit  close -> 0 (0)
T4276 enter socket(0x2a, 0x80002, 0, 0x7c96e505f0, 0x7c96e50600, 0xa02c)
T4275 enter socket(0x2a, 0x80002, 0, 0x2, 0x7c65dfacbc, 0x7c65dfae00)
T4276 exit  socket -> 38 (0x26)
T4275 exit  socket -> 39 (0x27)
T4275 enter sendto(0x27, 0x7c65dfabd0, 0x14, 0, 0x7c65dfabc0, 0xc) bytes=20: 0a 00 00 00 09 00 00 00 00 00 00 00 00 00 00 00 00 00 00 00 addr: bytes=12: 2a 00 00 00 01 00 00 00 fe ff ff ff
T4275 exit  sendto -> 20 (0x14)
T4275 enter recvfrom(0x27, 0x7c65dfac20, 0x14, 0, 0, 0)
T4275 exit  recvfrom -> 20 (0x14) bytes=20: 04 00 00 00 09 00 00 00 02 00 00 00 00 00 00 00 45 00 00 00
attached new tid=9354
T4275 enter recvfrom(0x27, 0x7c65dfac20, 0x14, 0, 0, 0)
T4275 exit  recvfrom -> 20 (0x14) bytes=20: 04 00 00 00 00 00 00 00 00 00 00 00 00 00 00 00 00 00 00 00
T4275 enter close(0x27, 0x27, 0x14, 0, 0x14, 0)
T4275 exit  close -> 0 (0)
T4276 enter write(0x29, 0x7d3c3076c3, 0x1, 0, 0, 0) bytes=1: 61
T4276 exit  write -> 1 (0x1)
T4275 enter socket(0x2a, 0x80002, 0, 0x7c87e0a5f0, 0x7c87e0a600, 0xa02c)
T2615 enter socket(0x2a, 0x80002, 0, 0x1, 0x7c60867cbc, 0x7c60867e00)
T4275 exit  socket -> 39 (0x27)
T2615 exit  socket -> 42 (0x2a)
T2615 enter sendto(0x2a, 0x7c60867bd0, 0x14, 0, 0x7c60867bc0, 0xc) bytes=20: 0a 00 00 00 e3 00 00 00 00 00 00 00 00 00 00 00 00 00 00 00 addr: bytes=12: 2a 00 00 00 01 00 00 00 fe ff ff ff
T9354 enter read(0x28, 0x7c5c474b94, 0x1, 0, 0, 0x1)
T2615 exit  sendto -> 20 (0x14)
T9354 exit  read -> 1 (0x1) bytes=1: 61
T2615 enter recvfrom(0x2a, 0x7c60867c20, 0x14, 0, 0, 0)
T2615 exit  recvfrom -> 20 (0x14) bytes=20: 04 00 00 00 e3 00 00 00 01 00 00 00 00 00 00 00 42 00 00 00
T2615 enter recvfrom(0x2a, 0x7c60867c20, 0x14, 0, 0, 0)
T2615 exit  recvfrom -> 20 (0x14) bytes=20: 04 00 00 00 00 00 00 00 00 00 00 00 00 00 00 00 00 00 00 00
T2615 enter close(0x2a, 0x2a, 0x14, 0, 0x14, 0)
T2615 exit  close -> 0 (0)
attached new tid=9355
T2615 enter socket(0x2a, 0x80002, 0, 0x7c96e4ecf0, 0x7c96e4ed00, 0x200c)
T2615 exit  socket -> 42 (0x2a)
T4275 enter write(0x2c, 0x7d3c3076c3, 0x1, 0, 0, 0) bytes=1: 61
T4275 exit  write -> 1 (0x1)
T9355 enter read(0x2b, 0x7c5b377b94, 0x1, 0, 0, 0)
T9355 exit  read -> 1 (0x1) bytes=1: 61
attached new tid=9356
T2615 enter write(0x2e, 0x7d3c3076c3, 0x1, 0, 0, 0) bytes=1: 61
T2615 exit  write -> 1 (0x1)
T9356 enter read(0x2d, 0x7c5b27ab94, 0x1, 0, 0, 0x4)
T9356 exit  read -> 1 (0x1) bytes=1: 61
T4276 enter socket(0x2a, 0x80002, 0, 0x2, 0, 0)
T4276 exit  socket -> 47 (0x2f)
T4276 enter sendto(0x2f, 0x7c4a9c4b80, 0x14, 0, 0x7c4a9c4b70, 0xc) bytes=20: 0a 00 00 00 09 00 00 00 00 00 00 00 00 00 00 00 00 00 00 00 addr: bytes=12: 2a 00 00 00 01 00 00 00 fe ff ff ff
T4276 exit  sendto -> 20 (0x14)
T4276 enter recvfrom(0x2f, 0x7c4a9c4bd0, 0x14, 0, 0, 0)
T4276 exit  recvfrom -> 20 (0x14) bytes=20: 04 00 00 00 09 00 00 00 02 00 00 00 00 00 00 00 45 00 00 00
T4276 enter recvfrom(0x2f, 0x7c4a9c4bd0, 0x14, 0, 0, 0)
T4276 exit  recvfrom -> 20 (0x14) bytes=20: 04 00 00 00 00 00 00 00 00 00 00 00 00 00 00 00 00 00 00 00
T4276 enter close(0x2f, 0x2f, 0x14, 0, 0x14, 0)
T4276 exit  close -> 0 (0)
T4276 enter socket(0x2a, 0x80002, 0, 0x2, 0x7c4a9c4c6c, 0xb400007c95807e80)
T4276 exit  socket -> 47 (0x2f)
T4276 enter sendto(0x2f, 0x7c4a9c4b80, 0x14, 0, 0x7c4a9c4b70, 0xc) bytes=20: 0a 00 00 00 09 00 00 00 00 00 00 00 00 00 00 00 00 00 00 00 addr: bytes=12: 2a 00 00 00 01 00 00 00 fe ff ff ff
T4276 exit  sendto -> 20 (0x14)
T4276 enter recvfrom(0x2f, 0x7c4a9c4bd0, 0x14, 0, 0, 0)
T2591 enter recvfrom(0x11, 0x7c82d2db70, 0x14, 0x40, 0, 0)
T2591 exit  recvfrom -> 20 (0x14) bytes=20: 04 00 00 00 0a 00 00 00 02 00 00 00 00 00 00 00 47 00 00 00
T4276 exit  recvfrom -> 20 (0x14) bytes=20: 04 00 00 00 09 00 00 00 02 00 00 00 00 00 00 00 45 00 00 00
T4276 enter recvfrom(0x2f, 0x7c4a9c4bd0, 0x14, 0, 0, 0)
T4276 exit  recvfrom -> 20 (0x14) bytes=20: 04 00 00 00 00 00 00 00 00 00 00 00 00 00 00 00 00 00 00 00
T4276 enter close(0x2f, 0x2f, 0x14, 0, 0x14, 0)
T4276 exit  close -> 0 (0)
T2615 enter socket(0x2a, 0x80002, 0, 0x1, 0, 0)
T2615 exit  socket -> 47 (0x2f)
T2615 enter sendto(0x2f, 0x7c60867b80, 0x14, 0, 0x7c60867b70, 0xc) bytes=20: 0a 00 00 00 e3 00 00 00 00 00 00 00 00 00 00 00 00 00 00 00 addr: bytes=12: 2a 00 00 00 01 00 00 00 fe ff ff ff
T2615 exit  sendto -> 20 (0x14)
T2615 enter recvfrom(0x2f, 0x7c60867bd0, 0x14, 0, 0, 0)
T2591 enter recvfrom(0x11, 0x7c82d2db70, 0x14, 0x40, 0, 0)
T2591 exit  recvfrom -> 20 (0x14) bytes=20: 04 00 00 00 2f 00 00 00 01 00 00 00 00 00 00 00 48 00 00 00
T2615 exit  recvfrom -> 20 (0x14) bytes=20: 04 00 00 00 e3 00 00 00 01 00 00 00 00 00 00 00 42 00 00 00
T2615 enter recvfrom(0x2f, 0x7c60867bd0, 0x14, 0, 0, 0)
T2615 exit  recvfrom -> 20 (0x14) bytes=20: 04 00 00 00 00 00 00 00 00 00 00 00 00 00 00 00 00 00 00 00
T4276 enter sendto(0x26, 0xb400007c958062c0, 0xb, 0x40, 0x7c4a9c4b68, 0xc) bytes=11: 00 01 00 44 00 04 00 01 01 00 01 addr: bytes=12: 2a 00 00 00 00 00 00 00 45 00 00 00
T2615 enter close(0x2f, 0x2f, 0x14, 0, 0x14, 0)
T4276 exit  sendto -> 11 (0xb)
T2615 exit  close -> 0 (0)
T2615 enter socket(0x2a, 0x80002, 0, 0x1, 0x7c60867c6c, 0xb400007c96f5ecc0)
T2615 exit  socket -> 47 (0x2f)
T9354 enter recvfrom(0x26, 0xb400007c87f3b780, 0xa034, 0x40, 0x7c5c474b88, 0x7c5c474b84)
T9354 exit  recvfrom -> 14 (0xe) bytes=14: 02 01 00 44 00 07 00 02 04 00 00 00 00 00
T2615 enter sendto(0x2f, 0x7c60867b80, 0x14, 0, 0x7c60867b70, 0xc) bytes=20: 0a 00 00 00 e3 00 00 00 00 00 00 00 00 00 00 00 00 00 00 00 addr: bytes=12: 2a 00 00 00 01 00 00 00 fe ff ff ff
T2615 exit  sendto -> 20 (0x14)
T2615 enter recvfrom(0x2f, 0x7c60867bd0, 0x14, 0, 0, 0)
T2591 enter recvfrom(0x11, 0x7c82d2db70, 0x14, 0x40, 0, 0)
T2591 exit  recvfrom -> 20 (0x14) bytes=20: 04 00 00 00 0b 00 00 00 01 00 00 00 00 00 00 00 49 00 00 00
T2615 exit  recvfrom -> 20 (0x14) bytes=20: 04 00 00 00 e3 00 00 00 01 00 00 00 00 00 00 00 42 00 00 00
T2615 enter recvfrom(0x2f, 0x7c60867bd0, 0x14, 0, 0, 0)
T2615 exit  recvfrom -> 20 (0x14) bytes=20: 04 00 00 00 00 00 00 00 00 00 00 00 00 00 00 00 00 00 00 00
T2615 enter close(0x2f, 0x2f, 0x14, 0, 0x14, 0)
T2615 exit  close -> 0 (0)
T2766 enter socket(0x2a, 0x80002, 0, 0x2, 0x7c5b17d12c, 0x7c5b17d240)
T2766 exit  socket -> 47 (0x2f)
T2766 enter sendto(0x2f, 0x7c5b17d040, 0x14, 0, 0x7c5b17d030, 0xc) bytes=20: 0a 00 00 00 0a 00 00 00 00 00 00 00 00 00 00 00 00 00 00 00 addr: bytes=12: 2a 00 00 00 01 00 00 00 fe ff ff ff
T2766 exit  sendto -> 20 (0x14)
T2766 enter recvfrom(0x2f, 0x7c5b17d090, 0x14, 0, 0, 0)
T2766 exit  recvfrom -> 20 (0x14) bytes=20: 04 00 00 00 0a 00 00 00 02 00 00 00 00 00 00 00 47 00 00 00
T2766 enter recvfrom(0x2f, 0x7c5b17d090, 0x14, 0, 0, 0)
T2766 exit  recvfrom -> 20 (0x14) bytes=20: 04 00 00 00 00 00 00 00 00 00 00 00 00 00 00 00 00 00 00 00
T2766 enter close(0x2f, 0x2f, 0x14, 0, 0x14, 0)
T2766 exit  close -> 0 (0)
T4275 enter socket(0x2a, 0x80002, 0, 0x2, 0, 0)
T4275 exit  socket -> 47 (0x2f)
T4275 enter sendto(0x2f, 0x7c65dfab80, 0x14, 0, 0x7c65dfab70, 0xc) bytes=20: 0a 00 00 00 09 00 00 00 00 00 00 00 00 00 00 00 00 00 00 00 addr: bytes=12: 2a 00 00 00 01 00 00 00 fe ff ff ff
T4275 exit  sendto -> 20 (0x14)
T4275 enter recvfrom(0x2f, 0x7c65dfabd0, 0x14, 0, 0, 0)
T4275 exit  recvfrom -> 20 (0x14) bytes=20: 04 00 00 00 09 00 00 00 02 00 00 00 00 00 00 00 45 00 00 00
T4275 enter recvfrom(0x2f, 0x7c65dfabd0, 0x14, 0, 0, 0)
T4275 exit  recvfrom -> 20 (0x14) bytes=20: 04 00 00 00 00 00 00 00 00 00 00 00 00 00 00 00 00 00 00 00
T4275 enter close(0x2f, 0x2f, 0x14, 0, 0x14, 0)
T4275 exit  close -> 0 (0)
T4275 enter socket(0x2a, 0x80002, 0, 0x2, 0x7c65dfac6c, 0xb400007c87ee90e0)
T4275 exit  socket -> 47 (0x2f)
T4275 enter sendto(0x2f, 0x7c65dfab80, 0x14, 0, 0x7c65dfab70, 0xc) bytes=20: 0a 00 00 00 09 00 00 00 00 00 00 00 00 00 00 00 00 00 00 00 addr: bytes=12: 2a 00 00 00 01 00 00 00 fe ff ff ff
T4275 exit  sendto -> 20 (0x14)
T4275 enter recvfrom(0x2f, 0x7c65dfabd0, 0x14, 0, 0, 0)
T4275 exit  recvfrom -> 20 (0x14) bytes=20: 04 00 00 00 09 00 00 00 02 00 00 00 00 00 00 00 45 00 00 00
T4275 enter recvfrom(0x2f, 0x7c65dfabd0, 0x14, 0, 0, 0)
T4275 exit  recvfrom -> 20 (0x14) bytes=20: 04 00 00 00 00 00 00 00 00 00 00 00 00 00 00 00 00 00 00 00
T4275 enter close(0x2f, 0x2f, 0x14, 0, 0x14, 0)
T4275 exit  close -> 0 (0)
T2767 enter socket(0x2a, 0x80002, 0, 0x1, 0x7c5b08012c, 0x7c5b080240)
T2767 exit  socket -> 47 (0x2f)
T2766 enter socket(0x2a, 0x80002, 0, 0x7c87e091f0, 0x7c87e09200, 0xffff)
T2767 enter sendto(0x2f, 0x7c5b080040, 0x14, 0, 0x7c5b080030, 0xc) bytes=20: 0a 00 00 00 0b 00 00 00 00 00 00 00 00 00 00 00 00 00 00 00 addr: bytes=12: 2a 00 00 00 01 00 00 00 fe ff ff ff
T2767 exit  sendto -> 20 (0x14)
T2767 enter recvfrom(0x2f, 0x7c5b080090, 0x14, 0, 0, 0)
T2766 exit  socket -> 48 (0x30)
T2767 exit  recvfrom -> 20 (0x14) bytes=20: 04 00 00 00 0b 00 00 00 01 00 00 00 00 00 00 00 49 00 00 00
T2767 enter recvfrom(0x2f, 0x7c5b080090, 0x14, 0, 0, 0)
T2767 exit  recvfrom -> 20 (0x14) bytes=20: 04 00 00 00 00 00 00 00 00 00 00 00 00 00 00 00 00 00 00 00
T2767 enter close(0x2f, 0x2f, 0x14, 0, 0x14, 0)
T2767 exit  close -> 0 (0)
T4275 enter sendto(0x27, 0xb400007c87e0c380, 0xb, 0x40, 0x7c65dfab68, 0xc) bytes=11: 00 01 00 44 00 04 00 01 01 00 00 addr: bytes=12: 2a 00 00 00 00 00 00 00 45 00 00 00
T4275 exit  sendto -> 11 (0xb)
T2767 enter socket(0x2a, 0x80002, 0, 0x7c96e4f1f0, 0x7c96e4f200, 0x66b1)
T2767 exit  socket -> 47 (0x2f)
attached new tid=9357
attached new tid=9358
T9355 enter recvfrom(0x27, 0xb400007c35045480, 0xa034, 0x40, 0x7c5b377b88, 0x7c5b377b84)
T9355 exit  recvfrom -> 14 (0xe) bytes=14: 02 01 00 44 00 07 00 02 04 00 00 00 00 00
T2766 enter write(0x32, 0x7d3c3076c3, 0x1, 0, 0, 0) bytes=1: 61
T2767 enter write(0x34, 0x7d3c3076c3, 0x1, 0, 0, 0) bytes=1: 61
T9357 enter read(0x31, 0x7c56f83b94, 0x1, 0, 0, 0x1)
T9357 exit  read -> 1 (0x1) bytes=1: 61
T2767 exit  write -> 1 (0x1)
T2767 enter socket(0x2a, 0x80002, 0, 0x1, 0, 0)
T2767 exit  socket -> 53 (0x35)
T2767 enter sendto(0x35, 0x7c5b07fff0, 0x14, 0, 0x7c5b07ffe0, 0xc) bytes=20: 0a 00 00 00 0b 00 00 00 00 00 00 00 00 00 00 00 00 00 00 00 addr: bytes=12: 2a 00 00 00 01 00 00 00 fe ff ff ff
T2767 exit  sendto -> 20 (0x14)
T9358 enter read(0x33, 0x7c56e86b94, 0x1, 0, 0, 0x1)
T9358 exit  read -> 1 (0x1) bytes=1: 61
T2767 enter recvfrom(0x35, 0x7c5b080040, 0x14, 0, 0, 0)
T2766 exit  write -> 1 (0x1)
T2767 exit  recvfrom -> 20 (0x14) bytes=20: 04 00 00 00 0b 00 00 00 01 00 00 00 00 00 00 00 49 00 00 00
T2767 enter recvfrom(0x35, 0x7c5b080040, 0x14, 0, 0, 0)
T2767 exit  recvfrom -> 20 (0x14) bytes=20: 04 00 00 00 00 00 00 00 00 00 00 00 00 00 00 00 00 00 00 00
T2767 enter close(0x35, 0x35, 0x14, 0, 0x14, 0)
T2767 exit  close -> 0 (0)
T2767 enter socket(0x2a, 0x80002, 0, 0x1, 0x7c5b0800dc, 0xb400007c95963620)
T2767 exit  socket -> 53 (0x35)
T2591 enter recvfrom(0x11, 0x7c82d2db70, 0x14, 0x40, 0, 0)
T2767 enter sendto(0x35, 0x7c5b07fff0, 0x14, 0, 0x7c5b07ffe0, 0xc) bytes=20: 0a 00 00 00 0b 00 00 00 00 00 00 00 00 00 00 00 00 00 00 00 addr: bytes=12: 2a 00 00 00 01 00 00 00 fe ff ff ff
T2767 exit  sendto -> 20 (0x14)
T2767 enter recvfrom(0x35, 0x7c5b080040, 0x14, 0, 0, 0)
T2767 exit  recvfrom -> 20 (0x14) bytes=20: 04 00 00 00 0b 00 00 00 01 00 00 00 00 00 00 00 49 00 00 00
T2767 enter recvfrom(0x35, 0x7c5b080040, 0x14, 0, 0, 0)
T2767 exit  recvfrom -> 20 (0x14) bytes=20: 04 00 00 00 00 00 00 00 00 00 00 00 00 00 00 00 00 00 00 00
T2767 enter close(0x35, 0x35, 0x14, 0, 0x14, 0)
T2591 exit  recvfrom -> 20 (0x14) bytes=20: 04 00 00 00 01 00 00 00 01 00 00 00 00 00 00 00 4a 00 00 00
T2767 exit  close -> 0 (0)
T2766 enter socket(0x2a, 0x80002, 0, 0x2, 0, 0)
T2766 exit  socket -> 53 (0x35)
T2766 enter sendto(0x35, 0x7c5b17cff0, 0x14, 0, 0x7c5b17cfe0, 0xc) bytes=20: 0a 00 00 00 0a 00 00 00 00 00 00 00 00 00 00 00 00 00 00 00 addr: bytes=12: 2a 00 00 00 01 00 00 00 fe ff ff ff
T2766 exit  sendto -> 20 (0x14)
T2766 enter recvfrom(0x35, 0x7c5b17d040, 0x14, 0, 0, 0)
T2766 exit  recvfrom -> 20 (0x14) bytes=20: 04 00 00 00 0a 00 00 00 02 00 00 00 00 00 00 00 47 00 00 00
T2766 enter recvfrom(0x35, 0x7c5b17d040, 0x14, 0, 0, 0)
T2766 exit  recvfrom -> 20 (0x14) bytes=20: 04 00 00 00 00 00 00 00 00 00 00 00 00 00 00 00 00 00 00 00
T2766 enter close(0x35, 0x35, 0x14, 0, 0x14, 0)
T2766 exit  close -> 0 (0)
T2766 enter socket(0x2a, 0x80002, 0, 0x2, 0x7c5b17d0dc, 0xb400007c95963600)
T2766 exit  socket -> 53 (0x35)
T2766 enter sendto(0x35, 0x7c5b17cff0, 0x14, 0, 0x7c5b17cfe0, 0xc) bytes=20: 0a 00 00 00 0a 00 00 00 00 00 00 00 00 00 00 00 00 00 00 00 addr: bytes=12: 2a 00 00 00 01 00 00 00 fe ff ff ff
T2766 exit  sendto -> 20 (0x14)
T2766 enter recvfrom(0x35, 0x7c5b17d040, 0x14, 0, 0, 0)
T2599 enter sendto(0x2f, 0xb400007c87e0c410, 0xb, 0x40, 0x7c825429e8, 0xc) bytes=11: 00 01 00 2f 00 04 00 10 01 00 01 addr: bytes=12: 2a 00 00 00 00 00 00 00 49 00 00 00
T2599 exit  sendto -> 11 (0xb)
T2766 exit  recvfrom -> 20 (0x14) bytes=20: 04 00 00 00 0a 00 00 00 02 00 00 00 00 00 00 00 47 00 00 00
T2766 enter recvfrom(0x35, 0x7c5b17d040, 0x14, 0, 0, 0)
T2766 exit  recvfrom -> 20 (0x14) bytes=20: 04 00 00 00 00 00 00 00 00 00 00 00 00 00 00 00 00 00 00 00
T2766 enter close(0x35, 0x35, 0x14, 0, 0x14, 0)
T9358 enter recvfrom(0x2f, 0xb400007c87f48300, 0x66b8, 0x40, 0x7c56e86b88, 0x7c56e86b84)
T9358 exit  recvfrom -> 141 (0x8d) bytes=141: 02 01 00 2f 00 86 00 02 04 00 00 00 00 00 18 03 00 02 00 00 17 26 00 02 0a 98 93 88 80 64 50 06 39 87 f6 15 3b 9e 97 80 1f c6 80 31 e0 73 fe 21 1b 66 d0 02 5e ab 15 00 e2 00 00 00 00 16 09 00 02 00 00 00 00 00 00 00 00 15 03 00 02 00 00 14 03 00 02 02 02 13 35 00 02 00 00 ff ff 02 ff ff ff ff 02 01 00 00 00 00 01 02 07 02 0b 00 00 10 a0 00 00 00 87 10 02 ff 39 ff ff 89 01 01 01 00 00 03 03 0a 01 03 0a 02 00 00 00 03 00
T2766 exit  close -> 0 (0)
T4263 enter socket(0x2a, 0x80002, 0, 0x1, 0x7c65c00b9c, 0x7c65c00ce0)
T4263 exit  socket -> 53 (0x35)
T4263 enter sendto(0x35, 0x7c65c00ab0, 0x14, 0, 0x7c65c00aa0, 0xc) bytes=20: 0a 00 00 00 01 00 00 00 00 00 00 00 00 00 00 00 00 00 00 00 addr: bytes=12: 2a 00 00 00 01 00 00 00 fe ff ff ff
T4263 exit  sendto -> 20 (0x14)
T4263 enter recvfrom(0x35, 0x7c65c00b00, 0x14, 0, 0, 0)
T4263 exit  recvfrom -> 20 (0x14) bytes=20: 04 00 00 00 01 00 00 00 01 00 00 00 00 00 00 00 4a 00 00 00
T4263 enter recvfrom(0x35, 0x7c65c00b00, 0x14, 0, 0, 0)
T4263 exit  recvfrom -> 20 (0x14) bytes=20: 04 00 00 00 00 00 00 00 00 00 00 00 00 00 00 00 00 00 00 00
T4263 enter close(0x35, 0x35, 0x14, 0, 0x14, 0)
T4263 exit  close -> 0 (0)
T4263 enter socket(0x2a, 0x80002, 0, 0x7c87e06db0, 0x7c87e06dc0, 0xa515)
T4263 exit  socket -> 53 (0x35)
attached new tid=9359
T4263 enter write(0x37, 0x7d3c3076c3, 0x1, 0, 0, 0) bytes=1: 61
T4263 exit  write -> 1 (0x1)
T9359 enter read(0x36, 0x7c54d89b94, 0x1, 0, 0, 0x1)
T9359 exit  read -> 1 (0x1) bytes=1: 61
T2594 enter sendto(0x30, 0xb400007c96ecdc68, 0x7, 0x40, 0x7c82a34fc8, 0xc) bytes=7: 00 01 00 2e 00 00 00 addr: bytes=12: 2a 00 00 00 00 00 00 00 47 00 00 00
T2594 exit  sendto -> 7 (0x7)
T2591 enter write(0x17, 0x7c82d2db30, 0x8, 0xb400007c96ee3a30, 0x8, 0x8000) bytes=8: 01 00 00 00 00 00 00 00
T9357 enter recvfrom(0x30, 0xb400007c3505f880, 0x10008, 0x40, 0x7c56f83b88, 0x7c56f83b84)
T2606 enter read(0x17, 0x7c6dc5cab8, 0x8, 0x4, 0x38, 0)
T9357 exit  recvfrom -> 18 (0x12) bytes=18: 02 01 00 2e 00 0b 00 02 04 00 00 00 00 00 10 01 00 02
T2606 exit  read -> 8 (0x8) bytes=8: 01 00 00 00 00 00 00 00
T2606 enter read(0x17, 0x7c6dc5cab8, 0x8, 0x4, 0x38, 0)
T2606 exit  read -> -11 (0xfffffffffffffff5)
T2606 enter socket(0x2a, 0x80002, 0, 0x1, 0x7c6dc5c9ec, 0x7c6dc5cac0)
T2606 exit  socket -> 56 (0x38)
T2606 enter sendto(0x38, 0x7c6dc5c900, 0x14, 0, 0x7c6dc5c8f0, 0xc) bytes=20: 0a 00 00 00 01 00 00 00 00 00 00 00 00 00 00 00 00 00 00 00 addr: bytes=12: 2a 00 00 00 01 00 00 00 fe ff ff ff
T2606 exit  sendto -> 20 (0x14)
T2606 enter recvfrom(0x38, 0x7c6dc5c950, 0x14, 0, 0, 0)
T2606 exit  recvfrom -> 20 (0x14) bytes=20: 04 00 00 00 01 00 00 00 01 00 00 00 00 00 00 00 4a 00 00 00
T2606 enter recvfrom(0x38, 0x7c6dc5c950, 0x14, 0, 0, 0)
T2606 exit  recvfrom -> 20 (0x14) bytes=20: 04 00 00 00 00 00 00 00 00 00 00 00 00 00 00 00 00 00 00 00
T2606 enter close(0x38, 0x38, 0x14, 0, 0x14, 0)
T2606 exit  close -> 0 (0)
T2591 exit  write -> 8 (0x8)
T2593 enter sendto(0x2f, 0xb400007c87e0c2f0, 0xb, 0x40, 0x7c82b30e98, 0xc) bytes=11: 00 02 00 76 00 04 00 01 01 00 00 addr: bytes=12: 2a 00 00 00 00 00 00 00 49 00 00 00
T2593 exit  sendto -> 11 (0xb)
T9358 enter recvfrom(0x2f, 0xb400007c87f48300, 0x66b8, 0x40, 0x7c56e86b88, 0x7c56e86b84)
T9358 exit  recvfrom -> 14 (0xe) bytes=14: 02 02 00 76 00 07 00 02 04 00 00 00 00 00
T2594 enter sendto(0x30, 0xb400007c96f5e9e0, 0x19, 0x40, 0x7c82a34fa8, 0xc) bytes=25: 00 02 00 01 00 12 00 10 04 00 ff ff 7f 41 11 04 00 00 00 80 00 12 01 00 01 addr: bytes=12: 2a 00 00 00 00 00 00 00 47 00 00 00
T2594 exit  sendto -> 25 (0x19)
T9357 enter recvfrom(0x30, 0xb400007c3505f880, 0x10008, 0x40, 0x7c56f83b88, 0x7c56f83b84)
T9357 exit  recvfrom -> 14 (0xe) bytes=14: 02 02 00 01 00 07 00 02 04 00 00 00 00 00
T2590 enter socket(0x2a, 0x80002, 0, 0x2, 0x7c82e29fdc, 0x7c82e2a260)
T2590 exit  socket -> 56 (0x38)
T2591 enter recvfrom(0x11, 0x7c82d2db70, 0x14, 0x40, 0, 0)
T2591 exit  recvfrom -> 20 (0x14) bytes=20: 04 00 00 00 04 00 00 00 01 00 00 00 00 00 00 00 4b 00 00 00
T2591 enter recvfrom(0x11, 0x7c82d2db70, 0x14, 0x40, 0, 0)
T2591 exit  recvfrom -> 20 (0x14) bytes=20: 04 00 00 00 1a 00 00 00 01 00 00 00 00 00 00 00 4c 00 00 00
T2591 enter recvfrom(0x11, 0x7c82d2db70, 0x14, 0x40, 0, 0)
T2591 exit  recvfrom -> 20 (0x14) bytes=20: 04 00 00 00 08 00 00 00 01 00 00 00 00 00 00 00 4d 00 00 00
T2591 enter recvfrom(0x11, 0x7c82d2db70, 0x14, 0x40, 0, 0)
T2591 exit  recvfrom -> 20 (0x14) bytes=20: 04 00 00 00 4d 00 00 00 01 00 00 00 00 00 00 00 51 00 00 00
T2591 enter recvfrom(0x11, 0x7c82d2db70, 0x14, 0x40, 0, 0)
T2591 exit  recvfrom -> 20 (0x14) bytes=20: 04 00 00 00 4b 00 00 00 01 00 00 00 00 00 00 00 52 00 00 00
T2591 enter recvfrom(0x11, 0x7c82d2db70, 0x14, 0x40, 0, 0)
T2591 exit  recvfrom -> 20 (0x14) bytes=20: 04 00 00 00 4a 00 00 00 01 00 00 00 00 00 00 00 53 00 00 00
T2591 enter recvfrom(0x11, 0x7c82d2db70, 0x14, 0x40, 0, 0)
T2591 exit  recvfrom -> 20 (0x14) bytes=20: 04 00 00 00 2a 00 00 00 01 00 00 00 00 00 00 00 58 00 00 00
T2590 enter sendto(0x38, 0x7c82e29ef0, 0x14, 0, 0x7c82e29ee0, 0xc) bytes=20: 0a 00 00 00 09 00 00 00 00 00 00 00 00 00 00 00 00 00 00 00 addr: bytes=12: 2a 00 00 00 01 00 00 00 fe ff ff ff
T2590 exit  sendto -> 20 (0x14)
T2590 enter recvfrom(0x38, 0x7c82e29f40, 0x14, 0, 0, 0)
T2590 exit  recvfrom -> 20 (0x14) bytes=20: 04 00 00 00 09 00 00 00 02 00 00 00 00 00 00 00 45 00 00 00
T2590 enter recvfrom(0x38, 0x7c82e29f40, 0x14, 0, 0, 0)
T2590 exit  recvfrom -> 20 (0x14) bytes=20: 04 00 00 00 00 00 00 00 00 00 00 00 00 00 00 00 00 00 00 00
T2590 enter close(0x38, 0x38, 0x14, 0, 0x14, 0)
T2590 exit  close -> 0 (0)
T2591 enter recvfrom(0x11, 0x7c82d2db70, 0x14, 0x40, 0, 0)
T2591 exit  recvfrom -> 20 (0x14) bytes=20: 04 00 00 00 02 00 00 00 01 00 00 00 00 00 00 00 59 00 00 00
T4263 enter socket(0x2a, 0x80002, 0, 0x1, 0, 0)
T4263 exit  socket -> 56 (0x38)
T4263 enter sendto(0x38, 0x7c65c00a60, 0x14, 0, 0x7c65c00a50, 0xc) bytes=20: 0a 00 00 00 01 00 00 00 00 00 00 00 00 00 00 00 00 00 00 00 addr: bytes=12: 2a 00 00 00 01 00 00 00 fe ff ff ff
T4263 exit  sendto -> 20 (0x14)
T4263 enter recvfrom(0x38, 0x7c65c00ab0, 0x14, 0, 0, 0)
T2591 enter recvfrom(0x11, 0x7c82d2db70, 0x14, 0x40, 0, 0)
T2591 exit  recvfrom -> 20 (0x14) bytes=20: 04 00 00 00 05 00 00 00 01 00 00 00 00 00 00 00 5a 00 00 00
T4263 exit  recvfrom -> 20 (0x14) bytes=20: 04 00 00 00 01 00 00 00 01 00 00 00 00 00 00 00 4a 00 00 00
T4263 enter recvfrom(0x38, 0x7c65c00ab0, 0x14, 0, 0, 0)
T4263 exit  recvfrom -> 20 (0x14) bytes=20: 04 00 00 00 00 00 00 00 00 00 00 00 00 00 00 00 00 00 00 00
T4263 enter close(0x38, 0x38, 0x14, 0, 0x14, 0)
T4263 exit  close -> 0 (0)
T4263 enter socket(0x2a, 0x80002, 0, 0x1, 0x7c65c00b4c, 0xb400007c96f5ed00)
T4263 exit  socket -> 56 (0x38)
T4263 enter sendto(0x38, 0x7c65c00a60, 0x14, 0, 0x7c65c00a50, 0xc) bytes=20: 0a 00 00 00 01 00 00 00 00 00 00 00 00 00 00 00 00 00 00 00 addr: bytes=12: 2a 00 00 00 01 00 00 00 fe ff ff ff
T4263 exit  sendto -> 20 (0x14)
T4263 enter recvfrom(0x38, 0x7c65c00ab0, 0x14, 0, 0, 0)
T4263 exit  recvfrom -> 20 (0x14) bytes=20: 04 00 00 00 01 00 00 00 01 00 00 00 00 00 00 00 4a 00 00 00
T4263 enter recvfrom(0x38, 0x7c65c00ab0, 0x14, 0, 0, 0)
T4263 exit  recvfrom -> 20 (0x14) bytes=20: 04 00 00 00 00 00 00 00 00 00 00 00 00 00 00 00 00 00 00 00
T4263 enter close(0x38, 0x38, 0x14, 0, 0x14, 0)
T4263 exit  close -> 0 (0)
T4263 enter sendto(0x35, 0xb400007c87e04c20, 0x16, 0x40, 0x7c65c00b48, 0xc) bytes=22: 00 01 00 a2 00 0f 00 10 08 00 04 00 00 00 01 00 00 00 11 01 00 01 addr: bytes=12: 2a 00 00 00 00 00 00 00 4a 00 00 00
T4263 exit  sendto -> 22 (0x16)
T2586 enter socket(0x2a, 0x80002, 0, 0x1, 0x7c8321dfdc, 0x7c8321e260)
T2586 exit  socket -> 56 (0x38)
T9359 enter recvfrom(0x35, 0xb400007c35081fc0, 0xa51c, 0x40, 0x7c54d89b88, 0x7c54d89b84)
T9359 exit  recvfrom -> 14 (0xe) bytes=14: 02 01 00 a2 00 07 00 02 04 00 00 00 00 00
T2591 enter recvfrom(0x11, 0x7c82d2db70, 0x14, 0x40, 0, 0)
T2591 exit  recvfrom -> 20 (0x14) bytes=20: 04 00 00 00 30 00 00 00 01 00 00 00 00 00 00 00 5b 00 00 00
T2591 enter recvfrom(0x11, 0x7c82d2db70, 0x14, 0x40, 0, 0)
T2591 exit  recvfrom -> 20 (0x14) bytes=20: 04 00 00 00 44 00 00 00 01 00 00 00 00 00 00 00 5d 00 00 00
T2600 enter ioctl(0xe, 0xc0306201, 0x7c82447688, 0, 0, 0x1) ioctl_req=0xc0306201
T2593 enter sendto(0x2f, 0xb400007c87e0c320, 0xe, 0x40, 0x7c82b30de8, 0xc) bytes=14: 00 03 00 2e 00 07 00 01 04 00 97 08 00 00 addr: bytes=12: 2a 00 00 00 00 00 00 00 49 00 00 00
T2600 exit  ioctl -> 0 (0)
T2593 exit  sendto -> 14 (0xe)
T7591 enter ioctl(0xe, 0xc0306201, 0x7c4a6cd318, 0, 0, 0x1) ioctl_req=0xc0306201
T7591 exit  ioctl -> 0 (0)
T9358 enter recvfrom(0x2f, 0xb400007c87f48300, 0x66b8, 0x40, 0x7c56e86b88, 0x7c56e86b84)
T9358 exit  recvfrom -> 21 (0x15) bytes=21: 02 03 00 2e 00 0e 00 02 04 00 00 00 00 00 10 04 00 97 08 00 00
T2586 enter sendto(0x38, 0x7c8321def0, 0x14, 0, 0x7c8321dee0, 0xc) bytes=20: 0a 00 00 00 0c 00 00 00 00 00 00 00 00 00 00 00 00 00 00 00 addr: bytes=12: 2a 00 00 00 01 00 00 00 fe ff ff ff
T2586 exit  sendto -> 20 (0x14)
T2591 enter recvfrom(0x11, 0x7c82d2db70, 0x14, 0x40, 0, 0)
T2586 enter recvfrom(0x38, 0x7c8321df40, 0x14, 0, 0, 0)
T2591 exit  recvfrom -> 20 (0x14) bytes=20: 04 00 00 00 49 00 00 00 01 00 00 00 00 00 00 00 5e 00 00 00
T7591 enter ioctl(0xe, 0xc0306201, 0x7c4a6ccf08, 0, 0, 0x1) ioctl_req=0xc0306201
T7591 exit  ioctl -> 0 (0)
T2586 exit  recvfrom -> 20 (0x14) bytes=20: 04 00 00 00 0c 00 00 00 01 00 00 00 00 00 00 00 41 00 00 00
T2586 enter recvfrom(0x38, 0x7c8321df40, 0x14, 0, 0, 0)
T2586 exit  recvfrom -> 20 (0x14) bytes=20: 04 00 00 00 00 00 00 00 00 00 00 00 00 00 00 00 00 00 00 00
T2586 enter close(0x38, 0x38, 0x14, 0, 0x14, 0)
attached new tid=9360
T2586 exit  close -> 0 (0)
T2606 enter socket(0x2a, 0x80002, 0, 0x7c96e4fdd0, 0x7c96e4fde0, 0xa515)
T2606 exit  socket -> 56 (0x38)
T9360 enter socket(0x2a, 0x80002, 0, 0x1, 0x7c53c8c92c, 0x7c53c8cb90)
T9360 exit  socket -> 59 (0x3b)
T9360 enter sendto(0x3b, 0x7c53c8c840, 0x14, 0, 0x7c53c8c830, 0xc) bytes=20: 0a 00 00 00 49 00 00 00 00 00 00 00 00 00 00 00 00 00 00 00 addr: bytes=12: 2a 00 00 00 01 00 00 00 fe ff ff ff
T9360 exit  sendto -> 20 (0x14)
T9360 enter recvfrom(0x3b, 0x7c53c8c890, 0x14, 0, 0, 0)
T9360 exit  recvfrom -> 20 (0x14) bytes=20: 04 00 00 00 49 00 00 00 01 00 00 00 00 00 00 00 5e 00 00 00
T9360 enter recvfrom(0x3b, 0x7c53c8c890, 0x14, 0, 0, 0)
T9360 exit  recvfrom -> 20 (0x14) bytes=20: 04 00 00 00 00 00 00 00 00 00 00 00 00 00 00 00 00 00 00 00
T9360 enter close(0x3b, 0x3b, 0x14, 0, 0x14, 0)
T9360 exit  close -> 0 (0)
T9360 enter socket(0x2a, 0x80002, 0, 0x7c87e06310, 0x7c87e06320, 0)
T9360 exit  socket -> 59 (0x3b)
attached new tid=9361
attached new tid=9362
T9360 enter write(0x3d, 0x7d3c3076c3, 0x1, 0, 0, 0) bytes=1: 61
T9360 exit  write -> 1 (0x1)
T9360 enter socket(0x2a, 0x80002, 0, 0x1, 0, 0)
T9360 exit  socket -> 62 (0x3e)
T9362 enter read(0x3c, 0x7c52a92b94, 0x1, 0, 0, 0x4)
T9362 exit  read -> 1 (0x1) bytes=1: 61
T9360 enter sendto(0x3e, 0x7c53c8c7f0, 0x14, 0, 0x7c53c8c7e0, 0xc) bytes=20: 0a 00 00 00 49 00 00 00 00 00 00 00 00 00 00 00 00 00 00 00 addr: bytes=12: 2a 00 00 00 01 00 00 00 fe ff ff ff
T9360 exit  sendto -> 20 (0x14)
T9360 enter recvfrom(0x3e, 0x7c53c8c840, 0x14, 0, 0, 0)
T9360 exit  recvfrom -> 20 (0x14) bytes=20: 04 00 00 00 49 00 00 00 01 00 00 00 00 00 00 00 5e 00 00 00
T2606 enter write(0x3a, 0x7d3c3076c3, 0x1, 0, 0, 0) bytes=1: 61
T9360 enter recvfrom(0x3e, 0x7c53c8c840, 0x14, 0, 0, 0)
T2606 exit  write -> 1 (0x1)
T9361 enter read(0x39, 0x7c53b8fb94, 0x1, 0, 0, 0x1)
T9360 exit  recvfrom -> 20 (0x14) bytes=20: 04 00 00 00 00 00 00 00 00 00 00 00 00 00 00 00 00 00 00 00
T9361 exit  read -> 1 (0x1) bytes=1: 61
T9360 enter close(0x3e, 0x3e, 0x14, 0, 0x14, 0)
T9360 exit  close -> 0 (0)
T2606 enter socket(0x2a, 0x80002, 0, 0x1, 0, 0)
T2606 exit  socket -> 62 (0x3e)
T2606 enter sendto(0x3e, 0x7c6dc5c8b0, 0x14, 0, 0x7c6dc5c8a0, 0xc) bytes=20: 0a 00 00 00 01 00 00 00 00 00 00 00 00 00 00 00 00 00 00 00 addr: bytes=12: 2a 00 00 00 01 00 00 00 fe ff ff ff
T2606 exit  sendto -> 20 (0x14)
T2606 enter recvfrom(0x3e, 0x7c6dc5c900, 0x14, 0, 0, 0)
T2591 enter recvfrom(0x11, 0x7c82d2db70, 0x14, 0x40, 0, 0)
T2591 exit  recvfrom -> 20 (0x14) bytes=20: 04 00 00 00 4e 00 00 00 01 00 00 00 00 00 00 00 5f 00 00 00
T2606 exit  recvfrom -> 20 (0x14) bytes=20: 04 00 00 00 01 00 00 00 01 00 00 00 00 00 00 00 4a 00 00 00
T2606 enter recvfrom(0x3e, 0x7c6dc5c900, 0x14, 0, 0, 0)
T2606 exit  recvfrom -> 20 (0x14) bytes=20: 04 00 00 00 00 00 00 00 00 00 00 00 00 00 00 00 00 00 00 00
T2606 enter close(0x3e, 0x3e, 0x14, 0, 0x14, 0)
T2606 exit  close -> 0 (0)
T9360 enter socket(0x2a, 0x80002, 0, 0x1, 0x7c53c8c8dc, 0xb400007c87e0bf80)
T9360 exit  socket -> 62 (0x3e)
T9360 enter sendto(0x3e, 0x7c53c8c7f0, 0x14, 0, 0x7c53c8c7e0, 0xc) bytes=20: 0a 00 00 00 49 00 00 00 00 00 00 00 00 00 00 00 00 00 00 00 addr: bytes=12: 2a 00 00 00 01 00 00 00 fe ff ff ff
T9360 exit  sendto -> 20 (0x14)
T9360 enter recvfrom(0x3e, 0x7c53c8c840, 0x14, 0, 0, 0)
T2591 enter recvfrom(0x11, 0x7c82d2db70, 0x14, 0x40, 0, 0)
T2591 exit  recvfrom -> 20 (0x14) bytes=20: 04 00 00 00 1d 00 00 00 01 00 00 00 00 00 00 00 60 00 00 00
T9360 exit  recvfrom -> 20 (0x14) bytes=20: 04 00 00 00 49 00 00 00 01 00 00 00 00 00 00 00 5e 00 00 00
T9360 enter recvfrom(0x3e, 0x7c53c8c840, 0x14, 0, 0, 0)
T9360 exit  recvfrom -> 20 (0x14) bytes=20: 04 00 00 00 00 00 00 00 00 00 00 00 00 00 00 00 00 00 00 00
T9360 enter close(0x3e, 0x3e, 0x14, 0, 0x14, 0)
T9360 exit  close -> 0 (0)
T2606 enter socket(0x2a, 0x80002, 0, 0x1, 0x7c6dc5c99c, 0xb400007c95807460)
T2606 exit  socket -> 62 (0x3e)
T9360 enter sendto(0x3b, 0xb400007c87e0c0b0, 0xe, 0x40, 0x7c53c8c7d8, 0xc) bytes=14: 00 01 00 29 00 07 00 01 04 00 01 00 00 00 addr: bytes=12: 2a 00 00 00 00 00 00 00 5e 00 00 00
T2606 enter sendto(0x3e, 0x7c6dc5c8b0, 0x14, 0, 0x7c6dc5c8a0, 0xc) bytes=20: 0a 00 00 00 01 00 00 00 00 00 00 00 00 00 00 00 00 00 00 00 addr: bytes=12: 2a 00 00 00 01 00 00 00 fe ff ff ff
T9360 exit  sendto -> 14 (0xe)
T2606 exit  sendto -> 20 (0x14)
T2606 enter recvfrom(0x3e, 0x7c6dc5c900, 0x14, 0, 0, 0)
T2606 exit  recvfrom -> 20 (0x14) bytes=20: 04 00 00 00 01 00 00 00 01 00 00 00 00 00 00 00 4a 00 00 00
T9362 enter recvfrom(0x3b, 0xb400007c6668f400, 0x1130, 0x40, 0x7c52a92b88, 0x7c52a92b84)
T2606 enter recvfrom(0x3e, 0x7c6dc5c900, 0x14, 0, 0, 0)
T9362 exit  recvfrom -> 14 (0xe) bytes=14: 02 01 00 29 00 07 00 02 04 00 00 00 00 00
T2606 exit  recvfrom -> 20 (0x14) bytes=20: 04 00 00 00 00 00 00 00 00 00 00 00 00 00 00 00 00 00 00 00
T2606 enter close(0x3e, 0x3e, 0x14, 0, 0x14, 0)
T2606 exit  close -> 0 (0)
T2606 enter sendto(0x38, 0xb400007c96e05ef0, 0xe, 0x40, 0x7c6dc5be98, 0xc) bytes=14: 00 01 00 af 00 07 00 01 04 00 01 00 00 00 addr: bytes=12: 2a 00 00 00 00 00 00 00 4a 00 00 00
T2606 exit  sendto -> 14 (0xe)
T9361 enter recvfrom(0x38, 0xb400007c3508e1c0, 0xa51c, 0x40, 0x7c53b8fb88, 0x7c53b8fb84)
T9361 exit  recvfrom -> 14 (0xe) bytes=14: 02 01 00 af 00 07 00 02 04 00 00 00 00 00
T2606 enter sendto(0x38, 0xb400007c957d5c00, 0xb, 0x40, 0x7c6dc5be98, 0xc) bytes=11: 00 02 00 03 00 04 00 19 01 00 01 addr: bytes=12: 2a 00 00 00 00 00 00 00 4a 00 00 00
T2606 exit  sendto -> 11 (0xb)
T9361 enter recvfrom(0x38, 0xb400007c3508e1c0, 0xa51c, 0x40, 0x7c53b8fb88, 0x7c53b8fb84)
T9361 exit  recvfrom -> 14 (0xe) bytes=14: 02 02 00 03 00 07 00 02 04 00 00 00 00 00
T2606 enter sendto(0x38, 0xb400007c96eda580, 0x11, 0x40, 0x7c6dc5be98, 0xc) bytes=17: 00 03 00 a7 00 0a 00 10 03 00 01 ff ff 11 01 00 01 addr: bytes=12: 2a 00 00 00 00 00 00 00 4a 00 00 00
T2606 exit  sendto -> 17 (0x11)
T2591 enter recvfrom(0x11, 0x7c82d2db70, 0x14, 0x40, 0, 0)
T2591 exit  recvfrom -> 20 (0x14) bytes=20: 04 00 00 00 07 00 00 00 01 00 00 00 00 00 00 00 61 00 00 00
T9361 enter recvfrom(0x38, 0xb400007c3508e1c0, 0xa51c, 0x40, 0x7c53b8fb88, 0x7c53b8fb84)
T9361 exit  recvfrom -> 14 (0xe) bytes=14: 02 03 00 a7 00 07 00 02 04 00 00 00 00 00
T9361 enter recvfrom(0x38, 0xb400007c3508e1c0, 0xa51c, 0x40, 0x7c53b8fb88, 0x7c53b8fb84)
T9361 exit  recvfrom -> 13 (0xd) bytes=13: 04 01 00 a8 00 06 00 10 03 00 ff ff 05
T9361 enter write(0x19, 0x7c53b8fa98, 0x8, 0x5ff, 0, 0) bytes=8: 01 00 00 00 00 00 00 00
T9361 exit  write -> 8 (0x8)
T2606 enter read(0x19, 0x7c6dc5cab0, 0x8, 0x6, 0x38, 0)
T2606 exit  read -> 8 (0x8) bytes=8: 01 00 00 00 00 00 00 00
T2606 enter read(0x19, 0x7c6dc5cab0, 0x8, 0x6, 0x38, 0)
T2606 exit  read -> -11 (0xfffffffffffffff5)
T2606 enter sendto(0x38, 0xb400007c95832940, 0xb, 0x40, 0x7c6dc58db8, 0xc) bytes=11: 00 04 00 2a 00 04 00 10 01 00 00 addr: bytes=12: 2a 00 00 00 00 00 00 00 4a 00 00 00
T2606 exit  sendto -> 11 (0xb)
T2593 enter sendto(0x2f, 0xb400007c96ecd5b8, 0x7, 0x40, 0x7c82b30dc8, 0xc) bytes=7: 00 04 00 47 00 00 00 addr: bytes=12: 2a 00 00 00 00 00 00 00 49 00 00 00
T9361 enter recvfrom(0x38, 0xb400007c3508e1c0, 0xa51c, 0x40, 0x7c53b8fb88, 0x7c53b8fb84)
T2593 exit  sendto -> 7 (0x7)
T9361 exit  recvfrom -> 60 (0x3c) bytes=60: 02 04 00 2a 00 35 00 02 04 00 00 00 00 00 01 2b 00 04 00 01 08 70 72 6f 66 69 6c 65 31 00 02 08 70 72 6f 66 69 6c 65 32 00 03 00 00 04 0e 71 64 70 5f 70 72 6f 66 69 6c 65 5f 69 61
T9358 enter recvfrom(0x2f, 0xb400007c87f48300, 0x66b8, 0x40, 0x7c56e86b88, 0x7c56e86b84)
T9358 exit  recvfrom -> 101 (0x65) bytes=101: 02 04 00 47 00 5e 00 02 04 00 00 00 00 00 13 05 00 02 01 00 02 03 12 03 00 02 00 00 11 24 00 02 02 00 00 00 00 15 3b 9e 97 80 1f c6 80 31 e0 73 fe 21 1b 66 d0 02 5e ab 15 00 e2 00 00 00 00 00 00 00 00 10 1f 00 02 02 00 00 00 01 00 00 00 01 0a 98 93 88 80 64 50 06 39 87 f6 01 00 00 00 01 00 00 00 02 00
T2606 enter sendto(0x38, 0xb400007c96e05ef0, 0xc, 0x40, 0x7c6dc58098, 0xc) bytes=12: 00 05 00 2b 00 05 00 01 02 00 00 01 addr: bytes=12: 2a 00 00 00 00 00 00 00 4a 00 00 00
T2606 exit  sendto -> 12 (0xc)
T9361 enter recvfrom(0x38, 0xb400007c3508e1c0, 0xa51c, 0x40, 0x7c53b8fb88, 0x7c53b8fb84)
T9361 exit  recvfrom -> 354 (0x162) bytes=160: 02 05 00 2b 00 5b 01 02 04 00 00 00 00 00 8f 01 00 01 df 01 00 00 de 01 00 00 dd 08 00 01 00 00 00 00 00 00 00 4f 02 00 00 00 4e 01 00 00 4d 01 00 00 4c 01 00 00 4b 07 00 00 00 00 00 00 00 00 4a 00 00 48 01 00 00 47 14 00 00 00 00 00 00 00 00 00 00 00 00 00 00 00 00 00 00 00 00 00 46 04 00 ff 00 00 00 45 28 00 00 00 00 00 00 00 00 00 00 00 00 00 00 00 00 00 00 00 00 00 00 00 00 00 00 00 00 00 00 00 00 00 00 00 00 00 00 00 00 00 44 01 00 01 43 01 00 01 42 04 00 ff 00 00 00 41
T2606 enter sendto(0x38, 0xb400007c96e05ef0, 0xc, 0x40, 0x7c6dc58098, 0xc) bytes=12: 00 06 00 2b 00 05 00 01 02 00 00 02 addr: bytes=12: 2a 00 00 00 00 00 00 00 4a 00 00 00
T2606 exit  sendto -> 12 (0xc)
T9361 enter recvfrom(0x38, 0xb400007c3508e1c0, 0xa51c, 0x40, 0x7c53b8fb88, 0x7c53b8fb84)
T9361 exit  recvfrom -> 357 (0x165) bytes=160: 02 06 00 2b 00 5e 01 02 04 00 00 00 00 00 8f 01 00 01 df 01 00 00 de 01 00 00 dd 08 00 02 00 00 00 00 00 00 00 4f 02 00 00 00 4e 01 00 00 4d 01 00 00 4c 01 00 00 4b 07 00 00 00 00 00 00 00 00 4a 00 00 48 01 00 00 47 14 00 00 00 00 00 00 00 00 00 00 00 00 00 00 00 00 00 00 00 00 00 46 04 00 ff 00 00 00 45 28 00 00 00 00 00 00 00 00 00 00 00 00 00 00 00 00 00 00 00 00 00 00 00 00 00 00 00 00 00 00 00 00 00 00 00 00 00 00 00 00 00 44 01 00 01 43 01 00 01 42 04 00 ff 00 00 00 41
T2606 enter sendto(0x38, 0xb400007c96e05ef0, 0xc, 0x40, 0x7c6dc58098, 0xc) bytes=12: 00 07 00 2b 00 05 00 01 02 00 00 03 addr: bytes=12: 2a 00 00 00 00 00 00 00 4a 00 00 00
T2606 exit  sendto -> 12 (0xc)
T9361 enter recvfrom(0x38, 0xb400007c3508e1c0, 0xa51c, 0x40, 0x7c53b8fb88, 0x7c53b8fb84)
T9361 exit  recvfrom -> 330 (0x14a) bytes=160: 02 07 00 2b 00 43 01 02 04 00 00 00 00 00 8f 01 00 01 df 01 00 00 de 01 00 00 dd 08 00 00 02 00 00 00 00 00 00 4f 02 00 00 00 4e 01 00 00 4d 01 00 00 4c 01 00 00 4b 07 00 00 00 00 00 00 00 00 4a 00 00 48 01 00 00 47 14 00 00 00 00 00 00 00 00 00 00 00 00 00 00 00 00 00 00 00 00 00 46 04 00 ff 00 00 00 45 28 00 00 00 00 00 00 00 00 00 00 00 00 00 00 00 00 00 00 00 00 00 00 00 00 00 00 00 00 00 00 00 00 00 00 00 00 00 00 00 00 00 44 01 00 01 43 01 00 01 42 04 00 ff 00 00 00 41
T2606 enter sendto(0x38, 0xb400007c96e05ef0, 0xc, 0x40, 0x7c6dc58098, 0xc) bytes=12: 00 08 00 2b 00 05 00 01 02 00 00 04 addr: bytes=12: 2a 00 00 00 00 00 00 00 4a 00 00 00
T2606 exit  sendto -> 12 (0xc)
T2591 enter recvfrom(0x11, 0x7c82d2db70, 0x14, 0x40, 0, 0)
T2591 exit  recvfrom -> 20 (0x14) bytes=20: 04 00 00 00 21 00 00 00 01 00 00 00 00 00 00 00 62 00 00 00
T9361 enter recvfrom(0x38, 0xb400007c3508e1c0, 0xa51c, 0x40, 0x7c53b8fb88, 0x7c53b8fb84)
T9361 exit  recvfrom -> 352 (0x160) bytes=160: 02 08 00 2b 00 59 01 02 04 00 00 00 00 00 8f 01 00 01 df 01 00 00 de 01 00 00 dd 08 00 31 00 00 00 00 00 00 00 4f 02 00 00 00 4e 01 00 00 4d 01 00 00 4c 01 00 00 4b 07 00 00 00 00 00 00 00 00 4a 00 00 48 01 00 00 47 14 00 00 00 00 00 00 00 00 00 00 00 00 00 00 00 00 00 00 00 00 00 46 04 00 ff 00 00 00 45 28 00 00 00 00 00 00 00 00 00 00 00 00 00 00 00 00 00 00 00 00 00 00 00 00 00 00 00 00 00 00 00 00 00 00 00 00 00 00 00 00 00 44 01 00 01 43 01 00 01 42 04 00 00 00 00 00 41
T2606 enter sendto(0x38, 0xb400007c95832e80, 0xb, 0x40, 0x7c6dc58db8, 0xc) bytes=11: 00 09 00 2a 00 04 00 10 01 00 01 addr: bytes=12: 2a 00 00 00 00 00 00 00 4a 00 00 00
T2606 exit  sendto -> 11 (0xb)
T9361 enter recvfrom(0x38, 0xb400007c3508e1c0, 0xa51c, 0x40, 0x7c53b8fb88, 0x7c53b8fb84)
T9361 exit  recvfrom -> 21 (0x15) bytes=21: 02 09 00 2a 00 0e 00 02 04 00 00 00 00 00 01 04 00 01 01 00 00
T2593 enter sendto(0x2f, 0xb400007c87e0c2f0, 0xb, 0x40, 0x7c82b30db8, 0xc) bytes=11: 00 05 00 2f 00 04 00 10 01 00 01 addr: bytes=12: 2a 00 00 00 00 00 00 00 49 00 00 00
T2593 exit  sendto -> 11 (0xb)
T9358 enter recvfrom(0x2f, 0xb400007c87f48300, 0x66b8, 0x40, 0x7c56e86b88, 0x7c56e86b84)
T2606 enter sendto(0x38, 0xb400007c96e05ef0, 0xc, 0x40, 0x7c6dc58098, 0xc) bytes=12: 00 0a 00 2b 00 05 00 01 02 00 01 00 addr: bytes=12: 2a 00 00 00 00 00 00 00 4a 00 00 00
T9358 exit  recvfrom -> 141 (0x8d) bytes=141: 02 05 00 2f 00 86 00 02 04 00 00 00 00 00 18 03 00 02 00 00 17 26 00 02 0a 98 93 88 80 64 50 06 39 87 f6 15 3b 9e 97 80 1f c6 80 31 e0 73 fe 21 1b 66 d0 02 5e ab 15 00 e2 00 00 00 00 16 09 00 02 00 00 00 00 00 00 00 00 15 03 00 02 00 00 14 03 00 02 02 02 13 35 00 02 00 00 ff ff 02 ff ff ff ff 02 01 00 00 00 00 01 02 07 02 0b 00 00 10 a0 00 00 00 87 10 02 ff 39 ff ff 89 01 01 01 00 00 03 03 0a 01 03 0a 02 00 00 00 03 00
T9361 enter recvfrom(0x38, 0xb400007c3508e1c0, 0xa51c, 0x40, 0x7c53b8fb88, 0x7c53b8fb84)
T2606 exit  sendto -> 12 (0xc)
T9361 exit  recvfrom -> 277 (0x115) bytes=160: 02 0a 00 2b 00 0e 01 02 04 00 00 00 00 00 8f 01 00 01 df 01 00 00 de 01 00 00 dd 08 00 00 01 00 00 00 00 00 00 c4 01 00 00 c3 01 00 00 c2 04 00 ff ff ff ff c1 18 00 00 00 00 00 00 00 00 00 00 00 00 00 00 00 00 00 00 00 00 00 00 00 00 00 c0 18 00 00 00 00 00 00 00 00 00 00 00 00 00 00 00 00 00 00 00 00 00 00 00 00 00 bf 03 00 ff ff 00 be 02 00 ff ff bd 02 00 00 00 b0 00 00 af 00 00 ae 00 00 ad 01 00 00 ab 01 00 00 aa 04 00 00 00 00 00 a9 01 00 01 a8 01 00 03 a7 10 00 00 00 00
T2591 enter recvfrom(0x11, 0x7c82d2db70, 0x14, 0x40, 0, 0)
T2591 exit  recvfrom -> 20 (0x14) bytes=20: 04 00 00 00 12 00 00 00 01 00 00 00 00 00 00 00 64 00 00 00
T2591 enter recvfrom(0x11, 0x7c82d2db70, 0x14, 0x40, 0, 0)
T2591 exit  recvfrom -> 20 (0x14) bytes=20: 04 00 00 00 28 00 00 00 01 00 00 00 01 00 00 00 24 4c 00 00
T2603 enter ioctl(0xe, 0xc0306201, 0x7c8214fff8, 0, 0, 0x1) ioctl_req=0xc0306201
T2603 exit  ioctl -> 0 (0)
T2591 enter recvfrom(0x11, 0x7c82d2db70, 0x14, 0x40, 0, 0)
T7591 enter ioctl(0xe, 0xc0306201, 0x7c4a6cd368, 0, 0, 0x1) ioctl_req=0xc0306201
T7591 exit  ioctl -> 0 (0)
T7591 enter ioctl(0xe, 0xc0306201, 0x7c4a6ccf58, 0, 0, 0x1) ioctl_req=0xc0306201
T7591 exit  ioctl -> 0 (0)
T2591 exit  recvfrom -> 20 (0x14) bytes=20: 04 00 00 00 10 00 00 00 02 00 00 00 00 00 00 00 68 00 00 00
T2591 enter recvfrom(0x11, 0x7c82d2db70, 0x14, 0x40, 0, 0)
T2603 enter ioctl(0xe, 0xc0306201, 0x7c821504e8, 0, 0, 0x1) ioctl_req=0xc0306201
T2591 exit  recvfrom -> 20 (0x14) bytes=20: 04 00 00 00 47 00 00 00 01 00 00 00 00 00 00 00 6b 00 00 00
T2603 exit  ioctl -> 0 (0)
T2587 enter socket(0x2a, 0x80002, 0, 0x1, 0x7c83120fdc, 0x7c83121260)
T2587 exit  socket -> 62 (0x3e)
T2587 enter sendto(0x3e, 0x7c83120ef0, 0x14, 0, 0x7c83120ee0, 0xc) bytes=20: 0a 00 00 00 05 00 00 00 00 00 00 00 00 00 00 00 00 00 00 00 addr: bytes=12: 2a 00 00 00 01 00 00 00 fe ff ff ff
T2587 exit  sendto -> 20 (0x14)
T2587 enter recvfrom(0x3e, 0x7c83120f40, 0x14, 0, 0, 0)
T2587 exit  recvfrom -> 20 (0x14) bytes=20: 04 00 00 00 05 00 00 00 01 00 00 00 00 00 00 00 5a 00 00 00
T2603 enter ioctl(0xe, 0xc0306201, 0x7c821503e8, 0, 0, 0x1) ioctl_req=0xc0306201
T2603 exit  ioctl -> 0 (0)
T2587 enter recvfrom(0x3e, 0x7c83120f40, 0x14, 0, 0, 0)
T2587 exit  recvfrom -> 20 (0x14) bytes=20: 04 00 00 00 00 00 00 00 00 00 00 00 00 00 00 00 00 00 00 00
T2587 enter close(0x3e, 0x3e, 0x14, 0, 0x14, 0)
T2587 exit  close -> 0 (0)
T2590 enter socket(0x2a, 0x80002, 0, 0x2, 0x7c82e29cbc, 0x7c82e29e00)
T2590 exit  socket -> 62 (0x3e)
T2590 enter sendto(0x3e, 0x7c82e29bd0, 0x14, 0, 0x7c82e29bc0, 0xc) bytes=20: 0a 00 00 00 09 00 00 00 00 00 00 00 00 00 00 00 00 00 00 00 addr: bytes=12: 2a 00 00 00 01 00 00 00 fe ff ff ff
T2590 exit  sendto -> 20 (0x14)
T2590 enter recvfrom(0x3e, 0x7c82e29c20, 0x14, 0, 0, 0)
T2590 exit  recvfrom -> 20 (0x14) bytes=20: 04 00 00 00 09 00 00 00 02 00 00 00 00 00 00 00 45 00 00 00
T2590 enter recvfrom(0x3e, 0x7c82e29c20, 0x14, 0, 0, 0)
T2590 exit  recvfrom -> 20 (0x14) bytes=20: 04 00 00 00 00 00 00 00 00 00 00 00 00 00 00 00 00 00 00 00
T2590 enter close(0x3e, 0x3e, 0x14, 0, 0x14, 0)
T2590 exit  close -> 0 (0)
T2603 enter ioctl(0xe, 0xc0306201, 0x7c821503e8, 0, 0, 0x1) ioctl_req=0xc0306201
T2603 exit  ioctl -> 0 (0)
T2609 enter socket(0x2a, 0x80002, 0, 0x1, 0x7c62964f8c, 0x7c62965230)
T2609 exit  socket -> 62 (0x3e)
T2609 enter sendto(0x3e, 0x7c62964ea0, 0x14, 0, 0x7c62964e90, 0xc) bytes=20: 0a 00 00 00 47 00 00 00 00 00 00 00 00 00 00 00 00 00 00 00 addr: bytes=12: 2a 00 00 00 01 00 00 00 fe ff ff ff
T2609 exit  sendto -> 20 (0x14)
T2609 enter recvfrom(0x3e, 0x7c62964ef0, 0x14, 0, 0, 0)
T2609 exit  recvfrom -> 20 (0x14) bytes=20: 04 00 00 00 47 00 00 00 01 00 00 00 00 00 00 00 6b 00 00 00
T2609 enter recvfrom(0x3e, 0x7c62964ef0, 0x14, 0, 0, 0)
T2609 exit  recvfrom -> 20 (0x14) bytes=20: 04 00 00 00 00 00 00 00 00 00 00 00 00 00 00 00 00 00 00 00
T2609 enter close(0x3e, 0x3e, 0x14, 0, 0x14, 0)
T2609 exit  close -> 0 (0)
T2609 enter socket(0x2a, 0x80002, 0, 0x7c87e06450, 0x7c87e06460, 0)
T2609 exit  socket -> 62 (0x3e)
T2590 enter socket(0x2a, 0x80002, 0, 0x7c96e4ea70, 0x7c96e4ea80, 0xa02c)
T2590 exit  socket -> 65 (0x41)
attached new tid=9363
T9331 enter writev(0x4, 0x77b30bf1c0, 0x4, 0x3, 0x77b30bf200, 0x225a8)
T2609 enter write(0x40, 0x7d3c3076c3, 0x1, 0, 0, 0) bytes=1: 61
T2609 exit  write -> 1 (0x1)
T9363 enter read(0x3f, 0x7c53c8cb94, 0x1, 0, 0, 0x4)
T9363 exit  read -> 1 (0x1) bytes=1: 61
T2588 enter socket(0x2a, 0x80002, 0, 0x1, 0x7c83023fdc, 0x7c83024260)
T2603 enter ioctl(0xe, 0xc0306201, 0x7c821503e8, 0, 0, 0x1) ioctl_req=0xc0306201
T2588 exit  socket -> 68 (0x44)
T2603 exit  ioctl -> 0 (0)
T2593 enter sendto(0x2f, 0xb400007c87e1fd80, 0x1b, 0x40, 0x7c82b2c578, 0xc) bytes=27: 00 06 00 20 00 14 00 01 02 00 06 00 02 05 00 e2 2f 02 00 3f 03 04 00 00 00 00 00 addr: bytes=12: 2a 00 00 00 00 00 00 00 49 00 00 00
attached new tid=9364
T2593 exit  sendto -> 27 (0x1b)
T2588 enter sendto(0x44, 0x7c83023ef0, 0x14, 0, 0x7c83023ee0, 0xc) bytes=20: 0a 00 00 00 21 00 00 00 00 00 00 00 00 00 00 00 00 00 00 00 addr: bytes=12: 2a 00 00 00 01 00 00 00 fe ff ff ff
T9358 enter recvfrom(0x2f, 0xb400007c87f48300, 0x66b8, 0x40, 0x7c56e86b88, 0x7c56e86b84)
T9358 exit  recvfrom -> 34 (0x22) bytes=34: 02 06 00 20 00 1b 00 02 04 00 00 00 00 00 11 0c 00 0a 00 98 93 88 80 64 50 06 39 87 f6 10 02 00 90 00
T2588 exit  sendto -> 20 (0x14)
T2588 enter recvfrom(0x44, 0x7c83023f40, 0x14, 0, 0, 0)
T2588 exit  recvfrom -> 20 (0x14) bytes=20: 04 00 00 00 21 00 00 00 01 00 00 00 00 00 00 00 62 00 00 00
T2590 enter write(0x43, 0x7d3c3076c3, 0x1, 0, 0, 0) bytes=1: 61
T2588 enter recvfrom(0x44, 0x7c83023f40, 0x14, 0, 0, 0)
T2590 exit  write -> 1 (0x1)
T2588 exit  recvfrom -> 20 (0x14) bytes=20: 04 00 00 00 00 00 00 00 00 00 00 00 00 00 00 00 00 00 00 00
T2588 enter close(0x44, 0x44, 0x14, 0, 0x14, 0)
T2588 exit  close -> 0 (0)
T2603 enter ioctl(0xe, 0xc0306201, 0x7c821507f8, 0, 0, 0x1) ioctl_req=0xc0306201
T2603 exit  ioctl -> 0 (0)
T2589 enter socket(0x2a, 0x80002, 0, 0x1, 0x7c82f26fdc, 0x7c82f27260)
T2589 exit  socket -> 68 (0x44)
T2589 enter sendto(0x44, 0x7c82f26ef0, 0x14, 0, 0x7c82f26ee0, 0xc) bytes=20: 0a 00 00 00 12 00 00 00 00 00 00 00 00 00 00 00 00 00 00 00 addr: bytes=12: 2a 00 00 00 01 00 00 00 fe ff ff ff
T2589 exit  sendto -> 20 (0x14)
T2589 enter recvfrom(0x44, 0x7c82f26f40, 0x14, 0, 0, 0)
T9364 enter read(0x42, 0x7c50995b94, 0x1, 0, 0, 0x1)
T9364 exit  read -> 1 (0x1) bytes=1: 61
T2589 exit  recvfrom -> 20 (0x14) bytes=20: 04 00 00 00 12 00 00 00 01 00 00 00 00 00 00 00 64 00 00 00
T2589 enter recvfrom(0x44, 0x7c82f26f40, 0x14, 0, 0, 0)
T2603 enter ioctl(0xe, 0xc0306201, 0x7c821507f8, 0, 0, 0x1) ioctl_req=0xc0306201
T2589 exit  recvfrom -> 20 (0x14) bytes=20: 04 00 00 00 00 00 00 00 00 00 00 00 00 00 00 00 00 00 00 00
T2603 exit  ioctl -> 0 (0)
T2589 enter close(0x44, 0x44, 0x14, 0, 0x14, 0)
T2589 exit  close -> 0 (0)
T2609 enter socket(0x2a, 0x80002, 0, 0x1, 0, 0)
T2609 exit  socket -> 68 (0x44)
T2609 enter sendto(0x44, 0x7c62964e50, 0x14, 0, 0x7c62964e40, 0xc) bytes=20: 0a 00 00 00 47 00 00 00 00 00 00 00 00 00 00 00 00 00 00 00 addr: bytes=12: 2a 00 00 00 01 00 00 00 fe ff ff ff
T2609 exit  sendto -> 20 (0x14)
T2609 enter recvfrom(0x44, 0x7c62964ea0, 0x14, 0, 0, 0)
T2609 exit  recvfrom -> 20 (0x14) bytes=20: 04 00 00 00 47 00 00 00 01 00 00 00 00 00 00 00 6b 00 00 00
T2609 enter recvfrom(0x44, 0x7c62964ea0, 0x14, 0, 0, 0)
T2609 exit  recvfrom -> 20 (0x14) bytes=20: 04 00 00 00 00 00 00 00 00 00 00 00 00 00 00 00 00 00 00 00
T2609 enter close(0x44, 0x44, 0x14, 0, 0x14, 0)
T2609 exit  close -> 0 (0)
T2609 enter socket(0x2a, 0x80002, 0, 0x1, 0x7c62964f3c, 0xb400007c958074a0)
T2609 exit  socket -> 68 (0x44)
T2609 enter sendto(0x44, 0x7c62964e50, 0x14, 0, 0x7c62964e40, 0xc) bytes=20: 0a 00 00 00 47 00 00 00 00 00 00 00 00 00 00 00 00 00 00 00 addr: bytes=12: 2a 00 00 00 01 00 00 00 fe ff ff ff
T2609 exit  sendto -> 20 (0x14)
T2609 enter recvfrom(0x44, 0x7c62964ea0, 0x14, 0, 0, 0)
T2609 exit  recvfrom -> 20 (0x14) bytes=20: 04 00 00 00 47 00 00 00 01 00 00 00 00 00 00 00 6b 00 00 00
T2609 enter recvfrom(0x44, 0x7c62964ea0, 0x14, 0, 0, 0)
T2609 exit  recvfrom -> 20 (0x14) bytes=20: 04 00 00 00 00 00 00 00 00 00 00 00 00 00 00 00 00 00 00 00
T2609 enter close(0x44, 0x44, 0x14, 0, 0x14, 0)
T2609 exit  close -> 0 (0)
T2603 enter ioctl(0xe, 0xc0306201, 0x7c821507f8, 0, 0, 0x1) ioctl_req=0xc0306201
T2603 exit  ioctl -> 0 (0)
T2590 enter socket(0x2a, 0x80002, 0, 0x2, 0, 0)
T2590 exit  socket -> 68 (0x44)
T2609 enter sendto(0x3e, 0xb400007c96ecd6d0, 0x7, 0x40, 0x7c62964e28, 0xc) bytes=7: 00 01 00 20 00 00 00 addr: bytes=12: 2a 00 00 00 00 00 00 00 6b 00 00 00
T2590 enter sendto(0x44, 0x7c82e29b80, 0x14, 0, 0x7c82e29b70, 0xc) bytes=20: 0a 00 00 00 09 00 00 00 00 00 00 00 00 00 00 00 00 00 00 00 addr: bytes=12: 2a 00 00 00 01 00 00 00 fe ff ff ff
T2609 exit  sendto -> 7 (0x7)
T9363 enter recvfrom(0x3e, 0xb400007c87ef2000, 0x1688, 0x40, 0x7c53c8cb88, 0x7c53c8cb84)
T9363 exit  recvfrom -> 14 (0xe) bytes=14: 02 01 00 20 00 07 00 02 04 00 01 00 05 00
T2590 exit  sendto -> 20 (0x14)
T2590 enter recvfrom(0x44, 0x7c82e29bd0, 0x14, 0, 0, 0)
T2590 exit  recvfrom -> 20 (0x14) bytes=20: 04 00 00 00 09 00 00 00 02 00 00 00 00 00 00 00 45 00 00 00
T2590 enter recvfrom(0x44, 0x7c82e29bd0, 0x14, 0, 0, 0)
T2590 exit  recvfrom -> 20 (0x14) bytes=20: 04 00 00 00 00 00 00 00 00 00 00 00 00 00 00 00 00 00 00 00
T2590 enter close(0x44, 0x44, 0x14, 0, 0x14, 0)
T2603 enter write(0x7, 0x7d39599727, 0x1, 0x2, 0x2, 0x7d1e7d55c8) bytes=1: 20
T2590 exit  close -> 0 (0)
T2603 exit  write -> 1 (0x1)
T2590 enter socket(0x2a, 0x80002, 0, 0x2, 0x7c82e29c6c, 0xb400007c87e0bd80)
T2590 exit  socket -> 68 (0x44)
T2590 enter sendto(0x44, 0x7c82e29b80, 0x14, 0, 0x7c82e29b70, 0xc) bytes=20: 0a 00 00 00 09 00 00 00 00 00 00 00 00 00 00 00 00 00 00 00 addr: bytes=12: 2a 00 00 00 01 00 00 00 fe ff ff ff
T2600 enter sendto(0x2f, 0xb400007c96f4df30, 0x1c, 0x40, 0x7c82444ed8, 0xc) bytes=28: 00 07 00 39 00 15 00 01 12 00 01 10 a0 00 00 00 87 10 02 ff 39 ff ff 89 01 01 01 00 addr: bytes=12: 2a 00 00 00 00 00 00 00 49 00 00 00
T2590 exit  sendto -> 20 (0x14)
T2600 exit  sendto -> 28 (0x1c)
T9358 enter recvfrom(0x2f, 0xb400007c87f48300, 0x66b8, 0x40, 0x7c56e86b88, 0x7c56e86b84)
T9358 exit  recvfrom -> 23 (0x17) bytes=23: 02 07 00 39 00 10 00 02 04 00 00 00 00 00 10 06 00 05 57 69 6e 64 33
T2590 enter recvfrom(0x44, 0x7c82e29bd0, 0x14, 0, 0, 0)
T2590 exit  recvfrom -> 20 (0x14) bytes=20: 04 00 00 00 09 00 00 00 02 00 00 00 00 00 00 00 45 00 00 00
T2590 enter recvfrom(0x44, 0x7c82e29bd0, 0x14, 0, 0, 0)
T2590 exit  recvfrom -> 20 (0x14) bytes=20: 04 00 00 00 00 00 00 00 00 00 00 00 00 00 00 00 00 00 00 00
T2590 enter close(0x44, 0x44, 0x14, 0, 0x14, 0)
T2590 exit  close -> 0 (0)
T2603 enter ioctl(0xe, 0xc0306201, 0x7c8214eb68, 0, 0, 0x1) ioctl_req=0xc0306201
T2603 exit  ioctl -> 0 (0)
T2603 enter socket(0x1, 0x80001, 0, 0, 0x30, 0x80**************)
T2603 exit  socket -> 68 (0x44)
T2603 enter connect(0x44, 0x7c8214f9a0, 0x1f, 0x43e437fba, 0xffffffffffffff, 0x225ee)
T2603 exit  connect -> 0 (0)
T2603 enter writev(0x44, 0x7c8214fa78, 0x5, 0, 0x30, 0x80**************)
T2603 exit  writev -> 45 (0x2d)
T2603 enter recvfrom(0x44, 0x7c8214fa60, 0x4, 0x100, 0, 0)
T2603 exit  recvfrom -> 4 (0x4) bytes=4: 00 00 00 00
T2603 enter close(0x44, 0x44, 0x4, 0x100, 0, 0)
T2603 exit  close -> 0 (0)
T2593 enter sendto(0x2f, 0xb400007c87e22910, 0x18, 0x40, 0x7c82b2d5d8, 0xc) bytes=24: 00 08 00 24 00 11 00 01 02 00 00 00 02 09 00 30 4f 06 00 3f 10 7f 3a 5f addr: bytes=12: 2a 00 00 00 00 00 00 00 49 00 00 00
T2593 exit  sendto -> 24 (0x18)
T2590 enter sendto(0x41, 0xb400007c96e05ea0, 0xb, 0x40, 0x7c82e29b98, 0xc) bytes=11: 00 01 00 44 00 04 00 01 01 00 00 addr: bytes=12: 2a 00 00 00 00 00 00 00 45 00 00 00
T2590 exit  sendto -> 11 (0xb)
T9364 enter recvfrom(0x41, 0xb400007c3509b480, 0xa034, 0x40, 0x7c50995b88, 0x7c50995b84)
T9364 exit  recvfrom -> 14 (0xe) bytes=14: 02 01 00 44 00 07 00 02 04 00 00 00 00 00
T2603 enter ioctl(0xe, 0xc0306201, 0x7c82150920, 0, 0, 0) ioctl_req=0xc0306201
T2603 exit  ioctl -> 0 (0)
T2593 enter sendto(0x2f, 0xb400007c666e4e00, 0x13, 0x40, 0x7c82b2d6e8, 0xc) bytes=19: 00 09 00 2a 00 0c 00 01 02 00 06 00 02 04 00 01 00 00 00 addr: bytes=12: 2a 00 00 00 00 00 00 00 49 00 00 00
T2593 exit  sendto -> 19 (0x13)
T9358 enter recvfrom(0x2f, 0xb400007c87f48300, 0x66b8, 0x40, 0x7c56e86b88, 0x7c56e86b84)
T9358 exit  recvfrom -> 14 (0xe) bytes=14: 02 09 00 2a 00 07 00 02 04 00 00 00 00 00
T2603 enter ioctl(0xe, 0xc0306201, 0x7c8214f960, 0, 0, 0) ioctl_req=0xc0306201
T2603 exit  ioctl -> 0 (0)
T2603 enter write(0x7, 0x7d39599727, 0x1, 0x2, 0x2, 0x7d1e7d55c8) bytes=1: 20
T2603 exit  write -> 1 (0x1)
T2603 enter ioctl(0xe, 0xc0306201, 0x7c8214f978, 0, 0, 0x1) ioctl_req=0xc0306201
T2603 exit  ioctl -> 0 (0)
T2589 enter socket(0x2a, 0x80002, 0, 0x1, 0x7c82f26cbc, 0x7c82f26e00)
T2589 exit  socket -> 68 (0x44)
T2603 enter writev(0x4, 0x7c8214f790, 0x4, 0x3, 0x7c8214f7d0, 0x225f6)
T2589 enter sendto(0x44, 0x7c82f26bd0, 0x14, 0, 0x7c82f26bc0, 0xc) bytes=20: 0a 00 00 00 12 00 00 00 00 00 00 00 00 00 00 00 00 00 00 00 addr: bytes=12: 2a 00 00 00 01 00 00 00 fe ff ff ff
T2603 exit  writev -> 60 (0x3c)
T2589 exit  sendto -> 20 (0x14)
T2589 enter recvfrom(0x44, 0x7c82f26c20, 0x14, 0, 0, 0)
T2589 exit  recvfrom -> 20 (0x14) bytes=20: 04 00 00 00 12 00 00 00 01 00 00 00 00 00 00 00 64 00 00 00
T2589 enter recvfrom(0x44, 0x7c82f26c20, 0x14, 0, 0, 0)
T2589 exit  recvfrom -> 20 (0x14) bytes=20: 04 00 00 00 00 00 00 00 00 00 00 00 00 00 00 00 00 00 00 00
T2589 enter close(0x44, 0x44, 0x14, 0, 0x14, 0)
T2589 exit  close -> 0 (0)
T2589 enter socket(0x2a, 0x80002, 0, 0x7c87e08570, 0x7c87e08580, 0x200c)
T2589 exit  socket -> 68 (0x44)
T9358 enter recvfrom(0x2f, 0xb400007c87f48300, 0x66b8, 0x40, 0x7c56e86b88, 0x7c56e86b84)
T9358 exit  recvfrom -> 87 (0x57) bytes=87: 02 08 00 24 00 50 00 02 04 00 00 00 00 00 13 04 00 01 00 00 00 11 3a 00 80 00 30 4f 02 80 00 01 00 03 09 00 04 08 00 00 00 00 04 08 00 04 08 00 20 00 62 1e 82 05 42 21 00 80 01 83 02 4f 30 a5 03 80 01 61 8a 01 05 8b 03 6f 06 0f 80 02 00 80 88 00 10 02 00 90 00
attached new tid=9365
T2589 enter write(0x46, 0x7d3c3076c3, 0x1, 0x8, 0x7c4f898d00, 0x7d35c1fd2c) bytes=1: 61
T2589 exit  write -> 1 (0x1)
T2589 enter socket(0x2a, 0x80002, 0, 0x1, 0, 0)
T9365 enter read(0x45, 0x7c4f898b94, 0x1, 0, 0, 0x4)
T9365 exit  read -> 1 (0x1) bytes=1: 61
T2589 exit  socket -> 71 (0x47)
T2589 enter sendto(0x47, 0x7c82f26b80, 0x14, 0, 0x7c82f26b70, 0xc) bytes=20: 0a 00 00 00 12 00 00 00 00 00 00 00 00 00 00 00 00 00 00 00 addr: bytes=12: 2a 00 00 00 01 00 00 00 fe ff ff ff
T2603 enter ioctl(0x14, 0xc0306201, 0x7c8214f058, 0x2, 0, 0xb400007c87e2db80) ioctl_req=0xc0306201
T2589 exit  sendto -> 20 (0x14)
T2603 exit  ioctl -> 0 (0)
T2589 enter recvfrom(0x47, 0x7c82f26bd0, 0x14, 0, 0, 0)
T2589 exit  recvfrom -> 20 (0x14) bytes=20: 04 00 00 00 12 00 00 00 01 00 00 00 00 00 00 00 64 00 00 00
T2589 enter recvfrom(0x47, 0x7c82f26bd0, 0x14, 0, 0, 0)
T2589 exit  recvfrom -> 20 (0x14) bytes=20: 04 00 00 00 00 00 00 00 00 00 00 00 00 00 00 00 00 00 00 00
T2589 enter close(0x47, 0x47, 0x14, 0, 0x14, 0)
T2589 exit  close -> 0 (0)
T2589 enter socket(0x2a, 0x80002, 0, 0x1, 0x7c82f26c6c, 0xb400007c87e0b380)
T2589 exit  socket -> 71 (0x47)
T2589 enter sendto(0x47, 0x7c82f26b80, 0x14, 0, 0x7c82f26b70, 0xc) bytes=20: 0a 00 00 00 12 00 00 00 00 00 00 00 00 00 00 00 00 00 00 00 addr: bytes=12: 2a 00 00 00 01 00 00 00 fe ff ff ff
T2589 exit  sendto -> 20 (0x14)
T2589 enter recvfrom(0x47, 0x7c82f26bd0, 0x14, 0, 0, 0)
T2589 exit  recvfrom -> 20 (0x14) bytes=20: 04 00 00 00 12 00 00 00 01 00 00 00 00 00 00 00 64 00 00 00
T2589 enter recvfrom(0x47, 0x7c82f26bd0, 0x14, 0, 0, 0)
T2589 exit  recvfrom -> 20 (0x14) bytes=20: 04 00 00 00 00 00 00 00 00 00 00 00 00 00 00 00 00 00 00 00
T2589 enter close(0x47, 0x47, 0x14, 0, 0x14, 0)
T2589 exit  close -> 0 (0)
T2603 enter write(0x7, 0x7d39599727, 0x1, 0x2, 0x2, 0x7d1e7d55c8) bytes=1: 20
T2603 exit  write -> 1 (0x1)
T2603 enter ioctl(0xe, 0xc0306201, 0x7c8214f998, 0, 0, 0x1) ioctl_req=0xc0306201
T2603 exit  ioctl -> 0 (0)
T2588 enter socket(0x2a, 0x80002, 0, 0x1, 0x7c83023cbc, 0x7c83023e00)
T2588 exit  socket -> 71 (0x47)
T2593 enter sendto(0x2f, 0xb400007c87e0c340, 0xe, 0x40, 0x7c82b2fb38, 0xc) bytes=14: 00 0a 00 3a 00 07 00 10 04 00 02 00 00 00 addr: bytes=12: 2a 00 00 00 00 00 00 00 49 00 00 00
T2603 enter ioctl(0xe, 0xc0306201, 0x7c821507f8, 0, 0, 0x1) ioctl_req=0xc0306201
T2593 exit  sendto -> 14 (0xe)
T2603 exit  ioctl -> 0 (0)
T2603 enter ioctl(0xe, 0xc0306201, 0x7c82150ca8, 0x7c82150dd8, 0x7c82150dd0, 0x80**************) ioctl_req=0xc0306201
T2588 enter sendto(0x47, 0x7c83023bd0, 0x14, 0, 0x7c83023bc0, 0xc) bytes=20: 0a 00 00 00 21 00 00 00 00 00 00 00 00 00 00 00 00 00 00 00 addr: bytes=12: 2a 00 00 00 01 00 00 00 fe ff ff ff
T2603 exit  ioctl -> 0 (0)
T2588 exit  sendto -> 20 (0x14)
T2589 enter sendto(0x44, 0xb400007c87e0c270, 0xe, 0x40, 0x7c82f26b88, 0xc) bytes=14: 00 01 00 98 00 07 00 01 04 00 00 00 00 00 addr: bytes=12: 2a 00 00 00 00 00 00 00 64 00 00 00
T2588 enter recvfrom(0x47, 0x7c83023c20, 0x14, 0, 0, 0)
T2589 exit  sendto -> 14 (0xe)
T2588 exit  recvfrom -> 20 (0x14) bytes=20: 04 00 00 00 21 00 00 00 01 00 00 00 00 00 00 00 62 00 00 00
T9365 enter recvfrom(0x44, 0xb400007c87eec800, 0x2014, 0x40, 0x7c4f898b88, 0x7c4f898b84)
T9365 exit  recvfrom -> 14 (0xe) bytes=14: 02 01 00 98 00 07 00 02 04 00 00 00 00 00
T2588 enter recvfrom(0x47, 0x7c83023c20, 0x14, 0, 0, 0)
T2588 exit  recvfrom -> 20 (0x14) bytes=20: 04 00 00 00 00 00 00 00 00 00 00 00 00 00 00 00 00 00 00 00
T2588 enter close(0x47, 0x47, 0x14, 0, 0x14, 0)
T2588 exit  close -> 0 (0)
T2588 enter socket(0x2a, 0x80002, 0, 0x7c96e4e7f0, 0x7c96e4e800, 0x200c)
T2588 exit  socket -> 71 (0x47)
T2603 enter ioctl(0xe, 0xc0306201, 0x7c82150920, 0, 0, 0) ioctl_req=0xc0306201
T2603 exit  ioctl -> 0 (0)
attached new tid=9366
T2588 enter write(0x49, 0x7d3c3076c3, 0x1, 0, 0, 0) bytes=1: 61
T9358 enter recvfrom(0x2f, 0xb400007c87f48300, 0x66b8, 0x40, 0x7c56e86b88, 0x7c56e86b84)
T2588 exit  write -> 1 (0x1)
T9358 exit  recvfrom -> 18 (0x12) bytes=18: 02 0a 00 3a 00 0b 00 02 04 00 00 00 00 00 11 01 00 00
T9366 enter read(0x48, 0x7c4e79bb94, 0x1, 0, 0, 0x4)
T9366 exit  read -> 1 (0x1) bytes=1: 61
T2588 enter socket(0x2a, 0x80002, 0, 0x1, 0, 0)
T2588 exit  socket -> 74 (0x4a)
T2603 enter ioctl(0xe, 0xc0306201, 0x7c821507f8, 0, 0, 0x1) ioctl_req=0xc0306201
T2603 exit  ioctl -> 0 (0)
T2603 enter ioctl(0xe, 0xc0306201, 0x7c82150ca8, 0x7c82150dd8, 0x7c82150dd0, 0x80**************) ioctl_req=0xc0306201
T2603 exit  ioctl -> 0 (0)
T2588 enter sendto(0x4a, 0x7c83023b80, 0x14, 0, 0x7c83023b70, 0xc) bytes=20: 0a 00 00 00 21 00 00 00 00 00 00 00 00 00 00 00 00 00 00 00 addr: bytes=12: 2a 00 00 00 01 00 00 00 fe ff ff ff
T2588 exit  sendto -> 20 (0x14)
T2588 enter recvfrom(0x4a, 0x7c83023bd0, 0x14, 0, 0, 0)
T2588 exit  recvfrom -> 20 (0x14) bytes=20: 04 00 00 00 21 00 00 00 01 00 00 00 00 00 00 00 62 00 00 00
T2588 enter recvfrom(0x4a, 0x7c83023bd0, 0x14, 0, 0, 0)
T2588 exit  recvfrom -> 20 (0x14) bytes=20: 04 00 00 00 00 00 00 00 00 00 00 00 00 00 00 00 00 00 00 00
T2588 enter close(0x4a, 0x4a, 0x14, 0, 0x14, 0)
T2588 exit  close -> 0 (0)
T2588 enter socket(0x2a, 0x80002, 0, 0x1, 0x7c83023c6c, 0xb400007c96f5e4e0)
T2588 exit  socket -> 74 (0x4a)
T2588 enter sendto(0x4a, 0x7c83023b80, 0x14, 0, 0x7c83023b70, 0xc) bytes=20: 0a 00 00 00 21 00 00 00 00 00 00 00 00 00 00 00 00 00 00 00 addr: bytes=12: 2a 00 00 00 01 00 00 00 fe ff ff ff
T2588 exit  sendto -> 20 (0x14)
T2588 enter recvfrom(0x4a, 0x7c83023bd0, 0x14, 0, 0, 0)
T2588 exit  recvfrom -> 20 (0x14) bytes=20: 04 00 00 00 21 00 00 00 01 00 00 00 00 00 00 00 62 00 00 00
T2588 enter recvfrom(0x4a, 0x7c83023bd0, 0x14, 0, 0, 0)
T2588 exit  recvfrom -> 20 (0x14) bytes=20: 04 00 00 00 00 00 00 00 00 00 00 00 00 00 00 00 00 00 00 00
T2588 enter close(0x4a, 0x4a, 0x14, 0, 0x14, 0)
T2588 exit  close -> 0 (0)
T2587 enter socket(0x2a, 0x80002, 0, 0x1, 0x7c83120cbc, 0x7c83120e00)
T2587 exit  socket -> 74 (0x4a)
T2587 enter sendto(0x4a, 0x7c83120bd0, 0x14, 0, 0x7c83120bc0, 0xc) bytes=20: 0a 00 00 00 05 00 00 00 00 00 00 00 00 00 00 00 00 00 00 00 addr: bytes=12: 2a 00 00 00 01 00 00 00 fe ff ff ff
T2587 exit  sendto -> 20 (0x14)
T2587 enter recvfrom(0x4a, 0x7c83120c20, 0x14, 0, 0, 0)
T2603 enter ioctl(0xe, 0xc0306201, 0x7c82150920, 0, 0, 0) ioctl_req=0xc0306201
T2587 exit  recvfrom -> 20 (0x14) bytes=20: 04 00 00 00 05 00 00 00 01 00 00 00 00 00 00 00 5a 00 00 00
T2587 enter recvfrom(0x4a, 0x7c83120c20, 0x14, 0, 0, 0)
T2587 exit  recvfrom -> 20 (0x14) bytes=20: 04 00 00 00 00 00 00 00 00 00 00 00 00 00 00 00 00 00 00 00
T2603 exit  ioctl -> 0 (0)
T2587 enter close(0x4a, 0x4a, 0x14, 0, 0x14, 0)
T2587 exit  close -> 0 (0)
T2587 enter socket(0x2a, 0x80002, 0, 0x7c87e087f0, 0x7c87e08800, 0xb556)
T2587 exit  socket -> 74 (0x4a)
T2588 enter sendto(0x47, 0xb400007c958060a0, 0xe, 0x40, 0x7c83023b98, 0xc) bytes=14: 00 01 00 33 00 07 00 10 04 00 00 00 00 00 addr: bytes=12: 2a 00 00 00 00 00 00 00 62 00 00 00
T2603 enter write(0x7, 0x7d39599727, 0x1, 0x2, 0x2, 0x7d1e7d55c8) bytes=1: 20
T2603 exit  write -> 1 (0x1)
T2588 exit  sendto -> 14 (0xe)
T9366 enter recvfrom(0x47, 0xb400007c95860000, 0x2014, 0x40, 0x7c4e79bb88, 0x7c4e79bb84)
T9366 exit  recvfrom -> 14 (0xe) bytes=14: 02 01 00 33 00 07 00 02 04 00 00 00 00 00
T2603 enter ioctl(0xe, 0xc0306201, 0x7c821507f8, 0, 0, 0x1) ioctl_req=0xc0306201
T2603 exit  ioctl -> 0 (0)
T2603 enter ioctl(0xe, 0xc0306201, 0x7c82150ca8, 0x7c82150dd8, 0x7c82150dd0, 0x80**************) ioctl_req=0xc0306201
T2603 exit  ioctl -> 0 (0)
T2593 enter sendto(0x2f, 0xb400007c87e1fd80, 0x1d, 0x40, 0x7c82b31e58, 0xc) bytes=29: 00 0b 00 20 00 16 00 01 02T9331 exit  writev -> 107 (0x6b) 00
 00 00 02 07 00 ad 6f 04 00 3f ff 7f 03 04 00 00 00 00 00 addr: bytes=12: 2a 00 00 00 00 00 00 00 49 00 00 00
T2593 exit  sendto -> 29 (0x1d)
T9358 enter recvfrom(0x2f, 0xb400007c87f48300, 0x66b8, 0x40, 0x7c56e86b88, 0x7c56e86b84)
T9358 exit  recvfrom -> 28 (0x1c) bytes=28: 02 0b 00 20 00 15 00 02 04 00 00 00 00 00 11 06 00 04 00 00 00 00 02 10 02 00 90 00
T2586 enter socket(0x2a, 0x80002, 0, 0x1, 0x7c8321dcbc, 0x7c8321de00)
attached new tid=9367
T2586 exit  socket -> 77 (0x4d)
T2586 enter sendto(0x4d, 0x7c8321dbd0, 0x14, 0, 0x7c8321dbc0, 0xc) bytes=20: 0a 00 00 00 0c 00 00 00 00 00 00 00 00 00 00 00 00 00 00 00 addr: bytes=12: 2a 00 00 00 01 00 00 00 fe ff ff ff
T2586 exit  sendto -> 20 (0x14)
T2587 enter write(0x4c, 0x7d3c3076c3, 0x1, 0, 0, 0) bytes=1: 61
T2586 enter recvfrom(0x4d, 0x7c8321dc20, 0x14, 0, 0, 0)
T9367 enter read(0x4b, 0x7c4d69eb94, 0x1, 0, 0, 0x1)
T2587 exit  write -> 1 (0x1)
T9367 exit  read -> 1 (0x1) bytes=1: 61
T2586 exit  recvfrom -> 20 (0x14) bytes=20: 04 00 00 00 0c 00 00 00 01 00 00 00 00 00 00 00 41 00 00 00
T2586 enter recvfrom(0x4d, 0x7c8321dc20, 0x14, 0, 0, 0)
T2586 exit  recvfrom -> 20 (0x14) bytes=20: 04 00 00 00 00 00 00 00 00 00 00 00 00 00 00 00 00 00 00 00
T2586 enter close(0x4d, 0x4d, 0x14, 0, 0x14, 0)
T2586 exit  close -> 0 (0)
T2587 enter socket(0x2a, 0x80002, 0, 0x1, 0, 0)
T2587 exit  socket -> 77 (0x4d)
T2587 enter sendto(0x4d, 0x7c83120b80, 0x14, 0, 0x7c83120b70, 0xc) bytes=20: 0a 00 00 00 05 00 00 00 00 00 00 00 00 00 00 00 00 00 00 00 addr: bytes=12: 2a 00 00 00 01 00 00 00 fe ff ff ff
T2587 exit  sendto -> 20 (0x14)
T2587 enter recvfrom(0x4d, 0x7c83120bd0, 0x14, 0, 0, 0)
T2587 exit  recvfrom -> 20 (0x14) bytes=20: 04 00 00 00 05 00 00 00 01 00 00 00 00 00 00 00 5a 00 00 00
T2587 enter recvfrom(0x4d, 0x7c83120bd0, 0x14, 0, 0, 0)
T2587 exit  recvfrom -> 20 (0x14) bytes=20: 04 00 00 00 00 00 00 00 00 00 00 00 00 00 00 00 00 00 00 00
T2587 enter close(0x4d, 0x4d, 0x14, 0, 0x14, 0)
T2587 exit  close -> 0 (0)
T2583 enter socket(0x2a, 0x80002, 0, 0x1, 0x7c83514fdc, 0x7c83515260)
T2583 exit  socket -> 77 (0x4d)
T2583 enter sendto(0x4d, 0x7c83514ef0, 0x14, 0, 0x7c83514ee0, 0xc) bytes=20: 0a 00 00 00 44 00 00 00 00 00 00 00 00 00 00 00 00 00 00 00 addr: bytes=12: 2a 00 00 00 01 00 00 00 fe ff ff ff
T2583 exit  sendto -> 20 (0x14)
T2583 enter recvfrom(0x4d, 0x7c83514f40, 0x14, 0, 0, 0)
T2583 exit  recvfrom -> 20 (0x14) bytes=20: 04 00 00 00 44 00 00 00 01 00 00 00 00 00 00 00 5d 00 00 00
T2583 enter recvfrom(0x4d, 0x7c83514f40, 0x14, 0, 0, 0)
T2583 exit  recvfrom -> 20 (0x14) bytes=20: 04 00 00 00 00 00 00 00 00 00 00 00 00 00 00 00 00 00 00 00
T2583 enter close(0x4d, 0x4d, 0x14, 0, 0x14, 0)
T2583 exit  close -> 0 (0)
T2587 enter socket(0x2a, 0x80002, 0, 0x1, 0x7c83120c6c, 0xb400007c87e0b300)
T2586 enter socket(0x2a, 0x80002, 0, 0x7c96e4e570, 0x7c96e4e580, 0xe3e7)
T2587 exit  socket -> 77 (0x4d)
T2586 exit  socket -> 78 (0x4e)
T2593 enter sendto(0x2f, 0xb400007c87e22910, 0x1f, 0x40, 0x7c82b306e8, 0xc) bytes=31: 00 0c 00 21 00 18 00 01 02 00 00 00 02 09 00 30 4f 06 00 3f 10 7f 3a 5f 03 04 00 01 00 80 00 addr: bytes=12: 2a 00 00 00 00 00 00 00 49 00 00 00
T2587 enter sendto(0x4d, 0x7c83120b80, 0x14, 0, 0x7c83120b70, 0xc) bytes=20: 0a 00 00 00 05 00 00 00 00 00 00 00 00 00 00 00 00 00 00 00 addr: bytes=12: 2a 00 00 00 01 00 00 00 fe ff ff ff
T2593 exit  sendto -> 31 (0x1f)
T2587 exit  sendto -> 20 (0x14)
T2587 enter recvfrom(0x4d, 0x7c83120bd0, 0x14, 0, 0, 0)
T2587 exit  recvfrom -> 20 (0x14) bytes=20: 04 00 00 00 05 00 00 00 01 00 00 00 00 00 00 00 5a 00 00 00
T2587 enter recvfrom(0x4d, 0x7c83120bd0, 0x14, 0, 0, 0)
T2587 exit  recvfrom -> 20 (0x14) bytes=20: 04 00 00 00 00 00 00 00 00 00 00 00 00 00 00 00 00 00 00 00
T2587 enter close(0x4d, 0x4d, 0x14, 0, 0x14, 0)
T2587 exit  close -> 0 (0)
T2584 enter socket(0x2a, 0x80002, 0, 0x1, 0x7c83417cbc, 0x7c83417e00)
T1992 exit  ioctl -> 0 (0)
T2584 exit  socket -> 83 (0x53)
T2640 enter socket(0x1, 0x80001, 0, 0, 0x8, 0x80**************)
T2640 exit  socket -> 88 (0x58)
T9358 enter recvfrom(0x2f, 0xb400007c87f48300, 0x66b8, 0x40, 0x7c56e86b88, 0x7c56e86b84)
T2640 enter connect(0x58, 0x77f4164550, 0x1f, 0x43e8fabba, 0xffffffffffffff, 0x22652)
T9358 exit  recvfrom -> 152 (0x98) bytes=152: 02 0c 00 21 00 91 00 02 04 00 00 00 00 00 11 82 00 80 00 a8 14 c0 03 4f 3a 02 c5 03 4f 69 04 c1 03 4f 25 07 c6 03 4f 26 05 a9 0a c4 03 4f 61 06 ca 03 4f 50 0e aa 14 c2 03 4f 4a 03 c7 03 4f 4b 15 c8 03 4f 4c 16 cb 03 4f 3d 09 ff ff ff ff ff ff ff ff ff ff ff ff ff ff ff ff ff ff ff ff ff ff ff ff ff ff ff ff ff ff ff ff ff ff ff ff ff ff ff ff ff ff ff ff ff ff ff ff ff ff ff ff ff ff ff ff ff ff ff ff ff ff ff ff ff ff ff ff ff ff ff ff 10 02 00 90 00
T2584 enter sendto(0x53, 0x7c83417bd0, 0x14, 0, 0x7c83417bc0, 0xc) bytes=20: 0a 00 00 00 24 00 00 00 00 00 00 00 00 00 00 00 00 00 00 00 addr: bytes=12: 2a 00 00 00 01 00 00 00 fe ff ff ff
T2640 exit  connect -> 0 (0)
T2584 exit  sendto -> 20 (0x14)
T2584 enter recvfrom(0x53, 0x7c83417c20, 0x14, 0, 0, 0)
T2603 enter sendto(0x44, 0xb400007c87e083a0, 0xe, 0x40, 0x7c8214fea8, 0xc) bytes=14: 00 02 00 8f 00 07 00 26 04 00 02 00 00 00 addr: bytes=12: 2a 00 00 00 00 00 00 00 64 00 00 00
T2603 exit  sendto -> 14 (0xe)
T9365 enter recvfrom(0x44, 0xb400007c87eec800, 0x2014, 0x40, 0x7c4f898b88, 0x7c4f898b84)
T9365 exit  recvfrom -> 14 (0xe) bytes=14: 02 02 00 8f 00 07 00 02 04 00 00 00 00 00
T2587 enter sendto(0x4a, 0xb400007c87e0c1f0, 0xb, 0x40, 0x7c83120b98, 0xc) bytes=11: 00 01 00 4c 00 04 00 01 01 00 00 addr: bytes=12: 2a 00 00 00 00 00 00 00 5a 00 00 00
T2587 exit  sendto -> 11 (0xb)
T9367 enter recvfrom(0x4a, 0xb400007c87f9a6c0, 0xb560, 0x40, 0x7c4d69eb88, 0x7c4d69eb84)
T9367 exit  recvfrom -> 14 (0xe) bytes=14: 02 01 00 4c 00 07 00 02 04 00 00 00 00 00
T2593 enter sendto(0x2f, 0xb400007c87e1fd80, 0x1d, 0x40, 0x7c82b306a8, 0xc) bytes=29: 00 0d 00 20 00 16 00 01 02 00 00 00 02 07 00 07 6f 04 00 3f ff 7f 03 04 00 00 00 00 00 addr: bytes=12: 2a 00 00 00 00 00 00 00 49 00 00 00
T2593 exit  sendto -> 29 (0x1d)
T9358 enter recvfrom(0x2f, 0xb400007c87f48300, 0x66b8, 0x40, 0x7c56e86b88, 0x7c56e86b84)
T9358 exit  recvfrom -> 53 (0x35) bytes=53: 02 0d 00 20 00 2e 00 02 04 00 00 00 00 00 18 11 00 32 32 32 02 38 38 0a 31 34 36 38 31 34 36 32 39 32 11 0b 00 09 00 08 29 22 88 41 86 41 26 29 10 02 00 90 00
T2603 enter ioctl(0xe, 0xc0306201, 0x7c821503e8, 0, 0, 0x1) ioctl_req=0xc0306201
T2603 exit  ioctl -> 0 (0)
T2603 enter sendto(0x44, 0xb400007c87e08300, 0xe, 0x40, 0x7c8214fea8, 0xc) bytes=14: 00 03 00 8f 00 07 00 27 04 00 02 00 00 00 addr: bytes=12: 2a 00 00 00 00 00 00 00 64 00 00 00
T2603 exit  sendto -> 14 (0xe)
T9365 enter recvfrom(0x44, 0xb400007c87eec800, 0x2014, 0x40, 0x7c4f898b88, 0x7c4f898b84)
T9365 exit  recvfrom -> 14 (0xe) bytes=14: 02 03 00 8f 00 07 00 02 04 00 00 00 00 00
attached new tid=9368
T2593 enter sendto(0x2f, 0xb400007c666e4e00, 0x169, 0x40, 0x7c82b30688, 0xc) bytes=160: 00 0e 00 2a 00 62 01 01 02 00 00 00 02 5a 01 01 00 2e 00 07 6f 04 00 3f 20 7f 11 6f 04 00 3f 20 7f 12 6f 04 00 3f 20 7f 13 6f 04 00 3f 20 7f 14 6f 04 00 3f 20 7f 15 6f 04 00 3f 20 7f 17 6f 04 00 3f 20 7f 18 6f 04 00 3f 20 7f 19 6f 04 00 3f 20 7f 46 6f 04 00 3f 20 7f c5 6f 04 00 3f 20 7f c6 6f 04 00 3f 20 7f c7 6f 04 00 3f 20 7f cb 6f 04 00 3f 20 7f 07 6f 04 00 3f ff 7f 11 6f 04 00 3f ff 7f 12 6f 04 00 3f ff 7f 13 6f 04 00 3f ff 7f 14 6f 04 00 3f ff 7f 15 6f 04 00 3f ff 7f 17 addr: bytes=12: 2a 00 00 00 00 00 00 00 49 00 00 00
T2593 exit  sendto -> 361 (0x169)
T9358 enter recvfrom(0x2f, 0xb400007c87f48300, 0x66b8, 0x40, 0x7c56e86b88, 0x7c56e86b84)
T9358 exit  recvfrom -> 14 (0xe) bytes=14: 02 0e 00 2a 00 07 00 02 04 00 00 00 00 00
T2586 enter write(0x4f, 0x7d3c3076c3, 0x1, 0, 0, 0) bytes=1: 61
T2584 exit  recvfrom -> 20 (0x14) bytes=20: 04 00 00 00 24 00 00 00 01 00 00 00 00 00 00 00 21 00 00 00
T9368 enter read(0x4d, 0x7c4d5a1b94, 0x1, 0, 0, 0x1)
T9368 exit  read -> 1 (0x1) bytes=1: 61
T2586 exit  write -> 1 (0x1)
T2584 enter recvfrom(0x53, 0x7c83417c20, 0x14, 0, 0, 0)
T2584 exit  recvfrom -> 20 (0x14) bytes=20: 04 00 00 00 00 00 00 00 00 00 00 00 00 00 00 00 00 00 00 00
T2584 enter close(0x53, 0x53, 0x14, 0, 0x14, 0)
T2584 exit  close -> 0 (0)
T2584 enter socket(0x2a, 0x80002, 0, 0x7c96e4cef0, 0x7c96e4cf00, 0x8098)
T2584 exit  socket -> 83 (0x53)
attached new tid=9369
T2584 enter write(0x55, 0x7d3c3076c3, 0x1, 0, 0, 0) bytes=1: 61
T9369 enter read(0x54, 0x7c4d4a4b94, 0x1, 0, 0, 0x1)
T9369 exit  read -> 1 (0x1) bytes=1: 61
T2584 exit  write -> 1 (0x1)
T2584 enter socket(0x2a, 0x80002, 0, 0x1, 0, 0)
T2584 exit  socket -> 86 (0x56)
T2603 enter ioctl(0xe, 0xc0306201, 0x7c8214fc48, 0, 0, 0x1) ioctl_req=0xc0306201
T2603 exit  ioctl -> 0 (0)
T2584 enter sendto(0x56, 0x7c83417b80, 0x14, 0, 0x7c83417b70, 0xc) bytes=20: 0a 00 00 00 24 00 00 00 00 00 00 00 00 00 00 00 00 00 00 00 addr: bytes=12: 2a 00 00 00 01 00 00 00 fe ff ff ff
T2584 exit  sendto -> 20 (0x14)
T2584 enter recvfrom(0x56, 0x7c83417bd0, 0x14, 0, 0, 0)
T2584 exit  recvfrom -> 20 (0x14) bytes=20: 04 00 00 00 24 00 00 00 01 00 00 00 00 00 00 00 21 00 00 00
T2584 enter recvfrom(0x56, 0x7c83417bd0, 0x14, 0, 0, 0)
T2584 exit  recvfrom -> 20 (0x14) bytes=20: 04 00 00 00 00 00 00 00 00 00 00 00 00 00 00 00 00 00 00 00
T2584 enter close(0x56, 0x56, 0x14, 0, 0x14, 0)
T2584 exit  close -> 0 (0)
T2584 enter socket(0x2a, 0x80002, 0, 0x1, 0x7c83417c6c, 0xb400007c96f5e820)
T2584 exit  socket -> 86 (0x56)
T2584 enter sendto(0x56, 0x7c83417b80, 0x14, 0, 0x7c83417b70, 0xc) bytes=20: 0a 00 00 00 24 00 00 00 00 00 00 00 00 00 00 00 00 00 00 00 addr: bytes=12: 2a 00 00 00 01 00 00 00 fe ff ff ff
T2584 exit  sendto -> 20 (0x14)
T2584 enter recvfrom(0x56, 0x7c83417bd0, 0x14, 0, 0, 0)
T2584 exit  recvfrom -> 20 (0x14) bytes=20: 04 00 00 00 24 00 00 00 01 00 00 00 00 00 00 00 21 00 00 00
T2584 enter recvfrom(0x56, 0x7c83417bd0, 0x14, 0, 0, 0)
T2584 exit  recvfrom -> 20 (0x14) bytes=20: 04 00 00 00 00 00 00 00 00 00 00 00 00 00 00 00 00 00 00 00
T2584 enter close(0x56, 0x56, 0x14, 0, 0x14, 0)
T2584 exit  close -> 0 (0)
T2640 enter writev(0x58, 0x77f4164628, 0x5, 0, 0x8, 0x80**************)
T2586 enter socket(0x2a, 0x80002, 0, 0x1, 0, 0)
T2586 exit  socket -> 86 (0x56)
T2586 enter sendto(0x56, 0x7c8321db80, 0x14, 0, 0x7c8321db70, 0xc) bytes=20: 0a 00 00 00 0c 00 00 00 00 00 00 00 00 00 00 00 00 00 00 00 addr: bytes=12: 2a 00 00 00 01 00 00 00 fe ff ff ff
T2586 exit  sendto -> 20 (0x14)
T2586 enter recvfrom(0x56, 0x7c8321dbd0, 0x14, 0, 0, 0)
T2586 exit  recvfrom -> 20 (0x14) bytes=20: 04 00 00 00 0c 00 00 00 01 00 00 00 00 00 00 00 41 00 00 00
T2586 enter recvfrom(0x56, 0x7c8321dbd0, 0x14, 0, 0, 0)
T2586 exit  recvfrom -> 20 (0x14) bytes=20: 04 00 00 00 00 00 00 00 00 00 00 00 00 00 00 00 00 00 00 00
T2586 enter close(0x56, 0x56, 0x14, 0, 0x14, 0)
T2586 exit  close -> 0 (0)
T2586 enter socket(0x2a, 0x80002, 0, 0x1, 0x7c8321dc6c, 0xb400007c96f5e460)
T2586 exit  socket -> 86 (0x56)
T2586 enter sendto(0x56, 0x7c8321db80, 0x14, 0, 0x7c8321db70, 0xc) bytes=20: 0a 00 00 00 0c 00 00 00 00 00 00 00 00 00 00 00 00 00 00 00 addr: bytes=12: 2a 00 00 00 01 00 00 00 fe ff ff ff
T2586 exit  sendto -> 20 (0x14)
T2586 enter recvfrom(0x56, 0x7c8321dbd0, 0x14, 0, 0, 0)
T2586 exit  recvfrom -> 20 (0x14) bytes=20: 04 00 00 00 0c 00 00 00 01 00 00 00 00 00 00 00 41 00 00 00
T2586 enter recvfrom(0x56, 0x7c8321dbd0, 0x14, 0, 0, 0)
T2586 exit  recvfrom -> 20 (0x14) bytes=20: 04 00 00 00 00 00 00 00 00 00 00 00 00 00 00 00 00 00 00 00
T2586 enter close(0x56, 0x56, 0x14, 0, 0x14, 0)
T2586 exit  close -> 0 (0)
T2582 enter socket(0x2a, 0x80002, 0, 0x1, 0x7c83611fdc, 0x7c83612260)
T2582 exit  socket -> 86 (0x56)
T2603 enter sendto(0x4a, 0xb400007c87e15138, 0x7, 0x40, 0x7c821501d8, 0xc) bytes=7: 00 02 00 4a 00 00 00 addr: bytes=12: 2a 00 00 00 00 00 00 00 5a 00 00 00
T2603 exit  sendto -> 7 (0x7)
T9367 enter recvfrom(0x4a, 0xb400007c87f9a6c0, 0xb560, 0x40, 0x7c4d69eb88, 0x7c4d69eb84)
T9367 exit  recvfrom -> 14 (0xe) bytes=14: 02 02 00 4a 00 07 00 02 04 00 01 00 34 00
T2582 enter sendto(0x56, 0x7c83611ef0, 0x14, 0, 0x7c83611ee0, 0xc) bytes=20: 0a 00 00 00 07 00 00 00 00 00 00 00 00 00 00 00 00 00 00 00 addr: bytes=12: 2a 00 00 00 01 00 00 00 fe ff ff ff
T2582 exit  sendto -> 20 (0x14)
T2582 enter recvfrom(0x56, 0x7c83611f40, 0x14, 0, 0, 0)
T2582 exit  recvfrom -> 20 (0x14) bytes=20: 04 00 00 00 07 00 00 00 01 00 00 00 00 00 00 00 61 00 00 00
T2582 enter recvfrom(0x56, 0x7c83611f40, 0x14, 0, 0, 0)
T2582 exit  recvfrom -> 20 (0x14) bytes=20: 04 00 00 00 00 00 00 00 00 00 00 00 00 00 00 00 00 00 00 00
T2582 enter close(0x56, 0x56, 0x14, 0, 0x14, 0)
T2582 exit  close -> 0 (0)
T2581 enter socket(0x2a, 0x80002, 0, 0x1, 0x7c8370efdc, 0x7c8370f260)
T2586 enter sendto(0x4e, 0xb400007c96e05fa0, 0xb, 0x40, 0x7c8321db98, 0xc) bytes=11: 00 01 00 1a 00 04 00 01 01 00 00 addr: bytes=12: 2a 00 00 00 00 00 00 00 41 00 00 00
T2586 exit  sendto -> 11 (0xb)
T9368 enter recvfrom(0x4e, 0xb400007c350bb6c0, 0xe3f0, 0x40, 0x7c4d5a1b88, 0x7c4d5a1b84)
T9368 exit  recvfrom -> 14 (0xe) bytes=14: 02 01 00 1a 00 07 00 02 04 00 00 00 00 00
T2603 enter ioctl(0xe, 0xc0306201, 0x7c821503e8, 0, 0, 0x1) ioctl_req=0xc0306201
T2603 exit  ioctl -> 0 (0)
T2581 exit  socket -> 86 (0x56)
T2584 enter sendto(0x53, 0xb400007c96f5e820, 0xb, 0x40, 0x7c83418208, 0xc) bytes=11: 00 01 00 20 00 04 00 11 01 00 01 addr: bytes=12: 2a 00 00 00 00 00 00 00 21 00 00 00
T2584 exit  sendto -> 11 (0xb)
T2581 enter sendto(0x56, 0x7c8370eef0, 0x14, 0, 0x7c8370eee0, 0xc) bytes=20: 0a 00 00 00 2a 00 00 00 00 00 00 00 00 00 00 00 00 00 00 00 addr: bytes=12: 2a 00 00 00 01 00 00 00 fe ff ff ff
T9369 enter recvfrom(0x53, 0xb400007c666f23c0, 0x80a0, 0x40, 0x7c4d4a4b88, 0x7c4d4a4b84)
T9369 exit  recvfrom -> 14 (0xe) bytes=14: 02 01 00 20 00 07 00 02 04 00 00 00 00 00
T2581 exit  sendto -> 20 (0x14)
T2581 enter recvfrom(0x56, 0x7c8370ef40, 0x14, 0, 0, 0)
T2581 exit  recvfrom -> 20 (0x14) bytes=20: 04 00 00 00 2a 00 00 00 01 00 00 00 00 00 00 00 58 00 00 00
T2581 enter recvfrom(0x56, 0x7c8370ef40, 0x14, 0, 0, 0)
T2581 exit  recvfrom -> 20 (0x14) bytes=20: 04 00 00 00 00 00 00 00 00 00 00 00 00 00 00 00 00 00 00 00
T2581 enter close(0x56, 0x56, 0x14, 0, 0x14, 0)
T2581 exit  close -> 0 (0)
T2583 enter socket(0x2a, 0x80002, 0, 0x1, 0x7c83514cbc, 0x7c83514e00)
T2583 exit  socket -> 86 (0x56)
T2583 enter sendto(0x56, 0x7c83514bd0, 0x14, 0, 0x7c83514bc0, 0xc) bytes=20: 0a 00 00 00 44 00 00 00 00 00 00 00 00 00 00 00 00 00 00 00 addr: bytes=12: 2a 00 00 00 01 00 00 00 fe ff ff ff
T2583 exit  sendto -> 20 (0x14)
T2583 enter recvfrom(0x56, 0x7c83514c20, 0x14, 0, 0, 0)
T2583 exit  recvfrom -> 20 (0x14) bytes=20: 04 00 00 00 44 00 00 00 01 00 00 00 00 00 00 00 5d 00 00 00
T2583 enter recvfrom(0x56, 0x7c83514c20, 0x14, 0, 0, 0)
T2583 exit  recvfrom -> 20 (0x14) bytes=20: 04 00 00 00 00 00 00 00 00 00 00 00 00 00 00 00 00 00 00 00
T2583 enter close(0x56, 0x56, 0x14, 0, 0x14, 0)
T2583 exit  close -> 0 (0)
T2640 exit  writev -> 44 (0x2c)
T2640 enter recvfrom(0x58, 0x77f4164610, 0x4, 0x100, 0, 0)
T2583 enter socket(0x2a, 0x80002, 0, 0x7c87e064f0, 0x7c87e06500, 0x7e)
T2580 enter socket(0x2a, 0x80002, 0, 0x1, 0x7c8380bfdc, 0x7c8380c260)
T2580 exit  socket -> 86 (0x56)
T2583 exit  socket -> 87 (0x57)
T2580 enter sendto(0x56, 0x7c8380bef0, 0x14, 0, 0x7c8380bee0, 0xc) bytes=20: 0a 00 00 00 01 00 00 00 00 00 00 00 00 00 00 00 00 00 00 00 addr: bytes=12: 2a 00 00 00 01 00 00 00 fe ff ff ff
T2580 exit  sendto -> 20 (0x14)
attached new tid=9370
T2580 enter recvfrom(0x56, 0x7c8380bf40, 0x14, 0, 0, 0)
T2583 enter write(0x62, 0x7d3c3076c3, 0x1, 0, 0, 0) bytes=1: 61
T2583 exit  write -> 1 (0x1)
T2580 exit  recvfrom -> 20 (0x14) bytes=20: 04 00 00 00 01 00 00 00 01 00 00 00 00 00 00 00 4a 00 00 00
T2580 enter recvfrom(0x56, 0x7c8380bf40, 0x14, 0, 0, 0)
T2580 exit  recvfrom -> 20 (0x14) bytes=20: 04 00 00 00 00 00 00 00 00 00 00 00 00 00 00 00 00 00 00 00
T2580 enter close(0x56, 0x56, 0x14, 0, 0x14, 0)
T2580 exit  close -> 0 (0)
T9370 enter read(0x58, 0x7c4b1adb94, 0x1, 0, 0, 0)
T9370 exit  read -> 1 (0x1) bytes=1: 61
T2579 enter socket(0x2a, 0x80002, 0, 0x1, 0x7c83908fdc, 0x7c83909260)
T2579 exit  socket -> 86 (0x56)
T2579 enter sendto(0x56, 0x7c83908ef0, 0x14, 0, 0x7c83908ee0, 0xc) bytes=20: 0a 00 00 00 03 00 00 00 00 00 00 00 00 00 00 00 00 00 00 00 addr: bytes=12: 2a 00 00 00 01 00 00 00 fe ff ff ff
T2579 exit  sendto -> 20 (0x14)
T2579 enter recvfrom(0x56, 0x7c83908f40, 0x14, 0, 0, 0)
T2579 exit  recvfrom -> 20 (0x14) bytes=20: 04 00 00 00 03 00 00 00 01 00 00 00 00 00 00 00 46 00 00 00
T2579 enter recvfrom(0x56, 0x7c83908f40, 0x14, 0, 0, 0)
T2579 exit  recvfrom -> 20 (0x14) bytes=20: 04 00 00 00 00 00 00 00 00 00 00 00 00 00 00 00 00 00 00 00
T2579 enter close(0x56, 0x56, 0x14, 0, 0x14, 0)
T2579 exit  close -> 0 (0)
T2582 enter socket(0x2a, 0x80002, 0, 0x1, 0x7c83611cbc, 0x7c83611e00)
T2582 exit  socket -> 86 (0x56)
T2582 enter sendto(0x56, 0x7c83611bd0, 0x14, 0, 0x7c83611bc0, 0xc) bytes=20: 0a 00 00 00 07 00 00 00 00 00 00 00 00 00 00 00 00 00 00 00 addr: bytes=12: 2a 00 00 00 01 00 00 00 fe ff ff ff
T2582 exit  sendto -> 20 (0x14)
T2582 enter recvfrom(0x56, 0x7c83611c20, 0x14, 0, 0, 0)
T2582 exit  recvfrom -> 20 (0x14) bytes=20: 04 00 00 00 07 00 00 00 01 00 00 00 00 00 00 00 61 00 00 00
T2582 enter recvfrom(0x56, 0x7c83611c20, 0x14, 0, 0, 0)
T2582 exit  recvfrom -> 20 (0x14) bytes=20: 04 00 00 00 00 00 00 00 00 00 00 00 00 00 00 00 00 00 00 00
T2582 enter close(0x56, 0x56, 0x14, 0, 0x14, 0)
T2582 exit  close -> 0 (0)
T2583 enter socket(0x2a, 0x80002, 0, 0x1, 0, 0)
T2582 enter socket(0x2a, 0x80002, 0, 0x7c96e4d170, 0x7c96e4d180, 0x200c)
T2583 exit  socket -> 86 (0x56)
T2582 exit  socket -> 99 (0x63)
T2583 enter sendto(0x56, 0x7c83514b80, 0x14, 0, 0x7c83514b70, 0xc) bytes=20: 0a 00 00 00 44 00 00 00 00 00 00 00 00 00 00 00 00 00 00 00 addr: bytes=12: 2a 00 00 00 01 00 00 00 fe ff ff ff
T2583 exit  sendto -> 20 (0x14)
T2583 enter recvfrom(0x56, 0x7c83514bd0, 0x14, 0, 0, 0)
T2583 exit  recvfrom -> 20 (0x14) bytes=20: 04 00 00 00 44 00 00 00 01 00 00 00 00 00 00 00 5d 00 00 00
T2583 enter recvfrom(0x56, 0x7c83514bd0, 0x14, 0, 0, 0)
T2583 exit  recvfrom -> 20 (0x14) bytes=20: 04 00 00 00 00 00 00 00 00 00 00 00 00 00 00 00 00 00 00 00
T2583 enter close(0x56, 0x56, 0x14, 0, 0x14, 0)
T2583 exit  close -> 0 (0)
T2583 enter socket(0x2a, 0x80002, 0, 0x1, 0x7c83514c6c, 0xb400007c87ee9d60)
T2583 exit  socket -> 86 (0x56)
T2583 enter sendto(0x56, 0x7c83514b80, 0x14, 0, 0x7c83514b70, 0xc) bytes=20: 0a 00 00 00 44 00 00 00 00 00 00 00 00 00 00 00 00 00 00 00 addr: bytes=12: 2a 00 00 00 01 00 00 00 fe ff ff ff
attached new tid=9371
T2583 exit  sendto -> 20 (0x14)
T2583 enter recvfrom(0x56, 0x7c83514bd0, 0x14, 0, 0, 0)
T2582 enter write(0x65, 0x7d3c3076c3, 0x1, 0x8, 0x7c4b0b0d00, 0x7d35c1fd2c) bytes=1: 61
T2582 exit  write -> 1 (0x1)
T2583 exit  recvfrom -> 20 (0x14) bytes=20: 04 00 00 00 44 00 00 00 01 00 00 00 00 00 00 00 5d 00 00 00
T2583 enter recvfrom(0x56, 0x7c83514bd0, 0x14, 0, 0, 0)
T2583 exit  recvfrom -> 20 (0x14) bytes=20: 04 00 00 00 00 00 00 00 00 00 00 00 00 00 00 00 00 00 00 00
T2583 enter close(0x56, 0x56, 0x14, 0, 0x14, 0)
T2583 exit  close -> 0 (0)
T9371 enter read(0x64, 0x7c4b0b0b94, 0x1, 0, 0, 0x4)
T9371 exit  read -> 1 (0x1) bytes=1: 61
T2581 enter socket(0x2a, 0x80002, 0, 0x1, 0x7c8370ecbc, 0x7c8370ee00)
T2581 exit  socket -> 86 (0x56)
T2581 enter sendto(0x56, 0x7c8370ebd0, 0x14, 0, 0x7c8370ebc0, 0xc) bytes=20: 0a 00 00 00 2a 00 00 00 00 00 00 00 00 00 00 00 00 00 00 00 addr: bytes=12: 2a 00 00 00 01 00 00 00 fe ff ff ff
T2581 exit  sendto -> 20 (0x14)
T2581 enter recvfrom(0x56, 0x7c8370ec20, 0x14, 0, 0, 0)
T2581 exit  recvfrom -> 20 (0x14) bytes=20: 04 00 00 00 2a 00 00 00 01 00 00 00 00 00 00 00 58 00 00 00
T2581 enter recvfrom(0x56, 0x7c8370ec20, 0x14, 0, 0, 0)
T2581 exit  recvfrom -> 20 (0x14) bytes=20: 04 00 00 00 00 00 00 00 00 00 00 00 00 00 00 00 00 00 00 00
T2581 enter close(0x56, 0x56, 0x14, 0, 0x14, 0)
T2581 exit  close -> 0 (0)
T2582 enter socket(0x2a, 0x80002, 0, 0x1, 0, 0)
T2582 exit  socket -> 86 (0x56)
T2582 enter sendto(0x56, 0x7c83611b80, 0x14, 0, 0x7c83611b70, 0xc) bytes=20: 0a 00 00 00 07 00 00 00 00 00 00 00 00 00 00 00 00 00 00 00 addr: bytes=12: 2a 00 00 00 01 00 00 00 fe ff ff ff
T2582 exit  sendto -> 20 (0x14)
T2582 enter recvfrom(0x56, 0x7c83611bd0, 0x14, 0, 0, 0)
T2583 enter sendto(0x57, 0xb400007c87e0c900, 0xe, 0x40, 0x7c83514b68, 0xc) bytes=14: 00 01 00 20 00 07 00 01 04 00 01 00 00 00 addr: bytes=12: 2a 00 00 00 00 00 00 00 5d 00 00 00
T2583 exit  sendto -> 14 (0xe)
T2582 exit  recvfrom -> 20 (0x14) bytes=20: 04 00 00 00 07 00 00 00 01 00 00 00 00 00 00 00 61 00 00 00
T2582 enter recvfrom(0x56, 0x7c83611bd0, 0x14, 0, 0, 0)
T9370 enter recvfrom(0x57, 0xb400007c96e4cb40, 0x88, 0x40, 0x7c4b1adb88, 0x7c4b1adb84)
T2582 exit  recvfrom -> 20 (0x14) bytes=20: 04 00 00 00 00 00 00 00 00 00 00 00 00 00 00 00 00 00 00 00
T9370 exit  recvfrom -> 14 (0xe) bytes=14: 02 01 00 20 00 07 00 02 04 00 00 00 00 00
T2582 enter close(0x56, 0x56, 0x14, 0, 0x14, 0)
T2582 exit  close -> 0 (0)
T2582 enter socket(0x2a, 0x80002, 0, 0x1, 0x7c83611c6c, 0xb400007c96f5e7e0)
T2582 exit  socket -> 86 (0x56)
T2582 enter sendto(0x56, 0x7c83611b80, 0x14, 0, 0x7c83611b70, 0xc) bytes=20: 0a 00 00 00 07 00 00 00 00 00 00 00 00 00 00 00 00 00 00 00 addr: bytes=12: 2a 00 00 00 01 00 00 00 fe ff ff ff
T2582 exit  sendto -> 20 (0x14)
T2582 enter recvfrom(0x56, 0x7c83611bd0, 0x14, 0, 0, 0)
T2582 exit  recvfrom -> 20 (0x14) bytes=20: 04 00 00 00 07 00 00 00 01 00 00 00 00 00 00 00 61 00 00 00
T2582 enter recvfrom(0x56, 0x7c83611bd0, 0x14, 0, 0, 0)
T2582 exit  recvfrom -> 20 (0x14) bytes=20: 04 00 00 00 00 00 00 00 00 00 00 00 00 00 00 00 00 00 00 00
T2582 enter close(0x56, 0x56, 0x14, 0, 0x14, 0)
T2582 exit  close -> 0 (0)
T2581 enter socket(0x2a, 0x80002, 0, 0x7c959c8270, 0x7c959c8280, 0x1d06)
T2581 exit  socket -> 86 (0x56)
T2580 enter socket(0x2a, 0x80002, 0, 0x1, 0x7c8380bcbc, 0x7c8380be00)
T2580 exit  socket -> 105 (0x69)
attached new tid=9372
T2582 enter sendto(0x63, 0xb400007c95806030, 0xe, 0x40, 0x7c83611b68, 0xc) bytes=14: 00 01 00 27 00 07 00 01 04 00 01 00 00 00 addr: bytes=12: 2a 00 00 00 00 00 00 00 61 00 00 00
T2580 enter sendto(0x69, 0x7c8380bbd0, 0x14, 0, 0x7c8380bbc0, 0xc) bytes=20: 0a 00 00 00 01 00 00 00 00 00 00 00 00 00 00 00 00 00 00 00 addr: bytes=12: 2a 00 00 00 01 00 00 00 fe ff ff ff
T2582 exit  sendto -> 14 (0xe)
T9371 enter recvfrom(0x63, 0xb400007c87f75800, 0x2014, 0x40, 0x7c4b0b0b88, 0x7c4b0b0b84)
T9371 exit  recvfrom -> 14 (0xe) bytes=14: 02 01 00 27 00 07 00 02 04 00 00 00 00 00
T2581 enter write(0x67, 0x7d3c3076c3, 0x1, 0, 0, 0) bytes=1: 61
T2581 exit  write -> 1 (0x1)
T2580 exit  sendto -> 20 (0x14)
T2580 enter recvfrom(0x69, 0x7c8380bc20, 0x14, 0, 0, 0)
T2580 exit  recvfrom -> 20 (0x14) bytes=20: 04 00 00 00 01 00 00 00 01 00 00 00 00 00 00 00 4a 00 00 00
T2580 enter recvfrom(0x69, 0x7c8380bc20, 0x14, 0, 0, 0)
T2580 exit  recvfrom -> 20 (0x14) bytes=20: 04 00 00 00 00 00 00 00 00 00 00 00 00 00 00 00 00 00 00 00
T2580 enter close(0x69, 0x69, 0x14, 0, 0x14, 0)
T2580 exit  close -> 0 (0)
T9372 enter read(0x66, 0x7c4afb3b94, 0x1, 0, 0, 0x4)
T9372 exit  read -> 1 (0x1) bytes=1: 61
T2581 enter socket(0x2a, 0x80002, 0, 0x1, 0, 0)
T2581 exit  socket -> 105 (0x69)
T2581 enter sendto(0x69, 0x7c8370eb80, 0x14, 0, 0x7c8370eb70, 0xc) bytes=20: 0a 00 00 00 2a 00 00 00 00 00 00 00 00 00 00 00 00 00 00 00 addr: bytes=12: 2a 00 00 00 01 00 00 00 fe ff ff ff
T2581 exit  sendto -> 20 (0x14)
T2581 enter recvfrom(0x69, 0x7c8370ebd0, 0x14, 0, 0, 0)
T2580 enter socket(0x2a, 0x80002, 0, 0x7c96e4d3f0, 0x7c96e4d400, 0xa515)
T2580 exit  socket -> 106 (0x6a)
T2581 exit  recvfrom -> 20 (0x14) bytes=20: 04 00 00 00 2a 00 00 00 01 00 00 00 00 00 00 00 58 00 00 00
T2581 enter recvfrom(0x69, 0x7c8370ebd0, 0x14, 0, 0, 0)
T2581 exit  recvfrom -> 20 (0x14) bytes=20: 04 00 00 00 00 00 00 00 00 00 00 00 00 00 00 00 00 00 00 00
T2581 enter close(0x69, 0x69, 0x14, 0, 0x14, 0)
attached new tid=9373
T2581 exit  close -> 0 (0)
T2581 enter socket(0x2a, 0x80002, 0, 0x1, 0x7c8370ec6c, 0xb400007c87ee94e0)
T2581 exit  socket -> 105 (0x69)
T2581 enter sendto(0x69, 0x7c8370eb80, 0x14, 0, 0x7c8370eb70, 0xc) bytes=20: 0a 00 00 00 2a 00 00 00 00 00 00 00 00 00 00 00 00 00 00 00 addr: bytes=12: 2a 00 00 00 01 00 00 00 fe ff ff ff
T2581 exit  sendto -> 20 (0x14)
T2581 enter recvfrom(0x69, 0x7c8370ebd0, 0x14, 0, 0, 0)
T2580 enter write(0x6c, 0x7d3c3076c3, 0x1, 0, 0, 0) bytes=1: 61
T2580 exit  write -> 1 (0x1)
T2581 exit  recvfrom -> 20 (0x14) bytes=20: 04 00 00 00 2a 00 00 00 01 00 00 00 00 00 00 00 58 00 00 00
T2581 enter recvfrom(0x69, 0x7c8370ebd0, 0x14, 0, 0, 0)
T2581 exit  recvfrom -> 20 (0x14) bytes=20: 04 00 00 00 00 00 00 00 00 00 00 00 00 00 00 00 00 00 00 00
T2581 enter close(0x69, 0x69, 0x14, 0, 0x14, 0)
T2581 exit  close -> 0 (0)
T9373 enter read(0x6b, 0x7c4aeb6b94, 0x1, 0, 0, 0x1)
T9373 exit  read -> 1 (0x1) bytes=1: 61
T2580 enter socket(0x2a, 0x80002, 0, 0x1, 0, 0)
T2580 exit  socket -> 105 (0x69)
T2580 enter sendto(0x69, 0x7c8380bb80, 0x14, 0, 0x7c8380bb70, 0xc) bytes=20: 0a 00 00 00 01 00 00 00 00 00 00 00 00 00 00 00 00 00 00 00 addr: bytes=12: 2a 00 00 00 01 00 00 00 fe ff ff ff
T2580 exit  sendto -> 20 (0x14)
T2580 enter recvfrom(0x69, 0x7c8380bbd0, 0x14, 0, 0, 0)
T2580 exit  recvfrom -> 20 (0x14) bytes=20: 04 00 00 00 01 00 00 00 01 00 00 00 00 00 00 00 4a 00 00 00
T2580 enter recvfrom(0x69, 0x7c8380bbd0, 0x14, 0, 0, 0)
T2580 exit  recvfrom -> 20 (0x14) bytes=20: 04 00 00 00 00 00 00 00 00 00 00 00 00 00 00 00 00 00 00 00
T2580 enter close(0x69, 0x69, 0x14, 0, 0x14, 0)
T2580 exit  close -> 0 (0)
T2580 enter socket(0x2a, 0x80002, 0, 0x1, 0x7c8380bc6c, 0xb400007c87ee92e0)
T2580 exit  socket -> 105 (0x69)
T2580 enter sendto(0x69, 0x7c8380bb80, 0x14, 0, 0x7c8380bb70, 0xc) bytes=20: 0a 00 00 00 01 00 00 00 00 00 00 00 00 00 00 00 00 00 00 00 addr: bytes=12: 2a 00 00 00 01 00 00 00 fe ff ff ff
T2580 exit  sendto -> 20 (0x14)
T2580 enter recvfrom(0x69, 0x7c8380bbd0, 0x14, 0, 0, 0)
T2581 enter sendto(0x56, 0xb400007c87e0c1a0, 0xe, 0x40, 0x7c8370eb68, 0xc) bytes=14: 00 01 00 27 00 07 00 01 04 00 01 00 00 00 addr: bytes=12: 2a 00 00 00 00 00 00 00 58 00 00 00
T2581 exit  sendto -> 14 (0xe)
T2580 exit  recvfrom -> 20 (0x14) bytes=20: 04 00 00 00 01 00 00 00 01 00 00 00 00 00 00 00 4a 00 00 00
T2580 enter recvfrom(0x69, 0x7c8380bbd0, 0x14, 0, 0, 0)
T9372 enter recvfrom(0x56, 0xb400007c9579a000, 0x1d10, 0x40, 0x7c4afb3b88, 0x7c4afb3b84)
T2580 exit  recvfrom -> 20 (0x14) bytes=20: 04 00 00 00 00 00 00 00 00 00 00 00 00 00 00 00 00 00 00 00
T9372 exit  recvfrom -> 14 (0xe) bytes=14: 02 01 00 27 00 07 00 02 04 00 00 00 00 00
T2580 enter close(0x69, 0x69, 0x14, 0, 0x14, 0)
T2580 exit  close -> 0 (0)
T2579 enter socket(0x2a, 0x80002, 0, 0x1, 0x7c83908cbc, 0x7c83908e00)
T2579 exit  socket -> 105 (0x69)
T2579 enter sendto(0x69, 0x7c83908bd0, 0x14, 0, 0x7c83908bc0, 0xc) bytes=20: 0a 00 00 00 03 00 00 00 00 00 00 00 00 00 00 00 00 00 00 00 addr: bytes=12: 2a 00 00 00 01 00 00 00 fe ff ff ff
T2579 exit  sendto -> 20 (0x14)
T2579 enter recvfrom(0x69, 0x7c83908c20, 0x14, 0, 0, 0)
T2579 exit  recvfrom -> 20 (0x14) bytes=20: 04 00 00 00 03 00 00 00 01 00 00 00 00 00 00 00 46 00 00 00
T2579 enter recvfrom(0x69, 0x7c83908c20, 0x14, 0, 0, 0)
T2579 exit  recvfrom -> 20 (0x14) bytes=20: 04 00 00 00 00 00 00 00 00 00 00 00 00 00 00 00 00 00 00 00
T2579 enter close(0x69, 0x69, 0x14, 0, 0x14, 0)
T2579 exit  close -> 0 (0)
T2579 enter socket(0x2a, 0x80002, 0, 0x7c959c8a90, 0x7c959c8aa0, 0x8f23)
T2579 exit  socket -> 105 (0x69)
T2580 enter sendto(0x6a, 0xb400007c87e0c0d0, 0xe, 0x40, 0x7c8380bb68, 0xc) bytes=14: 00 01 00 af 00 07 00 01 04 00 01 00 00 00 addr: bytes=12: 2a 00 00 00 00 00 00 00 4a 00 00 00
T2580 exit  sendto -> 14 (0xe)
T2450 enter write(0x5b, 0x7d3c3078c8, 0x1, 0x50, 0x68, 0x7d1e7d55c8) bytes=1: 64
T9373 enter recvfrom(0x6a, 0xb400007c6673d040, 0xa51c, 0x40, 0x7c4aeb6b88, 0x7c4aeb6b84)
attached new tid=9374
T9373 exit  recvfrom -> 14 (0xe) bytes=14: 02 01 00 af 00 07 00 02 04 00 00 00 00 00
T7107 enter read(0x5a, 0x7c82c30b94, 0x1, 0, 0, 0x7d1e7d55c8)
T7107 exit  read -> 1 (0x1) bytes=1: 64
T7107 enter close(0x5a, 0x5a, 0x1, 0, 0, 0x7d1e7d55c8)
T7107 exit  close -> 0 (0)
T7107 enter close(0x5b, 0x5b, 0x1, 0, 0, 0x7d1e7d55c8)
T7107 exit  close -> 0 (0)
T7107 enter close(0x59, 0x59, 0x1, 0, 0, 0x7d1e7d55c8)
T7107 exit  close -> 0 (0)
T2579 enter write(0x6e, 0x7d3c3076c3, 0x1, 0, 0, 0) bytes=1: 61
T2579 exit  write -> 1 (0x1)
T2579 enter socket(0x2a, 0x80002, 0, 0x1, 0, 0)
T2579 exit  socket -> 89 (0x59)
T2579 enter sendto(0x59, 0x7c83908b80, 0x14, 0, 0x7c83908b70, 0xc) bytes=20: 0a 00 00 00 03 00 00 00 00 00 00 00 00 00 00 00 00 00 00 00 addr: bytes=12: 2a 00 00 00 01 00 00 00 fe ff ff ff
T2579 exit  sendto -> 20 (0x14)
T2579 enter recvfrom(0x59, 0x7c83908bd0, 0x14, 0, 0, 0)
T2579 exit  recvfrom -> 20 (0x14) bytes=20: 04 00 00 00 03 00 00 00 01 00 00 00 00 00 00 00 46 00 00 00
T9374 enter read(0x6d, 0x7c4acbcb94, 0x1, 0, 0, 0x1)
T9374 exit  read -> 1 (0x1) bytes=1: 61
T2579 enter recvfrom(0x59, 0x7c83908bd0, 0x14, 0, 0, 0)
T2579 exit  recvfrom -> 20 (0x14) bytes=20: 04 00 00 00 00 00 00 00 00 00 00 00 00 00 00 00 00 00 00 00
T2579 enter close(0x59, 0x59, 0x14, 0, 0x14, 0)
T2450 exit  write -> 1 (0x1)
T2579 exit  close -> 0 (0)
T2579 enter socket(0x2a, 0x80002, 0, 0x1, 0x7c83908c6c, 0xb400007c87e0b120)
T2579 exit  socket -> 89 (0x59)
T2450 enter write(0x5e, 0x7d3c3078c8, 0x1, 0x10, 0x68, 0x7d1e7d55c8) bytes=1: 64
T2579 enter sendto(0x59, 0x7c83908b80, 0x14, 0, 0x7c83908b70, 0xc) bytes=20: 0a 00 00 00 03 00 00 00 00 00 00 00 00 00 00 00 00 00 00 00 addr: bytes=12: 2a 00 00 00 01 00 00 00 fe ff ff ff
T2579 exit  sendto -> 20 (0x14)
T7108 enter read(0x5d, 0x7c66a62b94, 0x1, 0, 0, 0x7d1e7d55c8)
T2579 enter recvfrom(0x59, 0x7c83908bd0, 0x14, 0, 0, 0)
T7108 exit  read -> 1 (0x1) bytes=1: 64
T2450 exit  write -> 1 (0x1)
T7108 enter close(0x5d, 0x5d, 0x1, 0, 0, 0x7d1e7d55c8)
T7108 exit  close -> 0 (0)
T7108 enter close(0x5e, 0x5e, 0x1, 0, 0, 0x7d1e7d55c8)
T7108 exit  close -> 0 (0)
T7108 enter close(0x5c, 0x5c, 0x1, 0, 0, 0x7d1e7d55c8)
T7108 exit  close -> 0 (0)
T2579 exit  recvfrom -> 20 (0x14) bytes=20: 04 00 00 00 03 00 00 00 01 00 00 00 00 00 00 00 46 00 00 00
T2579 enter recvfrom(0x59, 0x7c83908bd0, 0x14, 0, 0, 0)
T2579 exit  recvfrom -> 20 (0x14) bytes=20: 04 00 00 00 00 00 00 00 00 00 00 00 00 00 00 00 00 00 00 00
T2579 enter close(0x59, 0x59, 0x14, 0, 0x14, 0)
T2579 exit  close -> 0 (0)
T2603 enter sendto(0x4a, 0xb400007c87e15138, 0x7, 0x40, 0x7c821501d8, 0xc) bytes=7: 00 03 00 4a 00 00 00 addr: bytes=12: 2a 00 00 00 00 00 00 00 5a 00 00 00
T2603 exit  sendto -> 7 (0x7)
T9367 enter recvfrom(0x4a, 0xb400007c87f9a6c0, 0xb560, 0x40, 0x7c4d69eb88, 0x7c4d69eb84)
T9367 exit  recvfrom -> 14 (0xe) bytes=14: 02 03 00 4a 00 07 00 02 04 00 01 00 34 00
T2583 enter sendto(0x57, 0xb400007c87ee9d60, 0xb, 0x40, 0x7c83515208, 0xc) bytes=11: 00 02 00 22 00 04 00 13 01 00 01 addr: bytes=12: 2a 00 00 00 00 00 00 00 5d 00 00 00
T2583 exit  sendto -> 11 (0xb)
T9370 enter recvfrom(0x57, 0xb400007c96e4cb40, 0x88, 0x40, 0x7c4b1adb88, 0x7c4b1adb84)
T9370 exit  recvfrom -> 14 (0xe) bytes=14: 02 02 00 22 00 07 00 02 04 00 00 00 00 00
T2603 enter ioctl(0xe, 0xc0306201, 0x7c821503e8, 0, 0, 0x1) ioctl_req=0xc0306201
T2603 exit  ioctl -> 0 (0)
T2583 enter sendto(0x57, 0xb400007c87ee9d60, 0xb, 0x40, 0x7c83515208, 0xc) bytes=11: 00 03 00 22 00 04 00 11 01 00 01 addr: bytes=12: 2a 00 00 00 00 00 00 00 5d 00 00 00
T2583 exit  sendto -> 11 (0xb)
T9370 enter recvfrom(0x57, 0xb400007c96e4cb40, 0x88, 0x40, 0x7c4b1adb88, 0x7c4b1adb84)
T9370 exit  recvfrom -> 14 (0xe) bytes=14: 02 03 00 22 00 07 00 02 04 00 00 00 00 00
T2600 enter sendto(0x57, 0xb400007c96e4df40, 0xe, 0x40, 0x7c82447358, 0xc) bytes=14: 00 04 00 23 00 07 00 16 04 00 02 00 00 00 addr: bytes=12: 2a 00 00 00 00 00 00 00 5d 00 00 00
T2600 exit  sendto -> 14 (0xe)
T9370 enter recvfrom(0x57, 0xb400007c96e4cb40, 0x88, 0x40, 0x7c4b1adb88, 0x7c4b1adb84)
T9370 exit  recvfrom -> 14 (0xe) bytes=14: 02 04 00 23 00 07 00 02 04 00 00 00 00 00
T9370 enter recvfrom(0x57, 0xb400007c96e4cb40, 0x88, 0x40, 0x7c4b1adb88, 0x7c4b1adb84)
T9370 exit  recvfrom -> 18 (0x12) bytes=18: 04 01 00 26 00 0b 00 10 04 00 ff ff ff ff 11 01 00 ff
T2600 enter sendto(0x57, 0xb400007c958a3680, 0xe, 0x40, 0x7c82447358, 0xc) bytes=14: 00 05 00 28 00 07 00 15 04 00 02 00 00 00 addr: bytes=12: 2a 00 00 00 00 00 00 00 5d 00 00 00
T2600 exit  sendto -> 14 (0xe)
T9370 enter recvfrom(0x57, 0xb400007c96e4cb40, 0x88, 0x40, 0x7c4b1adb88, 0x7c4b1adb84)
T9370 exit  recvfrom -> 14 (0xe) bytes=14: 02 05 00 28 00 07 00 02 04 00 00 00 00 00
T9370 enter recvfrom(0x57, 0xb400007c96e4cb40, 0x88, 0x40, 0x7c4b1adb88, 0x7c4b1adb84)
T9370 exit  recvfrom -> 18 (0x12) bytes=18: 04 02 00 2b 00 0b 00 10 04 00 ff ff ff ff 11 01 00 ff
T2640 exit  recvfrom -> 4 (0x4) bytes=4: 00 00 00 00
T2640 enter close(0x58, 0x58, 0x4, 0x100, 0, 0)
T2583 enter sendto(0x57, 0xb400007c96ecd410, 0x7, 0x40, 0x7c83515118, 0xc) bytes=7: 00 06 00 2c 00 00 00 addr: bytes=12: 2a 00 00 00 00 00 00 00 5d 00 00 00
T2583 exit  sendto -> 7 (0x7)
T9370 enter recvfrom(0x57, 0xb400007c96e4cb40, 0x88, 0x40, 0x7c4b1adb88, 0x7c4b1adb84)
T9370 exit  recvfrom -> 25 (0x19) bytes=25: 02 06 00 2c 00 12 00 02 04 00 00 00 00 00 10 04 00 ff ff ff ff 11 01 00 ff
T2600 enter sendto(0x57, 0xb400007c96e4df40, 0x4c, 0x40, 0x7c82447158, 0xc) bytes=76: 00 07 00 23 00 45 00 12 04 00 03 00 00 00 13 04 00 b8 0b 00 00 14 04 00 32 00 00 00 15 2d 00 0b 64 00 00 00 f4 01 00 00 e8 03 00 00 88 13 00 00 10 27 00 00 20 4e 00 00 50 c3 00 00 f8 24 01 00 a0 86 01 00 40 0d 03 00 20 a1 07 00 addr: bytes=12: 2a 00 00 00 00 00 00 00 5d 00 00 00
T2603 enter ioctl(0xe, 0xc0306201, 0x7c82150920, 0, 0, 0) ioctl_req=0xc0306201
T2600 exit  sendto -> 76 (0x4c)
T2603 exit  ioctl -> 0 (0)
T9370 enter recvfrom(0x57, 0xb400007c96e4cb40, 0x88, 0x40, 0x7c4b1adb88, 0x7c4b1adb84)
T9370 exit  recvfrom -> 14 (0xe) bytes=14: 02 07 00 23 00 07 00 02 04 00 00 00 00 00
T2600 enter sendto(0x57, 0xb400007c958a3680, 0x58, 0x40, 0x7c82447158, 0xc) bytes=88: 00 08 00 28 00 51 00 11 04 00 03 00 00 00 12 04 00 b8 0b 00 00 13 04 00 32 00 00 00 14 39 00 0e 64 00 00 00 f4 01 00 00 e8 03 00 00 88 13 00 00 10 27 00 00 20 4e 00 00 50 c3 00 00 f8 24 01 00 a0 86 01 00 40 0d 03 00 20 a1 07 00 40 42 0f 00 60 e3 16 00 80 84 1e 00 addr: bytes=12: 2a 00 00 00 00 00 00 00 5d 00 00 00
T2600 exit  sendto -> 88 (0x58)
T9370 enter recvfrom(0x57, 0xb400007c96e4cb40, 0x88, 0x40, 0x7c4b1adb88, 0x7c4b1adb84)
T9370 exit  recvfrom -> 14 (0xe) bytes=14: 02 08 00 28 00 07 00 02 04 00 00 00 00 00
T2581 enter sendto(0x56, 0xb400007c87ee94e0, 0x13, 0x40, 0x7c8370e918, 0xc) bytes=19: 00 02 00 69 00 0c 00 10 01 00 01 11 01 00 01 12 01 00 01 addr: bytes=12: 2a 00 00 00 00 00 00 00 58 00 00 00
T2581 exit  sendto -> 19 (0x13)
T9372 enter recvfrom(0x56, 0xb400007c9579a000, 0x1d10, 0x40, 0x7c4afb3b88, 0x7c4afb3b84)
T9372 exit  recvfrom -> 14 (0xe) bytes=14: 02 02 00 69 00 07 00 02 04 00 00 00 00 00
T2600 enter sendto(0x57, 0xb400007c96e4df40, 0x4c, 0x40, 0x7c82447158, 0xc) bytes=76: 00 09 00 23 00 45 00 12 04 00 02 00 00 00 13 04 00 b8 0b 00 00 14 04 00 32 00 00 00 15 2d 00 0b 64 00 00 00 f4 01 00 00 e8 03 00 00 88 13 00 00 10 27 00 00 20 4e 00 00 50 c3 00 00 f8 24 01 00 a0 86 01 00 40 0d 03 00 20 a1 07 00 addr: bytes=12: 2a 00 00 00 00 00 00 00 5d 00 00 00
T2600 exit  sendto -> 76 (0x4c)
T9370 enter recvfrom(0x57, 0xb400007c96e4cb40, 0x88, 0x40, 0x7c4b1adb88, 0x7c4b1adb84)
T9370 exit  recvfrom -> 14 (0xe) bytes=14: 02 09 00 23 00 07 00 02 04 00 00 00 00 00
T2600 enter sendto(0x57, 0xb400007c958a3680, 0x58, 0x40, 0x7c82447158, 0xc) bytes=88: 00 0a 00 28 00 51 00 11 04 00 02 00 00 00 12 04 00 b8 0b 00 00 13 04 00 32 00 00 00 14 39 00 0e 64 00 00 00 f4 01 00 00 e8 03 00 00 88 13 00 00 10 27 00 00 20 4e 00 00 50 c3 00 00 f8 24 01 00 a0 86 01 00 40 0d 03 00 20 a1 07 00 40 42 0f 00 60 e3 16 00 80 84 1e 00 addr: bytes=12: 2a 00 00 00 00 00 00 00 5d 00 00 00
T2600 exit  sendto -> 88 (0x58)
T2603 enter ioctl(0x5, 0xf501, 0, 0x3000000, 0x4, 0x1) ioctl_req=0xf501
T9370 enter recvfrom(0x57, 0xb400007c96e4cb40, 0x88, 0x40, 0x7c4b1adb88, 0x7c4b1adb84)
T2603 exit  ioctl -> 0 (0)
T9370 exit  recvfrom -> 14 (0xe) bytes=14: 02 0a 00 28 00 07 00 02 04 00 00 00 00 00
T2603 enter ioctl(0x5, 0xf502, 0, 0x25000, 0x4, 0x1) ioctl_req=0xf502
T2581 enter sendto(0x56, 0xb400007c96ecd620, 0x7, 0x40, 0x7c8370e878, 0xc) bytes=7: 00 03 00 68 00 00 00 addr: bytes=12: 2a 00 00 00 00 00 00 00 58 00 00 00
T2581 exit  sendto -> 7 (0x7)
T9372 enter recvfrom(0x56, 0xb400007c9579a000, 0x1d10, 0x40, 0x7c4afb3b88, 0x7c4afb3b84)
T9372 exit  recvfrom -> 209 (0xd1) bytes=160: 02 03 00 68 00 ca 00 02 04 00 00 00 00 00 10 18 00 00 00 00 00 00 00 00 00 00 00 00 00 00 00 00 00 00 00 00 00 00 00 00 00 11 9a 00 04 00 01 00 00 00 00 00 00 00 00 00 00 00 00 00 00 00 00 00 00 00 00 00 00 00 00 00 00 00 00 00 00 00 00 03 69 6d 73 02 00 00 00 00 00 00 00 00 00 00 00 00 00 00 00 00 00 00 00 00 00 00 00 00 00 00 00 00 00 00 00 00 0b 69 6e 74 65 72 6e 65 74 2e 69 74 31 00 00 00 00 00 00 00 00 00 00 00 00 00 00 00 00 00 00 00 00 00 00 00 00 00 00 00 00 00 00 00
T2603 exit  ioctl -> 0 (0)
T2579 enter sendto(0x69, 0xb400007c87e0c310, 0xb, 0x40, 0x7c83908b98, 0xc) bytes=11: 00 01 00 45 00 04 00 01 01 00 00 addr: bytes=12: 2a 00 00 00 00 00 00 00 46 00 00 00
T2579 exit  sendto -> 11 (0xb)
T9374 enter recvfrom(0x69, 0xb400007c665f8040, 0x8f2c, 0x40, 0x7c4acbcb88, 0x7c4acbcb84)
T9374 exit  recvfrom -> 14 (0xe) bytes=14: 02 01 00 45 00 07 00 02 04 00 00 00 00 00
T2450 enter write(0x61, 0x7d3c3078c8, 0x1, 0, 0, 0xffffffff) bytes=1: 64
T7109 enter read(0x60, 0x7c66965b94, 0x1, 0, 0, 0x7d1e7d55c8)
T7109 exit  read -> 1 (0x1) bytes=1: 64
T7109 enter close(0x60, 0x60, 0x1, 0, 0, 0x7d1e7d55c8)
T7109 exit  close -> 0 (0)
T7109 enter close(0x61, 0x61, 0x1, 0, 0, 0x7d1e7d55c8)
T7109 exit  close -> 0 (0)
T7109 enter close(0x5f, 0x5f, 0x1, 0, 0, 0x7d1e7d55c8)
T7109 exit  close -> 0 (0)
T2450 exit  write -> 1 (0x1)
T2640 exit  close -> 0 (0)
T2603 enter openat(0xffffff9c, 0xb400007c87e762ec, 0xa8000, 0, 0x7c8215034e, 0x4) path="/data/vendor/radio/qcrilNr.db"
T2603 exit  openat -> 89 (0x59)
T2603 enter ioctl(0x59, 0x8004f50c, 0x7c821505a4, 0, 0x80000000, 0x490915482d000000) ioctl_req=0x8004f50c
T2603 exit  ioctl -> 0 (0)
T1992 enter ioctl(0xe, 0xc0306201, 0x7fe59a8ab8, 0x7c84b080a8, 0x2, 0xb400007c96ed8500) ioctl_req=0xc0306201
T2603 enter openat(0xffffff9c, 0xb400007c87e777ec, 0xa8042, 0x180, 0x1, 0) path="/data/vendor/radio/qcrilNr_backup.db"
T2603 exit  openat -> 90 (0x5a)
T2603 enter ioctl(0x5a, 0x8004f50c, 0x7c821505a4, 0, 0x3, 0) ioctl_req=0x8004f50c
T2603 exit  ioctl -> 0 (0)
T1992 exit  ioctl -> 0 (0)
T2600 enter sendto(0x57, 0xb400007c96e4df40, 0x4c, 0x40, 0x7c82447158, 0xc) bytes=76: 00 0b 00 23 00 45 00 12 04 00 01 00 00 00 13 04 00 b8 0b 00 00 14 04 00 32 00 00 00 15 2d 00 0b 64 00 00 00 f4 01 00 00 e8 03 00 00 88 13 00 00 10 27 00 00 20 4e 00 00 50 c3 00 00 f8 24 01 00 a0 86 01 00 40 0d 03 00 20 a1 07 00 addr: bytes=12: 2a 00 00 00 00 00 00 00 5d 00 00 00
T2600 exit  sendto -> 76 (0x4c)
T1992 enter ioctl(0xe, 0xc0306201, 0x7fe59a7ed0, 0, 0, 0) ioctl_req=0xc0306201
T9370 enter recvfrom(0x57, 0xb400007c96e4cb40, 0x88, 0x40, 0x7c4b1adb88, 0x7c4b1adb84)
T9370 exit  recvfrom -> 14 (0xe) bytes=14: 02 0b 00 23 00 07 00 02 04 00 00 00 00 00
T2600 enter sendto(0x57, 0xb400007c958a3680, 0x58, 0x40, 0x7c82447158, 0xc) bytes=88: 00 0c 00 28 00 51 00 11 04 00 01 00 00 00 12 04 00 b8 0b 00 00 13 04 00 32 00 00 00 14 39 00 0e 64 00 00 00 f4 01 00 00 e8 03 00 00 88 13 00 00 10 27 00 00 20 4e 00 00 50 c3 00 00 f8 24 01 00 a0 86 01 00 40 0d 03 00 20 a1 07 00 40 42 0f 00 60 e3 16 00 80 84 1e 00 addr: bytes=12: 2a 00 00 00 00 00 00 00 5d 00 00 00
T2600 exit  sendto -> 88 (0x58)
T1992 exit  ioctl -> 0 (0)
T9370 enter recvfrom(0x57, 0xb400007c96e4cb40, 0x88, 0x40, 0x7c4b1adb88, 0x7c4b1adb84)
T9370 exit  recvfrom -> 14 (0xe) bytes=14: 02 0c 00 28 00 07 00 02 04 00 00 00 00 00
T2450 enter read(0x6, 0x7c8a881ab8, 0x10, 0x10, 0x10, 0x7c958d11c0)
T2450 exit  read -> 4 (0x4) bytes=4: 20 20 20 20
T2450 enter read(0x6, 0x7c8a881ab8, 0x10, 0x10, 0x10, 0x7c958d11c0)
T2450 exit  read -> -11 (0xfffffffffffffff5)
T2450 enter ioctl(0xe, 0xc0306201, 0x7c8a8813a8, 0, 0, 0x1) ioctl_req=0xc0306201
T2450 exit  ioctl -> 0 (0)
T2450 enter ioctl(0xe, 0xc0306201, 0x7c8a881858, 0x7c8a881988, 0x7c8a881980, 0x80**************) ioctl_req=0xc0306201
T2450 exit  ioctl -> 0 (0)
T1992 enter ioctl(0xe, 0xc0306201, 0x7fe59a8ab8, 0x7c84b08120, 0, 0xb400007c96ed8500) ioctl_req=0xc0306201
T1992 exit  ioctl -> 0 (0)
T9331 enter writev(0x4, 0x77b30bf1c0, 0x4, 0x3, 0x77b30bf200, 0x22752)
T9331 exit  writev -> 107 (0x6b)
attached new tid=9386
T1992 enter ioctl(0xe, 0xc0306201, 0x7fe59a8ab8, 0x7c84b08100, 0, 0xb400007c96ed8500) ioctl_req=0xc0306201
T1992 exit  ioctl -> 0 (0)
T2599 enter ioctl(0xe, 0xc0306201, 0x7c825437c0, 0, 0, 0) ioctl_req=0xc0306201
T2599 exit  ioctl -> 0 (0)
T9386 enter openat(0xffffff9c, 0x7c82c30910, 0x80000, 0, 0x7d4384775c, 0x7c82c30660) path="/proc/1992/cmdline"
T9386 exit  openat -> 91 (0x5b)
T9386 enter read(0x5b, 0x7c82c308d0, 0x31, 0, 0x7d4384775c, 0x7c82c30660)
T9386 exit  read -> 24 (0x18) bytes=24: 2f 76 65 6e 64 6f 72 2f 62 69 6e 2f 68 77 2f 71 63 72 69 6c 4e 72 64 00
T9386 enter close(0x5b, 0x5b, 0x616d6d6f43007325, 0x65*************e, 0x10, 0)
T9386 exit  close -> 0 (0)
T9386 enter openat(0xffffff9c, 0xb400007c87e045c0, 0x80000, 0, 0x3e9, 0x3ba) path="/system/vendor/etc/data/dsi_config.xml"
T9386 exit  openat -> 91 (0x5b)
T9386 enter read(0x5b, 0xb400007c350ccd00, 0xe25e, 0xffffffffffffffff, 0xffffffffffffffff, 0x1)
T9386 exit  read -> 57950 (0xe25e) bytes=160: 3c 3f 78 6d 6c 20 76 65 72 73 69 6f 6e 3d 22 31 2e 30 22 20 65 6e 63 6f 64 69 6e 67 3d 22 55 54 46 2d 38 22 3f 3e 0a 3c 21 2d 2d 0a 20 20 20 20 20 44 53 49 20 4d 6f 64 75 6c 65 20 63 6f 6e 66 69 67 75 72 61 74 69 6f 6e 20 58 4d 4c 20 66 69 6c 65 0a 20 20 20 20 20 43 6f 70 79 72 69 67 68 74 20 28 63 29 20 32 30 31 33 2c 20 32 30 31 35 2c 20 32 30 31 37 2d 32 30 32 31 20 51 75 61 6c 63 6f 6d 6d 20 54 65 63 68 6e 6f 6c 6f 67 69 65 73 2c 20 49 6e 63 2e 0a 20 20 20 20 20 41 6c 6c
T9386 enter close(0x5b, 0x5b, 0, 0xffffffffffffffff, 0xffffffffffffffff, 0x1)
T9386 exit  close -> 0 (0)
T2600 enter sendto(0x56, 0xb400007c87e15030, 0x7, 0x40, 0x7c824473f8, 0xc) bytes=7: 00 04 00 4f 00 00 00 addr: bytes=12: 2a 00 00 00 00 00 00 00 58 00 00 00
T2600 exit  sendto -> 7 (0x7)
T9372 enter recvfrom(0x56, 0xb400007c9579a000, 0x1d10, 0x40, 0x7c4afb3b88, 0x7c4afb3b84)
T9372 exit  recvfrom -> 28 (0x1c) bytes=28: 02 04 00 4f 00 15 00 02 04 00 00 00 00 00 10 04 00 01 00 00 00 11 04 00 00 00 00 00
T2603 enter ioctl(0x5a, 0xf501, 0, 0x30000000, 0, 0) ioctl_req=0xf501
T2603 exit  ioctl -> 0 (0)
T2600 enter sendto(0x56, 0xb400007c96e54de0, 0xb, 0x40, 0x7c82447408, 0xc) bytes=11: 00 05 00 38 00 04 00 18 01 00 01 addr: bytes=12: 2a 00 00 00 00 00 00 00 58 00 00 00
T2600 exit  sendto -> 11 (0xb)
T9372 enter recvfrom(0x56, 0xb400007c9579a000, 0x1d10, 0x40, 0x7c4afb3b88, 0x7c4afb3b84)
T9372 exit  recvfrom -> 14 (0xe) bytes=14: 02 05 00 38 00 07 00 02 04 00 00 00 00 00
T2599 enter sendto(0x2f, 0xb400007c87e14ac0, 0x1c, 0x40, 0x7c82540e38, 0xc) bytes=28: 00 0f 00 42 00 15 00 01 01 00 01 10 0a 00 09 a0 00 00 01 51 41 43 4c 00 11 01 00 02 addr: bytes=12: 2a 00 00 00 00 00 00 00 49 00 00 00
T2599 exit  sendto -> 28 (0x1c)
T2603 enter ioctl(0x5a, 0xf502, 0, 0x2f000, 0, 0) ioctl_req=0xf502
T2603 exit  ioctl -> 0 (0)
T9358 enter recvfrom(0x2f, 0xb400007c87f48300, 0x66b8, 0x40, 0x7c56e86b88, 0x7c56e86b84)
T9358 exit  recvfrom -> 19 (0x13) bytes=19: 02 0f 00 42 00 0c 00 02 04 00 01 00 50 00 11 02 00 6a 82
T2600 enter sendto(0x56, 0xb400007c96ecd7d0, 0x7, 0x40, 0x7c824473e8, 0xc) bytes=7: 00 06 00 4f 00 00 00 addr: bytes=12: 2a 00 00 00 00 00 00 00 58 00 00 00
T2600 exit  sendto -> 7 (0x7)
T9372 enter recvfrom(0x56, 0xb400007c9579a000, 0x1d10, 0x40, 0x7c4afb3b88, 0x7c4afb3b84)
T9372 exit  recvfrom -> 28 (0x1c) bytes=28: 02 06 00 4f 00 15 00 02 04 00 00 00 00 00 10 04 00 01 00 00 00 11 04 00 00 00 00 00
T2599 enter ioctl(0xe, 0xc0306201, 0x7c82542f70, 0, 0, 0) ioctl_req=0xc0306201
T2599 exit  ioctl -> 0 (0)
T2599 enter ioctl(0xe, 0xc0306201, 0x7c825437c0, 0x7c84b080b8, 0x2, 0xb400007c87e3e400) ioctl_req=0xc0306201
T2599 exit  ioctl -> 0 (0)
T2603 enter close(0x59, 0x59, 0x7c82150500, 0, 0x7c667b6c00, 0x7c96fb22e0)
T2603 exit  close -> 0 (0)
T2600 enter sendto(0x56, 0xb400007c96e54de0, 0xb, 0x40, 0x7c824473f8, 0xc) bytes=11: 00 07 00 38 00 04 00 18 01 00 01 addr: bytes=12: 2a 00 00 00 00 00 00 00 58 00 00 00
T2600 exit  sendto -> 11 (0xb)
T9372 enter recvfrom(0x56, 0xb400007c9579a000, 0x1d10, 0x40, 0x7c4afb3b88, 0x7c4afb3b84)
T9372 exit  recvfrom -> 14 (0xe) bytes=14: 02 07 00 38 00 07 00 02 04 00 00 00 00 00
T2603 enter close(0x5a, 0x5a, 0x7c82150500, 0x5, 0x7c667ca800, 0x7c96fb22e0)
T2603 exit  close -> 0 (0)
T2603 enter ioctl(0xe, 0xc0306201, 0x7c821507f8, 0, 0, 0x1) ioctl_req=0xc0306201
T2603 exit  ioctl -> 0 (0)
T2603 enter ioctl(0xe, 0xc0306201, 0x7c82150ca8, 0x7c82150dd8, 0x7c82150dd0, 0x80**************) ioctl_req=0xc0306201
T2603 exit  ioctl -> 0 (0)
T2600 enter sendto(0x63, 0xb400007c96f5e2e0, 0xb, 0x40, 0x7c82447368, 0xc) bytes=11: 00 02 00 03 00 04 00 13 01 00 01 addr: bytes=12: 2a 00 00 00 00 00 00 00 61 00 00 00
T2600 exit  sendto -> 11 (0xb)
T9371 enter recvfrom(0x63, 0xb400007c87f75800, 0x2014, 0x40, 0x7c4b0b0b88, 0x7c4b0b0b84)
T9371 exit  recvfrom -> 14 (0xe) bytes=14: 02 02 00 03 00 07 00 02 04 00 00 00 00 00
attached new tid=9396
T9396 enter socket(0x1, 0x80001, 0, 0x7c66a62714, 0x1388, 0x1)
T9396 exit  socket -> 89 (0x59)
T2603 enter ioctl(0xe, 0xc0306201, 0x7c82150920, 0, 0, 0) ioctl_req=0xc0306201
T9396 enter connect(0x59, 0x7c66a62610, 0x2a, 0x441618bba, 0xffffffffffffff, 0x2289e)
T9396 exit  connect -> 0 (0)
T2603 exit  ioctl -> 0 (0)
T9396 enter sendto(0x59, 0xb400007c96ecdbe8, 0x8, 0x4040, 0, 0) bytes=8: 08 00 00 10 0d 00 00 00
T9396 exit  sendto -> 8 (0x8)
T9396 enter recvfrom(0x59, 0xb400007c958d6d00, 0x800, 0, 0, 0)
T9396 exit  recvfrom -> 8 (0x8) bytes=8: 08 00 00 10 0e 00 00 00
T9396 enter close(0x59, 0x59, 0x20**************, 0x30**************, 0x10, 0)
T9396 exit  close -> 0 (0)
T2599 enter sendto(0x2f, 0xb400007c87e14ac0, 0x1f, 0x40, 0x7c82540e38, 0xc) bytes=31: 00 10 00 42 00 18 00 01 01 00 01 10 0d 00 0c a0 00 00 00 63 50 4b 43 53 2d 31 35 11 01 00 02 addr: bytes=12: 2a 00 00 00 00 00 00 00 49 00 00 00
T2599 exit  sendto -> 31 (0x1f)
T9358 enter recvfrom(0x2f, 0xb400007c87f48300, 0x66b8, 0x40, 0x7c56e86b88, 0x7c56e86b84)
T9358 exit  recvfrom -> 19 (0x13) bytes=19: 02 10 00 42 00 0c 00 02 04 00 01 00 50 00 11 02 00 6a 82
T9331 enter writev(0x4, 0x77b30bf1c0, 0x4, 0x3, 0x77b30bf200, 0x228da)
T9331 exit  writev -> 107 (0x6b)
T2600 enter sendto(0x56, 0xb400007c95806320, 0xb, 0x40, 0x7c824473c8, 0xc) bytes=11: 00 08 00 78 00 04 00 10 01 00 01 addr: bytes=12: 2a 00 00 00 00 00 00 00 58 00 00 00
T2600 exit  sendto -> 11 (0xb)
T2603 enter sendto(0x2f, 0xb400007c87e04a10, 0x1c, 0x40, 0x7c8214d6d8, 0xc) bytes=28: 00 11 00 39 00 15 00 01 12 00 01 10 a0 00 00 00 87 10 02 ff 39 ff ff 89 01 01 01 00 addr: bytes=12: 2a 00 00 00 00 00 00 00 49 00 00 00
T9372 enter recvfrom(0x56, 0xb400007c9579a000, 0x1d10, 0x40, 0x7c4afb3b88, 0x7c4afb3b84)
T2603 exit  sendto -> 28 (0x1c)
T9372 exit  recvfrom -> 14 (0xe) bytes=14: 02 08 00 78 00 07 00 02 04 00 01 00 5e 00
T9358 enter recvfrom(0x2f, 0xb400007c87f48300, 0x66b8, 0x40, 0x7c56e86b88, 0x7c56e86b84)
T9358 exit  recvfrom -> 23 (0x17) bytes=23: 02 11 00 39 00 10 00 02 04 00 00 00 00 00 10 06 00 05 57 69 6e 64 33
T2599 enter ioctl(0xe, 0xc0306201, 0x7c82542f70, 0, 0, 0) ioctl_req=0xc0306201
T2599 exit  ioctl -> 0 (0)
T2599 enter ioctl(0xe, 0xc0306201, 0x7c825437c0, 0x7c84b082a0, 0x2, 0xb400007c87e3e400) ioctl_req=0xc0306201
T2599 exit  ioctl -> 0 (0)
T2600 enter sendto(0x56, 0xb400007c96f5e2e0, 0xb, 0x40, 0x7c824470c8, 0xc) bytes=11: 00 09 00 25 00 04 00 13 01 00 01 addr: bytes=12: 2a 00 00 00 00 00 00 00 58 00 00 00
T2600 exit  sendto -> 11 (0xb)
T9372 enter recvfrom(0x56, 0xb400007c9579a000, 0x1d10, 0x40, 0x7c4afb3b88, 0x7c4afb3b84)
T9372 exit  recvfrom -> 14 (0xe) bytes=14: 02 09 00 25 00 07 00 02 04 00 00 00 00 00
T2603 enter ioctl(0xe, 0xc0306201, 0x7c821507f8, 0, 0, 0x1) ioctl_req=0xc0306201
T2603 exit  ioctl -> 0 (0)
T2603 enter ioctl(0xe, 0xc0306201, 0x7c82150ca8, 0x7c82150dd8, 0x7c82150dd0, 0x80**************) ioctl_req=0xc0306201
T2603 exit  ioctl -> 0 (0)
T2600 enter sendto(0x6a, 0xb400007c96ecc400, 0xb, 0x40, 0x7c824472c8, 0xc) bytes=11: 00 02 00 03 00 04 00 26 01 00 01 addr: bytes=12: 2a 00 00 00 00 00 00 00 4a 00 00 00
T2600 exit  sendto -> 11 (0xb)
T9373 enter recvfrom(0x6a, 0xb400007c6673d040, 0xa51c, 0x40, 0x7c4aeb6b88, 0x7c4aeb6b84)
T9373 exit  recvfrom -> 14 (0xe) bytes=14: 02 02 00 03 00 07 00 02 04 00 00 00 00 00
T2599 enter sendto(0x2f, 0xb400007c87e14ac0, 0x1f, 0x40, 0x7c82540e38, 0xc) bytes=31: 00 12 00 42 00 18 00 01 01 00 01 10 0d 00 0c a0 00 00 00 18 47 50 41 43 2d 31 35 11 01 00 02 addr: bytes=12: 2a 00 00 00 00 00 00 00 49 00 00 00
T2599 exit  sendto -> 31 (0x1f)
T2600 enter sendto(0x56, 0xb400007c96e54de0, 0xb, 0x40, 0x7c82447038, 0xc) bytes=11: 00 0a 00 38 00 04 00 15 01 00 01 addr: bytes=12: 2a 00 00 00 00 00 00 00 58 00 00 00
T2600 exit  sendto -> 11 (0xb)
T9372 enter recvfrom(0x56, 0xb400007c9579a000, 0x1d10, 0x40, 0x7c4afb3b88, 0x7c4afb3b84)
T9372 exit  recvfrom -> 14 (0xe) bytes=14: 02 0a 00 38 00 07 00 02 04 00 00 00 00 00
T2600 enter sendto(0x56, 0xb400007c96ecd808, 0x7, 0x40, 0x7c82447038, 0xc) bytes=7: 00 0b 00 47 00 00 00 addr: bytes=12: 2a 00 00 00 00 00 00 00 58 00 00 00
T9372 enter recvfrom(0x56, 0xb400007c9579a000, 0x1d10, 0x40, 0x7c4afb3b88, 0x7c4afb3b84)
T9372 exit  recvfrom -> 14 (0xe) bytes=14: 02 0b 00 47 00 07 00 02 04 00 01 00 4a 00
T2600 exit  sendto -> 7 (0x7)
T2600 enter sendto(0x6a, 0xb400007c96ecc400, 0xb, 0x40, 0x7c824472d8, 0xc) bytes=11: 00 03 00 03 00 04 00 33 01 00 01 addr: bytes=12: 2a 00 00 00 00 00 00 00 4a 00 00 00
T2600 exit  sendto -> 11 (0xb)
T9373 enter recvfrom(0x6a, 0xb400007c6673d040, 0xa51c, 0x40, 0x7c4aeb6b88, 0x7c4aeb6b84)
T9373 exit  recvfrom -> 14 (0xe) bytes=14: 02 03 00 03 00 07 00 02 04 00 00 00 00 00
T9373 enter recvfrom(0x6a, 0xb400007c6673d040, 0xa51c, 0x40, 0x7c4aeb6b88, 0x7c4aeb6b84)
T9373 exit  recvfrom -> 26 (0x1a) bytes=26: 04 01 00 03 01 13 00 01 03 00 00 00 00 02 04 00 00 00 00 00 10 03 00 00 00 00
T9358 enter recvfrom(0x2f, 0xb400007c87f48300, 0x66b8, 0x40, 0x7c56e86b88, 0x7c56e86b84)
T9358 exit  recvfrom -> 19 (0x13) bytes=19: 02 12 00 42 00 0c 00 02 04 00 01 00 50 00 11 02 00 6a 82
T2600 enter sendto(0x6a, 0xb400007c96ecc400, 0xb, 0x40, 0x7c82446ef8, 0xc) bytes=11: 00 04 00 03 00 04 00 27 01 00 01 addr: bytes=12: 2a 00 00 00 00 00 00 00 4a 00 00 00
T2600 exit  sendto -> 11 (0xb)
T9373 enter recvfrom(0x6a, 0xb400007c6673d040, 0xa51c, 0x40, 0x7c4aeb6b88, 0x7c4aeb6b84)
T9373 exit  recvfrom -> 14 (0xe) bytes=14: 02 04 00 03 00 07 00 02 04 00 00 00 00 00
T2603 enter ioctl(0xe, 0xc0306201, 0x7c8214eb68, 0, 0, 0x1) ioctl_req=0xc0306201
T2603 exit  ioctl -> 0 (0)
T2599 enter ioctl(0xe, 0xc0306201, 0x7c82542f70, 0, 0, 0) ioctl_req=0xc0306201
T2599 exit  ioctl -> 0 (0)
T2599 enter ioctl(0xe, 0xc0306201, 0x7c825437c0, 0x7c84b080e0, 0x2, 0xb400007c87e3e400) ioctl_req=0xc0306201
T2599 exit  ioctl -> 0 (0)
T2603 enter socket(0x1, 0x80001, 0, 0xffffffffff, 0, 0)
T2603 exit  socket -> 89 (0x59)
T2603 enter connect(0x59, 0x7c8214f9a0, 0x1f, 0x442a2a3ba, 0xffffffffffffff, 0x22984)
T2603 exit  connect -> 0 (0)
T2603 enter writev(0x59, 0x7c8214fa78, 0x5, 0xffffffffff, 0, 0)
T2600 enter sendto(0x56, 0xb400007c87ee9540, 0xe, 0x40, 0x7c824470b8, 0xc) bytes=14: 00 0d 00 65 00 07 00 10 04 00 01 00 00 00 addr: bytes=12: 2a 00 00 00 00 00 00 00 58 00 00 00
T2603 exit  writev -> 65 (0x41)
T2600 exit  sendto -> 14 (0xe)
T2603 enter recvfrom(0x59, 0x7c8214fa60, 0x4, 0x100, 0, 0)
T2603 exit  recvfrom -> 4 (0x4) bytes=4: 00 00 00 00
T2603 enter close(0x59, 0x59, 0x4, 0x100, 0, 0)
T9372 enter recvfrom(0x56, 0xb400007c9579a000, 0x1d10, 0x40, 0x7c4afb3b88, 0x7c4afb3b84)
T2603 exit  close -> 0 (0)
T9372 exit  recvfrom -> 14 (0xe) bytes=14: 02 0d 00 65 00 07 00 02 04 00 00 00 00 00
T2600 enter sendto(0x3b, 0xb400007c95806320, 0xe, 0x40, 0x7c82447ce8, 0xc) bytes=14: 00 02 00 2b 00 07 00 10 04 00 00 00 00 00 addr: bytes=12: 2a 00 00 00 00 00 00 00 5e 00 00 00
T2600 exit  sendto -> 14 (0xe)
T2599 enter sendto(0x2f, 0xb400007c87e14ac0, 0xf, 0x40, 0x7c82540e38, 0xc) bytes=15: 00 13 00 42 00 08 00 01 01 00 01 11 01 00 02 addr: bytes=12: 2a 00 00 00 00 00 00 00 49 00 00 00
T9362 enter recvfrom(0x3b, 0xb400007c6668f400, 0x1130, 0x40, 0x7c52a92b88, 0x7c52a92b84)
T9362 exit  recvfrom -> 14 (0xe) bytes=14: 02 02 00 2b 00 07 00 02 04 00 00 00 00 00
T2599 exit  sendto -> 15 (0xf)
T9358 enter recvfrom(0x2f, 0xb400007c87f48300, 0x66b8, 0x40, 0x7c56e86b88, 0x7c56e86b84)
T9358 exit  recvfrom -> 23 (0x17) bytes=23: 02 13 00 42 00 10 00 02 04 00 00 00 00 00 11 02 00 90 00 10 01 00 01
T2600 enter sendto(0x56, 0xb400007c96e54de0, 0x1b, 0x40, 0x7c824470b8, 0xc) bytes=27: 00 0e 00 38 00 14 00 1e 01 00 01 1f 01 00 01 22 01 00 01 23 01 00 01 24 01 00 01 addr: bytes=12: 2a 00 00 00 00 00 00 00 58 00 00 00
T2600 exit  sendto -> 27 (0x1b)
T9372 enter recvfrom(0x56, 0xb400007c9579a000, 0x1d10, 0x40, 0x7c4afb3b88, 0x7c4afb3b84)
T9372 exit  recvfrom -> 14 (0xe) bytes=14: 02 0e 00 38 00 07 00 02 04 00 00 00 00 00
T2599 enter ioctl(0xe, 0xc0306201, 0x7c82542f70, 0, 0, 0) ioctl_req=0xc0306201
T2599 exit  ioctl -> 0 (0)
T2599 enter ioctl(0xe, 0xc0306201, 0x7c825437c0, 0x7c84b082a0, 0x2, 0xb400007c87e3e400) ioctl_req=0xc0306201
T2599 exit  ioctl -> 0 (0)
T2603 enter ioctl(0xe, 0xc0306201, 0x7c8214f9b0, 0, 0, 0) ioctl_req=0xc0306201
T2581 enter sendto(0x56, 0xb400007c87ee94e0, 0x15, 0x40, 0x7c8370f158, 0xc) bytes=21: 00 0c 00 65 00 0e 00 11 04 00 02 00 00 00 12 04 00 02 00 00 00 addr: bytes=12: 2a 00 00 00 00 00 00 00 58 00 00 00
T2581 exit  sendto -> 21 (0x15)
T9372 enter recvfrom(0x56, 0xb400007c9579a000, 0x1d10, 0x40, 0x7c4afb3b88, 0x7c4afb3b84)
T9372 exit  recvfrom -> 28 (0x1c) bytes=28: 02 0c 00 65 00 15 00 02 04 00 00 00 00 00 11 04 00 02 00 00 00 12 04 00 02 00 00 00
T2599 enter sendto(0x2f, 0xb400007c87e31700, 0x1b, 0x40, 0x7c8253fd88, 0xc) bytes=27: 00 14 00 3b 00 14 00 01 01 00 01 02 09 00 07 00 01 a4 00 04 02 3f 00 11 01 00 00 addr: bytes=12: 2a 00 00 00 00 00 00 00 49 00 00 00
T2599 exit  sendto -> 27 (0x1b)
T2603 exit  ioctl -> 0 (0)
T2581 enter sendto(0x56, 0xb400007c87e15030, 0x7, 0x40, 0x7c8370f178, 0xc) bytes=7: 00 0f 00 6d 00 00 00 addr: bytes=12: 2a 00 00 00 00 00 00 00 58 00 00 00
T2581 exit  sendto -> 7 (0x7)
T9372 enter recvfrom(0x56, 0xb400007c9579a000, 0x1d10, 0x40, 0x7c4afb3b88, 0x7c4afb3b84)
T9372 exit  recvfrom -> 19 (0x13) bytes=19: 02 0f 00 6d 00 0c 00 02 04 00 00 00 00 00 10 02 00 02 00
T9372 enter recvfrom(0x56, 0xb400007c9579a000, 0x1d10, 0x40, 0x7c4afb3b88, 0x7c4afb3b84)
T9372 exit  recvfrom -> 146 (0x92) bytes=146: 04 01 00 6d 00 8b 00 01 04 00 02 00 01 00 10 11 00 01 00 00 00 00 00 00 00 00 00 00 00 00 00 00 00 00 11 01 00 00 12 08 00 02 00 00 00 00 00 00 00 13 5e 00 04 00 01 00 00 00 00 00 00 00 00 00 00 00 00 00 00 00 00 00 03 69 6d 73 01 00 00 00 00 00 00 00 00 00 00 00 00 00 00 00 00 00 0b 69 6e 74 65 72 6e 65 74 2e 69 74 01 00 00 00 00 00 00 00 00 00 00 00 00 00 00 00 00 00 03 73 6f 73 01 00 00 00 00 00 00 00 00 00 00 00 00 00 00 00 00 00
T2581 enter sendto(0x56, 0xb400007c87ee9c60, 0xe, 0x40, 0x7c8370f158, 0xc) bytes=14: 00 10 00 65 00 07 00 11 04 00 02 00 00 00 addr: bytes=12: 2a 00 00 00 00 00 00 00 58 00 00 00
T2581 exit  sendto -> 14 (0xe)
T9372 enter recvfrom(0x56, 0xb400007c9579a000, 0x1d10, 0x40, 0x7c4afb3b88, 0x7c4afb3b84)
T9372 exit  recvfrom -> 21 (0x15) bytes=21: 02 10 00 65 00 0e 00 02 04 00 00 00 00 00 11 04 00 02 00 00 00
T9358 enter recvfrom(0x2f, 0xb400007c87f48300, 0x66b8, 0x40, 0x7c56e86b88, 0x7c56e86b84)
T9358 exit  recvfrom -> 21 (0x15) bytes=21: 02 14 00 3b 00 0e 00 02 04 00 00 00 00 00 10 04 00 02 00 61 3a
T2599 enter ioctl(0xe, 0xc0306201, 0x7c82541e30, 0, 0, 0) ioctl_req=0xc0306201
T2599 exit  ioctl -> 0 (0)
T2599 enter ioctl(0xe, 0xc0306201, 0x7c825437c0, 0x7c84b080b8, 0x2, 0xb400007c87e3e400) ioctl_req=0xc0306201
T2599 exit  ioctl -> 0 (0)
T2603 enter ioctl(0xe, 0xc0306201, 0x7c8214f9b0, 0, 0, 0) ioctl_req=0xc0306201
T2580 enter sendto(0x6a, 0xb400007c87ee9240, 0xe, 0x40, 0x7c8380c158, 0xc) bytes=14: 00 05 00 00 01 07 00 10 04 00 02 00 00 00 addr: bytes=12: 2a 00 00 00 00 00 00 00 4a 00 00 00
T2580 exit  sendto -> 14 (0xe)
T9373 enter recvfrom(0x6a, 0xb400007c6673d040, 0xa51c, 0x40, 0x7c4aeb6b88, 0x7c4aeb6b84)
T9373 exit  recvfrom -> 21 (0x15) bytes=21: 02 05 00 00 01 0e 00 02 04 00 00 00 00 00 10 04 00 02 00 00 00
T2603 exit  ioctl -> 0 (0)
T2599 enter sendto(0x2f, 0xb400007c87e31700, 0x19, 0x40, 0x7c8253fd88, 0xc) bytes=25: 00 15 00 3b 00 12 00 01 01 00 01 02 07 00 05 00 01 c0 00 00 3a 11 01 00 00 addr: bytes=12: 2a 00 00 00 00 00 00 00 49 00 00 00
T2599 exit  sendto -> 25 (0x19)
T9358 enter recvfrom(0x2f, 0xb400007c87f48300, 0x66b8, 0x40, 0x7c56e86b88, 0x7c56e86b84)
T9358 exit  recvfrom -> 79 (0x4f) bytes=79: 02 15 00 3b 00 48 00 02 04 00 00 00 00 00 10 3e 00 3c 00 62 38 82 02 78 21 83 02 3f 00 a5 0f 80 01 61 83 04 00 01 1e 90 87 01 00 88 01 00 8a 01 05 8b 03 2f 06 02 c6 0f 90 01 70 83 01 01 83 01 81 83 01 0b 83 01 0c 81 04 00 02 10 ca 90 00
T2599 enter ioctl(0xe, 0xc0306201, 0x7c82541e30, 0, 0, 0) ioctl_req=0xc0306201
T2599 exit  ioctl -> 0 (0)
T2599 enter ioctl(0xe, 0xc0306201, 0x7c825437c0, 0x7c84b080b8, 0x2, 0xb400007c87e3e400) ioctl_req=0xc0306201
T2599 exit  ioctl -> 0 (0)
T9300 enter recvfrom(0x3a, 0xb4000077c4eb1bc0, 0xb560, 0x40, 0x77c3bf4b88, 0x77c3bf4b84)
T9292 enter recvfrom(0x35, 0xb4000077edf76000, 0x2014, 0x40, 0x77bb40cb88, 0x77bb40cb84)
T9289 enter recvfrom(0x2a, 0xb4000077ede8a000, 0x2014, 0x40, 0x77bd703b88, 0x77bd703b84)
T9300 exit  recvfrom -> 11 (0xb) bytes=11: 04 01 00 49 00 04 00 01 01 00 00
T9292 exit  recvfrom -> 11 (0xb) bytes=11: 04 01 00 39 00 04 00 01 01 00 00
T9289 exit  recvfrom -> 11 (0xb) bytes=11: 04 01 00 99 00 04 00 01 01 00 00
T2647 enter sendto(0x50, 0xb4000077c4e7e580, 0xb, 0x40, 0x77e9406f78, 0xc) bytes=11: 00 02 00 45 00 04 00 01 01 00 01 addr: bytes=12: 2a 00 00 00 00 00 00 00 46 00 00 00
T2648 enter sendto(0x4d, 0xb4000077ede0c340, 0xe, 0x40, 0x77e9309f48, 0xc) bytes=14: 00 06 00 af 00 07 00 01 04 00 02 00 00 00 addr: bytes=12: 2a 00 00 00 00 00 00 00 4a 00 00 00
T9327 enter recvfrom(0x50, 0xb4000077c4f159c0, 0x8f2c, 0x40, 0x77b84b3b88, 0x77b84b3b84)
T2647 exit  sendto -> 11 (0xb)
T9327 exit  recvfrom -> 14 (0xe) bytes=14: 02 02 00 45 00 07 00 02 04 00 00 00 00 00
T2648 exit  sendto -> 14 (0xe)
T9306 enter recvfrom(0x4d, 0xb4000077b8a06cc0, 0xa51c, 0x40, 0x77b8d21b88, 0x77b8d21b84)
T9306 exit  recvfrom -> 14 (0xe) bytes=14: 02 06 00 af 00 07 00 02 04 00 00 00 00 00
T2649 enter sendto(0x40, 0xb400007895f4df10, 0xe, 0x40, 0x77e820cf48, 0xc) bytes=14: 00 12 00 27 00 07 00 01 04 00 02 00 00 00 addr: bytes=12: 2a 00 00 00 00 00 00 00 58 00 00 00
T2649 exit  sendto -> 14 (0xe)
T2603 enter ioctl(0xe, 0xc0306201, 0x7c8214f9b0, 0, 0, 0) ioctl_req=0xc0306201
T2599 enter sendto(0x2f, 0xb400007c87e31700, 0x1b, 0x40, 0x7c8253fd88, 0xc) bytes=27: 00 16 00 3b 00 14 00 01 01 00 01 02 09 00 07 00 01 a4 00 04 02 2f 00 11 01 00 00 addr: bytes=12: 2a 00 00 00 00 00 00 00 49 00 00 00
T2599 exit  sendto -> 27 (0x1b)
T2603 exit  ioctl -> 0 (0)
T9303 enter recvfrom(0x40, 0xb4000078960f9000, 0x1d10, 0x40, 0x77b9018b88, 0x77b9018b84)
T9303 exit  recvfrom -> 14 (0xe) bytes=14: 02 12 00 27 00 07 00 02 04 00 00 00 00 00
T9358 enter recvfrom(0x2f, 0xb400007c87f48300, 0x66b8, 0x40, 0x7c56e86b88, 0x7c56e86b84)
T1992 enter ioctl(0xe, 0xc0306201, 0x7fe59a8200, 0, 0, 0) ioctl_req=0xc0306201
T9358 exit  recvfrom -> 21 (0x15) bytes=21: 02 16 00 3b 00 0e 00 02 04 00 00 00 00 00 10 04 00 02 00 61 21
T1992 exit  ioctl -> 0 (0)
T1992 enter ioctl(0xe, 0xc0306201, 0x7fe59a8ab8, 0x7c84b081d0, 0x2, 0xb400007c96ed8500) ioctl_req=0xc0306201
T2599 enter ioctl(0xe, 0xc0306201, 0x7c82541e30, 0, 0, 0) ioctl_req=0xc0306201
T2599 exit  ioctl -> 0 (0)
T2599 enter ioctl(0xe, 0xc0306201, 0x7c825437c0, 0x7c84b080b8, 0x2, 0xb400007c87e3e400) ioctl_req=0xc0306201
T2599 exit  ioctl -> 0 (0)
T1992 exit  ioctl -> 0 (0)
T2650 enter sendto(0x41, 0xb4000077ede0c260, 0xe, 0x40, 0x77e810ff48, 0xc) bytes=14: 00 03 00 27 00 07 00 01 04 00 02 00 00 00 addr: bytes=12: 2a 00 00 00 00 00 00 00 61 00 00 00
T2650 exit  sendto -> 14 (0xe)
T9302 enter recvfrom(0x41, 0xb4000077edfb0000, 0x2014, 0x40, 0x77b9115b88, 0x77b9115b84)
T9302 exit  recvfrom -> 14 (0xe) bytes=14: 02 03 00 27 00 07 00 02 04 00 00 00 00 00
T2651 enter sendto(0x4c, 0xb4000077c4e7e3f0, 0xe, 0x40, 0x77e8012f48, 0xc) bytes=14: 00 0d 00 20 00 07 00 01 04 00 02 00 00 00 addr: bytes=12: 2a 00 00 00 00 00 00 00 5d 00 00 00
T2651 exit  sendto -> 14 (0xe)
T2599 enter sendto(0x2f, 0xb400007c87e31700, 0x19, 0x40, 0x7c8253fd88, 0xc) bytes=25: 00 17 00 3b 00 12 00 01 01 00 01 02 07 00 05 00 01 c0 00 00 21 11 01 00 00 addr: bytes=12: 2a 00 00 00 00 00 00 00 49 00 00 00
T2599 exit  sendto -> 25 (0x19)
T9305 enter recvfrom(0x4c, 0xb400007895f95680, 0x88, 0x40, 0x77b86adb88, 0x77b86adb84)
T9305 exit  recvfrom -> 14 (0xe) bytes=14: 02 0d 00 20 00 07 00 02 04 00 00 00 00 00
T1992 enter ioctl(0xe, 0xc0306201, 0x7fe59a8ab8, 0x7c84b08108, 0, 0xb400007c96ed8500) ioctl_req=0xc0306201
T9358 enter recvfrom(0x2f, 0xb400007c87f48300, 0x66b8, 0x40, 0x7c56e86b88, 0x7c56e86b84)
T1992 exit  ioctl -> 0 (0)
T9358 exit  recvfrom -> 54 (0x36) bytes=54: 02 17 00 3b 00 2f 00 02 04 00 00 00 00 00 10 25 00 23 00 62 1f 82 05 42 21 00 26 01 83 02 2f 00 a5 03 80 01 61 8a 01 05 8b 03 2f 06 03 80 02 00 26 88 01 f0 90 00
T2599 enter ioctl(0xe, 0xc0306201, 0x7c82541e30, 0, 0, 0) ioctl_req=0xc0306201
T2599 exit  ioctl -> 0 (0)
T2599 enter ioctl(0xe, 0xc0306201, 0x7c825437c0, 0x7c84b08708, 0x2, 0xb400007c87e3e400) ioctl_req=0xc0306201
T2603 enter ioctl(0x14, 0xc0306201, 0x7c82150468, 0x1, 0, 0xb400007c87e70d80) ioctl_req=0xc0306201
T2603 exit  ioctl -> 0 (0)
T2599 exit  ioctl -> 0 (0)
T2654 enter sendto(0x4a, 0xb4000077ede0c1e0, 0xb, 0x40, 0x77e7d1bf78, 0xc) bytes=11: 00 05 00 1a 00 04 00 01 01 00 01 addr: bytes=12: 2a 00 00 00 00 00 00 00 41 00 00 00
T2654 exit  sendto -> 11 (0xb)
T2655 enter sendto(0x3a, 0xb400007895f4df30, 0xb, 0x40, 0x77e7c1ef78, 0xc) bytes=11: 00 08 00 4c 00 04 00 01 01 00 01 addr: bytes=12: 2a 00 00 00 00 00 00 00 5a 00 00 00
T2655 exit  sendto -> 11 (0xb)
T9304 enter recvfrom(0x4a, 0xb4000077b89f5300, 0xe3f0, 0x40, 0x77b8f1bb88, 0x77b8f1bb84)
T9304 exit  recvfrom -> 14 (0xe) bytes=14: 02 05 00 1a 00 07 00 02 04 00 00 00 00 00
T2656 enter sendto(0x35, 0xb4000077ede0c2a0, 0xe, 0x40, 0x77e7b21f78, 0xc) bytes=14: 00 04 00 33 00 07 00 10 04 00 01 00 00 00 addr: bytes=12: 2a 00 00 00 00 00 00 00 62 00 00 00
T2656 exit  sendto -> 14 (0xe)
T1992 enter ioctl(0xe, 0xc0306201, 0x7fe59a8ab8, 0x7c84b08130, 0, 0xb400007c96ed8500) ioctl_req=0xc0306201
T1992 exit  ioctl -> 0 (0)
T2603 enter ioctl(0x14, 0xc0306201, 0x7c82150468, 0x1, 0, 0xb400007c87e70e00) ioctl_req=0xc0306201
T2603 exit  ioctl -> 0 (0)
T2657 enter sendto(0x2a, 0xb4000077c4e7e050, 0xe, 0x40, 0x77e7a24f68, 0xc) bytes=14: 00 08 00 98 00 07 00 01 04 00 01 00 00 00 addr: bytes=12: 2a 00 00 00 00 00 00 00 64 00 00 00
T2657 exit  sendto -> 14 (0xe)
T2658 enter sendto(0x34, 0xb4000077ede0c160, 0xb, 0x40, 0x77e7927f78, 0xc) bytes=11: 00 15 00 44 00 04 00 01 01 00 01 addr: bytes=12: 2a 00 00 00 00 00 00 00 45 00 00 00
T2658 exit  sendto -> 11 (0xb)
T9291 enter recvfrom(0x34, 0xb4000077c4e5fb80, 0xa034, 0x40, 0x77bb509b88, 0x77bb509b84)
T9291 exit  recvfrom -> 14 (0xe) bytes=14: 02 15 00 44 00 07 00 02 04 00 00 00 00 00
T9300 enter recvfrom(0x3a, 0xb4000077c4eb1bc0, 0xb560, 0x40, 0x77c3bf4b88, 0x77c3bf4b84)
T9300 exit  recvfrom -> 14 (0xe) bytes=14: 02 08 00 4c 00 07 00 02 04 00 00 00 00 00
T9300 enter writev(0x4, 0x77c3bf42e0, 0x4, 0x3, 0x77c3bf4320, 0x22e0c)
T9300 exit  writev -> 69 (0x45)
T9292 enter recvfrom(0x35, 0xb4000077edf76000, 0x2014, 0x40, 0x77bb40cb88, 0x77bb40cb84)
T9292 exit  recvfrom -> 14 (0xe) bytes=14: 02 04 00 33 00 07 00 02 04 00 00 00 00 00
T9292 enter writev(0x4, 0x77bb40c2e0, 0x4, 0x3, 0x77bb40c320, 0x22e0e)
T9292 exit  writev -> 70 (0x46)
T9289 enter recvfrom(0x2a, 0xb4000077ede8a000, 0x2014, 0x40, 0x77bd703b88, 0x77bd703b84)
T9289 exit  recvfrom -> 14 (0xe) bytes=14: 02 08 00 98 00 07 00 02 04 00 00 00 00 00
T2640 enter socket(0x2a, 0x80002, 0, 0x1, 0x77f416474c, 0x77f4164890)
T2640 exit  socket -> 88 (0x58)
T2640 enter sendto(0x58, 0x77f4164660, 0x14, 0, 0x77f4164650, 0xc) bytes=20: 0a 00 00 00 02 00 00 00 00 00 00 00 00 00 00 00 00 00 00 00 addr: bytes=12: 2a 00 00 00 01 00 00 00 fe ff ff ff
T2640 exit  sendto -> 20 (0x14)
T2640 enter recvfrom(0x58, 0x77f41646b0, 0x14, 0, 0, 0)
T2640 exit  recvfrom -> 20 (0x14) bytes=20: 04 00 00 00 02 00 00 00 01 00 00 00 00 00 00 00 59 00 00 00
T2640 enter recvfrom(0x58, 0x77f41646b0, 0x14, 0, 0, 0)
T2640 exit  recvfrom -> 20 (0x14) bytes=20: 04 00 00 00 00 00 00 00 00 00 00 00 00 00 00 00 00 00 00 00
T2640 enter close(0x58, 0x58, 0x14, 0, 0x14, 0)
T2656 enter sendto(0x35, 0xb4000077ede0c2a0, 0xe, 0x40, 0x77e7b21f78, 0xc) bytes=14: 00 05 00 33 00 07 00 10 04 00 01 00 00 00 addr: bytes=12: 2a 00 00 00 00 00 00 00 62 00 00 00
T2640 exit  close -> 0 (0)
T2656 exit  sendto -> 14 (0xe)
T2655 enter sendto(0x3a, 0xb400007895f4df30, 0xb, 0x40, 0x77e7c1ef78, 0xc) bytes=11: 00 09 00 4c 00 04 00 01 01 00 01 addr: bytes=12: 2a 00 00 00 00 00 00 00 5a 00 00 00
T2640 enter socket(0x2a, 0x80002, 0, 0x7895f97290, 0x7895f972a0, 0x3017)
T9292 enter recvfrom(0x35, 0xb4000077edf76000, 0x2014, 0x40, 0x77bb40cb88, 0x77bb40cb84)
T2655 exit  sendto -> 11 (0xb)
T2640 exit  socket -> 88 (0x58)
T9300 enter recvfrom(0x3a, 0xb4000077c4eb1bc0, 0xb560, 0x40, 0x77c3bf4b88, 0x77c3bf4b84)
T9292 exit  recvfrom -> 14 (0xe) bytes=14: 02 05 00 33 00 07 00 02 04 00 00 00 00 00
T2599 enter sendto(0x2f, 0xb400007c87e31700, 0x19, 0x40, 0x7c8253fd88, 0xc) bytes=25: 00 18 00 3b 00 12 00 01 01 00 01 02 07 00 05 00 01 b2 01 04 26 11 01 00 00 addr: bytes=12: 2a 00 00 00 00 00 00 00 49 00 00 00
T9300 exit  recvfrom -> 14 (0xe) bytes=14: 02 09 00 4c 00 07 00 02 04 00 00 00 00 00
T2599 exit  sendto -> 25 (0x19)
T9358 enter recvfrom(0x2f, 0xb400007c87f48300, 0x66b8, 0x40, 0x7c56e86b88, 0x7c56e86b84)
T9358 exit  recvfrom -> 59 (0x3b) bytes=59: 02 18 00 3b 00 34 00 02 04 00 00 00 00 00 10 2a 00 28 00 61 1d 4f 10 a0 00 00 00 87 10 02 ff 39 ff ff 89 01 01 01 00 50 05 57 69 6e 64 33 51 02 7f 51 ff ff ff ff ff ff ff 90 00
attached new tid=9486
T2655 enter sendto(0x3a, 0xb400007895f4df30, 0xb, 0x40, 0x77e7c1ef78, 0xc) bytes=11: 00 0a 00 4c 00 04 00 01 01 00 01 addr: bytes=12: 2a 00 00 00 00 00 00 00 5a 00 00 00
T2655 exit  sendto -> 11 (0xb)
T9300 enter recvfrom(0x3a, 0xb4000077c4eb1bc0, 0xb560, 0x40, 0x77c3bf4b88, 0x77c3bf4b84)
T2640 enter write(0x5a, 0x787e6ad6c3, 0x1, 0, 0, 0) bytes=1: 61
T2599 enter ioctl(0xe, 0xc0306201, 0x7c82541e30, 0, 0, 0) ioctl_req=0xc0306201
T9300 exit  recvfrom -> 14 (0xe) bytes=14: 02 0a 00 4c 00 07 00 02 04 00 00 00 00 00
T9486 enter read(0x59, 0x77b30bfb94, 0x1, 0, 0, 0x4)
T9486 exit  read -> 1 (0x1) bytes=1: 61
T2640 exit  write -> 1 (0x1)
T2640 enter socket(0x2a, 0x80002, 0, 0x1, 0, 0)
T2599 exit  ioctl -> 0 (0)
T2640 exit  socket -> 91 (0x5b)
T2599 enter ioctl(0xe, 0xc0306201, 0x7c825437c0, 0x7c84b08708, 0x2, 0xb400007c87e3e400) ioctl_req=0xc0306201
T2599 exit  ioctl -> 0 (0)
T2640 enter sendto(0x5b, 0x77f4164610, 0x14, 0, 0x77f4164600, 0xc) bytes=20: 0a 00 00 00 02 00 00 00 00 00 00 00 00 00 00 00 00 00 00 00 addr: bytes=12: 2a 00 00 00 01 00 00 00 fe ff ff ff
T1992 enter ioctl(0xe, 0xc0306201, 0x7fe59a8ab8, 0x7c84b08298, 0x2, 0xb400007c96ed8500) ioctl_req=0xc0306201
T2640 exit  sendto -> 20 (0x14)
T1992 exit  ioctl -> 0 (0)
T2640 enter recvfrom(0x5b, 0x77f4164660, 0x14, 0, 0, 0)
T2640 exit  recvfrom -> 20 (0x14) bytes=20: 04 00 00 00 02 00 00 00 01 00 00 00 00 00 00 00 59 00 00 00
T2640 enter recvfrom(0x5b, 0x77f4164660, 0x14, 0, 0, 0)
T2640 exit  recvfrom -> 20 (0x14) bytes=20: 04 00 00 00 00 00 00 00 00 00 00 00 00 00 00 00 00 00 00 00
T2640 enter close(0x5b, 0x5b, 0x14, 0, 0x14, 0)
T2640 exit  close -> 0 (0)
T2640 enter socket(0x2a, 0x80002, 0, 0x1, 0x77f41646fc, 0xb4000077c4e6c220)
T2640 exit  socket -> 91 (0x5b)
T2640 enter sendto(0x5b, 0x77f4164610, 0x14, 0, 0x77f4164600, 0xc) bytes=20: 0a 00 00 00 02 00 00 00 00 00 00 00 00 00 00 00 00 00 00 00 addr: bytes=12: 2a 00 00 00 01 00 00 00 fe ff ff ff
T2640 exit  sendto -> 20 (0x14)
T2640 enter recvfrom(0x5b, 0x77f4164660, 0x14, 0, 0, 0)
T2655 enter sendto(0x3a, 0xb400007895f4df30, 0xb, 0x40, 0x77e7c1ef78, 0xc) bytes=11: 00 0b 00 4c 00 04 00 01 01 00 01 addr: bytes=12: 2a 00 00 00 00 00 00 00 5a 00 00 00
T2640 exit  recvfrom -> 20 (0x14) bytes=20: 04 00 00 00 02 00 00 00 01 00 00 00 00 00 00 00 59 00 00 00
T2655 exit  sendto -> 11 (0xb)
T2640 enter recvfrom(0x5b, 0x77f4164660, 0x14, 0, 0, 0)
T2640 exit  recvfrom -> 20 (0x14) bytes=20: 04 00 00 00 00 00 00 00 00 00 00 00 00 00 00 00 00 00 00 00
T2640 enter close(0x5b, 0x5b, 0x14, 0, 0x14, 0)
T9300 enter recvfrom(0x3a, 0xb4000077c4eb1bc0, 0xb560, 0x40, 0x77c3bf4b88, 0x77c3bf4b84)
T2640 exit  close -> 0 (0)
T9300 exit  recvfrom -> 14 (0xe) bytes=14: 02 0b 00 4c 00 07 00 02 04 00 00 00 00 00
T2640 enter ioctl(0xf, 0xc0306201, 0x77f41641e8, 0, 0, 0x1) ioctl_req=0xc0306201
T2640 exit  ioctl -> 0 (0)
T2640 enter ioctl(0xf, 0xc0306201, 0x77f4164698, 0x77f41647c8, 0x77f41647c0, 0x80808000000000) ioctl_req=0xc0306201
T2640 exit  ioctl -> 0 (0)
T2599 enter sendto(0x2f, 0xb400007c87e14ac0, 0x13, 0x40, 0x7c82540f88, 0xc) bytes=19: 00 19 00 3f 00 0c 00 01 01 00 01 11 01 00 01 13 01 00 00 addr: bytes=12: 2a 00 00 00 00 00 00 00 49 00 00 00
T2599 exit  sendto -> 19 (0x13)
T9358 enter recvfrom(0x2f, 0xb400007c87f48300, 0x66b8, 0x40, 0x7c56e86b88, 0x7c56e86b84)
T9358 exit  recvfrom -> 14 (0xe) bytes=14: 02 19 00 3f 00 07 00 02 04 00 00 00 00 00
T9358 enter recvfrom(0x2f, 0xb400007c87f48300, 0x66b8, 0x40, 0x7c56e86b88, 0x7c56e86b84)
T9358 exit  recvfrom -> 22 (0x16) bytes=22: 04 01 00 43 00 0f 00 13 04 00 01 00 00 00 01 01 00 01 11 01 00 01
T2599 enter ioctl(0xe, 0xc0306201, 0x7c82543190, 0, 0, 0) ioctl_req=0xc0306201
T2599 exit  ioctl -> 0 (0)
T2599 enter ioctl(0xe, 0xc0306201, 0x7c825437c0, 0x7c84b08118, 0, 0xb400007c87e3e400) ioctl_req=0xc0306201
T2599 exit  ioctl -> 0 (0)
T1992 enter ioctl(0xe, 0xc0306201, 0x7fe59a8ab8, 0x7c84b08360, 0x2, 0xb400007c96ed8500) ioctl_req=0xc0306201
T1992 exit  ioctl -> 0 (0)
T2640 enter socket(0x1, 0x80001, 0, 0, 0x8, 0x80**************)
T2640 exit  socket -> 91 (0x5b)
T2640 enter connect(0x5b, 0x77f4164650, 0x1f, 0x44d5423ba, 0xffffffffffffff, 0x237c4)
T2640 exit  connect -> 0 (0)
T2640 enter writev(0x5b, 0x77f4164728, 0x5, 0, 0x8, 0x80**************)
T2640 exit  writev -> 50 (0x32)
T2640 enter recvfrom(0x5b, 0x77f4164710, 0x4, 0x100, 0, 0)
T2640 exit  recvfrom -> 4 (0x4) bytes=4: 00 00 00 00
T2640 enter close(0x5b, 0x5b, 0x4, 0x100, 0, 0)
T2640 exit  close -> 0 (0)
T2640 enter socket(0x2a, 0x80002, 0, 0x1, 0x77f416474c, 0x77f4164890)
T2640 exit  socket -> 91 (0x5b)
T2640 enter sendto(0x5b, 0x77f4164660, 0x14, 0, 0x77f4164650, 0xc) bytes=20: 0a 00 00 00 11 00 00 00 00 00 00 00 00 00 00 00 00 00 00 00 addr: bytes=12: 2a 00 00 00 01 00 00 00 fe ff ff ff
T2640 exit  sendto -> 20 (0x14)
T2640 enter recvfrom(0x5b, 0x77f41646b0, 0x14, 0, 0, 0)
T2640 exit  recvfrom -> 20 (0x14) bytes=20: 04 00 00 00 11 00 00 00 01 00 00 00 00 00 00 00 31 00 00 00
T2640 enter recvfrom(0x5b, 0x77f41646b0, 0x14, 0, 0, 0)
T2640 exit  recvfrom -> 20 (0x14) bytes=20: 04 00 00 00 00 00 00 00 00 00 00 00 00 00 00 00 00 00 00 00
T2640 enter close(0x5b, 0x5b, 0x14, 0, 0x14, 0)
T2640 exit  close -> 0 (0)
T2640 enter socket(0x2a, 0x80002, 0, 0x7895f98c30, 0x7895f98c40, 0x200c)
T2640 exit  socket -> 91 (0x5b)
T1992 enter ioctl(0xe, 0xc0306201, 0x7fe59a8ab8, 0x7c84b08428, 0x2, 0xb400007c96ed8500) ioctl_req=0xc0306201
T1992 exit  ioctl -> 0 (0)
attached new tid=9583
T2640 enter write(0x5d, 0x787e6ad6c3, 0x1, 0, 0, 0) bytes=1: 61
T2640 exit  write -> 1 (0x1)
T2640 enter socket(0x2a, 0x80002, 0, 0x1, 0, 0)
T2640 exit  socket -> 94 (0x5e)
T2640 enter sendto(0x5e, 0x77f4164610, 0x14, 0, 0x77f4164600, 0xc) bytes=20: 0a 00 00 00 11 00 00 00 00 00 00 00 00 00 00 00 00 00 00 00 addr: bytes=12: 2a 00 00 00 01 00 00 00 fe ff ff ff
T2640 exit  sendto -> 20 (0x14)
T2640 enter recvfrom(0x5e, 0x77f4164660, 0x14, 0, 0, 0)
T2640 exit  recvfrom -> 20 (0x14) bytes=20: 04 00 00 00 11 00 00 00 01 00 00 00 00 00 00 00 31 00 00 00
T9583 enter read(0x5c, 0x77b2fc2b94, 0x1, 0, 0, 0x4)
T9583 exit  read -> 1 (0x1) bytes=1: 61
T2640 enter recvfrom(0x5e, 0x77f4164660, 0x14, 0, 0, 0)
T2640 exit  recvfrom -> 20 (0x14) bytes=20: 04 00 00 00 00 00 00 00 00 00 00 00 00 00 00 00 00 00 00 00
T2640 enter close(0x5e, 0x5e, 0x14, 0, 0x14, 0)
T2640 exit  close -> 0 (0)
T2640 enter socket(0x2a, 0x80002, 0, 0x1, 0x77f41646fc, 0xb40*************)
T2640 exit  socket -> 94 (0x5e)
T2640 enter sendto(0x5e, 0x77f4164610, 0x14, 0, 0x77f4164600, 0xc) bytes=20: 0a 00 00 00 11 00 00 00 00 00 00 00 00 00 00 00 00 00 00 00 addr: bytes=12: 2a 00 00 00 01 00 00 00 fe ff ff ff
T2640 exit  sendto -> 20 (0x14)
T2640 enter recvfrom(0x5e, 0x77f4164660, 0x14, 0, 0, 0)
T2640 exit  recvfrom -> 20 (0x14) bytes=20: 04 00 00 00 11 00 00 00 01 00 00 00 00 00 00 00 31 00 00 00
T2640 enter recvfrom(0x5e, 0x77f4164660, 0x14, 0, 0, 0)
T2640 exit  recvfrom -> 20 (0x14) bytes=20: 04 00 00 00 00 00 00 00 00 00 00 00 00 00 00 00 00 00 00 00
T2640 enter close(0x5e, 0x5e, 0x14, 0, 0x14, 0)
T2640 exit  close -> 0 (0)
T2640 enter socket(0x2a, 0x80002, 0, 0x1, 0x77f416474c, 0x77f4164890)
T1992 enter ioctl(0xe, 0xc0306201, 0x7fe59a8ab8, 0x7c84b084f0, 0x1, 0xb400007c96ed8500) ioctl_req=0xc0306201
T2640 exit  socket -> 94 (0x5e)
T1992 exit  ioctl -> 0 (0)
T2640 enter sendto(0x5e, 0x77f4164660, 0x14, 0, 0x77f4164650, 0xc) bytes=20: 0a 00 00 00 13 00 00 00 00 00 00 00 00 00 00 00 00 00 00 00 addr: bytes=12: 2a 00 00 00 01 00 00 00 fe ff ff ff
T2640 exit  sendto -> 20 (0x14)
T2640 enter recvfrom(0x5e, 0x77f41646b0, 0x14, 0, 0, 0)
T2640 exit  recvfrom -> 20 (0x14) bytes=20: 04 00 00 00 00 00 00 00 00 00 00 00 00 00 00 00 00 00 00 00
T2640 enter close(0x5e, 0x5e, 0x14, 0, 0x14, 0)
T2640 exit  close -> 0 (0)
