tracing pid=1993 for 300 seconds
tracing pid=1992 for 300 seconds
attached tid=1993
attached tid=2403
attached tid=2640
attached tid=1992
attached tid=2641
attached tid=2392
attached tid=2642
attached tid=2450
attached tid=2643
attached tid=2559
attached tid=2644
attached tid=2560
attached tid=2645
attached tid=2561
attached tid=2646
attached tid=2568
attached tid=2647
attached tid=2570
attached tid=2648
attached tid=2577
attached tid=2649
attached tid=2578
attached tid=2650
attached tid=2579
attached tid=2651
attached tid=2580
attached tid=2652
attached tid=2581
attached tid=2653
attached tid=2582
attached tid=2654
attached tid=2583
attached tid=2655
attached tid=2584
attached tid=2656
attached tid=2585
attached tid=2657
attached tid=2586
attached tid=2658
attached tid=2587
attached tid=2659
attached tid=2588
attached tid=2661
attached tid=2589
attached tid=2662
attached tid=2590
attached tid=2591
attached tid=2663
attached tid=2593
attached tid=2664
attached tid=2665
attached tid=2594
attached tid=2666
attached tid=2595
attached tid=2667
attached tid=2596
attached tid=2668
attached tid=2597
attached tid=2669
attached tid=2598
attached tid=2670
attached tid=2599
attached tid=2671
attached tid=2600
attached tid=2672
attached tid=2601
attached tid=2673
attached tid=2602
attached tid=2674
attached tid=2603
attached tid=2675
attached tid=2604
attached tid=2676
attached tid=2605
attached tid=2677
attached tid=2606
attached tid=2678
attached tid=2607
attached tid=2679
attached tid=2608
attached tid=2757
attached tid=2609
attached tid=2759
attached tid=2615
attached tid=2768
attached tid=2616
attached tid=2771
attached tid=2627
attached tid=2772
attached tid=2628
attached tid=2774
attached tid=2754
attached tid=2780
attached tid=2755
attached tid=2785
attached tid=2766
attached tid=2793
attached tid=2767
attached tid=2794
attached tid=2770
attached tid=2799
attached tid=2773
attached tid=2817
attached tid=2775
attached tid=2821
attached tid=2776
attached tid=2825
attached tid=2777
attached tid=2831
attached tid=2779
attached tid=2834
attached tid=2784
attached tid=2838
attached tid=2788
attached tid=2843
attached tid=2796
attached tid=2849
attached tid=2797
attached tid=2979
attached tid=2806
attached tid=2989
attached tid=2816
attached tid=2990
attached tid=2830
attached tid=2991
attached tid=2844
attached tid=4265
attached tid=2848
attached tid=4269
attached tid=2961
attached tid=4270
attached tid=2962
attached tid=4271
attached tid=2968
attached tid=4273
attached tid=2980
attached tid=4331
attached tid=4252
attached tid=4332
attached tid=4256
attached tid=4263
attached tid=4264
attached tid=4266
attached tid=4267
attached tid=4275
attached tid=4276
attached tid=4277
attached tid=4278
attached tid=5470
attached tid=5471
attached tid=5472
attached tid=5484
attached tid=5488
attached tid=6175
T2673 enter ioctl(0x10, 0xc0306201, 0x77d8759a28, 0x2467f6ff, 0, 0x21a0) ioctl_req=0xc0306201T2605 enter ioctl(0x14, 0xc0306201, 0x7c71d59a28, 0x24eebaff, 0, 0x2286)
 ioctl_req=0xc0306201
T2604 enter ioctl(0x14, 0xc0306201, 0x7c81e56a28, 0x7c81e5b0c8, 0, 0x7c81e568b0) ioctl_req=0xc0306201
T2672 enter ioctl(0x10, 0xc0306201, 0x77d9856a28, 0x18c10163, 0, 0xdc0) ioctl_req=0xc0306201
T2577 enter read(0xf, 0x7c83b03834, 0x343, 0x343, 0x343, 0)
T2568 enter ioctl(0x8, 0xc0306201, 0x7c87dfba28, 0x720c, 0, 0) ioctl_req=0xc0306201
T2561 enter recvfrom(0xb, 0x7c8938c1b0, 0x8, 0, 0, 0)
T2392 enter read(0x3, 0x7d1755ed00, 0x186a0, 0x7d17577340, 0x7d175773a0, 0x4)
T2559 enter ioctl(0x8, 0xc0306201, 0x7c89586a28, 0x3, 0x7c87dfbd00, 0x7d35c1fd2c) ioctl_req=0xc0306201
T1992 enter ioctl(0xe, 0xc0306201, 0x7fe59a8ab8, 0x7c84b08098, 0, 0xb400007c96ed8500) ioctl_req=0xc0306201
T2645 enter read(0xb, 0x77ea601834, 0x343, 0x343, 0x343, 0x4)
T2643 enter ioctl(0x8, 0xc0306201, 0x77ed7fba28, 0x720c, 0, 0) ioctl_req=0xc0306201
T2642 enter recvfrom(0x9, 0x77ef3781b0, 0x8, 0, 0, 0)
T2641 enter ioctl(0x8, 0xc0306201, 0x77ef475a28, 0x3, 0x77ed7fbd00, 0x787edfdd2c) ioctl_req=0xc0306201
T2403 enter read(0x3, 0x788425dd00, 0x186a0, 0x7884276340, 0x78842763a0, 0x4)
T1993 enter ioctl(0xf, 0xc0306201, 0x7fc88848e8, 0x77d9a59068, 0, 0xb40*************) ioctl_req=0xc0306201
T2806 enter recvfrom(0x4a, 0xb400007c87f59000, 0x1d10, 0x40, 0x7c4e5a1b88, 0x7c4e5a1b84)
T2796 enter recvfrom(0x44, 0xb400007c87e09200, 0x88, 0x40, 0x7c4e79bb88, 0x7c4e79bb84)
T2806 exit  recvfrom -> 146 (0x92) bytes=146: 04 11 00 6c 00 8b 00 01 04 00 0b 00 01 00 10 11 00 01 00 00 00 00 03 00 00 00 00 10 00 00 00 00 00 00 11 01 00 00 12 08 00 00 00 00 00 00 00 00 00 13 5e 00 04 00 01 00 00 00 00 03 00 00 00 00 10 00 00 00 00 00 00 00 03 69 6d 73 01 00 00 00 00 03 00 00 00 00 10 00 00 00 00 00 00 00 0b 69 6e 74 65 72 6e 65 74 2e 69 74 01 00 00 00 00 03 00 00 00 00 10 00 00 00 00 00 00 00 03 73 6f 73 01 00 00 00 00 03 00 00 00 00 10 00 00 00 00 00 00 00
T2796 exit  recvfrom -> 18 (0x12) bytes=18: 04 0d 00 2b 00 0b 00 10 04 00 ff ff ff ff 11 01 00 ff
T2788 enter recvfrom(0x41, 0xb400007c95838b40, 0x8f2c, 0x40, 0x7c4f898b88, 0x7c4f898b84)
T2788 exit  recvfrom -> 63 (0x3f) bytes=63: 04 3e 00 82 00 38 00 01 08 00 00 00 00 00 00 00 00 00 12 0a 00 6d 00 72 06 05 00 00 00 7a 00 13 01 00 01 14 02 00 c8 00 15 02 00 00 00 17 04 00 16 0d 00 00 18 04 00 72 06 00 00 1a 01 00 00
T2788 enter recvfrom(0x41, 0xb400007c95838b40, 0x8f2c, 0x40, 0x7c4f898b88, 0x7c4f898b84)
T2796 enter recvfrom(0x44, 0xb400007c87e09200, 0x88, 0x40, 0x7c4e79bb88, 0x7c4e79bb84)
T2788 exit  recvfrom -> 17 (0x11) bytes=17: 04 3f 00 c3 00 0a 00 10 02 00 c8 00 11 02 00 00 00
T2796 exit  recvfrom -> 18 (0x12) bytes=18: 04 0e 00 2b 00 0b 00 10 04 00 ff ff ff ff 11 01 00 ff
T2796 enter recvfrom(0x44, 0xb400007c87e09200, 0x88, 0x40, 0x7c4e79bb88, 0x7c4e79bb84)
T2796 exit  recvfrom -> 18 (0x12) bytes=18: 04 0f 00 26 00 0b 00 10 04 00 ff ff ff ff 11 01 00 ff
T2603 enter sendto(0x41, 0xb400007c96ecd108, 0x7, 0x40, 0x7c8214fe98, 0xc) bytes=7: 00 84 01 ac 00 00 00 addr: bytes=12: 2a 00 00 00 00 00 00 00 45 00 00 00
T2603 exit  sendto -> 7 (0x7)
T2788 enter recvfrom(0x41, 0xb400007c95838b40, 0x8f2c, 0x40, 0x7c4f898b88, 0x7c4f898b84)
T2788 exit  recvfrom -> 54 (0x36) bytes=54: 02 84 01 ac 00 2f 00 02 04 00 00 00 00 00 13 0a 00 6d 00 72 06 05 00 00 00 7a 00 14 01 00 00 15 01 00 00 16 04 00 72 06 00 00 17 01 00 00 18 01 00 00 19 01 00 00
T2603 enter sendto(0x41, 0xb400007c96ecd108, 0x7, 0x40, 0x7c8214fd98, 0xc) bytes=7: 00 85 01 31 00 00 00 addr: bytes=12: 2a 00 00 00 00 00 00 00 45 00 00 00
T2603 exit  sendto -> 7 (0x7)
T2788 enter recvfrom(0x41, 0xb400007c95838b40, 0x8f2c, 0x40, 0x7c4f898b88, 0x7c4f898b84)
T2788 exit  recvfrom -> 43 (0x2b) bytes=43: 02 85 01 31 00 24 00 02 04 00 00 00 00 00 01 06 00 01 08 7a 00 72 06 11 08 00 01 08 7a 00 72 06 00 00 12 06 00 01 08 05 00 00 00
T2603 enter sendto(0x41, 0xb400007c96ecd108, 0x7, 0x40, 0x7c8214f198, 0xc) bytes=7: 00 86 01 43 00 00 00 addr: bytes=12: 2a 00 00 00 00 00 00 00 45 00 00 00
T2603 exit  sendto -> 7 (0x7)
T2788 enter recvfrom(0x41, 0xb400007c95838b40, 0x8f2c, 0x40, 0x7c4f898b88, 0x7c4f898b84)
T2788 exit  recvfrom -> 215 (0xd7) bytes=160: 02 86 01 43 00 d0 00 02 04 00 00 00 00 00 13 27 00 01 22 f2 88 c3 32 01 63 3d 08 72 06 6d 00 05 08 04 3c 02 6d 00 4b ff ef fb 8c fd 15 00 70 00 58 ff e0 fb 09 fd 00 00 14 14 00 01 03 16 0d 0a 08 06 00 64 00 0a 08 05 00 38 18 10 08 03 00 15 02 00 01 00 16 0a 00 01 01 f7 0b 02 08 00 3e 00 00 1e 04 00 ff ff ff ff 26 02 00 05 00 27 04 00 72 06 00 00 28 0d 00 03 16 0d 00 00 64 00 00 00 38 18 00 00 2a 04 00 03 00 00 00 2c 04 00 00 00 00 00 2d 04 00 02 00 00 00 30 32 00 01 06 16 0d
T2844 enter recvfrom(0x53, 0xb400007c958a9000, 0x2014, 0x40, 0x7c4c1adb88, 0x7c4c1adb84)
T2816 enter recvfrom(0x4d, 0xb400007c87f6d380, 0xb560, 0x40, 0x7c4d4a4b88, 0x7c4d4a4b84)
T2788 enter recvfrom(0x41, 0xb400007c95838b40, 0x8f2c, 0x40, 0x7c4f898b88, 0x7c4f898b84)
T2768 enter recvfrom(0x18, 0xb4000077ede80bc0, 0x8f2c, 0x40, 0x77c3bf4b88, 0x77c3bf4b84)
T2844 exit  recvfrom -> 21 (0x15) bytes=21: 04 06 00 24 00 0e 00 16 04 00 00 00 00 00 17 04 00 01 00 00 00
T2816 exit  recvfrom -> 11 (0xb) bytes=11: 04 0a 00 4b 00 04 00 01 01 00 00
T2788 exit  recvfrom -> 19 (0x13) bytes=19: 04 40 00 14 01 0c 00 10 01 00 08 12 05 00 00 00 00 00 00
T2844 enter recvfrom(0x53, 0xb400007c958a9000, 0x2014, 0x40, 0x7c4c1adb88, 0x7c4c1adb84)
T2844 exit  recvfrom -> 77 (0x4d) bytes=77: 04 07 00 24 00 46 00 10 04 00 00 00 00 00 11 04 00 00 00 00 00 12 04 00 00 00 00 00 13 04 00 01 00 00 00 14 04 00 01 00 00 00 15 04 00 01 00 00 00 1a 04 00 00 00 00 00 1b 04 00 01 00 00 00 1c 04 00 00 00 00 00 1d 04 00 01 00 00 00
T2816 enter recvfrom(0x4d, 0xb400007c87f6d380, 0xb560, 0x40, 0x7c4d4a4b88, 0x7c4d4a4b84)
T2816 exit  recvfrom -> 11 (0xb) bytes=11: 04 0b 00 49 00 04 00 01 01 00 00
T2844 enter recvfrom(0x53, 0xb400007c958a9000, 0x2014, 0x40, 0x7c4c1adb88, 0x7c4c1adb84)
T2844 exit  recvfrom -> 30 (0x1e) bytes=30: 04 08 00 23 00 17 00 01 01 00 00 10 02 00 00 00 11 04 00 00 00 00 00 13 04 00 01 00 00 00
T2768 exit  recvfrom -> 19 (0x13) bytes=19: 04 08 00 14 01 0c 00 10 01 00 08 12 05 00 00 00 00 00 00
T5488 enter recvfrom(0x78, 0xb400007c667cda80, 0xa51c, 0x40, 0x7c4a4d4b88, 0x7c4a4d4b84)
T5470 enter recvfrom(0x6f, 0xb400007c6674aa80, 0xa51c, 0x40, 0x7c5c27ab88, 0x7c5c27ab84)
T4267 enter recvfrom(0x68, 0xb400007c96e52800, 0x800, 0, 0, 0)
T5488 exit  recvfrom -> 14 (0xe) bytes=14: 04 01 00 8c 00 07 00 10 04 00 00 20 00 00
T5470 exit  recvfrom -> 28 (0x1c) bytes=28: 04 02 00 22 00 15 00 01 02 00 01 00 10 02 00 01 00 11 04 00 02 00 db 00 12 01 00 04
T4267 exit  recvfrom -> 68 (0x44) bytes=68: 44 00 00 00 01 00 00 00 11 00 00 00 29 08 00 00 08 00 00 10 10 00 00 00 08 00 01 10 02 00 00 00 14 00 07 10 72 6d 6e 65 74 5f 64 61 74 61 32 00 00 00 00 00 10 00 0a 10 dc 05 00 00 00 00 00 00 00 00 00 00
T4267 enter recvfrom(0x68, 0xb400007c96e52800, 0x800, 0, 0, 0)
T4267 exit  recvfrom -> 68 (0x44) bytes=68: 44 00 00 00 01 00 00 00 12 00 00 00 29 08 00 00 08 00 00 10 10 00 00 00 08 00 01 10 02 00 00 00 14 00 07 10 72 6d 6e 65 74 5f 64 61 74 61 32 00 00 00 00 00 10 00 0a 10 dc 05 00 00 00 00 00 00 00 00 00 00
T2844 enter recvfrom(0x53, 0xb400007c958a9000, 0x2014, 0x40, 0x7c4c1adb88, 0x7c4c1adb84)
T2844 exit  recvfrom -> 14 (0xe) bytes=14: 04 09 00 24 00 07 00 16 04 00 00 00 00 00
T2806 enter recvfrom(0x4a, 0xb400007c87f59000, 0x1d10, 0x40, 0x7c4e5a1b88, 0x7c4e5a1b84)
T2806 exit  recvfrom -> 146 (0x92) bytes=146: 04 12 00 6c 00 8b 00 01 04 00 0c 00 01 00 10 11 00 01 00 00 00 00 03 00 00 00 00 10 01 00 00 00 00 00 11 01 00 00 12 08 00 00 00 00 00 00 00 00 00 13 5e 00 04 00 01 00 00 00 00 03 00 00 00 00 10 01 00 00 00 00 00 00 03 69 6d 73 01 00 00 00 00 03 00 00 00 00 10 01 00 00 00 00 00 00 0b 69 6e 74 65 72 6e 65 74 2e 69 74 01 00 00 00 00 03 00 00 00 00 10 01 00 00 00 00 00 00 03 73 6f 73 01 00 00 00 00 03 00 00 00 00 10 01 00 00 00 00 00 00
T5488 enter recvfrom(0x78, 0xb400007c667cda80, 0xa51c, 0x40, 0x7c4a4d4b88, 0x7c4a4d4b84)
T5488 exit  recvfrom -> 28 (0x1c) bytes=28: 04 02 00 22 00 15 00 01 02 00 01 00 10 02 00 01 00 11 04 00 02 00 db 00 12 01 00 04
T2796 enter recvfrom(0x44, 0xb400007c87e09200, 0x88, 0x40, 0x7c4e79bb88, 0x7c4e79bb84)
T2796 exit  recvfrom -> 18 (0x12) bytes=18: 04 10 00 2b 00 0b 00 10 04 00 ff ff ff ff 11 01 00 ff
T2788 enter recvfrom(0x41, 0xb400007c95838b40, 0x8f2c, 0x40, 0x7c4f898b88, 0x7c4f898b84)
T2788 exit  recvfrom -> 87 (0x57) bytes=87: 04 41 00 82 00 50 00 01 08 00 01 00 16 0d 01 00 00 00 10 04 00 05 00 00 00 11 0e 00 01 00 16 0d 05 00 00 00 7e 00 01 00 00 00 12 0a 00 6d 00 72 06 05 00 00 00 7a 00 13 01 00 01 14 02 00 90 01 15 02 00 01 00 17 04 00 16 0d 00 00 18 04 00 72 06 00 00 1a 01 00 00
T2806 enter recvfrom(0x4a, 0xb400007c87f59000, 0x1d10, 0x40, 0x7c4e5a1b88, 0x7c4e5a1b84)
T2806 exit  recvfrom -> 146 (0x92) bytes=146: 04 13 00 6c 00 8b 00 01 04 00 0d 00 01 00 10 11 00 01 00 00 00 00 00 00 00 00 00 00 00 00 00 00 00 00 11 01 00 00 12 08 00 02 00 00 00 00 00 00 00 13 5e 00 04 00 01 00 00 00 00 00 00 00 00 00 00 00 00 00 00 00 00 00 03 69 6d 73 01 00 00 00 00 00 00 00 00 00 00 00 00 00 00 00 00 00 0b 69 6e 74 65 72 6e 65 74 2e 69 74 01 00 00 00 00 00 00 00 00 00 00 00 00 00 00 00 00 00 03 73 6f 73 01 00 00 00 00 00 00 00 00 00 00 00 00 00 00 00 00 00
T2775 enter recvfrom(0x32, 0xb400007c87ecba80, 0xa51c, 0x40, 0x7c56d89b88, 0x7c56d89b84)
T2775 exit  recvfrom -> 14 (0xe) bytes=14: 04 0e 00 01 01 07 00 01 04 00 01 00 01 00
T2796 enter recvfrom(0x44, 0xb400007c87e09200, 0x88, 0x40, 0x7c4e79bb88, 0x7c4e79bb84)
T2796 exit  recvfrom -> 18 (0x12) bytes=18: 04 11 00 26 00 0b 00 10 04 00 ff ff ff ff 11 01 00 ff
T2816 enter recvfrom(0x4d, 0xb400007c87f6d380, 0xb560, 0x40, 0x7c4d4a4b88, 0x7c4d4a4b84)
T2806 enter recvfrom(0x4a, 0xb400007c87f59000, 0x1d10, 0x40, 0x7c4e5a1b88, 0x7c4e5a1b84)
T2816 exit  recvfrom -> 14 (0xe) bytes=14: 04 0c 00 5d 00 07 00 01 04 00 00 00 00 00
T2806 exit  recvfrom -> 209 (0xd1) bytes=160: 04 14 00 6a 00 ca 00 10 18 00 00 00 00 00 00 00 00 00 00 00 00 00 00 00 00 00 0c 00 00 00 00 00 00 00 11 9a 00 04 00 01 00 00 00 00 00 00 00 00 00 00 00 00 00 00 00 00 00 00 00 00 00 00 00 0c 00 00 00 00 00 00 00 00 03 69 6d 73 02 00 00 00 00 00 00 00 00 00 00 00 00 00 00 00 00 00 00 00 00 00 00 00 0c 00 00 00 00 00 00 00 00 0b 69 6e 74 65 72 6e 65 74 2e 69 74 31 00 00 00 00 00 00 00 00 00 00 00 00 00 00 00 00 00 00 00 00 00 00 00 0c 00 00 00 00 00 00 00 01 03 73 6f 73 00 02
T2788 enter recvfrom(0x41, 0xb400007c95838b40, 0x8f2c, 0x40, 0x7c4f898b88, 0x7c4f898b84)
T2788 exit  recvfrom -> 17 (0x11) bytes=17: 04 42 00 c3 00 0a 00 10 02 00 90 01 11 02 00 01 00
T2961 enter recvfrom(0x59, 0xb400007c958d6000, 0x3020, 0x40, 0x7c82c30b88, 0x7c82c30b84)
T2961 exit  recvfrom -> 11 (0xb) bytes=11: 04 06 00 01 00 04 00 14 01 00 01
T2788 enter recvfrom(0x41, 0xb400007c95838b40, 0x8f2c, 0x40, 0x7c4f898b88, 0x7c4f898b84)
T2788 exit  recvfrom -> 63 (0x3f) bytes=63: 04 43 00 82 00 38 00 01 08 00 00 00 00 00 00 00 00 00 12 0a 00 6d 00 72 06 05 00 00 00 7a 00 13 01 00 01 14 02 00 c8 00 15 02 00 00 00 17 04 00 16 0d 00 00 18 04 00 72 06 00 00 1a 01 00 00
T2788 enter recvfrom(0x41, 0xb400007c95838b40, 0x8f2c, 0x40, 0x7c4f898b88, 0x7c4f898b84)
T2788 exit  recvfrom -> 17 (0x11) bytes=17: 04 44 00 c3 00 0a 00 10 02 00 c8 00 11 02 00 00 00
T2788 enter recvfrom(0x41, 0xb400007c95838b40, 0x8f2c, 0x40, 0x7c4f898b88, 0x7c4f898b84)
T2788 exit  recvfrom -> 7 (0x7) bytes=7: 04 45 00 94 00 00 00
T2775 enter recvfrom(0x32, 0xb400007c87ecba80, 0xa51c, 0x40, 0x7c56d89b88, 0x7c56d89b84)
T2775 exit  recvfrom -> 14 (0xe) bytes=14: 04 0f 00 01 01 07 00 01 04 00 02 00 01 00
T2788 enter recvfrom(0x41, 0xb400007c95838b40, 0x8f2c, 0x40, 0x7c4f898b88, 0x7c4f898b84)
T2788 exit  recvfrom -> 50 (0x32) bytes=50: 04 46 00 4e 00 2b 00 10 02 00 00 00 12 03 00 00 00 00 13 03 00 00 00 00 14 03 00 00 00 00 28 04 00 01 00 00 00 30 04 00 00 00 00 00 4c 03 00 00 00 00
T2775 enter recvfrom(0x32, 0xb400007c87ecba80, 0xa51c, 0x40, 0x7c56d89b88, 0x7c56d89b84)
T2775 exit  recvfrom -> 14 (0xe) bytes=14: 04 10 00 01 01 07 00 01 04 00 03 00 01 00
T2775 enter recvfrom(0x32, 0xb400007c87ecba80, 0xa51c, 0x40, 0x7c56d89b88, 0x7c56d89b84)
T2775 exit  recvfrom -> 14 (0xe) bytes=14: 04 11 00 01 01 07 00 01 04 00 04 00 01 00
T2775 enter recvfrom(0x32, 0xb400007c87ecba80, 0xa51c, 0x40, 0x7c56d89b88, 0x7c56d89b84)
T2775 exit  recvfrom -> 14 (0xe) bytes=14: 04 12 00 01 01 07 00 01 04 00 05 00 01 00
T2591 enter recvfrom(0x11, 0x7c82d2db70, 0x14, 0x40, 0, 0)
T2603 enter ioctl(0xe, 0xc0306201, 0x7c821503c8, 0, 0, 0x1) ioctl_req=0xc0306201
T2591 exit  recvfrom -> 20 (0x14) bytes=20: 05 00 00 00 47 00 00 00 01 00 00 00 00 00 00 00 42 00 00 00
T2603 exit  ioctl -> 0 (0)
T2775 enter recvfrom(0x32, 0xb400007c87ecba80, 0xa51c, 0x40, 0x7c56d89b88, 0x7c56d89b84)
T2775 exit  recvfrom -> 14 (0xe) bytes=14: 04 13 00 01 01 07 00 01 04 00 06 00 01 00
T2603 enter ioctl(0xe, 0xc0306201, 0x7c821502e0, 0, 0, 0) ioctl_req=0xc0306201
T2603 exit  ioctl -> 0 (0)
T2603 enter write(0x7, 0x7d39599727, 0x1, 0x2, 0x2, 0x7d1e7d55c8) bytes=1: 20
T2603 exit  write -> 1 (0x1)
T2603 enter writev(0x4, 0x7c821500a0, 0x4, 0x3, 0x7c821500e0, 0x736a)
T2603 exit  writev -> 60 (0x3c)
T2603 enter sendto(0x41, 0xb400007c96ecd710, 0x7, 0x40, 0x7c8214fc68, 0xc) bytes=7: 00 87 01 ac 00 00 00 addr: bytes=12: 2a 00 00 00 00 00 00 00 45 00 00 00
T2603 exit  sendto -> 7 (0x7)
T2591 enter write(0x38, 0x7d3c307702, 0x1, 0, 0, 0) bytes=1: 72
T2609 enter write(0x38, 0x7d3c3078c8, 0x1, 0x7c62965360, 0x7c629652b4, 0x7c629654a8) bytes=1: 64
T2788 enter recvfrom(0x41, 0xb400007c95838b40, 0x8f2c, 0x40, 0x7c4f898b88, 0x7c4f898b84)
T2776 enter read(0x37, 0x7c56c8cb94, 0x1, 0, 0, 0)
T2788 exit  recvfrom -> 14 (0xe) bytes=14: 02 87 01 ac 00 07 00 02 04 00 01 00 0d 00
T2776 exit  read -> 1 (0x1) bytes=1: 72
T2776 enter read(0x37, 0x7c56c8cb94, 0x1, 0, 0, 0x42000000)
T2776 exit  read -> 1 (0x1) bytes=1: 64
T2776 enter close(0x37, 0x37, 0x1, 0, 0, 0x42000000)
T2609 exit  write -> 1 (0x1)
T2776 exit  close -> 0 (0)
T2776 enter close(0x38, 0x38, 0x1, 0, 0, 0x42000000)
T2776 exit  close -> 0 (0)
T2776 enter close(0x35, 0x35, 0x1, 0, 0, 0x42000000)
T2776 exit  close -> 0 (0)
T2591 exit  write -> 1 (0x1)
T2450 enter read(0x6, 0x7c8a881ab8, 0x10, 0x10, 0x10, 0x7d1e7d55c8)
T4273 enter recvfrom(0x61, 0xb4000077ede79000, 0x800, 0, 0, 0)
T2989 enter recvfrom(0x52, 0xb4000077c4ef2000, 0x3020, 0x40, 0x77da72eb88, 0x77da72eb84)
T4273 exit  recvfrom -> 68 (0x44) bytes=68: 44 00 00 00 01 00 00 00 11 00 00 00 29 08 00 00 08 00 00 10 10 00 00 00 08 00 01 10 02 00 00 00 14 00 07 10 72 6d 6e 65 74 5f 64 61 74 61 32 00 00 00 00 00 10 00 0a 10 dc 05 00 00 00 00 00 00 00 00 00 00
T2989 exit  recvfrom -> 11 (0xb) bytes=11: 04 02 00 01 00 04 00 14 01 00 01
T4273 enter recvfrom(0x61, 0xb4000077ede79000, 0x800, 0, 0, 0)
T4273 exit  recvfrom -> 68 (0x44) bytes=68: 44 00 00 00 01 00 00 00 12 00 00 00 29 08 00 00 08 00 00 10 10 00 00 00 08 00 01 10 02 00 00 00 14 00 07 10 72 6d 6e 65 74 5f 64 61 74 61 32 00 00 00 00 00 10 00 0a 10 dc 05 00 00 00 00 00 00 00 00 00 00
T2659 enter recvfrom(0xa, 0x77e782bb70, 0x14, 0x40, 0, 0)
T2659 exit  recvfrom -> 20 (0x14) bytes=20: 05 00 00 00 47 00 00 00 01 00 00 00 00 00 00 00 42 00 00 00
T2603 enter sendto(0x41, 0xb400007c96ecd710, 0x7, 0x40, 0x7c8214fb68, 0xc) bytes=7: 00 88 01 31 00 00 00 addr: bytes=12: 2a 00 00 00 00 00 00 00 45 00 00 00
T2603 exit  sendto -> 7 (0x7)
T2788 enter recvfrom(0x41, 0xb400007c95838b40, 0x8f2c, 0x40, 0x7c4f898b88, 0x7c4f898b84)
T2788 exit  recvfrom -> 18 (0x12) bytes=18: 02 88 01 31 00 0b 00 02 04 00 01 00 4a 00 01 01 00 00
T2603 enter sendto(0x41, 0xb400007c96ecd710, 0x7, 0x40, 0x7c8214ef68, 0xc) bytes=7: 00 89 01 43 00 00 00 addr: bytes=12: 2a 00 00 00 00 00 00 00 45 00 00 00
T2603 exit  sendto -> 7 (0x7)
T2788 enter recvfrom(0x41, 0xb400007c95838b40, 0x8f2c, 0x40, 0x7c4f898b88, 0x7c4f898b84)
T2788 exit  recvfrom -> 14 (0xe) bytes=14: 02 89 01 43 00 07 00 02 04 00 01 00 0d 00
T2659 enter write(0x30, 0x787e6ad702, 0x1, 0, 0, 0) bytes=1: 72
T2659 exit  write -> 1 (0x1)
T2785 enter read(0x2f, 0x77bd703b94, 0x1, 0, 0, 0)
T2785 exit  read -> 1 (0x1) bytes=1: 72
T2675 enter write(0x30, 0x787e6ad8c8, 0x1, 0x77d255f360, 0x77d255f2b4, 0x77d255f4a8) bytes=1: 64
T2675 exit  write -> 1 (0x1)
T2600 enter socket(0x1, 0x80001, 0, 0x7c82446e54, 0x1388, 0)T2785 enter read(0x2f, 0x77bd703b94, 0x1, 0, 0, 0x42000000)

T2785 exit  read -> 1 (0x1) bytes=1: 64
T2600 exit  socket -> 53 (0x35)
T2785 enter close(0x2f, 0x2f, 0x1, 0, 0, 0x42000000)
T2600 enter connect(0x35, 0x7c82446d50, 0x2a, 0x79ef23ba, 0xffffffffffffff, 0x73a8)
T2600 exit  connect -> 0 (0)
T2600 enter sendto(0x35, 0xb400007c95918800, 0x154, 0x4040, 0, 0) bytes=160: 08 00 00 10 0f 00 00 00 08 00 08 10 08 00 00 00 44 01 09 10 c8 07 00 00 02 00 00 00 00 00 00 00 08 00 00 00 00 00 00 00 00 00 00 00 02 00 00 00 00 00 00 00 00 00 00 00 00 00 00 00 00 00 00 00 00 00 00 00 00 00 00 00 00 00 00 00 00 00 00 00 00 00 00 00 00 00 00 00 00 00 00 00 00 00 00 00 00 00 00 00 00 00 00 00 00 00 00 00 00 00 00 00 00 00 00 00 00 00 00 00 00 00 00 00 00 00 00 00 00 00 00 00 00 00 00 00 00 00 00 00 00 00 00 00 00 00 00 00 00 00 00 00 00 00 00 00 00 00 00 00
T2600 exit  sendto -> 340 (0x154)
T2450 exit  read -> 1 (0x1) bytes=1: 20
T2450 enter read(0x6, 0x7c8a881ab8, 0x10, 0x10, 0x10, 0x7d1e7d55c8)
T2450 exit  read -> -11 (0xfffffffffffffff5)
T2785 exit  close -> 0 (0)
T2671 enter ioctl(0xf, 0xc0306201, 0x77d9c4e920, 0, 0, 0) ioctl_req=0xc0306201
T2591 enter recvfrom(0x11, 0x7c82d2db70, 0x14, 0x40, 0, 0)
T2591 exit  recvfrom -> 20 (0x14) bytes=20: 05 00 00 00 32 00 00 00 01 00 00 00 00 00 00 00 3f 00 00 00
T2591 enter write(0x2c, 0x7d3c307702, 0x1, 0, 0, 0) bytes=1: 72
T2755 enter read(0x2b, 0x7c5c377b94, 0x1, 0, 0, 0x4)
T2755 exit  read -> 1 (0x1) bytes=1: 72
T2591 exit  write -> 1 (0x1)
T2608 enter write(0x2c, 0x7d3c3078c8, 0x1, 0x14, 0x7c62a621c8, 0x4) bytes=1: 64
T2608 exit  write -> 1 (0x1)
T2755 enter read(0x2b, 0x7c5c377b94, 0x1, 0, 0, 0x3f000000)
T2755 exit  read -> 1 (0x1) bytes=1: 64
T2755 enter close(0x2b, 0x2b, 0x1, 0, 0, 0x3f000000)
T2755 exit  close -> 0 (0)
T2755 enter close(0x2c, 0x2c, 0x1, 0, 0, 0x3f000000)
T2755 exit  close -> 0 (0)
T2755 enter close(0x2a, 0x2a, 0x1, 0, 0, 0x3f000000)
T2755 exit  close -> 0 (0)
T2450 enter ioctl(0xe, 0xc0306201, 0x7c8a8813a8, 0, 0, 0x1) ioctl_req=0xc0306201
T2450 exit  ioctl -> 0 (0)
T2785 enter close(0x30, 0x30, 0x1, 0, 0, 0x42000000)
T2671 exit  ioctl -> 0 (0)
T2785 exit  close -> 0 (0)
T2659 enter recvfrom(0xa, 0x77e782bb70, 0x14, 0x40, 0, 0)
T2659 exit  recvfrom -> 20 (0x14) bytes=20: 05 00 00 00 32 00 00 00 01 00 00 00 00 00 00 00 3f 00 00 00
T2785 enter close(0x2e, 0x2e, 0x1, 0, 0, 0x42000000)
T2785 exit  close -> 0 (0)
T4267 enter recvfrom(0x68, 0xb400007c96e52800, 0x800, 0, 0, 0)
T2600 enter recvfrom(0x35, 0xb400007c34fb6b00, 0x800, 0, 0, 0)
T2600 exit  recvfrom -> 340 (0x154) bytes=160: 08 00 00 10 0f 00 00 00 08 00 08 10 08 00 00 00 44 01 09 10 c8 07 00 00 02 00 00 00 01 00 00 00 08 00 00 00 00 00 00 00 00 00 00 00 02 00 00 00 00 00 00 00 00 00 00 00 00 00 00 00 00 00 00 00 00 00 00 00 00 00 00 00 00 00 00 00 00 00 00 00 00 00 00 00 00 00 00 00 00 00 00 00 00 00 00 00 00 00 00 00 00 00 00 00 00 00 00 00 00 00 00 00 00 00 00 00 00 00 00 00 00 00 00 00 00 00 00 00 00 00 00 00 00 00 00 00 00 00 00 00 00 00 00 00 00 00 00 00 00 00 00 00 00 00 00 00 00 00 00 00
T4267 exit  recvfrom -> 68 (0x44) bytes=68: 44 00 00 00 01 00 00 00 13 00 00 00 29 08 00 00 08 00 00 10 10 00 00 00 08 00 01 10 01 00 00 00 14 00 07 10 72 6d 6e 65 74 5f 64 61 74 61 31 00 00 00 00 00 10 00 0a 10 00 05 00 00 00 00 00 00 00 05 00 00
T2600 enter close(0x35, 0x35, 0x20**************, 0x30**************, 0x10, 0)
T2600 exit  close -> 0 (0)
T4267 enter recvfrom(0x68, 0xb400007c96e52800, 0x800, 0, 0, 0)
T4267 exit  recvfrom -> 376 (0x178) bytes=160: 78 01 00 00 01 00 00 00 14 00 00 00 29 08 00 00 08 00 00 10 02 00 00 00 08 00 01 10 02 00 00 00 14 00 07 10 72 6d 6e 65 74 5f 64 61 74 61 32 00 00 00 00 00 44 01 09 10 00 00 00 00 00 00 00 00 00 00 00 00 00 00 00 00 00 00 00 00 00 00 00 00 00 00 00 00 00 00 00 00 00 00 00 00 00 00 00 00 00 00 00 00 00 00 00 00 00 00 00 00 00 00 00 00 00 00 00 00 00 00 00 00 00 00 00 00 00 00 00 00 00 00 00 00 00 00 00 00 00 00 00 00 00 00 00 00 00 00 00 00 00 00 00 00 00 00 00 00 00 00 00 00
T4267 enter recvfrom(0x68, 0xb400007c96e52800, 0x800, 0, 0, 0)
T4267 exit  recvfrom -> 68 (0x44) bytes=68: 44 00 00 00 01 00 00 00 15 00 00 00 29 08 00 00 08 00 00 10 10 00 00 00 08 00 01 10 01 00 00 00 14 00 07 10 72 6d 6e 65 74 5f 64 61 74 61 31 00 00 00 00 00 10 00 0a 10 dc 05 00 00 00 00 00 00 00 00 00 00
T4263 enter write(0x71, 0x7d3c3078c8, 0x1, 0x2, 0x8, 0x8000) bytes=1: 64
T4263 exit  write -> 1 (0x1)
T5470 enter read(0x70, 0x7c5c27ab94, 0x1, 0, 0, 0x8000)
T5470 exit  read -> 1 (0x1) bytes=1: 64
T2591 enter recvfrom(0x11, 0x7c82d2db70, 0x14, 0x40, 0, 0)
T5470 enter close(0x70, 0x70, 0x1, 0, 0, 0x8000)
T5470 exit  close -> 0 (0)
T5470 enter close(0x71, 0x71, 0x1, 0, 0, 0x8000)
T5470 exit  close -> 0 (0)
T5470 enter close(0x6f, 0x6f, 0x1, 0, 0, 0x8000)
T5470 exit  close -> 0 (0)
T4263 enter write(0x74, 0x7d3c3078c8, 0x1, 0x2, 0x8, 0x8000) bytes=1: 64
T5471 enter read(0x73, 0x7c4afb3b94, 0x1, 0, 0, 0)
T5471 exit  read -> 1 (0x1) bytes=1: 64
T4263 exit  write -> 1 (0x1)
T5471 enter close(0x73, 0x73, 0x1, 0, 0, 0)
T5471 exit  close -> 0 (0)
T5471 enter close(0x74, 0x74, 0x1, 0, 0, 0)
T5471 exit  close -> 0 (0)
T5471 enter close(0x72, 0x72, 0x1, 0, 0, 0)
T5471 exit  close -> 0 (0)
T4263 enter write(0x77, 0x7d3c3078c8, 0x1, 0x3174656e6d720073, 0x8, 0x8000) bytes=1: 64
T4263 exit  write -> 1 (0x1)
T5472 enter read(0x76, 0x7c4aac2b94, 0x1, 0, 0, 0)
T5472 exit  read -> 1 (0x1) bytes=1: 64
T5472 enter close(0x76, 0x76, 0x1, 0, 0, 0)
T5472 exit  close -> 0 (0)
T5472 enter close(0x77, 0x77, 0x1, 0, 0, 0)
T5472 exit  close -> 0 (0)
T5472 enter close(0x75, 0x75, 0x1, 0, 0, 0)
T5472 exit  close -> 0 (0)
T2591 exit  recvfrom -> 20 (0x14) bytes=20: 05 00 00 00 42 00 00 00 01 b4 00 00 00 00 00 00 01 00 00 00
T2591 enter recvfrom(0x11, 0x7c82d2db70, 0x14, 0x40, 0, 0)
T2591 exit  recvfrom -> 20 (0x14) bytes=20: 05 00 00 00 2b 00 00 00 02 12 00 00 00 00 00 00 04 00 00 00
T2591 enter recvfrom(0x11, 0x7c82d2db70, 0x14, 0x40, 0, 0)
T2591 exit  recvfrom -> 20 (0x14) bytes=20: 05 00 00 00 0f 00 00 00 01 05 00 00 00 00 00 00 0f 00 00 00
T2591 enter recvfrom(0x11, 0x7c82d2db70, 0x14, 0x40, 0, 0)
T2591 exit  recvfrom -> 20 (0x14) bytes=20: 05 00 00 00 15 00 00 00 01 00 00 00 00 00 00 00 11 00 00 00
T2591 enter recvfrom(0x11, 0x7c82d2db70, 0x14, 0x40, 0, 0)
T2591 exit  recvfrom -> 20 (0x14) bytes=20: 05 00 00 00 33 00 00 00 01 0b 00 00 00 00 00 00 12 00 00 00
T2591 enter recvfrom(0x11, 0x7c82d2db70, 0x14, 0x40, 0, 0)
T2591 exit  recvfrom -> 20 (0x14) bytes=20: 05 00 00 00 33 00 00 00 01 02 00 00 00 00 00 00 13 00 00 00
T2591 enter recvfrom(0x11, 0x7c82d2db70, 0x14, 0x40, 0, 0)
T2591 exit  recvfrom -> 20 (0x14) bytes=20: 05 00 00 00 18 00 00 00 01 00 00 00 00 00 00 00 14 00 00 00
T2591 enter recvfrom(0x11, 0x7c82d2db70, 0x14, 0x40, 0, 0)
T2591 exit  recvfrom -> 20 (0x14) bytes=20: 05 00 00 00 16 00 00 00 01 10 00 00 00 00 00 00 15 00 00 00
T2591 enter recvfrom(0x11, 0x7c82d2db70, 0x14, 0x40, 0, 0)
T2591 exit  recvfrom -> 20 (0x14) bytes=20: 05 00 00 00 01 10 00 00 01 00 00 00 00 00 00 00 19 00 00 00
T2591 enter recvfrom(0x11, 0x7c82d2db70, 0x14, 0x40, 0, 0)
T2591 exit  recvfrom -> 20 (0x14) bytes=20: 05 00 00 00 01 10 00 00 03 00 00 00 00 00 00 00 1c 00 00 00
T2591 enter recvfrom(0x11, 0x7c82d2db70, 0x14, 0x40, 0, 0)
T2591 exit  recvfrom -> 20 (0x14) bytes=20: 05 00 00 00 17 00 00 00 02 00 00 00 00 00 00 00 1f 00 00 00
T2591 enter recvfrom(0x11, 0x7c82d2db70, 0x14, 0x40, 0, 0)
T2591 exit  recvfrom -> 20 (0x14) bytes=20: 05 00 00 00 17 00 00 00 01 00 00 00 00 00 00 00 20 00 00 00
T2591 enter recvfrom(0x11, 0x7c82d2db70, 0x14, 0x40, 0, 0)
T2591 exit  recvfrom -> 20 (0x14) bytes=20: 05 00 00 00 24 00 00 00 01 00 00 00 00 00 00 00 21 00 00 00
T2591 enter write(0x21, 0x7d3c307702, 0x1, 0x40, 0x24, 0x1) bytes=1: 72
T2627 enter read(0x20, 0x7c5e66eb94, 0x1, 0, 0, 0)
T2627 exit  read -> 1 (0x1) bytes=1: 72
T2591 exit  write -> 1 (0x1)
T2591 enter write(0x24, 0x7d3c307702, 0x1, 0x40, 0x24, 0x1) bytes=1: 72
T2628 enter read(0x23, 0x7c5e571b94, 0x1, 0, 0, 0x1)
T2628 exit  read -> 1 (0x1) bytes=1: 72
T2591 exit  write -> 1 (0x1)
T2591 enter recvfrom(0x11, 0x7c82d2db70, 0x14, 0x40, 0, 0)
T2591 exit  recvfrom -> 20 (0x14) bytes=20: 05 00 00 00 31 00 00 00 01 02 00 00 00 00 00 00 22 00 00 00
T2591 enter recvfrom(0x11, 0x7c82d2db70, 0x14, 0x40, 0, 0)
T2591 exit  recvfrom -> 20 (0x14) bytes=20: 05 00 00 00 2f 04 00 00 01 01 00 00 00 00 00 00 23 00 00 00
T2591 enter recvfrom(0x11, 0x7c82d2db70, 0x14, 0x40, 0, 0)
T2591 exit  recvfrom -> 20 (0x14) bytes=20: 05 00 00 00 11 00 00 00 01 00 00 00 00 00 00 00 31 00 00 00
T2591 enter write(0x5e, 0x7d3c307702, 0x1, 0x40, 0x11, 0x1) bytes=1: 72
T2616 enter write(0x24, 0x7d3c3078c8, 0x1, 0x2, 0x7c6076ae21, 0x7d1e7d55c8) bytes=1: 64
T2962 enter read(0x5d, 0x7c66a62b94, 0x1, 0, 0, 0x4)
T2628 enter read(0x23, 0x7c5e571b94, 0x1, 0, 0, 0)
T2962 exit  read -> 1 (0x1) bytes=1: 72
T2628 exit  read -> 1 (0x1) bytes=1: 64
T2628 enter close(0x23, 0x23, 0x1, 0, 0, 0)
T2628 exit  close -> 0 (0)
T2628 enter close(0x24, 0x24, 0x1, 0, 0, 0)
T2616 exit  write -> 1 (0x1)
T2628 exit  close -> 0 (0)
T2628 enter close(0x22, 0x22, 0x1, 0, 0, 0)
T2628 exit  close -> 0 (0)
T2591 exit  write -> 1 (0x1)
T2616 enter socket(0x2a, 0x80002, 0, 0x1, 0, 0)
T2616 exit  socket -> 34 (0x22)
T2616 enter sendto(0x22, 0x7c6076af10, 0x14, 0, 0x7c6076af00, 0xc) bytes=20: 0a 00 00 00 24 00 00 00 00 00 00 00 00 00 00 00 00 00 00 00 addr: bytes=12: 2a 00 00 00 01 00 00 00 fe ff ff ff
T2616 exit  sendto -> 20 (0x14)
T2616 enter recvfrom(0x22, 0x7c6076af60, 0x14, 0, 0, 0)
T2616 exit  recvfrom -> 20 (0x14) bytes=20: 04 00 00 00 00 00 00 00 00 00 00 00 00 00 00 00 00 00 00 00
T2616 enter close(0x22, 0x22, 0x14, 0, 0x14, 0)
T2616 exit  close -> 0 (0)
T2591 enter recvfrom(0x11, 0x7c82d2db70, 0x14, 0x40, 0, 0)
T2591 exit  recvfrom -> 20 (0x14) bytes=20: 05 00 00 00 22 00 00 00 01 00 00 00 00 00 00 00 32 00 00 00
T2591 enter recvfrom(0x11, 0x7c82d2db70, 0x14, 0x40, 0, 0)
T2591 exit  recvfrom -> 20 (0x14) bytes=20: 05 00 00 00 29 00 00 00 01 01 00 00 00 00 00 00 34 00 00 00
T2591 enter write(0x61, 0x7d3c307702, 0x1, 0x40, 0x29, 0x101) bytes=1: 72
T2968 enter read(0x60, 0x7c66965b94, 0x1, 0, 0, 0x4)
T2968 exit  read -> 1 (0x1) bytes=1: 72
T2591 exit  write -> 1 (0x1)
T2591 enter recvfrom(0x11, 0x7c82d2db70, 0x14, 0x40, 0, 0)
T2591 exit  recvfrom -> 20 (0x14) bytes=20: 05 00 00 00 8c 13 00 00 ef de 00 00 00 00 00 00 35 00 00 00
T2591 enter recvfrom(0x11, 0x7c82d2db70, 0x14, 0x40, 0, 0)
T2591 exit  recvfrom -> 20 (0x14) bytes=20: 05 00 00 00 55 00 00 00 01 00 00 00 00 00 00 00 38 00 00 00
T2591 enter recvfrom(0x11, 0x7c82d2db70, 0x14, 0x40, 0, 0)
T2591 exit  recvfrom -> 20 (0x14) bytes=20: 05 00 00 00 4c 00 00 00 01 00 00 00 00 00 00 00 39 00 00 00
T2591 enter recvfrom(0x11, 0x7c82d2db70, 0x14, 0x40, 0, 0)
T2591 exit  recvfrom -> 20 (0x14) bytes=20: 05 00 00 00 37 00 00 00 01 02 00 00 00 00 00 00 3c 00 00 00
T2591 enter recvfrom(0x11, 0x7c82d2db70, 0x14, 0x40, 0, 0)
T2591 exit  recvfrom -> 20 (0x14) bytes=20: 05 00 00 00 e3 00 00 00 01 00 00 00 00 00 00 00 3e 00 00 00
T2591 enter write(0x29, 0x7d3c307702, 0x1, 0x40, 0xe3, 0x1) bytes=1: 72
T2754 enter read(0x28, 0x7c5c474b94, 0x1, 0, 0, 0)
T2754 exit  read -> 1 (0x1) bytes=1: 72
T2591 exit  write -> 1 (0x1)
T2591 enter recvfrom(0x11, 0x7c82d2db70, 0x14, 0x40, 0, 0)
T2591 exit  recvfrom -> 20 (0x14) bytes=20: 05 00 00 00 0c 00 00 00 01 00 00 00 00 00 00 00 40 00 00 00
T2591 enter write(0x3d, 0x7d3c307702, 0x1, 0x40, 0xc, 0x1) bytes=1: 72
T2779 enter read(0x3c, 0x7c53a92b94, 0x1, 0, 0, 0)
T2779 exit  read -> 1 (0x1) bytes=1: 72
T2591 exit  write -> 1 (0x1)
T2591 enter recvfrom(0x11, 0x7c82d2db70, 0x14, 0x40, 0, 0)
T2591 exit  recvfrom -> 20 (0x14) bytes=20: 05 00 00 00 09 00 00 00 02 00 00 00 00 00 00 00 43 00 00 00
T2591 enter write(0x31, 0x7d3c307702, 0x1, 0x40, 0x9, 0x2) bytes=1: 72
T2615 enter write(0x29, 0x7d3c3078c8, 0x1, 0x2, 0x7c60867e21, 0x7d1e7d55c8) bytes=1: 64
T2773 enter read(0x30, 0x7c57e86b94, 0x1, 0, 0, 0)
T2754 enter read(0x28, 0x7c5c474b94, 0x1, 0, 0, 0)
T2773 exit  read -> 1 (0x1) bytes=1: 72
T2754 exit  read -> 1 (0x1) bytes=1: 64
T2754 enter close(0x28, 0x28, 0x1, 0, 0, 0)
T2754 exit  close -> 0 (0)
T2754 enter close(0x29, 0x29, 0x1, 0, 0, 0)
T2615 exit  write -> 1 (0x1)
T2754 exit  close -> 0 (0)
T2754 enter close(0x26, 0x26, 0x1, 0, 0, 0)
T2754 exit  close -> 0 (0)
T2591 exit  write -> 1 (0x1)
T2591 enter write(0x6b, 0x7d3c307702, 0x1, 0x40, 0x9, 0x2) bytes=1: 72
T4277 enter read(0x6a, 0x7c4a8c8b94, 0x1, 0, 0, 0)
T4277 exit  read -> 1 (0x1) bytes=1: 72
T2591 exit  write -> 1 (0x1)
T2591 enter write(0x6e, 0x7d3c307702, 0x1, 0x40, 0x9, 0x2) bytes=1: 72
T4278 enter read(0x6d, 0x7c4a7cbb94, 0x1, 0, 0, 0)
T4278 exit  read -> 1 (0x1) bytes=1: 72
T2591 exit  write -> 1 (0x1)
T2591 enter recvfrom(0x11, 0x7c82d2db70, 0x14, 0x40, 0, 0)
T2591 exit  recvfrom -> 20 (0x14) bytes=20: 05 00 00 00 03 00 00 00 01 00 00 00 00 00 00 00 45 00 00 00
T2591 enter write(0x43, 0x7d3c307702, 0x1, 0x40, 0x3, 0x1) bytes=1: 72
T2788 enter read(0x42, 0x7c4f898b94, 0x1, 0, 0, 0)
T2788 exit  read -> 1 (0x1) bytes=1: 72
T2591 exit  write -> 1 (0x1)
T2615 enter socket(0x2a, 0x80002, 0, 0x1, 0, 0)
T2615 exit  socket -> 34 (0x22)
T4275 enter write(0x6b, 0x7d3c3078c8, 0x1, 0x2, 0x7c65dfae21, 0x7d1e7d55c8) bytes=1: 64
T4275 exit  write -> 1 (0x1)
T4277 enter read(0x6a, 0x7c4a8c8b94, 0x1, 0, 0, 0)
T4277 exit  read -> 1 (0x1) bytes=1: 64
T4277 enter close(0x6a, 0x6a, 0x1, 0, 0, 0)
T4277 exit  close -> 0 (0)
T4276 enter write(0x6e, 0x7d3c3078c8, 0x1, 0x2, 0x7c4a9c4e21, 0x7d1e7d55c8) bytes=1: 64
T4277 enter close(0x6b, 0x6b, 0x1, 0, 0, 0)
T2615 enter sendto(0x22, 0x7c60867f10, 0x14, 0, 0x7c60867f00, 0xc) bytes=20: 0a 00 00 00 e3 00 00 00 00 00 00 00 00 00 00 00 00 00 00 00 addr: bytes=12: 2a 00 00 00 01 00 00 00 fe ff ff ff
T4277 exit  close -> 0 (0)
T4276 exit  write -> 1 (0x1)
T4278 enter read(0x6d, 0x7c4a7cbb94, 0x1, 0, 0, 0)
T4277 enter close(0x69, 0x69, 0x1, 0, 0, 0)
T4278 exit  read -> 1 (0x1) bytes=1: 64
T4278 enter close(0x6d, 0x6d, 0x1, 0, 0, 0)
T4277 exit  close -> 0 (0)
T4278 exit  close -> 0 (0)
T2615 exit  sendto -> 20 (0x14)
T4278 enter close(0x6e, 0x6e, 0x1, 0, 0, 0)
T4278 exit  close -> 0 (0)
T4278 enter close(0x6c, 0x6c, 0x1, 0, 0, 0)
T4278 exit  close -> 0 (0)
T2615 enter recvfrom(0x22, 0x7c60867f60, 0x14, 0, 0, 0)
T2615 exit  recvfrom -> 20 (0x14) bytes=20: 04 00 00 00 00 00 00 00 00 00 00 00 00 00 00 00 00 00 00 00
T2615 enter close(0x22, 0x22, 0x14, 0, 0x14, 0)
T2615 exit  close -> 0 (0)
T2591 enter recvfrom(0x11, 0x7c82d2db70, 0x14, 0x40, 0, 0)
T2591 exit  recvfrom -> 20 (0x14) bytes=20: 05 00 00 00 0a 00 00 00 02 00 00 00 00 00 00 00 46 00 00 00
T4276 enter socket(0x2a, 0x80002, 0, 0x2, 0, 0)
T4276 exit  socket -> 34 (0x22)
T4276 enter sendto(0x22, 0x7c4a9c4f10, 0x14, 0, 0x7c4a9c4f00, 0xc) bytes=20: 0a 00 00 00 09 00 00 00 00 00 00 00 00 00 00 00 00 00 00 00 addr: bytes=12: 2a 00 00 00 01 00 00 00 fe ff ff ff
T4276 exit  sendto -> 20 (0x14)
T4276 enter recvfrom(0x22, 0x7c4a9c4f60, 0x14, 0, 0, 0)
T4276 exit  recvfrom -> 20 (0x14) bytes=20: 04 00 00 00 00 00 00 00 00 00 00 00 00 00 00 00 00 00 00 00
T4276 enter close(0x22, 0x22, 0x14, 0, 0x14, 0)
T4276 exit  close -> 0 (0)
T2591 enter write(0x40, 0x7d3c307702, 0x1, 0, 0, 0) bytes=1: 72
T2784 enter read(0x3f, 0x7c50995b94, 0x1, 0, 0, 0)
T2591 exit  write -> 1 (0x1)
T2784 exit  read -> 1 (0x1) bytes=1: 72
T4275 enter socket(0x2a, 0x80002, 0, 0x2, 0, 0)
T4275 exit  socket -> 34 (0x22)
T4275 enter sendto(0x22, 0x7c65dfaf10, 0x14, 0, 0x7c65dfaf00, 0xc) bytes=20: 0a 00 00 00 09 00 00 00 00 00 00 00 00 00 00 00 00 00 00 00 addr: bytes=12: 2a 00 00 00 01 00 00 00 fe ff ff ff
T4275 exit  sendto -> 20 (0x14)
T2591 enter recvfrom(0x11, 0x7c82d2db70, 0x14, 0x40, 0, 0)
T4275 enter recvfrom(0x22, 0x7c65dfaf60, 0x14, 0, 0, 0)
T4275 exit  recvfrom -> 20 (0x14) bytes=20: 04 00 00 00 00 00 00 00 00 00 00 00 00 00 00 00 00 00 00 00
T2766 enter write(0x40, 0x7d3c3078c8, 0x1, 0x7c5b17d360, 0x7c5b17d2b4, 0x7c5b17d4a8) bytes=1: 64
T4275 enter close(0x22, 0x22, 0x14, 0, 0x14, 0)
T2591 exit  recvfrom -> 20 (0x14) bytes=20: 05 00 00 00 2f 00 00 00 01 00 00 00 00 00 00 00 47 00 00 00
T4275 exit  close -> 0 (0)
T2784 enter read(0x3f, 0x7c50995b94, 0x1, 0, 0, 0x46000000)
T2766 exit  write -> 1 (0x1)
T2784 exit  read -> 1 (0x1) bytes=1: 64
T2784 enter close(0x3f, 0x3f, 0x1, 0, 0, 0x46000000)
T2784 exit  close -> 0 (0)
T2784 enter close(0x40, 0x40, 0x1, 0, 0, 0x46000000)
T2784 exit  close -> 0 (0)
T2784 enter close(0x3e, 0x3e, 0x1, 0, 0, 0x46000000)
T2784 exit  close -> 0 (0)
T2591 enter recvfrom(0x11, 0x7c82d2db70, 0x14, 0x40, 0, 0)
T2591 exit  recvfrom -> 20 (0x14) bytes=20: 05 00 00 00 0b 00 00 00 01 00 00 00 00 00 00 00 48 00 00 00
T2591 enter write(0x3b, 0x7d3c307702, 0x1, 0, 0, 0) bytes=1: 72
T2777 enter read(0x3a, 0x7c55b8fb94, 0x1, 0, 0, 0x7c957f6880)
T2777 exit  read -> 1 (0x1) bytes=1: 72
T2591 exit  write -> 1 (0x1)
T2591 enter recvfrom(0x11, 0x7c82d2db70, 0x14, 0x40, 0, 0)
T2591 exit  recvfrom -> 20 (0x14) bytes=20: 05 00 00 00 01 00 00 00 01 00 00 00 00 00 00 00 4b 00 00 00
T2767 enter write(0x3b, 0x7d3c3078c8, 0x1, 0x7c5b080360, 0x7c5b0802b4, 0x7c5b0804a8) bytes=1: 64
T2591 enter write(0x2f, 0x7d3c307702, 0x1, 0x40, 0x1, 0x1) bytes=1: 72
T2767 exit  write -> 1 (0x1)
T2777 enter read(0x3a, 0x7c55b8fb94, 0x1, 0, 0, 0x48000000)
T2777 exit  read -> 1 (0x1) bytes=1: 64
T2770 enter read(0x2e, 0x7c57f83b94, 0x1, 0, 0, 0)
T2777 enter close(0x3a, 0x3a, 0x1, 0, 0, 0x48000000)
T2770 exit  read -> 1 (0x1) bytes=1: 72
T2777 exit  close -> 0 (0)
T2777 enter close(0x3b, 0x3b, 0x1, 0, 0, 0x48000000)
T2770 enter write(0x18, 0x7c57f83ae0, 0x8, 0x5, 0x38, 0) bytes=8: 01 00 00 00 00 00 00 00
T2777 exit  close -> 0 (0)
T2777 enter close(0x39, 0x39, 0x1, 0, 0, 0x48000000)
T2770 exit  write -> 8 (0x8)
T2777 exit  close -> 0 (0)
T2606 enter read(0x18, 0x7c6dc5cad0, 0x8, 0x5, 0x38, 0)
T2606 exit  read -> 8 (0x8) bytes=8: 01 00 00 00 00 00 00 00
T2606 enter read(0x18, 0x7c6dc5cad0, 0x8, 0x5, 0x38, 0)
T2606 exit  read -> -11 (0xfffffffffffffff5)
T2606 enter write(0x2f, 0x7d3c3078c8, 0x1, 0x5, 0x38, 0) bytes=1: 64
T2606 exit  write -> 1 (0x1)
T2770 enter read(0x2e, 0x7c57f83b94, 0x1, 0, 0, 0)
T2770 exit  read -> 1 (0x1) bytes=1: 64
T2770 enter close(0x2e, 0x2e, 0x1, 0, 0, 0)
T2770 exit  close -> 0 (0)
T2770 enter close(0x2f, 0x2f, 0x1, 0, 0, 0)
T2770 exit  close -> 0 (0)
T2770 enter close(0x27, 0x27, 0x1, 0, 0, 0)
T2770 exit  close -> 0 (0)
T2591 exit  write -> 1 (0x1)
T4273 enter recvfrom(0x61, 0xb4000077ede79000, 0x800, 0, 0, 0)
T4273 exit  recvfrom -> 68 (0x44) bytes=68: 44 00 00 00 01 00 00 00 13 00 00 00 29 08 00 00 08 00 00 10 10 00 00 00 08 00 01 10 01 00 00 00 14 00 07 10 72 6d 6e 65 74 5f 64 61 74 61 31 00 00 00 00 00 10 00 0a 10 00 05 00 00 00 00 00 00 00 05 00 00
T4273 enter recvfrom(0x61, 0xb4000077ede79000, 0x800, 0, 0, 0)
T4273 exit  recvfrom -> 376 (0x178) bytes=160: 78 01 00 00 01 00 00 00 14 00 00 00 29 08 00 00 08 00 00 10 02 00 00 00 08 00 01 10 02 00 00 00 14 00 07 10 72 6d 6e 65 74 5f 64 61 74 61 32 00 00 00 00 00 44 01 09 10 00 00 00 00 00 00 00 00 00 00 00 00 00 00 00 00 00 00 00 00 00 00 00 00 00 00 00 00 00 00 00 00 00 00 00 00 00 00 00 00 00 00 00 00 00 00 00 00 00 00 00 00 00 00 00 00 00 00 00 00 00 00 00 00 00 00 00 00 00 00T2591 enter write(0x34, 0x7d3c307702, 0x1, 0x40, 0x1, 0x1) 00 00 bytes=1: 00 72 00
 00 00 00 00 00 00 00 00 00 00 00 00 00 00 00 00 00 00 00 00 00 00 00 00 00 00 00T2591 exit  write -> 1 (0x1) 00
 00 00
T2775 enter read(0x33, 0x7c56d89b94, 0x1, 0, 0, 0x7d1e7d55c8)
T2659 enter write(0x36, 0x787e6ad702, 0x1, 0, 0, 0) bytes=1: 72
T4273 enter recvfrom(0x61, 0xb4000077ede79000, 0x800, 0, 0, 0)
T2794 enter read(0x35, 0x77bc509b94, 0x1, 0, 0, 0x4)
T4273 exit  recvfrom -> 68 (0x44) bytes=68: 44 00 00 00 01 00 00 00 15 00 00 00 29 08 00 00 08 00 00 10 10 00 00 00 08 00 01 10 01 00 00 00 14 00 07 10 72 6d 6e 65 74 5f 64 61 74 61 31 00 00 00 00 00 10 00 0a 10 dc 05 00 00 00 00 00 00 00 00 00 00
T2794 exit  read -> 1 (0x1) bytes=1: 72
T2659 exit  write -> 1 (0x1)
T2676 enter write(0x36, 0x787e6ad8c8, 0x1, 0x14, 0x77c94621c8, 0x4) bytes=1: 64
T2794 enter read(0x35, 0x77bc509b94, 0x1, 0, 0, 0x3f000000)
T2794 exit  read -> 1 (0x1) bytes=1: 64
T2794 enter close(0x35, 0x35, 0x1, 0, 0, 0x3f000000)
T2794 exit  close -> 0 (0)
T2794 enter close(0x36, 0x36, 0x1, 0, 0, 0x3f000000)
T2794 exit  close -> 0 (0)
T2794 enter close(0x34, 0x34, 0x1, 0, 0, 0x3f000000)
T2676 exit  write -> 1 (0x1)
T2794 exit  close -> 0 (0)
T2659 enter recvfrom(0xa, 0x77e782bb70, 0x14, 0x40, 0, 0)
T2659 exit  recvfrom -> 20 (0x14) bytes=20: 05 00 00 00 42 00 00 00 01 b4 00 00 00 00 00 00 01 00 00 00
T2659 enter recvfrom(0xa, 0x77e782bb70, 0x14, 0x40, 0, 0)
T2659 exit  recvfrom -> 20 (0x14) bytes=20: 05 00 00 00 2b 00 00 00 02 12 00 00 00 00 00 00 04 00 00 00
T2659 enter recvfrom(0xa, 0x77e782bb70, 0x14, 0x40, 0, 0)
T2659 exit  recvfrom -> 20 (0x14) bytes=20: 05 00 00 00 0f 00 00 00 01 05 00 00 00 00 00 00 0f 00 00 00
T2659 enter recvfrom(0xa, 0x77e782bb70, 0x14, 0x40, 0, 0)
T2659 exit  recvfrom -> 20 (0x14) bytes=20: 05 00 00 00 15 00 00 00 01 00 00 00 00 00 00 00 11 00 00 00
T2659 enter recvfrom(0xa, 0x77e782bb70, 0x14, 0x40, 0, 0)
T2659 exit  recvfrom -> 20 (0x14) bytes=20: 05 00 00 00 33 00 00 00 01 0b 00 00 00 00 00 00 12 00 00 00
T2659 enter recvfrom(0xa, 0x77e782bb70, 0x14, 0x40, 0, 0)
T2659 exit  recvfrom -> 20 (0x14) bytes=20: 05 00 00 00 33 00 00 00 01 02 00 00 00 00 00 00 13 00 00 00
T2659 enter recvfrom(0xa, 0x77e782bb70, 0x14, 0x40, 0, 0)
T2659 exit  recvfrom -> 20 (0x14) bytes=20: 05 00 00 00 18 00 00 00 01 00 00 00 00 00 00 00 14 00 00 00
T2659 enter write(0x1b, 0x787e6ad702, 0x1, 0x40, 0x18, 0x1) bytes=1: 72
T2659 exit  write -> 1 (0x1)
T2677 enter read(0x1a, 0x77c8365b94, 0x1, 0, 0, 0)
T2677 exit  read -> 1 (0x1) bytes=1: 72
T2659 enter recvfrom(0xa, 0x77e782bb70, 0x14, 0x40, 0, 0)
T2775 exit  read -> 1 (0x1) bytes=1: 72
T2591 enter write(0x67, 0x7d3c307702, 0x1, 0x40, 0x1, 0x1) bytes=1: 72
T2591 exit  write -> 1 (0x1)
T4266 enter read(0x66, 0x7c4acbcb94, 0x1, 0, 0, 0)
T4266 exit  read -> 1 (0x1) bytes=1: 72
T2591 enter write(0x7a, 0x7d3c307702, 0x1, 0x3174656e6d720073, 0x8, 0x8000) bytes=1: 72
T5488 enter read(0x79, 0x7c4a4d4b94, 0x1, 0, 0, 0)
T5488 exit  read -> 1 (0x1) bytes=1: 72
T4263 enter write(0x67, 0x7d3c3078c8, 0x1, 0x3174656e6d720073, 0x8, 0x8000) bytes=1: 64
T4263 exit  write -> 1 (0x1)
T4266 enter read(0x66, 0x7c4acbcb94, 0x1, 0, 0, 0x8000)
T4266 exit  read -> 1 (0x1) bytes=1: 64
T4266 enter close(0x66, 0x66, 0x1, 0, 0, 0x8000)
T4266 exit  close -> 0 (0)
T4266 enter close(0x67, 0x67, 0x1, 0, 0, 0x8000)
T4266 exit  close -> 0 (0)
T4266 enter close(0x65, 0x65, 0x1, 0, 0, 0x8000)
T4266 exit  close -> 0 (0)
T2591 exit  write -> 1 (0x1)
T2606 enter socket(0x2a, 0x80002, 0, 0x1, 0, 0)
T2591 enter recvfrom(0x11, 0x7c82d2db70, 0x14, 0x40, 0, 0)
T5484 enter write(0x7a, 0x7d3c3078c8, 0x1, 0x6, 0x38, 0) bytes=1: 64
T5484 exit  write -> 1 (0x1)
T5488 enter read(0x79, 0x7c4a4d4b94, 0x1, 0, 0, 0)
T5488 exit  read -> 1 (0x1) bytes=1: 64
T5488 enter close(0x79, 0x79, 0x1, 0, 0, 0)
T5488 exit  close -> 0 (0)
T5488 enter close(0x7a, 0x7a, 0x1, 0, 0, 0)
T5488 exit  close -> 0 (0)
T5488 enter close(0x78, 0x78, 0x1, 0, 0, 0)
T5488 exit  close -> 0 (0)
T2606 exit  socket -> 34 (0x22)
T2606 enter sendto(0x22, 0x7c6dc5c940, 0x14, 0, 0x7c6dc5c930, 0xc) bytes=20: 0a 00 00 00 01 00 00 00 00 00 00 00 00 00 00 00 00 00 00 00 addr: bytes=12: 2a 00 00 00 01 00 00 00 fe ff ff ff
T2591 exit  recvfrom -> 20 (0x14) bytes=20: 05 00 00 00 04 00 00 00 01 00 00 00 00 00 00 00 4c 00 00 00
T2606 exit  sendto -> 20 (0x14)
T2606 enter recvfrom(0x22, 0x7c6dc5c990, 0x14, 0, 0, 0)
T2591 enter recvfrom(0x11, 0x7c82d2db70, 0x14, 0x40, 0, 0)
T2591 exit  recvfrom -> 20 (0x14) bytes=20: 05 00 00 00 1a 00 00 00 01 00 00 00 00 00 00 00 4d 00 00 00
T2591 enter recvfrom(0x11, 0x7c82d2db70, 0x14, 0x40, 0, 0)
T2591 exit  recvfrom -> 20 (0x14) bytes=20: 05 00 00 00 08 00 00 00 01 00 00 00 00 00 00 00 4e 00 00 00
T2591 enter recvfrom(0x11, 0x7c82d2db70, 0x14, 0x40, 0, 0)
T2591 exit  recvfrom -> 20 (0x14) bytes=20: 05 00 00 00 4d 00 00 00 01 00 00 00 00 00 00 00 4f 00 00 00
T2591 enter recvfrom(0x11, 0x7c82d2db70, 0x14, 0x40, 0, 0)
T2591 exit  recvfrom -> 20 (0x14) bytes=20: 05 00 00 00 4b 00 00 00 01 00 00 00 00 00 00 00 54 00 00 00
T2606 exit  recvfrom -> 20 (0x14) bytes=20: 04 00 00 00 00 00 00 00 00 00 00 00 00 00 00 00 00 00 00 00
T2606 enter close(0x22, 0x22, 0x14, 0, 0x14, 0)
T2606 exit  close -> 0 (0)
T2591 enter recvfrom(0x11, 0x7c82d2db70, 0x14, 0x40, 0, 0)
T2591 exit  recvfrom -> 20 (0x14) bytes=20: 05 00 00 00 4a 00 00 00 01 00 00 00 00 00 00 00 55 00 00 00
T2659 exit  recvfrom -> 20 (0x14) bytes=20: 05 00 00 00 16 00 00 00 01 10 00 00 00 00 00 00 15 00 00 00
T2591 enter recvfrom(0x11, 0x7c82d2db70, 0x14, 0x40, 0, 0)
T2591 exit  recvfrom -> 20 (0x14) bytes=20: 05 00 00 00 2a 00 00 00 01 00 00 00 00 00 00 00 58 00 00 00
T2591 enter write(0x4c, 0x7d3c307702, 0x1, 0x40, 0x2a, 0x1) bytes=1: 72
T2659 enter recvfrom(0xa, 0x77e782bb70, 0x14, 0x40, 0, 0)
T2806 enter read(0x4b, 0x7c4e5a1b94, 0x1, 0, 0, 0x7d1e7d55c8)
T2806 exit  read -> 1 (0x1) bytes=1: 72
T2659 exit  recvfrom -> 20 (0x14) bytes=20: 05 00 00 00 01 10 00 00 01 00 00 00 00 00 00 00 19 00 00 00
T2591 exit  write -> 1 (0x1)
T2659 enter recvfrom(0xa, 0x77e782bb70, 0x14, 0x40, 0, 0)
T2659 exit  recvfrom -> 20 (0x14) bytes=20: 05 00 00 00 01 10 00 00 03 00 00 00 00T2591 enter recvfrom(0x11, 0x7c82d2db70, 0x14, 0x40, 0, 0) 00
 00 00 1c 00 00 00
T2591 exit  recvfrom -> 20 (0x14) bytes=20: 05 00 00 00 02 00 00 00 01 00 00 00 00 00 00 00 59 00 00 00
T2590 enter write(0x31, 0x7d3c3078c8, 0x1, 0x2, 0x7c82e29e21, 0x7d1e7d55c8) bytes=1: 64
T2773 enter read(0x30, 0x7c57e86b94, 0x1, 0, 0, 0)
T2599 enter ioctl(0xe, 0xc0306201, 0x7c82544a10, 0, 0, 0) ioctl_req=0xc0306201
T2659 enter recvfrom(0xa, 0x77e782bb70, 0x14, 0x40, 0, 0)T2773 exit  read -> 1 (0x1)
 bytes=1: 64
T2773 enter close(0x30, 0x30, 0x1, 0, 0, 0)
T2773 exit  close -> 0 (0)
T2773 enter close(0x31, 0x31, 0x1, 0, 0, 0)
T2773 exit  close -> 0 (0)
T2773 enter close(0x2d, 0x2d, 0x1, 0, 0, 0)
T2773 exit  close -> 0 (0)
T2659 exit  recvfrom -> 20 (0x14) bytes=20: 05 00 00 00 17 00 00 00 02 00 00 00 00 00 00 00 1f 00 00 00
T2591 enter write(0x5b, 0x7d3c307702, 0x1, 0x40, 0x2, 0x1) bytes=1: 72
T2591 exit  write -> 1 (0x1)
T2961 enter read(0x5a, 0x7c82c30b94, 0x1, 0, 0, 0)
T2961 exit  read -> 1 (0x1) bytes=1: 72
T2659 enter recvfrom(0xa, 0x77e782bb70, 0x14, 0x40, 0, 0)
T2659 exit  recvfrom -> 20 (0x14) bytes=20: 05 00 00 00 17 00 00 00 01 00 00 00 00 00 00 00 20 00 00 00
T2659 enter recvfrom(0xa, 0x77e782bb70, 0x14, 0x40, 0, 0)
T2659 exit  recvfrom -> 20 (0x14) bytes=20: 05 00 00 00 24 00 00 00 01 00 00 00 00 00 00 00 21 00 00 00
T2659 enter write(0x1e, 0x787e6ad702, 0x1, 0x40, 0x24, 0x1) bytes=1: 72
T2659 exit  write -> 1 (0x1)
T2591 enter recvfrom(0x11, 0x7c82d2db70, 0x14, 0x40, 0, 0)
T2590 exit  write -> 1 (0x1)
T2678 enter read(0x1d, 0x77c7268b94, 0x1, 0, 0, 0)
T2591 exit  recvfrom -> 20 (0x14) bytes=20: 05 00 00 00 30 00 00 00 01 00 00 00 00 00 00 00 5a 00 00 00
T2678 exit  read -> 1 (0x1) bytes=1: 72
T2591 enter recvfrom(0x11, 0x7c82d2db70, 0x14, 0x40, 0, 0)
T2591 exit  recvfrom -> 20 (0x14) bytes=20: 05 00 00 00 44 00 00 00 01 00 00 00 00 00 00 00 5b 00 00 00
T2599 exit  ioctl -> 0 (0)
T2591 enter write(0x47, 0x7d3c307702, 0x1, 0x40, 0x44, 0x1) bytes=1: 72
T2591 exit  write -> 1 (0x1)
T2796 enter read(0x46, 0x7c4e79bb94, 0x1, 0, 0, 0)
T2796 exit  read -> 1 (0x1) bytes=1: 72
T2659 enter recvfrom(0xa, 0x77e782bb70, 0x14, 0x40, 0, 0)
T2590 enter socket(0x2a, 0x80002, 0, 0x2, 0, 0)
T2659 exit  recvfrom -> 20 (0x14) bytes=20: 05 00 00 00 31T2590 exit  socket -> 34 (0x22)
 00 00 00 01 02 00 00 00 00 00 00 22 00 00 00
T2591 enter recvfrom(0x11, 0x7c82d2db70, 0x14, 0x40, 0, 0)
T2590 enter sendto(0x22, 0x7c82e29f10, 0x14, 0, 0x7c82e29f00, 0xc) bytes=20: 0a 00 00 00 09 00 00 00 00 00 00 00 00 00 00 00 00 00 00 00 addr: bytes=12: 2a 00 00 00 01 00 00 00 fe ff ff ff
T2591 exit  recvfrom -> 20 (0x14) bytes=20: 05 00 00 00 49 00 00 00 01 00 00 00 00 00 00 00 5c 00 00 00
T2591 enter write(0x64, 0x7d3c307702, 0x1, 0x40, 0x49, 0x1) bytes=1: 72
T2590 exit  sendto -> 20 (0x14)
T2659 enter recvfrom(0xa, 0x77e782bb70, 0x14, 0x40, 0, 0)
T2659 exit  recvfrom -> 20 (0x14) bytes=20: 05 00 00 00 2f 04 00 00 01 01 00 00 00 00 00 00 23 00 00 00
T2659 enter recvfrom(0xa, 0x77e782bb70, 0x14, 0x40, 0, 0)
T2659 exit  recvfrom -> 20 (0x14) bytes=20: 05 00 00 00 11 00 00 00 01 00 00 00 00 00 00 00 31 00 00 00
T2659 enter write(0x57, 0x787e6ad702, 0x1, 0x40, 0x11, 0x1) bytes=1: 72
T2671 enter sendto(0x18, 0xb4000077c4ecaa00, 0x71, 0x40, 0x77d9c4dad8, 0xc) bytes=113: 00 48 00 6c 00 6a 00 11 02 00 ff ff 13 02 00 0a 00 15 02 00 ff ff 17 02 00 0a 00 19 02 00 01 00 1d 02 00 ff ff 1f 02 00 ff ff 21 02 00 0a 00 23 02 00 ff ff 25 02 00 28 00 27 02 00 14 00 29 02 00 3c 00 2a 02 00 03 05 2c 02 00 28 00 2e 04 00 00 00 a0 40 30 04 00 00 00 80 3f 32 04 00 00 00 80 3f 34 02 00 28 00 36 02 00 3c 00 37 02 00 03 05 addr: bytes=12: 2a 00 00 00 00 00 00 00 45 00 00 00
T2671 exit  sendto -> -104 (0xffffffffffffff98)
T2990 enter read(0x56, 0x77b8d21b94, 0x1, 0, 0, 0x4)
T2659 exit  write -> 1 (0x1)
T2990 exit  read -> 1 (0x1) bytes=1: 72
T2671 enter writev(0x4, 0x77d9c4d2b0, 0x4, 0x3, 0x77d9c4d2f0, 0x7532)
T2671 exit  writev -> 72 (0x48)
T2671 enter writev(0x4, 0x77d9c4d320, 0x4, 0x3, 0x77d9c4d360, 0x7532)
T2659 enter recvfrom(0xa, 0x77e782bb70, 0x14, 0x40, 0, 0)
T2671 exit  writev -> 96 (0x60)
T2659 exit  recvfrom -> 20 (0x14) bytes=20: 05 00 00 00 22 00 00 00 01 00 00 00 00 00 00 00 32 00 00 00
T2659 enter recvfrom(0xa, 0x77e782bb70, 0x14, 0x40, 0, 0)
T2659 exit  recvfrom -> 20 (0x14) bytes=20: 05 00 00 00 29 00 00 00 01 01 00 00 00 00 00 00 34 00 00 00
T2659 enter write(0x5a, 0x787e6ad702, 0x1, 0x40, 0x29, 0x101) bytes=1: 72
T2991 enter read(0x59, 0x77b8c24b94, 0x1, 0, 0, 0x4)
T2991 exit  read -> 1 (0x1) bytes=1: 72
T2659 exit  write -> 1 (0x1)
T2659 enter recvfrom(0xa, 0x77e782bb70, 0x14, 0x40, 0, 0)
T2659 exit  recvfrom -> 20 (0x14) bytes=20: 05 00 00 00 8c 13 00 00 ef de 00 00 00 00 00 00 35 00 00 00
T2659 enter recvfrom(0xa, 0x77e782bb70, 0x14, 0x40, 0, 0)
T2659 exit  recvfrom -> 20 (0x14) bytes=20: 05 00 00 00 55 00 00 00 01 00 00 00 00 00 00 00 38 00 00 00
T2671 enter sendto(0x18, 0xb400007895f897b0, 0xb, 0x40, 0x77d9c4db08, 0xc) bytes=11: 00 49 00 02 00 04 00 12 01 00 01 addr: bytes=12: 2a 00 00 00 00 00 00 00 45 00 00 00
T2671 exit  sendto -> -104 (0xffffffffffffff98)
T2659 enter recvfrom(0xa, 0x77e782bb70, 0x14, 0x40, 0, 0)
T2671 enter writev(0x4, 0x77d9c4d2e0, 0x4, 0x3, 0x77d9c4d320, 0x7536)
T2659 exit  recvfrom -> 20 (0x14) bytes=20: 05 00 00 00 4c 00 00 00 01 00 00 00 00 00 00 00 39 00 00 00
T2671 exit  writev -> 72 (0x48)
T2659 enter recvfrom(0xa, 0x77e782bb70, 0x14, 0x40, 0, 0)
T2671 enter writev(0x4, 0x77d9c4d350, 0x4, 0x3, 0x77d9c4d390, 0x7536)
T2659 exit  recvfrom -> 20 (0x14) bytes=20: 05 00 00 00 37 00 00 00 01 02 00 00 00 00 00 00 3c 00 00 00
T2671 exit  writev -> 94 (0x5e)
T2659 enter recvfrom(0xa, 0x77e782bb70, 0x14, 0x40, 0, 0)
T2659 exit  recvfrom -> 20 (0x14) bytes=20: 05 00 00 00 e3 00 00 00 01 00 00 00 00 00 00 00 3e 00 00 00
T2659 enter write(0x24, 0x787e6ad702, 0x1, 0x40, 0xe3, 0x1) bytes=1: 72
T2771 enter read(0x23, 0x77c1af7b94, 0x1, 0, 0, 0x4)
T2771 exit  read -> 1 (0x1) bytes=1: 72
T2659 exit  write -> 1 (0x1)
T2659 enter recvfrom(0xa, 0x77e782bb70, 0x14, 0x40, 0, 0)
T2659 exit  recvfrom -> 20 (0x14) bytes=20: 05 00 00 00 0c 00 00 00 01 00 00 00 00 00 00 00 40 00 00 00
T2659 enter write(0x42, 0x787e6ad702, 0x1, 0x40, 0xc, 0x1) bytes=1: 72
T2659 exit  write -> 1 (0x1)
T2825 enter read(0x41, 0x77b7f1bb94, 0x1, 0, 0, 0x787f5d15c8)
T2825 exit  read -> 1 (0x1) bytes=1: 72
T2659 enter recvfrom(0xa, 0x77e782bb70, 0x14, 0x40, 0, 0)
T2659 exit  recvfrom -> 20 (0x14) bytes=20: 05 00 00 00 09 00 00 00 02 00 00 00 00 00 00 00 43 00 00 00
T2659 enter write(0x33, 0x787e6ad702, 0x1, 0x40, 0x9, 0x2) bytes=1: 72
T2793 enter read(0x32, 0x77bc606b94, 0x1, 0, 0, 0)
T2793 exit  read -> 1 (0x1) bytes=1: 72
T2659 exit  write -> 1 (0x1)
T4256 enter read(0x63, 0x7c4aeb6b94, 0x1, 0, 0, 0)
T2591 exit  write -> 1 (0x1)
T4256 exit  read -> 1 (0x1) bytes=1: 72
T2590 enter recvfrom(0x22, 0x7c82e29f60, 0x14, 0, 0, 0)
T2591 enter recvfrom(0x11, 0x7c82d2db70, 0x14, 0x40, 0, 0)
T2590 exit  recvfrom -> 20 (0x14) bytes=20: 04 00 00 00 00 00 00 00 00 00 00 00 00 00 00 00 00 00 00 00
T2591 exit  recvfrom -> 20 (0x14) bytes=20: 05 00 00 00 4e 00 00 00 01 00 00 00 00 00 00 00 5d 00 00 00
T2590 enter close(0x22, 0x22, 0x14, 0, 0x14, 0)
T2591 enter recvfrom(0x11, 0x7c82d2db70, 0x14, 0x40, 0, 0)
T2590 exit  close -> 0 (0)
T2591 exit  recvfrom -> 20 (0x14) bytes=20: 05 00 00 00 1d 00 00 00 01 00 00 00 00 00 00 00 5e 00 00 00
T2591 enter recvfrom(0x11, 0x7c82d2db70, 0x14, 0x40, 0, 0)
T2586 enter write(0x3d, 0x7d3c3078c8, 0x1, 0x2, 0x7c8321de21, 0x7d1e7d55c8) bytes=1: 64
T2591 exit  recvfrom -> 20 (0x14) bytes=20: 05 00 00 00 05 00 00 00 01 00 00 00 00 00 00 00 5f 00 00 00
T2591 enter write(0x4f, 0x7d3c307702, 0x1, 0x40, 0x5, 0x1) bytes=1: 72
T2779 enter read(0x3c, 0x7c53a92b94, 0x1, 0, 0, 0)
T2586 exit  write -> 1 (0x1)
T2779 exit  read -> 1 (0x1) bytes=1: 64
T2591 exit  write -> 1 (0x1)
T2779 enter close(0x3c, 0x3c, 0x1, 0, 0, 0)
T2816 enter read(0x4e, 0x7c4d4a4b94, 0x1, 0, 0, 0x7d1e7d55c8)
T2779 exit  close -> 0 (0)
T2816 exit  read -> 1 (0x1) bytes=1: 72
T2779 enter close(0x3d, 0x3d, 0x1, 0, 0, 0)
attached new tid=6421
T2779 exit  close -> 0 (0)
T2779 enter close(0x36, 0x36, 0x1, 0, 0, 0)
T2779 exit  close -> 0 (0)
T2591 enter recvfrom(0x11, 0x7c82d2db70, 0x14, 0x40, 0, 0)
T2591 exit  recvfrom -> 20 (0x14) bytes=20: 05 00 00 00 07 00 00 00 01 00 00 00 00 00 00 00 60 00 00 00
T2591 enter write(0x49, 0x7d3c307702, 0x1, 0x40, 0x7, 0x1) bytes=1: 72
T2659 enter recvfrom(0xa, 0x77e782bb70, 0x14, 0x40, 0, 0)
T2659 exit  recvfrom -> 20 (0x14) bytes=20: 05 00 00 00 03 00 00 00 01 00 00 00 00 00 00 00 45 00 00 00
T2659 enter write(0x21, 0x787e6ad702, 0x1, 0x40, 0x3, 0x1) bytes=1: 72
T2768 enter read(0x20, 0x77c3bf4b94, 0x1, 0, 0, 0x787f5d15c8)
T2768 exit  read -> 1 (0x1) bytes=1: 72
T2679 enter write(0x24, 0x787e6ad8c8, 0x1, 0x2, 0x77c716ae21, 0x787f5d15c8) bytes=1: 64
T2771 enter read(0x23, 0x77c1af7b94, 0x1, 0, 0, 0)
T2771 exit  read -> 1 (0x1) bytes=1: 64
T2771 enter close(0x23, 0x23, 0x1, 0, 0, 0)
T2679 exit  write -> 1 (0x1)
T2771 exit  close -> 0 (0)
T2771 enter close(0x24, 0x24, 0x1, 0, 0, 0)
T2771 exit  close -> 0 (0)
T2771 enter close(0x22, 0x22, 0x1, 0, 0, 0)
T2771 exit  close -> 0 (0)
T2659 exit  write -> 1 (0x1)
T2679 enter socket(0x2a, 0x80002, 0, 0x1, 0, 0)
T2679 exit  socket -> 34 (0x22)
T2679 enter sendto(0x22, 0x77c716af10, 0x14, 0, 0x77c716af00, 0xc) bytes=20: 0a 00 00 00 e3 00 00 00 00 00 00 00 00 00 00 00 00 00 00 00 addr: bytes=12: 2a 00 00 00 01 00 00 00 fe ff ff ff
T2659 enter recvfrom(0xa, 0x77e782bb70, 0x14, 0x40, 0, 0)
T2679 exit  sendto -> 20 (0x14)
T2679 enter recvfrom(0x22, 0x77c716af60, 0x14, 0, 0, 0)
T2679 exit  recvfrom -> 20 (0x14) bytes=20: 04 00 00 00 00 00 00 00 00 00 00 00 00 00 00 00 00 00 00 00
T2679 enter close(0x22, 0x22, 0x14, 0, 0x14, 0)
T2679 exit  close -> 0 (0)
T2659 exit  recvfrom -> 20 (0x14) bytes=20: 05 00 00 00 0a 00 00 00 02 00 00 00 00 00 00 00 46 00 00 00
T2659 enter write(0x3f, 0x787e6ad702, 0x1, 0, 0, 0) bytes=1: 72
T2821 enter read(0x3e, 0x77b930fb94, 0x1, 0, 0, 0)
T2821 exit  read -> 1 (0x1) bytes=1: 72
T2659 exit  write -> 1 (0x1)
T2659 enter recvfrom(0xa, 0x77e782bb70, 0x14, 0x40, 0, 0)
T2757 enter write(0x3f, 0x787e6ad8c8, 0x1, 0x77c4dee360, 0x77c4dee2b4, 0x77c4dee4a8) bytes=1: 64
T2659 exit  recvfrom -> 20 (0x14) bytes=20: 05 00 00 00 2f 00 00 00 01 00 00 00 00 00 00 00 47 00 00 00
T2757 exit  write -> 1 (0x1)
T2821 enter read(0x3e, 0x77b930fb94, 0x1, 0, 0, 0x46000000)
T2821 exit  read -> 1 (0x1) bytes=1: 64
T2821 enter close(0x3e, 0x3e, 0x1, 0, 0, 0x46000000)
T2821 exit  close -> 0 (0)
T2821 enter close(0x3f, 0x3f, 0x1, 0, 0, 0x46000000)
T2821 exit  close -> 0 (0)
T2821 enter close(0x3a, 0x3a, 0x1, 0, 0, 0x46000000)
T2821 exit  close -> 0 (0)
T2659 enter recvfrom(0xa, 0x77e782bb70, 0x14, 0x40, 0, 0)
T2659 exit  recvfrom -> 20 (0x14) bytes=20: 05 00 00 00 0b 00 00 00 01 00 00 00 00 00 00 00 48 00 00 00
T2659 enter write(0x49, 0x787e6ad702, 0x1, 0, 0, 0) bytes=1: 72
T2759 enter write(0x49, 0x787e6ad8c8, 0x1, 0x77c4cf1360, 0x77c4cf12b4, 0x77c4cf14a8) bytes=1: 64
T2759 exit  write -> 1 (0x1)
T2831 enter read(0x48, 0x77b5d21b94, 0x1, 0, 0, 0)
T2831 exit  read -> 1 (0x1) bytes=1: 72
T2831 enter read(0x48, 0x77b5d21b94, 0x1, 0, 0, 0x48000000)
T2831 exit  read -> 1 (0x1) bytes=1: 64
T2831 enter close(0x48, 0x48, 0x1, 0, 0, 0x48000000)
T2831 exit  close -> 0 (0)
T2831 enter close(0x49, 0x49, 0x1, 0, 0, 0x48000000)
T2831 exit  close -> 0 (0)
T2831 enter close(0x47, 0x47, 0x1, 0, 0, 0x48000000)
T2831 exit  close -> 0 (0)
T2659 exit  write -> 1 (0x1)
T2667 enter ioctl(0xf, 0xc0306201, 0x77da042a10, 0, 0, 0) ioctl_req=0xc0306201
T2659 enter recvfrom(0xa, 0x77e782bb70, 0x14, 0x40, 0, 0)
T2659 exit  recvfrom -> 20 (0x14) bytes=20: 05 00 00 00 01 00 00 00 01 00 00 00 00 00 00 00 4b 00 00 00
T2659 enter write(0x27, 0x787e6ad702, 0x1, 0x40, 0x1, 0x1) bytes=1: 72
T2772 enter read(0x26, 0x77c19fab94, 0x1, 0, 0, 0)
T2772 exit  read -> 1 (0x1) bytes=1: 72
T2667 exit  ioctl -> 0 (0)
T2772 enter write(0x15, 0x77c19faae0, 0x8, 0x5, 0x38, 0) bytes=8: 01 00 00 00 00 00 00 00
T2772 exit  write -> 8 (0x8)
T2674 enter read(0x15, 0x77d265cad0, 0x8, 0x5, 0x38, 0)
T2674 exit  read -> 8 (0x8) bytes=8: 01 00 00 00 00 00 00 00
T2674 enter read(0x15, 0x77d265cad0, 0x8, 0x5, 0x38, 0)
T2674 exit  read -> -11 (0xfffffffffffffff5)
T2674 enter write(0x27, 0x787e6ad8c8, 0x1, 0x5, 0x38, 0) bytes=1: 64
T2674 exit  write -> 1 (0x1)
T2772 enter read(0x26, 0x77c19fab94, 0x1, 0, 0, 0)
T2772 exit  read -> 1 (0x1) bytes=1: 64
T2772 enter close(0x26, 0x26, 0x1, 0, 0, 0)
T2772 exit  close -> 0 (0)
T2772 enter close(0x27, 0x27, 0x1, 0, 0, 0)
T2772 exit  close -> 0 (0)
T2772 enter close(0x25, 0x25, 0x1, 0, 0, 0)
T2772 exit  close -> 0 (0)
T2659 exit  write -> 1 (0x1)
T2659 enter write(0x2a, 0x787e6ad702, 0x1, 0x40, 0x1, 0x1) bytes=1: 72
T2774 enter read(0x29, 0x77c18fdb94, 0x1, 0, 0, 0x787f5d15c8)
T2774 exit  read -> 1 (0x1) bytes=1: 72
T2659 exit  write -> 1 (0x1)
T2659 enter write(0x60, 0x787e6ad702, 0x1, 0x40, 0x1, 0x1) bytes=1: 72
T4271 enter read(0x5f, 0x77b84b3b94, 0x1, 0, 0, 0)
T4271 exit  read -> 1 (0x1) bytes=1: 72
T2659 exit  write -> 1 (0x1)
T4269 enter write(0x60, 0x787e6ad8c8, 0x1, 0x3174656e6d720073, 0x8, 0x8000) bytes=1: 64
T4269 exit  write -> 1 (0x1)
T4271 enter read(0x5f, 0x77b84b3b94, 0x1, 0, 0, 0x8000)
T4271 exit  read -> 1 (0x1) bytes=1: 64
T4271 enter close(0x5f, 0x5f, 0x1, 0, 0, 0x8000)
T4271 exit  close -> 0 (0)
T4271 enter close(0x60, 0x60, 0x1, 0, 0, 0x8000)
T4271 exit  close -> 0 (0)
T4271 enter close(0x5e, 0x5e, 0x1, 0, 0, 0x8000)
T2674 enter socket(0x2a, 0x80002, 0, 0x1, 0, 0)
T4271 exit  close -> 0 (0)
T2674 exit  socket -> 34 (0x22)
T2674 enter sendto(0x22, 0x77d265c940, 0x14, 0, 0x77d265c930, 0xc) bytes=20: 0a 00 00 00 01 00 00 00 00 00 00 00 00 00 00 00 00 00 00 00 addr: bytes=12: 2a 00 00 00 01 00 00 00 fe ff ff ff
T2674 exit  sendto -> 20 (0x14)
T2674 enter recvfrom(0x22, 0x77d265c990, 0x14, 0, 0, 0)
T2674 exit  recvfrom -> 20 (0x14) bytes=20: 04 00 00 00 00 00 00 00 00 00 00 00 00 00 00 00 00 00 00 00
T2674 enter close(0x22, 0x22, 0x14, 0, 0x14, 0)
T2674 exit  close -> 0 (0)
T2659 enter recvfrom(0xa, 0x77e782bb70, 0x14, 0x40, 0, 0)
T2659 exit  recvfrom -> 20 (0x14) bytes=20: 05 00 00 00 04 00 00 00 01 00 00 00 00 00 00 00 4c 00 00 00
T2659 enter recvfrom(0xa, 0x77e782bb70, 0x14, 0x40, 0, 0)
T2659 exit  recvfrom -> 20 (0x14) bytes=20: 05 00 00 00 1a 00 00 00 01 00 00 00 00 00 00 00 4d 00 00 00
T2659 enter recvfrom(0xa, 0x77e782bb70, 0x14, 0x40, 0, 0)
T2659 exit  recvfrom -> 20 (0x14) bytes=20: 05 00 00 00 08 00 00 00 01 00 00 00 00 00 00 00 4e 00 00 00
T2659 enter recvfrom(0xa, 0x77e782bb70, 0x14, 0x40, 0, 0)
T2659 exit  recvfrom -> 20 (0x14) bytes=20: 05 00 00 00 4d 00 00 00 01 00 00 00 00 00 00 00 4f 00 00 00
T2659 enter recvfrom(0xa, 0x77e782bb70, 0x14, 0x40, 0, 0)
T2659 exit  recvfrom -> 20 (0x14) bytes=20: 05 00 00 00 4b 00 00 00 01 00 00 00 00 00 00 00 54 00 00 00
T2659 enter recvfrom(0xa, 0x77e782bb70, 0x14, 0x40, 0, 0)
T2659 exit  recvfrom -> 20 (0x14) bytes=20: 05 00 00 00 4a 00 00 00 01 00 00 00 00 00 00 00 55 00 00 00
T2659 enter recvfrom(0xa, 0x77e782bb70, 0x14, 0x40, 0, 0)
T2659 exit  recvfrom -> 20 (0x14) bytes=20: 05 00 00 00 2a 00 00 00 01 00 00 00 00 00 00 00 58 00 00 00
T2659 enter write(0x2d, 0x787e6ad702, 0x1, 0x40, 0x2a, 0x1) bytes=1: 72
T2780 enter read(0x2c, 0x77be800b94, 0x1, 0, 0, 0)
T2780 exit  read -> 1 (0x1) bytes=1: 72
T2659 exit  write -> 1 (0x1)
T2659 enter recvfrom(0xa, 0x77e782bb70, 0x14, 0x40, 0, 0)
T2659 exit  recvfrom -> 20 (0x14) bytes=20: 05 00 00 00 02 00 00 00 01 00 00 00 00 00 00 00 59 00 00 00
T2659 enter write(0x54, 0x787e6ad702, 0x1, 0x40, 0x2, 0x1) bytes=1: 72
T2989 enter read(0x53, 0x77da72eb94, 0x1, 0, 0, 0)
T2989 exit  read -> 1 (0x1) bytes=1: 72
T2659 exit  write -> 1 (0x1)
T2659 enter recvfrom(0xa, 0x77e782bb70, 0x14, 0x40, 0, 0)
T2659 exit  recvfrom -> 20 (0x14) bytes=20: 05 00 00 00 30 00 00 00 01 00 00 00 00 00 00 00 5a 00 00 00
T2659 enter recvfrom(0xa, 0x77e782bb70, 0x14, 0x40, 0, 0)
T2659 exit  recvfrom -> 20 (0x14) bytes=20: 05 00 00 00 44 00 00 00 01 00 00 00 00 00 00 00 5b 00 00 00
T2659 enter write(0x3d, 0x787e6ad702, 0x1, 0x40, 0x44, 0x1) bytes=1: 72
T2817 enter read(0x3c, 0x77b9115b94, 0x1, 0, 0, 0)
T2817 exit  read -> 1 (0x1) bytes=1: 72
T2659 exit  write -> 1 (0x1)
T2659 enter recvfrom(0xa, 0x77e782bb70, 0x14, 0x40, 0, 0)
T2659 exit  recvfrom -> 20 (0x14) bytes=20: 05 00 00 00 49 00 00 00 01 00 00 00 00 00 00 00 5c 00 00 00
T2659 enter write(0x5d, 0x787e6ad702, 0x1, 0x40, 0x49, 0x1) bytes=1: 72
T4265 enter read(0x5c, 0x77b86adb94, 0x1, 0, 0, 0)
T4265 exit  read -> 1 (0x1) bytes=1: 72
T2659 exit  write -> 1 (0x1)
T2659 enter recvfrom(0xa, 0x77e782bb70, 0x14, 0x40, 0, 0)
T2659 exit  recvfrom -> 20 (0x14) bytes=20: 05 00 00 00 4e 00 00 00 01 00 00 00 00 00 00 00 5d 00 00 00
attached new tid=6423
T2659 enter recvfrom(0xa, 0x77e782bb70, 0x14, 0x40, 0, 0)
T2659 exit  recvfrom -> 20 (0x14) bytes=20: 05 00 00 00 1d 00 00 00 01 00 00 00 00 00 00 00 5e 00 00 00
T6423 enter write(0x5d, 0x787e6ad8c8, 0x1, 0, 0, 0) bytes=1: 64
T6423 exit  write -> 1 (0x1)
T4265 enter read(0x5c, 0x77b86adb94, 0x1, 0, 0, 0)
T4265 exit  read -> 1 (0x1) bytes=1: 64
T4265 enter close(0x5c, 0x5c, 0x1, 0, 0, 0)
T2659 enter recvfrom(0xa, 0x77e782bb70, 0x14, 0x40, 0, 0)
T4265 exit  close -> 0 (0)
T4265 enter close(0x5d, 0x5d, 0x1, 0, 0, 0)
T4265 exit  close -> 0 (0)
T4265 enter close(0x5b, 0x5b, 0x1, 0, 0, 0)
T2659 exit  recvfrom -> 20 (0x14) bytes=20: 05 00 00 00 05 00 00 00 01 00 00 00 00 00 00 00 5f 00 00 00
T4265 exit  close -> 0 (0)
T2659 enter write(0x39, 0x787e6ad702, 0x1, 0x40, 0x5, 0x1) bytes=1: 72
T2799 enter read(0x38, 0x77bc40cb94, 0x1, 0, 0, 0)
T2799 exit  read -> 1 (0x1) bytes=1: 72
T2659 exit  write -> 1 (0x1)
T6423 enter socket(0x2a, 0x80002, 0, 0x1, 0, 0)
T6423 exit  socket -> 34 (0x22)
T6423 enter sendto(0x22, 0x77c1af7a60, 0x14, 0, 0x77c1af7a50, 0xc) bytes=20: 0a 00 00 00 49 00 00 00 00 00 00 00 00 00 00 00 00 00 00 00 addr: bytes=12: 2a 00 00 00 01 00 00 00 fe ff ff ff
T6423 exit  sendto -> 20 (0x14)
T6423 enter recvfrom(0x22, 0x77c1af7ab0, 0x14, 0, 0, 0)
T6423 exit  recvfrom -> 20 (0x14) bytes=20: 04 00 00 00 00 00 00 00 00 00 00 00 00 00 00 00 00 00 00 00
T6423 enter close(0x22, 0x22, 0x14, 0, 0x14, 0)
T6423 exit  close -> 0 (0)
T2659 enter recvfrom(0xa, 0x77e782bb70, 0x14, 0x40, 0, 0)
T2659 exit  recvfrom -> 20 (0x14) bytes=20: 05 00 00 00 07 00 00 00 01 00 00 00 00 00 00 00 60 00 00 00
T2659 enter write(0x4b, 0x787e6ad702, 0x1, 0x40, 0x7, 0x1) bytes=1: 72
T2834 enter read(0x4a, 0x77b1c24b94, 0x1, 0, 0, 0)
T2834 exit  read -> 1 (0x1) bytes=1: 72
T2659 exit  write -> 1 (0x1)
T2659 enter recvfrom(0xa, 0x77e782bb70, 0x14, 0x40, 0, 0)
T2659 exit  recvfrom -> 20 (0x14) bytes=20: 05 00 00 00 21 00 00 00 01 00 00 00 00 00 00 00 62 00 00 00
T2659 enter write(0x4e, 0x787e6ad702, 0x1, 0x40, 0x21, 0x1) bytes=1: 72
T2843 enter read(0x4d, 0x77b9018b94, 0x1, 0, 0, 0x787f5d15c8)
T2843 exit  read -> 1 (0x1) bytes=1: 72
T2659 exit  write -> 1 (0x1)
T2659 enter recvfrom(0xa, 0x77e782bb70, 0x14, 0x40, 0, 0)
T2659 exit  recvfrom -> 20 (0x14) bytes=20: 05 00 00 00 12 00 00 00 01 00 00 00 00 00 00 00 64 00 00 00
T2659 enter write(0x51, 0x787e6ad702, 0x1, 0x40, 0x12, 0x1) bytes=1: 72
T2849 enter read(0x50, 0x77b8f1bb94, 0x1, 0, 0, 0x787f5d15c8)
T2849 exit  read -> 1 (0x1) bytes=1: 72
T2659 exit  write -> 1 (0x1)
T2659 enter recvfrom(0xa, 0x77e782bb70, 0x14, 0x40, 0, 0)
T2659 exit  recvfrom -> 20 (0x14) bytes=20: 05 00 00 00 10 00 00 00 02 00 00 00 00 00 00 00 68 00 00 00
T2659 enter recvfrom(0xa, 0x77e782bb70, 0x14, 0x40, 0, 0)
T2659 exit  recvfrom -> 20 (0x14) bytes=20: 05 00 00 00 28 00 00 00 01 00 00 00 01 00 00 00 c1 43 00 00
T2659 enter recvfrom(0xa, 0x77e782bb70, 0x14, 0x40, 0, 0)
T2659 exit  recvfrom -> 20 (0x14) bytes=20: 05 00 00 00 02 03 00 00 01 00 00 00 01 00 00 00 97 40 00 00
T2658 enter write(0x33, 0x787e6ad8c8, 0x1, 0x2, 0x77e7927e21, 0x787f5d15c8) bytes=1: 64
T2793 enter read(0x32, 0x77bc606b94, 0x1, 0, 0, 0)
T2793 exit  read -> 1 (0x1) bytes=1: 64
T2793 enter close(0x32, 0x32, 0x1, 0, 0, 0)
T2793 exit  close -> 0 (0)
T2793 enter close(0x33, 0x33, 0x1, 0, 0, 0)
T2658 exit  write -> 1 (0x1)
T2793 exit  close -> 0 (0)
T2793 enter close(0x31, 0x31, 0x1, 0, 0, 0)
T2793 exit  close -> 0 (0)
T2658 enter socket(0x2a, 0x80002, 0, 0x2, 0, 0)
T2658 exit  socket -> 34 (0x22)
T2658 enter sendto(0x22, 0x77e7927f10, 0x14, 0, 0x77e7927f00, 0xc) bytes=20: 0a 00 00 00 09 00 00 00 00 00 00 00 00 00 00 00 00 00 00 00 addr: bytes=12: 2a 00 00 00 01 00 00 00 fe ff ff ff
T2658 exit  sendto -> 20 (0x14)
T2658 enter recvfrom(0x22, 0x77e7927f60, 0x14, 0, 0, 0)
T2658 exit  recvfrom -> 20 (0x14) bytes=20: 04 00 00 00 00 00 00 00 00 00 00 00 00 00 00 00 00 00 00 00
T2658 enter close(0x22, 0x22, 0x14, 0, 0x14, 0)
T2658 exit  close -> 0 (0)
T2657 enter write(0x51, 0x787e6ad8c8, 0x1, 0x2, 0x77e7a24e21, 0x787f5d15c8) bytes=1: 64
T2849 enter read(0x50, 0x77b8f1bb94, 0x1, 0, 0, 0)
T2849 exit  read -> 1 (0x1) bytes=1: 64
T2849 enter close(0x50, 0x50, 0x1, 0, 0, 0)
T2657 exit  write -> 1 (0x1)
T2849 exit  close -> 0 (0)
T2849 enter close(0x51, 0x51, 0x1, 0, 0, 0)
T2849 exit  close -> 0 (0)
T2849 enter close(0x4f, 0x4f, 0x1, 0, 0, 0)
T2849 exit  close -> 0 (0)
T2657 enter socket(0x2a, 0x80002, 0, 0x1, 0, 0)
T2657 exit  socket -> 34 (0x22)
T2657 enter sendto(0x22, 0x77e7a24f10, 0x14, 0, 0x77e7a24f00, 0xc) bytes=20: 0a 00 00 00 12 00 00 00 00 00 00 00 00 00 00 00 00 00 00 00 addr: bytes=12: 2a 00 00 00 01 00 00 00 fe ff ff ff
T2657 exit  sendto -> 20 (0x14)
T2657 enter recvfrom(0x22, 0x77e7a24f60, 0x14, 0, 0, 0)
T2657 exit  recvfrom -> 20 (0x14) bytes=20: 04 00 00 00 00 00 00 00 00 00 00 00 00 00 00 00 00 00 00 00
T2657 enter close(0x22, 0x22, 0x14, 0, 0x14, 0)
T2657 exit  close -> 0 (0)
T2591 exit  write -> 1 (0x1)
T2659 enter recvfrom(0xa, 0x77e782bb70, 0x14, 0x40, 0, 0)
T2659 exit  recvfrom -> 20 (0x14) bytes=20: 04 00 00 00 02 03 00 00 01T2797 enter read(0x48, 0x7c4e69eb94, 0x1, 0, 0, 0) 00
 00 00 01 00 00 00 46 45 00 00
T2797 exit  read -> 1 (0x1) bytes=1: 72
T2591 enter recvfrom(0x11, 0x7c82d2db70, 0x14, 0x40, 0, 0)
T2591 exit  recvfrom -> 20 (0x14) bytes=20: 05 00 00 00 21 00 00 00 01 00 00 00 00 00 00 00 62 00 00 00
T6421 enter write(0x64, 0x7d3c3078c8, 0x1, 0, 0, 0) bytes=1: 64
T2591 enter write(0x55, 0x7d3c307702, 0x1, 0x40, 0x21, 0x1) bytes=1: 72
T6421 exit  write -> 1 (0x1)
T4256 enter read(0x63, 0x7c4aeb6b94, 0x1, 0, 0, 0)
T4256 exit  read -> 1 (0x1) bytes=1: 64
T2844 enter read(0x54, 0x7c4c1adb94, 0x1, 0, 0, 0x7d1e7d55c8)
T4256 enter close(0x63, 0x63, 0x1, 0, 0, 0)
T2844 exit  read -> 1 (0x1) bytes=1: 72
T4256 exit  close -> 0 (0)
T4256 enter close(0x64, 0x64, 0x1, 0, 0, 0)
T4256 exit  close -> 0 (0)
T4256 enter close(0x62, 0x62, 0x1, 0, 0, 0)
T4256 exit  close -> 0 (0)
T2591 exit  write -> 1 (0x1)
T2591 enter recvfrom(0x11, 0x7c82d2db70, 0x14, 0x40, 0, 0)
T2656 enter write(0x4e, 0x787e6ad8c8, 0x1, 0x2, 0x77e7b21e21, 0x787f5d15c8) bytes=1: 64
T2591 exit  recvfrom -> 20 (0x14) bytes=20: 05 00 00 00 12 00 00 00 01 00 00 00 00 00 00 00 64 00 00 00
T2591 enter write(0x58, 0x7d3c307702, 0x1, 0x40, 0x12, 0x1)T2656 exit  write -> 1 (0x1) bytes=1:
 72
T2843 enter read(0x4d, 0x77b9018b94, 0x1, 0, 0, 0)
T2591 exit  write -> 1 (0x1)
T2843 exit  read -> 1 (0x1) bytes=1: 64
T2848 enter read(0x57, 0x7c4b0b0b94, 0x1, 0, 0, 0)
T2848 exit  read -> 1 (0x1) bytes=1: 72
T2843 enter close(0x4d, 0x4d, 0x1, 0, 0, 0)
T2591 enter recvfrom(0x11, 0x7c82d2db70, 0x14, 0x40, 0, 0)
T2843 exit  close -> 0 (0)T2591 exit  recvfrom -> 20 (0x14)
 bytes=20: 05 00 00 00 10 00 00 00 02 00 00 00 00 00 00 00 68 00 00 00
T2843 enter close(0x4e, 0x4e, 0x1, 0, 0, 0)
T2843 exit  close -> 0 (0)
T2843 enter close(0x4c, 0x4c, 0x1, 0, 0, 0)
T2591 enter recvfrom(0x11, 0x7c82d2db70, 0x14, 0x40, 0, 0)
T2843 exit  close -> 0 (0)
T2591 exit  recvfrom -> 20 (0x14) bytes=20: 05 00 00 00 28 00 00 00 01 00 00 00 01 00 00 00 c1 43 00 00
T2591 enter recvfrom(0x11, 0x7c82d2db70, 0x14, 0x40, 0, 0)
T2591 exit  recvfrom -> 20 (0x14) bytes=20: 05 00 00 00 02 03 00 00 01 00 00 00 01 00 00 00 97 40 00 00
T2591 enter recvfrom(0x11, 0x7c82d2db70, 0x14, 0x40, 0, 0)
T2591 exit  recvfrom -> 20 (0x14) bytes=20: 04 00 00 00 02 03 00 00 01 00 00 00 01 00 00 00 46 45 00 00
T2656 enter socket(0x2a, 0x80002, 0, 0x1, 0, 0)
T2586 enter socket(0x2a, 0x80002, 0, 0x1, 0, 0)
T2586 exit  socket -> 34 (0x22)
T2656 exit  socket -> 34 (0x22)T2586 enter sendto(0x22, 0x7c8321df10, 0x14, 0, 0x7c8321df00, 0xc)
 bytes=20: 0a 00 00 00 0c 00 00 00 00 00 00 00 00 00 00 00 00 00 00 00 addr: bytes=12: 2a 00 00 00 01 00 00 00 fe ff ff ff
T2586 exit  sendto -> 20 (0x14)
T2586 enter recvfrom(0x22, 0x7c8321df60, 0x14, 0, 0, 0)
T2656 enter sendto(0x22, 0x77e7b21f10, 0x14, 0, 0x77e7b21f00, 0xc) bytes=20:T2586 exit  recvfrom -> 20 (0x14) 0a 00 00 00 21 00 bytes=20: 00 04 00 00 00 00 00 00 00 00 00 00 00 00 00 00 00 00 00 00 00 00 00 00 00 00 00 00 addr: 00 00 00 00 00 bytes=12: 00 2a
 00 00 00 01 00 00 00 fe ff ff ff
T2586 enter close(0x22, 0x22, 0x14, 0, 0x14, 0)
T2656 exit  sendto -> 20 (0x14)
T2584 enter write(0x21, 0x7d3c3078c8, 0x1, 0x2, 0x7c83417e21, 0) bytes=1: 64
T2656 enter recvfrom(0x22, 0x77e7b21f60, 0x14, 0, 0, 0)
T2586 exit  close -> 0 (0)
T2627 enter read(0x20, 0x7c5e66eb94, 0x1, 0, 0, 0)
T2656 exit  recvfrom -> 20 (0x14) bytes=20: 04 00 00 00 00 00 00T2627 exit  read -> 1 (0x1) 00 00 bytes=1: 00 64 00
 00 00 00 00 00 00 00 00 00
T2627 enter close(0x20, 0x20, 0x1, 0, 0, 0)
T6421 enter socket(0x2a, 0x80002, 0, 0x1, 0, 0)
T2627 exit  close -> 0 (0)
T6421 exit  socket -> 32 (0x20)
T2627 enter close(0x21, 0x21, 0x1, 0, 0, 0)
T2627 exit  close -> 0 (0)
T2627 enter close(0x1f, 0x1f, 0x1, 0, 0, 0)
T2656 enter close(0x22, 0x22, 0x14, 0, 0x14, 0)T6421 enter sendto(0x20, 0x7c5e571a60, 0x14, 0, 0x7c5e571a50, 0xc)
 bytes=20: 0a 00 00 00 49 00 00 00 00 00 00 00 00 00 00 00 00 00 00 00 addr: bytes=12: 2a 00 00 00 01 00 00 00 fe ff ff ff
T2627 exit  close -> 0 (0)
T6421 exit  sendto -> 20 (0x14)
T6421 enter recvfrom(0x20, 0x7c5e571ab0, 0x14, 0, 0, 0)
T2655 enter write(0x39, 0x787e6ad8c8, 0x1, 0x2, 0x77e7c1ee21, 0x787f5d15c8)T2584 exit  write -> 1 (0x1)
 bytes=1: 64
T2799 enter read(0x38, 0x77bc40cb94, 0x1, 0, 0, 0)
T2799 exit  read -> 1 (0x1) bytes=1: 64
T2799 enter close(0x38, 0x38, 0x1, 0, 0, 0)
T2799 exit  close -> 0 (0)
T2799 enter close(0x39, 0x39, 0x1, 0, 0, 0)
T2799 exit  close -> 0 (0)
T2799 enter close(0x37, 0x37, 0x1, 0, 0, 0)
T2799 exit  close -> 0 (0)
T2589 enter write(0x58, 0x7d3c3078c8, 0x1, 0x2, 0x7c82f26e21, 0x7d1e7d55c8)T2656 exit  close -> 0 (0) bytes=1:
 64
T2848 enter read(0x57, 0x7c4b0b0b94, 0x1, 0, 0, 0)
T2848 exit  read -> 1 (0x1) bytes=1: 64
T2848 enter close(0x57, 0x57, 0x1, 0, 0, 0)
T2848 exit  close -> 0 (0)
T2848 enter close(0x58, 0x58, 0x1, 0, 0, 0)
T2589 exit  write -> 1 (0x1)
T2848 exit  close -> 0 (0)
T2848 enter close(0x56, 0x56, 0x1, 0, 0, 0)
T2848 exit  close -> 0 (0)
T6421 exit  recvfrom -> 20 (0x14) bytes=20: 04 00 00 00 00 00 00 00 00 00 00 00 00 00 00 00 00 00 00 00
T6421 enter close(0x20, 0x20, 0x14, 0, 0x14, 0)
T6421 exit  close -> 0 (0)
T2589 enter socket(0x2a, 0x80002, 0, 0x1, 0, 0)
T2589 exit  socket -> 31 (0x1f)
T2589 enter sendto(0x1f, 0x7c82f26f10, 0x14, 0, 0x7c82f26f00, 0xc) bytes=20: 0a 00 00 00 12 00 00 00 00 00 00 00 00 00 00 00 00 00 00 00 addr: bytes=12: 2a 00 00 00 01 00 00 00 fe ff ff ff
T2589 exit  sendto -> 20 (0x14)
T2589 enter recvfrom(0x1f, 0x7c82f26f60, 0x14, 0, 0, 0)
T2655 exit  write -> 1 (0x1)
T2587 enter write(0x4f, 0x7d3c3078c8, 0x1, 0x2, 0x7c83120e21, 0x7d1e7d55c8) bytes=1: 64
T2655 enter socket(0x2a, 0x80002, 0, 0x1, 0, 0)
T2588 enter write(0x55, 0x7d3c3078c8, 0x1, 0x2, 0x7c83023e21, 0x7d1e7d55c8) bytes=1: 64
T2587 exit  write -> 1 (0x1)
T2816 enter read(0x4e, 0x7c4d4a4b94, 0x1, 0, 0, 0)
T2655 exit  socket -> 34 (0x22)
T2816 exit  read -> 1 (0x1) bytes=1: 64
T2588 exit  write -> 1 (0x1)
T2816 enter close(0x4e, 0x4e, 0x1, 0, 0, 0)
T2844 enter read(0x54, 0x7c4c1adb94, 0x1, 0, 0, 0)
T2844 exit  read -> 1 (0x1) bytes=1: 64
T2816 exit  close -> 0 (0)
T2655 enter sendto(0x22, 0x77e7c1ef10, 0x14, 0, 0x77e7c1ef00, 0xc)T2844 enter close(0x54, 0x54, 0x1, 0, 0, 0)
 bytes=20: 0aT2816 enter close(0x4f, 0x4f, 0x1, 0, 0, 0) 00
 00 00 05 00 00 00 00 00 00 00 00 00 00 00 00 00 00 00 addr:T2844 exit  close -> 0 (0)
 bytes=12: 2a 00 00 00 01 00 00 00T2844 enter close(0x55, 0x55, 0x1, 0, 0, 0) fe
 ff ff ff
T2816 exit  close -> 0 (0)
T2844 exit  close -> 0 (0)
T2844 enter close(0x53, 0x53, 0x1, 0, 0, 0)
T2816 enter close(0x4d, 0x4d, 0x1, 0, 0, 0)
T2844 exit  close -> 0 (0)
T2816 exit  close -> 0 (0)
T2655 exit  sendto -> 20 (0x14)
T2655 enter recvfrom(0x22, 0x77e7c1ef60, 0x14, 0, 0, 0)
T2654 enter write(0x42, 0x787e6ad8c8, 0x1, 0x2, 0x77e7d1be21, 0x787f5d15c8) bytes=1: 64
T2654 exit  write -> 1 (0x1)
T2825 enter read(0x41, 0x77b7f1bb94, 0x1, 0, 0, 0)
T2583 enter write(0x47, 0x7d3c3078c8, 0x1, 0x2, 0x7c83514e21, 0x7d1e7d55c8) bytes=1: 64
T2825 exit  read -> 1 (0x1) bytes=1: 64
T2825 enter close(0x41, 0x41, 0x1, 0, 0, 0)
T2825 exit  close -> 0 (0)
T2825 enter close(0x42, 0x42, 0x1, 0, 0, 0)
T2825 exit  close -> 0 (0)
T2796 enter read(0x46, 0x7c4e79bb94, 0x1, 0, 0, 0)
T2825 enter close(0x40, 0x40, 0x1, 0, 0, 0)
T2796 exit  read -> 1 (0x1) bytes=1: 64
T2825 exit  close -> 0 (0)
T2796 enter close(0x46, 0x46, 0x1, 0, 0, 0)
T2796 exit  close -> 0 (0)
T2583 exit  write -> 1 (0x1)
T2796 enter close(0x47, 0x47, 0x1, 0, 0, 0)
T2796 exit  close -> 0 (0)
T2796 enter close(0x44, 0x44, 0x1, 0, 0, 0)
T2796 exit  close -> 0 (0)
T2589 exit  recvfrom -> 20 (0x14) bytes=20: 04 00 00 00 00 00 00 00 00 00 00T2655 exit  recvfrom -> 20 (0x14) 00 00 00 bytes=20: 00 00 00 00 00 00
 04 00 00 00T2589 enter close(0x1f, 0x1f, 0x14, 0, 0x14, 0) 00
 00 00 00 00 00 00 00 00 00 00 00 00 00 00 00
T2589 exit  close -> 0 (0)
T2655 enter close(0x22, 0x22, 0x14, 0, 0x14, 0)T2584 enter socket(0x2a, 0x80002, 0, 0x1, 0, 0)

T2584 exit  socket -> 31 (0x1f)
T2582 enter write(0x49, 0x7d3c3078c8, 0x1, 0x2, 0x7c83611e21, 0) bytes=1: 64
T2655 exit  close -> 0 (0)
T2797 enter read(0x48, 0x7c4e69eb94, 0x1, 0, 0, 0)
T2797 exit  read -> 1 (0x1) bytes=1: 64
T2797 enter close(0x48, 0x48, 0x1, 0, 0, 0)
T2797 exit  close -> 0 (0)
T2797 enter close(0x49, 0x49, 0x1, 0, 0, 0)
T2797 exit  close -> 0 (0)
T2797 enter close(0x45, 0x45, 0x1, 0, 0, 0)
T2797 exit  close -> 0 (0)
T2654 enter socket(0x2a, 0x80002, 0, 0x1, 0, 0)
T2654 exit  socket -> 34 (0x22)
T2654 enter sendto(0x22, 0x77e7d1bf10, 0x14, 0, 0x77e7d1bf00, 0xc) bytes=20: 0a 00 00 00 0c 00 00 00 00 00 00 00 00 00 00 00 00 00 00 00 addr: bytes=12: 2a 00 00 00 01 00 00 00 fe ff ff ff
T2654 exit  sendto -> 20 (0x14)
T2654 enter recvfrom(0x22, 0x77e7d1bf60, 0x14, 0, 0, 0)
T2584 enter sendto(0x1f, 0x7c83417f10, 0x14, 0, 0x7c83417f00, 0xc) bytes=20: 0a 00 00 00 24 00 00 00 00 00 00 00 00 00 00 00 00 00 00 00 addr: bytes=12: 2a 00 00 00 01 00 00 00 fe ff ff ff
T2584 exit  sendto -> 20 (0x14)
T2584 enter recvfrom(0x1f, 0x7c83417f60, 0x14, 0, 0, 0)
T2582 exit  write -> 1 (0x1)
T2653 enter write(0x1b, 0x787e6ad8c8, 0x1, 0x2, 0x77e7e18e21, 0x787f5d15c8) bytes=1: 64
T2677 enter read(0x1a, 0x77c8365b94, 0x1, 0, 0, 0)
T2677 exit  read -> 1 (0x1) bytes=1: 64
T2677 enter close(0x1a, 0x1a, 0x1, 0, 0, 0)
T2677 exit  close -> 0 (0)
T2677 enter close(0x1b, 0x1b, 0x1, 0, 0, 0)
T2677 exit  close -> 0 (0)
T2677 enter close(0x19, 0x19, 0x1, 0, 0, 0)
T2677 exit  close -> 0 (0)
T2653 exit  write -> 1 (0x1)
T2581 enter write(0x4c, 0x7d3c3078c8, 0x1, 0x2, 0x7c8370ee21, 0x7d1e7d55c8) bytes=1: 64
T2581 exit  write -> 1 (0x1)
T2806 enter read(0x4b, 0x7c4e5a1b94, 0x1, 0, 0, 0)
T2806 exit  read -> 1 (0x1) bytes=1: 64
T2806 enter close(0x4b, 0x4b, 0x1, 0, 0, 0)
T2806 exit  close -> 0 (0)
T2806 enter close(0x4c, 0x4c, 0x1, 0, 0, 0)
T2806 exit  close -> 0 (0)
T2806 enter close(0x4a, 0x4a, 0x1, 0, 0, 0)
T2806 exit  close -> 0 (0)
T2652 enter write(0x1e, 0x787e6ad8c8, 0x1, 0x2, 0x77e7f15e21, 0x787f5d15c8) bytes=1: 64
T2652 exit  write -> 1 (0x1)
T2678 enter read(0x1d, 0x77c7268b94, 0x1, 0, 0, 0)
T2678 exit  read -> 1 (0x1) bytes=1: 64
T2678 enter close(0x1d, 0x1d, 0x1, 0, 0, 0)
T2678 exit  close -> 0 (0)
T2678 enter close(0x1e, 0x1e, 0x1, 0, 0, 0)
T2678 exit  close -> 0 (0)
T2678 enter close(0x1c, 0x1c, 0x1, 0, 0, 0)
T2678 exit  close -> 0 (0)
T2654 exit  recvfrom -> 20 (0x14) bytes=20: 04 00 00 00 00 00 00 00 00 00 00 00 00 00 00 00 00 00 00 00
T2654 enter close(0x22, 0x22, 0x14, 0, 0x14, 0)
T2654 exit  close -> 0 (0)
T2653 enter socket(0x2a, 0x80002, 0, 0x1, 0, 0)
T2653 exit  socket -> 25 (0x19)
T2653 enter sendto(0x19, 0x77e7e18f10, 0x14, 0, 0x77e7e18f00, 0xc) bytes=20: 0a 00 00 00 18 00 00 00 00 00 00 00 00 00 00 00 00 00 00 00 addr: bytes=12: 2a 00 00 00 01 00 00 00 fe ff ff ff
T2653 exit  sendto -> 20 (0x14)
T2653 enter recvfrom(0x19, 0x77e7e18f60, 0x14, 0, 0, 0)
T2653 exit  recvfrom -> 20 (0x14) bytes=20: 04 00 00 00 18 00 00 00 01 01 00 00 05 00 00 00 0e 00 00 00
T2653 enter recvfrom(0x19, 0x77e7e18f60, 0x14, 0, 0, 0)
T2653 exit  recvfrom -> 20 (0x14) bytes=20: 04 00 00 00 18 00 00 00 01 53 00 00 09 00 00 00 08 00 00 00
T2653 enter recvfrom(0x19, 0x77e7e18f60, 0x14, 0, 0, 0)
T2653 exit  recvfrom -> 20 (0x14) bytes=20: 04 00 00 00 18 00 00 00 01 43 00 00 0a 00 00 00 0d 00 00 00
T2653 enter recvfrom(0x19, 0x77e7e18f60, 0x14, 0, 0, 0)
T2653 exit  recvfrom -> 20 (0x14) bytes=20: 04 00 00 00 00 00 00 00 00 00 00 00 00 00 00 00 00 00 00 00
T2653 enter close(0x19, 0x19, 0x14, 0, 0x14, 0)
T2653 exit  close -> 0 (0)
T2652 enter socket(0x2a, 0x80002, 0, 0x1, 0, 0)
T2652 exit  socket -> 25 (0x19)
T2652 enter sendto(0x19, 0x77e7f15f10, 0x14, 0, 0x77e7f15f00, 0xc) bytes=20: 0a 00 00 00 24 00 00 00 00 00 00 00 00 00 00 00 00 00 00 00 addr: bytes=12: 2a 00 00 00 01 00 00 00 fe ff ff ff
T2652 exit  sendto -> 20 (0x14)
T2652 enter recvfrom(0x19, 0x77e7f15f60, 0x14, 0, 0, 0)
T2652 exit  recvfrom -> 20 (0x14) bytes=20: 04 00 00 00 00 00 00 00 00 00 00 00 00 00 00 00 00 00 00 00
T2652 enter close(0x19, 0x19, 0x14, 0, 0x14, 0)
T2652 exit  close -> 0 (0)
T2653 enter socket(0x2a, 0x80002, 0, 0x1, 0x77e7e18fdc, 0x77e7e19260)
T2653 exit  socket -> 25 (0x19)
T2653 enter sendto(0x19, 0x77e7e18ef0, 0x14, 0, 0x77e7e18ee0, 0xc) bytes=20: 0a 00 00 00 18 00 00 00 00 00 00 00 00 00 00 00 00 00 00 00 addr: bytes=12: 2a 00 00 00 01 00 00 00 fe ff ff ff
T2653 exit  sendto -> 20 (0x14)
T2653 enter recvfrom(0x19, 0x77e7e18f40, 0x14, 0, 0, 0)
T2653 exit  recvfrom -> 20 (0x14) bytes=20: 04 00 00 00 18 00 00 00 01 01 00 00 05 00 00 00 0e 00 00 00
T2653 enter recvfrom(0x19, 0x77e7e18f40, 0x14, 0, 0, 0)
T2653 exit  recvfrom -> 20 (0x14) bytes=20: 04 00 00 00 18 00 00 00 01 53 00 00 09 00 00 00 08 00 00 00
T2653 enter recvfrom(0x19, 0x77e7e18f40, 0x14, 0, 0, 0)
T2653 exit  recvfrom -> 20 (0x14) bytes=20: 04 00 00 00 18 00 00 00 01 43 00 00 0a 00 00 00 0d 00 00 00
T2653 enter recvfrom(0x19, 0x77e7e18f40, 0x14, 0, 0, 0)
T2653 exit  recvfrom -> 20 (0x14) bytes=20: 04 00 00 00 00 00 00 00 00 00 00 00 00 00 00 00 00 00 00 00
T2653 enter close(0x19, 0x19, 0x14, 0, 0x14, 0)
T2653 exit  close -> 0 (0)
T2653 enter socket(0x2a, 0x80002, 0, 0x1, 0x77e7e18cbc, 0x77e7e18e00)
T2653 exit  socket -> 25 (0x19)
T2653 enter sendto(0x19, 0x77e7e18bd0, 0x14, 0, 0x77e7e18bc0, 0xc) bytes=20: 0a 00 00 00 18 00 00 00 00 00 00 00 00 00 00 00 00 00 00 00 addr: bytes=12: 2a 00 00 00 01 00 00 00 fe ff ff ff
T2653 exit  sendto -> 20 (0x14)
T2653 enter recvfrom(0x19, 0x77e7e18c20, 0x14, 0, 0, 0)
T2653 exit  recvfrom -> 20 (0x14) bytes=20: 04 00 00 00 18 00 00 00 01 01 00 00 05 00 00 00 0e 00 00 00
T2653 enter recvfrom(0x19, 0x77e7e18c20, 0x14, 0, 0, 0)
T2653 exit  recvfrom -> 20 (0x14) bytes=20: 04 00 00 00 18 00 00 00 01 53 00 00 09 00 00 00 08 00 00 00
T2584 exit  recvfrom -> 20 (0x14) bytes=20: 04 00 00 00 00 00 00T2653 enter recvfrom(0x19, 0x77e7e18c20, 0x14, 0, 0, 0) 00
 00 00 00 00 00 00 00 00 00 00 00 00
T2653 exit  recvfrom -> 20 (0x14) bytes=20: 04 00 00 00 18 00 00 00 01 43 00 00 0a 00 00 00 0d 00 00 00
T2653 enter recvfrom(0x19, 0x77e7e18c20, 0x14, 0, 0, 0)
T2584 enter close(0x1f, 0x1f, 0x14, 0, 0x14, 0)
T2653 exit  recvfrom -> 20 (0x14) bytes=20: 04 00 00 00 00 00 00 00 00 00 00 00 00 00 00 00 00 00 00 00
T2584 exit  close -> 0 (0)
T2587 enter socket(0x2a, 0x80002, 0, 0x1, 0, 0)
T2587 exit  socket -> 31 (0x1f)
T2653 enter close(0x19, 0x19, 0x14, 0, 0x14, 0)
T2587 enter sendto(0x1f, 0x7c83120f10, 0x14, 0, 0x7c83120f00, 0xc) bytes=20: 0a 00 00 00 05 00 00 00 00 00 00 00 00 00 00 00 00 00 00 00T2653 exit  close -> 0 (0) addr:
 bytes=12: 2a 00 00 00 01 00 00 00 fe ff ff ffT2653 enter socket(0x2a, 0x80002, 0, 0x7895f957b0, 0x7895f957c0, 0x44b)

T2587 exit  sendto -> 20 (0x14)T2653 exit  socket -> 25 (0x19)

T2587 enter recvfrom(0x1f, 0x7c83120f60, 0x14, 0, 0, 0)
attached new tid=6438
T2587 exit  recvfrom -> 20 (0x14) bytes=20: 04 00 00 00 00 00 00 00 00 00 00 00 00 00 00 00 00 00 00 00
T2587 enter close(0x1f, 0x1f, 0x14, 0, 0x14, 0)
T2587 exit  close -> 0 (0)
T2588 enter socket(0x2a, 0x80002, 0, 0x1, 0, 0)
T2588 exit  socket -> 31 (0x1f)
T2653 enter write(0x1b, 0x787e6ad6c3, 0x1, 0, 0, 0) bytes=1: 61
T2588 enter sendto(0x1f, 0x7c83023f10, 0x14, 0, 0x7c83023f00, 0xc) bytes=20: 0a 00 00 00 21 00 00 00 00 00 00 00 00 00 00 00 00 00 00 00 addr: bytes=12: 2a 00 00 00 01 00 00 00 fe ff ff ff
T2653 exit  write -> 1 (0x1)
T2588 exit  sendto -> 20 (0x14)
T2588 enter recvfrom(0x1f, 0x7c83023f60, 0x14, 0, 0, 0)
T2588 exit  recvfrom -> 20 (0x14) bytes=20: 04 00 00 00 00 00 00 00 00 00T2653 enter socket(0x2a, 0x80002, 0, 0x1, 0, 0) 00
 00 00 00 00 00 00 00 00 00
T2588 enter close(0x1f, 0x1f, 0x14, 0, 0x14, 0)
T6438 enter read(0x1a, 0x77c8365b94, 0x1, 0, 0, 0x4)
T2588 exit  close -> 0 (0)
T6438 exit  read -> 1 (0x1) bytes=1: 61
T2653 exit  socket -> 28 (0x1c)
T2653 enter sendto(0x1c, 0x77e7e18b80, 0x14, 0, 0x77e7e18b70, 0xc) bytes=20: 0a 00 00 00 18 00 00 00 00 00 00 00 00 00 00 00 00 00 00 00 addr: bytes=12: 2a 00 00 00 01 00 00 00 fe ff ff ff
T2653 exit  sendto -> 20 (0x14)
T2653 enter recvfrom(0x1c, 0x77e7e18bd0, 0x14, 0, 0, 0)
T2583 enter socket(0x2a, 0x80002, 0, 0x1, 0, 0)
T2583 exit  socket -> 31 (0x1f)
T2583 enter sendto(0x1f, 0x7c83514f10, 0x14, 0, 0x7c83514f00, 0xc)T2653 exit  recvfrom -> 20 (0x14) bytes=20: bytes=20: 0a 04 00 00 00 00 00 00 44 18 00 00 00 00 00 00 00 01 00 01 00 00 00 00 00 05 00 00 00 00 00 00 00 0e 00 00 00 00 00 00 addr:
 bytes=12: 2a 00 00 00 01 00 00 00 fe ff ff ff
T2653 enter recvfrom(0x1c, 0x77e7e18bd0, 0x14, 0, 0, 0)
T2653 exit  recvfrom -> 20 (0x14) bytes=20: 04 00 00 00 18 00 00T2583 exit  sendto -> 20 (0x14) 00
 01 53 00 00 09 00 00 00 08 00 00 00
T2583 enter recvfrom(0x1f, 0x7c83514f60, 0x14, 0, 0, 0)
T2583 exit  recvfrom -> 20 (0x14)T2653 enter recvfrom(0x1c, 0x77e7e18bd0, 0x14, 0, 0, 0)
 bytes=20: 04 00 00 00 00 00 00 00 00 00 00 00T2653 exit  recvfrom -> 20 (0x14) 00 00 00 bytes=20: 00 04 00 00 00 00 00 00 00 18
 00 00 00 01 43 00 00 0a 00 00 00 0dT2583 enter close(0x1f, 0x1f, 0x14, 0, 0x14, 0) 00
 00 00
T2653 enter recvfrom(0x1c, 0x77e7e18bd0, 0x14, 0, 0, 0)
T2583 exit  close -> 0 (0)
T2653 exit  recvfrom -> 20 (0x14) bytes=20: 04 00 00 00 00 00 00 00 00 00 00 00 00 00 00 00 00 00 00 00
T2582 enter socket(0x2a, 0x80002, 0, 0x1, 0, 0)
T2653 enter close(0x1c, 0x1c, 0x14, 0, 0x14, 0)
T2582 exit  socket -> 31 (0x1f)
T2653 exit  close -> 0 (0)
T2653 enter socket(0x2a, 0x80002, 0, 0x1, 0x77e7e18c6c, 0xb4000078960a9040)
T2582 enter sendto(0x1f, 0x7c83611f10, 0x14, 0, 0x7c83611f00, 0xc) bytes=20: 0a 00 00 00 07 00 00 00 00 00 00 00 00 00 00T2653 exit  socket -> 28 (0x1c) 00
 00 00 00 00 addr: bytes=12: 2a 00 00 00 01 00 00 00 fe ff ff ff
T2582 exit  sendto -> 20 (0x14)
T2653 enter sendto(0x1c, 0x77e7e18b80, 0x14, 0, 0x77e7e18b70, 0xc) bytes=20: 0a 00 00 00 18 00 00T2582 enter recvfrom(0x1f, 0x7c83611f60, 0x14, 0, 0, 0) 00
 00 00 00 00 00 00 00 00 00 00 00 00 addr: bytes=12: 2a 00 00 00 01 00 00 00 fe ff ff ff
T2653 exit  sendto -> 20 (0x14)
T2653 enter recvfrom(0x1c, 0x77e7e18bd0, 0x14, 0, 0, 0)
T2651 enter write(0x3d, 0x787e6ad8c8, 0x1, 0x2, 0x77e8012e21, 0x787f5d15c8) bytes=1: 64
T2817 enter read(0x3c, 0x77b9115b94, 0x1, 0, 0, 0)
T2817 exit  read -> 1 (0x1) bytes=1: 64
T2817 enter close(0x3c, 0x3c, 0x1, 0, 0, 0)
T2817 exit  close -> 0 (0)
T2817 enter close(0x3d, 0x3d, 0x1, 0, 0, 0)
T2817 exit  close -> 0 (0)
T2817 enter close(0x3b, 0x3b, 0x1, 0, 0, 0)
T2817 exit  close -> 0 (0)
T2603 enter ioctl(0xe, 0xc0306201, 0x7c8214f928, 0, 0, 0x1) ioctl_req=0xc0306201
T2603 exit  ioctl -> 0 (0)
T2651 exit  write -> 1 (0x1)
T2603 enter ioctl(0xe, 0xc0306201, 0x7c8214f828, 0, 0, 0x1) ioctl_req=0xc0306201
T2603 exit  ioctl -> 0 (0)
T2582 exit  recvfrom -> 20 (0x14) bytes=20: 04 00 00 00 00 00 00 00 00 00 00 00 00 00 00 00 00 00 00 00
T2579 enter write(0x43, 0x7d3c3078c8, 0x1, 0x2, 0x7c83908e21, 0x7d1e7d55c8) bytes=1: 64
T2788 enter read(0x42, 0x7c4f898b94, 0x1, 0, 0, 0)
T2579 exit  write -> 1 (0x1)
T2788 exit  read -> 1 (0x1) bytes=1: 64
T2788 enter close(0x42, 0x42, 0x1, 0, 0, 0)
T2788 exit  close -> 0 (0)
T2788 enter close(0x43, 0x43, 0x1, 0, 0, 0)
T2582 enter close(0x1f, 0x1f, 0x14, 0, 0x14, 0)
T2788 exit  close -> 0 (0)
T2788 enter close(0x41, 0x41, 0x1, 0, 0, 0)
T2788 exit  close -> 0 (0)
T2582 exit  close -> 0 (0)
T2653 exit  recvfrom -> 20 (0x14) bytes=20: 04 00 00 00 18 00 00 00 01 01 00 00 05 00 00 00 0e 00 00 00
T2653 enter recvfrom(0x1c, 0x77e7e18bd0, 0x14, 0, 0, 0)
T2653 exit  recvfrom -> 20 (0x14) bytes=20: 04 00 00 00 18 00 00 00 01 53 00 00 09 00 00 00 08 00 00 00
T2653 enter recvfrom(0x1c, 0x77e7e18bd0, 0x14, 0, 0, 0)
T2653 exit  recvfrom -> 20 (0x14) bytes=20: 04 00 00 00 18 00 00 00 01 43 00 00 0a 00 00 00 0d 00 00 00
T2653 enter recvfrom(0x1c, 0x77e7e18bd0, 0x14, 0, 0, 0)
T2653 exit  recvfrom -> 20 (0x14) bytes=20: 04 00 00 00 00 00 00 00 00 00 00 00 00 00 00 00 00 00 00 00
T2653 enter close(0x1c, 0x1c, 0x14, 0, 0x14, 0)
T2653 exit  close -> 0 (0)
T2651 enter socket(0x2a, 0x80002, 0, 0x1, 0, 0)
T2651 exit  socket -> 28 (0x1c)
T2651 enter sendto(0x1c, 0x77e8012f10, 0x14, 0, 0x77e8012f00, 0xc) bytes=20: 0a 00 00 00 44 00 00 00 00 00 00 00 00 00 00 00 00 00 00 00 addr: bytes=12: 2a 00 00 00 01 00 00 00 fe ff ff ff
T2651 exit  sendto -> 20 (0x14)
T2651 enter recvfrom(0x1c, 0x77e8012f60, 0x14, 0, 0, 0)
T2651 exit  recvfrom -> 20 (0x14) bytes=20: 04 00 00 00 00 00 00 00 00 00 00 00 00 00 00 00 00 00 00 00
T2651 enter close(0x1c, 0x1c, 0x14, 0, 0x14, 0)
T2668 enter sendto(0x19, 0xb4000077ede3f1d8, 0x7, 0x40, 0x77d9f453c8, 0xc) bytes=7: 00 01 00 20 00 00 00 addr: bytes=12: 2a 00 00 00 05 00 00 00 0e 00 00 00
T2668 exit  sendto -> 7 (0x7)
T2651 exit  close -> 0 (0)
T6438 enter recvfrom(0x19, 0xb400007896105b00, 0x454, 0x40, 0x77c8365b88, 0x77c8365b84)
T6438 exit  recvfrom -> 41 (0x29) bytes=41: 02 01 00 20 00 22 00 02 04 00 00 00 00 00 10 18 00 01 15 63 70 75 76 5f 72 65 73 74 72 69 63 74 69 6f 6e 5f 63 6f 6c 64 01
T2581 enter socket(0x2a, 0x80002, 0, 0x1, 0, 0)
T2581 exit  socket -> 31 (0x1f)
T2581 enter sendto(0x1f, 0x7c8370ef10, 0x14, 0, 0x7c8370ef00, 0xc) bytes=20: 0a 00 00 00 2a 00 00 00 00 00 00 00 00 00 00 00 00 00 00 00 addr: bytes=12: 2a 00 00 00 01 00 00 00 fe ff ff ff
T2581 exit  sendto -> 20 (0x14)
T2581 enter recvfrom(0x1f, 0x7c8370ef60, 0x14, 0, 0, 0)
T2603 enter ioctl(0xe, 0xc0306201, 0x7c8214fae0, 0, 0, 0) ioctl_req=0xc0306201
T2581 exit  recvfrom -> 20 (0x14) bytes=20: 04 00 00 00 00 00 00 00 00 00 00 00 00 00 00 00 00 00 00 00
T2650 enter write(0x4b, 0x787e6ad8c8, 0x1, 0x2, 0x77e810fe21, 0x787f5d15c8)T2581 enter close(0x1f, 0x1f, 0x14, 0, 0x14, 0) bytes=1:
 64
T2603 exit  ioctl -> 0 (0)
T2581 exit  close -> 0 (0)
T2834 enter read(0x4a, 0x77b1c24b94, 0x1, 0, 0, 0)
T2834 exit  read -> 1 (0x1) bytes=1: 64
T2834 enter close(0x4a, 0x4a, 0x1, 0, 0, 0)
T2834 exit  close -> 0 (0)T2603 enter write(0x7, 0x7d39599727, 0x1, 0x2, 0x2, 0x7d1e7d55c8)
 bytes=1: 20
T2834 enter close(0x4b, 0x4b, 0x1, 0, 0, 0)
T2603 exit  write -> 1 (0x1)
T2834 exit  close -> 0 (0)
T2834 enter close(0x43, 0x43, 0x1, 0, 0, 0)
T2834 exit  close -> 0 (0)
T2603 enter ioctl(0xe, 0xc0306201, 0x7c8214fb08, 0, 0, 0x1) ioctl_req=0xc0306201
T2603 exit  ioctl -> 0 (0)
T2650 exit  write -> 1 (0x1)
T2650 enter socket(0x2a, 0x80002, 0, 0x1, 0, 0)
T2650 exit  socket -> 28 (0x1c)
T2650 enter sendto(0x1c, 0x77e810ff10, 0x14, 0, 0x77e810ff00, 0xc) bytes=20: 0a 00 00 00 07 00 00 00 00 00 00 00 00 00 00 00 00 00 00 00 addr: bytes=12: 2a 00 00 00 01 00 00 00 fe ff ff ff
T2650 exit  sendto -> 20 (0x14)
T2650 enter recvfrom(0x1c, 0x77e810ff60, 0x14, 0, 0, 0)
T2650 exit  recvfrom -> 20 (0x14) bytes=20: 04 00 00 00 00 00 00 00 00 00 00 00 00 00 00 00 00 00 00 00
T2650 enter close(0x1c, 0x1c, 0x14, 0, 0x14, 0)
T2650 exit  close -> 0 (0)
T2649 enter write(0x2d, 0x787e6ad8c8, 0x1, 0x2, 0x77e820ce21, 0x787f5d15c8) bytes=1: 64
T2780 enter read(0x2c, 0x77be800b94, 0x1, 0, 0, 0)
T2780 exit  read -> 1 (0x1) bytes=1: 64
T2780 enter close(0x2c, 0x2c, 0x1, 0, 0, 0)
T2780 exit  close -> 0 (0)
T2780 enter close(0x2d, 0x2d, 0x1, 0, 0, 0)
T2780 exit  close -> 0 (0)
T2780 enter close(0x2b, 0x2b, 0x1, 0, 0, 0)
T2649 exit  write -> 1 (0x1)
T2780 exit  close -> 0 (0)
T2649 enter socket(0x2a, 0x80002, 0, 0x1, 0, 0)
T2649 exit  socket -> 28 (0x1c)
T2649 enter sendto(0x1c, 0x77e820cf10, 0x14, 0, 0x77e820cf00, 0xc) bytes=20: 0a 00 00 00 2a 00 00 00 00 00 00 00 00 00 00 00 00 00 00 00 addr: bytes=12: 2a 00 00 00 01 00 00 00 fe ff ff ff
T2649 exit  sendto -> 20 (0x14)
T2671 enter ioctl(0xf, 0xc0306201, 0x77d9c4d7d0, 0, 0, 0) ioctl_req=0xc0306201
T2649 enter recvfrom(0x1c, 0x77e820cf60, 0x14, 0, 0, 0)
T2649 exit  recvfrom -> 20 (0x14) bytes=20: 04 00 00 00 00 00 00 00 00 00 00 00 00 00 00 00 00 00 00 00
T2671 exit  ioctl -> 0 (0)
T2649 enter close(0x1c, 0x1c, 0x14, 0, 0x14, 0)
T2649 exit  close -> 0 (0)
T2671 enter write(0x7, 0x787b896727, 0x1, 0x2, 0x2, 0x787f5d15c8) bytes=1: 20
T2671 exit  write -> 1 (0x1)
T2671 enter ioctl(0xf, 0xc0306201, 0x77d9c4d7f8, 0, 0, 0x1) ioctl_req=0xc0306201
T2671 exit  ioctl -> 0 (0)
T2648 enter write(0x2a, 0x787e6ad8c8, 0x1, 0x2, 0x77e9309e21, 0x787f5d15c8) bytes=1: 64
T2648 exit  write -> 1 (0x1)
T2774 enter read(0x29, 0x77c18fdb94, 0x1, 0, 0, 0)
T2774 exit  read -> 1 (0x1) bytes=1: 64
T2774 enter close(0x29, 0x29, 0x1, 0, 0, 0)
T2774 exit  close -> 0 (0)
T2774 enter close(0x2a, 0x2a, 0x1, 0, 0, 0)
T2774 exit  close -> 0 (0)
T2774 enter close(0x28, 0x28, 0x1, 0, 0, 0)
T2774 exit  close -> 0 (0)
T2671 enter ioctl(0xf, 0xc0306201, 0x77d9c4e7f8, 0, 0, 0x1) ioctl_req=0xc0306201
T2671 exit  ioctl -> 0 (0)
T2671 enter ioctl(0xf, 0xc0306201, 0x77d9c4eca8, 0x77d9c4edd8, 0x77d9c4edd0, 0x80**************) ioctl_req=0xc0306201
T2671 exit  ioctl -> 0 (0)
T2648 enter socket(0x2a, 0x80002, 0, 0x1, 0, 0)
T2648 exit  socket -> 28 (0x1c)
T2668 enter writev(0x4, 0x77d9f45400, 0x4, 0x3, 0x77d9f45440, 0x75f4)
T2648 enter sendto(0x1c, 0x77e9309f10, 0x14, 0, 0x77e9309f00, 0xc) bytes=20: 0a 00 00 00 01 00 00 00 00 00 00 00 00 00 00 00 00 00 00 00 addr: bytes=12: 2a 00 00 00 01 00 00 00 fe ff ff ff
T2668 exit  writev -> 67 (0x43)
T2648 exit  sendto -> 20 (0x14)
T2648 enter recvfrom(0x1c, 0x77e9309f60, 0x14, 0, 0, 0)
T2648 exit  recvfrom -> 20 (0x14) bytes=20: 04 00 00 00 00 00 00 00 00 00 00 00 00 00 00 00 00 00 00 00
T2648 enter close(0x1c, 0x1c, 0x14, 0, 0x14, 0)
T2648 exit  close -> 0 (0)
T2640 enter read(0x6, 0x77f4164ab8, 0x10, 0x10, 0x10, 0x787f5d15c8)
T2640 exit  read -> 1 (0x1) bytes=1: 20
T2640 enter read(0x6, 0x77f4164ab8, 0x10, 0x10, 0x10, 0x787f5d15c8)
T2640 exit  read -> -11 (0xfffffffffffffff5)
T2647 enter write(0x21, 0x787e6ad8c8, 0x1, 0x2, 0x77e9406e21, 0x787f5d15c8) bytes=1: 64
T1993 exit  ioctl -> 0 (0)
T2768 enter read(0x20, 0x77c3bf4b94, 0x1, 0, 0, 0)
T2647 exit  write -> 1 (0x1)
T2768 exit  read -> 1 (0x1) bytes=1: 64
T2768 enter close(0x20, 0x20, 0x1, 0, 0, 0)
T2768 exit  close -> 0 (0)
T2768 enter close(0x21, 0x21, 0x1, 0, 0, 0)
T2768 exit  close -> 0 (0)
T2768 enter close(0x18, 0x18, 0x1, 0, 0, 0)
T2768 exit  close -> 0 (0)
T2647 enter socket(0x2a, 0x80002, 0, 0x1, 0, 0)
T2647 exit  socket -> 24 (0x18)
T2647 enter sendto(0x18, 0x77e9406f10, 0x14, 0, 0x77e9406f00, 0xc) bytes=20: 0a 00 00 00 03 00 00 00 00 00 00 00 00 00 00 00 00 00 00 00 addr: bytes=12: 2a 00 00 00 01 00 00 00 fe ff ff ff
T2647 exit  sendto -> 20 (0x14)
T2647 enter recvfrom(0x18, 0x77e9406f60, 0x14, 0, 0, 0)
T2647 exit  recvfrom -> 20 (0x14) bytes=20: 04 00 00 00 00 00 00 00 00 00 00 00 00 00 00 00 00 00 00 00
T2647 enter close(0x18, 0x18, 0x14, 0, 0x14, 0)
T2647 exit  close -> 0 (0)
T2603 enter ioctl(0xe, 0xc0306201, 0x7c82150788, 0, 0, 0x1) ioctl_req=0xc0306201
T2603 exit  ioctl -> 0 (0)
T2579 enter socket(0x2a, 0x80002, 0, 0x1, 0, 0)
T2579 exit  socket -> 31 (0x1f)
T2579 enter sendto(0x1f, 0x7c83908f10, 0x14, 0, 0x7c83908f00, 0xc) bytes=20: 0a 00 00 00 03 00 00 00 00 00 00 00 00 00 00 00 00 00 00 00 addr: bytes=12: 2a 00 00 00 01 00 00 00 fe ff ff ff
T2579 exit  sendto -> 20 (0x14)
T2579 enter recvfrom(0x1f, 0x7c83908f60, 0x14, 0, 0, 0)
T2579 exit  recvfrom -> 20 (0x14) bytes=20: 04 00 00 00 00 00 00 00 00 00 00 00 00 00 00 00 00 00 00 00
T2579 enter close(0x1f, 0x1f, 0x14, 0, 0x14, 0)
T2579 exit  close -> 0 (0)
T1992 exit  ioctl -> 0 (0)
T2603 enter ioctl(0x14, 0xc0306201, 0x7c8214fd88, 0x2, 0, 0xb400007c87e70580) ioctl_req=0xc0306201
T2603 exit  ioctl -> 0 (0)
T2640 enter ioctl(0xf, 0xc0306201, 0x77f41643a8, 0, 0, 0x1) ioctl_req=0xc0306201
T2580 enter write(0x34, 0x7d3c3078c8, 0x1, 0x2, 0x7c8380be21, 0) bytes=1: 64
T2775 enter read(0x33, 0x7c56d89b94, 0x1, 0, 0, 0x7d1e7d55c8)
T2775 exit  read -> 1 (0x1) bytes=1: 64
T2775 enter close(0x33, 0x33, 0x1, 0, 0, 0x7d1e7d55c8)
T2775 exit  close -> 0 (0)
T2775 enter close(0x34, 0x34, 0x1, 0, 0, 0x7d1e7d55c8)
T2775 exit  close -> 0 (0)
T2775 enter close(0x32, 0x32, 0x1, 0, 0, 0x7d1e7d55c8)
T2580 exit  write -> 1 (0x1)
T2775 exit  close -> 0 (0)
T2580 enter socket(0x2a, 0x80002, 0, 0x1, 0, 0)
T2580 exit  socket -> 31 (0x1f)
T2580 enter sendto(0x1f, 0x7c8380bf10, 0x14, 0, 0x7c8380bf00, 0xc) bytes=20: 0a 00 00 00 01 00 00 00 00 00 00 00 00 00 00 00 00 00 00 00 addr: bytes=12: 2a 00 00 00 01 00 00 00 fe ff ff ff
T2580 exit  sendto -> 20 (0x14)
T2580 enter recvfrom(0x1f, 0x7c8380bf60, 0x14, 0, 0, 0)
T2580 exit  recvfrom -> 20 (0x14) bytes=20: 04 00 00 00 00 00 00 00 00 00 00 00 00 00 00 00 00 00 00 00
T2580 enter close(0x1f, 0x1f, 0x14, 0, 0x14, 0)
T2580 exit  close -> 0 (0)
T2450 enter ioctl(0xe, 0xc0306201, 0x7c8a8813a8, 0, 0, 0x1) ioctl_req=0xc0306201
T2450 exit  ioctl -> 0 (0)
T2450 enter ioctl(0xe, 0xc0306201, 0x7c8a881858, 0x7c8a881988, 0x7c8a881980, 0x80**************) ioctl_req=0xc0306201
T2450 exit  ioctl -> 0 (0)
T2450 enter read(0x6, 0x7c8a881ab8, 0x10, 0x10, 0x10, 0x7d1e7d55c8)
T2450 exit  read -> 1 (0x1) bytes=1: 20
T2450 enter read(0x6, 0x7c8a881ab8, 0x10, 0x10, 0x10, 0x7d1e7d55c8)
T2450 exit  read -> -11 (0xfffffffffffffff5)
T2640 exit  ioctl -> 0 (0)
T2640 enter ioctl(0xf, 0xc0306201, 0x77f4164858, 0x77f4164988, 0x77f4164980, 0x80**************) ioctl_req=0xc0306201
T2640 exit  ioctl -> 0 (0)
T1993 enter ioctl(0xf, 0xc0306201, 0x7fc88848e8, 0x77d9a59060, 0, 0xb40*************) ioctl_req=0xc0306201
T1993 exit  ioctl -> 0 (0)
T1992 enter ioctl(0xe, 0xc0306201, 0x7fe59a8ab8, 0x7c84b08060, 0, 0xb400007c96ed8500) ioctl_req=0xc0306201
T1992 exit  ioctl -> 0 (0)
T1992 enter ioctl(0xe, 0xc0306201, 0x7fe59a8ab8, 0x7c84b080e0, 0, 0xb400007c96ed8500) ioctl_req=0xc0306201
T1992 exit  ioctl -> 0 (0)
T1993 enter ioctl(0xf, 0xc0306201, 0x7fc88848e8, 0x77d9a590b8, 0, 0xb40*************) ioctl_req=0xc0306201
T1993 exit  ioctl -> 0 (0)
T2668 enter ioctl(0xf, 0xc0306201, 0x77d9f45cd8, 0, 0, 0x1) ioctl_req=0xc0306201
T2668 exit  ioctl -> 0 (0)
T1992 enter ioctl(0xe, 0xc0306201, 0x7fe59a8ab8, 0x7c84b08088, 0, 0xb400007c96ed8500) ioctl_req=0xc0306201
T1992 exit  ioctl -> 0 (0)
T1993 enter ioctl(0xf, 0xc0306201, 0x7fc88848e8, 0x77d9a59088, 0, 0xb40*************) ioctl_req=0xc0306201
T1993 exit  ioctl -> 0 (0)
T2603 enter ioctl(0x14, 0xc0306201, 0x7c8214fd88, 0x2, 0, 0xb400007c87e70500) ioctl_req=0xc0306201
T2603 exit  ioctl -> 0 (0)
T2600 enter write(0x1a, 0x7c82447a70, 0x8, 0x1, 0x7c96fba0a0, 0x7c96fba0c0) bytes=8: 01 00 00 00 00 00 00 00
T2600 exit  write -> 8 (0x8)
T2606 enter read(0x1a, 0x7c6dc5c8b8, 0x8, 0x2, 0x38, 0)
T2606 exit  read -> 8 (0x8) bytes=8: 01 00 00 00 00 00 00 00
T2606 enter read(0x1a, 0x7c6dc5c8b8, 0x8, 0x2, 0x38, 0)
T2606 exit  read -> -11 (0xfffffffffffffff5)
T2600 enter write(0x1a, 0x7c82447a70, 0x8, 0x8, 0x38, 0) bytes=8: 01 00 00 00 00 00 00 00
T2591 enter recvfrom(0x11, 0x7c82d2db70, 0x14, 0x40, 0, 0)
T2600 exit  write -> 8 (0x8)
T2606 enter read(0x1a, 0x7c6dc5c8b8, 0x8, 0x2, 0x38, 0)
T2606 exit  read -> 8 (0x8) bytes=8: 01 00 00 00 00 00 00 00
T2606 enter read(0x1a, 0x7c6dc5c8b8, 0x8, 0x2, 0x38, 0)
T2606 exit  read -> -11 (0xfffffffffffffff5)
T2591 exit  recvfrom -> 20 (0x14) bytes=20: 05 00 00 00 31 00 00 00 01 01 00 00 01 00 00 00 5b 40 00 00
T1992 enter ioctl(0xe, 0xc0306201, 0x7fe59a8ab8, 0x7c84b080b0, 0, 0xb400007c96ed8500) ioctl_req=0xc0306201
T1992 exit  ioctl -> 0 (0)
T2659 enter recvfrom(0xa, 0x77e782bb70, 0x14, 0x40, 0, 0)
T2659 exit  recvfrom -> 20 (0x14) bytes=20: 05 00 00 00 31 00 00 00 01 01 00 00 01 00 00 00 5b 40 00 00
T1993 enter ioctl(0xf, 0xc0306201, 0x7fc88848e8, 0x77d9a590e0, 0, 0xb40*************) ioctl_req=0xc0306201
T2671 enter ioctl(0xf, 0xc0306201, 0x77d9c4e920, 0, 0, 0) ioctl_req=0xc0306201
T2671 exit  ioctl -> 0 (0)
T2659 enter recvfrom(0xa, 0x77e782bb70, 0x14, 0x40, 0, 0)
T2591 enter recvfrom(0x11, 0x7c82d2db70, 0x14, 0x40, 0, 0)
T2591 exit  recvfrom -> 20 (0x14) bytes=20: 04 00 00 00 31 00 00 00 01 01 00 00 01 00 00 00 72 45 00 00
T2591 enter recvfrom(0x11, 0x7c82d2db70, 0x14, 0x40, 0, 0)
T2591 exit  recvfrom -> 20 (0x14) bytes=20: 04 00 00 00 42 00 00 00 01 b4 00 00 00 00 00 00 01 00 00 00
T2591 enter recvfrom(0x11, 0x7c82d2db70, 0x14, 0x40, 0, 0)
T2591 exit  recvfrom -> 20 (0x14) bytes=20: 04 00 00 00 2b 00 00 00 02 12 00 00 00 00 00 00 04 00 00 00
T2659 exit  recvfrom -> 20 (0x14) bytes=20: 04 00 00 00 31 00 00 00 01 01 00 00 01 00 00 00 72 45 00 00
T1992 enter ioctl(0xe, 0xc0306201, 0x7fe59a8ab8, 0x7c84b08108, 0, 0xb400007c96ed8500) ioctl_req=0xc0306201
T2591 enter recvfrom(0x11, 0x7c82d2db70, 0x14, 0x40, 0, 0)
T2591 exit  recvfrom -> 20 (0x14) bytes=20: 04 00 00 00 0f 00 00 00 01 05 00 00 00 00 00 00 0f 00 00 00
T2591 enter recvfrom(0x11, 0x7c82d2db70, 0x14, 0x40, 0, 0)
T2591 exit  recvfrom -> 20 (0x14) bytes=20: 04 00 00 00 15 00 00 00 01 00 00 00 00 00 00 00 11 00 00 00
T2591 enter recvfrom(0x11, 0x7c82d2db70, 0x14, 0x40, 0, 0)
T2591 exit  recvfrom -> 20 (0x14) bytes=20: 04 00 00 00 33 00 00 00 01 0b 00 00 00 00 00 00 12 00 00 00
T2591 enter recvfrom(0x11, 0x7c82d2db70, 0x14, 0x40, 0, 0)
T2591 exit  recvfrom -> 20 (0x14) bytes=20: 04 00 00 00 33 00 00 00 01 02 00 00 00 00 00 00 13 00 00 00
T2591 enter recvfrom(0x11, 0x7c82d2db70, 0x14, 0x40, 0, 0)
T2591 exit  recvfrom -> 20 (0x14) bytes=20: 04 00 00 00 18 00 00 00 01 00 00 00 00 00 00 00 14 00 00 00
T2591 enter recvfrom(0x11, 0x7c82d2db70, 0x14, 0x40, 0, 0)
T2591 exit  recvfrom -> 20 (0x14) bytes=20: 04 00 00 00 16 00 00 00 01 10 00 00 00 00 00 00 15 00 00 00
T2591 enter recvfrom(0x11, 0x7c82d2db70, 0x14, 0x40, 0, 0)
T2591 exit  recvfrom -> 20 (0x14) bytes=20: 04 00 00 00 01 10 00 00 01 00 00 00 00 00 00 00 19 00 00 00
T2591 enter recvfrom(0x11, 0x7c82d2db70, 0x14, 0x40, 0, 0)
T2591 exit  recvfrom -> 20 (0x14) bytes=20: 04 00 00 00 01 10 00 00 03 00 00 00 00 00 00 00 1c 00 00 00
T2591 enter recvfrom(0x11, 0x7c82d2db70, 0x14, 0x40, 0, 0)
T2591 exit  recvfrom -> 20 (0x14) bytes=20: 04 00 00 00 17 00 00 00 02 00 00 00 00 00 00 00 1f 00 00 00
T2591 enter recvfrom(0x11, 0x7c82d2db70, 0x14, 0x40, 0, 0)
T2591 exit  recvfrom -> 20 (0x14) bytes=20: 04 00 00 00 17 00 00 00 01 00 00 00 00 00 00 00 20 00 00 00
T2591 enter recvfrom(0x11, 0x7c82d2db70, 0x14, 0x40, 0, 0)
T2591 exit  recvfrom -> 20 (0x14) bytes=20: 04 00 00 00 24 00 00 00 01 00 00 00 00 00 00 00 21 00 00 00
T2616 enter socket(0x2a, 0x80002, 0, 0x1, 0x7c6076afdc, 0x7c6076b260)
T2616 exit  socket -> 31 (0x1f)
T2616 enter sendto(0x1f, 0x7c6076aef0, 0x14, 0, 0x7c6076aee0, 0xc) bytes=20: 0a 00 00 00 24 00 00 00 00 00 00 00 00 00 00 00 00 00 00 00 addr: bytes=12: 2a 00 00 00 01 00 00 00 fe ff ff ff
T2616 exit  sendto -> 20 (0x14)
T2616 enter recvfrom(0x1f, 0x7c6076af40, 0x14, 0, 0, 0)
T2616 exit  recvfrom -> 20 (0x14) bytes=20: 04 00 00 00 24 00 00 00 01 00 00 00 00 00 00 00 21 00 00 00
T2616 enter recvfrom(0x1f, 0x7c6076af40, 0x14, 0, 0, 0)
T2616 exit  recvfrom -> 20 (0x14) bytes=20: 04 00 00 00 00 00 00 00 00 00 00 00 00 00 00 00 00 00 00 00
T2616 enter close(0x1f, 0x1f, 0x14, 0, 0x14, 0)
T2616 exit  close -> 0 (0)
T2616 enter socket(0x2a, 0x80002, 0, 0x1, 0x7c6076acbc, 0x7c6076ae00)
T2616 exit  socket -> 31 (0x1f)
T2616 enter sendto(0x1f, 0x7c6076abd0, 0x14, 0, 0x7c6076abc0, 0xc) bytes=20: 0a 00 00 00 24 00 00 00 00 00 00 00 00 00 00 00 00 00 00 00 addr: bytes=12: 2a 00 00 00 01 00 00 00 fe ff ff ff
T2616 exit  sendto -> 20 (0x14)
T2616 enter recvfrom(0x1f, 0x7c6076ac20, 0x14, 0, 0, 0)
T2616 exit  recvfrom -> 20 (0x14) bytes=20: 04 00 00 00 24 00 00 00 01 00 00 00 00 00 00 00 21 00 00 00
T2616 enter recvfrom(0x1f, 0x7c6076ac20, 0x14, 0, 0, 0)
T2616 exit  recvfrom -> 20 (0x14) bytes=20: 04 00 00 00 00 00 00 00 00 00 00 00 00 00 00 00 00 00 00 00
T2616 enter close(0x1f, 0x1f, 0x14, 0, 0x14, 0)
T2616 exit  close -> 0 (0)
T2616 enter socket(0x2a, 0x80002, 0, 0x7c87e08930, 0x7c87e08940, 0x8098)
T2616 exit  socket -> 31 (0x1f)
T2659 enter recvfrom(0xa, 0x77e782bb70, 0x14, 0x40, 0, 0)
T2591 enter recvfrom(0x11, 0x7c82d2db70, 0x14, 0x40, 0, 0)
T2591 exit  recvfrom -> 20 (0x14) bytes=20: 04 00 00 00 31 00 00 00 01 02 00 00 00 00 00 00 22 00 00 00
attached new tid=6507
T2616 enter write(0x21, 0x7d3c3076c3, 0x1, 0x8, 0x7c5e66ed00, 0x7d35c1fd2c) bytes=1: 61
T2616 exit  write -> 1 (0x1)
T2616 enter socket(0x2a, 0x80002, 0, 0x1, 0, 0)
T2616 exit  socket -> 34 (0x22)
T2616 enter sendto(0x22, 0x7c6076ab80, 0x14, 0, 0x7c6076ab70, 0xc) bytes=20: 0a 00 00 00 24 00 00 00 00 00 00 00 00 00 00 00 00 00 00 00 addr: bytes=12: 2a 00 00 00 01 00 00 00 fe ff ff ff
T2616 exit  sendto -> 20 (0x14)
T2616 enter recvfrom(0x22, 0x7c6076abd0, 0x14, 0, 0, 0)
T2616 exit  recvfrom -> 20 (0x14) bytes=20: 04 00 00 00 24 00 00 00 01 00 00 00 00 00 00 00 21 00 00 00
T2616 enter recvfrom(0x22, 0x7c6076abd0, 0x14, 0, 0, 0)
T2616 exit  recvfrom -> 20 (0x14) bytes=20: 04 00 00 00 00 00 00 00 00 00 00 00 00 00 00 00 00 00 00 00
T2616 enter close(0x22, 0x22, 0x14, 0, 0x14, 0)
T2616 exit  close -> 0 (0)
T2616 enter socket(0x2a, 0x80002, 0, 0x1, 0x7c6076ac6c, 0xb400007c87e0bea0)
T6507 enter read(0x20, 0x7c5e66eb94, 0x1, 0, 0, 0x1)
T2616 exit  socket -> 34 (0x22)
T6507 exit  read -> 1 (0x1) bytes=1: 61
T2616 enter sendto(0x22, 0x7c6076ab80, 0x14, 0, 0x7c6076ab70, 0xc) bytes=20: 0a 00 00 00 24 00 00 00 00 00 00 00 00 00 00 00 00 00 00 00 addr: bytes=12: 2a 00 00 00 01 00 00 00 fe ff ff ff
T2616 exit  sendto -> 20 (0x14)
T2616 enter recvfrom(0x22, 0x7c6076abd0, 0x14, 0, 0, 0)
T2591 enter recvfrom(0x11, 0x7c82d2db70, 0x14, 0x40, 0, 0)
T2616 exit  recvfrom -> 20 (0x14) bytes=20: 04 00 00 00 24 00 00 00 01 00 00 00 00 00 00 00 21 00 00 00
T2616 enter recvfrom(0x22, 0x7c6076abd0, 0x14, 0, 0, 0)
T2616 exit  recvfrom -> 20 (0x14) bytes=20: 04 00 00 00 00 00 00 00 00 00 00 00 00 00 00 00 00 00 00 00
T2616 enter close(0x22, 0x22, 0x14, 0, 0x14, 0)
T2591 exit  recvfrom -> 20 (0x14) bytes=20: 04 00 00 00 2f 04 00 00 01 01 00 00 00 00 00 00 23 00 00 00
T2616 exit  close -> 0 (0)
T2659 exit  recvfrom -> 20 (0x14) bytes=20: 04 00 00 00 42 00 00 00 01 b4 00 00 00 00 00 00 01 00 00 00
T2659 enter recvfrom(0xa, 0x77e782bb70, 0x14, 0x40, 0, 0)
T2659 exit  recvfrom -> 20 (0x14) bytes=20: 04 00 00 00 2b 00 00 00 02 12 00 00 00 00 00 00 04 00 00 00
T2591 enter recvfrom(0x11, 0x7c82d2db70, 0x14, 0x40, 0, 0)
T2659 enter recvfrom(0xa, 0x77e782bb70, 0x14, 0x40, 0, 0)
T2659 exit  recvfrom -> 20 (0x14) bytes=20: 04 00 00 00 0f 00 00 00 01 05 00 00 00 00 00 00 0f 00 00 00
T2659 enter recvfrom(0xa, 0x77e782bb70, 0x14, 0x40, 0, 0)
T2659 exit  recvfrom -> 20 (0x14) bytes=20: 04 00 00 00 15 00 00 00 01 00 00 00 00 00 00 00 11 00 00 00
T2659 enter recvfrom(0xa, 0x77e782bb70, 0x14, 0x40, 0, 0)
T2659 exit  recvfrom -> 20 (0x14) bytes=20: 04 00 00 00 33 00 00 00 01 0b 00 00 00 00 00 00 12 00 00 00
T2659 enter recvfrom(0xa, 0x77e782bb70, 0x14, 0x40, 0, 0)
T2659 exit  recvfrom -> 20 (0x14) bytes=20: 04 00 00 00 33 00 00 00 01 02 00 00 00 00 00 00 13 00 00 00
T2659 enter recvfrom(0xa, 0x77e782bb70, 0x14, 0x40, 0, 0)
T2659 exit  recvfrom -> 20 (0x14) bytes=20: 04 00 00 00 18 00 00 00 01 00 00 00 00 00 00 00 14 00 00 00
T2671 enter ioctl(0xf, 0xc0306201, 0x77d9c4e7f8, 0, 0, 0x1) ioctl_req=0xc0306201
T2600 enter writev(0x4, 0x7c82447400, 0x4, 0x3, 0x7c82447440, 0x7cfa)
T2591 exit  recvfrom -> 20 (0x14) bytes=20: 04 00 00 00 11 00 00 00 01 00 00 00 00 00 00 00 32 00 00 00
T2600 exit  writev -> 67 (0x43)
T2591 enter recvfrom(0x11, 0x7c82d2db70, 0x14, 0x40, 0, 0)
T2591 exit  recvfrom -> 20 (0x14) bytes=20: 04 00 00 00 22 00 00 00 01 00 00 00 00 00 00 00 33 00 00 00
T2591 enter recvfrom(0x11, 0x7c82d2db70, 0x14, 0x40, 0, 0)
T2591 exit  recvfrom -> 20 (0x14) bytes=20: 04 00 00 00 29 00 00 00 01 01 00 00 00 00 00 00 34 00 00 00
T2600 enter ioctl(0xe, 0xc0306201, 0x7c82447cd8, 0, 0, 0x1) ioctl_req=0xc0306201
T2584 enter socket(0x2a, 0x80002, 0, 0x1, 0x7c83417fdc, 0x7c83418260)
T2600 exit  ioctl -> 0 (0)
T2584 exit  socket -> 34 (0x22)
T2584 enter sendto(0x22, 0x7c83417ef0, 0x14, 0, 0x7c83417ee0, 0xc) bytes=20: 0a 00 00 00 24 00 00 00 00 00 00 00 00 00 00 00 00 00 00 00 addr: bytes=12: 2a 00 00 00 01 00 00 00 fe ff ff ff
T2584 exit  sendto -> 20 (0x14)
T2671 exit  ioctl -> 0 (0)
T2584 enter recvfrom(0x22, 0x7c83417f40, 0x14, 0, 0, 0)
T2584 exit  recvfrom -> 20 (0x14) bytes=20: 04 00 00 00 24 00 00 00 01 00 00 00 00 00 00 00 21 00 00 00
T2584 enter recvfrom(0x22, 0x7c83417f40, 0x14, 0, 0, 0)
T2584 exit  recvfrom -> 20 (0x14) bytes=20: 04 00 00 00 00 00 00 00 00 00 00 00 00 00 00 00 00 00 00 00
T2584 enter close(0x22, 0x22, 0x14, 0, 0x14, 0)
T2584 exit  close -> 0 (0)
T2671 enter ioctl(0xf, 0xc0306201, 0x77d9c4eca8, 0x77d9c4edd8, 0x77d9c4edd0, 0x80**************) ioctl_req=0xc0306201
T2659 enter recvfrom(0xa, 0x77e782bb70, 0x14, 0x40, 0, 0)
T2591 enter recvfrom(0x11, 0x7c82d2db70, 0x14, 0x40, 0, 0)
T2591 exit  recvfrom -> 20 (0x14) bytes=20: 04 00 00 00 8c 13 00 00 ef de 00 00 00 00 00 00 35 00 00 00
T2591 enter recvfrom(0x11, 0x7c82d2db70, 0x14, 0x40, 0, 0)
T2591 exit  recvfrom -> 20 (0x14) bytes=20: 04 00 00 00 55 00 00 00 01 00 00 00 00 00 00 00 38 00 00 00
T2591 enter recvfrom(0x11, 0x7c82d2db70, 0x14, 0x40, 0, 0)
T2591 exit  recvfrom -> 20 (0x14) bytes=20: 04 00 00 00 4c 00 00 00 01 00 00 00 00 00 00 00 39 00 00 00
T2591 enter recvfrom(0x11, 0x7c82d2db70, 0x14, 0x40, 0, 0)
T2591 exit  recvfrom -> 20 (0x14) bytes=20: 04 00 00 00 37 00 00 00 01 02 00 00 00 00 00 00 3d 00 00 00
T2671 exit  ioctl -> 0 (0)
T2659 exit  recvfrom -> 20 (0x14) bytes=20: 04 00 00 00 16 00 00 00 01 10 00 00 00 00 00 00 15 00 00 00
T2591 enter recvfrom(0x11, 0x7c82d2db70, 0x14, 0x40, 0, 0)
T2591 exit  recvfrom -> 20 (0x14) bytes=20: 04 00 00 00 32 00 00 00 01 00 00 00 00 00 00 00 42 00 00 00
T2591 enter recvfrom(0x11, 0x7c82d2db70, 0x14, 0x40, 0, 0)
T2591 exit  recvfrom -> 20 (0x14) bytes=20: 04 00 00 00 0c 00 00 00 01 00 00 00 00 00 00 00 44 00 00 00
T2603 enter ioctl(0x14, 0xc0306201, 0x7c8214fdf8, 0x2, 0, 0xb400007c87ebb980) ioctl_req=0xc0306201
T2608 enter socket(0x2a, 0x80002, 0, 0x1, 0x7c62a61fcc, 0x7c62a62220)
T2603 exit  ioctl -> 0 (0)
T2608 exit  socket -> 34 (0x22)
T2608 enter sendto(0x22, 0x7c62a61ee0, 0x14, 0, 0x7c62a61ed0, 0xc) bytes=20: 0a 00 00 00 32 00 00 00 00 00 00 00 00 00 00 00 00 00 00 00 addr: bytes=12: 2a 00 00 00 01 00 00 00 fe ff ff ff
T2608 exit  sendto -> 20 (0x14)
T2608 enter recvfrom(0x22, 0x7c62a61f30, 0x14, 0, 0, 0)
T2659 enter recvfrom(0xa, 0x77e782bb70, 0x14, 0x40, 0, 0)
T2659 exit  recvfrom -> 20 (0x14) bytes=20: 04 00 00 00 01 10 00 00 01 00 00 00 00 00 00 00 19 00 00 00
T2608 exit  recvfrom -> 20 (0x14) bytes=20: 04 00 00 00 32 00 00 00 01 00 00 00 00 00 00 00 42 00 00 00
T2608 enter recvfrom(0x22, 0x7c62a61f30, 0x14, 0, 0, 0)
T2608 exit  recvfrom -> 20 (0x14) bytes=20: 04 00 00 00 00 00 00 00 00 00 00 00 00 00 00 00 00 00 00 00
T2608 enter close(0x22, 0x22, 0x14, 0, 0x14, 0)
T2608 exit  close -> 0 (0)
T2608 enter socket(0x2a, 0x80002, 0, 0x7c96e4dfd0, 0x7c96e4dfe0, 0x200c)
T2608 exit  socket -> 34 (0x22)
T2591 enter recvfrom(0x11, 0x7c82d2db70, 0x14, 0x40, 0, 0)
T2591 exit  recvfrom -> 20 (0x14) bytes=20: 04 00 00 00 e3 00 00 00 01 00 00 00 00 00 00 00 41 00 00 00
attached new tid=6569
T2608 enter write(0x24, 0x7d3c3076c3, 0x1, 0, 0, 0) bytes=1: 61
T2608 exit  write -> 1 (0x1)
T6569 enter read(0x23, 0x7c5d571b94, 0x1, 0, 0, 0x4)
T6569 exit  read -> 1 (0x1) bytes=1: 61
T2608 enter socket(0x2a, 0x80002, 0, 0x1, 0, 0)
T2608 exit  socket -> 38 (0x26)
T2591 enter recvfrom(0x11, 0x7c82d2db70, 0x14, 0x40, 0, 0)
T2608 enter sendto(0x26, 0x7c62a61e90, 0x14, 0, 0x7c62a61e80, 0xc) bytes=20: 0a 00 00 00 32 00 00 00 00 00 00 00 00 00 00 00 00 00 00 00 addr: bytes=12: 2a 00 00 00 01 00 00 00 fe ff ff ff
T2591 exit  recvfrom -> 20 (0x14) bytes=20: 04 00 00 00 09 00 00 00 02 00 00 00 00 00 00 00 45 00 00 00
T2608 exit  sendto -> 20 (0x14)
T2608 enter recvfrom(0x26, 0x7c62a61ee0, 0x14, 0, 0, 0)
T2608 exit  recvfrom -> 20 (0x14) bytes=20: 04 00 00 00 32 00 00 00 01 00 00 00 00 00 00 00 42 00 00 00
T2608 enter recvfrom(0x26, 0x7c62a61ee0, 0x14, 0, 0, 0)
T2608 exit  recvfrom -> 20 (0x14) bytes=20: 04 00 00 00 00 00 00 00 00 00 00 00 00 00 00 00 00 00 00 00
T2608 enter close(0x26, 0x26, 0x14, 0, 0x14, 0)
T2608 exit  close -> 0 (0)
T2608 enter socket(0x2a, 0x80002, 0, 0x1, 0x7c62a61f7c, 0xb400007c96f5ec20)
T2608 exit  socket -> 38 (0x26)
T2608 enter sendto(0x26, 0x7c62a61e90, 0x14, 0, 0x7c62a61e80, 0xc) bytes=20: 0a 00 00 00 32 00 00 00 00 00 00 00 00 00 00 00 00 00 00 00 addr: bytes=12: 2a 00 00 00 01 00 00 00 fe ff ff ff
T2608 exit  sendto -> 20 (0x14)
T2608 enter recvfrom(0x26, 0x7c62a61ee0, 0x14, 0, 0, 0)
T2608 exit  recvfrom -> 20 (0x14) bytes=20: 04 00 00 00 32 00 00 00 01 00 00 00 00 00 00 00 42 00 00 00
T2608 enter recvfrom(0x26, 0x7c62a61ee0, 0x14, 0, 0, 0)
T2608 exit  recvfrom -> 20 (0x14) bytes=20: 04 00 00 00 00 00 00 00 00 00 00 00 00 00 00 00 00 00 00 00
T2608 enter close(0x26, 0x26, 0x14, 0, 0x14, 0)
T2608 exit  close -> 0 (0)
T2615 enter socket(0x2a, 0x80002, 0, 0x1, 0x7c60867fdc, 0x7c60868260)
T2615 exit  socket -> 38 (0x26)
T2615 enter sendto(0x26, 0x7c60867ef0, 0x14, 0, 0x7c60867ee0, 0xc) bytes=20: 0a 00 00 00 e3 00 00 00 00 00 00 00 00 00 00 00 00 00 00 00 addr: bytes=12: 2a 00 00 00 01 00 00 00 fe ff ff ff
T2615 exit  sendto -> 20 (0x14)
T2615 enter recvfrom(0x26, 0x7c60867f40, 0x14, 0, 0, 0)
T2615 exit  recvfrom -> 20 (0x14) bytes=20: 04 00 00 00 e3 00 00 00 01 00 00 00 00 00 00 00 41 00 00 00
T2615 enter recvfrom(0x26, 0x7c60867f40, 0x14, 0, 0, 0)
T2615 exit  recvfrom -> 20 (0x14) bytes=20: 04 00 00 00 00 00 00 00 00 00 00 00 00 00 00 00 00 00 00 00
T2615 enter close(0x26, 0x26, 0x14, 0, 0x14, 0)
T2615 exit  close -> 0 (0)
T4276 enter socket(0x2a, 0x80002, 0, 0x2, 0x7c4a9c4fdc, 0x7c4a9c5260)
T4276 exit  socket -> 38 (0x26)
T4267 enter recvfrom(0x68, 0xb400007c96e52800, 0x800, 0, 0, 0)
T4276 enter sendto(0x26, 0x7c4a9c4ef0, 0x14, 0, 0x7c4a9c4ee0, 0xc) bytes=20: 0a 00 00 00 09 00 00 00 00 00 00 00 00 00 00 00 00 00 00 00 addr: bytes=12: 2a 00 00 00 01 00 00 00 fe ff ff ff
T4267 exit  recvfrom -> 24 (0x18) bytes=24: 18 00 00 00 01 00 00 00 16 00 00 00 29 08 00 00 08 00 00 10 0a 00 00 00
T4276 exit  sendto -> 20 (0x14)
T4276 enter recvfrom(0x26, 0x7c4a9c4f40, 0x14, 0, 0, 0)
T4276 exit  recvfrom -> 20 (0x14) bytes=20: 04 00 00 00 09 00 00 00 02 00 00 00 00 00 00 00 45 00 00 00
T4276 enter recvfrom(0x26, 0x7c4a9c4f40, 0x14, 0, 0, 0)
T4276 exit  recvfrom -> 20 (0x14) bytes=20: 04 00 00 00 00 00 00 00 00 00 00 00 00 00 00 00 00 00 00 00
T4276 enter close(0x26, 0x26, 0x14, 0, 0x14, 0)
T4276 exit  close -> 0 (0)
T2586 enter socket(0x2a, 0x80002, 0, 0x1, 0x7c8321dfdc, 0x7c8321e260)
T2586 exit  socket -> 38 (0x26)
T2586 enter sendto(0x26, 0x7c8321def0, 0x14, 0, 0x7c8321dee0, 0xc) bytes=20: 0a 00 00 00 0c 00 00 00 00 00 00 00 00 00 00 00 00 00 00 00 addr: bytes=12: 2a 00 00 00 01 00 00 00 fe ff ff ff
T2586 exit  sendto -> 20 (0x14)
T2586 enter recvfrom(0x26, 0x7c8321df40, 0x14, 0, 0, 0)
T2586 exit  recvfrom -> 20 (0x14) bytes=20: 04 00 00 00 0c 00 00 00 01 00 00 00 00 00 00 00 44 00 00 00
T2586 enter recvfrom(0x26, 0x7c8321df40, 0x14, 0, 0, 0)
T2586 exit  recvfrom -> 20 (0x14) bytes=20: 04 00 00 00 00 00 00 00 00 00 00 00 00 00 00 00 00 00 00 00
T2586 enter close(0x26, 0x26, 0x14, 0, 0x14, 0)
T2586 exit  close -> 0 (0)
T2584 enter socket(0x2a, 0x80002, 0, 0x1, 0x7c83417cbc, 0x7c83417e00)
T2584 exit  socket -> 38 (0x26)
T2591 enter recvfrom(0x11, 0x7c82d2db70, 0x14, 0x40, 0, 0)
T2591 exit  recvfrom -> 20 (0x14) bytes=20: 04 00 00 00 03 00 00 00 01 00 00 00 00 00 00 00 46 00 00 00
T2591 enter recvfrom(0x11, 0x7c82d2db70, 0x14, 0x40, 0, 0)
T2591 exit  recvfrom -> 20 (0x14) bytes=20: 04 00 00 00 0a 00 00 00 02 00 00 00 00 00 00 00 47 00 00 00
T2584 enter sendto(0x26, 0x7c83417bd0, 0x14, 0, 0x7c83417bc0, 0xc) bytes=20: 0a 00 00 00 24 00 00 00 00 00 00 00 00 00 00 00 00 00 00 00 addr: bytes=12: 2a 00 00 00 01 00 00 00 fe ff ff ff
T2584 exit  sendto -> 20 (0x14)
T2584 enter recvfrom(0x26, 0x7c83417c20, 0x14, 0, 0, 0)
T2591 enter recvfrom(0x11, 0x7c82d2db70, 0x14, 0x40, 0, 0)
T2591 exit  recvfrom -> 20 (0x14) bytes=20: 04 00 00 00 2f 00 00 00 01 00 00 00 00 00 00 00 48 00 00 00
T2591 enter recvfrom(0x11, 0x7c82d2db70, 0x14, 0x40, 0, 0)
T2591 exit  recvfrom -> 20 (0x14) bytes=20: 04 00 00 00 0b 00 00 00 01 00 00 00 00 00 00 00 49 00 00 00
T2591 enter recvfrom(0x11, 0x7c82d2db70, 0x14, 0x40, 0, 0)
T2591 exit  recvfrom -> 20 (0x14) bytes=20: 04 00 00 00 01 00 00 00 01 00 00 00 00 00 00 00 4a 00 00 00
T2591 enter write(0x17, 0x7c82d2db30, 0x8, 0xb400007c96ee3a30, 0x8, 0x8000) bytes=8: 01 00 00 00 00 00 00 00
T2591 exit  write -> 8 (0x8)
T2606 enter read(0x17, 0x7c6dc5cab8, 0x8, 0x4, 0x38, 0)
T2606 exit  read -> 8 (0x8) bytes=8: 01 00 00 00 00 00 00 00
T2606 enter read(0x17, 0x7c6dc5cab8, 0x8, 0x4, 0x38, 0)
T2606 exit  read -> -11 (0xfffffffffffffff5)
T2584 exit  recvfrom -> 20 (0x14) bytes=20: 04 00 00 00 24 00 00 00 01 00 00 00 00 00 00 00 21 00 00 00
T2591 enter recvfrom(0x11, 0x7c82d2db70, 0x14, 0x40, 0, 0)
T2591 exit  recvfrom -> 20 (0x14) bytes=20: 04 00 00 00 04 00 00 00 01 00 00 00 00 00 00 00 4b 00 00 00
T2591 enter recvfrom(0x11, 0x7c82d2db70, 0x14, 0x40, 0, 0)
T2591 exit  recvfrom -> 20 (0x14) bytes=20: 04 00 00 00 1a 00 00 00 01 00 00 00 00 00 00 00 4c 00 00 00
T2591 enter recvfrom(0x11, 0x7c82d2db70, 0x14, 0x40, 0, 0)
T2591 exit  recvfrom -> 20 (0x14) bytes=20: 04 00 00 00 08 00 00 00 01 00 00 00 00 00 00 00 4d 00 00 00
T2591 enter recvfrom(0x11, 0x7c82d2db70, 0x14, 0x40, 0, 0)
T2591 exit  recvfrom -> 20 (0x14) bytes=20: 04 00 00 00 4d 00 00 00 01 00 00 00 00 00 00 00 51 00 00 00
T2591 enter recvfrom(0x11, 0x7c82d2db70, 0x14, 0x40, 0, 0)
T2591 exit  recvfrom -> 20 (0x14) bytes=20: 04 00 00 00 4b 00 00 00 01 00 00 00 00 00 00 00 52 00 00 00
T2591 enter recvfrom(0x11, 0x7c82d2db70, 0x14, 0x40, 0, 0)
T2591 exit  recvfrom -> 20 (0x14) bytes=20: 04 00 00 00 4a 00 00 00 01 00 00 00 00 00 00 00 53 00 00 00
T2591 enter recvfrom(0x11, 0x7c82d2db70, 0x14, 0x40, 0, 0)
T2591 exit  recvfrom -> 20 (0x14) bytes=20: 04 00 00 00 2a 00 00 00 01 00 00 00 00 00 00 00 56 00 00 00
T2584 enter recvfrom(0x26, 0x7c83417c20, 0x14, 0, 0, 0)
T2584 exit  recvfrom -> 20 (0x14) bytes=20: 04 00 00 00 00 00 00 00 00 00 00 00 00 00 00 00 00 00 00 00
T2584 enter close(0x26, 0x26, 0x14, 0, 0x14, 0)
T2584 exit  close -> 0 (0)
T2591 enter recvfrom(0x11, 0x7c82d2db70, 0x14, 0x40, 0, 0)
T2591 exit  recvfrom -> 20 (0x14) bytes=20: 04 00 00 00 02 00 00 00 01 00 00 00 00 00 00 00 59 00 00 00
T2591 enter recvfrom(0x11, 0x7c82d2db70, 0x14, 0x40, 0, 0)
T2591 exit  recvfrom -> 20 (0x14) bytes=20: 04 00 00 00 05 00 00 00 01 00 00 00 00 00 00 00 5a 00 00 00
T2586 enter socket(0x2a, 0x80002, 0, 0x1, 0x7c8321dcbc, 0x7c8321de00)
T2586 exit  socket -> 38 (0x26)
T2586 enter sendto(0x26, 0x7c8321dbd0, 0x14, 0, 0x7c8321dbc0, 0xc) bytes=20: 0a 00 00 00 0c 00 00 00 00 00 00 00 00 00 00 00 00 00 00 00 addr: bytes=12: 2a 00 00 00 01 00 00 00 fe ff ff ff
T2586 exit  sendto -> 20 (0x14)
T2591 enter recvfrom(0x11, 0x7c82d2db70, 0x14, 0x40, 0, 0)
T2591 exit  recvfrom -> 20 (0x14) bytes=20: 04 00 00 00 30 00 00 00 01 00 00 00 00 00 00 00 5c 00 00 00
T2591 enter recvfrom(0x11, 0x7c82d2db70, 0x14, 0x40, 0, 0)
T2591 exit  recvfrom -> 20 (0x14) bytes=20: 04 00 00 00 44 00 00 00 01 00 00 00 00 00 00 00 5d 00 00 00
T2591 enter recvfrom(0x11, 0x7c82d2db70, 0x14, 0x40, 0, 0)
T2591 exit  recvfrom -> 20 (0x14) bytes=20: 04 00 00 00 49 00 00 00 01 00 00 00 00 00 00 00 5e 00 00 00
attached new tid=6573
T2603 enter ioctl(0x14, 0xc0306201, 0x7c8214fd88, 0x2, 0, 0xb400007c87e70500) ioctl_req=0xc0306201
T2603 exit  ioctl -> 0 (0)
T2586 enter recvfrom(0x26, 0x7c8321dc20, 0x14, 0, 0, 0)
T2591 enter recvfrom(0x11, 0x7c82d2db70, 0x14, 0x40, 0, 0)
T2586 exit  recvfrom -> 20 (0x14) bytes=20: 04 00 00 00 0c 00 00 00 01 00 00 00 00 00 00 00 44 00 00 00
T2591 exit  recvfrom -> 20 (0x14) bytes=20: 04 00 00 00 4e 00 00 00 01 00 00 00 00 00 00 00 5f 00 00 00
T2586 enter recvfrom(0x26, 0x7c8321dc20, 0x14, 0, 0, 0)
T2591 enter recvfrom(0x11, 0x7c82d2db70, 0x14, 0x40, 0, 0)
T2591 exit  recvfrom -> 20 (0x14) bytes=20: 04 00 00 00 1d 00 00 00 01 00 00 00 00 00 00 00 60 00 00 00
T2591 enter recvfrom(0x11, 0x7c82d2db70, 0x14, 0x40, 0, 0)
T2591 exit  recvfrom -> 20 (0x14) bytes=20: 04 00 00 00 07 00 00 00 01 00 00 00 00 00 00 00 61 00 00 00
T2586 exit  recvfrom -> 20 (0x14) bytes=20: 04 00 00 00 00 00 00 00 00 00 00 00 00 00 00 00 00 00 00 00
T2586 enter close(0x26, 0x26, 0x14, 0, 0x14, 0)
T2586 exit  close -> 0 (0)
T4276 enter socket(0x2a, 0x80002, 0, 0x2, 0x7c4a9c4cbc, 0x7c4a9c4e00)
T4276 exit  socket -> 38 (0x26)
T4276 enter sendto(0x26, 0x7c4a9c4bd0, 0x14, 0, 0x7c4a9c4bc0, 0xc) bytes=20: 0a 00 00 00 09 00 00 00 00 00 00 00 00 00 00 00 00 00 00 00 addr: bytes=12: 2a 00 00 00 01 00 00 00 fe ff ff ff
T4276 exit  sendto -> 20 (0x14)
T4276 enter recvfrom(0x26, 0x7c4a9c4c20, 0x14, 0, 0, 0)
T2591 enter recvfrom(0x11, 0x7c82d2db70, 0x14, 0x40, 0, 0)
T2591 exit  recvfrom -> 20 (0x14) bytes=20: 04 00 00 00 21 00 00 00 01 00 00 00 00 00 00 00 62 00 00 00
T2591 enter recvfrom(0x11, 0x7c82d2db70, 0x14, 0x40, 0, 0)
T2591 exit  recvfrom -> 20 (0x14) bytes=20: 04 00 00 00 12 00 00 00 01 00 00 00 00 00 00 00 64 00 00 00
T4276 exit  recvfrom -> 20 (0x14) bytes=20: 04 00 00 00 09 00 00 00 02 00 00 00 00 00 00 00 45 00 00 00
T4276 enter recvfrom(0x26, 0x7c4a9c4c20, 0x14, 0, 0, 0)
T4276 exit  recvfrom -> 20 (0x14) bytes=20: 04 00 00 00 00 00 00 00 00 00 00 00 00 00 00 00 00 00 00 00
T4276 enter close(0x26, 0x26, 0x14, 0, 0x14, 0)
T4276 exit  close -> 0 (0)
T4276 enter socket(0x2a, 0x80002, 0, 0x7c96e504b0, 0x7c96e504c0, 0xa02c)
T2615 enter socket(0x2a, 0x80002, 0, 0x1, 0x7c60867cbc, 0x7c60867e00)
T4276 exit  socket -> 38 (0x26)
T2615 exit  socket -> 39 (0x27)
T2615 enter sendto(0x27, 0x7c60867bd0, 0x14, 0, 0x7c60867bc0, 0xc) bytes=20: 0a 00 00 00 e3 00 00 00 00 00 00 00 00 00 00 00 00 00 00 00 addr: bytes=12: 2a 00 00 00 01 00 00 00 fe ff ff ff
T2615 exit  sendto -> 20 (0x14)
T2615 enter recvfrom(0x27, 0x7c60867c20, 0x14, 0, 0, 0)
attached new tid=6576
T4276 enter write(0x29, 0x7d3c3076c3, 0x1, 0, 0, 0) bytes=1: 61
T4276 exit  write -> 1 (0x1)
T6576 enter read(0x28, 0x7c5b377b94, 0x1, 0, 0, 0x1)
T6576 exit  read -> 1 (0x1) bytes=1: 61
T2615 exit  recvfrom -> 20 (0x14) bytes=20: 04 00 00 00 e3 00 00 00 01 00 00 00 00 00 00 00 41 00 00 00
T2615 enter recvfrom(0x27, 0x7c60867c20, 0x14, 0, 0, 0)
T2615 exit  recvfrom -> 20 (0x14) bytes=20: 04 00 00 00 00 00 00 00 00 00 00 00 00 00 00 00 00 00 00 00
T2615 enter close(0x27, 0x27, 0x14, 0, 0x14, 0)
T2615 exit  close -> 0 (0)
T2615 enter socket(0x2a, 0x80002, 0, 0x7c96e4ebb0, 0x7c96e4ebc0, 0x200c)
T4276 enter socket(0x2a, 0x80002, 0, 0x2, 0, 0)
T2615 exit  socket -> 39 (0x27)
T4276 exit  socket -> 42 (0x2a)
T4276 enter sendto(0x2a, 0x7c4a9c4b80, 0x14, 0, 0x7c4a9c4b70, 0xc) bytes=20: 0a 00 00 00 09 00 00 00 00 00 00 00 00 00 00 00 00 00 00 00 addr: bytes=12: 2a 00 00 00 01 00 00 00 fe ff ff ff
T4276 exit  sendto -> 20 (0x14)
T4276 enter recvfrom(0x2a, 0x7c4a9c4bd0, 0x14, 0, 0, 0)
T2591 enter recvfrom(0x11, 0x7c82d2db70, 0x14, 0x40, 0, 0)
T2591 exit  recvfrom -> 20 (0x14) bytes=20: 04 00 00 00 28 00 00 00 01 00 00 00 01 00 00 00 c2 45 00 00
attached new tid=6577
T4276 exit  recvfrom -> 20 (0x14) bytes=20: 04 00 00 00 09 00 00 00 02 00 00 00 00 00 00 00 45 00 00 00
T4276 enter recvfrom(0x2a, 0x7c4a9c4bd0, 0x14, 0, 0, 0)
T4276 exit  recvfrom -> 20 (0x14) bytes=20: 04 00 00 00 00 00 00 00 00 00 00 00 00 00 00 00 00 00 00 00
T4276 enter close(0x2a, 0x2a, 0x14, 0, 0x14, 0)
T4276 exit  close -> 0 (0)
T4276 enter socket(0x2a, 0x80002, 0, 0x2, 0x7c4a9c4c6c, 0xb400007c95807e80)
T4276 exit  socket -> 42 (0x2a)
T2615 enter write(0x2c, 0x7d3c3076c3, 0x1, 0, 0, 0) bytes=1: 61
T4276 enter sendto(0x2a, 0x7c4a9c4b80, 0x14, 0, 0x7c4a9c4b70, 0xc) bytes=20: 0a 00 00 00 09 00 00 00 00 00 00 00 00 00 00 00 00 00 00 00 addr: bytes=12: 2a 00 00 00 01 00 00 00 fe ff ff ff
T2615 exit  write -> 1 (0x1)
T4276 exit  sendto -> 20 (0x14)
T4276 enter recvfrom(0x2a, 0x7c4a9c4bd0, 0x14, 0, 0, 0)
T2591 enter recvfrom(0x11, 0x7c82d2db70, 0x14, 0x40, 0, 0)
T2591 exit  recvfrom -> 20 (0x14) bytes=20: 04 00 00 00 10 00 00 00 02 00 00 00 00 00 00 00 68 00 00 00
T4276 exit  recvfrom -> 20 (0x14) bytes=20: 04 00 00 00 09 00 00 00 02 00 00 00 00 00 00 00 45 00 00 00
T4276 enter recvfrom(0x2a, 0x7c4a9c4bd0, 0x14, 0, 0, 0)
T4276 exit  recvfrom -> 20 (0x14) bytes=20: 04 00 00 00 00 00 00 00 00 00 00 00 00 00 00 00 00 00 00 00
T4276 enter close(0x2a, 0x2a, 0x14, 0, 0x14, 0)
T6577 enter read(0x2b, 0x7c5b27ab94, 0x1, 0, 0, 0x4)
T6577 exit  read -> 1 (0x1) bytes=1: 61
T4276 exit  close -> 0 (0)
T4267 enter recvfrom(0x68, 0xb400007c96e52800, 0x800, 0, 0, 0)
T4267 exit  recvfrom -> 24 (0x18) bytes=24: 18 00 00 00 01 00 00 00 17 00 00 00 29 08 00 00 08 00 00 10 0a 00 00 00
T2766 enter socket(0x2a, 0x80002, 0, 0x2, 0x7c5b17d12c, 0x7c5b17d240)
T2766 exit  socket -> 42 (0x2a)
T2766 enter sendto(0x2a, 0x7c5b17d040, 0x14, 0, 0x7c5b17d030, 0xc) bytes=20: 0a 00 00 00 0a 00 00 00 00 00 00 00 00 00 00 00 00 00 00 00 addr: bytes=12: 2a 00 00 00 01 00 00 00 fe ff ff ff
T2766 exit  sendto -> 20 (0x14)
T2766 enter recvfrom(0x2a, 0x7c5b17d090, 0x14, 0, 0, 0)
T4276 enter sendto(0x26, 0xb400007c958062c0, 0xb, 0x40, 0x7c4a9c4b68, 0xc) bytes=11: 00 01 00 44 00 04 00 01 01 00 01 addr: bytes=12: 2a 00 00 00 00 00 00 00 45 00 00 00
T4276 exit  sendto -> 11 (0xb)
T6576 enter recvfrom(0x26, 0xb400007c87edb040, 0xa034, 0x40, 0x7c5b377b88, 0x7c5b377b84)
T6576 exit  recvfrom -> 14 (0xe) bytes=14: 02 01 00 44 00 07 00 02 04 00 00 00 00 00
T2766 exit  recvfrom -> 20 (0x14) bytes=20: 04 00 00 00 0a 00 00 00 02 00 00 00 00 00 00 00 47 00 00 00
T2766 enter recvfrom(0x2a, 0x7c5b17d090, 0x14, 0, 0, 0)
T2766 exit  recvfrom -> 20 (0x14) bytes=20: 04 00 00 00 00 00 00 00 00 00 00 00 00 00 00 00 00 00 00 00
T2766 enter close(0x2a, 0x2a, 0x14, 0, 0x14, 0)
T2766 exit  close -> 0 (0)
T2767 enter socket(0x2a, 0x80002, 0, 0x1, 0x7c5b08012c, 0x7c5b080240)
T2767 exit  socket -> 42 (0x2a)
T2767 enter sendto(0x2a, 0x7c5b080040, 0x14, 0, 0x7c5b080030, 0xc) bytes=20: 0a 00 00 00 0b 00 00 00 00 00 00 00 00 00 00 00 00 00 00 00 addr: bytes=12: 2a 00 00 00 01 00 00 00 fe ff ff ff
T2767 exit  sendto -> 20 (0x14)
T2767 enter recvfrom(0x2a, 0x7c5b080090, 0x14, 0, 0, 0)
T2767 exit  recvfrom -> 20 (0x14) bytes=20: 04 00 00 00 0b 00 00 00 01 00 00 00 00 00 00 00 49 00 00 00
T2767 enter recvfrom(0x2a, 0x7c5b080090, 0x14, 0, 0, 0)
T2767 exit  recvfrom -> 20 (0x14) bytes=20: 04 00 00 00 00 00 00 00 00 00 00 00 00 00 00 00 00 00 00 00
T2767 enter close(0x2a, 0x2a, 0x14, 0, 0x14, 0)
T2767 exit  close -> 0 (0)
T4263 enter socket(0x2a, 0x80002, 0, 0x1, 0x7c65c00b9c, 0x7c65c00ce0)
T4263 exit  socket -> 42 (0x2a)
T4263 enter sendto(0x2a, 0x7c65c00ab0, 0x14, 0, 0x7c65c00aa0, 0xc) bytes=20: 0a 00 00 00 01 00 00 00 00 00 00 00 00 00 00 00 00 00 00 00 addr: bytes=12: 2a 00 00 00 01 00 00 00 fe ff ff ff
T4263 exit  sendto -> 20 (0x14)
T2766 enter socket(0x2a, 0x80002, 0, 0x7c87e090b0, 0x7c87e090c0, 0xffff)
T4263 enter recvfrom(0x2a, 0x7c65c00b00, 0x14, 0, 0, 0)
T2766 exit  socket -> 45 (0x2d)
T4263 exit  recvfrom -> 20 (0x14) bytes=20: 04 00 00 00 01 00 00 00 01 00 00 00 00 00 00 00 4a 00 00 00
T4263 enter recvfrom(0x2a, 0x7c65c00b00, 0x14, 0, 0, 0)
T4263 exit  recvfrom -> 20 (0x14) bytes=20: 04 00 00 00 00 00 00 00 00 00 00 00 00 00 00 00 00 00 00 00
T4263 enter close(0x2a, 0x2a, 0x14, 0, 0x14, 0)
T4263 exit  close -> 0 (0)
T4263 enter socket(0x2a, 0x80002, 0, 0x7c87e06310, 0x7c87e06320, 0)
T4275 enter socket(0x2a, 0x80002, 0, 0x2, 0x7c65dfafdc, 0x7c65dfb260)
T4263 exit  socket -> 42 (0x2a)
T4275 exit  socket -> 48 (0x30)
T4275 enter sendto(0x30, 0x7c65dfaef0, 0x14, 0, 0x7c65dfaee0, 0xc) bytes=20: 0a 00 00 00 09 00 00 00 00 00 00 00 00 00 00 00 00 00 00 00 addr: bytes=12: 2a 00 00 00 01 00 00 00 fe ff ff ff
T4275 exit  sendto -> 20 (0x14)
T4275 enter recvfrom(0x30, 0x7c65dfaf40, 0x14, 0, 0, 0)
attached new tid=6578
T4275 exit  recvfrom -> 20 (0x14) bytes=20: 04 00 00 00 09 00 00 00 02 00 00 00 00 00 00 00 45 00 00 00
T4275 enter recvfrom(0x30, 0x7c65dfaf40, 0x14, 0, 0, 0)
T4275 exit  recvfrom -> 20 (0x14) bytes=20: 04 00 00 00 00 00 00 00 00 00 00 00 00 00 00 00 00 00 00 00
T4275 enter close(0x30, 0x30, 0x14, 0, 0x14, 0)
T4275 exit  close -> 0 (0)
attached new tid=6580
T4263 enter write(0x32, 0x7d3c3076c3, 0x1, 0, 0, 0) bytes=1: 61
T4263 exit  write -> 1 (0x1)
T4263 enter socket(0x2a, 0x80002, 0, 0x1, 0, 0)
T4263 exit  socket -> 48 (0x30)
T6580 enter read(0x31, 0x7c56e86b94, 0x1, 0, 0, 0x1)
T6580 exit  read -> 1 (0x1) bytes=1: 61
T4263 enter sendto(0x30, 0x7c65c00a60, 0x14, 0, 0x7c65c00a50, 0xc) bytes=20: 0a 00 00 00 01 00 00 00 00 00 00 00 00 00 00 00 00 00 00 00 addr: bytes=12: 2a 00 00 00 01 00 00 00 fe ff ff ff
T4263 exit  sendto -> 20 (0x14)
T4263 enter recvfrom(0x30, 0x7c65c00ab0, 0x14, 0, 0, 0)
T2766 enter write(0x2f, 0x7d3c3076c3, 0x1, 0, 0, 0) bytes=1: 61
T2766 exit  write -> 1 (0x1)
T6578 enter read(0x2e, 0x7c56f83b94, 0x1, 0, 0, 0x1)
T6578 exit  read -> 1 (0x1) bytes=1: 61
T4263 exit  recvfrom -> 20 (0x14) bytes=20: 04 00 00 00 01 00 00 00 01 00 00 00 00 00 00 00 4a 00 00 00
T4263 enter recvfrom(0x30, 0x7c65c00ab0, 0x14, 0, 0, 0)
T4263 exit  recvfrom -> 20 (0x14) bytes=20: 04 00 00 00 00 00 00 00 00 00 00 00 00 00 00 00 00 00 00 00
T4263 enter close(0x30, 0x30, 0x14, 0, 0x14, 0)
T4263 exit  close -> 0 (0)
T4263 enter socket(0x2a, 0x80002, 0, 0x1, 0x7c65c00b4c, 0xb400007c95807100)
T4263 exit  socket -> 48 (0x30)
T4263 enter sendto(0x30, 0x7c65c00a60, 0x14, 0, 0x7c65c00a50, 0xc) bytes=20: 0a 00 00 00 01 00 00 00 00 00 00 00 00 00 00 00 00 00 00 00 addr: bytes=12: 2a 00 00 00 01 00 00 00 fe ff ff ff
T4263 exit  sendto -> 20 (0x14)
T4263 enter recvfrom(0x30, 0x7c65c00ab0, 0x14, 0, 0, 0)
T4263 exit  recvfrom -> 20 (0x14) bytes=20: 04 00 00 00 01 00 00 00 01 00 00 00 00 00 00 00 4a 00 00 00
T4263 enter recvfrom(0x30, 0x7c65c00ab0, 0x14, 0, 0, 0)
T4263 exit  recvfrom -> 20 (0x14) bytes=20: 04 00 00 00 00 00 00 00 00 00 00 00 00 00 00 00 00 00 00 00
T4263 enter close(0x30, 0x30, 0x14, 0, 0x14, 0)
T4263 exit  close -> 0 (0)
T6573 enter socket(0x2a, 0x80002, 0, 0x1, 0x7c5c47492c, 0x7c5c474b90)
T6573 exit  socket -> 48 (0x30)
T6573 enter sendto(0x30, 0x7c5c474840, 0x14, 0, 0x7c5c474830, 0xc) bytes=20: 0a 00 00 00 49 00 00 00 00 00 00 00 00 00 00 00 00 00 00 00 addr: bytes=12: 2a 00 00 00 01 00 00 00 fe ff ff ff
T6573 exit  sendto -> 20 (0x14)
T6573 enter recvfrom(0x30, 0x7c5c474890, 0x14, 0, 0, 0)
T4263 enter sendto(0x2a, 0xb400007c87e04f50, 0x16, 0x40, 0x7c65c00b48, 0xc) bytes=22: 00 01 00 a2 00 0f 00 10 08 00 04 00 00 00 01 00 00 00 11 01 00 01 addr: bytes=12: 2a 00 00 00 00 00 00 00 4a 00 00 00
T4263 exit  sendto -> 22 (0x16)
T6580 enter recvfrom(0x2a, 0xb400007c9585f680, 0xa51c, 0x40, 0x7c56e86b88, 0x7c56e86b84)
T6580 exit  recvfrom -> 14 (0xe) bytes=14: 02 01 00 a2 00 07 00 02 04 00 00 00 00 00
T6573 exit  recvfrom -> 20 (0x14) bytes=20: 04 00 00 00 49 00 00 00 01 00 00 00 00 00 00 00 5e 00 00 00
T6573 enter recvfrom(0x30, 0x7c5c474890, 0x14, 0, 0, 0)
T6573 exit  recvfrom -> 20 (0x14) bytes=20: 04 00 00 00 00 00 00 00 00 00 00 00 00 00 00 00 00 00 00 00
T6573 enter close(0x30, 0x30, 0x14, 0, 0x14, 0)
T6573 exit  close -> 0 (0)
T6573 enter socket(0x2a, 0x80002, 0, 0x7c87e07990, 0x7c87e079a0, 0)
T6573 exit  socket -> 48 (0x30)
T2615 enter socket(0x2a, 0x80002, 0, 0x1, 0, 0)
T2615 exit  socket -> 51 (0x33)
T2615 enter sendto(0x33, 0x7c60867b80, 0x14, 0, 0x7c60867b70, 0xc) bytes=20: 0a 00 00 00 e3 00 00 00 00 00 00 00 00 00 00 00 00 00 00 00 addr: bytes=12: 2a 00 00 00 01 00 00 00 fe ff ff ff
T2615 exit  sendto -> 20 (0x14)
T2615 enter recvfrom(0x33, 0x7c60867bd0, 0x14, 0, 0, 0)
T2586 enter socket(0x2a, 0x80002, 0, 0x7c96e4e430, 0x7c96e4e440, 0xe3e7)
T2586 exit  socket -> 54 (0x36)
attached new tid=6582
T2603 enter ioctl(0xe, 0xc0306201, 0x7c8214fc48, 0, 0, 0x1) ioctl_req=0xc0306201
T2603 exit  ioctl -> 0 (0)
T6573 enter write(0x35, 0x7d3c3076c3, 0x1, 0, 0, 0) bytes=1: 61
T6573 exit  write -> 1 (0x1)
T2615 exit  recvfrom -> 20 (0x14) bytes=20: 04 00 00 00 e3 00 00 00 01 00 00 00 00 00 00 00 41 00 00 00
T2615 enter recvfrom(0x33, 0x7c60867bd0, 0x14, 0, 0, 0)
T2615 exit  recvfrom -> 20 (0x14) bytes=20: 04 00 00 00 00 00 00 00 00 00 00 00 00 00 00 00 00 00 00 00
T2615 enter close(0x33, 0x33, 0x14, 0, 0x14, 0)
T2615 exit  close -> 0 (0)
T2615 enter socket(0x2a, 0x80002, 0, 0x1, 0x7c60867c6c, 0xb400007c96f5ecc0)
T2615 exit  socket -> 51 (0x33)
T6582 enter read(0x34, 0x7c54d89b94, 0x1, 0, 0, 0x4)
T2615 enter sendto(0x33, 0x7c60867b80, 0x14, 0, 0x7c60867b70, 0xc) bytes=20: 0a 00 00 00 e3 00 00 00 00 00 00 00 00 00 00 00 00 00 00 00 addr: bytes=12: 2a 00 00 00 01 00 00 00 fe ff ff ff
T6582 exit  read -> 1 (0x1) bytes=1: 61
T2615 exit  sendto -> 20 (0x14)
T2615 enter recvfrom(0x33, 0x7c60867bd0, 0x14, 0, 0, 0)
attached new tid=6584
T4273 enter recvfrom(0x61, 0xb4000077ede79000, 0x800, 0, 0, 0)
T4273 exit  recvfrom -> 24 (0x18) bytes=24: 18 00 00 00 01 00 00 00 16 00 00 00 29 08 00 00 08 00 00 10 0a 00 00 00
T2659 enter recvfrom(0xa, 0x77e782bb70, 0x14, 0x40, 0, 0)
T2659 exit  recvfrom -> 20 (0x14) bytes=20: 04 00 00 00 01 10 00 00 03 00 00 00 00 00 00 00 1c 00 00 00
T4273 enter recvfrom(0x61, 0xb4000077ede79000, 0x800, 0, 0, 0)
T4273 exit  recvfrom -> 24 (0x18) bytes=24: 18 00 00 00 01 00 00 00 17 00 00 00 29 08 00 00 08 00 00 10 0a 00 00 00
T2659 enter recvfrom(0xa, 0x77e782bb70, 0x14, 0x40, 0, 0)
T2659 exit  recvfrom -> 20 (0x14) bytes=20: 04 00 00 00 17 00 00 00 02 00 00 00 00 00 00 00 1f 00 00 00
T2659 enter recvfrom(0xa, 0x77e782bb70, 0x14, 0x40, 0, 0)
T2659 exit  recvfrom -> 20 (0x14) bytes=20: 04 00 00 00 17 00 00 00 01 00 00 00 00 00 00 00 20 00 00 00
T2659 enter recvfrom(0xa, 0x77e782bb70, 0x14, 0x40, 0, 0)
T2659 exit  recvfrom -> 20 (0x14) bytes=20: 04 00 00 00 24 00 00 00 01 00 00 00 00 00 00 00 21 00 00 00
T2615 exit  recvfrom -> 20 (0x14) bytes=20: 04 00 00 00 e3 00 00 00 01 00 00 00 00 00 00 00 41 00 00 00
T4267 enter recvfrom(0x68, 0xb400007c96e52800, 0x800, 0, 0, 0)
T4267 exit  recvfrom -> 24 (0x18) bytes=24: 18 00 00 00 01 00 00 00 18 00 00 00 29 08 00 00 08 00 00 10 0a 00 00 00
T2615 enter recvfrom(0x33, 0x7c60867bd0, 0x14, 0, 0, 0)
T2615 exit  recvfrom -> 20 (0x14) bytes=20: 04 00 00 00 00 00 00 00 00 00 00 00 00 00 00 00 00 00 00 00
T2615 enter close(0x33, 0x33, 0x14, 0, 0x14, 0)
T2615 exit  close -> 0 (0)
T4267 enter recvfrom(0x68, 0xb400007c96e52800, 0x800, 0, 0, 0)
T4267 exit  recvfrom -> 24 (0x18) bytes=24: 18 00 00 00 01 00 00 00 19 00 00 00 29 08 00 00 08 00 00 10 0a 00 00 00
T4267 enter recvfrom(0x68, 0xb400007c96e52800, 0x800, 0, 0, 0)
T4267 exit  recvfrom -> 24 (0x18) bytes=24: 18 00 00 00 01 00 00 00 1a 00 00 00 29 08 00 00 08 00 00 10 0a 00 00 00
T2588 enter socket(0x2a, 0x80002, 0, 0x1, 0x7c83023fdc, 0x7c83024260)
T2588 exit  socket -> 51 (0x33)
T2671 enter ioctl(0xf, 0xc0306201, 0x77d9c4e920, 0, 0, 0) ioctl_req=0xc0306201
T4273 enter recvfrom(0x61, 0xb4000077ede79000, 0x800, 0, 0, 0)
T4273 exit  recvfrom -> 24 (0x18) bytes=24: 18 00 00 00 01 00 00 00 18 00 00 00 29 08 00 00 08 00 00 10 0a 00 00 00
T4267 enter recvfrom(0x68, 0xb400007c96e52800, 0x800, 0, 0, 0)
T4267 exit  recvfrom -> 24 (0x18) bytes=24: 18 00 00 00 01 00 00 00 1b 00 00 00 29 08 00 00 08 00 00 10 0a 00 00 00
T4267 enter recvfrom(0x68, 0xb400007c96e52800, 0x800, 0, 0, 0)
T4267 exit  recvfrom -> 24 (0x18) bytes=24: 18 00 00 00 01 00 00 00 1c 00 00 00 29 08 00 00 08 00 00 10 0a 00 00 00
T4267 enter recvfrom(0x68, 0xb400007c96e52800, 0x800, 0, 0, 0)
T4267 exit  recvfrom -> 24 (0x18) bytes=24: 18 00 00 00 01 00 00 00 1d 00 00 00 29 08 00 00 08 00 00 10 0a 00 00 00
T2588 enter sendto(0x33, 0x7c83023ef0, 0x14, 0, 0x7c83023ee0, 0xc) bytes=20: 0a 00 00 00 21 00 00 00 00 00 00 00 00 00 00 00 00 00 00 00 addr: bytes=12: 2a 00 00 00 01 00 00 00 fe ff ff ff
T2588 exit  sendto -> 20 (0x14)
T2588 enter recvfrom(0x33, 0x7c83023f40, 0x14, 0, 0, 0)
T2671 exit  ioctl -> 0 (0)
T2588 exit  recvfrom -> 20 (0x14) bytes=20: 04 00 00 00 21 00 00 00 01 00 00 00 00 00 00 00 62 00 00 00
T2588 enter recvfrom(0x33, 0x7c83023f40, 0x14, 0, 0, 0)
T2588 exit  recvfrom -> 20 (0x14) bytes=20: 04 00 00 00 00 00 00 00 00 00 00 00 00 00 00 00 00 00 00 00
T2603 enter ioctl(0xe, 0xc0306201, 0x7c82150920, 0, 0, 0) ioctl_req=0xc0306201
T2588 enter close(0x33, 0x33, 0x14, 0, 0x14, 0)
T2588 exit  close -> 0 (0)
T2586 enter write(0x38, 0x7d3c3076c3, 0x1, 0, 0, 0) bytes=1: 61
T6584 enter read(0x37, 0x7c54c8cb94, 0x1, 0, 0, 0x1)
T6584 exit  read -> 1 (0x1) bytes=1: 61
T2603 exit  ioctl -> 0 (0)
T2586 exit  write -> 1 (0x1)
T2586 enter socket(0x2a, 0x80002, 0, 0x1, 0, 0)
T2586 exit  socket -> 51 (0x33)
T4267 enter recvfrom(0x68, 0xb400007c96e52800, 0x800, 0, 0, 0)
T4267 exit  recvfrom -> 24 (0x18) bytes=24: 18 00 00 00 01 00 00 00 1e 00 00 00 29 08 00 00 08 00 00 10 0a 00 00 00
T2586 enter sendto(0x33, 0x7c8321db80, 0x14, 0, 0x7c8321db70, 0xc) bytes=20: 0a 00 00 00 0c 00 00 00 00 00 00 00 00 00 00 00 00 00 00 00 addr: bytes=12: 2a 00 00 00 01 00 00 00 fe ff ff ff
T2586 exit  sendto -> 20 (0x14)
T2586 enter recvfrom(0x33, 0x7c8321dbd0, 0x14, 0, 0, 0)
T2586 exit  recvfrom -> 20 (0x14) bytes=20: 04 00 00 00 0c 00 00 00 01 00 00 00 00 00 00 00 44 00 00 00
T2586 enter recvfrom(0x33, 0x7c8321dbd0, 0x14, 0, 0, 0)
T2586 exit  recvfrom -> 20 (0x14) bytes=20: 04 00 00 00 00 00 00 00 00 00 00 00 00 00 00 00 00 00 00 00
T2586 enter close(0x33, 0x33, 0x14, 0, 0x14, 0)
T2586 exit  close -> 0 (0)
T2589 enter socket(0x2a, 0x80002, 0, 0x1, 0x7c82f26fdc, 0x7c82f27260)
T2589 exit  socket -> 51 (0x33)
T2589 enter sendto(0x33, 0x7c82f26ef0, 0x14, 0, 0x7c82f26ee0, 0xc) bytes=20: 0a 00 00 00 12 00 00 00 00 00 00 00 00 00 00 00 00 00 00 00 addr: bytes=12: 2a 00 00 00 01 00 00 00 fe ff ff ff
T2589 exit  sendto -> 20 (0x14)
T2589 enter recvfrom(0x33, 0x7c82f26f40, 0x14, 0, 0, 0)
T2589 exit  recvfrom -> 20 (0x14) bytes=20: 04 00 00 00 12 00 00 00 01 00 00 00 00 00 00 00 64 00 00 00
T2589 enter recvfrom(0x33, 0x7c82f26f40, 0x14, 0, 0, 0)
T2589 exit  recvfrom -> 20 (0x14) bytes=20: 04 00 00 00 00 00 00 00 00 00 00 00 00 00 00 00 00 00 00 00
T2589 enter close(0x33, 0x33, 0x14, 0, 0x14, 0)
T2589 exit  close -> 0 (0)
T2586 enter socket(0x2a, 0x80002, 0, 0x1, 0x7c8321dc6c, 0xb400007c96f5e460)
T2586 exit  socket -> 51 (0x33)
T2586 enter sendto(0x33, 0x7c8321db80, 0x14, 0, 0x7c8321db70, 0xc) bytes=20: 0a 00 00 00 0c 00 00 00 00 00 00 00 00 00 00 00 00 00 00 00 addr: bytes=12: 2a 00 00 00 01 00 00 00 fe ff ff ff
T2586 exit  sendto -> 20 (0x14)
T2586 enter recvfrom(0x33, 0x7c8321dbd0, 0x14, 0, 0, 0)
T2586 exit  recvfrom -> 20 (0x14) bytes=20: 04 00 00 00 0c 00 00 00 01 00 00 00 00 00 00 00 44 00 00 00
T2586 enter recvfrom(0x33, 0x7c8321dbd0, 0x14, 0, 0, 0)
T2586 exit  recvfrom -> 20 (0x14) bytes=20: 04 00 00 00 00 00 00 00 00 00 00 00 00 00 00 00 00 00 00 00
T2586 enter close(0x33, 0x33, 0x14, 0, 0x14, 0)
T2586 exit  close -> 0 (0)
T2582 enter socket(0x2a, 0x80002, 0, 0x1, 0x7c83611fdc, 0x7c83612260)
T2582 exit  socket -> 51 (0x33)
T2582 enter sendto(0x33, 0x7c83611ef0, 0x14, 0, 0x7c83611ee0, 0xc) bytes=20: 0a 00 00 00 07 00 00 00 00 00 00 00 00 00 00 00 00 00 00 00 addr: bytes=12: 2a 00 00 00 01 00 00 00 fe ff ff ff
T2582 exit  sendto -> 20 (0x14)
T2582 enter recvfrom(0x33, 0x7c83611f40, 0x14, 0, 0, 0)
T4273 enter recvfrom(0x61, 0xb4000077ede79000, 0x800, 0, 0, 0)
T4273 exit  recvfrom -> 24 (0x18) bytes=24: 18 00 00 00 01 00 00 00 19 00 00 00 29 08 00 00 08 00 00 10 0a 00 00 00
T4273 enter recvfrom(0x61, 0xb4000077ede79000, 0x800, 0, 0, 0)
T4273 exit  recvfrom -> 24 (0x18) bytes=24: 18 00 00 00 01 00 00 00 1a 00 00 00 29 08 00 00 08 00 00 10 0a 00 00 00
T4273 enter recvfrom(0x61, 0xb4000077ede79000, 0x800, 0, 0, 0)
T4273 exit  recvfrom -> 24 (0x18) bytes=24: 18 00 00 00 01 00 00 00 1b 00 00 00 29 08 00 00 08 00 00 10 0a 00 00 00
T4273 enter recvfrom(0x61, 0xb4000077ede79000, 0x800, 0, 0, 0)
T4273 exit  recvfrom -> 24 (0x18) bytes=24: 18 00 00 00 01 00 00 00 1c 00 00 00 29 08 00 00 08 00 00 10 0a 00 00 00
T2659 enter recvfrom(0xa, 0x77e782bb70, 0x14, 0x40, 0, 0)
T4273 enter recvfrom(0x61, 0xb4000077ede79000, 0x800, 0, 0, 0)
T4273 exit  recvfrom -> 24 (0x18) bytes=24: 18 00 00 00 01 00 00 00 1d 00 00 00 29 08 00 00 08 00 00 10 0a 00 00 00
T2659 exit  recvfrom -> 20 (0x14) bytes=20: 04 00 00 00 31 00 00 00 01 02 00 00 00 00 00 00 22 00 00 00
T4273 enter recvfrom(0x61, 0xb4000077ede79000, 0x800, 0, 0, 0)
T4273 exit  recvfrom -> 24 (0x18) bytes=24: 18 00 00 00 01 00 00 00 1e 00 00 00 29 08 00 00 08 00 00 10 0a 00 00 00
T2659 enter recvfrom(0xa, 0x77e782bb70, 0x14, 0x40, 0, 0)
T4273 enter recvfrom(0x61, 0xb4000077ede79000, 0x800, 0, 0, 0)
T4273 exit  recvfrom -> 24 (0x18) bytes=24: 18 00 00 00 01 00 00 00 1f 00 00 00 29 08 00 00 08 00 00 10 0a 00 00 00
T2659 exit  recvfrom -> 20 (0x14) bytes=20: 04 00 00 00 2f 04 00 00 01 01 00 00 00 00 00 00 23 00 00 00
T2659 enter recvfrom(0xa, 0x77e782bb70, 0x14, 0x40, 0, 0)
T2659 exit  recvfrom -> 20 (0x14) bytes=20: 04 00 00 00 11 00 00 00 01 00 00 00 00 00 00 00 32 00 00 00
T2671 enter ioctl(0xf, 0xc0306201, 0x77d9c4e7f8, 0, 0, 0x1) ioctl_req=0xc0306201
T2671 exit  ioctl -> 0 (0)
T2671 enter ioctl(0xf, 0xc0306201, 0x77d9c4eca8, 0x77d9c4edd8, 0x77d9c4edd0, 0x80**************) ioctl_req=0xc0306201
T2659 enter recvfrom(0xa, 0x77e782bb70, 0x14, 0x40, 0, 0)
T2671 exit  ioctl -> 0 (0)
T2659 exit  recvfrom -> 20 (0x14) bytes=20: 04 00 00 00 22 00 00 00 01 00 00 00 00 00 00 00 33 00 00 00
T2659 enter recvfrom(0xa, 0x77e782bb70, 0x14, 0x40, 0, 0)
T2659 exit  recvfrom -> 20 (0x14) bytes=20: 04 00 00 00 29 00 00 00 01 01 00 00 00 00 00 00 34 00 00 00
T2659 enter recvfrom(0xa, 0x77e782bb70, 0x14, 0x40, 0, 0)
T2659 exit  recvfrom -> 20 (0x14) bytes=20: 04 00 00 00 8c 13 00 00 ef de 00 00 00 00 00 00 35 00 00 00
T2659 enter recvfrom(0xa, 0x77e782bb70, 0x14, 0x40, 0, 0)
T2659 exit  recvfrom -> 20 (0x14) bytes=20: 04 00 00 00 55 00 00 00 01 00 00 00 00 00 00 00 38 00 00 00
T2659 enter recvfrom(0xa, 0x77e782bb70, 0x14, 0x40, 0, 0)
T2659 exit  recvfrom -> 20 (0x14) bytes=20: 04 00 00 00 4c 00 00 00 01 00 00 00 00 00 00 00 39 00 00 00
T2659 enter recvfrom(0xa, 0x77e782bb70, 0x14, 0x40, 0, 0)
T2659 exit  recvfrom -> 20 (0x14) bytes=20: 04 00 00 00 37 00 00 00 01 02 00 00 00 00 00 00 3d 00 00 00
T2659 enter recvfrom(0xa, 0x77e782bb70, 0x14, 0x40, 0, 0)
T2659 exit  recvfrom -> 20 (0x14) bytes=20: 04 00 00 00 32 00 00 00 01 00 00 00 00 00 00 00 42 00 00 00
T2659 enter recvfrom(0xa, 0x77e782bb70, 0x14, 0x40, 0, 0)
T2659 exit  recvfrom -> 20 (0x14) bytes=20: 04 00 00 00 0c 00 00 00 01 00 00 00 00 00 00 00 44 00 00 00
T2676 enter socket(0x2a, 0x80002, 0, 0x1, 0x77c9461fcc, 0x77c9462220)
T2676 exit  socket -> 24 (0x18)
T2676 enter sendto(0x18, 0x77c9461ee0, 0x14, 0, 0x77c9461ed0, 0xc) bytes=20: 0a 00 00 00 32 00 00 00 00 00 00 00 00 00 00 00 00 00 00 00 addr: bytes=12: 2a 00 00 00 01 00 00 00 fe ff ff ff
T2676 exit  sendto -> 20 (0x14)
T2676 enter recvfrom(0x18, 0x77c9461f30, 0x14, 0, 0, 0)
T2676 exit  recvfrom -> 20 (0x14) bytes=20: 04 00 00 00 32 00 00 00 01 00 00 00 00 00 00 00 42 00 00 00
T2676 enter recvfrom(0x18, 0x77c9461f30, 0x14, 0, 0, 0)
T2676 exit  recvfrom -> 20 (0x14) bytes=20: 04 00 00 00 00 00 00 00 00 00 00 00 00 00 00 00 00 00 00 00
T2676 enter close(0x18, 0x18, 0x14, 0, 0x14, 0)
T2676 exit  close -> 0 (0)
T2676 enter socket(0x2a, 0x80002, 0, 0x77ede07ad0, 0x77ede07ae0, 0x200c)
T2676 exit  socket -> 24 (0x18)
attached new tid=6618
T2676 enter write(0x1d, 0x787e6ad6c3, 0x1, 0, 0, 0) bytes=1: 61
T2676 exit  write -> 1 (0x1)
T4267 enter recvfrom(0x68, 0xb400007c96e52800, 0x800, 0, 0, 0)
T4267 exit  recvfrom -> 24 (0x18) bytes=24: 18 00 00 00 01 00 00 00 1f 00 00 00 29 08 00 00 08 00 00 10 0a 00 00 00
T2582 exit  recvfrom -> 20 (0x14) bytes=20: 04 00 00 00 07 00 00 00 01 00 00 00 00 00 00 00 61 00 00 00
T2586 enter sendto(0x36, 0xb400007c96e05fa0, 0xb, 0x40, 0x7c8321db98, 0xc) bytes=11: 00 01 00 1a 00 04 00 01 01 00 00 addr: bytes=12: 2a 00 00 00 00 00 00 00 44 00 00 00
T2586 exit  sendto -> 11 (0xb)
T2582 enter recvfrom(0x33, 0x7c83611f40, 0x14, 0, 0, 0)
T2582 exit  recvfrom -> 20 (0x14) bytes=20: 04 00 00 00 00 00 00 00 00 00 00 00 00 00 00 00 00 00 00 00
T2582 enter close(0x33, 0x33, 0x14, 0, 0x14, 0)
T6584 enter recvfrom(0x36, 0xb400007c87f3cf80, 0xe3f0, 0x40, 0x7c54c8cb88, 0x7c54c8cb84)
T2582 exit  close -> 0 (0)
T2579 enter socket(0x2a, 0x80002, 0, 0x1, 0x7c83908fdc, 0x7c83909260)
T2579 exit  socket -> 51 (0x33)
T6584 exit  recvfrom -> 14 (0xe) bytes=14: 02 01 00 1a 00 07 00 02 04 00 00 00 00 00
T2579 enter sendto(0x33, 0x7c83908ef0, 0x14, 0, 0x7c83908ee0, 0xc) bytes=20: 0a 00 00 00 03 00 00 00 00 00 00 00 00 00 00 00 00 00 00 00 addr: bytes=12: 2a 00 00 00 01 00 00 00 fe ff ff ff
T2579 exit  sendto -> 20 (0x14)
T2579 enter recvfrom(0x33, 0x7c83908f40, 0x14, 0, 0, 0)
T2671 enter ioctl(0xf, 0xc0306201, 0x77d9c4e920, 0, 0, 0) ioctl_req=0xc0306201
T4273 enter recvfrom(0x61, 0xb4000077ede79000, 0x800, 0, 0, 0)
T4273 exit  recvfrom -> 712 (0x2c8) bytes=160: c8 02 00 00 01 00 00 00 20 00 00 00 29 08 00 00 08 00 00 10 01 00 00 00 08 00 01 10 00 00 00 00 ac 00 03 10 00 00 00 00 00 00 00 00 0a 00 fe 80 00 00 00 00 00 00 c4 94 84 ff fe 62 fa c8 14 00 06 00 ff ff ff ff ff ff ff ff a8 27 00 00 a8 27 00 00 08 00 08 00 c4 00 00 00 00 00 00 00 00 00 00 00 00 00 00 00 00 00 00 00 00 00 00 00 00 00 00 00 00 00 00 00 00 00 00 00 00 00 00 00 00 00 00 00 00 00 00 00 00 00 00 00 00 00 00 00 00 00 00 00 00 00 00 00 00 00 00 00 00 00 00 00 00 00
T2671 exit  ioctl -> 0 (0)
T4273 enter recvfrom(0x61, 0xb4000077ede79000, 0x800, 0, 0, 0)
T4273 exit  recvfrom -> 248 (0xf8) bytes=160: f8 00 00 00 01 00 00 00 21 00 00 00 29 08 00 00 08 00 00 10 0b 00 00 00 08 00 01 10 00 00 00 00 ac 00 03 10 80 00 00 00 00 00 00 00 0a 00 fe 80 00 00 00 00 00 00 c4 94 84 ff fe 62 fa c8 14 00 06 00 ff ff ff ff ff ff ff ff a8 27 00 00 a8 27 00 00 08 00 08 00 80 00 00 00 00 00 00 00 00 00 00 00 00 00 00 00 00 00 00 00 00 00 00 00 00 00 00 00 00 00 00 00 00 00 00 00 00 00 00 00 00 00 00 00 00 00 00 00 00 00 00 00 00 00 00 00 00 00 00 00 00 00 00 00 00 00 00 00 00 00 00 00 00 00
T6618 enter read(0x1c, 0x77c7268b94, 0x1, 0, 0, 0x4)
T6618 exit  read -> 1 (0x1) bytes=1: 61
T2676 enter socket(0x2a, 0x80002, 0, 0x1, 0, 0)
T2676 exit  socket -> 30 (0x1e)
T2676 enter sendto(0x1e, 0x77c9461e90, 0x14, 0, 0x77c9461e80, 0xc) bytes=20: 0a 00 00 00 32 00 00 00 00 00 00 00 00 00 00 00 00 00 00 00 addr: bytes=12: 2a 00 00 00 01 00 00 00 fe ff ff ff
T2659 enter recvfrom(0xa, 0x77e782bb70, 0x14, 0x40, 0, 0)
T2676 exit  sendto -> 20 (0x14)
T2676 enter recvfrom(0x1e, 0x77c9461ee0, 0x14, 0, 0, 0)
T2676 exit  recvfrom -> 20 (0x14) bytes=20: 04 00 00 00 32 00 00 00 01 00 00 00 00 00 00 00 42 00 00 00
T2676 enter recvfrom(0x1e, 0x77c9461ee0, 0x14, 0, 0, 0)
T2676 exit  recvfrom -> 20 (0x14) bytes=20: 04 00 00 00 00 00 00 00 00 00 00 00 00 00 00 00 00 00 00 00
T2676 enter close(0x1e, 0x1e, 0x14, 0, 0x14, 0)
T2659 exit  recvfrom -> 20 (0x14) bytes=20: 04 00 00 00 e3 00 00 00 01 00 00 00 00 00 00 00 41 00 00 00
T2676 exit  close -> 0 (0)
T2676 enter socket(0x2a, 0x80002, 0, 0x1, 0x77c9461f7c, 0xb4000077ede0bae0)
T2676 exit  socket -> 30 (0x1e)
T2676 enter sendto(0x1e, 0x77c9461e90, 0x14, 0, 0x77c9461e80, 0xc) bytes=20: 0a 00 00 00 32 00 00 00 00 00 00 00 00 00 00 00 00 00 00 00 addr: bytes=12: 2a 00 00 00 01 00 00 00 fe ff ff ff
T2676 exit  sendto -> 20 (0x14)
T2676 enter recvfrom(0x1e, 0x77c9461ee0, 0x14, 0, 0, 0)
T2676 exit  recvfrom -> 20 (0x14) bytes=20: 04 00 00 00 32 00 00 00 01 00 00 00 00 00 00 00 42 00 00 00
T2676 enter recvfrom(0x1e, 0x77c9461ee0, 0x14, 0, 0, 0)
T2676 exit  recvfrom -> 20 (0x14) bytes=20: 04 00 00 00 00 00 00 00 00 00 00 00 00 00 00 00 00 00 00 00
T2676 enter close(0x1e, 0x1e, 0x14, 0, 0x14, 0)
T2676 exit  close -> 0 (0)
T2679 enter socket(0x2a, 0x80002, 0, 0x1, 0x77c716afdc, 0x77c716b260)
T2679 exit  socket -> 30 (0x1e)
T2679 enter sendto(0x1e, 0x77c716aef0, 0x14, 0, 0x77c716aee0, 0xc) bytes=20: 0a 00 00 00 e3 00 00 00 00 00 00 00 00 00 00 00 00 00 00 00 addr: bytes=12: 2a 00 00 00 01 00 00 00 fe ff ff ff
T2679 exit  sendto -> 20 (0x14)
T2679 enter recvfrom(0x1e, 0x77c716af40, 0x14, 0, 0, 0)
T2679 exit  recvfrom -> 20 (0x14) bytes=20: 04 00 00 00 e3 00 00 00 01 00 00 00 00 00 00 00 41 00 00 00
T2679 enter recvfrom(0x1e, 0x77c716af40, 0x14, 0, 0, 0)
T2679 exit  recvfrom -> 20 (0x14) bytes=20: 04 00 00 00 00 00 00 00 00 00 00 00 00 00 00 00 00 00 00 00
T2679 enter close(0x1e, 0x1e, 0x14, 0, 0x14, 0)
T2679 exit  close -> 0 (0)
T2659 enter recvfrom(0xa, 0x77e782bb70, 0x14, 0x40, 0, 0)
T2671 enter ioctl(0xf, 0xc0306201, 0x77d9c4e4c0, 0, 0, 0) ioctl_req=0xc0306201
T2659 exit  recvfrom -> 20 (0x14) bytes=20: 04 00 00 00 09 00 00 00 02 00 00 00 00 00 00 00 45 00 00 00
T2671 exit  ioctl -> 0 (0)
T2671 enter socket(0x1, 0x80001, 0, 0, 0x8, 0x80**************)
T2679 enter socket(0x2a, 0x80002, 0, 0x1, 0x77c716acbc, 0x77c716ae00)
T2679 exit  socket -> 30 (0x1e)
T2671 exit  socket -> 32 (0x20)
T2671 enter connect(0x20, 0x77d9c4e800, 0x1f, 0x84e5c7ba, 0xffffffffffffff, 0x7e9e)
T2679 enter sendto(0x1e, 0x77c716abd0, 0x14, 0, 0x77c716abc0, 0xc) bytes=20: 0a 00 00 00 e3 00 00 00 00 00 00 00 00 00 00 00 00 00 00 00 addr: bytes=12: 2a 00 00 00 01 00 00 00 fe ff ff ff
T2671 exit  connect -> 0 (0)
T6580 enter recvfrom(0x2a, 0xb400007c9585f680, 0xa51c, 0x40, 0x7c56e86b88, 0x7c56e86b84)
T2679 exit  sendto -> 20 (0x14)
T2671 enter writev(0x20, 0x77d9c4e8d8, 0x5, 0, 0x8, 0x80**************)
T6580 exit  recvfrom -> 29 (0x1d)T2679 enter recvfrom(0x1e, 0x77c716ac20, 0x14, 0, 0, 0)
 bytes=29: 04 01 00 22 00 16 00 01 02 00 02 00 12 01 00T2679 exit  recvfrom -> 20 (0x14) 06 13 02 00 bytes=20: 88 04 88 00 14 00 01 00 00 e3 27 00 15 00 01 00 00 01 00 00
 00 00 00 00 00 00 41 00T4267 enter recvfrom(0x68, 0xb400007c96e52800, 0x800, 0, 0, 0) 00
 00
T4267 exit  recvfrom -> 712 (0x2c8) bytes=160: c8 02 00 00 01 00T2679 enter recvfrom(0x1e, 0x77c716ac20, 0x14, 0, 0, 0) 00
 00 20 00 00 00 29 08 00 00 08 00 00 10 01 00 00 00 08 00 01 10 00 00T2679 exit  recvfrom -> 20 (0x14) 00 00 ac 00 03 10 00 00 00 bytes=20: 00 04 00 00 00 00 00 00 00 00 0a 00 00 00 fe 00 80 00 00 00 00 00 00 00 00 00 00 00 00 00 c4 00 94 00 84 00 ff 00 fe 00 62
 fa c8 14 00 06 00 ff ff ffT2671 exit  writev -> 50 (0x32) ff
 ff ff ff ff a8 27 00 00 a8T2679 enter close(0x1e, 0x1e, 0x14, 0, 0x14, 0) 27
 00 00 08 00 08 00T2671 enter recvfrom(0x20, 0x77d9c4e8c0, 0x4, 0x100, 0, 0) c4
 00 00 00 00 00 00 00 00 00 00 00 00 00 00 00 00T2679 exit  close -> 0 (0) 00
 00 00 00 00 00 00 00T2671 exit  recvfrom -> 4 (0x4) 00 00 00 bytes=4: 00 00 00 00 00 00 00 00 00
 00 00 00 00 00 00 00 00 00T2679 enter socket(0x2a, 0x80002, 0, 0x77ede07f30, 0x77ede07f40, 0x200c) 00
 00 00 00 00 00 00 00 00 00 00 00 00 00 00 00 00 00 00 00 00T2679 exit  socket -> 30 (0x1e) 00
 00 00 00 00 00 00 00 00 00 00
T2671 enter close(0x20, 0x20, 0x4, 0x100, 0, 0)
T2671 exit  close -> 0 (0)
T4267 enter recvfrom(0x68, 0xb400007c96e52800, 0x800, 0, 0, 0)
T4267 exit  recvfrom -> 248 (0xf8) bytes=160: f8 00 00 00 01 00 00 00 21 00 00 00 29 08 00 00 08 00 00 10 0b 00 00 00 08 00 01 10 00 00 00 00 ac 00 03 10 80 00 00 00 00 00 00 00 0a 00 fe 80 00 00 00 00 00 00 c4 94 84 ff fe 62 fa c8 14 00 06 00 ff ff ff ff ff ff ff ff a8 27 00 00 a8 27 00 00 08 00 08 00 80 00 00 00 00 00 00 00 00 00 00 00 00 00 00 00 00 00 00 00 00 00 00 00 00 00 00 00 00 00 00 00 00 00 00 00 00 00 00 00 00 00 00 00 00 00 00 00 00 00 00 00 00 00 00 00 00 00 00 00 00 00 00 00 00 00 00 00 00attached new tid=6626
 00 00 00 00 00
T2579 exit  recvfrom -> 20 (0x14) bytes=20: 04 00 00 00 03 00 00 00 01 00 00 00 00 00 00 00 46 00 00 00
T2679 enter write(0x21, 0x787e6ad6c3, 0x1, 0, 0, 0) bytes=1: 61
T2679 exit  write -> 1 (0x1)
T2679 enter socket(0x2a, 0x80002, 0, 0x1, 0, 0)
T2679 exit  socket -> 34 (0x22)
T2579 enter recvfrom(0x33, 0x7c83908f40, 0x14, 0, 0, 0)
T2679 enter sendto(0x22, 0x77c716ab80, 0x14, 0, 0x77c716ab70, 0xc) bytes=20: 0a 00 00 00 e3 00 00 00 00 00 00 00 00 00 00 00 00 00 00 00 addr: bytes=12: 2a 00 00 00 01 00 00 00 fe ff ff ff
T6626 enter read(0x20, 0x77c3bf4b94, 0x1, 0, 0, 0x4)
T2579 exit  recvfrom -> 20 (0x14) bytes=20: 04 00 00 00 00 00 00 00 00 00 00 00 00 00T2679 exit  sendto -> 20 (0x14) 00
 00 00 00 00 00
T2659 enter recvfrom(0xa, 0x77e782bb70, 0x14, 0x40, 0, 0)
T2679 enter recvfrom(0x22, 0x77c716abd0, 0x14, 0, 0, 0)
T6626 exit  read -> 1 (0x1) bytes=1: 61
T2659 exit  recvfrom -> 20 (0x14) bytes=20: 04 00 00 00 03 00 00 00 01 00 00 00 00 00 00 00 46 00 00 00
T2579 enter close(0x33, 0x33, 0x14, 0, 0x14, 0)
T2579 exit  close -> 0 (0)
T4275 enter socket(0x2a, 0x80002, 0, 0x2, 0x7c65dfacbc, 0x7c65dfae00)
T4275 exit  socket -> 51 (0x33)
T4275 enter sendto(0x33, 0x7c65dfabd0, 0x14, 0, 0x7c65dfabc0, 0xc) bytes=20: 0a 00 00 00 09 00 00 00 00 00 00 00 00 00 00 00 00 00 00 00 addr: bytes=12: 2a 00 00 00 01 00 00 00 fe ff ff ff
T4275 exit  sendto -> 20 (0x14)
T4275 enter recvfrom(0x33, 0x7c65dfac20, 0x14, 0, 0, 0)
T2659 enter recvfrom(0xa, 0x77e782bb70, 0x14, 0x40, 0, 0)
T2659 exit  recvfrom -> 20 (0x14) bytes=20: 04 00 00 00 0a 00 00 00 02 00 00 00 00 00 00 00 47 00 00 00
T2679 exit  recvfrom -> 20 (0x14) bytes=20: 04 00 00 00 e3 00 00 00 01 00 00 00 00 00 00 00 41 00 00 00
T2679 enter recvfrom(0x22, 0x77c716abd0, 0x14, 0, 0, 0)
T2679 exit  recvfrom -> 20 (0x14) bytes=20: 04 00 00 00 00 00 00 00 00 00 00 00 00 00 00 00 00 00 00 00
T2679 enter close(0x22, 0x22, 0x14, 0, 0x14, 0)
T2679 exit  close -> 0 (0)
T2679 enter socket(0x2a, 0x80002, 0, 0x1, 0x77c716ac6c, 0xb4000077ede0bb80)
T2659 enter recvfrom(0xa, 0x77e782bb70, 0x14, 0x40, 0, 0)
T2679 exit  socket -> 34 (0x22)
T2679 enter sendto(0x22, 0x77c716ab80, 0x14, 0, 0x77c716ab70, 0xc) bytes=20: 0a 00 00 00 e3 00 00 00 00 00 00 00 00 00 00 00 00 00 00 00 addr: bytes=12: 2a 00 00 00 01 00 00 00 fe ff ff ff
T2679 exit  sendto -> 20 (0x14)
T2679 enter recvfrom(0x22, 0x77c716abd0, 0x14, 0, 0, 0)
T2659 exit  recvfrom -> 20 (0x14) bytes=20: 04 00 00 00 2f 00 00 00 01 00 00 00 00 00 00 00 48 00 00 00
T2659 enter recvfrom(0xa, 0x77e782bb70, 0x14, 0x40, 0, 0)
T2659 exit  recvfrom -> 20 (0x14) bytes=20: 04 00 00 00 0b 00 00 00 01 00 00 00 00 00 00 00 49 00 00 00
T4275 exit  recvfrom -> 20 (0x14) bytes=20: 04 00 00 00 09 00 00 00 02 00 00 00 00 00 00 00 45 00 00 00T2659 enter recvfrom(0xa, 0x77e782bb70, 0x14, 0x40, 0, 0)

T2659 exit  recvfrom -> 20 (0x14) bytes=20: 04 00 00 00 01 00 00 00T4275 enter recvfrom(0x33, 0x7c65dfac20, 0x14, 0, 0, 0) 01
 00 00 00 00 00 00 00 4a 00 00 00
T4275 exit  recvfrom -> 20 (0x14) bytes=20: 04 00 00 00 00 00 00 00 00 00 00 00 00 00 00 00 00 00 00 00
T4275 enter close(0x33, 0x33, 0x14, 0, 0x14, 0)
T4275 exit  close -> 0 (0)
T2659 enter write(0x14, 0x77e782bb30, 0x8, 0xb4000077ede40130, 0x8, 0x8000) bytes=8:T4275 enter socket(0x2a, 0x80002, 0, 0x7c87e08bb0, 0x7c87e08bc0, 0xa02c) 01
 00 00 00 00 00 00 00T2766 enter socket(0x2a, 0x80002, 0, 0x2, 0, 0)

T4275 exit  socket -> 51 (0x33)
T2766 exit  socket -> 57 (0x39)
T2674 enter read(0x14, 0x77d265cab8, 0x8, 0x4, 0x38, 0)T2766 enter sendto(0x39, 0x7c5b17cff0, 0x14, 0, 0x7c5b17cfe0, 0xc)
 bytes=20: 0a 00 00 00 0a 00 00 00 00 00 00 00 00 00 00T2674 exit  read -> 8 (0x8) 00 00 00 00 bytes=8: 00 01 addr: 00 00 00 bytes=12: 00 2a 00 00 00 00 00 00
 01 00 00 00 fe ff ff ffT2679 exit  recvfrom -> 20 (0x14)
 bytes=20: 04 00 00 00 e3 00 00 00 01 00 00T2766 exit  sendto -> 20 (0x14) 00
 00 00 00 00 41 00 00 00
T2766 enter recvfrom(0x39, 0x7c5b17d040, 0x14, 0, 0, 0)
T2679 enter recvfrom(0x22, 0x77c716abd0, 0x14, 0, 0, 0)
T2674 enter read(0x14, 0x77d265cab8, 0x8, 0x4, 0x38, 0)
T2679 exit  recvfrom -> 20 (0x14) bytes=20: 04 00 00 00 00 00 00 00 00 00 00 00 00 00 00 00 00 00 00 00
T2674 exit  read -> -11 (0xfffffffffffffff5)
T2679 enter close(0x22, 0x22, 0x14, 0, 0x14, 0)
T2679 exit  close -> 0 (0)
T2659 exit  write -> 8 (0x8)
T2671 enter ioctl(0xf, 0xc0306201, 0x77d9c4d8a0, 0, 0, 0) ioctl_req=0xc0306201attached new tid=6627

T2658 enter socket(0x2a, 0x80002, 0, 0x2, 0x77e7927fdc, 0x77e7928260)
T2671 exit  ioctl -> 0 (0)
T2671 enter write(0x7, 0x787b896727, 0x1, 0x2, 0x2, 0x787f5d15c8) bytes=1: 20
T2671 exit  write -> 1 (0x1)
T2658 exit  socket -> 34 (0x22)
T2671 enter ioctl(0xf, 0xc0306201, 0x77d9c4d8b8, 0, 0, 0x1) ioctl_req=0xc0306201
T2671 exit  ioctl -> 0 (0)
T4275 enter write(0x3b, 0x7d3c3076c3, 0x1, 0, 0, 0) bytes=1: 61
T2766 exit  recvfrom -> 20 (0x14) bytes=20: 04 00 00 00 0a 00 00 00 02 00 00 00 00 00 00 00 47 00 00 00
T4275 exit  write -> 1 (0x1)
T2766 enter recvfrom(0x39, 0x7c5b17d040, 0x14, 0, 0, 0)
T2766 exit  recvfrom -> 20 (0x14) bytes=20: 04 00 00 00 00 00 00 00 00 00 00 00 00 00 00 00 00 00 00 00
T2766 enter close(0x39, 0x39, 0x14, 0, 0x14, 0)
T2766 exit  close -> 0 (0)
T2659 enter recvfrom(0xa, 0x77e782bb70, 0x14, 0x40, 0, 0)
T2659 exit  recvfrom -> 20 (0x14) bytes=20: 04 00 00 00 04 00 00 00 01 00 00 00 00 00 00 00 4b 00 00 00
T2659 enter recvfrom(0xa, 0x77e782bb70, 0x14, 0x40, 0, 0)
T2659 exit  recvfrom -> 20 (0x14) bytes=20: 04 00 00 00 1a 00 00 00 01 00 00 00 00 00 00 00 4c 00 00 00
T2659 enter recvfrom(0xa, 0x77e782bb70, 0x14, 0x40, 0, 0)
T2658 enter sendto(0x22, 0x77e7927ef0, 0x14, 0, 0x77e7927ee0, 0xc) bytes=20: 0a 00 00 00 09 00 00 00 00 00 00 00 00 00 00 00 00 00 00 00 addr: bytes=12: 2a 00 00 00 01 00 00 00 fe ff ff ff
T2659 exit  recvfrom -> 20 (0x14) bytes=20: 04 00 00 00 08 00 00 00 01 00 00 00 00 00 00 00 4d 00 00 00
T2659 enter recvfrom(0xa, 0x77e782bb70, 0x14, 0x40, 0, 0)
T2659 exit  recvfrom -> 20 (0x14) bytes=20: 04 00 00 00 4d 00 00 00 01 00 00 00 00 00 00 00 51 00 00 00
T2659 enter recvfrom(0xa, 0x77e782bb70, 0x14, 0x40, 0, 0)
T2658 exit  sendto -> 20 (0x14)
T2659 exit  recvfrom -> 20 (0x14) bytes=20: 04 00 00 00 4b 00 00 00 01 00 00 00 00 00 00 00 52 00 00 00
T2659 enter recvfrom(0xa, 0x77e782bb70, 0x14, 0x40, 0, 0)
T2658 enter recvfrom(0x22, 0x77e7927f40, 0x14, 0, 0, 0)
T2659 exit  recvfrom -> 20 (0x14) bytes=20: 04 00 00 00 4a 00 00 00 01 00 00 00 00 00 00 00 53 00 00 00
T2659 enter recvfrom(0xa, 0x77e782bb70, 0x14, 0x40, 0, 0)
T2658 exit  recvfrom -> 20 (0x14) bytes=20: 04 00 00 00 09 00 00 00 02 00 00 00 00 00 00 00 45 00 00 00
T2659 exit  recvfrom -> 20 (0x14) bytes=20: 04 00 00 00 2a 00 00 00 01 00 00 00 00 00 00 00 56 00 00 00
T2658 enter recvfrom(0x22, 0x77e7927f40, 0x14, 0, 0, 0)
T2658 exit  recvfrom -> 20 (0x14) bytes=20: 04 00 00 00 00 00 00 00 00 00 00 00 00 00 00 00 00 00 00 00
T2658 enter close(0x22, 0x22, 0x14, 0, 0x14, 0)
T2658 exit  close -> 0 (0)
T2659 enter recvfrom(0xa, 0x77e782bb70, 0x14, 0x40, 0, 0)
T2659 exit  recvfrom -> 20 (0x14) bytes=20: 04 00 00 00 02 00 00 00 01 00 00 00 00 00 00 00 59 00 00 00
T2659 enter recvfrom(0xa, 0x77e782bb70, 0x14, 0x40, 0, 0)
T2659 exit  recvfrom -> 20 (0x14) bytes=20: 04 00 00 00 05 00 00 00 01 00 00 00 00 00 00 00 5a 00 00 00
T2659 enter recvfrom(0xa, 0x77e782bb70, 0x14, 0x40, 0, 0)
T2659 exit  recvfrom -> 20 (0x14) bytes=20: 04 00 00 00 30 00 00 00 01 00 00 00 00 00 00 00 5c 00 00 00
T2659 enter recvfrom(0xa, 0x77e782bb70, 0x14, 0x40, 0, 0)
T2659 exit  recvfrom -> 20 (0x14) bytes=20: 04 00 00 00 44 00 00 00 01 00 00 00 00 00 00 00 5d 00 00 00
T2659 enter recvfrom(0xa, 0x77e782bb70, 0x14, 0x40, 0, 0)
T2659 exit  recvfrom -> 20 (0x14) bytes=20: 04 00 00 00 49 00 00 00 01 00 00 00 00 00 00 00 5e 00 00 00
attached new tid=6629
T2659 enter recvfrom(0xa, 0x77e782bb70, 0x14, 0x40, 0, 0)
T2659 exit  recvfrom -> 20 (0x14) bytes=20: 04 00 00 00 4e 00 00 00 01 00 00 00 00 00 00 00 5f 00 00 00
T2659 enter recvfrom(0xa, 0x77e782bb70, 0x14, 0x40, 0, 0)
T2659 exit  recvfrom -> 20 (0x14) bytes=20: 04 00 00 00 1d 00 00 00 01 00 00 00 00 00 00 00 60 00 00 00
T2659 enter recvfrom(0xa, 0x77e782bb70, 0x14, 0x40, 0, 0)
T2659 exit  recvfrom -> 20 (0x14) bytes=20: 04 00 00 00 07 00 00 00 01 00 00 00 00 00 00 00 61 00 00 00
T2659 enter recvfrom(0xa, 0x77e782bb70, 0x14, 0x40, 0, 0)
T2659 exit  recvfrom -> 20 (0x14) bytes=20: 04 00 00 00 21 00 00 00 01 00 00 00 00 00 00 00 62 00 00 00
T2659 enter recvfrom(0xa, 0x77e782bb70, 0x14, 0x40, 0, 0)
T2659 exit  recvfrom -> 20 (0x14) bytes=20: 04 00 00 00 12 00 00 00 01 00 00 00 00 00 00 00 64 00 00 00
T2659 enter recvfrom(0xa, 0x77e782bb70, 0x14, 0x40, 0, 0)
T2659 exit  recvfrom -> 20 (0x14) bytes=20: 04 00 00 00 28 00 00 00 01 00 00 00 01 00 00 00 c2 45 00 00
T2659 enter recvfrom(0xa, 0x77e782bb70, 0x14, 0x40, 0, 0)
T2659 exit  recvfrom -> 20 (0x14) bytes=20: 04 00 00 00 10 00 00 00 02 00 00 00 00 00 00 00 68 00 00 00
T2654 enter socket(0x2a, 0x80002, 0, 0x1, 0x77e7d1bfdc, 0x77e7d1c260)
T2654 exit  socket -> 34 (0x22)
T2654 enter sendto(0x22, 0x77e7d1bef0, 0x14, 0, 0x77e7d1bee0, 0xc) bytes=20: 0a 00 00 00 0c 00 00 00 00 00 00 00 00 00 00 00 00 00 00 00 addr: bytes=12: 2a 00 00 00 01 00 00 00 fe ff ff ff
T2654 exit  sendto -> 20 (0x14)
T2654 enter recvfrom(0x22, 0x77e7d1bf40, 0x14, 0, 0, 0)
T2654 exit  recvfrom -> 20 (0x14) bytes=20: 04 00 00 00 0c 00 00 00 01 00 00 00 00 00 00 00 44 00 00 00
T2654 enter recvfrom(0x22, 0x77e7d1bf40, 0x14, 0, 0, 0)
T2654 exit  recvfrom -> 20 (0x14) bytes=20: 04 00 00 00 00 00 00 00 00 00 00 00 00 00 00 00 00 00 00 00
T2654 enter close(0x22, 0x22, 0x14, 0, 0x14, 0)
T2654 exit  close -> 0 (0)
T2757 enter socket(0x2a, 0x80002, 0, 0x2, 0x77c4dee12c, 0x77c4dee240)
T2757 exit  socket -> 34 (0x22)
T2757 enter sendto(0x22, 0x77c4dee040, 0x14, 0, 0x77c4dee030, 0xc) bytes=20: 0a 00 00 00 0a 00 00 00 00 00 00 00 00 00 00 00 00 00 00 00 addr: bytes=12: 2a 00 00 00 01 00 00 00 fe ff ff ff
T2757 exit  sendto -> 20 (0x14)
T2757 enter recvfrom(0x22, 0x77c4dee090, 0x14, 0, 0, 0)
T2757 exit  recvfrom -> 20 (0x14) bytes=20: 04 00 00 00 0a 00 00 00 02 00 00 00 00 00 00 00 47 00 00 00
T2757 enter recvfrom(0x22, 0x77c4dee090, 0x14, 0, 0, 0)
T2757 exit  recvfrom -> 20 (0x14) bytes=20: 04 00 00 00 00 00 00 00 00 00 00 00 00 00 00 00 00 00 00 00
T2757 enter close(0x22, 0x22, 0x14, 0, 0x14, 0)
T2757 exit  close -> 0 (0)
T2652 enter socket(0x2a, 0x80002, 0, 0x1, 0x77e7f15fdc, 0x77e7f16260)
T2652 exit  socket -> 34 (0x22)
T2652 enter sendto(0x22, 0x77e7f15ef0, 0x14, 0, 0x77e7f15ee0, 0xc) bytes=20: 0a 00 00 00 24 00 00 00 00 00 00 00 00 00 00 00 00 00 00 00 addr: bytes=12: 2a 00 00 00 01 00 00 00 fe ff ff ff
T2652 exit  sendto -> 20 (0x14)
T2652 enter recvfrom(0x22, 0x77e7f15f40, 0x14, 0, 0, 0)
T2652 exit  recvfrom -> 20 (0x14) bytes=20: 04 00 00 00 24 00 00 00 01 00 00 00 00 00 00 00 21 00 00 00
T2652 enter recvfrom(0x22, 0x77e7f15f40, 0x14, 0, 0, 0)
T2652 exit  recvfrom -> 20 (0x14) bytes=20: 04 00 00 00 00 00 00 00 00 00 00 00 00 00 00 00 00 00 00 00
T2652 enter close(0x22, 0x22, 0x14, 0, 0x14, 0)
T2652 exit  close -> 0 (0)
T4269 enter socket(0x2a, 0x80002, 0, 0x1, 0x77b87a9b9c, 0x77b87a9ce0)
T4269 exit  socket -> 34 (0x22)
T4269 enter sendto(0x22, 0x77b87a9ab0, 0x14, 0, 0x77b87a9aa0, 0xc) bytes=20: 0a 00 00 00 01 00 00 00 00 00 00 00 00 00 00 00 00 00 00 00 addr: bytes=12: 2a 00 00 00 01 00 00 00 fe ff ff ff
T4269 exit  sendto -> 20 (0x14)
T4269 enter recvfrom(0x22, 0x77b87a9b00, 0x14, 0, 0, 0)
T4269 exit  recvfrom -> 20 (0x14) bytes=20: 04 00 00 00 01 00 00 00 01 00 00 00 00 00 00 00 4a 00 00 00
T4269 enter recvfrom(0x22, 0x77b87a9b00, 0x14, 0, 0, 0)
T4269 exit  recvfrom -> 20 (0x14) bytes=20: 04 00 00 00 00 00 00 00 00 00 00 00 00 00 00 00 00 00 00 00
T4269 enter close(0x22, 0x22, 0x14, 0, 0x14, 0)
T4269 exit  close -> 0 (0)
T4269 enter socket(0x2a, 0x80002, 0, 0x77ede06590, 0x77ede065a0, 0)
T2759 enter socket(0x2a, 0x80002, 0, 0x1, 0x77c4cf112c, 0x77c4cf1240)
T4269 exit  socket -> 34 (0x22)
T2759 exit  socket -> 35 (0x23)
T2759 enter sendto(0x23, 0x77c4cf1040, 0x14, 0, 0x77c4cf1030, 0xc) bytes=20: 0a 00 00 00 0b 00 00 00 00 00 00 00 00 00 00 00 00 00 00 00 addr: bytes=12: 2a 00 00 00 01 00 00 00 fe ff ff ff
T2759 exit  sendto -> 20 (0x14)
T2759 enter recvfrom(0x23, 0x77c4cf1090, 0x14, 0, 0, 0)
T2759 exit  recvfrom -> 20 (0x14) bytes=20: 04 00 00 00 0b 00 00 00 01 00 00 00 00 00 00 00 49 00 00 00
attached new tid=6630
T2759 enter recvfrom(0x23, 0x77c4cf1090, 0x14, 0, 0, 0)
T2759 exit  recvfrom -> 20 (0x14) bytes=20: 04 00 00 00 00 00 00 00 00 00 00 00 00 00 00 00 00 00 00 00
T2759 enter close(0x23, 0x23, 0x14, 0, 0x14, 0)
T2759 exit  close -> 0 (0)
T2674 enter socket(0x2a, 0x80002, 0, 0x1, 0x77d265c9ec, 0x77d265cac0)
T2674 exit  socket -> 35 (0x23)
T4269 enter write(0x25, 0x787e6ad6c3, 0x1, 0, 0, 0) bytes=1: 61
T4269 exit  write -> 1 (0x1)
T2674 enter sendto(0x23, 0x77d265c900, 0x14, 0, 0x77d265c8f0, 0xc) bytes=20: 0a 00 00 00 01 00 00 00 00 00 00 00 00 00 00 00 00 00 00 00 addr: bytes=12: 2a 00 00 00 01 00 00 00 fe ff ff ff
T2674 exit  sendto -> 20 (0x14)
T2674 enter recvfrom(0x23, 0x77d265c950, 0x14, 0, 0, 0)
T2766 enter socket(0x2a, 0x80002, 0, 0x2, 0x7c5b17d0dc, 0xb400007c959636c0)
T2766 exit  socket -> 57 (0x39)
T2766 enter sendto(0x39, 0x7c5b17cff0, 0x14, 0, 0x7c5b17cfe0, 0xc) bytes=20: 0a 00 00 00 0a 00 00 00 00 00 00 00 00 00 00 00 00 00 00 00 addr: bytes=12: 2a 00 00 00 01 00 00 00 fe ff ff ff
T6627 enter read(0x3a, 0x7c52b8fb94, 0x1, 0, 0, 0x7c52b8f3a0)
T2766 exit  sendto -> 20 (0x14)
T6627 exit  read -> 1 (0x1) bytes=1: 61
T2766 enter recvfrom(0x39, 0x7c5b17d040, 0x14, 0, 0, 0)
T2766 exit  recvfrom -> 20 (0x14) bytes=20: 04 00 00 00 0a 00 00 00 02 00 00 00 00 00 00 00 47 00 00 00
T2766 enter recvfrom(0x39, 0x7c5b17d040, 0x14, 0, 0, 0)
T2766 exit  recvfrom -> 20 (0x14) bytes=20: 04 00 00 00 00 00 00 00 00 00 00 00 00 00 00 00 00 00 00 00
T2766 enter close(0x39, 0x39, 0x14, 0, 0x14, 0)
T2674 exit  recvfrom -> 20 (0x14) bytes=20: 04 00 00 00 01 00 00 00 01 00 00 00 00 00 00 00 4a 00 00 00
T2640 enter read(0x6, 0x77f4164ab8, 0x10, 0x10, 0x10, 0x787f5d15c8)
T2766 exit  close -> 0 (0)
T2674 enter recvfrom(0x23, 0x77d265c950, 0x14, 0, 0, 0)
T2640 exit  read -> 1 (0x1) bytes=1: 20
T6584 enter recvfrom(0x36, 0xb400007c87f3cf80, 0xe3f0, 0x40, 0x7c54c8cb88, 0x7c54c8cb84)
T6584 exit  recvfrom -> 14 (0xe) bytes=14: 04 01 00 0d 00 07 00 01 04 00 01 00 16 00
T2587 enter socket(0x2a, 0x80002, 0, 0x1, 0x7c83120fdc, 0x7c83121260)
T2587 exit  socket -> 57 (0x39)
T2587 enter sendto(0x39, 0x7c83120ef0, 0x14, 0, 0x7c83120ee0, 0xc) bytes=20: 0a 00 00 00 05 00 00 00 00 00 00 00 00 00 00 00 00 00 00 00 addr: bytes=12: 2a 00 00 00 01 00 00 00 fe ff ff ff
T2587 exit  sendto -> 20 (0x14)
T2587 enter recvfrom(0x39, 0x7c83120f40, 0x14, 0, 0, 0)
T2587 exit  recvfrom -> 20 (0x14) bytes=20: 04 00 00 00 05 00 00 00 01 00 00 00 00 00 00 00 5a 00 00 00
T2587 enter recvfrom(0x39, 0x7c83120f40, 0x14, 0, 0, 0)
T2587 exit  recvfrom -> 20 (0x14) bytes=20: 04 00 00 00 00 00 00 00 00 00 00 00 00 00 00 00 00 00 00 00
T2587 enter close(0x39, 0x39, 0x14, 0, 0x14, 0)
T2587 exit  close -> 0 (0)
T2674 exit  recvfrom -> 20 (0x14) bytes=20: 04 00 00 00 00 00 00 00 00 00 00 00 00 00 00 00 00 00 00 00
T2674 enter close(0x23, 0x23, 0x14, 0, 0x14, 0)
T2674 exit  close -> 0 (0)
T6629 enter socket(0x2a, 0x80002, 0, 0x1, 0x77c1af792c, 0x77c1af7b90)
T6629 exit  socket -> 35 (0x23)
T6630 enter read(0x24, 0x77c09fab94, 0x1, 0, 0, 0x1)
T2671 enter ioctl(0xf, 0xc0306201, 0x77d9c4e7f8, 0, 0, 0x1) ioctl_req=0xc0306201
T6630 exit  read -> 1 (0x1) bytes=1: 61
T6629 enter sendto(0x23, 0x77c1af7840, 0x14, 0, 0x77c1af7830, 0xc) bytes=20: 0a 00 00 00 49 00 00 00 00 00 00 00 00 00 00 00 00 00 00 00 addr: bytes=12: 2a 00 00 00 01 00 00 00 fe ff ff ff
T2671 exit  ioctl -> 0 (0)
T6629 exit  sendto -> 20 (0x14)
T6629 enter recvfrom(0x23, 0x77c1af7890, 0x14, 0, 0, 0)
T2671 enter ioctl(0xf, 0xc0306201, 0x77d9c4eca8, 0x77d9c4edd8, 0x77d9c4edd0, 0x80**************) ioctl_req=0xc0306201
T6629 exit  recvfrom -> 20 (0x14) bytes=20: 04 00 00 00 49 00 00 00 01 00 00 00 00 00 00 00 5e 00 00 00
T2671 exit  ioctl -> 0 (0)
T6629 enter recvfrom(0x23, 0x77c1af7890, 0x14, 0, 0, 0)
T6629 exit  recvfrom -> 20 (0x14) bytes=20: 04 00 00 00 00 00 00 00 00 00 00 00 00 00 00 00 00 00 00 00
T6629 enter close(0x23, 0x23, 0x14, 0, 0x14, 0)
T2640 enter read(0x6, 0x77f4164ab8, 0x10, 0x10, 0x10, 0x787f5d15c8)
T2640 exit  read -> -11 (0xfffffffffffffff5)
T6629 exit  close -> 0 (0)
T2647 enter socket(0x2a, 0x80002, 0, 0x1, 0x77e9406fdc, 0x77e9407260)
T2647 exit  socket -> 35 (0x23)
T2581 enter socket(0x2a, 0x80002, 0, 0x1, 0x7c8370efdc, 0x7c8370f260)
T2647 enter sendto(0x23, 0x77e9406ef0, 0x14, 0, 0x77e9406ee0, 0xc) bytes=20: 0a 00 00 00 03 00 00 00 00 00 00 00 00 00 00 00 00 00 00 00 addr: bytes=12: 2a 00 00 00 01 00 00 00 fe ff ff ff
T2647 exit  sendto -> 20 (0x14)
T2647 enter recvfrom(0x23, 0x77e9406f40, 0x14, 0, 0, 0)
T2640 enter ioctl(0xf, 0xc0306201, 0x77f41643a8, 0, 0, 0x1) ioctl_req=0xc0306201
T2647 exit  recvfrom -> 20 (0x14) bytes=20: 04 00 00 00 03 00 00 00 01 00 00 00 00 00 00 00 46 00 00 00
T2594 enter sendto(0x2d, 0xb400007c96ecd768, 0x7, 0x40, 0x7c82a34fc8, 0xc)T2647 enter recvfrom(0x23, 0x77e9406f40, 0x14, 0, 0, 0) bytes=7:
 00 01 00 2e 00 00 00 addr: bytes=12: 2a 00 00 00 00 00 00 00 47 00T2647 exit  recvfrom -> 20 (0x14) 00 00
 bytes=20: 04 00 00 00 00 00 00 00 00 00 00 00 00 00 00 00 00 00 00 00
T2594 exit  sendto -> 7 (0x7)
T2647 enter close(0x23, 0x23, 0x14, 0, 0x14, 0)
T2640 exit  ioctl -> 0 (0)
T6578 enter recvfrom(0x2d, 0xb400007c87f279c0, 0x10008, 0x40, 0x7c56f83b88, 0x7c56f83b84)
T6578 exit  recvfrom -> 18 (0x12) bytes=18: 02 01 00 2e 00 0b 00 02 04 00 00 00 00 00 10 01 00 02
T2581 exit  socket -> 57 (0x39)
T2594 enter sendto(0x2d, 0xb400007c96f5e9e0, 0x19, 0x40, 0x7c82a34fa8, 0xc) bytes=25: 00 02 00 01 00 12 00 10 04 00 ff ff 7f 41 11 04 00 00 00 80 00 12 01 00 01 addr: bytes=12: 2a 00 00 00 00 00 00 00 47 00 00 00
T2594 exit  sendto -> 25 (0x19)
T6578 enter recvfrom(0x2d, 0xb400007c87f279c0, 0x10008, 0x40, 0x7c56f83b88, 0x7c56f83b84)
T6578 exit  recvfrom -> 14 (0xe) bytes=14: 02 02 00 01 00 07 00 02 04 00 00 00 00 00
T2581 enter sendto(0x39, 0x7c8370eef0, 0x14, 0, 0x7c8370eee0, 0xc) bytes=20: 0a 00 00 00 2a 00 00 00 00 00 00 00 00 00 00 00 00 00 00 00 addr: bytes=12: 2a 00 00 00 01 00 00 00 fe ff ff ff
T2581 exit  sendto -> 20 (0x14)
T2581 enter recvfrom(0x39, 0x7c8370ef40, 0x14, 0, 0, 0)
T2581 exit  recvfrom -> 20 (0x14) bytes=20: 04 00 00 00 2a 00 00 00 01 00 00 00 00 00 00 00 56 00 00 00
T2581 enter recvfrom(0x39, 0x7c8370ef40, 0x14, 0, 0, 0)
T2581 exit  recvfrom -> 20 (0x14) bytes=20: 04 00 00 00 00 00 00 00 00 00 00 00 00 00 00 00 00 00 00 00
T2581 enter close(0x39, 0x39, 0x14, 0, 0x14, 0)
T2581 exit  close -> 0 (0)
T6573 enter socket(0x2a, 0x80002, 0, 0x1, 0, 0)
T6573 exit  socket -> 57 (0x39)
T6573 enter sendto(0x39, 0x7c5c4747f0, 0x14, 0, 0x7c5c4747e0, 0xc) bytes=20: 0a 00 00 00 49 00 00 00 00 00 00 00 00 00 00 00 00 00 00 00 addr: bytes=12: 2a 00 00 00 01 00 00 00 fe ff ff ff
T6573 exit  sendto -> 20 (0x14)
T6573 enter recvfrom(0x39, 0x7c5c474840, 0x14, 0, 0, 0)
T6573 exit  recvfrom -> 20 (0x14) bytes=20: 04 00 00 00 49 00 00 00 01 00 00 00 00 00 00 00 5e 00 00 00
T6573 enter recvfrom(0x39, 0x7c5c474840, 0x14, 0, 0, 0)
T6573 exit  recvfrom -> 20 (0x14) bytes=20: 04 00 00 00 00 00 00 00 00 00 00 00 00 00 00 00 00 00 00 00
T6573 enter close(0x39, 0x39, 0x14, 0, 0x14, 0)
T6573 exit  close -> 0 (0)
T6573 enter socket(0x2a, 0x80002, 0, 0x1, 0x7c5c4748dc, 0xb400007c87ee9000)
T6573 exit  socket -> 57 (0x39)
T6573 enter sendto(0x39, 0x7c5c4747f0, 0x14, 0, 0x7c5c4747e0, 0xc) bytes=20: 0a 00 00 00 49 00 00 00 00 00 00 00 00 00 00 00 00 00 00 00 addr: bytes=12: 2a 00 00 00 01 00 00 00 fe ff ff ff
T6573 exit  sendto -> 20 (0x14)
T6573 enter recvfrom(0x39, 0x7c5c474840, 0x14, 0, 0, 0)
T6573 exit  recvfrom -> 20 (0x14) bytes=20: 04 00 00 00 49 00 00 00 01 00 00 00 00 00 00 00 5e 00 00 00
T6573 enter recvfrom(0x39, 0x7c5c474840, 0x14, 0, 0, 0)
T6573 exit  recvfrom -> 20 (0x14) bytes=20: 04 00 00 00 00 00 00 00 00 00 00 00 00 00 00 00 00 00 00 00
T6573 enter close(0x39, 0x39, 0x14, 0, 0x14, 0)
T6573 exit  close -> 0 (0)
T6573 enter sendto(0x30, 0xb400007c87e0c0e0, 0xe, 0x40, 0x7c5c4747d8, 0xc) bytes=14: 00 01 00 29 00 07 00 01 04 00 01 00 00 00 addr: bytes=12: 2a 00 00 00 00 00 00 00 5e 00 00 00
T6573 exit  sendto -> 14 (0xe)
T6582 enter recvfrom(0x30, 0xb400007c9595b000, 0x1130, 0x40, 0x7c54d89b88, 0x7c54d89b84)
T2580 enter socket(0x2a, 0x80002, 0, 0x1, 0x7c8380bfdc, 0x7c8380c260)
T6582 exit  recvfrom -> 14 (0xe) bytes=14: 02 01 00 29 00 07 00 02 04 00 00 00 00 00
T2580 exit  socket -> 57 (0x39)
T2580 enter sendto(0x39, 0x7c8380bef0, 0x14, 0, 0x7c8380bee0, 0xc) bytes=20: 0a 00 00 00 01 00 00 00 00 00 00 00 00 00 00 00 00 00 00 00 addr: bytes=12: 2a 00 00 00 01 00 00 00 fe ff ff ff
T2580 exit  sendto -> 20 (0x14)
T2580 enter recvfrom(0x39, 0x7c8380bf40, 0x14, 0, 0, 0)
T2580 exit  recvfrom -> 20 (0x14) bytes=20: 04 00 00 00 01 00 00 00 01 00 00 00 00 00 00 00 4a 00 00 00
T2580 enter recvfrom(0x39, 0x7c8380bf40, 0x14, 0, 0, 0)
T2580 exit  recvfrom -> 20 (0x14) bytes=20: 04 00 00 00 00 00 00 00 00 00 00 00 00 00 00 00 00 00 00 00
T2580 enter close(0x39, 0x39, 0x14, 0, 0x14, 0)
T2580 exit  close -> 0 (0)
T2583 enter socket(0x2a, 0x80002, 0, 0x1, 0x7c83514fdc, 0x7c83515260)
T2583 exit  socket -> 57 (0x39)
T2583 enter sendto(0x39, 0x7c83514ef0, 0x14, 0, 0x7c83514ee0, 0xc) bytes=20: 0a 00 00 00 44 00 00 00 00 00 00 00 00 00 00 00 00 00 00 00 addr: bytes=12: 2a 00 00 00 01 00 00 00 fe ff ff ff
T2583 exit  sendto -> 20 (0x14)
T2583 enter recvfrom(0x39, 0x7c83514f40, 0x14, 0, 0, 0)
T2583 exit  recvfrom -> 20 (0x14) bytes=20: 04 00 00 00 44 00 00 00 01 00 00 00 00 00 00 00 5d 00 00 00
T2583 enter recvfrom(0x39, 0x7c83514f40, 0x14, 0, 0, 0)
T2583 exit  recvfrom -> 20 (0x14) bytes=20: 04 00 00 00 00 00 00 00 00 00 00 00 00 00 00 00 00 00 00 00
T2583 enter close(0x39, 0x39, 0x14, 0, 0x14, 0)
T2583 exit  close -> 0 (0)
T2588 enter socket(0x2a, 0x80002, 0, 0x1, 0x7c83023cbc, 0x7c83023e00)
T2588 exit  socket -> 57 (0x39)
T2588 enter sendto(0x39, 0x7c83023bd0, 0x14, 0, 0x7c83023bc0, 0xc) bytes=20: 0a 00 00 00 21 00 00 00 00 00 00 00 00 00 00 00 00 00 00 00 addr: bytes=12: 2a 00 00 00 01 00 00 00 fe ff ff ff
T2588 exit  sendto -> 20 (0x14)
T2588 enter recvfrom(0x39, 0x7c83023c20, 0x14, 0, 0, 0)
T2588 exit  recvfrom -> 20 (0x14) bytes=20: 04 00 00 00 21 00 00 00 01 00 00 00 00 00 00 00 62 00 00 00
T2588 enter recvfrom(0x39, 0x7c83023c20, 0x14, 0, 0, 0)
T2588 exit  recvfrom -> 20 (0x14) bytes=20: 04 00 00 00 00 00 00 00 00 00 00 00 00 00 00 00 00 00 00 00
T2588 enter close(0x39, 0x39, 0x14, 0, 0x14, 0)
T2588 exit  close -> 0 (0)
T2589 enter socket(0x2a, 0x80002, 0, 0x1, 0x7c82f26cbc, 0x7c82f26e00)
T2589 exit  socket -> 57 (0x39)
T2589 enter sendto(0x39, 0x7c82f26bd0, 0x14, 0, 0x7c82f26bc0, 0xc) bytes=20: 0a 00 00 00 12 00 00 00 00 00 00 00 00 00 00 00 00 00 00 00 addr: bytes=12: 2a 00 00 00 01 00 00 00 fe ff ff ff
T2589 exit  sendto -> 20 (0x14)
T2589 enter recvfrom(0x39, 0x7c82f26c20, 0x14, 0, 0, 0)
T2589 exit  recvfrom -> 20 (0x14) bytes=20: 04 00 00 00 12 00 00 00 01 00 00 00 00 00 00 00 64 00 00 00
T2589 enter recvfrom(0x39, 0x7c82f26c20, 0x14, 0, 0, 0)
T2589 exit  recvfrom -> 20 (0x14) bytes=20: 04 00 00 00 00 00 00 00 00 00 00 00 00 00 00 00 00 00 00 00
T2589 enter close(0x39, 0x39, 0x14, 0, 0x14, 0)
T2589 exit  close -> 0 (0)
T2767 enter socket(0x2a, 0x80002, 0, 0x7c96e4f0b0, 0x7c96e4f0c0, 0x66b1)
T2606 enter socket(0x2a, 0x80002, 0, 0x1, 0x7c6dc5c9ec, 0x7c6dc5cac0)
T2767 exit  socket -> 57 (0x39)
T2606 exit  socket -> 60 (0x3c)
T2606 enter sendto(0x3c, 0x7c6dc5c900, 0x14, 0, 0x7c6dc5c8f0, 0xc) bytes=20: 0a 00 00 00 01 00 00 00 00 00 00 00 00 00 00 00 00 00 00 00 addr: bytes=12: 2a 00 00 00 01 00 00 00 fe ff ff ff
T2606 exit  sendto -> 20 (0x14)
T2606 enter recvfrom(0x3c, 0x7c6dc5c950, 0x14, 0, 0, 0)
T2589 enter socket(0x2a, 0x80002, 0, 0x7c87e08430, 0x7c87e08440, 0x200c)
T2589 exit  socket -> 63 (0x3f)
attached new tid=6631
T2606 exit  recvfrom -> 20 (0x14) bytes=20: 04 00 00 00 01 00 00 00 01 00 00 00 00 00 00 00 4a 00 00 00
T2606 enter recvfrom(0x3c, 0x7c6dc5c950, 0x14, 0, 0, 0)
T2606 exit  recvfrom -> 20 (0x14) bytes=20: 04 00 00 00 00 00 00 00 00 00 00 00 00 00 00 00 00 00 00 00
T2606 enter close(0x3c, 0x3c, 0x14, 0, 0x14, 0)
T2767 enter write(0x3e, 0x7d3c3076c3, 0x1, 0, 0, 0) bytes=1: 61
T2767 exit  write -> 1 (0x1)
T2606 exit  close -> 0 (0)
T2606 enter socket(0x2a, 0x80002, 0, 0x7c959cac50, 0x7c959cac60, 0xa515)
T2606 exit  socket -> 60 (0x3c)
T6631 enter read(0x3d, 0x7c5c474b94, 0x1, 0, 0, 0x1)
T6631 exit  read -> 1 (0x1) bytes=1: 61
attached new tid=6632
T2606 enter write(0x41, 0x7d3c3076c3, 0x1, 0, 0, 0) bytes=1: 61
T2606 exit  write -> 1 (0x1)
T2606 enter socket(0x2a, 0x80002, 0, 0x1, 0, 0)
T2606 exit  socket -> 68 (0x44)
T2606 enter sendto(0x44, 0x7c6dc5c8b0, 0x14, 0, 0x7c6dc5c8a0, 0xc) bytes=20: 0a 00 00 00 01 00 00 00 00 00 00 00 00 00 00 00 00 00 00 00 addr: bytes=12: 2a 00 00 00 01 00 00 00 fe ff ff ff
T2606 exit  sendto -> 20 (0x14)
T2606 enter recvfrom(0x44, 0x7c6dc5c900, 0x14, 0, 0, 0)
T2606 exit  recvfrom -> 20 (0x14) bytes=20: 04 00 00 00 01 00 00 00 01 00 00 00 00 00 00 00 4a 00 00 00
T2606 enter recvfrom(0x44, 0x7c6dc5c900, 0x14, 0, 0, 0)
T2606 exit  recvfrom -> 20 (0x14) bytes=20: 04 00 00 00 00 00 00 00 00 00 00 00 00 00 00 00 00 00 00 00
T2606 enter close(0x44, 0x44, 0x14, 0, 0x14, 0)
T2606 exit  close -> 0 (0)
T2606 enter socket(0x2a, 0x80002, 0, 0x1, 0x7c6dc5c99c, 0xb400007c96f5efe0)
T2606 exit  socket -> 68 (0x44)
T2606 enter sendto(0x44, 0x7c6dc5c8b0, 0x14, 0, 0x7c6dc5c8a0, 0xc) bytes=20: 0a 00 00 00 01 00 00 00 00 00 00 00 00 00 00 00 00 00 00 00 addr: bytes=12: 2a 00 00 00 01 00 00 00 fe ff ff ff
T2606 exit  sendto -> 20 (0x14)
T6632 enter read(0x40, 0x7c51a92b94, 0x1, 0, 0, 0x1)
T2606 enter recvfrom(0x44, 0x7c6dc5c900, 0x14, 0, 0, 0)
T6632 exit  read -> 1 (0x1) bytes=1: 61
attached new tid=6633
T2606 exit  recvfrom -> 20 (0x14) bytes=20: 04 00 00 00 01 00 00 00 01 00 00 00 00 00 00 00 4a 00 00 00
T2606 enter recvfrom(0x44, 0x7c6dc5c900, 0x14, 0, 0, 0)
T2606 exit  recvfrom -> 20 (0x14) bytes=20: 04 00 00 00 00 00 00 00 00 00 00 00 00 00 00 00 00 00 00 00
T2606 enter close(0x44, 0x44, 0x14, 0, 0x14, 0)
T2606 exit  close -> 0 (0)
T2606 enter sendto(0x3c, 0xb400007c96e05ef0, 0xe, 0x40, 0x7c6dc5be98, 0xc) bytes=14: 00 01 00 af 00 07 00 01 04 00 01 00 00 00 addr: bytes=12: 2a 00 00 00 00 00 00 00 4a 00 00 00
T2606 exit  sendto -> 14 (0xe)
T6632 enter recvfrom(0x3c, 0xb400007c87f59fc0, 0xa51c, 0x40, 0x7c51a92b88, 0x7c51a92b84)
T6632 exit  recvfrom -> 14 (0xe) bytes=14: 02 01 00 af 00 07 00 02 04 00 00 00 00 00
T2606 enter sendto(0x3c, 0xb400007c957d5800, 0xb, 0x40, 0x7c6dc5be98, 0xc) bytes=11: 00 02 00 03 00 04 00 19 01 00 01 addr: bytes=12: 2a 00 00 00 00 00 00 00 4a 00 00 00
T2606 exit  sendto -> 11 (0xb)
T6632 enter recvfrom(0x3c, 0xb400007c87f59fc0, 0xa51c, 0x40, 0x7c51a92b88, 0x7c51a92b84)
T6632 exit  recvfrom -> 14 (0xe) bytes=14: 02 02 00 03 00 07 00 02 04 00 00 00 00 00
T2606 enter sendto(0x3c, 0xb400007c96eda580, 0x11, 0x40, 0x7c6dc5be98, 0xc) bytes=17: 00 03 00 a7 00 0a 00 10 03 00 01 ff ff 11 01 00 01 addr: bytes=12: 2a 00 00 00 00 00 00 00 4a 00 00 00
T2606 exit  sendto -> 17 (0x11)
T2583 enter socket(0x2a, 0x80002, 0, 0x1, 0x7c83514cbc, 0x7c83514e00)
T6632 enter recvfrom(0x3c, 0xb400007c87f59fc0, 0xa51c, 0x40, 0x7c51a92b88, 0x7c51a92b84)
T6632 exit  recvfrom -> 14 (0xe) bytes=14: 02 03 00 a7 00 07 00 02 04 00 00 00 00 00
T6632 enter recvfrom(0x3c, 0xb400007c87f59fc0, 0xa51c, 0x40, 0x7c51a92b88, 0x7c51a92b84)
T6632 exit  recvfrom -> 13 (0xd) bytes=13: 04 01 00 a8 00 06 00 10 03 00 ff ff 05
T2589 enter write(0x43, 0x7d3c3076c3, 0x1, 0, 0, 0) bytes=1: 61
T6632 enter write(0x19, 0x7c51a92a98, 0x8, 0x5ff, 0, 0) bytes=8: 01 00 00 00 00 00 00 00
T6632 exit  write -> 8 (0x8)
T6633 enter read(0x42, 0x7c51995b94, 0x1, 0, 0, 0x4)
T6633 exit  read -> 1 (0x1) bytes=1: 61
T2606 enter read(0x19, 0x7c6dc5cab0, 0x8, 0x6, 0x38, 0)
T2606 exit  read -> 8 (0x8) bytes=8: 01 00 00 00 00 00 00 00
T2606 enter read(0x19, 0x7c6dc5cab0, 0x8, 0x6, 0x38, 0)
T2606 exit  read -> -11 (0xfffffffffffffff5)
T2589 exit  write -> 1 (0x1)
T2606 enter sendto(0x3c, 0xb400007c95832040, 0xb, 0x40, 0x7c6dc58db8, 0xc) bytes=11: 00 04 00 2a 00 04 00 10 01 00 00 addr: bytes=12: 2a 00 00 00 00 00 00 00 4a 00 00 00
T2583 exit  socket -> 68 (0x44)
T2606 exit  sendto -> 11 (0xb)
T2583 enter sendto(0x44, 0x7c83514bd0, 0x14, 0, 0x7c83514bc0, 0xc) bytes=20: 0a 00 00 00 44 00 00 00 00 00 00 00 00 00 00 00 00 00 00 00 addr: bytes=12: 2a 00 00 00 01 00 00 00 fe ff ff ff
T6632 enter recvfrom(0x3c, 0xb400007c87f59fc0, 0xa51c, 0x40, 0x7c51a92b88, 0x7c51a92b84)
T2583 exit  sendto -> 20 (0x14)
T6632 exit  recvfrom -> 60 (0x3c) bytes=60: 02 04 00 2a 00 35 00 02 04 00 00 00 00 00 01 2b 00 04 00 01 08 70 72 6f 66 69 6c 65 31 00 02 08 70 72 6f 66 69 6c 65 32 00 03 00 00 04 0e 71 64 70 5f 70 72 6f 66 69 6c 65 5f 69 61
T2583 enter recvfrom(0x44, 0x7c83514c20, 0x14, 0, 0, 0)
T2583 exit  recvfrom -> 20 (0x14) bytes=20: 04 00 00 00 44 00 00 00 01 00 00 00 00 00 00 00 5d 00 00 00
T2583 enter recvfrom(0x44, 0x7c83514c20, 0x14, 0, 0, 0)
T2606 enter sendto(0x3c, 0xb400007c96e05ef0, 0xc, 0x40, 0x7c6dc58098, 0xc) bytes=12: 00 05 00 2b 00 05 00 01 02 00 00 01 addr: bytes=12: 2a 00 00 00 00 00 00 00 4a 00 00 00
T2583 exit  recvfrom -> 20 (0x14) bytes=20: 04 00 00 00 00 00 00 00 00 00 00 00 00 00 00 00 00 00 00 00
T2606 exit  sendto -> 12 (0xc)
T2583 enter close(0x44, 0x44, 0x14, 0, 0x14, 0)
T6632 enter recvfrom(0x3c, 0xb400007c87f59fc0, 0xa51c, 0x40, 0x7c51a92b88, 0x7c51a92b84)
T6632 exit  recvfrom -> 354 (0x162) bytes=160: 02 05 00 2b 00 5b 01 02 04 00 00 00 00 00 8f 01 00 01 df 01 00 00 de 01 00 00 dd 08 00 01 00 00 00 00 00 00 00 4f 02 00 00 00 4e 01 00 00 4d 01 00 00 4c 01 00 00 4b 07 00 00 00 00 00 00 00 00 4a 00 00 48 01 00 00 47 14 00 00 00 00 00 00 00 00 00 00 00 00 00 00 00 00 00 00 00 00 00 46 04 00 ff 00 00 00 45 28 00 00 00 00 00 00 00 00 00 00 00 00 00 00 00 00 00 00 00 00 00 00 00 00 00 00 00 00 00 00 00 00 00 00 00 00 00 00 00 00 00 44 01 00 01 43 01 00 01 42 04 00 ff 00 00 00 41
T2583 exit  close -> 0 (0)
T4275 enter socket(0x2a, 0x80002, 0, 0x2, 0, 0)
T4275 exit  socket -> 68 (0x44)
T4275 enter sendto(0x44, 0x7c65dfab80, 0x14, 0, 0x7c65dfab70, 0xc) bytes=20: 0a 00 00 00 09 00 00 00 00 00 00 00 00 00 00 00 00 00 00 00 addr: bytes=12: 2a 00 00 00 01 00 00 00 fe ff ff ff
T2606 enter sendto(0x3c, 0xb400007c96e05ef0, 0xc, 0x40, 0x7c6dc58098, 0xc) bytes=12: 00 06 00 2b 00 05 00 01 02 00 00 02 addr: bytes=12: 2a 00 00 00 00 00 00 00 4a 00 00 00
T4275 exit  sendto -> 20 (0x14)
T4275 enter recvfrom(0x44, 0x7c65dfabd0, 0x14, 0, 0, 0)
T2606 exit  sendto -> 12 (0xc)
T4275 exit  recvfrom -> 20 (0x14) bytes=20: 04 00 00 00 09 00 00 00 02 00 00 00 00 00 00 00 45 00 00 00
T4275 enter recvfrom(0x44, 0x7c65dfabd0, 0x14, 0, 0, 0)
T4275 exit  recvfrom -> 20 (0x14) bytes=20: 04 00 00 00 00 00 00 00 00 00 00 00 00 00 00 00 00 00 00 00
T6632 enter recvfrom(0x3c, 0xb400007c87f59fc0, 0xa51c, 0x40, 0x7c51a92b88, 0x7c51a92b84)
T4275 enter close(0x44, 0x44, 0x14, 0, 0x14, 0)
T6632 exit  recvfrom -> 357 (0x165) bytes=160: 02 06 00 2b 00 5e 01 02 04 00 00 00 00 00 8f 01 00 01 df 01 00 00 de 01 00 00 dd 08 00 02 00 00 00 00 00 00 00 4f 02 00 00 00 4e 01 00 00 4d 01 00 00 4c 01 00 00 4b 07 00 00 00 00 00 00 00 00 4a 00 00 48 01 00 00 47 14 00 00 00 00 00 00 00 00 00 00 00 00 00 00 00 00 00 00 00 00 00 46 04 00 ff 00 00 00 45 28 00 00 00 00 00 00 00 00 00 00 00 00 00 00 00 00 00 00 00 00 00 00 00 00 00 00 00 00 00 00 00 00 00 00 00 00 00 00 00 00 00 44 01 00 01 43 01 00 01 42 04 00 ff 00 00 00 41
T4275 exit  close -> 0 (0)
T4275 enter socket(0x2a, 0x80002, 0, 0x2, 0x7c65dfac6c, 0xb400007c87ee90e0)
T4275 exit  socket -> 68 (0x44)
T4275 enter sendto(0x44, 0x7c65dfab80, 0x14, 0, 0x7c65dfab70, 0xc) bytes=20: 0a 00 00 00 09 00 00 00 00 00 00 00 00 00 00 00 00 00 00 00 addr: bytes=12: 2a 00 00 00 01 00 00 00 fe ff ff ff
T4275 exit  sendto -> 20 (0x14)
T4275 enter recvfrom(0x44, 0x7c65dfabd0, 0x14, 0, 0, 0)
T2606 enter sendto(0x3c, 0xb400007c96e05ef0, 0xc, 0x40, 0x7c6dc58098, 0xc) bytes=12: 00 07 00 2b 00 05 00 01 02 00 00 03 addr: bytes=12: 2a 00 00 00 00 00 00 00 4a 00 00 00
T2606 exit  sendto -> 12 (0xc)
T4275 exit  recvfrom -> 20 (0x14) bytes=20: 04 00 00 00 09 00 00 00 02 00 00 00 00 00 00 00 45 00 00 00
T4275 enter recvfrom(0x44, 0x7c65dfabd0, 0x14, 0, 0, 0)
T6632 enter recvfrom(0x3c, 0xb400007c87f59fc0, 0xa51c, 0x40, 0x7c51a92b88, 0x7c51a92b84)
T4275 exit  recvfrom -> 20 (0x14) bytes=20: 04 00 00 00 00 00 00 00 00 00 00 00 00 00 00 00 00 00 00 00
T6632 exit  recvfrom -> 330 (0x14a) bytes=160: 02 07 00 2b 00 43 01 02 04 00 00 00 00 00 8f 01 00 01 df 01 00 00 de 01 00 00 dd 08 00 00 02 00 00 00 00 00 00 4f 02 00 00 00 4e 01 00 00 4d 01 00 00 4c 01 00 00 4b 07 00 00 00 00 00 00 00 00 4a 00 00 48 01 00 00 47 14 00 00 00 00 00 00 00 00 00 00 00 00 00 00 00 00 00 00 00 00 00 46 04 00 ff 00 00 00 45 28 00 00 00 00 00 00 00 00 00 00 00 00 00 00 00 00 00 00 00 00 00 00 00 00 00 00 00 00 00 00 00 00 00 00 00 00 00 00 00 00 00 44 01 00 01 43 01 00 01 42 04 00 ff 00 00 00 41
T4275 enter close(0x44, 0x44, 0x14, 0, 0x14, 0)
T4275 exit  close -> 0 (0)
T2606 enter sendto(0x3c, 0xb400007c96e05ef0, 0xc, 0x40, 0x7c6dc58098, 0xc) bytes=12: 00 08 00 2b 00 05 00 01 02 00 00 04 addr: bytes=12: 2a 00 00 00 00 00 00 00 4a 00 00 00
T2606 exit  sendto -> 12 (0xc)
T6632 enter recvfrom(0x3c, 0xb400007c87f59fc0, 0xa51c, 0x40, 0x7c51a92b88, 0x7c51a92b84)
T6632 exit  recvfrom -> 352 (0x160) bytes=160: 02 08 00 2b 00 59 01 02 04 00 00 00 00 00 8f 01 00 01 df 01 00 00 de 01 00 00 dd 08 00 31 00 00 00 00 00 00 00 4f 02 00 00 00 4e 01 00 00 4d 01 00 00 4c 01 00 00 4b 07 00 00 00 00 00 00 00 00 4a 00 00 48 01 00 00 47 14 00 00 00 00 00 00 00 00 00 00 00 00 00 00 00 00 00 00 00 00 00 46 04 00 ff 00 00 00 45 28 00 00 00 00 00 00 00 00 00 00 00 00 00 00 00 00 00 00 00 00 00 00 00 00 00 00 00 00 00 00 00 00 00 00 00 00 00 00 00 00 00 44 01 00 01 43 01 00 01 42 04 00 00 00 00 00 41
T2606 enter sendto(0x3c, 0xb400007c95832040, 0xb, 0x40, 0x7c6dc58db8, 0xc) bytes=11: 00 09 00 2a 00 04 00 10 01 00 01 addr: bytes=12: 2a 00 00 00 00 00 00 00 4a 00 00 00
T4275 enter sendto(0x33, 0xb400007c87e0c380, 0xb, 0x40, 0x7c65dfab68, 0xc) bytes=11: 00 01 00 44 00 04 00 01 01 00 00 addr: bytes=12: 2a 00 00 00 00 00 00 00 45 00 00 00
T2606 exit  sendto -> 11 (0xb)
T4275 exit  sendto -> 11 (0xb)
T6632 enter recvfrom(0x3c, 0xb400007c87f59fc0, 0xa51c, 0x40, 0x7c51a92b88, 0x7c51a92b84)
T2583 enter socket(0x2a, 0x80002, 0, 0x7c87e063b0, 0x7c87e063c0, 0x7e)
T6632 exit  recvfrom -> 21 (0x15) bytes=21: 02 09 00 2a 00 0e 00 02 04 00 00 00 00 00 01 04 00 01 01 00 00
T6627 enter recvfrom(0x33, 0xb400007c957c3c40, 0xa034, 0x40, 0x7c52b8fb88, 0x7c52b8fb84)
T6627 exit  recvfrom -> 14 (0xe) bytes=14: 02 01 00 44 00 07 00 02 04 00 00 00 00 00
T2606 enter sendto(0x3c, 0xb400007c96e05ef0, 0xc, 0x40, 0x7c6dc58098, 0xc) bytes=12: 00 0a 00 2b 00 05 00 01 02 00 01 00 addr: bytes=12: 2a 00 00 00 00 00 00 00 4a 00 00 00
T2606 exit  sendto -> 12 (0xc)
T2583 exit  socket -> 68 (0x44)
T6632 enter recvfrom(0x3c, 0xb400007c87f59fc0, 0xa51c, 0x40, 0x7c51a92b88, 0x7c51a92b84)
T6632 exit  recvfrom -> 277 (0x115) bytes=160: 02 0a 00 2b 00 0e 01 02 04 00 00 00 00 00 8f 01 00 01 df 01 00 00 de 01 00 00 dd 08 00 00 01 00 00 00 00 00 00 c4 01 00 00 c3 01 00 00 c2 04 00 ff ff ff ff c1 18 00 00 00 00 00 00 00 00 00 00 00 00 00 00 00 00 00 00 00 00 00 00 00 00 00 c0 18 00 00 00 00 00 00 00 00 00 00 00 00 00 00 00 00 00 00 00 00 00 00 00 00 00 bf 03 00 ff ff 00 be 02 00 ff ff bd 02 00 00 00 b0 00 00 af 00 00 ae 00 00 ad 01 00 00 ab 01 00 00 aa 04 00 00 00 00 00 a9 01 00 01 a8 01 00 03 a7 10 00 00 00 00
T2582 enter socket(0x2a, 0x80002, 0, 0x1, 0x7c83611cbc, 0x7c83611e00)
T2582 exit  socket -> 71 (0x47)
attached new tid=6634
T2583 enter write(0x46, 0x7d3c3076c3, 0x1, 0, 0, 0) bytes=1: 61
T2582 enter sendto(0x47, 0x7c83611bd0, 0x14, 0, 0x7c83611bc0, 0xc) bytes=20: 0a 00 00 00 07 00 00 00 00 00 00 00 00 00 00 00 00 00 00 00 addr: bytes=12: 2a 00 00 00 01 00 00 00 fe ff ff ff
T6634 enter read(0x45, 0x7c4f898b94, 0x1, 0, 0, 0)
T6634 exit  read -> 1 (0x1) bytes=1: 61
T2583 exit  write -> 1 (0x1)
T2582 exit  sendto -> 20 (0x14)
T2582 enter recvfrom(0x47, 0x7c83611c20, 0x14, 0, 0, 0)
T2582 exit  recvfrom -> 20 (0x14) bytes=20: 04 00 00 00 07 00 00 00 01 00 00 00 00 00 00 00 61 00 00 00
T2582 enter recvfrom(0x47, 0x7c83611c20, 0x14, 0, 0, 0)
T2582 exit  recvfrom -> 20 (0x14) bytes=20: 04 00 00 00 00 00 00 00 00 00 00 00 00 00 00 00 00 00 00 00
T2582 enter close(0x47, 0x47, 0x14, 0, 0x14, 0)
T2582 exit  close -> 0 (0)
T2587 enter socket(0x2a, 0x80002, 0, 0x1, 0x7c83120cbc, 0x7c83120e00)
T2587 exit  socket -> 71 (0x47)
T2587 enter sendto(0x47, 0x7c83120bd0, 0x14, 0, 0x7c83120bc0, 0xc) bytes=20: 0a 00 00 00 05 00 00 00 00 00 00 00 00 00 00 00 00 00 00 00 addr: bytes=12: 2a 00 00 00 01 00 00 00 fe ff ff ff
T2587 exit  sendto -> 20 (0x14)
T2587 enter recvfrom(0x47, 0x7c83120c20, 0x14, 0, 0, 0)
T2587 exit  recvfrom -> 20 (0x14) bytes=20: 04 00 00 00 05 00 00 00 01 00 00 00 00 00 00 00 5a 00 00 00
T2587 enter recvfrom(0x47, 0x7c83120c20, 0x14, 0, 0, 0)
T2587 exit  recvfrom -> 20 (0x14) bytes=20: 04 00 00 00 00 00 00 00 00 00 00 00 00 00 00 00 00 00 00 00
T2587 enter close(0x47, 0x47, 0x14, 0, 0x14, 0)
T2587 exit  close -> 0 (0)
T2590 enter socket(0x2a, 0x80002, 0, 0x2, 0x7c82e29fdc, 0x7c82e2a260)
T2590 exit  socket -> 71 (0x47)
T2590 enter sendto(0x47, 0x7c82e29ef0, 0x14, 0, 0x7c82e29ee0, 0xc) bytes=20: 0a 00 00 00 09 00 00 00 00 00 00 00 00 00 00 00 00 00 00 00 addr: bytes=12: 2a 00 00 00 01 00 00 00 fe ff ff ff
T2590 exit  sendto -> 20 (0x14)
T2590 enter recvfrom(0x47, 0x7c82e29f40, 0x14, 0, 0, 0)
T2590 exit  recvfrom -> 20 (0x14) bytes=20: 04 00 00 00 09 00 00 00 02 00 00 00 00 00 00 00 45 00 00 00
T2590 enter recvfrom(0x47, 0x7c82e29f40, 0x14, 0, 0, 0)
T2590 exit  recvfrom -> 20 (0x14) bytes=20: 04 00 00 00 00 00 00 00 00 00 00 00 00 00 00 00 00 00 00 00
T2590 enter close(0x47, 0x47, 0x14, 0, 0x14, 0)
T2590 exit  close -> 0 (0)
T2581 enter socket(0x2a, 0x80002, 0, 0x1, 0x7c8370ecbc, 0x7c8370ee00)
T2581 exit  socket -> 71 (0x47)
T2581 enter sendto(0x47, 0x7c8370ebd0, 0x14, 0, 0x7c8370ebc0, 0xc) bytes=20: 0a 00 00 00 2a 00 00 00 00 00 00 00 00 00 00 00 00 00 00 00 addr: bytes=12: 2a 00 00 00 01 00 00 00 fe ff ff ff
T2581 exit  sendto -> 20 (0x14)
T2581 enter recvfrom(0x47, 0x7c8370ec20, 0x14, 0, 0, 0)
T2581 exit  recvfrom -> 20 (0x14) bytes=20: 04 00 00 00 2a 00 00 00 01 00 00 00 00 00 00 00 56 00 00 00
T2581 enter recvfrom(0x47, 0x7c8370ec20, 0x14, 0, 0, 0)
T2581 exit  recvfrom -> 20 (0x14) bytes=20: 04 00 00 00 00 00 00 00 00 00 00 00 00 00 00 00 00 00 00 00
T2581 enter close(0x47, 0x47, 0x14, 0, 0x14, 0)
T2581 exit  close -> 0 (0)
T2767 enter socket(0x2a, 0x80002, 0, 0x1, 0, 0)
T2767 exit  socket -> 71 (0x47)
T2767 enter sendto(0x47, 0x7c5b07fff0, 0x14, 0, 0x7c5b07ffe0, 0xc) bytes=20: 0a 00 00 00 0b 00 00 00 00 00 00 00 00 00 00 00 00 00 00 00 addr: bytes=12: 2a 00 00 00 01 00 00 00 fe ff ff ff
T2767 exit  sendto -> 20 (0x14)
T2767 enter recvfrom(0x47, 0x7c5b080040, 0x14, 0, 0, 0)
T2588 enter socket(0x2a, 0x80002, 0, 0x7c96e4e6b0, 0x7c96e4e6c0, 0x200c)
T2581 enter socket(0x2a, 0x80002, 0, 0x7c959c8b30, 0x7c959c8b40, 0x1d06)
T2588 exit  socket -> 72 (0x48)
T2581 exit  socket -> 73 (0x49)
attached new tid=6635
T2588 enter write(0x4b, 0x7d3c3076c3, 0x1, 0, 0, 0) bytes=1: 61
T6635 enter read(0x4a, 0x7c4e79bb94, 0x1, 0, 0, 0x4)
T6635 exit  read -> 1 (0x1) bytes=1: 61
T2588 exit  write -> 1 (0x1)
attached new tid=6636
T2767 exit  recvfrom -> 20 (0x14) bytes=20: 04 00 00 00 0b 00 00 00 01 00 00 00 00 00 00 00 49 00 00 00
T2767 enter recvfrom(0x47, 0x7c5b080040, 0x14, 0, 0, 0)
T2767 exit  recvfrom -> 20 (0x14) bytes=20: 04 00 00 00 00 00 00 00 00 00 00 00 00 00 00 00 00 00 00 00
T2767 enter close(0x47, 0x47, 0x14, 0, 0x14, 0)
T2767 exit  close -> 0 (0)
T2767 enter socket(0x2a, 0x80002, 0, 0x1, 0x7c5b0800dc, 0xb400007c95963760)
T2767 exit  socket -> 71 (0x47)
T2767 enter sendto(0x47, 0x7c5b07fff0, 0x14, 0, 0x7c5b07ffe0, 0xc) bytes=20: 0a 00 00 00 0b 00 00 00 00 00 00 00 00 00 00 00 00 00 00 00 addr: bytes=12: 2a 00 00 00 01 00 00 00 fe ff ff ff
T2767 exit  sendto -> 20 (0x14)
T2767 enter recvfrom(0x47, 0x7c5b080040, 0x14, 0, 0, 0)
T2581 enter write(0x4d, 0x7d3c3076c3, 0x1, 0, 0, 0) bytes=1: 61
T2581 exit  write -> 1 (0x1)
T6636 enter read(0x4c, 0x7c4e69eb94, 0x1, 0, 0, 0x4)
T6636 exit  read -> 1 (0x1) bytes=1: 61
T2647 exit  close -> 0 (0)
T2640 enter ioctl(0xf, 0xc0306201, 0x77f4164858, 0x77f4164988, 0x77f4164980, 0x80**************) ioctl_req=0xc0306201
T2767 exit  recvfrom -> 20 (0x14) bytes=20: 04 00 00 00 0b 00 00 00 01 00 00 00 00 00 00 00 49 00 00 00
T6584 enter recvfrom(0x36, 0xb400007c87f3cf80, 0xe3f0, 0x40, 0x7c54c8cb88, 0x7c54c8cb84)
T2657 enter socket(0x2a, 0x80002, 0, 0x1, 0x77e7a24fdc, 0x77e7a25260)
T2657 exit  socket -> 35 (0x23)
T2657 enter sendto(0x23, 0x77e7a24ef0, 0x14, 0, 0x77e7a24ee0, 0xc) bytes=20: 0a 00 00 00 12 00 00 00 00 00 00 00 00 00 00 00 00 00 00 00 addr: bytes=12: 2a 00 00 00 01 00 00 00 fe ff ff ff
T2657 exit  sendto -> 20 (0x14)
T2657 enter recvfrom(0x23, 0x77e7a24f40, 0x14, 0, 0, 0)
T2657 exit  recvfrom -> 20 (0x14) bytes=20: 04 00 00 00 12 00 00 00 01 00 00 00 00 00 00 00 64 00 00 00
T2657 enter recvfrom(0x23, 0x77e7a24f40, 0x14, 0, 0, 0)
T2657 exit  recvfrom -> 20 (0x14) bytes=20: 04 00 00 00 00 00 00 00 00 00 00 00 00 00 00 00 00 00 00 00
T2657 enter close(0x23, 0x23, 0x14, 0, 0x14, 0)
T2640 exit  ioctl -> 0 (0)
T2657 exit  close -> 0 (0)
T2656 enter socket(0x2a, 0x80002, 0, 0x1, 0x77e7b21fdc, 0x77e7b22260)
T2656 exit  socket -> 35 (0x23)
T2656 enter sendto(0x23, 0x77e7b21ef0, 0x14, 0, 0x77e7b21ee0, 0xc) bytes=20: 0a 00 00 00 21 00 00 00 00 00 00 00 00 00 00 00 00 00 00 00 addr: bytes=12: 2a 00 00 00 01 00 00 00 fe ff ff ff
T2656 exit  sendto -> 20 (0x14)
T2656 enter recvfrom(0x23, 0x77e7b21f40, 0x14, 0, 0, 0)
T2656 exit  recvfrom -> 20 (0x14) bytes=20: 04 00 00 00 21 00 00 00 01 00 00 00 00 00 00 00 62 00 00 00
T2656 enter recvfrom(0x23, 0x77e7b21f40, 0x14, 0, 0, 0)
T2656 exit  recvfrom -> 20 (0x14) bytes=20: 04 00 00 00 00 00 00 00 00 00 00 00 00 00 00 00 00 00 00 00
T2656 enter close(0x23, 0x23, 0x14, 0, 0x14, 0)
T2656 exit  close -> 0 (0)
T2655 enter socket(0x2a, 0x80002, 0, 0x1, 0x77e7c1efdc, 0x77e7c1f260)
T2655 exit  socket -> 35 (0x23)
T2655 enter sendto(0x23, 0x77e7c1eef0, 0x14, 0, 0x77e7c1eee0, 0xc) bytes=20: 0a 00 00 00 05 00 00 00 00 00 00 00 00 00 00 00 00 00 00 00 addr: bytes=12: 2a 00 00 00 01 00 00 00 fe ff ff ff
T2655 exit  sendto -> 20 (0x14)
T2655 enter recvfrom(0x23, 0x77e7c1ef40, 0x14, 0, 0, 0)
T2655 exit  recvfrom -> 20 (0x14) bytes=20: 04 00 00 00 05 00 00 00 01 00 00 00 00 00 00 00 5a 00 00 00
T2655 enter recvfrom(0x23, 0x77e7c1ef40, 0x14, 0, 0, 0)
T2655 exit  recvfrom -> 20 (0x14) bytes=20: 04 00 00 00 00 00 00 00 00 00 00 00 00 00 00 00 00 00 00 00
T2655 enter close(0x23, 0x23, 0x14, 0, 0x14, 0)
T2655 exit  close -> 0 (0)
T2656 enter socket(0x2a, 0x80002, 0, 0x1, 0x77e7b21cbc, 0x77e7b21e00)
T2656 exit  socket -> 35 (0x23)
T2656 enter sendto(0x23, 0x77e7b21bd0, 0x14, 0, 0x77e7b21bc0, 0xc) bytes=20: 0a 00 00 00 21 00 00 00 00 00 00 00 00 00 00 00 00 00 00 00 addr: bytes=12: 2a 00 00 00 01 00 00 00 fe ff ff ff
T2656 exit  sendto -> 20 (0x14)
T2656 enter recvfrom(0x23, 0x77e7b21c20, 0x14, 0, 0, 0)
T2656 exit  recvfrom -> 20 (0x14) bytes=20: 04 00 00 00 21 00 00 00 01 00 00 00 00 00 00 00 62 00 00 00
T2656 enter recvfrom(0x23, 0x77e7b21c20, 0x14, 0, 0, 0)
T2656 exit  recvfrom -> 20 (0x14) bytes=20: 04 00 00 00 00 00 00 00 00 00 00 00 00 00 00 00 00 00 00 00
T2656 enter close(0x23, 0x23, 0x14, 0, 0x14, 0)
T2656 exit  close -> 0 (0)
T2656 enter socket(0x2a, 0x80002, 0, 0x77ede081b0, 0x77ede081c0, 0x200c)
T2757 enter socket(0x2a, 0x80002, 0, 0x7895f96930, 0x7895f96940, 0xffff)
T2656 exit  socket -> 35 (0x23)
T2757 exit  socket -> 38 (0x26)
attached new tid=6637
T2757 enter write(0x28, 0x787e6ad6c3, 0x1, 0, 0, 0) bytes=1: 61
T2757 exit  write -> 1 (0x1)
T2757 enter socket(0x2a, 0x80002, 0, 0x2, 0, 0)
T2757 exit  socket -> 43 (0x2b)
T2757 enter sendto(0x2b, 0x77c4dedff0, 0x14, 0, 0x77c4dedfe0, 0xc) bytes=20: 0a 00 00 00 0a 00 00 00 00 00 00 00 00 00 00 00 00 00 00 00 addr: bytes=12: 2a 00 00 00 01 00 00 00 fe ff ff ff
T2757 exit  sendto -> 20 (0x14)
T2757 enter recvfrom(0x2b, 0x77c4dee040, 0x14, 0, 0, 0)
T2757 exit  recvfrom -> 20 (0x14) bytes=20: 04 00 00 00 0a 00 00 00 02 00 00 00 00 00 00 00 47 00 00 00
T2757 enter recvfrom(0x2b, 0x77c4dee040, 0x14, 0, 0, 0)
T2757 exit  recvfrom -> 20 (0x14) bytes=20: 04 00 00 00 00 00 00 00 00 00 00 00 00 00 00 00 00 00 00 00
T2757 enter close(0x2b, 0x2b, 0x14, 0, 0x14, 0)
T6637 enter read(0x27, 0x77bf8fdb94, 0x1, 0, 0, 0x1)
T2757 exit  close -> 0 (0)
T6637 exit  read -> 1 (0x1) bytes=1: 61
T2757 enter socket(0x2a, 0x80002, 0, 0x2, 0x77c4dee0dc, 0xb4000077edf10540)
T2757 exit  socket -> 43 (0x2b)
T2671 enter ioctl(0xf, 0xc0306201, 0x77d9c4d9b0, 0, 0, 0) ioctl_req=0xc0306201
T2757 enter sendto(0x2b, 0x77c4dedff0, 0x14, 0, 0x77c4dedfe0, 0xc) bytes=20: 0a 00 00 00 0a 00 00 00 00 00 00 00 00 00 00 00 00 00 00 00 addr: bytes=12: 2a 00 00 00 01 00 00 00 fe ff ff ff
T2757 exit  sendto -> 20 (0x14)
T2757 enter recvfrom(0x2b, 0x77c4dee040, 0x14, 0, 0, 0)
attached new tid=6638
T2757 exit  recvfrom -> 20 (0x14) bytes=20: 04 00 00 00 0a 00 00 00 02 00 00 00 00 00 00 00 47 00 00 00
T2757 enter recvfrom(0x2b, 0x77c4dee040, 0x14, 0, 0, 0)
T2757 exit  recvfrom -> 20 (0x14) bytes=20: 04 00 00 00 00 00 00 00 00 00 00 00 00 00 00 00 00 00 00 00
T2757 enter close(0x2b, 0x2b, 0x14, 0, 0x14, 0)
T2656 enter write(0x2a, 0x787e6ad6c3, 0x1, 0, 0, 0) bytes=1: 61
T2757 exit  close -> 0 (0)
T2656 exit  write -> 1 (0x1)
T6584 exit  recvfrom -> 14 (0xe) bytes=14: 04 02 00 0d 00 07 00 01 04 00 01 06 01 03
T2767 enter recvfrom(0x47, 0x7c5b080040, 0x14, 0, 0, 0)
T2671 exit  ioctl -> 0 (0)
T2656 enter socket(0x2a, 0x80002, 0, 0x1, 0, 0)
T2656 exit  socket -> 43 (0x2b)
T6638 enter read(0x29, 0x77bf800b94, 0x1, 0, 0, 0x4)
T6638 exit  read -> 1 (0x1) bytes=1: 61
T2656 enter sendto(0x2b, 0x77e7b21b80, 0x14, 0, 0x77e7b21b70, 0xc) bytes=20: 0a 00 00 00 21 00 00 00 00 00 00 00 00 00 00 00 00 00 00 00 addr: bytes=12: 2a 00 00 00 01 00 00 00 fe ff ff ff
T2656 exit  sendto -> 20 (0x14)
T2656 enter recvfrom(0x2b, 0x77e7b21bd0, 0x14, 0, 0, 0)
T2656 exit  recvfrom -> 20 (0x14) bytes=20: 04 00 00 00 21 00 00 00 01 00 00 00 00 00 00 00 62 00 00 00
T2656 enter recvfrom(0x2b, 0x77e7b21bd0, 0x14, 0, 0, 0)
T2656 exit  recvfrom -> 20 (0x14) bytes=20: 04 00 00 00 00 00 00 00 00 00 00 00 00 00 00 00 00 00 00 00
T2656 enter close(0x2b, 0x2b, 0x14, 0, 0x14, 0)
T2656 exit  close -> 0 (0)
T2656 enter socket(0x2a, 0x80002, 0, 0x1, 0x77e7b21c6c, 0xb4000077ede0b180)
T2656 exit  socket -> 43 (0x2b)
T2656 enter sendto(0x2b, 0x77e7b21b80, 0x14, 0, 0x77e7b21b70, 0xc) bytes=20: 0a 00 00 00 21 00 00 00 00 00 00 00 00 00 00 00 00 00 00 00 addr: bytes=12: 2a 00 00 00 01 00 00 00 fe ff ff ff
T2656 exit  sendto -> 20 (0x14)
T2656 enter recvfrom(0x2b, 0x77e7b21bd0, 0x14, 0, 0, 0)
T2656 exit  recvfrom -> 20 (0x14) bytes=20: 04 00 00 00 21 00 00 00 01 00 00 00 00 00 00 00 62 00 00 00
T2656 enter recvfrom(0x2b, 0x77e7b21bd0, 0x14, 0, 0, 0)
T2656 exit  recvfrom -> 20 (0x14) bytes=20: 04 00 00 00 00 00 00 00 00 00 00 00 00 00 00 00 00 00 00 00
T2656 enter close(0x2b, 0x2b, 0x14, 0, 0x14, 0)
T2656 exit  close -> 0 (0)
T2656 enter sendto(0x23, 0xb4000077ede0c2a0, 0xe, 0x40, 0x77e7b21b98, 0xc) bytes=14: 00 01 00 33 00 07 00 10 04 00 01 00 00 00 addr: bytes=12: 2a 00 00 00 00 00 00 00 62 00 00 00
T2656 exit  sendto -> 14 (0xe)
T6638 enter recvfrom(0x23, 0xb4000077c4e3c000, 0x2014, 0x40, 0x77bf800b88, 0x77bf800b84)
T6638 exit  recvfrom -> 14 (0xe) bytes=14: 02 01 00 33 00 07 00 02 04 00 00 00 00 00
T2662 enter sendto(0x26, 0xb4000077ede3f190, 0x7, 0x40, 0x77da532fc8, 0xc) bytes=7: 00 01 00 2e 00 00 00 addr: bytes=12: 2a 00 00 00 00 00 00 00 47 00 00 00
T2662 exit  sendto -> 7 (0x7)
T6637 enter recvfrom(0x26, 0xb4000077edf65600, 0x10008, 0x40, 0x77bf8fdb88, 0x77bf8fdb84)
T6637 exit  recvfrom -> 18 (0x12) bytes=18: 02 01 00 2e 00 0b 00 02 04 00 00 00 00 00 10 01 00 02
T2671 enter ioctl(0xf, 0xc0306201, 0x77d9c4d9b0, 0, 0, 0) ioctl_req=0xc0306201
T2650 enter socket(0x2a, 0x80002, 0, 0x1, 0x77e810ffdc, 0x77e8110260)
T2650 exit  socket -> 43 (0x2b)
T2650 enter sendto(0x2b, 0x77e810fef0, 0x14, 0, 0x77e810fee0, 0xc) bytes=20: 0a 00 00 00 07 00 00 00 00 00 00 00 00 00 00 00 00 00 00 00 addr: bytes=12: 2a 00 00 00 01 00 00 00 fe ff ff ff
T2650 exit  sendto -> 20 (0x14)
T2650 enter recvfrom(0x2b, 0x77e810ff40, 0x14, 0, 0, 0)
T2650 exit  recvfrom -> 20 (0x14) bytes=20: 04 00 00 00 07 00 00 00 01 00 00 00 00 00 00 00 61 00 00 00
T2650 enter recvfrom(0x2b, 0x77e810ff40, 0x14, 0, 0, 0)
T2650 exit  recvfrom -> 20 (0x14) bytes=20: 04 00 00 00 00 00 00 00 00 00 00 00 00 00 00 00 00 00 00 00
T2671 exit  ioctl -> 0 (0)
T2650 enter close(0x2b, 0x2b, 0x14, 0, 0x14, 0)
T2662 enter sendto(0x26, 0xb4000077ede0b960, 0x19, 0x40, 0x77da532fa8, 0xc) bytes=25: 00 02 00 01 00 12 00 10 04 00 ff ff 7f 41 11 04 00 00 00 80 00 12 01 00 02 addr: bytes=12: 2a 00 00 00 00 00 00 00 47 00 00 00
T2650 exit  close -> 0 (0)
T2662 exit  sendto -> 25 (0x19)
T6637 enter recvfrom(0x26, 0xb4000077edf65600, 0x10008, 0x40, 0x77bf8fdb88, 0x77bf8fdb84)
T6637 exit  recvfrom -> 14 (0xe) bytes=14: 02 02 00 01 00 07 00 02 04 00 00 00 00 00
T4269 enter socket(0x2a, 0x80002, 0, 0x1, 0, 0)
T2759 enter socket(0x2a, 0x80002, 0, 0x77ede08e30, 0x77ede08e40, 0x66b1)
T4269 exit  socket -> 43 (0x2b)
T2759 exit  socket -> 44 (0x2c)
T4269 enter sendto(0x2b, 0x77b87a9a60, 0x14, 0, 0x77b87a9a50, 0xc) bytes=20: 0a 00 00 00 01 00 00 00 00 00 00 00 00 00 00 00 00 00 00 00 addr: bytes=12: 2a 00 00 00 01 00 00 00 fe ff ff ff
T4269 exit  sendto -> 20 (0x14)
T4269 enter recvfrom(0x2b, 0x77b87a9ab0, 0x14, 0, 0, 0)
attached new tid=6639
T2759 enter write(0x2e, 0x787e6ad6c3, 0x1, 0, 0, 0) bytes=1: 61
T4269 exit  recvfrom -> 20 (0x14) bytes=20: 04 00 00 00 01 00 00 00 01 00 00 00 00 00 00 00 4a 00 00 00
T4269 enter recvfrom(0x2b, 0x77b87a9ab0, 0x14, 0, 0, 0)
T2759 exit  write -> 1 (0x1)
T4269 exit  recvfrom -> 20 (0x14) bytes=20: 04 00 00 00 00 00 00 00 00 00 00 00 00 00 00 00 00 00 00 00
T4269 enter close(0x2b, 0x2b, 0x14, 0, 0x14, 0)
T4269 exit  close -> 0 (0)
T4269 enter socket(0x2a, 0x80002, 0, 0x1, 0x77b87a9b4c, 0xb4000077ede0bfe0)
T4269 exit  socket -> 43 (0x2b)
T4269 enter sendto(0x2b, 0x77b87a9a60, 0x14, 0, 0x77b87a9a50, 0xc) bytes=20: 0a 00 00 00 01 00 00 00 00 00 00 00 00 00 00 00 00 00 00 00 addr: bytes=12: 2a 00 00 00 01 00 00 00 fe ff ff ff
T4269 exit  sendto -> 20 (0x14)
T6639 enter read(0x2d, 0x77bd703b94, 0x1, 0, 0, 0x1)
T4269 enter recvfrom(0x2b, 0x77b87a9ab0, 0x14, 0, 0, 0)
T6639 exit  read -> 1 (0x1) bytes=1: 61
T4269 exit  recvfrom -> 20 (0x14) bytes=20: 04 00 00 00 01 00 00 00 01 00 00 00 00 00 00 00 4a 00 00 00
T4269 enter recvfrom(0x2b, 0x77b87a9ab0, 0x14, 0, 0, 0)
T4269 exit  recvfrom -> 20 (0x14) bytes=20: 04 00 00 00 00 00 00 00 00 00 00 00 00 00 00 00 00 00 00 00
T4269 enter close(0x2b, 0x2b, 0x14, 0, 0x14, 0)
T4269 exit  close -> 0 (0)
T2674 enter socket(0x2a, 0x80002, 0, 0x77ede08b10, 0x77ede08b20, 0xa515)
T2674 exit  socket -> 43 (0x2b)
T4269 enter sendto(0x22, 0xb4000077ede03e40, 0x16, 0x40, 0x77b87a9b48, 0xc) bytes=22: 00 01 00 a2 00 0f 00 10 08 00 04 00 00 00 01 00 00 00 11 01 00 01 addr: bytes=12: 2a 00 00 00 00 00 00 00 4a 00 00 00
T4269 exit  sendto -> 22 (0x16)
T6630 enter recvfrom(0x22, 0xb4000077c4e2fac0, 0xa51c, 0x40, 0x77c09fab88, 0x77c09fab84)
T6630 exit  recvfrom -> 14 (0xe) bytes=14: 02 01 00 a2 00 07 00 02 04 00 00 00 00 00
attached new tid=6640
T2674 enter write(0x30, 0x787e6ad6c3, 0x1, 0, 0, 0) bytes=1: 61
T2674 exit  write -> 1 (0x1)
T6640 enter read(0x2f, 0x77bc606b94, 0x1, 0, 0, 0x1)
T6640 exit  read -> 1 (0x1) bytes=1: 61
T2648 enter socket(0x2a, 0x80002, 0, 0x1, 0x77e9309fdc, 0x77e930a260)
T2648 exit  socket -> 49 (0x31)
T2648 enter sendto(0x31, 0x77e9309ef0, 0x14, 0, 0x77e9309ee0, 0xc) bytes=20: 0a 00 00 00 01 00 00 00 00 00 00 00 00 00 00 00 00 00 00 00 addr: bytes=12: 2a 00 00 00 01 00 00 00 fe ff ff ff
T2648 exit  sendto -> 20 (0x14)
T2648 enter recvfrom(0x31, 0x77e9309f40, 0x14, 0, 0, 0)
T2648 exit  recvfrom -> 20 (0x14) bytes=20: 04 00 00 00 01 00 00 00 01 00 00 00 00 00 00 00 4a 00 00 00
T2648 enter recvfrom(0x31, 0x77e9309f40, 0x14, 0, 0, 0)
T2648 exit  recvfrom -> 20 (0x14) bytes=20: 04 00 00 00 00 00 00 00 00 00 00 00 00 00 00 00 00 00 00 00
T2648 enter close(0x31, 0x31, 0x14, 0, 0x14, 0)
T2648 exit  close -> 0 (0)
T6629 enter socket(0x2a, 0x80002, 0, 0x77ede07490, 0x77ede074a0, 0)
T2658 enter socket(0x2a, 0x80002, 0, 0x2, 0x77e7927cbc, 0x77e7927e00)
T6629 exit  socket -> 49 (0x31)
T2658 exit  socket -> 50 (0x32)
T2658 enter sendto(0x32, 0x77e7927bd0, 0x14, 0, 0x77e7927bc0, 0xc) bytes=20: 0a 00 00 00 09 00 00 00 00 00 00 00 00 00 00 00 00 00 00 00 addr: bytes=12: 2a 00 00 00 01 00 00 00 fe ff ff ff
T2658 exit  sendto -> 20 (0x14)
T2658 enter recvfrom(0x32, 0x77e7927c20, 0x14, 0, 0, 0)
T2658 exit  recvfrom -> 20 (0x14) bytes=20: 04 00 00 00 09 00 00 00 02 00 00 00 00 00 00 00 45 00 00 00
attached new tid=6641
T2658 enter recvfrom(0x32, 0x77e7927c20, 0x14, 0, 0, 0)
T6629 enter write(0x34, 0x787e6ad6c3, 0x1, 0, 0, 0) bytes=1: 61
T6629 exit  write -> 1 (0x1)
T2658 exit  recvfrom -> 20 (0x14) bytes=20: 04 00 00 00 00 00 00 00 00 00 00 00 00 00 00 00 00 00 00 00
T2658 enter close(0x32, 0x32, 0x14, 0, 0x14, 0)
T2658 exit  close -> 0 (0)
T6641 enter read(0x33, 0x77bb509b94, 0x1, 0, 0, 0x4)
T6641 exit  read -> 1 (0x1) bytes=1: 61
T2658 enter socket(0x2a, 0x80002, 0, 0x77ede086b0, 0x77ede086c0, 0xa02c)
T2658 exit  socket -> 50 (0x32)
T2657 enter socket(0x2a, 0x80002, 0, 0x1, 0x77e7a24cbc, 0x77e7a24e00)
T2657 exit  socket -> 55 (0x37)
attached new tid=6642
T2671 enter ioctl(0xf, 0xc0306201, 0x77d9c4d9b0, 0, 0, 0) ioctl_req=0xc0306201
T2657 enter sendto(0x37, 0x77e7a24bd0, 0x14, 0, 0x77e7a24bc0, 0xc) bytes=20: 0a 00 00 00 12 00 00 00 00 00 00 00 00 00 00 00 00 00 00 00 addr: bytes=12: 2a 00 00 00 01 00 00 00 fe ff ff ff
T2657 exit  sendto -> 20 (0x14)
T2657 enter recvfrom(0x37, 0x77e7a24c20, 0x14, 0, 0, 0)
T2658 enter write(0x36, 0x787e6ad6c3, 0x1, 0, 0, 0) bytes=1: 61
T2658 exit  write -> 1 (0x1)
T2657 exit  recvfrom -> 20 (0x14) bytes=20: 04 00 00 00 12 00 00 00 01 00 00 00 00 00 00 00 64 00 00 00
T2657 enter recvfrom(0x37, 0x77e7a24c20, 0x14, 0, 0, 0)
T2657 exit  recvfrom -> 20 (0x14) bytes=20: 04 00 00 00 00 00 00 00 00 00 00 00 00 00 00 00 00 00 00 00
T2657 enter close(0x37, 0x37, 0x14, 0, 0x14, 0)
T2657 exit  close -> 0 (0)
T2657 enter socket(0x2a, 0x80002, 0, 0x7895f966b0, 0x7895f966c0, 0x200c)
T2657 exit  socket -> 55 (0x37)
T2651 enter socket(0x2a, 0x80002, 0, 0x1, 0x77e8012fdc, 0x77e8013260)
T6642 enter read(0x35, 0x77ba40cb94, 0x1, 0, 0, 0x1)
T6642 exit  read -> 1 (0x1) bytes=1: 61
T2651 exit  socket -> 56 (0x38)
T2671 exit  ioctl -> 0 (0)
T2651 enter sendto(0x38, 0x77e8012ef0, 0x14, 0, 0x77e8012ee0, 0xc) bytes=20: 0a 00 00 00 44 00 00 00 00 00 00 00 00 00 00 00 00 00 00 00 addr: bytes=12: 2a 00 00 00 01 00 00 00 fe ff ff ff
T2651 exit  sendto -> 20 (0x14)
T2651 enter recvfrom(0x38, 0x77e8012f40, 0x14, 0, 0, 0)
attached new tid=6643
T2651 exit  recvfrom -> 20 (0x14) bytes=20: 04 00 00 00 44 00 00 00 01 00 00 00 00 00 00 00 5d 00 00 00
T2651 enter recvfrom(0x38, 0x77e8012f40, 0x14, 0, 0, 0)
T2657 enter write(0x3a, 0x787e6ad6c3, 0x1, 0, 0, 0) bytes=1: 61
T2657 exit  write -> 1 (0x1)
T2651 exit  recvfrom -> 20 (0x14) bytes=20: 04 00 00 00 00 00 00 00 00 00 00 00 00 00 00 00 00 00 00 00
T2651 enter close(0x38, 0x38, 0x14, 0, 0x14, 0)
T2651 exit  close -> 0 (0)
T6643 enter read(0x39, 0x77b930fb94, 0x1, 0, 0, 0x4)
T6643 exit  read -> 1 (0x1) bytes=1: 61
T2654 enter socket(0x2a, 0x80002, 0, 0x1, 0x77e7d1bcbc, 0x77e7d1be00)
T2654 exit  socket -> 56 (0x38)
T2654 enter sendto(0x38, 0x77e7d1bbd0, 0x14, 0, 0x77e7d1bbc0, 0xc) bytes=20: 0a 00 00 00 0c 00 00 00 00 00 00 00 00 00 00 00 00 00 00 00 addr: bytes=12: 2a 00 00 00 01 00 00 00 fe ff ff ff
T2654 exit  sendto -> 20 (0x14)
T2654 enter recvfrom(0x38, 0x77e7d1bc20, 0x14, 0, 0, 0)
T2654 exit  recvfrom -> 20 (0x14) bytes=20: 04 00 00 00 0c 00 00 00 01 00 00 00 00 00 00 00 44 00 00 00
T2654 enter recvfrom(0x38, 0x77e7d1bc20, 0x14, 0, 0, 0)
T2654 exit  recvfrom -> 20 (0x14) bytes=20: 04 00 00 00 00 00 00 00 00 00 00 00 00 00 00 00 00 00 00 00
T2654 enter close(0x38, 0x38, 0x14, 0, 0x14, 0)
T2654 exit  close -> 0 (0)
T2655 enter socket(0x2a, 0x80002, 0, 0x1, 0x77e7c1ecbc, 0x77e7c1ee00)
T2655 exit  socket -> 56 (0x38)
T2655 enter sendto(0x38, 0x77e7c1ebd0, 0x14, 0, 0x77e7c1ebc0, 0xc) bytes=20: 0a 00 00 00 05 00 00 00 00 00 00 00 00 00 00 00 00 00 00 00 addr: bytes=12: 2a 00 00 00 01 00 00 00 fe ff ff ff
T2655 exit  sendto -> 20 (0x14)
T2655 enter recvfrom(0x38, 0x77e7c1ec20, 0x14, 0, 0, 0)
T2767 exit  recvfrom -> 20 (0x14) bytes=20: 04 00 00 00 00 00 00 00 00 00 00 00 00 00 00 00 00 00 00 00
T2767 enter close(0x47, 0x47, 0x14, 0, 0x14, 0)
T2767 exit  close -> 0 (0)
T2584 enter socket(0x2a, 0x80002, 0, 0x7c96e4cdb0, 0x7c96e4cdc0, 0x8098)
T2584 exit  socket -> 71 (0x47)
T2599 enter sendto(0x39, 0xb400007c87e0c410, 0xb, 0x40, 0x7c825429e8, 0xc) bytes=11: 00 01 00 2f 00 04 00 10 01 00 01 addr: bytes=12: 2a 00 00 00 00 00 00 00 49 00 00 00
T2599 exit  sendto -> 11 (0xb)
T6631 enter recvfrom(0x39, 0xb400007c87eea100, 0x66b8, 0x40, 0x7c5c474b88, 0x7c5c474b84)
T6631 exit  recvfrom -> 80 (0x50) bytes=80: 02 01 00 2f 00 49 00 02 04 00 00 00 00 00 18 03 00 02 00 00 17 07 00 02 00 00 00 00 00 00 16 09 00 02 00 00 00 00 00 00 00 00 15 03 00 02 00 00 14 03 00 02 02 02 13 17 00 02 ff ff ff ff 02 ff ff ff ff 02 03 00 00 00 00 00 03 00 00 00 00 00
T2593 enter sendto(0x39, 0xb400007c87e0c780, 0xb, 0x40, 0x7c82b30e98, 0xc) bytes=11: 00 02 00 76 00 04 00 01 01 00 00 addr: bytes=12: 2a 00 00 00 00 00 00 00 49 00 00 00
T2593 exit  sendto -> 11 (0xb)
T2583 enter socket(0x2a, 0x80002, 0, 0x1, 0, 0)
attached new tid=6644
T2583 exit  socket -> 83 (0x53)
T6631 enter recvfrom(0x39, 0xb400007c87eea100, 0x66b8, 0x40, 0x7c5c474b88, 0x7c5c474b84)
T6631 exit  recvfrom -> 14 (0xe) bytes=14: 02 02 00 76 00 07 00 02 04 00 00 00 00 00
T2584 enter write(0x4f, 0x7d3c3076c3, 0x1, 0, 0, 0) bytes=1: 61
T6644 enter read(0x4e, 0x7c4d5a1b94, 0x1, 0, 0, 0x1)
T6644 exit  read -> 1 (0x1) bytes=1: 61
T2584 exit  write -> 1 (0x1)
T2583 enter sendto(0x53, 0x7c83514b80, 0x14, 0, 0x7c83514b70, 0xc) bytes=20: 0a 00 00 00 44 00 00 00 00 00 00 00 00 00 00 00 00 00 00 00 addr: bytes=12: 2a 00 00 00 01 00 00 00 fe ff ff ff
T2583 exit  sendto -> 20 (0x14)
T2583 enter recvfrom(0x53, 0x7c83514bd0, 0x14, 0, 0, 0)
T2583 exit  recvfrom -> 20 (0x14) bytes=20: 04 00 00 00 44 00 00 00 01 00 00 00 00 00 00 00 5d 00 00 00
T2583 enter recvfrom(0x53, 0x7c83514bd0, 0x14, 0, 0, 0)
T2583 exit  recvfrom -> 20 (0x14) bytes=20: 04 00 00 00 00 00 00 00 00 00 00 00 00 00 00 00 00 00 00 00
T2583 enter close(0x53, 0x53, 0x14, 0, 0x14, 0)
T2583 exit  close -> 0 (0)
T2583 enter socket(0x2a, 0x80002, 0, 0x1, 0x7c83514c6c, 0xb400007c87ee98e0)
T2583 exit  socket -> 83 (0x53)
T2583 enter sendto(0x53, 0x7c83514b80, 0x14, 0, 0x7c83514b70, 0xc) bytes=20: 0a 00 00 00 44 00 00 00 00 00 00 00 00 00 00 00 00 00 00 00 addr: bytes=12: 2a 00 00 00 01 00 00 00 fe ff ff ff
T2583 exit  sendto -> 20 (0x14)
T2583 enter recvfrom(0x53, 0x7c83514bd0, 0x14, 0, 0, 0)
T2583 exit  recvfrom -> 20 (0x14) bytes=20: 04 00 00 00 44 00 00 00 01 00 00 00 00 00 00 00 5d 00 00 00
T2583 enter recvfrom(0x53, 0x7c83514bd0, 0x14, 0, 0, 0)
T2583 exit  recvfrom -> 20 (0x14) bytes=20: 04 00 00 00 00 00 00 00 00 00 00 00 00 00 00 00 00 00 00 00
T2583 enter close(0x53, 0x53, 0x14, 0, 0x14, 0)
T2583 exit  close -> 0 (0)
T2590 enter socket(0x2a, 0x80002, 0, 0x2, 0x7c82e29cbc, 0x7c82e29e00)
T2590 exit  socket -> 83 (0x53)
T2590 enter sendto(0x53, 0x7c82e29bd0, 0x14, 0, 0x7c82e29bc0, 0xc) bytes=20: 0a 00 00 00 09 00 00 00 00 00 00 00 00 00 00 00 00 00 00 00 addr: bytes=12: 2a 00 00 00 01 00 00 00 fe ff ff ff
T2590 exit  sendto -> 20 (0x14)
T2590 enter recvfrom(0x53, 0x7c82e29c20, 0x14, 0, 0, 0)
T2587 enter socket(0x2a, 0x80002, 0, 0x7c87e086b0, 0x7c87e086c0, 0xb556)
T2587 exit  socket -> 84 (0x54)
attached new tid=6645
T2590 exit  recvfrom -> 20 (0x14) bytes=20: 04 00 00 00 09 00 00 00 02 00 00 00 00 00 00 00 45 00 00 00
T2590 enter recvfrom(0x53, 0x7c82e29c20, 0x14, 0, 0, 0)
T2590 exit  recvfrom -> 20 (0x14) bytes=20: 04 00 00 00 00 00 00 00 00 00 00 00 00 00 00 00 00 00 00 00
T2590 enter close(0x53, 0x53, 0x14, 0, 0x14, 0)
T2587 enter write(0x56, 0x7d3c3076c3, 0x1, 0, 0, 0) bytes=1: 61
T2590 exit  close -> 0 (0)
T6645 enter read(0x55, 0x7c4d4a4b94, 0x1, 0, 0, 0x1)
T2590 enter socket(0x2a, 0x80002, 0, 0x7c96e4e930, 0x7c96e4e940, 0xa02c)
T2590 exit  socket -> 83 (0x53)
T6645 exit  read -> 1 (0x1) bytes=1: 61
attached new tid=6646
T2590 enter write(0x58, 0x7d3c3076c3, 0x1, 0, 0, 0) bytes=1: 61
T2588 enter socket(0x2a, 0x80002, 0, 0x1, 0, 0)
T6646 enter read(0x57, 0x7c4b1adb94, 0x1, 0, 0, 0x1)
T6646 exit  read -> 1 (0x1) bytes=1: 61
T2590 exit  write -> 1 (0x1)
T2588 exit  socket -> 98 (0x62)
T2588 enter sendto(0x62, 0x7c83023b80, 0x14, 0, 0x7c83023b70, 0xc) bytes=20: 0a 00 00 00 21 00 00 00 00 00 00 00 00 00 00 00 00 00 00 00 addr: bytes=12: 2a 00 00 00 01 00 00 00 fe ff ff ff
T2587 exit  write -> 1 (0x1)
T2588 exit  sendto -> 20 (0x14)
T2588 enter recvfrom(0x62, 0x7c83023bd0, 0x14, 0, 0, 0)
T2588 exit  recvfrom -> 20 (0x14) bytes=20: 04 00 00 00 21 00 00 00 01 00 00 00 00 00 00 00 62 00 00 00
T2588 enter recvfrom(0x62, 0x7c83023bd0, 0x14, 0, 0, 0)
T2588 exit  recvfrom -> 20 (0x14) bytes=20: 04 00 00 00 00 00 00 00 00 00 00 00 00 00 00 00 00 00 00 00
T2588 enter close(0x62, 0x62, 0x14, 0, 0x14, 0)
T2588 exit  close -> 0 (0)
T2588 enter socket(0x2a, 0x80002, 0, 0x1, 0x7c83023c6c, 0xb400007c96f5e4e0)
T2588 exit  socket -> 98 (0x62)
T2588 enter sendto(0x62, 0x7c83023b80, 0x14, 0, 0x7c83023b70, 0xc) bytes=20: 0a 00 00 00 21 00 00 00 00 00 00 00 00 00 00 00 00 00 00 00 addr: bytes=12: 2a 00 00 00 01 00 00 00 fe ff ff ff
T2588 exit  sendto -> 20 (0x14)
T2588 enter recvfrom(0x62, 0x7c83023bd0, 0x14, 0, 0, 0)
T2588 exit  recvfrom -> 20 (0x14) bytes=20: 04 00 00 00 21 00 00 00 01 00 00 00 00 00 00 00 62 00 00 00
T2588 enter recvfrom(0x62, 0x7c83023bd0, 0x14, 0, 0, 0)
T2588 exit  recvfrom -> 20 (0x14) bytes=20: 04 00 00 00 00 00 00 00 00 00 00 00 00 00 00 00 00 00 00 00
T2588 enter close(0x62, 0x62, 0x14, 0, 0x14, 0)
T2588 exit  close -> 0 (0)
T2581 enter socket(0x2a, 0x80002, 0, 0x1, 0, 0)
T2581 exit  socket -> 98 (0x62)
T2581 enter sendto(0x62, 0x7c8370eb80, 0x14, 0, 0x7c8370eb70, 0xc) bytes=20: 0a 00 00 00 2a 00 00 00 00 00 00 00 00 00 00 00 00 00 00 00 addr: bytes=12: 2a 00 00 00 01 00 00 00 fe ff ff ff
T2581 exit  sendto -> 20 (0x14)
T2581 enter recvfrom(0x62, 0x7c8370ebd0, 0x14, 0, 0, 0)
T2581 exit  recvfrom -> 20 (0x14) bytes=20: 04 00 00 00 2a 00 00 00 01 00 00 00 00 00 00 00 56 00 00 00
T2581 enter recvfrom(0x62, 0x7c8370ebd0, 0x14, 0, 0, 0)
T2581 exit  recvfrom -> 20 (0x14) bytes=20: 04 00 00 00 00 00 00 00 00 00 00 00 00 00 00 00 00 00 00 00
T2581 enter close(0x62, 0x62, 0x14, 0, 0x14, 0)
T2581 exit  close -> 0 (0)
T2655 exit  recvfrom -> 20 (0x14) bytes=20: 04 00 00 00 05 00 00 00 01 00 00 00 00 00 00 00 5a 00 00 00
T2655 enter recvfrom(0x38, 0x77e7c1ec20, 0x14, 0, 0, 0)
T2580 enter socket(0x2a, 0x80002, 0, 0x1, 0x7c8380bcbc, 0x7c8380be00)
T2593 enter sendto(0x39, 0xb400007c87e0c0e0, 0xe, 0x40, 0x7c82b30de8, 0xc) bytes=14: 00 03 00 2e 00 07 00 01 04 00 97 08 00 00 addr: bytes=12: 2a 00 00 00 00 00 00 00 49 00 00 00
T2593 exit  sendto -> 14 (0xe)
T2580 exit  socket -> 98 (0x62)
T6631 enter recvfrom(0x39, 0xb400007c87eea100, 0x66b8, 0x40, 0x7c5c474b88, 0x7c5c474b84)
T6631 exit  recvfrom -> 21 (0x15) bytes=21: 02 03 00 2e 00 0e 00 02 04 00 00 00 00 00 10 04 00 97 08 00 00
T2593 enter sendto(0x39, 0xb400007c96ecd5d0, 0x7, 0x40, 0x7c82b30dc8, 0xc) bytes=7: 00 04 00 47 00 00 00 addr: bytes=12: 2a 00 00 00 00 00 00 00 49 00 00 00
T2588 enter sendto(0x48, 0xb400007c958060a0, 0xe, 0x40, 0x7c83023b98, 0xc) bytes=14: 00 01 00 33 00 07 00 10 04 00 00 00 00 00 addr: bytes=12: 2a 00 00 00 00 00 00 00 62 00 00 00
T6631 enter recvfrom(0x39, 0xb400007c87eea100, 0x66b8, 0x40, 0x7c5c474b88, 0x7c5c474b84)
T6631 exit  recvfrom -> 111 (0x6f) bytes=111: 02 04 00 47 00 68 00 02 04 00 00 00 00 00 13 05 00 02 01 00 02 00 12 03 00 02 00 00 11 24 00 02 02 00 00 00 00 15 3b 9e 97 80 1f c6 80 31 e0 73 fe 21 1b 66 d0 02 5e ab 15 00 e2 00 00 00 00 00 00 00 00 10 29 00 02 02 00 00 00 01 00 00 00 01 0a 98 93 88 80 64 50 06 39 87 f6 01 00 00 00 01 00 00 00 02 0a 00 00 00 00 00 00 00 00 00 00
T6635 enter recvfrom(0x48, 0xb400007c95824800, 0x2014, 0x40, 0x7c4e79bb88, 0x7c4e79bb84)
T6635 exit  recvfrom -> 14 (0xe) bytes=14: 02 01 00 33 00 07 00 02 04 00 00 00 00 00
T2593 exit  sendto -> 7 (0x7)
T2588 exit  sendto -> 14 (0xe)
T2593 enter sendto(0x39, 0xb400007c87e0c780, 0xb, 0x40, 0x7c82b30db8, 0xc) bytes=11: 00 05 00 2f 00 04 00 10 01 00 01 addr: bytes=12: 2a 00 00 00 00 00 00 00 49 00 00 00
T6631 enter recvfrom(0x39, 0xb400007c87eea100, 0x66b8, 0x40, 0x7c5c474b88, 0x7c5c474b84)
T2593 exit  sendto -> 11 (0xb)
T6631 exit  recvfrom -> 80 (0x50) bytes=80: 02 05 00 2f 00 49 00 02 04 00 00 00 00 00 18 03 00 02 00 00 17 07 00 02 00 00 00 00 00 00 16 09 00 02 00 00 00 00 00 00 00 00 15 03 00 02 00 00 14 03 00 02 02 02 13 17 00 02 ff ff ff ff 02 ff ff ff ff 02 03 00 00 00 00 00 03 00 00 00 00 00
T2603 enter ioctl(0xe, 0xc0306201, 0x7c8214f7d0, 0, 0, 0) ioctl_req=0xc0306201
T2603 exit  ioctl -> 0 (0)
T2580 enter sendto(0x62, 0x7c8380bbd0, 0x14, 0, 0x7c8380bbc0, 0xc) bytes=20: 0a 00 00 00 01 00 00 00 00 00 00 00 00 00 00 00 00 00 00 00 addr: bytes=12: 2a 00 00 00 01 00 00 00 fe ff ff ff
T2603 enter write(0x7, 0x7d39599727, 0x1, 0x2, 0x2, 0x7d1e7d55c8) bytes=1: 20
T2603 exit  write -> 1 (0x1)
T2603 enter ioctl(0xe, 0xc0306201, 0x7c8214f7f8, 0, 0, 0x1) ioctl_req=0xc0306201
T2603 exit  ioctl -> 0 (0)
T2583 enter sendto(0x44, 0xb400007c87e0c890, 0xe, 0x40, 0x7c83514b68, 0xc) bytes=14: 00 01 00 20 00 07 00 01 04 00 01 00 00 00 addr: bytes=12: 2a 00 00 00 00 00 00 00 5d 00 00 00
T6634 enter recvfrom(0x44, 0xb400007c87e08300, 0x88, 0x40, 0x7c4f898b88, 0x7c4f898b84)
T6634 exit  recvfrom -> 14 (0xe) bytes=14: 02 01 00 20 00 07 00 02 04 00 00 00 00 00
T2583 exit  sendto -> 14 (0xe)
T2580 exit  sendto -> 20 (0x14)
T2593 enter sendto(0x39, 0xb400007c87e0c780, 0xe, 0x40, 0x7c82b2fb38, 0xc) bytes=14: 00 06 00 3a 00 07 00 10 04 00 02 00 00 00 addr: bytes=12: 2a 00 00 00 00 00 00 00 49 00 00 00
T2593 exit  sendto -> 14 (0xe)
T2580 enter recvfrom(0x62, 0x7c8380bc20, 0x14, 0, 0, 0)
T2580 exit  recvfrom -> 20 (0x14) bytes=20: 04 00 00 00 01 00 00 00 01 00 00 00 00 00 00 00 4a 00 00 00
T2580 enter recvfrom(0x62, 0x7c8380bc20, 0x14, 0, 0, 0)
T2580 exit  recvfrom -> 20 (0x14) bytes=20: 04 00 00 00 00 00 00 00 00 00 00 00 00 00 00 00 00 00 00 00
T2580 enter close(0x62, 0x62, 0x14, 0, 0x14, 0)
T2603 enter ioctl(0xe, 0xc0306201, 0x7c821507f8, 0, 0, 0x1) ioctl_req=0xc0306201
T2603 exit  ioctl -> 0 (0)
T2603 enter ioctl(0xe, 0xc0306201, 0x7c82150ca8, 0x7c82150dd8, 0x7c82150dd0, 0x80**************) ioctl_req=0xc0306201
T2580 exit  close -> 0 (0)
T2603 exit  ioctl -> 0 (0)
T6631 enter recvfrom(0x39, 0xb400007c87eea100, 0x66b8, 0x40, 0x7c5c474b88, 0x7c5c474b84)
T6631 exit  recvfrom -> 18 (0x12) bytes=18: 02 06 00 3a 00 0b 00 02 04 00 00 00 00 00 11 01 00 00
T2580 enter socket(0x2a, 0x80002, 0, 0x7c96e4d2b0, 0x7c96e4d2c0, 0xa515)
T2580 exit  socket -> 98 (0x62)
T2600 enter sendto(0x44, 0xb400007c959c90e0, 0xe, 0x40, 0x7c82447358, 0xc) bytes=14: 00 02 00 23 00 07 00 16 04 00 02 00 00 00 addr: bytes=12: 2a 00 00 00 00 00 00 00 5d 00 00 00
T2600 exit  sendto -> 14 (0xe)
T6634 enter recvfrom(0x44, 0xb400007c87e08300, 0x88, 0x40, 0x7c4f898b88, 0x7c4f898b84)
T6634 exit  recvfrom -> 14 (0xe) bytes=14: 02 02 00 23 00 07 00 02 04 00 00 00 00 00
T2600 enter sendto(0x44, 0xb400007c96fc7000, 0xe, 0x40, 0x7c82447358, 0xc) bytes=14: 00 03 00 28 00 07 00 15 04 00 02 00 00 00 addr: bytes=12: 2a 00 00 00 00 00 00 00 5d 00 00 00
T2600 exit  sendto -> 14 (0xe)
T6634 enter recvfrom(0x44, 0xb400007c87e08300, 0x88, 0x40, 0x7c4f898b88, 0x7c4f898b84)
T6634 exit  recvfrom -> 14 (0xe) bytes=14: 02 03 00 28 00 07 00 02 04 00 00 00 00 00
T2600 enter sendto(0x44, 0xb400007c959c90e0, 0x4c, 0x40, 0x7c82447158, 0xc) bytes=76: 00 04 00 23 00 45 00 12 04 00 03 00 00 00 13 04 00 b8 0b 00 00 14 04 00 32 00 00 00 15 2d 00 0b 64 00 00 00 f4 01 00 00 e8 03 00 00 88 13 00 00 10 27 00 00 20 4e 00 00 50 c3 00 00 f8 24 01 00 a0 86 01 00 40 0d 03 00 20 a1 07 00 addr: bytes=12: 2a 00 00 00 00 00 00 00 5d 00 00 00
T2600 exit  sendto -> 76 (0x4c)
T6634 enter recvfrom(0x44, 0xb400007c87e08300, 0x88, 0x40, 0x7c4f898b88, 0x7c4f898b84)
T6634 exit  recvfrom -> 14 (0xe) bytes=14: 02 04 00 23 00 07 00 02 04 00 00 00 00 00
T2600 enter sendto(0x44, 0xb400007c96fc7000, 0x58, 0x40, 0x7c82447158, 0xc) bytes=88: 00 06 00 28 00 51 00 11 04 00 03 00 00 00 12 04 00 b8 0b 00 00 13 04 00 32 00 00 00 14 39 00 0e 64 00 00 00 f4 01 00 00 e8 03 00 00 88 13 00 00 10 27 00 00 20 4e 00 00 50 c3 00 00 f8 24 01 00 a0 86 01 00 40 0d 03 00 20 a1 07 00 40 42 0f 00 60 e3 16 00 80 84 1e 00 addr: bytes=12: 2a 00 00 00 00 00 00 00 5d 00 00 00
T2600 exit  sendto -> 88 (0x58)
T6634 enter recvfrom(0x44, 0xb400007c87e08300, 0x88, 0x40, 0x7c4f898b88, 0x7c4f898b84)
T6634 exit  recvfrom -> 14 (0xe) bytes=14: 02 06 00 28 00 07 00 02 04 00 00 00 00 00
T2583 enter sendto(0x44, 0xb400007c87ee98e0, 0xb, 0x40, 0x7c83515208, 0xc) bytes=11: 00 05 00 22 00 04 00 13 01 00 01 addr: bytes=12: 2a 00 00 00 00 00 00 00 5d 00 00 00
T6634 enter recvfrom(0x44, 0xb400007c87e08300, 0x88, 0x40, 0x7c4f898b88, 0x7c4f898b84)
T6634 exit  recvfrom -> 14 (0xe) bytes=14: 02 05 00 22 00 07 00 02 04 00 00 00 00 00
T2583 exit  sendto -> 11 (0xb)
T2655 exit  recvfrom -> 20 (0x14) bytes=20: 04 00 00 00 00 00 00 00 00 00 00 00 00 00 00 00 00 00 00 00
T2655 enter close(0x38, 0x38, 0x14, 0, 0x14, 0)
T2583 enter sendto(0x44, 0xb400007c87ee98e0, 0xb, 0x40, 0x7c83515208, 0xc) bytes=11: 00 07 00 22 00 04 00 11 01 00 01 addr: bytes=12: 2a 00 00 00 00 00 00 00 5d 00 00 00
T2583 exit  sendto -> 11 (0xb)
T6634 enter recvfrom(0x44, 0xb400007c87e08300, 0x88, 0x40, 0x7c4f898b88, 0x7c4f898b84)
T6634 exit  recvfrom -> 14 (0xe) bytes=14: 02 07 00 22 00 07 00 02 04 00 00 00 00 00
T2600 enter sendto(0x44, 0xb400007c959c90e0, 0x4c, 0x40, 0x7c82447158, 0xc) bytes=76: 00 08 00 23 00 45 00 12 04 00 02 00 00 00 13 04 00 b8 0b 00 00 14 04 00 32 00 00 00 15 2d 00 0b 64 00 00 00 f4 01 00 00 e8 03 00 00 88 13 00 00 10 27 00 00 20 4e 00 00 50 c3 00 00 f8 24 01 00 a0 86 01 00 40 0d 03 00 20 a1 07 00 addr: bytes=12: 2a 00 00 00 00 00 00 00 5d 00 00 00
T2600 exit  sendto -> 76 (0x4c)
T6634 enter recvfrom(0x44, 0xb400007c87e08300, 0x88, 0x40, 0x7c4f898b88, 0x7c4f898b84)
T6634 exit  recvfrom -> 14 (0xe) bytes=14: 02 08 00 23 00 07 00 02 04 00 00 00 00 00
T2600 enter sendto(0x44, 0xb400007c96fc7000, 0x58, 0x40, 0x7c82447158, 0xc) bytes=88: 00 09 00 28 00 51 00 11 04 00 02 00 00 00 12 04 00 b8 0b 00 00 13 04 00 32 00 00 00 14 39 00 0e 64 00 00 00 f4 01 00 00 e8 03 00 00 88 13 00 00 10 27 00 00 20 4e 00 00 50 c3 00 00 f8 24 01 00 a0 86 01 00 40 0d 03 00 20 a1 07 00 40 42 0f 00 60 e3 16 00 80 84 1e 00 addr: bytes=12: 2a 00 00 00 00 00 00 00 5d 00 00 00
attached new tid=6647
T2600 exit  sendto -> 88 (0x58)
T6634 enter recvfrom(0x44, 0xb400007c87e08300, 0x88, 0x40, 0x7c4f898b88, 0x7c4f898b84)
T6634 exit  recvfrom -> 14 (0xe) bytes=14: 02 09 00 28 00 07 00 02 04 00 00 00 00 00
T2580 enter write(0x64, 0x7d3c3076c3, 0x1, 0, 0, 0) bytes=1: 61
T2579 enter socket(0x2a, 0x80002, 0, 0x1, 0x7c83908cbc, 0x7c83908e00)
T2580 exit  write -> 1 (0x1)
T2579 exit  socket -> 101 (0x65)
T6647 enter read(0x63, 0x7c4b0b0b94, 0x1, 0, 0, 0x1)
T6647 exit  read -> 1 (0x1) bytes=1: 61
T2579 enter sendto(0x65, 0x7c83908bd0, 0x14, 0, 0x7c83908bc0, 0xc) bytes=20: 0a 00 00 00 03 00 00 00 00 00 00 00 00 00 00 00 00 00 00 00 addr: bytes=12: 2a 00 00 00 01 00 00 00 fe ff ff ff
T2450 enter read(0x6, 0x7c8a881ab8, 0x10, 0x10, 0x10, 0x7d1e7d55c8)
T2579 exit  sendto -> 20 (0x14)
T2579 enter recvfrom(0x65, 0x7c83908c20, 0x14, 0, 0, 0)
T2579 exit  recvfrom -> 20 (0x14) bytes=20: 04 00 00 00 03 00 00 00 01 00 00 00 00 00 00 00 46 00 00 00
T2579 enter recvfrom(0x65, 0x7c83908c20, 0x14, 0, 0, 0)
T2579 exit  recvfrom -> 20 (0x14) bytes=20: 04 00 00 00 00 00 00 00 00 00 00 00 00 00 00 00 00 00 00 00
T2450 exit  read -> 1 (0x1) bytes=1: 20
T2579 enter close(0x65, 0x65, 0x14, 0, 0x14, 0)
T2450 enter read(0x6, 0x7c8a881ab8, 0x10, 0x10, 0x10, 0x7d1e7d55c8)
T2450 exit  read -> -11 (0xfffffffffffffff5)
T2579 exit  close -> 0 (0)
T1992 exit  ioctl -> 0 (0)
T2655 exit  close -> 0 (0)
T2584 enter socket(0x2a, 0x80002, 0, 0x1, 0, 0)
T2450 enter ioctl(0xe, 0xc0306201, 0x7c8a8813a8, 0, 0, 0x1) ioctl_req=0xc0306201
T2584 exit  socket -> 101 (0x65)
T2584 enter sendto(0x65, 0x7c83417b80, 0x14, 0, 0x7c83417b70, 0xc) bytes=20: 0a 00 00 00 24 00 00 00 00 00 00 00 00 00 00 00 00 00 00 00 addr: bytes=12: 2a 00 00 00 01 00 00 00 fe ff ff ff
T2450 exit  ioctl -> 0 (0)
T2584 exit  sendto -> 20 (0x14)
T2584 enter recvfrom(0x65, 0x7c83417bd0, 0x14, 0, 0, 0)
T2584 exit  recvfrom -> 20 (0x14) bytes=20: 04 00 00 00 24 00 00 00 01 00 00 00 00 00 00 00 21 00 00 00
T2584 enter recvfrom(0x65, 0x7c83417bd0, 0x14, 0, 0, 0)
T2584 exit  recvfrom -> 20 (0x14) bytes=20: 04 00 00 00 00 00 00 00 00 00 00 00 00 00 00 00 00 00 00 00
T2584 enter close(0x65, 0x65, 0x14, 0, 0x14, 0)
T2584 exit  close -> 0 (0)
T2450 enter ioctl(0xe, 0xc0306201, 0x7c8a881858, 0x7c8a881988, 0x7c8a881980, 0x80**************) ioctl_req=0xc0306201
T2655 enter socket(0x2a, 0x80002, 0, 0x7895f96430, 0x7895f96440, 0xb556)
T2649 enter socket(0x2a, 0x80002, 0, 0x1, 0x77e820cfdc, 0x77e820d260)
T2584 enter socket(0x2a, 0x80002, 0, 0x1, 0x7c83417c6c, 0xb400007c96f5e820)
T2450 exit  ioctl -> 0 (0)
T2584 exit  socket -> 101 (0x65)
T2600 enter sendto(0x44, 0xb400007c959c90e0, 0x4c, 0x40, 0x7c82447158, 0xc) bytes=76: 00 0a 00 23 00 45 00 12 04 00 01 00 00 00 13 04 00 b8 0b 00 00 14 04 00 32 00 00 00 15 2d 00 0b 64 00 00 00 f4 01 00 00 e8 03 00 00 88 13 00 00 10 27 00 00 20 4e 00 00 50 c3 00 00 f8 24 01 00 a0 86 01 00 40 0d 03 00 20 a1 07 00 addr: bytes=12: 2a 00 00 00 00 00 00 00 5d 00 00 00
T6634 enter recvfrom(0x44, 0xb400007c87e08300, 0x88, 0x40, 0x7c4f898b88, 0x7c4f898b84)
T2600 exit  sendto -> 76 (0x4c)
T6634 exit  recvfrom -> 14 (0xe) bytes=14: 02 0a 00 23 00 07 00 02 04 00 00 00 00 00
T2584 enter sendto(0x65, 0x7c83417b80, 0x14, 0, 0x7c83417b70, 0xc) bytes=20: 0a 00 00 00 24 00 00 00 00 00 00 00 00 00 00 00 00 00 00 00 addr: bytes=12: 2a 00 00 00 01 00 00 00 fe ff ff ff
T2600 enter sendto(0x44, 0xb400007c96fc7000, 0x58, 0x40, 0x7c82447158, 0xc) bytes=88: 00 0b 00 28 00 51 00 11 04 00 01 00 00 00 12 04 00 b8 0b 00 00 13 04 00 32 00 00 00 14 39 00 0e 64 00 00 00 f4 01 00 00 e8 03 00 00 88 13 00 00 10 27 00 00 20 4e 00 00 50 c3 00 00 f8 24 01 00 a0 86 01 00 40 0d 03 00 20 a1 07 00 40 42 0f 00 60 e3 16 00 80 84 1e 00 addr: bytes=12: 2a 00 00 00 00 00 00 00 5d 00 00 00
T2584 exit  sendto -> 20 (0x14)
T6634 enter recvfrom(0x44, 0xb400007c87e08300, 0x88, 0x40, 0x7c4f898b88, 0x7c4f898b84)
T6634 exit  recvfrom -> 14 (0xe) bytes=14: 02 0b 00 28 00 07 00 02 04 00 00 00 00 00
T2600 exit  sendto -> 88 (0x58)
T2584 enter recvfrom(0x65, 0x7c83417bd0, 0x14, 0, 0, 0)
T2584 exit  recvfrom -> 20 (0x14) bytes=20: 04 00 00 00 24 00 00 00 01 00 00 00 00 00 00 00 21 00 00 00
T2584 enter recvfrom(0x65, 0x7c83417bd0, 0x14, 0, 0, 0)
T2584 exit  recvfrom -> 20 (0x14) bytes=20: 04 00 00 00 00 00 00 00 00 00 00 00 00 00 00 00 00 00 00 00
T2584 enter close(0x65, 0x65, 0x14, 0, 0x14, 0)
T2584 exit  close -> 0 (0)
T2590 enter socket(0x2a, 0x80002, 0, 0x2, 0, 0)
T2590 exit  socket -> 101 (0x65)
T2590 enter sendto(0x65, 0x7c82e29b80, 0x14, 0, 0x7c82e29b70, 0xc) bytes=20: 0a 00 00 00 09 00 00 00 00 00 00 00 00 00 00 00 00 00 00 00 addr: bytes=12: 2a 00 00 00 01 00 00 00 fe ff ff ff
T2590 exit  sendto -> 20 (0x14)
T2590 enter recvfrom(0x65, 0x7c82e29bd0, 0x14, 0, 0, 0)
T2590 exit  recvfrom -> 20 (0x14) bytes=20: 04 00 00 00 09 00 00 00 02 00 00 00 00 00 00 00 45 00 00 00
T2590 enter recvfrom(0x65, 0x7c82e29bd0, 0x14, 0, 0, 0)
T2590 exit  recvfrom -> 20 (0x14) bytes=20: 04 00 00 00 00 00 00 00 00 00 00 00 00 00 00 00 00 00 00 00
T2590 enter close(0x65, 0x65, 0x14, 0, 0x14, 0)
T2590 exit  close -> 0 (0)
T2590 enter socket(0x2a, 0x80002, 0, 0x2, 0x7c82e29c6c, 0xb400007c87e0bd80)
T2590 exit  socket -> 101 (0x65)
T2590 enter sendto(0x65, 0x7c82e29b80, 0x14, 0, 0x7c82e29b70, 0xc) bytes=20: 0a 00 00 00 09 00 00 00 00 00 00 00 00 00 00 00 00 00 00 00 addr: bytes=12: 2a 00 00 00 01 00 00 00 fe ff ff ff
T2590 exit  sendto -> 20 (0x14)
T2590 enter recvfrom(0x65, 0x7c82e29bd0, 0x14, 0, 0, 0)
T2590 exit  recvfrom -> 20 (0x14) bytes=20: 04 00 00 00 09 00 00 00 02 00 00 00 00 00 00 00 45 00 00 00
T2590 enter recvfrom(0x65, 0x7c82e29bd0, 0x14, 0, 0, 0)
T2590 exit  recvfrom -> 20 (0x14) bytes=20: 04 00 00 00 00 00 00 00 00 00 00 00 00 00 00 00 00 00 00 00
T2590 enter close(0x65, 0x65, 0x14, 0, 0x14, 0)
T2590 exit  close -> 0 (0)
T2589 enter socket(0x2a, 0x80002, 0, 0x1, 0, 0)
T2589 exit  socket -> 101 (0x65)
T2589 enter sendto(0x65, 0x7c82f26b80, 0x14, 0, 0x7c82f26b70, 0xc) bytes=20: 0a 00 00 00 12 00 00 00 00 00 00 00 00 00 00 00 00 00 00 00 addr: bytes=12: 2a 00 00 00 01 00 00 00 fe ff ff ff
T2589 exit  sendto -> 20 (0x14)
T2589 enter recvfrom(0x65, 0x7c82f26bd0, 0x14, 0, 0, 0)
T2589 exit  recvfrom -> 20 (0x14) bytes=20: 04 00 00 00 12 00 00 00 01 00 00 00 00 00 00 00 64 00 00 00
T2589 enter recvfrom(0x65, 0x7c82f26bd0, 0x14, 0, 0, 0)
T2589 exit  recvfrom -> 20 (0x14) bytes=20: 04 00 00 00 00 00 00 00 00 00 00 00 00 00 00 00 00 00 00 00
T2589 enter close(0x65, 0x65, 0x14, 0, 0x14, 0)
T2589 exit  close -> 0 (0)
T2589 enter socket(0x2a, 0x80002, 0, 0x1, 0x7c82f26c6c, 0xb400007c87e0b380)
T2589 exit  socket -> 101 (0x65)
T2589 enter sendto(0x65, 0x7c82f26b80, 0x14, 0, 0x7c82f26b70, 0xc) bytes=20: 0a 00 00 00 12 00 00 00 00 00 00 00 00 00 00 00 00 00 00 00 addr: bytes=12: 2a 00 00 00 01 00 00 00 fe ff ff ff
T2589 exit  sendto -> 20 (0x14)
T2589 enter recvfrom(0x65, 0x7c82f26bd0, 0x14, 0, 0, 0)
T2589 exit  recvfrom -> 20 (0x14) bytes=20: 04 00 00 00 12 00 00 00 01 00 00 00 00 00 00 00 64 00 00 00
T2589 enter recvfrom(0x65, 0x7c82f26bd0, 0x14, 0, 0, 0)
T2589 exit  recvfrom -> 20 (0x14) bytes=20: 04 00 00 00 00 00 00 00 00 00 00 00 00 00 00 00 00 00 00 00
T2589 enter close(0x65, 0x65, 0x14, 0, 0x14, 0)
T2589 exit  close -> 0 (0)
T2582 enter socket(0x2a, 0x80002, 0, 0x7c96e4d030, 0x7c96e4d040, 0x200c)
T2582 exit  socket -> 101 (0x65)
T2581 enter socket(0x2a, 0x80002, 0, 0x1, 0x7c8370ec6c, 0xb400007c87ee9820)
T2581 exit  socket -> 105 (0x69)
T2581 enter sendto(0x69, 0x7c8370eb80, 0x14, 0, 0x7c8370eb70, 0xc) bytes=20: 0a 00 00 00 2a 00 00 00 00 00 00 00 00 00 00 00 00 00 00 00 addr: bytes=12: 2a 00 00 00 01 00 00 00 fe ff ff ff
attached new tid=6648
T2582 enter write(0x67, 0x7d3c3076c3, 0x1, 0x8, 0x7c4afb3d00, 0x7d35c1fd2c) bytes=1: 61
T2582 exit  write -> 1 (0x1)
T6648 enter read(0x66, 0x7c4afb3b94, 0x1, 0, 0, 0x4)
T6648 exit  read -> 1 (0x1) bytes=1: 61
T2581 exit  sendto -> 20 (0x14)
T2581 enter recvfrom(0x69, 0x7c8370ebd0, 0x14, 0, 0, 0)
T2581 exit  recvfrom -> 20 (0x14) bytes=20: 04 00 00 00 2a 00 00 00 01 00 00 00 00 00 00 00 56 00 00 00
T2581 enter recvfrom(0x69, 0x7c8370ebd0, 0x14, 0, 0, 0)
T2581 exit  recvfrom -> 20 (0x14) bytes=20: 04 00 00 00 00 00 00 00 00 00 00 00 00 00 00 00 00 00 00 00
T2581 enter close(0x69, 0x69, 0x14, 0, 0x14, 0)
T2581 exit  close -> 0 (0)
T2587 enter socket(0x2a, 0x80002, 0, 0x1, 0, 0)
T2587 exit  socket -> 105 (0x69)
T2587 enter sendto(0x69, 0x7c83120b80, 0x14, 0, 0x7c83120b70, 0xc) bytes=20: 0a 00 00 00 05 00 00 00 00 00 00 00 00 00 00 00 00 00 00 00 addr: bytes=12: 2a 00 00 00 01 00 00 00 fe ff ff ff
T2587 exit  sendto -> 20 (0x14)
T2587 enter recvfrom(0x69, 0x7c83120bd0, 0x14, 0, 0, 0)
T2587 exit  recvfrom -> 20 (0x14) bytes=20: 04 00 00 00 05 00 00 00 01 00 00 00 00 00 00 00 5a 00 00 00
T2587 enter recvfrom(0x69, 0x7c83120bd0, 0x14, 0, 0, 0)
T2587 exit  recvfrom -> 20 (0x14) bytes=20: 04 00 00 00 00 00 00 00 00 00 00 00 00 00 00 00 00 00 00 00
T2587 enter close(0x69, 0x69, 0x14, 0, 0x14, 0)
T2587 exit  close -> 0 (0)
T2587 enter socket(0x2a, 0x80002, 0, 0x1, 0x7c83120c6c, 0xb400007c87e0b300)
T2587 exit  socket -> 105 (0x69)
T2587 enter sendto(0x69, 0x7c83120b80, 0x14, 0, 0x7c83120b70, 0xc) bytes=20: 0a 00 00 00 05 00 00 00 00 00 00 00 00 00 00 00 00 00 00 00 addr: bytes=12: 2a 00 00 00 01 00 00 00 fe ff ff ff
T2587 exit  sendto -> 20 (0x14)
T2587 enter recvfrom(0x69, 0x7c83120bd0, 0x14, 0, 0, 0)
T2587 exit  recvfrom -> 20 (0x14) bytes=20: 04 00 00 00 05 00 00 00 01 00 00 00 00 00 00 00 5a 00 00 00
T2587 enter recvfrom(0x69, 0x7c83120bd0, 0x14, 0, 0, 0)
T2587 exit  recvfrom -> 20 (0x14) bytes=20: 04 00 00 00 00 00 00 00 00 00 00 00 00 00 00 00 00 00 00 00
T2587 enter close(0x69, 0x69, 0x14, 0, 0x14, 0)
T2587 exit  close -> 0 (0)
T2580 enter socket(0x2a, 0x80002, 0, 0x1, 0, 0)
T2580 exit  socket -> 105 (0x69)
T2587 enter sendto(0x54, 0xb400007c87e0c1f0, 0xb, 0x40, 0x7c83120b98, 0xc) bytes=11: 00 01 00 4c 00 04 00 01 01 00 00 addr: bytes=12: 2a 00 00 00 00 00 00 00 5a 00 00 00
T2587 exit  sendto -> 11 (0xb)
T6645 enter recvfrom(0x54, 0xb400007c87f66a40, 0xb560, 0x40, 0x7c4d4a4b88, 0x7c4d4a4b84)
T6645 exit  recvfrom -> 14 (0xe) bytes=14: 02 01 00 4c 00 07 00 02 04 00 00 00 00 00
T6645 enter recvfrom(0x54, 0xb400007c87f66a40, 0xb560, 0x40, 0x7c4d4a4b88, 0x7c4d4a4b84)
T6645 exit  recvfrom -> 27 (0x1b) bytes=27: 04 01 00 46 00 14 00 01 11 00 31 34 35 0d 2b 33 39 33 32 30 35 38 35 38 35 30 30
T2580 enter sendto(0x69, 0x7c8380bb80, 0x14, 0, 0x7c8380bb70, 0xc) bytes=20: 0a 00 00 00 01 00 00 00 00 00 00 00 00 00 00 00 00 00 00 00 addr: bytes=12: 2a 00 00 00 01 00 00 00 fe ff ff ff
T2580 exit  sendto -> 20 (0x14)
T2580 enter recvfrom(0x69, 0x7c8380bbd0, 0x14, 0, 0, 0)
T2580 exit  recvfrom -> 20 (0x14) bytes=20: 04 00 00 00 01 00 00 00 01 00 00 00 00 00 00 00 4a 00 00 00
T2580 enter recvfrom(0x69, 0x7c8380bbd0, 0x14, 0, 0, 0)
T2580 exit  recvfrom -> 20 (0x14) bytes=20: 04 00 00 00 00 00 00 00 00 00 00 00 00 00 00 00 00 00 00 00
T2580 enter close(0x69, 0x69, 0x14, 0, 0x14, 0)
T2580 exit  close -> 0 (0)
T2590 enter sendto(0x53, 0xb400007c96e05ea0, 0xb, 0x40, 0x7c82e29b98, 0xc) bytes=11: 00 01 00 44 00 04 00 01 01 00 00 addr: bytes=12: 2a 00 00 00 00 00 00 00 45 00 00 00
T2590 exit  sendto -> 11 (0xb)
T6646 enter recvfrom(0x53, 0xb400007c34fcd740, 0xa034, 0x40, 0x7c4b1adb88, 0x7c4b1adb84)
T6646 exit  recvfrom -> 14 (0xe) bytes=14: 02 01 00 44 00 07 00 02 04 00 00 00 00 00
T2589 enter sendto(0x3f, 0xb400007c87e0c270, 0xe, 0x40, 0x7c82f26b88, 0xc) bytes=14: 00 01 00 98 00 07 00 01 04 00 00 00 00 00 addr: bytes=12: 2a 00 00 00 00 00 00 00 64 00 00 00
T2589 exit  sendto -> 14 (0xe)
T6633 enter recvfrom(0x3f, 0xb400007c9580a800, 0x2014, 0x40, 0x7c51995b88, 0x7c51995b84)
T6633 exit  recvfrom -> 14 (0xe) bytes=14: 02 01 00 98 00 07 00 02 04 00 00 00 00 00
T2582 enter socket(0x2a, 0x80002, 0, 0x1, 0, 0)
T2582 exit  socket -> 105 (0x69)
T2582 enter sendto(0x69, 0x7c83611b80, 0x14, 0, 0x7c83611b70, 0xc) bytes=20: 0a 00 00 00 07 00 00 00 00 00 00 00 00 00 00 00 00 00 00 00 addr: bytes=12: 2a 00 00 00 01 00 00 00 fe ff ff ff
T2582 exit  sendto -> 20 (0x14)
T2582 enter recvfrom(0x69, 0x7c83611bd0, 0x14, 0, 0, 0)
T2584 enter sendto(0x47, 0xb400007c96f5e820, 0xb, 0x40, 0x7c83418208, 0xc) bytes=11: 00 01 00 20 00 04 00 11 01 00 01 addr: bytes=12: 2a 00 00 00 00 00 00 00 21 00 00 00
T2582 exit  recvfrom -> 20 (0x14) bytes=20: 04 00 00 00 07 00 00 00 01 00 00 00 00 00 00 00 61 00 00 00
T6644 enter recvfrom(0x47, 0xb400007c958b6fc0, 0x80a0, 0x40, 0x7c4d5a1b88, 0x7c4d5a1b84)
T2584 exit  sendto -> 11 (0xb)
T6644 exit  recvfrom -> 14 (0xe) bytes=14: 02 01 00 20 00 07 00 02 04 00 00 00 00 00
T2582 enter recvfrom(0x69, 0x7c83611bd0, 0x14, 0, 0, 0)
T2582 exit  recvfrom -> 20 (0x14) bytes=20: 04 00 00 00 00 00 00 00 00 00 00 00 00 00 00 00 00 00 00 00
T2582 enter close(0x69, 0x69, 0x14, 0, 0x14, 0)
T2582 exit  close -> 0 (0)
T2582 enter socket(0x2a, 0x80002, 0, 0x1, 0x7c83611c6c, 0xb400007c96f5e7e0)
T2582 exit  socket -> 105 (0x69)
T2582 enter sendto(0x69, 0x7c83611b80, 0x14, 0, 0x7c83611b70, 0xc) bytes=20: 0a 00 00 00 07 00 00 00 00 00 00 00 00 00 00 00 00 00 00 00 addr: bytes=12: 2a 00 00 00 01 00 00 00 fe ff ff ff
T2582 exit  sendto -> 20 (0x14)
T2582 enter recvfrom(0x69, 0x7c83611bd0, 0x14, 0, 0, 0)
T2581 enter sendto(0x49, 0xb400007c87e0c1d0, 0xe, 0x40, 0x7c8370eb68, 0xc) bytes=14: 00 01 00 27 00 07 00 01 04 00 01 00 00 00 addr: bytes=12: 2a 00 00 00 00 00 00 00 56 00 00 00
T2581 exit  sendto -> 14 (0xe)
T2582 exit  recvfrom -> 20 (0x14) bytes=20: 04 00 00 00 07 00 00 00 01 00 00 00 00 00 00 00 61 00 00 00
T6636 enter recvfrom(0x49, 0xb400007c87e96000, 0x1d10, 0x40, 0x7c4e69eb88, 0x7c4e69eb84)
T6636 exit  recvfrom -> 14 (0xe) bytes=14: 02 01 00 27 00 07 00 02 04 00 00 00 00 00
T2582 enter recvfrom(0x69, 0x7c83611bd0, 0x14, 0, 0, 0)
T2582 exit  recvfrom -> 20 (0x14) bytes=20: 04 00 00 00 00 00 00 00 00 00 00 00 00 00 00 00 00 00 00 00
T2582 enter close(0x69, 0x69, 0x14, 0, 0x14, 0)
T2582 exit  close -> 0 (0)
T2655 exit  socket -> 56 (0x38)
T2649 exit  socket -> 59 (0x3b)
T2580 enter socket(0x2a, 0x80002, 0, 0x1, 0x7c8380bc6c, 0xb400007c87ee9ca0)
T2649 enter sendto(0x3b, 0x77e820cef0, 0x14, 0, 0x77e820cee0, 0xc) bytes=20: 0a 00 00 00 2a 00 00 00 00 00 00 00 00 00 00 00 00 00 00 00 addr: bytes=12: 2a 00 00 00 01 00 00 00 fe ff ff ff
T2649 exit  sendto -> 20 (0x14)
attached new tid=6649
T2649 enter recvfrom(0x3b, 0x77e820cf40, 0x14, 0, 0, 0)
T2582 enter sendto(0x65, 0xb400007c95806030, 0xe, 0x40, 0x7c83611b68, 0xc) bytes=14: 00 01 00 27 00 07 00 01 04 00 01 00 00 00 addr: bytes=12: 2a 00 00 00 00 00 00 00 61 00 00 00
T2582 exit  sendto -> 14 (0xe)
T2580 exit  socket -> 105 (0x69)
T6648 enter recvfrom(0x65, 0xb400007c95887800, 0x2014, 0x40, 0x7c4afb3b88, 0x7c4afb3b84)
T6648 exit  recvfrom -> 14 (0xe) bytes=14: 02 01 00 27 00 07 00 02 04 00 00 00 00 00
T2655 enter write(0x3d, 0x787e6ad6c3, 0x1, 0, 0, 0) bytes=1: 61
T6649 enter read(0x3c, 0x77b9115b94, 0x1, 0, 0, 0x1)
T6649 exit  read -> 1 (0x1) bytes=1: 61
T2655 exit  write -> 1 (0x1)
T2649 exit  recvfrom -> 20 (0x14) bytes=20: 04 00 00 00 2a 00 00 00 01 00 00 00 00 00 00 00 56 00 00 00
T2649 enter recvfrom(0x3b, 0x77e820cf40, 0x14, 0, 0, 0)
T2649 exit  recvfrom -> 20 (0x14) bytes=20: 04 00 00 00 00 00 00 00 00 00 00 00 00 00 00 00 00 00 00 00
T2649 enter close(0x3b, 0x3b, 0x14, 0, 0x14, 0)
attached new tid=6650
T6650 enter openat(0xffffff9c, 0x7c4aeb6910, 0x80000, 0, 0x7d4384775c, 0x7c4aeb6660) path="/proc/1992/cmdline"
T6650 exit  openat -> 106 (0x6a)
T6650 enter read(0x6a, 0x7c4aeb68d0, 0x31, 0, 0x7d4384775c, 0x7c4aeb6660)
T6650 exit  read -> 24 (0x18) bytes=24: 2f 76 65 6e 64 6f 72 2f 62 69 6e 2f 68 77 2f 71 63 72 69 6c 4e 72 64 00
T6650 enter close(0x6a, 0x6a, 0x616d6d6f43007325, 0x65*************e, 0x10, 0)
T6650 exit  close -> 0 (0)
T2580 enter sendto(0x69, 0x7c8380bb80, 0x14, 0, 0x7c8380bb70, 0xc) bytes=20: 0a 00 00 00 01 00 00 00 00 00 00 00 00 00 00 00 00 00 00 00 addr: bytes=12: 2a 00 00 00 01 00 00 00 fe ff ff ff
T2580 exit  sendto -> 20 (0x14)
T6650 enter openat(0xffffff9c, 0xb400007c87e045c0, 0x80000, 0, 0x3e9, 0x3ba) path="/system/vendor/etc/data/dsi_config.xml"
T6650 exit  openat -> 106 (0x6a)
T6650 enter read(0x6a, 0xb400007c6679f500, 0xe25e, 0xffffffffffffffff, 0xffffffffffffffff, 0x1)
T6650 exit  read -> 57950 (0xe25e) bytes=160: 3c 3f 78 6d 6c 20 76 65 72 73 69 6f 6e 3d 22 31 2e 30 22 20 65 6e 63 6f 64 69 6e 67 3d 22 55 54 46 2d 38 22 3f 3e 0a 3c 21 2d 2d 0a 20 20 20 20 20 44 53 49 20 4d 6f 64 75 6c 65 20 63 6f 6e 66 69 67 75 72 61 74 69 6f 6e 20 58 4d 4c 20 66 69 6c 65 0a 20 20 20 20 20 43 6f 70 79 72 69 67 68 74 20 28 63 29 20 32 30 31 33 2c 20 32 30 31 35 2c 20 32 30 31 37 2d 32 30 32 31 20 51 75 61 6c 63 6f 6d 6d 20 54 65 63 68 6e 6f 6c 6f 67 69 65 73 2c 20 49 6e 63 2e 0a 20 20 20 20 20 41 6c 6c
T6650 enter close(0x6a, 0x6a, 0, 0xffffffffffffffff, 0xffffffffffffffff, 0x1)
T6650 exit  close -> 0 (0)
T2600 enter sendto(0x49, 0xb400007c87e151a0, 0x7, 0x40, 0x7c824473f8, 0xc) bytes=7: 00 02 00 4f 00 00 00 addr: bytes=12: 2a 00 00 00 00 00 00 00 56 00 00 00
T2600 exit  sendto -> 7 (0x7)
T6636 enter recvfrom(0x49, 0xb400007c87e96000, 0x1d10, 0x40, 0x7c4e69eb88, 0x7c4e69eb84)
T6636 exit  recvfrom -> 28 (0x1c) bytes=28: 02 02 00 4f 00 15 00 02 04 00 00 00 00 00 10 04 00 01 00 00 00 11 04 00 00 00 00 00
T2580 enter recvfrom(0x69, 0x7c8380bbd0, 0x14, 0, 0, 0)
T2580 exit  recvfrom -> 20 (0x14) bytes=20: 04 00 00 00 01 00 00 00 01 00 00 00 00 00 00 00 4a 00 00 00
T2580 enter recvfrom(0x69, 0x7c8380bbd0, 0x14, 0, 0, 0)
T2600 enter sendto(0x49, 0xb400007c96e55260, 0xb, 0x40, 0x7c82447408, 0xc) bytes=11: 00 03 00 38 00 04 00 18 01 00 01 addr: bytes=12: 2a 00 00 00 00 00 00 00 56 00 00 00
T2600 exit  sendto -> 11 (0xb)
T6636 enter recvfrom(0x49, 0xb400007c87e96000, 0x1d10, 0x40, 0x7c4e69eb88, 0x7c4e69eb84)
T6636 exit  recvfrom -> 14 (0xe) bytes=14: 02 03 00 38 00 07 00 02 04 00 00 00 00 00
T2580 exit  recvfrom -> 20 (0x14) bytes=20: 04 00 00 00 00 00 00 00 00 00 00 00 00 00 00 00 00 00 00 00
T2581 enter sendto(0x49, 0xb400007c87ee9820, 0x13, 0x40, 0x7c8370e918, 0xc) bytes=19: 00 04 00 69 00 0c 00 10 01 00 01 11 01 00 01 12 01 00 01 addr: bytes=12: 2a 00 00 00 00 00 00 00 56 00 00 00
T2580 enter close(0x69, 0x69, 0x14, 0, 0x14, 0)
T2581 exit  sendto -> 19 (0x13)
T2580 exit  close -> 0 (0)
T6636 enter recvfrom(0x49, 0xb400007c87e96000, 0x1d10, 0x40, 0x7c4e69eb88, 0x7c4e69eb84)
T6636 exit  recvfrom -> 14 (0xe) bytes=14: 02 04 00 69 00 07 00 02 04 00 00 00 00 00
T2579 enter socket(0x2a, 0x80002, 0, 0x7c959c9cb0, 0x7c959c9cc0, 0x8f23)
T2579 exit  socket -> 105 (0x69)
T2581 enter sendto(0x49, 0xb400007c96ecd7d8, 0x7, 0x40, 0x7c8370e878, 0xc) bytes=7: 00 05 00 68 00 00 00 addr: bytes=12: 2a 00 00 00 00 00 00 00 56 00 00 00
T2581 exit  sendto -> 7 (0x7)
T6636 enter recvfrom(0x49, 0xb400007c87e96000, 0x1d10, 0x40, 0x7c4e69eb88, 0x7c4e69eb84)
T6636 exit  recvfrom -> 209 (0xd1) bytes=160: 02 05 00 68 00 ca 00 02 04 00 00 00 00 00 10 18 00 00 00 00 00 00 00 00 00 00 00 00 00 00 00 00 00 00 00 00 00 00 00 00 00 11 9a 00 04 00 01 00 00 00 00 00 00 00 00 00 00 00 00 00 00 00 00 00 00 00 00 00 00 00 00 00 00 00 00 00 00 00 00 03 69 6d 73 02 00 00 00 00 00 00 00 00 00 00 00 00 00 00 00 00 00 00 00 00 00 00 00 00 00 00 00 00 00 00 00 00 0b 69 6e 74 65 72 6e 65 74 2e 69 74 31 00 00 00 00 00 00 00 00 00 00 00 00 00 00 00 00 00 00 00 00 00 00 00 00 00 00 00 00 00 00 00
T2580 enter sendto(0x62, 0xb400007c87e0c360, 0xe, 0x40, 0x7c8380bb68, 0xc) bytes=14: 00 01 00 af 00 07 00 01 04 00 01 00 00 00 addr: bytes=12: 2a 00 00 00 00 00 00 00 4a 00 00 00
T2580 exit  sendto -> 14 (0xe)
T6647 enter recvfrom(0x62, 0xb400007c87fa1440, 0xa51c, 0x40, 0x7c4b0b0b88, 0x7c4b0b0b84)
T6647 exit  recvfrom -> 14 (0xe) bytes=14: 02 01 00 af 00 07 00 02 04 00 00 00 00 00
T2600 enter sendto(0x49, 0xb400007c96ecd750, 0x7, 0x40, 0x7c824473e8, 0xc) bytes=7: 00 06 00 4f 00 00 00 addr: bytes=12: 2a 00 00 00 00 00 00 00 56 00 00 00
T2600 exit  sendto -> 7 (0x7)
T6636 enter recvfrom(0x49, 0xb400007c87e96000, 0x1d10, 0x40, 0x7c4e69eb88, 0x7c4e69eb84)
T6636 exit  recvfrom -> 28 (0x1c) bytes=28: 02 06 00 4f 00 15 00 02 04 00 00 00 00 00 10 04 00 01 00 00 00 11 04 00 00 00 00 00
T2600 enter sendto(0x49, 0xb400007c96e55260, 0xb, 0x40, 0x7c824473f8, 0xc) bytes=11: 00 07 00 38 00 04 00 18 01 00 01 addr: bytes=12: 2a 00 00 00 00 00 00 00 56 00 00 00
T6636 enter recvfrom(0x49, 0xb400007c87e96000, 0x1d10, 0x40, 0x7c4e69eb88, 0x7c4e69eb84)
attached new tid=6651
T6636 exit  recvfrom -> 14 (0xe) bytes=14: 02 07 00 38 00 07 00 02 04 00 00 00 00 00
T2600 exit  sendto -> 11 (0xb)
T6651 enter socket(0x1, 0x80001, 0, 0x7c4aac2714, 0x1388, 0x1)
T6651 exit  socket -> 108 (0x6c)
T6651 enter connect(0x6c, 0x7c4aac2610, 0x2a, 0x86ef43ba, 0xffffffffffffff, 0x80c4)
T6651 exit  connect -> 0 (0)
T6651 enter sendto(0x6c, 0xb400007c87e156b0, 0x8, 0x4040, 0, 0) bytes=8: 08 00 00 10 0d 00 00 00
T6651 exit  sendto -> 8 (0x8)
T6651 enter recvfrom(0x6c, 0xb400007c666f21c0, 0x800, 0, 0, 0)
T6651 exit  recvfrom -> 8 (0x8) bytes=8: 08 00 00 10 0e 00 00 00
T6651 enter close(0x6c, 0x6c, 0x20**************, 0x30**************, 0x10, 0)
T6651 exit  close -> 0 (0)
T2600 enter sendto(0x65, 0xb400007c958070e0, 0xb, 0x40, 0x7c82447368, 0xc) bytes=11: 00 02 00 03 00 04 00 13 01 00 01 addr: bytes=12: 2a 00 00 00 00 00 00 00 61 00 00 00
attached new tid=6652
T2600 exit  sendto -> 11 (0xb)
T2649 exit  close -> 0 (0)
T1992 enter ioctl(0xe, 0xc0306201, 0x7fe59a8ab8, 0x7c84b08060, 0, 0xb400007c96ed8500) ioctl_req=0xc0306201
T6648 enter recvfrom(0x65, 0xb400007c95887800, 0x2014, 0x40, 0x7c4afb3b88, 0x7c4afb3b84)
T6648 exit  recvfrom -> 14 (0xe) bytes=14: 02 02 00 03 00 07 00 02 04 00 00 00 00 00
T2579 enter write(0x6b, 0x7d3c3076c3, 0x1, 0, 0, 0) bytes=1: 61
T2579 exit  write -> 1 (0x1)
T6652 enter read(0x6a, 0x7c4acbcb94, 0x1, 0, 0, 0x1)
T6652 exit  read -> 1 (0x1) bytes=1: 61
T2579 enter socket(0x2a, 0x80002, 0, 0x1, 0, 0)
T2579 exit  socket -> 108 (0x6c)
T2579 enter sendto(0x6c, 0x7c83908b80, 0x14, 0, 0x7c83908b70, 0xc) bytes=20: 0a 00 00 00 03 00 00 00 00 00 00 00 00 00 00 00 00 00 00 00 addr: bytes=12: 2a 00 00 00 01 00 00 00 fe ff ff ff
T2600 enter sendto(0x49, 0xb400007c95806320, 0xb, 0x40, 0x7c824473c8, 0xc) bytes=11: 00 08 00 78 00 04 00 10 01 00 01 addr: bytes=12: 2a 00 00 00 00 00 00 00 56 00 00 00
T2600 exit  sendto -> 11 (0xb)
T6636 enter recvfrom(0x49, 0xb400007c87e96000, 0x1d10, 0x40, 0x7c4e69eb88, 0x7c4e69eb84)
T6636 exit  recvfrom -> 14 (0xe) bytes=14: 02 08 00 78 00 07 00 02 04 00 01 00 5e 00
T2581 enter sendto(0x49, 0xb400007c87ee9820, 0x15, 0x40, 0x7c8370f158, 0xc) bytes=21: 00 09 00 65 00 0e 00 11 04 00 02 00 00 00 12 04 00 02 00 00 00 addr: bytes=12: 2a 00 00 00 00 00 00 00 56 00 00 00
T6636 enter recvfrom(0x49, 0xb400007c87e96000, 0x1d10, 0x40, 0x7c4e69eb88, 0x7c4e69eb84)
T6636 exit  recvfrom -> 28 (0x1c) bytes=28: 02 09 00 65 00 15 00 02 04 00 00 00 00 00 11 04 00 02 00 00 00 12 04 00 02 00 00 00
T2581 exit  sendto -> 21 (0x15)
T2600 enter sendto(0x49, 0xb400007c958070e0, 0xb, 0x40, 0x7c824470c8, 0xc) bytes=11: 00 0a 00 25 00 04 00 13 01 00 01 addr: bytes=12: 2a 00 00 00 00 00 00 00 56 00 00 00
T6636 enter recvfrom(0x49, 0xb400007c87e96000, 0x1d10, 0x40, 0x7c4e69eb88, 0x7c4e69eb84)
T2600 exit  sendto -> 11 (0xb)
T6636 exit  recvfrom -> 14 (0xe) bytes=14: 02 0a 00 25 00 07 00 02 04 00 00 00 00 00
T2600 enter sendto(0x62, 0xb400007c96ecc400, 0xb, 0x40, 0x7c824472c8, 0xc) bytes=11: 00 02 00 03 00 04 00 26 01 00 01 addr: bytes=12: 2a 00 00 00 00 00 00 00 4a 00 00 00
T6647 enter recvfrom(0x62, 0xb400007c87fa1440, 0xa51c, 0x40, 0x7c4b0b0b88, 0x7c4b0b0b84)
T2600 exit  sendto -> 11 (0xb)
T6647 exit  recvfrom -> 14 (0xe) bytes=14: 02 02 00 03 00 07 00 02 04 00 00 00 00 00
T2600 enter sendto(0x49, 0xb400007c96e55260, 0xb, 0x40, 0x7c82447038, 0xc) bytes=11: 00 0c 00 38 00 04 00 15 01 00 01 addr: bytes=12: 2a 00 00 00 00 00 00 00 56 00 00 00
T2600 exit  sendto -> 11 (0xb)
T6636 enter recvfrom(0x49, 0xb400007c87e96000, 0x1d10, 0x40, 0x7c4e69eb88, 0x7c4e69eb84)
T6636 exit  recvfrom -> 14 (0xe) bytes=14: 02 0c 00 38 00 07 00 02 04 00 00 00 00 00
T2600 enter sendto(0x49, 0xb400007c87e15750, 0x7, 0x40, 0x7c82447038, 0xc) bytes=7: 00 0d 00 47 00 00 00 addr: bytes=12: 2a 00 00 00 00 00 00 00 56 00 00 00
T6636 enter recvfrom(0x49, 0xb400007c87e96000, 0x1d10, 0x40, 0x7c4e69eb88, 0x7c4e69eb84)
T2600 exit  sendto -> 7 (0x7)
T6636 exit  recvfrom -> 14 (0xe) bytes=14: 02 0d 00 47 00 07 00 02 04 00 01 00 4a 00
T2579 exit  sendto -> 20 (0x14)
T2579 enter recvfrom(0x6c, 0x7c83908bd0, 0x14, 0, 0, 0)
T1992 exit  ioctl -> 0 (0)
T2579 exit  recvfrom -> 20 (0x14) bytes=20: 04 00 00 00 03 00 00 00 01 00 00 00 00 00 00 00 46 00 00 00
T2581 enter sendto(0x49, 0xb400007c96ecd6a0, 0x7, 0x40, 0x7c8370f178, 0xc) bytes=7: 00 0b 00 6d 00 00 00 addr: bytes=12: 2a 00 00 00 00 00 00 00 56 00 00 00
T2581 exit  sendto -> 7 (0x7)
T6636 enter recvfrom(0x49, 0xb400007c87e96000, 0x1d10, 0x40, 0x7c4e69eb88, 0x7c4e69eb84)
T6636 exit  recvfrom -> 19 (0x13) bytes=19: 02 0b 00 6d 00 0c 00 02 04 00 00 00 00 00 10 02 00 01 00
T6636 enter recvfrom(0x49, 0xb400007c87e96000, 0x1d10, 0x40, 0x7c4e69eb88, 0x7c4e69eb84)
T6636 exit  recvfrom -> 146 (0x92) bytes=146: 04 01 00 6d 00 8b 00 01 04 00 01 00 01 00 10 11 00 01 00 00 00 00 00 00 00 00 00 00 00 00 00 00 00 00 11 01 00 00 12 08 00 02 00 00 00 00 00 00 00 13 5e 00 04 00 01 00 00 00 00 00 00 00 00 00 00 00 00 00 00 00 00 00 03 69 6d 73 01 00 00 00 00 00 00 00 00 00 00 00 00 00 00 00 00 00 0b 69 6e 74 65 72 6e 65 74 2e 69 74 01 00 00 00 00 00 00 00 00 00 00 00 00 00 00 00 00 00 03 73 6f 73 01 00 00 00 00 00 00 00 00 00 00 00 00 00 00 00 00 00
T2600 enter sendto(0x62, 0xb400007c96ecc400, 0xb, 0x40, 0x7c824472d8, 0xc) bytes=11: 00 03 00 03 00 04 00 33 01 00 01 addr: bytes=12: 2a 00 00 00 00 00 00 00 4a 00 00 00
T2600 exit  sendto -> 11 (0xb)
T6647 enter recvfrom(0x62, 0xb400007c87fa1440, 0xa51c, 0x40, 0x7c4b0b0b88, 0x7c4b0b0b84)
T6647 exit  recvfrom -> 14 (0xe) bytes=14: 02 03 00 03 00 07 00 02 04 00 00 00 00 00
T6647 enter recvfrom(0x62, 0xb400007c87fa1440, 0xa51c, 0x40, 0x7c4b0b0b88, 0x7c4b0b0b84)
T6647 exit  recvfrom -> 26 (0x1a) bytes=26: 04 01 00 03 01 13 00 01 03 00 00 00 00 02 04 00 00 00 00 00 10 03 00 00 00 00
T2581 enter sendto(0x49, 0xb400007c87ee95e0, 0xe, 0x40, 0x7c8370f158, 0xc) bytes=14: 00 0e 00 65 00 07 00 11 04 00 02 00 00 00 addr: bytes=12: 2a 00 00 00 00 00 00 00 56 00 00 00
T2581 exit  sendto -> 14 (0xe)
T6636 enter recvfrom(0x49, 0xb400007c87e96000, 0x1d10, 0x40, 0x7c4e69eb88, 0x7c4e69eb84)
T6636 exit  recvfrom -> 21 (0x15) bytes=21: 02 0e 00 65 00 0e 00 02 04 00 00 00 00 00 11 04 00 02 00 00 00
T2579 enter recvfrom(0x6c, 0x7c83908bd0, 0x14, 0, 0, 0)
T2579 exit  recvfrom -> 20 (0x14) bytes=20: 04 00 00 00 00 00 00 00 00 00 00 00 00 00 00 00 00 00 00 00
T2579 enter close(0x6c, 0x6c, 0x14, 0, 0x14, 0)
T2600 enter sendto(0x62, 0xb400007c96ecc400, 0xb, 0x40, 0x7c82446ef8, 0xc) bytes=11: 00 04 00 03 00 04 00 27 01 00 01 addr: bytes=12: 2a 00 00 00 00 00 00 00 4a 00 00 00
T2579 exit  close -> 0 (0)
T2600 exit  sendto -> 11 (0xb)
T6647 enter recvfrom(0x62, 0xb400007c87fa1440, 0xa51c, 0x40, 0x7c4b0b0b88, 0x7c4b0b0b84)
T2579 enter socket(0x2a, 0x80002, 0, 0x1, 0x7c83908c6c, 0xb400007c87e0b120)
T6647 exit  recvfrom -> 14 (0xe) bytes=14: 02 04 00 03 00 07 00 02 04 00 00 00 00 00
T2579 exit  socket -> 108 (0x6c)
T2579 enter sendto(0x6c, 0x7c83908b80, 0x14, 0, 0x7c83908b70, 0xc) bytes=20: 0a 00 00 00 03 00 00 00 00 00 00 00 00 00 00 00 00 00 00 00 addr: bytes=12: 2a 00 00 00 01 00 00 00 fe ff ff ff
T2579 exit  sendto -> 20 (0x14)
T2579 enter recvfrom(0x6c, 0x7c83908bd0, 0x14, 0, 0, 0)
T2579 exit  recvfrom -> 20 (0x14) bytes=20: 04 00 00 00 03 00 00 00 01 00 00 00 00 00 00 00 46 00 00 00
T2600 enter sendto(0x49, 0xb400007c958074e0, 0xe, 0x40, 0x7c824470b8, 0xc) bytes=14: 00 0f 00 65 00 07 00 10 04 00 01 00 00 00 addr: bytes=12: 2a 00 00 00 00 00 00 00 56 00 00 00
T2600 exit  sendto -> 14 (0xe)
T2579 enter recvfrom(0x6c, 0x7c83908bd0, 0x14, 0, 0, 0)
T6636 enter recvfrom(0x49, 0xb400007c87e96000, 0x1d10, 0x40, 0x7c4e69eb88, 0x7c4e69eb84)
T6636 exit  recvfrom -> 14 (0xe) bytes=14: 02 0f 00 65 00 07 00 02 04 00 00 00 00 00
T2580 enter sendto(0x62, 0xb400007c87ee9cc0, 0xe, 0x40, 0x7c8380c158, 0xc) bytes=14: 00 05 00 00 01 07 00 10 04 00 02 00 00 00 addr: bytes=12: 2a 00 00 00 00 00 00 00 4a 00 00 00
T2580 exit  sendto -> 14 (0xe)
T2579 exit  recvfrom -> 20 (0x14) bytes=20: 04 00 00 00 00 00 00 00 00 00 00 00 00 00 00 00 00 00 00 00
T6647 enter recvfrom(0x62, 0xb400007c87fa1440, 0xa51c, 0x40, 0x7c4b0b0b88, 0x7c4b0b0b84)
T6647 exit  recvfrom -> 21 (0x15) bytes=21: 02 05 00 00 01 0e 00 02 04 00 00 00 00 00 10 04 00 02 00 00 00
T2600 enter sendto(0x30, 0xb400007c95806320, 0xe, 0x40, 0x7c82447ce8, 0xc) bytes=14: 00 02 00 2b 00 07 00 10 04 00 00 00 00 00 addr: bytes=12: 2a 00 00 00 00 00 00 00 5e 00 00 00
T2600 exit  sendto -> 14 (0xe)
T2579 enter close(0x6c, 0x6c, 0x14, 0, 0x14, 0)
T6582 enter recvfrom(0x30, 0xb400007c9595b000, 0x1130, 0x40, 0x7c54d89b88, 0x7c54d89b84)
T6582 exit  recvfrom -> 14 (0xe) bytes=14: 02 02 00 2b 00 07 00 02 04 00 00 00 00 00
T2579 exit  close -> 0 (0)
T2600 enter sendto(0x49, 0xb400007c96e55260, 0x1b, 0x40, 0x7c824470b8, 0xc) bytes=27: 00 10 00 38 00 14 00 1e 01 00 01 1f 01 00 01 22 01 00 01 23 01 00 01 24 01 00 01 addr: bytes=12: 2a 00 00 00 00 00 00 00 56 00 00 00
T2600 exit  sendto -> 27 (0x1b)
T6636 enter recvfrom(0x49, 0xb400007c87e96000, 0x1d10, 0x40, 0x7c4e69eb88, 0x7c4e69eb84)
T6636 exit  recvfrom -> 14 (0xe) bytes=14: 02 10 00 38 00 07 00 02 04 00 00 00 00 00
T2579 enter sendto(0x69, 0xb400007c87e0c3e0, 0xb, 0x40, 0x7c83908b98, 0xc) bytes=11: 00 01 00 45 00 04 00 01 01 00 00 addr: bytes=12: 2a 00 00 00 00 00 00 00 46 00 00 00
T2579 exit  sendto -> 11 (0xb)
T6652 enter recvfrom(0x69, 0xb400007c666f2500, 0x8f2c, 0x40, 0x7c4acbcb88, 0x7c4acbcb84)
T6652 exit  recvfrom -> 14 (0xe) bytes=14: 02 01 00 45 00 07 00 02 04 00 00 00 00 00
T2759 enter socket(0x2a, 0x80002, 0, 0x1, 0, 0)
T2759 exit  socket -> 59 (0x3b)
T2759 enter sendto(0x3b, 0x77c4cf0ff0, 0x14, 0, 0x77c4cf0fe0, 0xc) bytes=20: 0a 00 00 00 0b 00 00 00 00 00 00 00 00 00 00 00 00 00 00 00 addr: bytes=12: 2a 00 00 00 01 00 00 00 fe ff ff ff
T2659 enter recvfrom(0xa, 0x77e782bb70, 0x14, 0x40, 0, 0)
T2759 exit  sendto -> 20 (0x14)
T2759 enter recvfrom(0x3b, 0x77c4cf1040, 0x14, 0, 0, 0)
T2759 exit  recvfrom -> 20 (0x14) bytes=20: 04 00 00 00 0b 00 00 00 01 00 00 00 00 00 00 00 49 00 00 00
T2759 enter recvfrom(0x3b, 0x77c4cf1040, 0x14, 0, 0, 0)
T2759 exit  recvfrom -> 20 (0x14) bytes=20: 04 00 00 00 00 00 00 00 00 00 00 00 00 00 00 00 00 00 00 00
T2759 enter close(0x3b, 0x3b, 0x14, 0, 0x14, 0)
T2659 exit  recvfrom -> 20 (0x14) bytes=20: 04 00 00 00 47 00 00 00 01 00 00 00 00 00 00 00 6b 00 00 00
T2759 exit  close -> 0 (0)
T2759 enter socket(0x2a, 0x80002, 0, 0x1, 0x77c4cf10dc, 0xb4000077edf10560)
T2759 exit  socket -> 59 (0x3b)
T2759 enter sendto(0x3b, 0x77c4cf0ff0, 0x14, 0, 0x77c4cf0fe0, 0xc) bytes=20: 0a 00 00 00 0b 00 00 00 00 00 00 00 00 00 00 00 00 00 00 00 addr: bytes=12: 2a 00 00 00 01 00 00 00 fe ff ff ff
T2759 exit  sendto -> 20 (0x14)
T2759 enter recvfrom(0x3b, 0x77c4cf1040, 0x14, 0, 0, 0)
T2759 exit  recvfrom -> 20 (0x14) bytes=20: 04 00 00 00 0b 00 00 00 01 00 00 00 00 00 00 00 49 00 00 00
T2759 enter recvfrom(0x3b, 0x77c4cf1040, 0x14, 0, 0, 0)
T2759 exit  recvfrom -> 20 (0x14) bytes=20: 04 00 00 00 00 00 00 00 00 00 00 00 00 00 00 00 00 00 00 00
T2759 enter close(0x3b, 0x3b, 0x14, 0, 0x14, 0)
T2759 exit  close -> 0 (0)
T2674 enter socket(0x2a, 0x80002, 0, 0x1, 0, 0)
T2674 exit  socket -> 59 (0x3b)
T2674 enter sendto(0x3b, 0x77d265c8b0, 0x14, 0, 0x77d265c8a0, 0xc) bytes=20: 0a 00 00 00 01 00 00 00 00 00 00 00 00 00 00 00 00 00 00 00 addr: bytes=12: 2a 00 00 00 01 00 00 00 fe ff ff ff
T2674 exit  sendto -> 20 (0x14)
T2674 enter recvfrom(0x3b, 0x77d265c900, 0x14, 0, 0, 0)
T2674 exit  recvfrom -> 20 (0x14) bytes=20: 04 00 00 00 01 00 00 00 01 00 00 00 00 00 00 00 4a 00 00 00
T2674 enter recvfrom(0x3b, 0x77d265c900, 0x14, 0, 0, 0)
T2674 exit  recvfrom -> 20 (0x14) bytes=20: 04 00 00 00 00 00 00 00 00 00 00 00 00 00 00 00 00 00 00 00
T2674 enter close(0x3b, 0x3b, 0x14, 0, 0x14, 0)
T2674 exit  close -> 0 (0)
T2674 enter socket(0x2a, 0x80002, 0, 0x1, 0x77d265c99c, 0xb4000077ede0bd80)
T2674 exit  socket -> 59 (0x3b)
T2674 enter sendto(0x3b, 0x77d265c8b0, 0x14, 0, 0x77d265c8a0, 0xc) bytes=20: 0a 00 00 00 01 00 00 00 00 00 00 00 00 00 00 00 00 00 00 00 addr: bytes=12: 2a 00 00 00 01 00 00 00 fe ff ff ff
T2674 exit  sendto -> 20 (0x14)
T2674 enter recvfrom(0x3b, 0x77d265c900, 0x14, 0, 0, 0)
T2674 exit  recvfrom -> 20 (0x14) bytes=20: 04 00 00 00 01 00 00 00 01 00 00 00 00 00 00 00 4a 00 00 00
T2674 enter recvfrom(0x3b, 0x77d265c900, 0x14, 0, 0, 0)
T2674 exit  recvfrom -> 20 (0x14) bytes=20: 04 00 00 00 00 00 00 00 00 00 00 00 00 00 00 00 00 00 00 00
T2674 enter close(0x3b, 0x3b, 0x14, 0, 0x14, 0)
T2674 exit  close -> 0 (0)
T2674 enter sendto(0x2b, 0xb4000077ede0c1a0, 0xe, 0x40, 0x77d265be98, 0xc) bytes=14: 00 01 00 af 00 07 00 01 04 00 02 00 00 00 addr: bytes=12: 2a 00 00 00 00 00 00 00 4a 00 00 00
T2674 exit  sendto -> 14 (0xe)
T6640 enter recvfrom(0x2b, 0xb4000077c4e92b80, 0xa51c, 0x40, 0x77bc606b88, 0x77bc606b84)
T6640 exit  recvfrom -> 14 (0xe) bytes=14: 02 01 00 af 00 07 00 02 04 00 00 00 00 00
T2674 enter sendto(0x2b, 0xb4000077edeca200, 0xb, 0x40, 0x77d265be98, 0xc) bytes=11: 00 02 00 03 00 04 00 19 01 00 01 addr: bytes=12: 2a 00 00 00 00 00 00 00 4a 00 00 00
T2674 exit  sendto -> 11 (0xb)
T6640 enter recvfrom(0x2b, 0xb4000077c4e92b80, 0xa51c, 0x40, 0x77bc606b88, 0x77bc606b84)
T6640 exit  recvfrom -> 14 (0xe) bytes=14: 02 02 00 03 00 07 00 02 04 00 00 00 00 00
T2674 enter sendto(0x2b, 0xb4000077ede3be00, 0x11, 0x40, 0x77d265be98, 0xc) bytes=17: 00 03 00 a7 00 0a 00 10 03 00 01 ff ff 11 01 00 01 addr: bytes=12: 2a 00 00 00 00 00 00 00 4a 00 00 00
T2674 exit  sendto -> 17 (0x11)
T6640 enter recvfrom(0x2b, 0xb4000077c4e92b80, 0xa51c, 0x40, 0x77bc606b88, 0x77bc606b84)
T6640 exit  recvfrom -> 14 (0xe) bytes=14: 02 03 00 a7 00 07 00 02 04 00 00 00 00 00
T6640 enter recvfrom(0x2b, 0xb4000077c4e92b80, 0xa51c, 0x40, 0x77bc606b88, 0x77bc606b84)
T6640 exit  recvfrom -> 13 (0xd) bytes=13: 04 01 00 a8 00 06 00 10 03 00 ff ff 05
T6640 enter write(0x16, 0x77bc606a98, 0x8, 0x5ff, 0, 0) bytes=8: 01 00 00 00 00 00 00 00
T6640 exit  write -> 8 (0x8)
T2674 enter read(0x16, 0x77d265cab0, 0x8, 0x6, 0x38, 0)
T2674 exit  read -> 8 (0x8) bytes=8: 01 00 00 00 00 00 00 00
T2674 enter read(0x16, 0x77d265cab0, 0x8, 0x6, 0x38, 0)
T2674 exit  read -> -11 (0xfffffffffffffff5)
T2675 enter socket(0x2a, 0x80002, 0, 0x1, 0x77d255ef8c, 0x77d255f230)
T2675 exit  socket -> 59 (0x3b)
T2675 enter sendto(0x3b, 0x77d255eea0, 0x14, 0, 0x77d255ee90, 0xc) bytes=20: 0a 00 00 00 47 00 00 00 00 00 00 00 00 00 00 00 00 00 00 00 addr: bytes=12: 2a 00 00 00 01 00 00 00 fe ff ff ff
T2675 exit  sendto -> 20 (0x14)
T2675 enter recvfrom(0x3b, 0x77d255eef0, 0x14, 0, 0, 0)
T2674 enter sendto(0x2b, 0xb4000077ede24e00, 0xb, 0x40, 0x77d2658db8, 0xc) bytes=11: 00 04 00 2a 00 04 00 10 01 00 00 addr: bytes=12: 2a 00 00 00 00 00 00 00 4a 00 00 00
T2675 exit  recvfrom -> 20 (0x14) bytes=20: 04 00 00 00 47 00 00 00 01 00 00 00 00 00 00 00 6b 00 00 00
T2674 exit  sendto -> 11 (0xb)
T2675 enter recvfrom(0x3b, 0x77d255eef0, 0x14, 0, 0, 0)
T2675 exit  recvfrom -> 20 (0x14) bytes=20: 04 00 00 00 00 00 00 00 00 00 00 00 00 00 00 00 00 00 00 00
T2675 enter close(0x3b, 0x3b, 0x14, 0, 0x14, 0)
T6640 enter recvfrom(0x2b, 0xb4000077c4e92b80, 0xa51c, 0x40, 0x77bc606b88, 0x77bc606b84)
T2675 exit  close -> 0 (0)
T6640 exit  recvfrom -> 43 (0x2b) bytes=43: 02 04 00 2a 00 24 00 02 04 00 00 00 00 00 01 1a 00 03 00 01 08 70 72 6f 66 69 6c 65 31 00 02 08 70 72 6f 66 69 6c 65 32 00 03 00
T2675 enter socket(0x2a, 0x80002, 0, 0x7895f95ad0, 0x7895f95ae0, 0x167e)
T2675 exit  socket -> 59 (0x3b)
T2674 enter sendto(0x2b, 0xb4000077ede0c1a0, 0xc, 0x40, 0x77d2658098, 0xc) bytes=12: 00 05 00 2b 00 05 00 01 02 00 00 01 addr: bytes=12: 2a 00 00 00 00 00 00 00 4a 00 00 00
attached new tid=6658
T2674 exit  sendto -> 12 (0xc)
T6640 enter recvfrom(0x2b, 0xb4000077c4e92b80, 0xa51c, 0x40, 0x77bc606b88, 0x77bc606b84)
T6640 exit  recvfrom -> 354 (0x162) bytes=160: 02 05 00 2b 00 5b 01 02 04 00 00 00 00 00 8f 01 00 01 df 01 00 00 de 01 00 00 dd 08 00 00 01 00 00 00 00 00 00 4f 02 00 00 00 4e 01 00 00 4d 01 00 00 4c 01 00 00 4b 07 00 00 00 00 00 00 00 00 4a 00 00 48 01 00 00 47 14 00 00 00 00 00 00 00 00 00 00 00 00 00 00 00 00 00 00 00 00 00 46 04 00 ff 00 00 00 45 28 00 00 00 00 00 00 00 00 00 00 00 00 00 00 00 00 00 00 00 00 00 00 00 00 00 00 00 00 00 00 00 00 00 00 00 00 00 00 00 00 00 44 01 00 01 43 01 00 01 42 04 00 ff 00 00 00 41
T2675 enter write(0x3f, 0x787e6ad6c3, 0x1, 0, 0, 0) bytes=1: 61
T2675 exit  write -> 1 (0x1)
T6658 enter read(0x3e, 0x77b9018b94, 0x1, 0, 0, 0x4)
T2674 enter sendto(0x2b, 0xb4000077ede0c1a0, 0xc, 0x40, 0x77d2658098, 0xc) bytes=12: 00 06 00 2b 00 05 00 01 02 00 00 02 addr: bytes=12: 2a 00 00 00 00 00 00 00 4a 00 00 00
T6658 exit  read -> 1 (0x1) bytes=1: 61
T2674 exit  sendto -> 12 (0xc)
T6640 enter recvfrom(0x2b, 0xb4000077c4e92b80, 0xa51c, 0x40, 0x77bc606b88, 0x77bc606b84)
T6640 exit  recvfrom -> 357 (0x165) bytes=160: 02 06 00 2b 00 5e 01 02 04 00 00 00 00 00 8f 01 00 01 df 01 00 00 de 01 00 00 dd 08 00 02 00 00 00 00 00 00 00 4f 02 00 00 00 4e 01 00 00 4d 01 00 00 4c 01 00 00 4b 07 00 00 00 00 00 00 00 00 4a 00 00 48 01 00 00 47 14 00 00 00 00 00 00 00 00 00 00 00 00 00 00 00 00 00 00 00 00 00 46 04 00 ff 00 00 00 45 28 00 00 00 00 00 00 00 00 00 00 00 00 00 00 00 00 00 00 00 00 00 00 00 00 00 00 00 00 00 00 00 00 00 00 00 00 00 00 00 00 00 44 01 00 01 43 01 00 01 42 04 00 ff 00 00 00 41
T2674 enter sendto(0x2b, 0xb4000077ede0c1a0, 0xc, 0x40, 0x77d2658098, 0xc) bytes=12: 00 07 00 2b 00 05 00 01 02 00 00 03 addr: bytes=12: 2a 00 00 00 00 00 00 00 4a 00 00 00
T2674 exit  sendto -> 12 (0xc)
T6640 enter recvfrom(0x2b, 0xb4000077c4e92b80, 0xa51c, 0x40, 0x77bc606b88, 0x77bc606b84)
T6640 exit  recvfrom -> 330 (0x14a) bytes=160: 02 07 00 2b 00 43 01 02 04 00 00 00 00 00 8f 01 00 01 df 01 00 00 de 01 00 00 dd 08 00 00 02 00 00 00 00 00 00 4f 02 00 00 00 4e 01 00 00 4d 01 00 00 4c 01 00 00 4b 07 00 00 00 00 00 00 00 00 4a 00 00 48 01 00 00 47 14 00 00 00 00 00 00 00 00 00 00 00 00 00 00 00 00 00 00 00 00 00 46 04 00 ff 00 00 00 45 28 00 00 00 00 00 00 00 00 00 00 00 00 00 00 00 00 00 00 00 00 00 00 00 00 00 00 00 00 00 00 00 00 00 00 00 00 00 00 00 00 00 44 01 00 01 43 01 00 01 42 04 00 ff 00 00 00 41
T2674 enter sendto(0x2b, 0xb4000077ede24e00, 0xb, 0x40, 0x77d2658db8, 0xc) bytes=11: 00 08 00 2a 00 04 00 10 01 00 01 addr: bytes=12: 2a 00 00 00 00 00 00 00 4a 00 00 00
T2674 exit  sendto -> 11 (0xb)
T6640 enter recvfrom(0x2b, 0xb4000077c4e92b80, 0xa51c, 0x40, 0x77bc606b88, 0x77bc606b84)
T6640 exit  recvfrom -> 21 (0x15) bytes=21: 02 08 00 2a 00 0e 00 02 04 00 00 00 00 00 01 04 00 01 01 00 00
T2674 enter sendto(0x2b, 0xb4000077ede0c1a0, 0xc, 0x40, 0x77d2658098, 0xc) bytes=12: 00 09 00 2b 00 05 00 01 02 00 01 00 addr: bytes=12: 2a 00 00 00 00 00 00 00 4a 00 00 00
T2674 exit  sendto -> 12 (0xc)
T6640 enter recvfrom(0x2b, 0xb4000077c4e92b80, 0xa51c, 0x40, 0x77bc606b88, 0x77bc606b84)
T6640 exit  recvfrom -> 277 (0x115) bytes=160: 02 09 00 2b 00 0e 01 02 04 00 00 00 00 00 8f 01 00 01 df 01 00 00 de 01 00 00 dd 08 00 00 01 00 00 00 00 00 00 c4 01 00 00 c3 01 00 00 c2 04 00 ff ff ff ff c1 18 00 00 00 00 00 00 00 00 00 00 00 00 00 00 00 00 00 00 00 00 00 00 00 00 00 c0 18 00 00 00 00 00 00 00 00 00 00 00 00 00 00 00 00 00 00 00 00 00 00 00 00 00 bf 03 00 ff ff 00 be 02 00 ff ff bd 02 00 00 00 b0 00 00 af 00 00 ae 00 00 ad 01 00 00 ab 01 00 00 aa 04 00 00 00 00 00 a9 01 00 01 a8 01 00 03 a7 10 00 00 00 00
T2667 enter sendto(0x2c, 0xb4000077c4e7e100, 0xb, 0x40, 0x77da0409e8, 0xc) bytes=11: 00 01 00 2f 00 04 00 10 01 00 01 addr: bytes=12: 2a 00 00 00 00 00 00 00 49 00 00 00
T2667 exit  sendto -> 11 (0xb)
T6639 enter recvfrom(0x2c, 0xb4000077edeaedc0, 0x66b8, 0x40, 0x77bd703b88, 0x77bd703b84)
T6639 exit  recvfrom -> 141 (0x8d) bytes=141: 02 01 00 2f 00 86 00 02 04 00 00 00 00 00 18 03 00 02 00 00 17 26 00 02 0a 98 93 88 80 64 50 06 39 87 f6 15 3b 9e 97 80 1f c6 80 31 e0 73 fe 21 1b 66 d0 02 5e ab 15 00 e2 00 00 00 00 16 09 00 02 00 00 00 00 00 00 00 00 15 03 00 02 00 00 14 03 00 02 02 02 13 35 00 02 00 00 ff ff 02 ff ff ff ff 02 01 00 00 00 00 01 02 07 02 0b 00 00 10 a0 00 00 00 87 10 02 ff 39 ff ff 89 01 01 01 00 00 03 03 0a 01 03 0a 02 00 00 00 03 00
T2650 enter socket(0x2a, 0x80002, 0, 0x1, 0x77e810fcbc, 0x77e810fe00)
T2650 exit  socket -> 64 (0x40)
T2650 enter sendto(0x40, 0x77e810fbd0, 0x14, 0, 0x77e810fbc0, 0xc) bytes=20: 0a 00 00 00 07 00 00 00 00 00 00 00 00 00 00 00 00 00 00 00 addr: bytes=12: 2a 00 00 00 01 00 00 00 fe ff ff ff
T2650 exit  sendto -> 20 (0x14)
T2650 enter recvfrom(0x40, 0x77e810fc20, 0x14, 0, 0, 0)
T2650 exit  recvfrom -> 20 (0x14) bytes=20: 04 00 00 00 07 00 00 00 01 00 00 00 00 00 00 00 61 00 00 00
T2650 enter recvfrom(0x40, 0x77e810fc20, 0x14, 0, 0, 0)
T2650 exit  recvfrom -> 20 (0x14) bytes=20: 04 00 00 00 00 00 00 00 00 00 00 00 00 00 00 00 00 00 00 00
T2650 enter close(0x40, 0x40, 0x14, 0, 0x14, 0)
T2650 exit  close -> 0 (0)
T2661 enter sendto(0x2c, 0xb4000077ede0c240, 0xb, 0x40, 0x77da62ee98, 0xc) bytes=11: 00 02 00 76 00 04 00 01 01 00 00 addr: bytes=12: 2a 00 00 00 00 00 00 00 49 00 00 00
T6629 enter socket(0x2a, 0x80002, 0, 0x1, 0, 0)
T6629 exit  socket -> 64 (0x40)
T6629 enter sendto(0x40, 0x77c1af77f0, 0x14, 0, 0x77c1af77e0, 0xc) bytes=20: 0a 00 00 00 49 00 00 00 00 00 00 00 00 00 00 00 00 00 00 00 addr: bytes=12: 2a 00 00 00 01 00 00 00 fe ff ff ff
T6639 enter recvfrom(0x2c, 0xb4000077edeaedc0, 0x66b8, 0x40, 0x77bd703b88, 0x77bd703b84)
T6629 exit  sendto -> 20 (0x14)
T6639 exit  recvfrom -> 14 (0xe) bytes=14: 02 02 00 76 00 07 00 02 04 00 00 00 00 00
T6629 enter recvfrom(0x40, 0x77c1af7840, 0x14, 0, 0, 0)
T6629 exit  recvfrom -> 20 (0x14) bytes=20: 04 00 00 00 49 00 00 00 01 00 00 00 00 00 00 00 5e 00 00 00
T6629 enter recvfrom(0x40, 0x77c1af7840, 0x14, 0, 0, 0)
T6629 exit  recvfrom -> 20 (0x14) bytes=20: 04 00 00 00 00 00 00 00 00 00 00 00 00 00 00 00 00 00 00 00
T6629 enter close(0x40, 0x40, 0x14, 0, 0x14, 0)
T2661 exit  sendto -> 11 (0xb)
T6629 exit  close -> 0 (0)
T6629 enter socket(0x2a, 0x80002, 0, 0x1, 0x77c1af78dc, 0xb4000077edf101e0)
T6629 exit  socket -> 64 (0x40)
T6629 enter sendto(0x40, 0x77c1af77f0, 0x14, 0, 0x77c1af77e0, 0xc) bytes=20: 0a 00 00 00 49 00 00 00 00 00 00 00 00 00 00 00 00 00 00 00 addr: bytes=12: 2a 00 00 00 01 00 00 00 fe ff ff ff
T6629 exit  sendto -> 20 (0x14)
T6629 enter recvfrom(0x40, 0x77c1af7840, 0x14, 0, 0, 0)
T6629 exit  recvfrom -> 20 (0x14) bytes=20: 04 00 00 00 49 00 00 00 01 00 00 00 00 00 00 00 5e 00 00 00
T6629 enter recvfrom(0x40, 0x77c1af7840, 0x14, 0, 0, 0)
T6629 exit  recvfrom -> 20 (0x14) bytes=20: 04 00 00 00 00 00 00 00 00 00 00 00 00 00 00 00 00 00 00 00
T6629 enter close(0x40, 0x40, 0x14, 0, 0x14, 0)
T6629 exit  close -> 0 (0)
T6629 enter sendto(0x31, 0xb4000077ede0c000, 0xe, 0x40, 0x77c1af77d8, 0xc) bytes=14: 00 01 00 29 00 07 00 01 04 00 02 00 00 00 addr: bytes=12: 2a 00 00 00 00 00 00 00 5e 00 00 00
T6629 exit  sendto -> 14 (0xe)
T2658 enter socket(0x2a, 0x80002, 0, 0x2, 0, 0)
T2658 exit  socket -> 64 (0x40)
T6641 enter recvfrom(0x31, 0xb4000077c4e62400, 0x1130, 0x40, 0x77bb509b88, 0x77bb509b84)
T6641 exit  recvfrom -> 14 (0xe) bytes=14: 02 01 00 29 00 07 00 02 04 00 00 00 00 00
T2658 enter sendto(0x40, 0x77e7927b80, 0x14, 0, 0x77e7927b70, 0xc) bytes=20: 0a 00 00 00 09 00 00 00 00 00 00 00 00 00 00 00 00 00 00 00 addr: bytes=12: 2a 00 00 00 01 00 00 00 fe ff ff ff
T2658 exit  sendto -> 20 (0x14)
T2658 enter recvfrom(0x40, 0x77e7927bd0, 0x14, 0, 0, 0)
T2658 exit  recvfrom -> 20 (0x14) bytes=20: 04 00 00 00 09 00 00 00 02 00 00 00 00 00 00 00 45 00 00 00
T2658 enter recvfrom(0x40, 0x77e7927bd0, 0x14, 0, 0, 0)
T2658 exit  recvfrom -> 20 (0x14) bytes=20: 04 00 00 00 00 00 00 00 00 00 00 00 00 00 00 00 00 00 00 00
T2658 enter close(0x40, 0x40, 0x14, 0, 0x14, 0)
T2658 exit  close -> 0 (0)
T2658 enter socket(0x2a, 0x80002, 0, 0x2, 0x77e7927c6c, 0xb400007896090d20)
T2658 exit  socket -> 64 (0x40)
T2658 enter sendto(0x40, 0x77e7927b80, 0x14, 0, 0x77e7927b70, 0xc) bytes=20: 0a 00 00 00 09 00 00 00 00 00 00 00 00 00 00 00 00 00 00 00 addr: bytes=12: 2a 00 00 00 01 00 00 00 fe ff ff ff
T2658 exit  sendto -> 20 (0x14)
T2658 enter recvfrom(0x40, 0x77e7927bd0, 0x14, 0, 0, 0)
T2658 exit  recvfrom -> 20 (0x14) bytes=20: 04 00 00 00 09 00 00 00 02 00 00 00 00 00 00 00 45 00 00 00
T2658 enter recvfrom(0x40, 0x77e7927bd0, 0x14, 0, 0, 0)
T2658 exit  recvfrom -> 20 (0x14) bytes=20: 04 00 00 00 00 00 00 00 00 00 00 00 00 00 00 00 00 00 00 00
T2658 enter close(0x40, 0x40, 0x14, 0, 0x14, 0)
T2658 exit  close -> 0 (0)
T2654 enter socket(0x2a, 0x80002, 0, 0x77ede08430, 0x77ede08440, 0xe3e7)
T2654 exit  socket -> 64 (0x40)
T2651 enter socket(0x2a, 0x80002, 0, 0x1, 0x77e8012cbc, 0x77e8012e00)
T4332 enter ioctl(0xf, 0xc0306201, 0x77b81badd8, 0, 0, 0x1) ioctl_req=0xc0306201
T4332 exit  ioctl -> 0 (0)
T2671 enter ioctl(0xf, 0xc0306201, 0x77d9c4e318, 0, 0, 0x1) ioctl_req=0xc0306201
T2671 exit  ioctl -> 0 (0)
attached new tid=6659
T2658 enter sendto(0x32, 0xb4000077ede0c160, 0xb, 0x40, 0x77e7927b98, 0xc) bytes=11: 00 01 00 44 00 04 00 01 01 00 01 addr: bytes=12: 2a 00 00 00 00 00 00 00 45 00 00 00
attached new tid=6660
T6642 enter recvfrom(0x32, 0xb4000077edeb8040, 0xa034, 0x40, 0x77ba40cb88, 0x77ba40cb84)
T6642 exit  recvfrom -> 14 (0xe) bytes=14: 02 01 00 44 00 07 00 02 04 00 00 00 00 00
T6631 enter recvfrom(0x39, 0xb400007c87eea100, 0x66b8, 0x40, 0x7c5c474b88, 0x7c5c474b84)
T6631 exit  recvfrom -> 94 (0x5e) bytes=94: 04 01 00 48 00 57 00 13 05 00 02 01 00 02 03 12 03 00 02 00 00 11 24 00 02 02 00 00 00 00 15 3b 9e 97 80 1f c6 80 31 e0 73 fe 21 1b 66 d0 02 5e ab 15 00 e2 00 00 00 00 00 00 00 00 10 1f 00 02 02 00 00 00 01 00 00 00 01 0a 98 93 88 80 64 50 06 39 87 f6 01 00 00 00 01 00 00 00 02 00
T2658 exit  sendto -> 11 (0xb)
T2591 enter recvfrom(0x11, 0x7c82d2db70, 0x14, 0x40, 0, 0)
T2671 enter ioctl(0xf, 0xc0306201, 0x77d9c4e920, 0, 0, 0) ioctl_req=0xc0306201
T2591 exit  recvfrom -> 20 (0x14) bytes=20: 04 00 00 00 47T2671 exit  ioctl -> 0 (0) 00
 00 00 01 00 00 00 00 00 00 00 6b 00 00 00
T2661 enter sendto(0x2c, 0xb4000077ede0c250, 0xe, 0x40, 0x77da62ede8, 0xc) bytes=14: 00 03 00 2e 00 07 00 01 04 00 97 08 00 00 addr: bytes=12: 2a 00 00 00 00 00 00 00 49 00 00 00
T2661 exit  sendto -> 14 (0xe)
T6639 enter recvfrom(0x2c, 0xb4000077edeaedc0, 0x66b8, 0x40, 0x77bd703b88, 0x77bd703b84)
T6639 exit  recvfrom -> 21 (0x15) bytes=21: 02 03 00 2e 00 0e 00 02 04 00 00 00 00 00 10 04 00 97 08 00 00
T6659 enter ioctl(0xf, 0xc0306201, 0x77c1af6368, 0, 0, 0x1) ioctl_req=0xc0306201
T6659 exit  ioctl -> 0 (0)
T4332 enter ioctl(0xf, 0xc0306201, 0x77b81bb288, 0, 0, 0x1) ioctl_req=0xc0306201
T4332 exit  ioctl -> 0 (0)
T2671 enter ioctl(0xf, 0xc0306201, 0x77d9c4d960, 0, 0, 0) ioctl_req=0xc0306201
T2671 exit  ioctl -> 0 (0)
T2671 enter write(0x7, 0x787b896727, 0x1, 0x2, 0x2, 0x787f5d15c8) bytes=1: 20
T2671 exit  write -> 1 (0x1)
T2651 exit  socket -> 65 (0x41)
T2650 enter socket(0x2a, 0x80002, 0, 0x77ede07530, 0x77ede07540, 0x200c)
T2671 enter ioctl(0xf, 0xc0306201, 0x77d9c4d978, 0, 0, 0x1) ioctl_req=0xc0306201
T2671 exit  ioctl -> 0 (0)
T2651 enter sendto(0x41, 0x77e8012bd0, 0x14, 0, 0x77e8012bc0, 0xc) bytes=20: 0a 00 00 00 44 00 00 00 00 00 00 00 00 00 00 00 00 00 00 00 addr: bytes=12: 2a 00 00 00 01 00 00 00 fe ff ff ff
T2650 exit  socket -> 71 (0x47)
T2651 exit  sendto -> 20 (0x14)
T2651 enter recvfrom(0x41, 0x77e8012c20, 0x14, 0, 0, 0)
T2651 exit  recvfrom -> 20 (0x14) bytes=20: 04 00 00 00 44 00 00 00 01 00 00 00 00 00 00 00 5d 00 00 00
T2651 enter recvfrom(0x41, 0x77e8012c20, 0x14, 0, 0, 0)
T2651 exit  recvfrom -> 20 (0x14) bytes=20: 04 00 00 00 00 00 00 00 00 00 00 00 00 00 00 00 00 00 00 00
T2651 enter close(0x41, 0x41, 0x14, 0, 0x14, 0)
T2651 exit  close -> 0 (0)
T6660 enter writev(0x4, 0x77b8f1b1c0, 0x4, 0x3, 0x77b8f1b200, 0x81de)
T6660 exit  writev -> 107 (0x6b)
T2671 enter writev(0x4, 0x77d9c4d790, 0x4, 0x3, 0x77d9c4d7d0, 0x81e0)
T2671 exit  writev -> 60 (0x3c)
T4332 enter ioctl(0xf, 0x40046208, 0, 0x77ede3f218, 0, 0) ioctl_req=0x40046208
T4332 exit  ioctl -> 0 (0)
T2661 enter sendto(0x2c, 0xb4000077ede3f198, 0x7, 0x40, 0x77da62edc8, 0xc) bytes=7: 00 04 00 47 00 00 00 addr: bytes=12: 2a 00 00 00 00 00 00 00 49 00 00 00
T6639 enter recvfrom(0x2c, 0xb4000077edeaedc0, 0x66b8, 0x40, 0x77bd703b88, 0x77bd703b84)
T6639 exit  recvfrom -> 101 (0x65) bytes=101: 02 04 00 47 00 5e 00 02 04 00 00 00 00 00 13 05 00 02 01 00 02 03 12 03 00 02 00 00 11 24 00 02 02 00 00 00 00 15 3b 9e 97 80 1f c6 80 31 e0 73 fe 21 1b 66 d0 02 5e ab 15 00 e2 00 00 00 00 00 00 00 00 10 1f 00 02 02 00 00 00 01 00 00 00 01 0a 98 93 88 80 64 50 06 39 87 f6 01 00 00 00 01 00 00 00 02 00
T2661 exit  sendto -> 7 (0x7)
T2651 enter socket(0x2a, 0x80002, 0, 0x7895f95f30, 0x7895f95f40, 0x7e)
T2671 enter ioctl(0x10, 0xc0306201, 0x77d9c4d058, 0x2, 0, 0xb4000077c4f5d580) ioctl_req=0xc0306201
attached new tid=6661
T2671 exit  ioctl -> 0 (0)
T2651 exit  socket -> 65 (0x41)
T2654 enter write(0x43, 0x787e6ad6c3, 0x1, 0, 0, 0) bytes=1: 61
T2654 exit  write -> 1 (0x1)
T2654 enter socket(0x2a, 0x80002, 0, 0x1, 0, 0)
T2654 exit  socket -> 74 (0x4a)
T6661 enter read(0x42, 0x77b86adb94, 0x1, 0, 0, 0x1)
T6661 exit  read -> 1 (0x1) bytes=1: 61
T2654 enter sendto(0x4a, 0x77e7d1bb80, 0x14, 0, 0x77e7d1bb70, 0xc) bytes=20: 0a 00 00 00 0c 00 00 00 00 00 00 00 00 00 00 00 00 00 00 00 addr: bytes=12: 2a 00 00 00 01 00 00 00 fe ff ff ff
T2654 exit  sendto -> 20 (0x14)
T2654 enter recvfrom(0x4a, 0x77e7d1bbd0, 0x14, 0, 0, 0)
T2654 exit  recvfrom -> 20 (0x14) bytes=20: 04 00 00 00 0c 00 00 00 01 00 00 00 00 00 00 00 44 00 00 00
T2654 enter recvfrom(0x4a, 0x77e7d1bbd0, 0x14, 0, 0, 0)
T2654 exit  recvfrom -> 20 (0x14) bytes=20: 04 00 00 00 00 00 00 00 00 00 00 00 00 00 00 00 00 00 00 00
T2654 enter close(0x4a, 0x4a, 0x14, 0, 0x14, 0)
T2654 exit  close -> 0 (0)
T2654 enter socket(0x2a, 0x80002, 0, 0x1, 0x77e7d1bc6c, 0xb4000077ede0b200)
T2654 exit  socket -> 74 (0x4a)
T2661 enter sendto(0x2c, 0xb4000077ede0c240, 0xb, 0x40, 0x77da62edb8, 0xc) bytes=11: 00 05 00 2f 00 04 00 10 01 00 01 addr: bytes=12: 2a 00 00 00 00 00 00 00 49 00 00 00
T2661 exit  sendto -> 11 (0xb)
T2671 enter write(0x7, 0x787b896727, 0x1, 0x2, 0x2, 0x787f5d15c8) bytes=1: 20
T2654 enter sendto(0x4a, 0x77e7d1bb80, 0x14, 0, 0x77e7d1bb70, 0xc) bytes=20: 0a 00 00 00 0c 00 00 00 00 00 00 00 00 00 00 00 00 00 00 00 addr: bytes=12: 2a 00 00 00 01 00 00 00 fe ff ff ff
T2671 exit  write -> 1 (0x1)
T6639 enter recvfrom(0x2c, 0xb4000077edeaedc0, 0x66b8, 0x40, 0x77bd703b88, 0x77bd703b84)
T2654 exit  sendto -> 20 (0x14)
T6639 exit  recvfrom -> 141 (0x8d) bytes=141: 02 05 00 2f 00 86 00 02 04 00 00 00 00 00 18 03 00 02 00 00 17 26 00 02 0a 98 93 88 80 64 50 06 39 87 f6 15 3b 9e 97 80 1f c6 80 31 e0 73 fe 21 1b 66 d0 02 5e ab 15 00 e2 00 00 00 00 16 09 00 02 00 00 00 00 00 00 00 00 15 03 00 02 00 00 14 03 00 02 02 02 13 35 00 02 00 00 ff ff 02 ff ff ff ff 02 01 00 00 00 00 01 02 07 02 0b 00 00 10 a0 00 00 00 87 10 02 ff 39 ff ff 89 01 01 01 00 00 03 03 0a 01 03 0a 02 00 00 00 03 00
T2654 enter recvfrom(0x4a, 0x77e7d1bbd0, 0x14, 0, 0, 0)
T2671 enter ioctl(0xf, 0xc0306201, 0x77d9c4d998, 0, 0, 0x1) ioctl_req=0xc0306201
T2654 exit  recvfrom -> 20 (0x14) bytes=20: 04 00 00 00 0c 00 00 00 01 00 00 00 00 00 00 00 44 00 00 00
T2671 exit  ioctl -> 0 (0)
T2654 enter recvfrom(0x4a, 0x77e7d1bbd0, 0x14, 0, 0, 0)
T2654 exit  recvfrom -> 20 (0x14) bytes=20: 04 00 00 00 00 00 00 00 00 00 00 00 00 00 00 00 00 00 00 00
T2654 enter close(0x4a, 0x4a, 0x14, 0, 0x14, 0)
T2654 exit  close -> 0 (0)
T2671 enter ioctl(0xf, 0xc0306201, 0x77d9c4e7f8, 0, 0, 0x1) ioctl_req=0xc0306201
T2654 enter sendto(0x40, 0xb4000077ede0c1e0, 0xb, 0x40, 0x77e7d1bb98, 0xc) bytes=11: 00 01 00 1a 00 04 00 01 01 00 01 addr: bytes=12: 2a 00 00 00 00 00 00 00 44 00 00 00
T2671 exit  ioctl -> 0 (0)
T2671 enter ioctl(0xf, 0xc0306201, 0x77d9c4eca8, 0x77d9c4edd8, 0x77d9c4edd0, 0x80**************) ioctl_req=0xc0306201
T2654 exit  sendto -> 11 (0xb)
T2671 exit  ioctl -> 0 (0)
T6661 enter recvfrom(0x40, 0xb4000077edf7a380, 0xe3f0, 0x40, 0x77b86adb88, 0x77b86adb84)
T6661 exit  recvfrom -> 14 (0xe) bytes=14: 02 01 00 1a 00 07 00 02 04 00 00 00 00 00
T2671 enter ioctl(0xf, 0xc0306201, 0x77d9c4e920, 0, 0, 0) ioctl_req=0xc0306201
T2671 exit  ioctl -> 0 (0)
T2671 enter ioctl(0xf, 0xc0306201, 0x77d9c4e7f8, 0, 0, 0x1) ioctl_req=0xc0306201
T2671 exit  ioctl -> 0 (0)
T2671 enter ioctl(0xf, 0xc0306201, 0x77d9c4eca8, 0x77d9c4edd8, 0x77d9c4edd0, 0x80**************) ioctl_req=0xc0306201
T2671 exit  ioctl -> 0 (0)
attached new tid=6662
T2671 enter ioctl(0xf, 0xc0306201, 0x77d9c4e920, 0, 0, 0) ioctl_req=0xc0306201
T2671 exit  ioctl -> 0 (0)
T2651 enter write(0x4b, 0x787e6ad6c3, 0x1, 0, 0, 0) bytes=1: 61
T6662 enter read(0x4a, 0x77b82b9b94, 0x1, 0, 0, 0)
T6662 exit  read -> 1 (0x1) bytes=1: 61
T2651 exit  write -> 1 (0x1)
T2651 enter socket(0x2a, 0x80002, 0, 0x1, 0, 0)
T2651 exit  socket -> 76 (0x4c)
attached new tid=6663
T2651 enter sendto(0x4c, 0x77e8012b80, 0x14, 0, 0x77e8012b70, 0xc) bytes=20: 0a 00 00 00 44 00 00 00 00 00 00 00 00 00 00 00 00 00 00 00 addr: bytes=12: 2a 00 00 00 01 00 00 00 fe ff ff ff
T2651 exit  sendto -> 20 (0x14)
T2651 enter recvfrom(0x4c, 0x77e8012bd0, 0x14, 0, 0, 0)
T2651 exit  recvfrom -> 20 (0x14) bytes=20: 04 00 00 00 44 00 00 00 01 00 00 00 00 00 00 00 5d 00 00 00
T2651 enter recvfrom(0x4c, 0x77e8012bd0, 0x14, 0, 0, 0)
T2651 exit  recvfrom -> 20 (0x14) bytes=20: 04 00 00 00 00 00 00 00 00 00 00 00 00 00 00 00 00 00 00 00
T2651 enter close(0x4c, 0x4c, 0x14, 0, 0x14, 0)
T2651 exit  close -> 0 (0)
T2651 enter socket(0x2a, 0x80002, 0, 0x1, 0x77e8012c6c, 0xb4000077ede0b740)
T2651 exit  socket -> 76 (0x4c)
T2651 enter sendto(0x4c, 0x77e8012b80, 0x14, 0, 0x77e8012b70, 0xc) bytes=20: 0a 00 00 00 44 00 00 00 00 00 00 00 00 00 00 00 00 00 00 00 addr: bytes=12: 2a 00 00 00 01 00 00 00 fe ff ff ff
T2651 exit  sendto -> 20 (0x14)
T2651 enter recvfrom(0x4c, 0x77e8012bd0, 0x14, 0, 0, 0)
T2651 exit  recvfrom -> 20 (0x14) bytes=20: 04 00 00 00 44 00 00 00 01 00 00 00 00 00 00 00 5d 00 00 00
T2651 enter recvfrom(0x4c, 0x77e8012bd0, 0x14, 0, 0, 0)
T2650 enter write(0x49, 0x787e6ad6c3, 0x1, 0, 0, 0) bytes=1: 61
T2651 exit  recvfrom -> 20 (0x14) bytes=20: 04 00 00 00 00 00 00 00 00 00 00 00 00 00 00 00 00 00 00 00
T2650 exit  write -> 1 (0x1)
T2651 enter close(0x4c, 0x4c, 0x14, 0, 0x14, 0)
T2651 exit  close -> 0 (0)
T2647 enter socket(0x2a, 0x80002, 0, 0x1, 0x77e9406cbc, 0x77e9406e00)
T2647 exit  socket -> 76 (0x4c)
T1992 enter ioctl(0xe, 0xc0306201, 0x7fe59a8ab8, 0x7c84b080e0, 0, 0xb400007c96ed8500) ioctl_req=0xc0306201
T1992 exit  ioctl -> 0 (0)
T2609 enter socket(0x2a, 0x80002, 0, 0x1, 0x7c62964f8c, 0x7c62965230)
T2609 exit  socket -> 108 (0x6c)
T2609 enter sendto(0x6c, 0x7c62964ea0, 0x14, 0, 0x7c62964e90, 0xc) bytes=20: 0a 00 00 00 47 00 00 00 00 00 00 00 00 00 00 00 00 00 00 00 addr: bytes=12: 2a 00 00 00 01 00 00 00 fe ff ff ff
T2609 exit  sendto -> 20 (0x14)
T2609 enter recvfrom(0x6c, 0x7c62964ef0, 0x14, 0, 0, 0)
T2609 exit  recvfrom -> 20 (0x14) bytes=20: 04 00 00 00 47 00 00 00 01 00 00 00 00 00 00 00 6b 00 00 00
T2609 enter recvfrom(0x6c, 0x7c62964ef0, 0x14, 0, 0, 0)
T2609 exit  recvfrom -> 20 (0x14) bytes=20: 04 00 00 00 00 00 00 00 00 00 00 00 00 00 00 00 00 00 00 00
T2609 enter close(0x6c, 0x6c, 0x14, 0, 0x14, 0)
T2609 exit  close -> 0 (0)
T2609 enter socket(0x2a, 0x80002, 0, 0x7c87e07fd0, 0x7c87e07fe0, 0x167e)
T2647 enter sendto(0x4c, 0x77e9406bd0, 0x14, 0, 0x77e9406bc0, 0xc) bytes=20: 0a 00 00 00 03 00 00 00 00 00 00 00 00 00 00 00 00 00 00 00 addr: bytes=12: 2a 00 00 00 01 00 00 00 fe ff ff ff
T2609 exit  socket -> 108 (0x6c)
T6663 enter read(0x48, 0x77b84b3b94, 0x1, 0, 0, 0x4)
T6663 exit  read -> 1 (0x1) bytes=1: 61
T2661 enter sendto(0x2c, 0xb4000077edecfc00, 0x13, 0x40, 0x77da62b6e8, 0xc) bytes=19: 00 06 00 2a 00 0c 00 01 02 00 07 00 02 04 00 01 00 00 00 addr: bytes=12: 2a 00 00 00 00 00 00 00 49 00 00 00
T2661 exit  sendto -> 19 (0x13)
T6639 enter recvfrom(0x2c, 0xb4000077edeaedc0, 0x66b8, 0x40, 0x77bd703b88, 0x77bd703b84)
T6639 exit  recvfrom -> 14 (0xe) bytes=14: 02 06 00 2a 00 07 00 02 04 00 00 00 00 00
T2651 enter sendto(0x41, 0xb400007895f4dfb0, 0xe, 0x40, 0x77e8012b68, 0xc) bytes=14: 00 01 00 20 00 07 00 01 04 00 02 00 00 00 addr: bytes=12: 2a 00 00 00 00 00 00 00 5d 00 00 00
T2651 exit  sendto -> 14 (0xe)
T2647 exit  sendto -> 20 (0x14)
T6662 enter recvfrom(0x41, 0xb400007895f94c80, 0x88, 0x40, 0x77b82b9b88, 0x77b82b9b84)
T6662 exit  recvfrom -> 14 (0xe) bytes=14: 02 01 00 20 00 07 00 02 04 00 00 00 00 00
T2668 enter sendto(0x41, 0xb4000077c4f6b460, 0xe, 0x40, 0x77d9f45358, 0xc) bytes=14: 00 02 00 23 00 07 00 16 04 00 02 00 00 00 addr: bytes=12: 2a 00 00 00 00 00 00 00 5d 00 00 00
T2668 exit  sendto -> 14 (0xe)
T2651 enter sendto(0x41, 0xb4000077ede0b740, 0xb, 0x40, 0x77e8013208, 0xc) bytes=11: 00 03 00 22 00 04 00 13 01 00 01 addr: bytes=12: 2a 00 00 00 00 00 00 00 5d 00 00 00
T6662 enter recvfrom(0x41, 0xb400007895f94c80, 0x88, 0x40, 0x77b82b9b88, 0x77b82b9b84)
T6662 exit  recvfrom -> 14 (0xe) bytes=14: 02 02 00 23 00 07 00 02 04 00 00 00 00 00
T2651 exit  sendto -> 11 (0xb)
T6662 enter recvfrom(0x41, 0xb400007895f94c80, 0x88, 0x40, 0x77b82b9b88, 0x77b82b9b84)
T6662 exit  recvfrom -> 14 (0xe) bytes=14: 02 03 00 22 00 07 00 02 04 00 00 00 00 00
T2651 enter sendto(0x41, 0xb4000077ede0b740, 0xb, 0x40, 0x77e8013208, 0xc) bytes=11: 00 04 00 22 00 04 00 11 01 00 01 addr: bytes=12: 2a 00 00 00 00 00 00 00 5d 00 00 00
T2651 exit  sendto -> 11 (0xb)
T6662 enter recvfrom(0x41, 0xb400007895f94c80, 0x88, 0x40, 0x77b82b9b88, 0x77b82b9b84)
T6662 exit  recvfrom -> 14 (0xe) bytes=14: 02 04 00 22 00 07 00 02 04 00 00 00 00 00
T2668 enter sendto(0x41, 0xb4000077ede70780, 0xe, 0x40, 0x77d9f45358, 0xc) bytes=14: 00 05 00 28 00 07 00 15 04 00 02 00 00 00 addr: bytes=12: 2a 00 00 00 00 00 00 00 5d 00 00 00
T2668 exit  sendto -> 14 (0xe)
T2647 enter recvfrom(0x4c, 0x77e9406c20, 0x14, 0, 0, 0)
T6662 enter recvfrom(0x41, 0xb400007895f94c80, 0x88, 0x40, 0x77b82b9b88, 0x77b82b9b84)
T6662 exit  recvfrom -> 14 (0xe) bytes=14: 02 05 00 28 00 07 00 02 04 00 00 00 00 00
T6662 enter recvfrom(0x41, 0xb400007895f94c80, 0x88, 0x40, 0x77b82b9b88, 0x77b82b9b84)
T6662 exit  recvfrom -> 18 (0x12) bytes=18: 04 01 00 2b 00 0b 00 10 04 00 ff ff ff ff 11 01 00 ff
T2661 enter sendto(0x2c, 0xb4000077ede0c250, 0xe, 0x40, 0x77da62db38, 0xc) bytes=14: 00 07 00 3a 00 07 00 10 04 00 02 00 00 00 addr: bytes=12: 2a 00 00 00 00 00 00 00 49 00 00 00
T2661 exit  sendto -> 14 (0xe)
T2647 exit  recvfrom -> 20 (0x14) bytes=20: 04 00 00 00 03 00 00 00 01 00 00 00 00 00 00 00 46 00 00 00
T2647 enter recvfrom(0x4c, 0x77e9406c20, 0x14, 0, 0, 0)
T2647 exit  recvfrom -> 20 (0x14) bytes=20: 04 00 00 00 00 00 00 00 00 00 00 00 00 00 00 00 00 00 00 00
T2647 enter close(0x4c, 0x4c, 0x14, 0, 0x14, 0)
T2647 exit  close -> 0 (0)
T2652 enter socket(0x2a, 0x80002, 0, 0x1, 0x77e7f15cbc, 0x77e7f15e00)
T2652 exit  socket -> 76 (0x4c)
T6639 enter recvfrom(0x2c, 0xb4000077edeaedc0, 0x66b8, 0x40, 0x77bd703b88, 0x77bd703b84)
T2652 enter sendto(0x4c, 0x77e7f15bd0, 0x14, 0, 0x77e7f15bc0, 0xc) bytes=20: 0a 00 00 00 24 00 00 00 00 00 00 00 00 00 00 00 00 00 00 00 addr: bytes=12: 2a 00 00 00 01 00 00 00 fe ff ff ff
T6639 exit  recvfrom -> 18 (0x12) bytes=18: 02 07 00 3a 00 0b 00 02 04 00 00 00 00 00 11 01 00 00
T2652 exit  sendto -> 20 (0x14)
T2652 enter recvfrom(0x4c, 0x77e7f15c20, 0x14, 0, 0, 0)
T2652 exit  recvfrom -> 20 (0x14) bytes=20: 04 00 00 00 24 00 00 00 01 00 00 00 00 00 00 00 21 00 00 00
T2652 enter recvfrom(0x4c, 0x77e7f15c20, 0x14, 0, 0, 0)
T2652 exit  recvfrom -> 20 (0x14) bytes=20: 04 00 00 00 00 00 00 00 00 00 00 00 00 00 00 00 00 00 00 00
T2652 enter close(0x4c, 0x4c, 0x14, 0, 0x14, 0)
T2652 exit  close -> 0 (0)
T2675 enter socket(0x2a, 0x80002, 0, 0x1, 0, 0)
T2675 exit  socket -> 76 (0x4c)
T2675 enter sendto(0x4c, 0x77d255ee50, 0x14, 0, 0x77d255ee40, 0xc) bytes=20: 0a 00 00 00 47 00 00 00 00 00 00 00 00 00 00 00 00 00 00 00 addr: bytes=12: 2a 00 00 00 01 00 00 00 fe ff ff ff
T2675 exit  sendto -> 20 (0x14)
T2675 enter recvfrom(0x4c, 0x77d255eea0, 0x14, 0, 0, 0)
T2675 exit  recvfrom -> 20 (0x14) bytes=20: 04 00 00 00 47 00 00 00 01 00 00 00 00 00 00 00 6b 00 00 00
T2675 enter recvfrom(0x4c, 0x77d255eea0, 0x14, 0, 0, 0)
T2675 exit  recvfrom -> 20 (0x14) bytes=20: 04 00 00 00 00 00 00 00 00 00 00 00 00 00 00 00 00 00 00 00
T2675 enter close(0x4c, 0x4c, 0x14, 0, 0x14, 0)
T2675 exit  close -> 0 (0)
T2675 enter socket(0x2a, 0x80002, 0, 0x1, 0x77d255ef3c, 0xb4000077ede0bc80)
T2675 exit  socket -> 76 (0x4c)
T2675 enter sendto(0x4c, 0x77d255ee50, 0x14, 0, 0x77d255ee40, 0xc) bytes=20: 0a 00 00 00 47 00 00 00 00 00 00 00 00 00 00 00 00 00 00 00 addr: bytes=12: 2a 00 00 00 01 00 00 00 fe ff ff ff
T2675 exit  sendto -> 20 (0x14)
T2675 enter recvfrom(0x4c, 0x77d255eea0, 0x14, 0, 0, 0)
T2675 exit  recvfrom -> 20 (0x14) bytes=20: 04 00 00 00 47 00 00 00 01 00 00 00 00 00 00 00 6b 00 00 00
T2675 enter recvfrom(0x4c, 0x77d255eea0, 0x14, 0, 0, 0)
T2675 exit  recvfrom -> 20 (0x14) bytes=20: 04 00 00 00 00 00 00 00 00 00 00 00 00 00 00 00 00 00 00 00
T2675 enter close(0x4c, 0x4c, 0x14, 0, 0x14, 0)
T2675 exit  close -> 0 (0)
T2657 enter socket(0x2a, 0x80002, 0, 0x1, 0, 0)
T2657 exit  socket -> 76 (0x4c)
T2657 enter sendto(0x4c, 0x77e7a24b80, 0x14, 0, 0x77e7a24b70, 0xc) bytes=20: 0a 00 00 00 12 00 00 00 00 00 00 00 00 00 00 00 00 00 00 00 addr: bytes=12: 2a 00 00 00 01 00 00 00 fe ff ff ff
T2657 exit  sendto -> 20 (0x14)
T2657 enter recvfrom(0x4c, 0x77e7a24bd0, 0x14, 0, 0, 0)
T2657 exit  recvfrom -> 20 (0x14) bytes=20: 04 00 00 00 12 00 00 00 01 00 00 00 00 00 00 00 64 00 00 00
T2657 enter recvfrom(0x4c, 0x77e7a24bd0, 0x14, 0, 0, 0)
attached new tid=6664
T2657 exit  recvfrom -> 20 (0x14) bytes=20: 04 00 00 00 00 00 00 00 00 00 00 00 00 00 00 00 00 00 00 00
T6631 enter recvfrom(0x39, 0xb400007c87eea100, 0x66b8, 0x40, 0x7c5c474b88, 0x7c5c474b84)
T6631 exit  recvfrom -> 176 (0xb0) bytes=160: 04 02 00 32 00 a9 00 15 03 00 02 00 00 14 26 00 02 0a 98 93 88 80 64 50 06 39 87 f6 15 3b 9e 97 80 1f c6 80 31 e0 73 fe 21 1b 66 d0 02 5e ab 15 00 e2 00 00 00 00 13 09 00 02 00 00 00 00 00 00 00 00 12 35 00 02 00 00 ff ff 02 ff ff ff ff 02 01 00 00 00 00 01 02 07 02 0b 00 00 10 a0 00 00 00 87 10 02 ff 39 ff ff 89 01 01 01 00 00 03 03 0a 01 03 0a 02 00 00 00 03 00 10 33 00 00 00 ff ff ff ffT2668 enter sendto(0x41, 0xb4000077c4f6b460, 0x4c, 0x40, 0x77d9f45158, 0xc) ff ff 02 01 00 00 00 00 01 02 bytes=76: 07 00 02 07 0b 00 00 23 00 00 10 45 a0 00 00 12 00 04 00 00 87 03 10 00 02 00 ff 00 39 13 ff 04 ff 00 89 b8 01 0b
 00 00 14 04 00 32 00 00 00 15 2d 00 0b 64 00 00 00 f4 01 00 00 e8 03 00 00 88 13 00 00 10 27 00 00 20 4e 00 00 50 c3 00 00 f8 24 01 00 a0 86 01 00 40 0d 03 00 20 a1 07 00 addr: bytes=12: 2a 00 00 00 00 00 00 00 5d 00 00 00
T2609 enter write(0x6e, 0x7d3c3076c3, 0x1, 0x8, 0x7c4aeb6d00, 0x7d35c1fd2c) bytes=1: 61
T2668 exit  sendto -> 76 (0x4c)
T2675 enter sendto(0x3b, 0xb4000077ede3f0f8, 0x7, 0x40, 0x77d255ee28, 0xc)T2609 exit  write -> 1 (0x1) bytes=7:
 00 01 00 20 00 00 00 addr: bytes=12: 2a 00 00 00 00 00 00 00 6b 00 00 00
T2609 enter socket(0x2a, 0x80002, 0, 0x1, 0, 0)T6662 enter recvfrom(0x41, 0xb400007895f94c80, 0x88, 0x40, 0x77b82b9b88, 0x77b82b9b84)

T2675 exit  sendto -> 7 (0x7)
T2609 exit  socket -> 111 (0x6f)
T6662 exit  recvfrom -> 14 (0xe) bytes=14: 02 07 00 23 00 07 00 02 04 00 00 00 00 00
T6664 enter read(0x6d, 0x7c4aeb6b94, 0x1, 0, 0, 0x4)
T6664 exit  read -> 1 (0x1)T6658 enter recvfrom(0x3b, 0xb40*************, 0x1688, 0x40, 0x77b9018b88, 0x77b9018b84) bytes=1:
 61
T6658 exit  recvfrom -> 14 (0xe) bytes=14: 02 01 00 20 00 07 00 02 04 00 00 00 00 00
T2609 enter sendto(0x6f, 0x7c62964e50, 0x14, 0, 0x7c62964e40, 0xc) bytes=20: 0a 00 00 00 47 00 00 00 00 00 00 00 00 00 00 00 00 00 00 00 addr: bytes=12: 2a 00 00 00 01 00 00 00 fe ff ff ff
T2609 exit  sendto -> 20 (0x14)
T2609 enter recvfrom(0x6f, 0x7c62964ea0, 0x14, 0, 0, 0)
T2609 exit  recvfrom -> 20 (0x14) bytes=20: 04 00 00 00 47 00 00 00 01 00 00 00 00 00 00 00 6b 00 00 00
T2609 enter recvfrom(0x6f, 0x7c62964ea0, 0x14, 0, 0, 0)
T2609 exit  recvfrom -> 20 (0x14) bytes=20: 04 00 00 00 00 00 00 00 00 00 00 00 00 00 00 00 00 00 00 00
T2609 enter close(0x6f, 0x6f, 0x14, 0, 0x14, 0)
T2609 exit  close -> 0 (0)
T2609 enter socket(0x2a, 0x80002, 0, 0x1, 0x7c62964f3c, 0xb400007c96f5eec0)
T2609 exit  socket -> 111 (0x6f)
T2609 enter sendto(0x6f, 0x7c62964e50, 0x14, 0, 0x7c62964e40, 0xc) bytes=20: 0a 00 00 00 47 00 00 00 00 00 00 00 00 00 00 00 00 00 00 00 addr: bytes=12: 2a 00 00 00 01 00 00 00 fe ff ff ff
T2609 exit  sendto -> 20 (0x14)
T2609 enter recvfrom(0x6f, 0x7c62964ea0, 0x14, 0, 0, 0)
T2609 exit  recvfrom -> 20 (0x14) bytes=20: 04 00 00 00 47 00 00 00 01 00 00 00 00 00 00 00 6b 00 00 00
T2657 enter close(0x4c, 0x4c, 0x14, 0, 0x14, 0)T2609 enter recvfrom(0x6f, 0x7c62964ea0, 0x14, 0, 0, 0)

T2657 exit  close -> 0 (0)
T2609 exit  recvfrom -> 20 (0x14) bytes=20: 04 00 00 00 00 00 00 00 00 00 00 00 00 00 00 00 00 00 00 00
T2609 enter close(0x6f, 0x6f, 0x14, 0, 0x14, 0)
T2609 exit  close -> 0 (0)
T2668 enter sendto(0x41, 0xb4000077ede70780, 0x58, 0x40, 0x77d9f45158, 0xc) bytes=88: 00 08 00 28 00 51 00 11 04 00 03 00 00 00 12 04 00 b8 0b 00 00 13 04 00 32 00 00 00 14 39 00 0e 64 00 00 00 f4 01 00 00 e8 03 00 00 88 13 00 00 10 27 00 00 20 4e 00 00 50 c3 00 00 f8 24 01 00 a0 86 01 00 40 0d 03 00 20 a1 07 00 40 42 0f 00 60 e3 16 00 80 84 1e 00 addr: bytes=12: 2a 00 00 00 00 00 00 00 5d 00 00 00
T2668 exit  sendto -> 88 (0x58)
T6662 enter recvfrom(0x41, 0xb400007895f94c80, 0x88, 0x40, 0x77b82b9b88, 0x77b82b9b84)
T6662 exit  recvfrom -> 14 (0xe) bytes=14: 02 08 00 28 00 07 00 02 04 00 00 00 00 00
T2657 enter socket(0x2a, 0x80002, 0, 0x1, 0x77e7a24c6c, 0xb40*************)
T2657 exit  socket -> 76 (0x4c)
T2657 enter sendto(0x4c, 0x77e7a24b80, 0x14, 0, 0x77e7a24b70, 0xc) bytes=20: 0a 00 00 00 12 00 00 00 00 00 00 00 00 00 00 00 00 00 00 00 addr: bytes=12: 2a 00 00 00 01 00 00 00 fe ff ff ff
T2657 exit  sendto -> 20 (0x14)
T2657 enter recvfrom(0x4c, 0x77e7a24bd0, 0x14, 0, 0, 0)
T2657 exit  recvfrom -> 20 (0x14) bytes=20: 04 00 00 00 12 00 00 00 01 00 00 00 00 00 00 00 64 00 00 00
T2609 enter sendto(0x6c, 0xb400007c96ecd448, 0x7, 0x40, 0x7c62964e28, 0xc) bytes=7: 00 01 00 20 00 00 00 addr: bytes=12: 2aT2657 enter recvfrom(0x4c, 0x77e7a24bd0, 0x14, 0, 0, 0) 00
 00 00 00 00 00 00 6b 00 00 00
T2609 exit  sendto -> 7 (0x7)
T2657 exit  recvfrom -> 20 (0x14) bytes=20: 04 00 00 00 00 00 00 00 00 00 00 00 00 00 00 00 00 00 00 00
T2657 enter close(0x4c, 0x4c, 0x14, 0, 0x14, 0)
T6664 enter recvfrom(0x6c, 0xb400007c957d2000, 0x1688, 0x40, 0x7c4aeb6b88, 0x7c4aeb6b84)
T6664 exit  recvfrom -> 14 (0xe) bytes=14: 02 01 00 20 00 07T2657 exit  close -> 0 (0) 00
 02 04 00 01 00 05 00
T2651 enter sendto(0x41, 0xb400007895f4dfb0, 0x7, 0x40, 0x77e8013118, 0xc) bytes=7: 00 06 00 27 00 00 00 addr: bytes=12: 2a 00 00 00 00 00 00 00 5d 00 00 00
T6662 enter recvfrom(0x41, 0xb400007895f94c80, 0x88, 0x40, 0x77b82b9b88, 0x77b82b9b84)
T6662 exit  recvfrom -> 25 (0x19) bytes=25: 02 06 00 27 00 12 00 02 04 00 00 00 00 00 10 04 00 ff ff ff ff 11 01 00 ff
T2651 exit  sendto -> 7 (0x7)
T2657 enter sendto(0x37, 0xb4000077c4e7e050, 0xe, 0x40, 0x77e7a24b88, 0xc) bytes=14: 00 01 00 98 00 07 00 01 04 00 01 00 00 00 addr: bytes=12: 2a 00 00 00 00 00 00 00 64 00 00 00
T2657 exit  sendto -> 14 (0xe)
T6643 enter recvfrom(0x37, 0xb4000077c4e83000, 0x2014, 0x40, 0x77b930fb88, 0x77b930fb84)
T6643 exit  recvfrom -> 14 (0xe) bytes=14: 02 01 00 98 00 07 00 02 04 00 00 00 00 00
T2650 enter socket(0x2a, 0x80002, 0, 0x1, 0, 0)
T2650 exit  socket -> 76 (0x4c)
T2650 enter sendto(0x4c, 0x77e810fb80, 0x14, 0, 0x77e810fb70, 0xc) bytes=20: 0a 00 00 00 07 00 00 00 00 00 00 00 00 00 00 00 00 00 00 00 addr: bytes=12: 2a 00 00 00 01 00 00 00 fe ff ff ff
T2650 exit  sendto -> 20 (0x14)
T2650 enter recvfrom(0x4c, 0x77e810fbd0, 0x14, 0, 0, 0)
T2650 exit  recvfrom -> 20 (0x14) bytes=20: 04 00 00 00 07 00 00 00 01 00 00 00 00 00 00 00 61 00 00 00
T2650 enter recvfrom(0x4c, 0x77e810fbd0, 0x14, 0, 0, 0)
T2650 exit  recvfrom -> 20 (0x14) bytes=20: 04 00 00 00 00 00 00 00 00 00 00 00 00 00 00 00 00 00 00 00
T2650 enter close(0x4c, 0x4c, 0x14, 0, 0x14, 0)
T2650 exit  close -> 0 (0)
T2650 enter socket(0x2a, 0x80002, 0, 0x1, 0x77e810fc6c, 0xb4000077ede0b720)
T2650 exit  socket -> 76 (0x4c)
T2650 enter sendto(0x4c, 0x77e810fb80, 0x14, 0, 0x77e810fb70, 0xc) bytes=20: 0a 00 00 00 07 00 00 00 00 00 00 00 00 00 00 00 00 00 00 00 addr: bytes=12: 2a 00 00 00 01 00 00 00 fe ff ff ff
T2650 exit  sendto -> 20 (0x14)
T2650 enter recvfrom(0x4c, 0x77e810fbd0, 0x14, 0, 0, 0)
T2650 exit  recvfrom -> 20 (0x14) bytes=20: 04 00 00 00 07 00 00 00 01 00 00 00 00 00 00 00 61 00 00 00
T2671 enter write(0x7, 0x787b896727, 0x1, 0x2, 0x2, 0x787f5d15c8) bytes=1: 20
T2671 exit  write -> 1 (0x1)
T2668 enter sendto(0x41, 0xb4000077c4f6b460, 0x4c, 0x40, 0x77d9f45158, 0xc) bytes=76: 00 09 00 23 00 45 00 12 04 00 02 00 00 00 13 04 00 b8 0b 00 00 14 04 00 32 00 00 00 15 2d 00 0b 64 00 00 00 f4 01 00 00 e8 03 00 00 88 13 00 00 10 27 00 00 20 4e 00 00 50 c3 00 00 f8 24 01 00 a0 86 01 00 40 0d 03 00 20 a1 07 00 addr: bytes=12: 2a 00 00 00 00 00 00 00 5d 00 00 00
T2650 enter recvfrom(0x4c, 0x77e810fbd0, 0x14, 0, 0, 0)
T2668 exit  sendto -> 76 (0x4c)
T2650 exit  recvfrom -> 20 (0x14) bytes=20: 04 00 00 00 00 00 00 00 00 00 00 00 00 00 00 00 00 00 00 00
T6662 enter recvfrom(0x41, 0xb400007895f94c80, 0x88, 0x40, 0x77b82b9b88, 0x77b82b9b84)
T2650 enter close(0x4c, 0x4c, 0x14, 0, 0x14, 0)
T6662 exit  recvfrom -> 14 (0xe) bytes=14: 02 09 00 23 00 07 00 02 04 00 00 00 00 00
T2671 enter ioctl(0xf, 0xc0306201, 0x77d9c4e7f8, 0, 0, 0x1) ioctl_req=0xc0306201
T2650 exit  close -> 0 (0)
T2671 exit  ioctl -> 0 (0)
T2671 enter ioctl(0xf, 0xc0306201, 0x77d9c4eca8, 0x77d9c4edd8, 0x77d9c4edd0, 0x80**************) ioctl_req=0xc0306201
T2671 exit  ioctl -> 0 (0)
T2668 enter sendto(0x41, 0xb4000077ede70780, 0x58, 0x40, 0x77d9f45158, 0xc) bytes=88: 00 0a 00 28 00 51 00 11 04 00 02 00 00 00 12 04 00 b8 0b 00 00 13 04 00 32 00 00 00 14 39 00 0e 64 00 00 00 f4 01 00 00 e8 03 00 00 88 13 00 00 10 27 00 00 20 4e 00 00 50 c3 00 00 f8 24 01 00 a0 86 01 00 40 0d 03 00 20 a1 07 00 40 42 0f 00 60 e3 16 00 80 84 1e 00 addr: bytes=12: 2a 00 00 00 00 00 00 00 5d 00 00 00
T2668 exit  sendto -> 88 (0x58)
T6662 enter recvfrom(0x41, 0xb400007895f94c80, 0x88, 0x40, 0x77b82b9b88, 0x77b82b9b84)
T6662 exit  recvfrom -> 14 (0xe) bytes=14: 02 0a 00 28 00 07 00 02 04 00 00 00 00 00
T2671 enter ioctl(0xf, 0xc0306201, 0x77d9c4e7f8, 0, 0, 0x1) ioctl_req=0xc0306201
T2649 enter socket(0x2a, 0x80002, 0, 0x1, 0x77e820ccbc, 0x77e820ce00)
T2671 exit  ioctl -> 0 (0)
T2649 exit  socket -> 76 (0x4c)
T2600 enter ioctl(0xe, 0xc0306201, 0x7c82447cd8, 0, 0, 0x1) ioctl_req=0xc0306201
T2600 exit  ioctl -> 0 (0)
T2671 enter sendto(0x23, 0xb4000077ede15740, 0x2b, 0x40, 0x77d9c4e238, 0xc) bytes=43: 00 02 00 22 00 24 00 10 01 00 01 11 01 00 01 12 01 00 01 13 01 00 01 19 01 00 01 1b 01 00 01 1e 01 00 01 1f 01 00 01 23 01 00 01 addr: bytes=12: 2a 00 00 00 00 00 00 00 62 00 00 00
T2671 exit  sendto -> 43 (0x2b)
T6638 enter recvfrom(0x23, 0xb4000077c4e3c000, 0x2014, 0x40, 0x77bf800b88, 0x77bf800b84)
T6638 exit  recvfrom -> 14 (0xe) bytes=14: 02 02 00 22 00 07 00 02 04 00 00 00 00 00
T2671 enter sendto(0x23, 0xb4000077ede15740, 0xb, 0x40, 0x77d9c4e238, 0xc) bytes=11: 00 03 00 22 00 04 00 18 01 00 01 addr: bytes=12: 2a 00 00 00 00 00 00 00 62 00 00 00
T2671 exit  sendto -> 11 (0xb)
T2650 enter sendto(0x47, 0xb4000077ede0c260, 0xe, 0x40, 0x77e810fb68, 0xc) bytes=14: 00 01 00 27 00 07 00 01 04 00 02 00 00 00 addr: bytes=12: 2a 00 00 00 00 00 00 00 61 00 00 00
T6638 enter recvfrom(0x23, 0xb4000077c4e3c000, 0x2014, 0x40, 0x77bf800b88, 0x77bf800b84)
T6638 exit  recvfrom -> 14 (0xe) bytes=14: 02 03 00 22 00 07 00 02 04 00 00 00 00 00
T6663 enter recvfrom(0x47, 0xb4000077edec5000, 0x2014, 0x40, 0x77b84b3b88, 0x77b84b3b84)
T6663 exit  recvfrom -> 14 (0xe) bytes=14: 02 01 00 27 00 07 00 02 04 00 00 00 00 00
T2650 exit  sendto -> 14 (0xe)
T2649 enter sendto(0x4c, 0x77e820cbd0, 0x14, 0, 0x77e820cbc0, 0xc) bytes=20: 0a 00 00 00 2a 00 00 00 00 00 00 00 00 00 00 00 00 00 00 00 addr: bytes=12: 2a 00 00 00 01 00 00 00 fe ff ff ff
T2649 exit  sendto -> 20 (0x14)
T2668 enter sendto(0x41, 0xb4000077c4f6b460, 0x4c, 0x40, 0x77d9f45158, 0xc) bytes=76: 00 0b 00 23 00 45 00 12 04 00 01 00 00 00 13 04 00 b8 0b 00 00 14 04 00 32 00 00 00 15 2d 00 0b 64 00 00 00 f4 01 00 00 e8 03 00 00 88 13 00 00 10 27 00 00 20 4e 00 00 50 c3 00 00 f8 24 01 00 a0 86 01 00 40 0d 03 00 20 a1 07 00 addr: bytes=12: 2a 00 00 00 00 00 00 00 5d 00 00 00
T2668 exit  sendto -> 76 (0x4c)
T6662 enter recvfrom(0x41, 0xb400007895f94c80, 0x88, 0x40, 0x77b82b9b88, 0x77b82b9b84)
T6662 exit  recvfrom -> 14 (0xe) bytes=14: 02 0b 00 23 00 07 00 02 04 00 00 00 00 00
T2649 enter recvfrom(0x4c, 0x77e820cc20, 0x14, 0, 0, 0)
T2649 exit  recvfrom -> 20 (0x14) bytes=20: 04 00 00 00 2a 00 00 00 01 00 00 00 00 00 00 00 56 00 00 00
T2649 enter recvfrom(0x4c, 0x77e820cc20, 0x14, 0, 0, 0)
T2649 exit  recvfrom -> 20 (0x14) bytes=20: 04 00 00 00 00 00 00 00 00 00 00 00 00 00 00 00 00 00 00 00
T2649 enter close(0x4c, 0x4c, 0x14, 0, 0x14, 0)
T2649 exit  close -> 0 (0)
T2649 enter socket(0x2a, 0x80002, 0, 0x7895f96d90, 0x7895f96da0, 0x1d06)
T2668 enter sendto(0x41, 0xb4000077ede70780, 0x58, 0x40, 0x77d9f45158, 0xc) bytes=88: 00 0c 00 28 00 51 00 11 04 00 01 00 00 00 12 04 00 b8 0b 00 00 13 04 00 32 00 00 00 14 39 00 0e 64 00 00 00 f4 01 00 00 e8 03 00 00 88 13 00 00 10 27 00 00 20 4e 00 00 50 c3 00 00 f8 24 01 00 a0 86 01 00 40 0d 03 00 20 a1 07 00 40 42 0f 00 60 e3 16 00 80 84 1e 00 addr: bytes=12: 2a 00 00 00 00 00 00 00 5d 00 00 00
T2668 exit  sendto -> 88 (0x58)
T2649 exit  socket -> 76 (0x4c)
T2671 enter ioctl(0xf, 0xc0306201, 0x77d9c4e7f8, 0, 0, 0x1) ioctl_req=0xc0306201
T2671 exit  ioctl -> 0 (0)
T6662 enter recvfrom(0x41, 0xb400007895f94c80, 0x88, 0x40, 0x77b82b9b88, 0x77b82b9b84)
T6662 exit  recvfrom -> 14 (0xe) bytes=14: 02 0c 00 28 00 07 00 02 04 00 00 00 00 00
T2671 enter ioctl(0xf, 0xc0306201, 0x77d9c4e7f8, 0, 0, 0x1) ioctl_req=0xc0306201
attached new tid=6665
T2671 exit  ioctl -> 0 (0)
T2649 enter write(0x4e, 0x787e6ad6c3, 0x1, 0, 0, 0) bytes=1: 61
T6665 enter read(0x4d, 0x77b81bcb94, 0x1, 0, 0, 0x4)
T6665 exit  read -> 1 (0x1) bytes=1: 61
T2649 exit  write -> 1 (0x1)
T2649 enter socket(0x2a, 0x80002, 0, 0x1, 0, 0)
T2649 exit  socket -> 79 (0x4f)
T2649 enter sendto(0x4f, 0x77e820cb80, 0x14, 0, 0x77e820cb70, 0xc) bytes=20: 0a 00 00 00 2a 00 00 00 00 00 00 00 00 00 00 00 00 00 00 00 addr: bytes=12: 2a 00 00 00 01 00 00 00 fe ff ff ff
T2649 exit  sendto -> 20 (0x14)
T2649 enter recvfrom(0x4f, 0x77e820cbd0, 0x14, 0, 0, 0)
T2649 exit  recvfrom -> 20 (0x14) bytes=20: 04 00 00 00 2a 00 00 00 01 00 00 00 00 00 00 00 56 00 00 00
T2649 enter recvfrom(0x4f, 0x77e820cbd0, 0x14, 0, 0, 0)
attached new tid=6666
T2649 exit  recvfrom -> 20 (0x14) bytes=20: 04 00 00 00 00 00 00 00 00 00 00 00 00 00 00 00 00 00 00 00
T2649 enter close(0x4f, 0x4f, 0x14, 0, 0x14, 0)
T2649 exit  close -> 0 (0)
T2649 enter socket(0x2a, 0x80002, 0, 0x1, 0x77e820cc6c, 0xb4000077c4e6cee0)
T2649 exit  socket -> 79 (0x4f)
T6666 enter openat(0xffffff9c, 0x77b30bf910, 0x80000, 0, 0x787e45675c, 0x77b30bf660) path="/proc/1993/cmdline"
T2649 enter sendto(0x4f, 0x77e820cb80, 0x14, 0, 0x77e820cb70, 0xc) bytes=20: 0a 00 00 00 2a 00 00 00 00 00 00 00 00 00 00 00 00 00 00 00 addr: bytes=12: 2a 00 00 00 01 00 00 00 fe ff ff ff
T6666 exit  openat -> 80 (0x50)
T6666 enter read(0x50, 0x77b30bf8d0, 0x31, 0, 0x787e45675c, 0x77b30bf660)
T6666 exit  read -> 29 (0x1d) bytes=29: 2f 76 65 6e 64 6f 72 2f 62 69 6e 2f 68 77 2f 71 63 72 69 6c 4e 72 64 00 2d 63 00 32 00
T6666 enter close(0x50, 0x50, 0x616d6d6f43007325, 0x65*************e, 0x10, 0)
T6666 exit  close -> 0 (0)
T2649 exit  sendto -> 20 (0x14)
T2649 enter recvfrom(0x4f, 0x77e820cbd0, 0x14, 0, 0, 0)
T2649 exit  recvfrom -> 20 (0x14) bytes=20: 04 00 00 00 2a 00 00 00 01 00 00 00 00 00 00 00 56 00 00 00
T2649 enter recvfrom(0x4f, 0x77e820cbd0, 0x14, 0, 0, 0)
T2649 exit  recvfrom -> 20 (0x14) bytes=20: 04 00 00 00 00 00 00 00 00 00 00 00 00 00 00 00 00 00 00 00
T2649 enter close(0x4f, 0x4f, 0x14, 0, 0x14, 0)
T2649 exit  close -> 0 (0)
T2655 enter socket(0x2a, 0x80002, 0, 0x1, 0, 0)
T2655 exit  socket -> 79 (0x4f)
T2655 enter sendto(0x4f, 0x77e7c1eb80, 0x14, 0, 0x77e7c1eb70, 0xc) bytes=20: 0a 00 00 00 05 00 00 00 00 00 00 00 00 00 00 00 00 00 00 00 addr: bytes=12: 2a 00 00 00 01 00 00 00 fe ff ff ff
T2652 enter socket(0x2a, 0x80002, 0, 0x77ede07cb0, 0x77ede07cc0, 0x8098)
T2655 exit  sendto -> 20 (0x14)
T2655 enter recvfrom(0x4f, 0x77e7c1ebd0, 0x14, 0, 0, 0)
T2655 exit  recvfrom -> 20 (0x14) bytes=20: 04 00 00 00 05 00 00 00 01 00 00 00 00 00 00 00 5a 00 00 00
T6666 enter openat(0xffffff9c, 0xb400007896086b30, 0x80000, 0, 0x3e9, 0x3ba) path="/system/vendor/etc/data/dsi_config.xml"
T2655 enter recvfrom(0x4f, 0x77e7c1ebd0, 0x14, 0, 0, 0)
T2652 exit  socket -> 80 (0x50)
T6666 exit  openat -> 81 (0x51)
T2655 exit  recvfrom -> 20 (0x14) bytes=20: 04 00 00 00 00 00 00 00 00 00 00 00 00 00 00 00 00 00 00 00
T2655 enter close(0x4f, 0x4f, 0x14, 0, 0x14, 0)
T2655 exit  close -> 0 (0)
T2655 enter socket(0x2a, 0x80002, 0, 0x1, 0x77e7c1ec6c, 0xb4000078960900e0)
T6666 enter read(0x51, 0xb4000077edfa1b80, 0xe25e, 0xffffffffffffffff, 0xffffffffffffffff, 0x1)
T2655 exit  socket -> 79 (0x4f)
T6666 exit  read -> 57950 (0xe25e) bytes=160: 3c 3f 78 6d 6c 20 76 65 72 73 69 6f 6e 3d 22 31 2e 30 22 20 65 6e 63 6f 64 69 6e 67 3d 22 55 54 46 2d 38 22 3f 3e 0a 3c 21 2d 2d 0a 20 20 20 20 20 44 53 49 20 4d 6f 64 75 6c 65 20 63 6f 6e 66 69 67 75 72 61 74 69 6f 6e 20 58 4d 4c 20 66 69 6c 65 0a 20 20 20 20 20 43 6f 70 79 72 69 67 68 74 20 28 63 29 20 32 30 31 33 2c 20 32 30 31 35 2c 20 32 30 31 37 2d 32 30 32 31 20 51 75 61 6c 63 6f 6d 6d 20 54 65 63 68 6e 6f 6c 6f 67 69 65 73 2c 20 49 6e 63 2e 0a 20 20 20 20 20 41 6c 6c
T6666 enter close(0x51, 0x51, 0, 0xffffffffffffffff, 0xffffffffffffffff, 0x1)
T6666 exit  close -> 0 (0)
T2655 enter sendto(0x4f, 0x77e7c1eb80, 0x14, 0, 0x77e7c1eb70, 0xc) bytes=20: 0a 00 00 00 05 00 00 00 00 00 00 00 00 00 00 00 00 00 00 00 addr: bytes=12: 2a 00 00 00 01 00 00 00 fe ff ff ff
T2655 exit  sendto -> 20 (0x14)
T2655 enter recvfrom(0x4f, 0x77e7c1ebd0, 0x14, 0, 0, 0)
T2655 exit  recvfrom -> 20 (0x14) bytes=20: 04 00 00 00 05 00 00 00 01 00 00 00 00 00 00 00 5a 00 00 00
T2655 enter recvfrom(0x4f, 0x77e7c1ebd0, 0x14, 0, 0, 0)
T2655 exit  recvfrom -> 20 (0x14) bytes=20: 04 00 00 00 00 00 00 00 00 00 00 00 00 00 00 00 00 00 00 00
T2655 enter close(0x4f, 0x4f, 0x14, 0, 0x14, 0)
T2655 exit  close -> 0 (0)
attached new tid=6667
T2648 enter socket(0x2a, 0x80002, 0, 0x1, 0x77e9309cbc, 0x77e9309e00)
T2648 exit  socket -> 79 (0x4f)
T2652 enter write(0x5b, 0x787e6ad6c3, 0x1, 0x8, 0x77b2fc2d00, 0x787edfdd2c) bytes=1: 61
T2652 exit  write -> 1 (0x1)
T2648 enter sendto(0x4f, 0x77e9309bd0, 0x14, 0, 0x77e9309bc0, 0xc) bytes=20: 0a 00 00 00 01 00 00 00 00 00 00 00 00 00 00 00 00 00 00 00 addr: bytes=12: 2a 00 00 00 01 00 00 00 fe ff ff ff
T2648 exit  sendto -> 20 (0x14)
T2648 enter recvfrom(0x4f, 0x77e9309c20, 0x14, 0, 0, 0)
T2648 exit  recvfrom -> 20 (0x14) bytes=20: 04 00 00 00 01 00 00 00 01 00 00 00 00 00 00 00 4a 00 00 00
T2648 enter recvfrom(0x4f, 0x77e9309c20, 0x14, 0, 0, 0)
T2648 exit  recvfrom -> 20 (0x14) bytes=20: 04 00 00 00 00 00 00 00 00 00 00 00 00 00 00 00 00 00 00 00
T2648 enter close(0x4f, 0x4f, 0x14, 0, 0x14, 0)
T2648 exit  close -> 0 (0)
T2652 enter socket(0x2a, 0x80002, 0, 0x1, 0, 0)
T6667 enter read(0x51, 0x77b2fc2b94, 0x1, 0, 0, 0x1)
T2652 exit  socket -> 79 (0x4f)
T6667 exit  read -> 1 (0x1) bytes=1: 61
T2648 enter socket(0x2a, 0x80002, 0, 0x77ede077b0, 0x77ede077c0, 0xa515)
T2652 enter sendto(0x4f, 0x77e7f15b80, 0x14, 0, 0x77e7f15b70, 0xc) bytes=20: 0a 00 00 00 24 00 00 00 00 00 00 00 00 00 00 00 00 00 00 00 addr: bytes=12: 2a 00 00 00 01 00 00 00 fe ff ff ff
T2648 exit  socket -> 92 (0x5c)
T2652 exit  sendto -> 20 (0x14)
T2652 enter recvfrom(0x4f, 0x77e7f15bd0, 0x14, 0, 0, 0)
T2652 exit  recvfrom -> 20 (0x14) bytes=20: 04 00 00 00 24 00 00 00 01 00 00 00 00 00 00 00 21 00 00 00
T2652 enter recvfrom(0x4f, 0x77e7f15bd0, 0x14, 0, 0, 0)
T2652 exit  recvfrom -> 20 (0x14) bytes=20: 04 00 00 00 00 00 00 00 00 00 00 00 00 00 00 00 00 00 00 00
T2652 enter close(0x4f, 0x4f, 0x14, 0, 0x14, 0)
T2652 exit  close -> 0 (0)
T2652 enter socket(0x2a, 0x80002, 0, 0x1, 0x77e7f15c6c, 0xb4000077ede0b2a0)
T2652 exit  socket -> 79 (0x4f)
T2652 enter sendto(0x4f, 0x77e7f15b80, 0x14, 0, 0x77e7f15b70, 0xc) bytes=20: 0a 00 00 00 24 00 00 00 00 00 00 00 00 00 00 00 00 00 00 00 addr: bytes=12: 2a 00 00 00 01 00 00 00 fe ff ff ff
T2652 exit  sendto -> 20 (0x14)
attached new tid=6668
T2652 enter recvfrom(0x4f, 0x77e7f15bd0, 0x14, 0, 0, 0)
T2652 exit  recvfrom -> 20 (0x14) bytes=20: 04 00 00 00 24 00 00 00 01 00 00 00 00 00 00 00 21 00 00 00
T2652 enter recvfrom(0x4f, 0x77e7f15bd0, 0x14, 0, 0, 0)
T2652 exit  recvfrom -> 20 (0x14) bytes=20: 04 00 00 00 00 00 00 00 00 00 00 00 00 00 00 00 00 00 00 00
T2652 enter close(0x4f, 0x4f, 0x14, 0, 0x14, 0)
T2652 exit  close -> 0 (0)
T2655 enter sendto(0x38, 0xb400007895f4df30, 0xb, 0x40, 0x77e7c1eb98, 0xc) bytes=11: 00 01 00 4c 00 04 00 01 01 00 01 addr: bytes=12: 2a 00 00 00 00 00 00 00 5a 00 00 00
T2655 exit  sendto -> 11 (0xb)
T6649 enter recvfrom(0x38, 0xb4000077edeecc00, 0xb560, 0x40, 0x77b9115b88, 0x77b9115b84)
T6649 exit  recvfrom -> 14 (0xe) bytes=14: 02 01 00 4c 00 07 00 02 04 00 00 00 00 00
T2671 enter sendto(0x32, 0xb4000077c4f6b3c0, 0xb, 0x40, 0x77d9c4e108, 0xc) bytes=11: 00 02 00 03 00 04 00 11 01 00 01 addr: bytes=12: 2a 00 00 00 00 00 00 00 45 00 00 00
T2671 exit  sendto -> 11 (0xb)
T6642 enter recvfrom(0x32, 0xb4000077edeb8040, 0xa034, 0x40, 0x77ba40cb88, 0x77ba40cb84)
T6642 exit  recvfrom -> 14 (0xe) bytes=14: 02 02 00 03 00 07 00 02 04 00 00 00 00 00
attached new tid=6669
T6669 enter socket(0x1, 0x80001, 0, 0x77b2dc8714, 0x1388, 0x1)
T6669 exit  socket -> 79 (0x4f)
T6669 enter connect(0x4f, 0x77b2dc8610, 0x2a, 0x891f6bba, 0xffffffffffffff, 0x82e8)
T6669 exit  connect -> 0 (0)
T6669 enter sendto(0x4f, 0xb4000077ede3f768, 0x8, 0x4040, 0, 0) bytes=8: 08 00 00 10 0d 00 00 00
T6669 exit  sendto -> 8 (0x8)
T6669 enter recvfrom(0x4f, 0xb4000077edf8bb80, 0x800, 0, 0, 0)
T6669 exit  recvfrom -> 8 (0x8) bytes=8: 08 00 00 10 0e 00 00 00
T6669 enter close(0x4f, 0x4f, 0x20**************, 0x30**************, 0x10, 0)
T6669 exit  close -> 0 (0)
T2671 enter sendto(0x32, 0xb4000077c4f6b3c0, 0xb, 0x40, 0x77d9c4e108, 0xc) bytes=11: 00 03 00 03 00 04 00 1c 01 00 01 addr: bytes=12: 2a 00 00 00 00 00 00 00 45 00 00 00
T2671 exit  sendto -> 11 (0xb)
T6642 enter recvfrom(0x32, 0xb4000077edeb8040, 0xa034, 0x40, 0x77ba40cb88, 0x77ba40cb84)
T6642 exit  recvfrom -> 14 (0xe) bytes=14: 02 03 00 03 00 07 00 02 04 00 00 00 00 00
T2671 enter sendto(0x32, 0xb4000077c4f6b3c0, 0xb, 0x40, 0x77d9c4e108, 0xc) bytes=11: 00 04 00 03 00 04 00 15 01 00 01 addr: bytes=12: 2a 00 00 00 00 00 00 00 45 00 00 00
T2671 exit  sendto -> 11 (0xb)
T6642 enter recvfrom(0x32, 0xb4000077edeb8040, 0xa034, 0x40, 0x77ba40cb88, 0x77ba40cb84)
T6642 exit  recvfrom -> 14 (0xe) bytes=14: 02 04 00 03 00 07 00 02 04 00 00 00 00 00
T2671 enter sendto(0x32, 0xb4000077c4f6b3c0, 0xb, 0x40, 0x77d9c4e108, 0xc) bytes=11: 00 05 00 03 00 04 00 14 01 00 01 addr: bytes=12: 2a 00 00 00 00 00 00 00 45 00 00 00
T2671 exit  sendto -> 11 (0xb)
T6642 enter recvfrom(0x32, 0xb4000077edeb8040, 0xa034, 0x40, 0x77ba40cb88, 0x77ba40cb84)
T6642 exit  recvfrom -> 14 (0xe) bytes=14: 02 05 00 03 00 07 00 02 04 00 00 00 00 00
T2652 enter sendto(0x50, 0xb4000077ede0b2a0, 0xb, 0x40, 0x77e7f16208, 0xc) bytes=11: 00 01 00 20 00 04 00 11 01 00 01 addr: bytes=12: 2a 00 00 00 00 00 00 00 21 00 00 00
T2671 enter sendto(0x32, 0xb4000077c4f6b3c0, 0xb, 0x40, 0x77d9c4e108, 0xc) bytes=11: 00 06 00 03 00 04 00 1b 01 00 01 addr: bytes=12: 2a 00 00 00 00 00 00 00 45 00 00 00
T2652 exit  sendto -> 11 (0xb)
T6667 enter recvfrom(0x50, 0xb4000077c4fee200, 0x80a0, 0x40, 0x77b2fc2b88, 0x77b2fc2b84)
T2671 exit  sendto -> 11 (0xb)
T6667 exit  recvfrom -> 14 (0xe) bytes=14: 02 01 00 20 00 07 00 02 04 00 00 00 00 00
T6642 enter recvfrom(0x32, 0xb4000077edeb8040, 0xa034, 0x40, 0x77ba40cb88, 0x77ba40cb84)
T6642 exit  recvfrom -> 14 (0xe) bytes=14: 02 06 00 03 00 07 00 02 04 00 00 00 00 00
T2649 enter sendto(0x4c, 0xb400007895f4df10, 0xe, 0x40, 0x77e820cb68, 0xc) bytes=14: 00 01 00 27 00 07 00 01 04 00 02 00 00 00 addr: bytes=12: 2a 00 00 00 00 00 00 00 56 00 00 00
T2649 exit  sendto -> 14 (0xe)
T6665 enter recvfrom(0x4c, 0xb4000077c4ed9000, 0x1d10, 0x40, 0x77b81bcb88, 0x77b81bcb84)
T6665 exit  recvfrom -> 14 (0xe) bytes=14: 02 01 00 27 00 07 00 02 04 00 00 00 00 00
T2648 enter write(0x5e, 0x787e6ad6c3, 0x1, 0, 0, 0) bytes=1: 61
T6668 enter read(0x5d, 0x77b2ec5b94, 0x1, 0, 0, 0x1)
T6668 exit  read -> 1 (0x1) bytes=1: 61
T2648 exit  write -> 1 (0x1)
T2648 enter socket(0x2a, 0x80002, 0, 0x1, 0, 0)
T2648 exit  socket -> 79 (0x4f)
T2648 enter sendto(0x4f, 0x77e9309b80, 0x14, 0, 0x77e9309b70, 0xc) bytes=20: 0a 00 00 00 01 00 00 00 00 00 00 00 00 00 00 00 00 00 00 00 addr: bytes=12: 2a 00 00 00 01 00 00 00 fe ff ff ff
T2671 enter sendto(0x32, 0xb4000077c4f6b3c0, 0xb, 0x40, 0x77d9c4e108, 0xc) bytes=11: 00 07 00 03 00 04 00 20 01 00 01 addr: bytes=12: 2a 00 00 00 00 00 00 00 45 00 00 00
T2648 exit  sendto -> 20 (0x14)
T2671 exit  sendto -> 11 (0xb)
T2648 enter recvfrom(0x4f, 0x77e9309bd0, 0x14, 0, 0, 0)
T2648 exit  recvfrom -> 20 (0x14) bytes=20: 04 00 00 00 01 00 00 00 01 00 00 00 00 00 00 00 4a 00 00 00
T6642 enter recvfrom(0x32, 0xb4000077edeb8040, 0xa034, 0x40, 0x77ba40cb88, 0x77ba40cb84)
T6642 exit  recvfrom -> 14 (0xe) bytes=14: 02 07 00 03 00 07 00 02 04 00 00 00 00 00
T2648 enter recvfrom(0x4f, 0x77e9309bd0, 0x14, 0, 0, 0)
T2671 enter sendto(0x32, 0xb4000077c4f6b3c0, 0xb, 0x40, 0x77d9c4e108, 0xc) bytes=11: 00 08 00 03 00 04 00 1e 01 00 01 addr: bytes=12: 2a 00 00 00 00 00 00 00 45 00 00 00
T2671 exit  sendto -> 11 (0xb)
T2648 exit  recvfrom -> 20 (0x14) bytes=20: 04 00 00 00 00 00 00 00 00 00 00 00 00 00 00 00 00 00 00 00
T6642 enter recvfrom(0x32, 0xb4000077edeb8040, 0xa034, 0x40, 0x77ba40cb88, 0x77ba40cb84)
T6642 exit  recvfrom -> 14 (0xe) bytes=14: 02 08 00 03 00 07 00 02 04 00 00 00 00 00
T2668 enter sendto(0x4c, 0xb4000077c4f82190, 0x7, 0x40, 0x77d9f453f8, 0xc) bytes=7: 00 02 00 4f 00 00 00 addr: bytes=12: 2a 00 00 00 00 00 00 00 56 00 00 00
T2668 exit  sendto -> 7 (0x7)
T2648 enter close(0x4f, 0x4f, 0x14, 0, 0x14, 0)
T6665 enter recvfrom(0x4c, 0xb4000077c4ed9000, 0x1d10, 0x40, 0x77b81bcb88, 0x77b81bcb84)
T6665 exit  recvfrom -> 28 (0x1c) bytes=28: 02 02 00 4f 00 15 00 02 04 00 00 00 00 00 10 04 00 01 00 00 00 11 04 00 00 00 00 00
T2648 exit  close -> 0 (0)
T2648 enter socket(0x2a, 0x80002, 0, 0x1, 0x77e9309c6c, 0xb4000077ede0b700)
T2648 exit  socket -> 79 (0x4f)
T2671 enter sendto(0x32, 0xb4000077c4f6b3c0, 0xb, 0x40, 0x77d9c4e108, 0xc) bytes=11: 00 09 00 03 00 04 00 24 01 00 01 addr: bytes=12: 2a 00 00 00 00 00 00 00 45 00 00 00
T2671 exit  sendto -> 11 (0xb)
T6642 enter recvfrom(0x32, 0xb4000077edeb8040, 0xa034, 0x40, 0x77ba40cb88, 0x77ba40cb84)
T6642 exit  recvfrom -> 14 (0xe) bytes=14: 02 09 00 03 00 07 00 02 04 00 00 00 00 00
T2668 enter sendto(0x4c, 0xb4000077ede160a0, 0xb, 0x40, 0x77d9f45408, 0xc) bytes=11: 00 04 00 38 00 04 00 18 01 00 01 addr: bytes=12: 2a 00 00 00 00 00 00 00 56 00 00 00
T2668 exit  sendto -> 11 (0xb)
T2649 enter sendto(0x4c, 0xb4000077c4e6cee0, 0x13, 0x40, 0x77e820c918, 0xc) bytes=19: 00 03 00 69 00 0c 00 10 01 00 01 11 01 00 01 12 01 00 01 addr: bytes=12: 2a 00 00 00 00 00 00 00 56 00 00 00
T6665 enter recvfrom(0x4c, 0xb4000077c4ed9000, 0x1d10, 0x40, 0x77b81bcb88, 0x77b81bcb84)
T6665 exit  recvfrom -> 14 (0xe) bytes=14: 02 04 00 38 00 07 00 02 04 00 00 00 00 00
T2649 exit  sendto -> 19 (0x13)
T2648 enter sendto(0x4f, 0x77e9309b80, 0x14, 0, 0x77e9309b70, 0xc) bytes=20: 0a 00 00 00 01 00 00 00 00 00 00 00 00 00 00 00 00 00 00 00 addr: bytes=12: 2a 00 00 00 01 00 00 00 fe ff ff ff
T6665 enter recvfrom(0x4c, 0xb4000077c4ed9000, 0x1d10, 0x40, 0x77b81bcb88, 0x77b81bcb84)
T6665 exit  recvfrom -> 14 (0xe) bytes=14: 02 03 00 69 00 07 00 02 04 00 00 00 00 00
T2671 enter sendto(0x32, 0xb4000077c4f6b3c0, 0xb, 0x40, 0x77d9c4e108, 0xc) bytes=11: 00 0a 00 03 00 04 00 23 01 00 01 addr: bytes=12: 2a 00 00 00 00 00 00 00 45 00 00 00
T2671 exit  sendto -> 11 (0xb)
T2648 exit  sendto -> 20 (0x14)
T6642 enter recvfrom(0x32, 0xb4000077edeb8040, 0xa034, 0x40, 0x77ba40cb88, 0x77ba40cb84)
T6642 exit  recvfrom -> 14 (0xe) bytes=14: 02 0a 00 03 00 07 00 02 04 00 00 00 00 00
T2648 enter recvfrom(0x4f, 0x77e9309bd0, 0x14, 0, 0, 0)
T2648 exit  recvfrom -> 20 (0x14) bytes=20: 04 00 00 00 01 00 00 00 01 00 00 00 00 00 00 00 4a 00 00 00
T2648 enter recvfrom(0x4f, 0x77e9309bd0, 0x14, 0, 0, 0)
T2648 exit  recvfrom -> 20 (0x14) bytes=20: 04 00 00 00 00 00 00 00 00 00 00 00 00 00 00 00 00 00 00 00
T2648 enter close(0x4f, 0x4f, 0x14, 0, 0x14, 0)
T2648 exit  close -> 0 (0)
T2671 enter sendto(0x32, 0xb4000077c4f6b3c0, 0xb, 0x40, 0x77d9c4e108, 0xc) bytes=11: 00 0b 00 03 00 04 00 27 01 00 01 addr: bytes=12: 2a 00 00 00 00 00 00 00 45 00 00 00
T2671 exit  sendto -> 11 (0xb)
T2647 enter socket(0x2a, 0x80002, 0, 0x7895f98eb0, 0x7895f98ec0, 0x8f23)
T6642 enter recvfrom(0x32, 0xb4000077edeb8040, 0xa034, 0x40, 0x77ba40cb88, 0x77ba40cb84)
T6642 exit  recvfrom -> 14 (0xe) bytes=14: 02 0b 00 03 00 07 00 02 04 00 00 00 00 00
T2647 exit  socket -> 79 (0x4f)
T2649 enter sendto(0x4c, 0xb4000077ede3f2c0, 0x7, 0x40, 0x77e820c878, 0xc) bytes=7: 00 05 00 68 00 00 00 addr: bytes=12: 2a 00 00 00 00 00 00 00 56 00 00 00
T2649 exit  sendto -> 7 (0x7)
T2671 enter sendto(0x32, 0xb4000077c4f6b3c0, 0xb, 0x40, 0x77d9c4e108, 0xc) bytes=11: 00 0c 00 03 00 04 00 1f 01 00 01 addr: bytes=12: 2a 00 00 00 00 00 00 00 45 00 00 00
T2671 exit  sendto -> 11 (0xb)
T2648 enter sendto(0x5c, 0xb4000077c4e7e460, 0xe, 0x40, 0x77e9309b68, 0xc) bytes=14: 00 01 00 af 00 07 00 01 04 00 02 00 00 00 addr: bytes=12: 2a 00 00 00 00 00 00 00 4a 00 00 00
T2648 exit  sendto -> 14 (0xe)
T6642 enter recvfrom(0x32, 0xb4000077edeb8040, 0xa034, 0x40, 0x77ba40cb88, 0x77ba40cb84)
T6642 exit  recvfrom -> 14 (0xe) bytes=14: 02 0c 00 03 00 07 00 02 04 00 00 00 00 00
T6665 enter recvfrom(0x4c, 0xb4000077c4ed9000, 0x1d10, 0x40, 0x77b81bcb88, 0x77b81bcb84)
T6665 exit  recvfrom -> 90 (0x5a) bytes=90: 02 05 00 68 00 53 00 02 04 00 00 00 00 00 10 18 00 00 00 00 00 00 00 00 00 00 00 00 00 00 00 00 00 00 00 00 00 00 00 00 00 11 23 00 01 00 00 01 00 00 00 00 00 00 00 00 00 00 00 00 00 00 00 00 00 00 00 00 00 00 00 00 00 00 00 00 00 00 00 12 08 00 02 00 00 00 00 00 00 00
T6668 enter recvfrom(0x5c, 0xb4000077b89bcec0, 0xa51c, 0x40, 0x77b2ec5b88, 0x77b2ec5b84)
T6668 exit  recvfrom -> 14 (0xe) bytes=14: 02 01 00 af 00 07 00 02 04 00 00 00 00 00
T2671 enter sendto(0x32, 0xb4000077c4f6b3c0, 0xb, 0x40, 0x77d9c4e108, 0xc) bytes=11: 00 0d 00 03 00 04 00 17 01 00 01 addr: bytes=12: 2a 00 00 00 00 00 00 00 45 00 00 00
T2671 exit  sendto -> 11 (0xb)
T6642 enter recvfrom(0x32, 0xb4000077edeb8040, 0xa034, 0x40, 0x77ba40cb88, 0x77ba40cb84)
T6642 exit  recvfrom -> 14 (0xe) bytes=14: 02 0d 00 03 00 07 00 02 04 00 00 00 00 00
T2671 enter sendto(0x32, 0xb4000077c4f6b3c0, 0xb, 0x40, 0x77d9c4e108, 0xc) bytes=11: 00 0e 00 03 00 04 00 29 01 00 01 addr: bytes=12: 2a 00 00 00 00 00 00 00 45 00 00 00
T2671 exit  sendto -> 11 (0xb)
attached new tid=6670
T6642 enter recvfrom(0x32, 0xb4000077edeb8040, 0xa034, 0x40, 0x77ba40cb88, 0x77ba40cb84)
T6642 exit  recvfrom -> 14 (0xe) bytes=14: 02 0e 00 03 00 07 00 02 04 00 00 00 00 00
T2668 enter sendto(0x4c, 0xb4000077ede3f2b0, 0x7, 0x40, 0x77d9f453e8, 0xc) bytes=7: 00 06 00 4f 00 00 00 addr: bytes=12: 2a 00 00 00 00 00 00 00 56 00 00 00
T2668 exit  sendto -> 7 (0x7)
T2671 enter sendto(0x32, 0xb4000077c4f6b3c0, 0xb, 0x40, 0x77d9c4e108, 0xc) bytes=11: 00 0f 00 03 00 04 00 2f 01 00 01 addr: bytes=12: 2a 00 00 00 00 00 00 00 45 00 00 00
T6665 enter recvfrom(0x4c, 0xb4000077c4ed9000, 0x1d10, 0x40, 0x77b81bcb88, 0x77b81bcb84)
T2671 exit  sendto -> 11 (0xb)
T6665 exit  recvfrom -> 28 (0x1c) bytes=28: 02 06 00 4f 00 15 00 02 04 00 00 00 00 00 10 04 00 01 00 00 00 11 04 00 00 00 00 00
T6642 enter recvfrom(0x32, 0xb4000077edeb8040, 0xa034, 0x40, 0x77ba40cb88, 0x77ba40cb84)
T6642 exit  recvfrom -> 14 (0xe) bytes=14: 02 0f 00 03 00 07 00 02 04 00 00 00 00 00
T2647 enter write(0x60, 0x787e6ad6c3, 0x1, 0, 0, 0) bytes=1: 61
T2647 exit  write -> 1 (0x1)
T6670 enter read(0x5f, 0x77b30bfb94, 0x1, 0, 0, 0x1)
T6670 exit  read -> 1 (0x1) bytes=1: 61
T2647 enter socket(0x2a, 0x80002, 0, 0x1, 0, 0)
T2647 exit  socket -> 98 (0x62)
T2671 enter sendto(0x32, 0xb4000077c4f6b3c0, 0xb, 0x40, 0x77d9c4e108, 0xc) bytes=11: 00 10 00 03 00 04 00 30 01 00 01 addr: bytes=12: 2a 00 00 00 00 00 00 00 45 00 00 00
T2671 exit  sendto -> 11 (0xb)
T2647 enter sendto(0x62, 0x77e9406b80, 0x14, 0, 0x77e9406b70, 0xc) bytes=20: 0a 00 00 00 03 00 00 00 00 00 00 00 00 00 00 00 00 00 00 00 addr: bytes=12: 2a 00 00 00 01 00 00 00 fe ff ff ff
T2647 exit  sendto -> 20 (0x14)
T6642 enter recvfrom(0x32, 0xb4000077edeb8040, 0xa034, 0x40, 0x77ba40cb88, 0x77ba40cb84)
T6642 exit  recvfrom -> 14 (0xe) bytes=14: 02 10 00 03 00 07 00 02 04 00 00 00 00 00
T2647 enter recvfrom(0x62, 0x77e9406bd0, 0x14, 0, 0, 0)
T2647 exit  recvfrom -> 20 (0x14) bytes=20: 04 00 00 00 03 00 00 00 01 00 00 00 00 00 00 00 46 00 00 00
T2647 enter recvfrom(0x62, 0x77e9406bd0, 0x14, 0, 0, 0)
T2647 exit  recvfrom -> 20 (0x14) bytes=20: 04 00 00 00 00 00 00 00 00 00 00 00 00 00 00 00 00 00 00 00
T2647 enter close(0x62, 0x62, 0x14, 0, 0x14, 0)
T2668 enter sendto(0x4c, 0xb4000077ede160a0, 0xb, 0x40, 0x77d9f453f8, 0xc) bytes=11: 00 07 00 38 00 04 00 18 01 00 01 addr: bytes=12: 2a 00 00 00 00 00 00 00 56 00 00 00
T2647 exit  close -> 0 (0)
T2668 exit  sendto -> 11 (0xb)
T2593 enter sendto(0x39, 0xb400007c87e1fd80, 0x1b, 0x40, 0x7c82b2fa98, 0xc) bytes=27: 00 07 00 20 00 14 00 01 02 00 06 00 02 05 00 e2 2f 02 00 3f 03 04 00 00 00 00 00 addr: bytes=12: 2a 00 00 00 00 00 00 00 49 00 00 00
T2593 exit  sendto -> 27 (0x1b)
T1992 enter ioctl(0xe, 0xc0306201, 0x7fe59a8ab8, 0x7c84b08088, 0, 0xb400007c96ed8500) ioctl_req=0xc0306201
T1992 exit  ioctl -> 0 (0)
T6631 enter recvfrom(0x39, 0xb400007c87eea100, 0x66b8, 0x40, 0x7c5c474b88, 0x7c5c474b84)
T6631 exit  recvfrom -> 34 (0x22) bytes=34: 02 07 00 20 00 1b 00 02 04 00 00 00 00 00 11 0c 00 0a 00 98 93 88 80 64 50 06 39 87 f6 10 02 00 90 00
T2600 enter sendto(0x39, 0xb400007c96f4eb00, 0x1c, 0x40, 0x7c82444ed8, 0xc) bytes=28: 00 08 00 39 00 15 00 01 12 00 01 10 a0 00 00 00 87 10 02 ff 39 ff ff 89 01 01 01 00 addr: bytes=12: 2a 00 00 00 00 00 00 00 49 00 00 00
T2603 enter sendto(0x69, 0xb400007c96ecd3d8, 0x7, 0x40, 0x7c8214fd68, 0xc) bytes=7: 00 02 00 4d 00 00 00 addr: bytes=12: 2a 00 00 00 00 00 00 00 46 00 00 00
T2600 exit  sendto -> 28 (0x1c)
T2603 exit  sendto -> 7 (0x7)
T6652 enter recvfrom(0x69, 0xb400007c666f2500, 0x8f2c, 0x40, 0x7c4acbcb88, 0x7c4acbcb84)
T6631 enter recvfrom(0x39, 0xb400007c87eea100, 0x66b8, 0x40, 0x7c5c474b88, 0x7c5c474b84)
T6652 exit  recvfrom -> 57 (0x39) bytes=57: 02 02 00 4d 00 32 00 02 04 00 00 00 00 00 10 02 00 00 00 12 03 00 00 00 00 13 03 00 00 00 00 14 03 00 00 00 00 27 04 00 01 00 00 00 2f 04 00 00 00 00 00 4a 03 00 00 00 00
T6631 exit  recvfrom -> 23 (0x17) bytes=23: 02 08 00 39 00 10 00 02 04 00 00 00 00 00 10 06 00 05 57 69 6e 64 33
T2593 enter sendto(0x39, 0xb400007c87e23950, 0x18, 0x40, 0x7c82b30af8, 0xc) bytes=24: 00 09 00 24 00 11 00 01 02 00 00 00 02 09 00 30 4f 06 00 3f 10 7f 3a 5f addr: bytes=12: 2a 00 00 00 00 00 00 00 49 00 00 00
T2593 exit  sendto -> 24 (0x18)
T2593 enter sendto(0x39, 0xb400007c66615200, 0x13, 0x40, 0x7c82b30c08, 0xc) bytes=19: 00 0a 00 2a 00 0c 00 01 02 00 06 00 02 04 00 01 00 00 00 addr: bytes=12: 2a 00 00 00 00 00 00 00 49 00 00 00
T2593 exit  sendto -> 19 (0x13)
T6631 enter recvfrom(0x39, 0xb400007c87eea100, 0x66b8, 0x40, 0x7c5c474b88, 0x7c5c474b84)
T6631 exit  recvfrom -> 14 (0xe) bytes=14: 02 0a 00 2a 00 07 00 02 04 00 00 00 00 00
T6665 enter recvfrom(0x4c, 0xb4000077c4ed9000, 0x1d10, 0x40, 0x77b81bcb88, 0x77b81bcb84)
T6665 exit  recvfrom -> 14 (0xe) bytes=14: 02 07 00 38 00 07 00 02 04 00 00 00 00 00
T6660 enter writev(0x4, 0x77b8f1b1c0, 0x4, 0x3, 0x77b8f1b200, 0x8322)
T6660 exit  writev -> 107 (0x6b)
T2671 enter sendto(0x32, 0xb4000077c4f6b3c0, 0xb, 0x40, 0x77d9c4e108, 0xc) bytes=11: 00 11 00 03 00 04 00 2d 01 00 01 addr: bytes=12: 2a 00 00 00 00 00 00 00 45 00 00 00
T2671 exit  sendto -> 11 (0xb)
T2647 enter socket(0x2a, 0x80002, 0, 0x1, 0x77e9406c6c, 0xb400007896062f00)
T6631 enter recvfrom(0x39, 0xb400007c87eea100, 0x66b8, 0x40, 0x7c5c474b88, 0x7c5c474b84)
T2647 exit  socket -> 98 (0x62)
T6642 enter recvfrom(0x32, 0xb4000077edeb8040, 0xa034, 0x40, 0x77ba40cb88, 0x77ba40cb84)
T6642 exit  recvfrom -> 14 (0xe) bytes=14: 02 11 00 03 00 07 00 02 04 00 00 00 00 00
T6631 exit  recvfrom -> 87 (0x57) bytes=87: 02 09 00 24 00 50 00 02 04 00 00 00 00 00 13 04 00 01 00 00 00 11 3a 00 80 00 30 4f 02 80 00 01 00 03 09 00 04 08 00 00 00 00 04 08 00 04 08 00 20 00 62 1e 82 05 42 21 00 80 01 83 02 4f 30 a5 03 80 01 61 8a 01 05 8b 03 6f 06 0f 80 02 00 80 88 00 10 02 00 90 00
T2647 enter sendto(0x62, 0x77e9406b80, 0x14, 0, 0x77e9406b70, 0xc) bytes=20: 0a 00 00 00 03 00 00 00 00 00 00 00 00 00 00 00 00 00 00 00 addr: bytes=12: 2a 00 00 00 01 00 00 00 fe ff ff ff
T2647 exit  sendto -> 20 (0x14)
T2647 enter recvfrom(0x62, 0x77e9406bd0, 0x14, 0, 0, 0)
T2647 exit  recvfrom -> 20 (0x14) bytes=20: 04 00 00 00 03 00 00 00 01 00 00 00 00 00 00 00 46 00 00 00
T2647 enter recvfrom(0x62, 0x77e9406bd0, 0x14, 0, 0, 0)
T2647 exit  recvfrom -> 20 (0x14) bytes=20: 04 00 00 00 00 00 00 00 00 00 00 00 00 00 00 00 00 00 00 00
T2647 enter close(0x62, 0x62, 0x14, 0, 0x14, 0)
T2647 exit  close -> 0 (0)
T2671 enter sendto(0x32, 0xb4000077c4f6b3c0, 0xb, 0x40, 0x77d9c4e108, 0xc) bytes=11: 00 12 00 03 00 04 00 10 01 00 01 addr: bytes=12: 2a 00 00 00 00 00 00 00 45 00 00 00
T2668 enter sendto(0x47, 0xb4000077ede0be00, 0xb, 0x40, 0x77d9f45368, 0xc) bytes=11: 00 02 00 03 00 04 00 13 01 00 01 addr: bytes=12: 2a 00 00 00 00 00 00 00 61 00 00 00
T2671 exit  sendto -> 11 (0xb)
T2668 exit  sendto -> 11 (0xb)
T6642 enter recvfrom(0x32, 0xb4000077edeb8040, 0xa034, 0x40, 0x77ba40cb88, 0x77ba40cb84)
T6642 exit  recvfrom -> 14 (0xe) bytes=14: 02 12 00 03 00 07 00 02 04 00 00 00 00 00
T6663 enter recvfrom(0x47, 0xb4000077edec5000, 0x2014, 0x40, 0x77b84b3b88, 0x77b84b3b84)
T6663 exit  recvfrom -> 14 (0xe) bytes=14: 02 02 00 03 00 07 00 02 04 00 00 00 00 00
T6660 enter writev(0x4, 0x77b8f1b1c0, 0x4, 0x3, 0x77b8f1b200, 0x83dc)
T6660 exit  writev -> 107 (0x6b)
T2647 enter sendto(0x4f, 0xb4000077c4e7e540, 0xb, 0x40, 0x77e9406b98, 0xc) bytes=11: 00 01 00 45 00 04 00 01 01 00 01 addr: bytes=12: 2a 00 00 00 00 00 00 00 46 00 00 00
T2647 exit  sendto -> 11 (0xb)
T6670 enter recvfrom(0x4f, 0xb4000077edfa1b80, 0x8f2c, 0x40, 0x77b30bfb88, 0x77b30bfb84)
T6670 exit  recvfrom -> 14 (0xe) bytes=14: 02 01 00 45 00 07 00 02 04 00 00 00 00 00
T2668 enter sendto(0x4c, 0xb4000077ede0c3f0, 0xb, 0x40, 0x77d9f453c8, 0xc) bytes=11: 00 08 00 78 00 04 00 10 01 00 01 addr: bytes=12: 2a 00 00 00 00 00 00 00 56 00 00 00
T2668 exit  sendto -> 11 (0xb)
T6665 enter recvfrom(0x4c, 0xb4000077c4ed9000, 0x1d10, 0x40, 0x77b81bcb88, 0x77b81bcb84)
T6665 exit  recvfrom -> 14 (0xe) bytes=14: 02 08 00 78 00 07 00 02 04 00 01 00 5e 00
T2649 enter sendto(0x4c, 0xb4000077c4e6cee0, 0x15, 0x40, 0x77e820d158, 0xc) bytes=21: 00 09 00 65 00 0e 00 11 04 00 02 00 00 00 12 04 00 02 00 00 00 addr: bytes=12: 2a 00 00 00 00 00 00 00 56 00 00 00
T2649 exit  sendto -> 21 (0x15)
T6665 enter recvfrom(0x4c, 0xb4000077c4ed9000, 0x1d10, 0x40, 0x77b81bcb88, 0x77b81bcb84)
T6665 exit  recvfrom -> 28 (0x1c) bytes=28: 02 09 00 65 00 15 00 02 04 00 00 00 00 00 11 04 00 02 00 00 00 12 04 00 02 00 00 00
T2671 enter sendto(0x32, 0xb4000077ede3f118, 0x7, 0x40, 0x77d9c4c2c8, 0xc) bytes=7: 00 13 00 1e 00 00 00 addr: bytes=12: 2a 00 00 00 00 00 00 00 45 00 00 00
T2671 exit  sendto -> 7 (0x7)
T6642 enter recvfrom(0x32, 0xb4000077edeb8040, 0xa034, 0x40, 0x77ba40cb88, 0x77ba40cb84)
T6642 exit  recvfrom -> 36 (0x24) bytes=36: 02 13 00 1e 00 1d 00 02 04 00 00 00 00 00 10 13 00 11 00 08 00 00 40 97 97 fa 1f fb fb 01 10 90 e3 c7 22 01
T2668 enter sendto(0x4c, 0xb4000077ede0be00, 0xb, 0x40, 0x77d9f450c8, 0xc) bytes=11: 00 0a 00 25 00 04 00 13 01 00 01 addr: bytes=12: 2a 00 00 00 00 00 00 00 56 00 00 00
T2668 exit  sendto -> 11 (0xb)
T6665 enter recvfrom(0x4c, 0xb4000077c4ed9000, 0x1d10, 0x40, 0x77b81bcb88, 0x77b81bcb84)
T6665 exit  recvfrom -> 14 (0xe) bytes=14: 02 0a 00 25 00 07 00 02 04 00 00 00 00 00
T2671 enter sendto(0x32, 0xb400007895f4ddc0, 0xb, 0x40, 0x77d9c4e2c8, 0xc) bytes=11: 00 14 00 80 00 04 00 01 01 00 11 addr: bytes=12: 2a 00 00 00 00 00 00 00 45 00 00 00
T2671 exit  sendto -> 11 (0xb)
T6642 enter recvfrom(0x32, 0xb4000077edeb8040, 0xa034, 0x40, 0x77ba40cb88, 0x77ba40cb84)
T6642 exit  recvfrom -> 18 (0x12) bytes=18: 02 14 00 80 00 0b 00 02 04 00 00 00 00 00 10 01 00 01
T2649 enter sendto(0x4c, 0xb4000077ede3f768, 0x7, 0x40, 0x77e820d178, 0xc) bytes=7: 00 0b 00 6d 00 00 00 addr: bytes=12: 2a 00 00 00 00 00 00 00 56 00 00 00
T2649 exit  sendto -> 7 (0x7)
T6665 enter recvfrom(0x4c, 0xb4000077c4ed9000, 0x1d10, 0x40, 0x77b81bcb88, 0x77b81bcb84)
T6665 exit  recvfrom -> 19 (0x13) bytes=19: 02 0b 00 6d 00 0c 00 02 04 00 00 00 00 00 10 02 00 02 00
T6665 enter recvfrom(0x4c, 0xb4000077c4ed9000, 0x1d10, 0x40, 0x77b81bcb88, 0x77b81bcb84)
T6665 exit  recvfrom -> 72 (0x48) bytes=72: 04 01 00 6d 00 41 00 01 04 00 02 00 01 00 10 11 00 01 00 00 00 00 00 00 00 00 00 00 00 00 00 00 00 00 11 01 00 00 12 08 00 02 00 00 00 00 00 00 00 13 14 00 01 00 01 00 00 00 00 00 00 00 00 00 00 00 00 00 00 00 00 00
T2668 enter sendto(0x5c, 0xb4000077ede2bc00, 0xb, 0x40, 0x77d9f452c8, 0xc) bytes=11: 00 02 00 03 00 04 00 26 01 00 01 addr: bytes=12: 2a 00 00 00 00 00 00 00 4a 00 00 00
T2668 exit  sendto -> 11 (0xb)
T6668 enter recvfrom(0x5c, 0xb4000077b89bcec0, 0xa51c, 0x40, 0x77b2ec5b88, 0x77b2ec5b84)
T6668 exit  recvfrom -> 14 (0xe) bytes=14: 02 02 00 03 00 07 00 02 04 00 00 00 00 00
T2649 enter sendto(0x4c, 0xb4000078960902a0, 0xe, 0x40, 0x77e820d158, 0xc) bytes=14: 00 0c 00 65 00 07 00 11 04 00 02 00 00 00 addr: bytes=12: 2a 00 00 00 00 00 00 00 56 00 00 00
T2649 exit  sendto -> 14 (0xe)
T2593 enter sendto(0x39, 0xb400007c87e1fd80, 0x1d, 0x40, 0x7c82b31e58, 0xc) bytes=29: 00 0b 00 20 00 16 00 01 02 00 00 00 02 07 00 ad 6f 04 00 3f ff 7f 03 04 00 00 00 00 00 addr: bytes=12: 2a 00 00 00 00 00 00 00 49 00 00 00
T2593 exit  sendto -> 29 (0x1d)
T6631 enter recvfrom(0x39, 0xb400007c87eea100, 0x66b8, 0x40, 0x7c5c474b88, 0x7c5c474b84)
T6631 exit  recvfrom -> 28 (0x1c) bytes=28: 02 0b 00 20 00 15 00 02 04 00 00 00 00 00 11 06 00 04 00 00 00 00 02 10 02 00 90 00
T2593 enter sendto(0x39, 0xb400007c87e23950, 0x1f, 0x40, 0x7c82b306e8, 0xc) bytes=31: 00 0c 00 21 00 18 00 01 02 00 00 00 02 09 00 30 4f 06 00 3f 10 7f 3a 5f 03 04 00 01 00 80 00 addr: bytes=12: 2a 00 00 00 00 00 00 00 49 00 00 00
T2593 exit  sendto -> 31 (0x1f)
T2603 enter sendto(0x69, 0xb400007c96ecd4a0, 0x7, 0x40, 0x7c8214f718, 0xc) bytes=7: 00 03 00 ac 00 00 00 addr: bytes=12: 2a 00 00 00 00 00 00 00 46 00 00 00
T2603 exit  sendto -> 7 (0x7)
T6652 enter recvfrom(0x69, 0xb400007c666f2500, 0x8f2c, 0x40, 0x7c4acbcb88, 0x7c4acbcb84)
T6652 exit  recvfrom -> 14 (0xe) bytes=14: 02 03 00 ac 00 07 00 02 04 00 01 00 4a 00
T1992 enter sendto(0x27, 0xb400007c87ee9400, 0x15, 0x40, 0x7fe59a77c8, 0xc) bytes=21: 00 01 00 02 00 0e 00 01 04 00 10 00 00 00 02 04 00 00 00 00 00 addr: bytes=12: 2a 00 00 00 00 00 00 00 41 00 00 00
T2603 enter sendto(0x69, 0xb400007c96ecd4a0, 0x7, 0x40, 0x7c8214f618, 0xc) bytes=7: 00 04 00 31 00 00 00 addr: bytes=12: 2a 00 00 00 00 00 00 00 46 00 00 00
T6577 enter recvfrom(0x27, 0xb400007c35026800, 0x2014, 0x40, 0x7c5b27ab88, 0x7c5b27ab84)
T6577 exit  recvfrom -> 21 (0x15) bytes=21: 02 01 00 02 00 0e 00 02 04 00 00 00 00 00 10 04 00 00 00 00 00
T6652 enter recvfrom(0x69, 0xb400007c666f2500, 0x8f2c, 0x40, 0x7c4acbcb88, 0x7c4acbcb84)
T6652 exit  recvfrom -> 18 (0x12) bytes=18: 02 04 00 31 00 0b 00 02 04 00 01 00 4a 00 01 01 00 00
T2603 exit  sendto -> 7 (0x7)
T1992 exit  sendto -> 21 (0x15)
T2603 enter sendto(0x69, 0xb400007c96ecd4a0, 0x7, 0x40, 0x7c8214ea18, 0xc) bytes=7: 00 05 00 43 00 00 00 addr: bytes=12: 2a 00 00 00 00 00 00 00 46 00 00 00
T2603 exit  sendto -> 7 (0x7)
T6665 enter recvfrom(0x4c, 0xb4000077c4ed9000, 0x1d10, 0x40, 0x77b81bcb88, 0x77b81bcb84)
T6652 enter recvfrom(0x69, 0xb400007c666f2500, 0x8f2c, 0x40, 0x7c4acbcb88, 0x7c4acbcb84)
T6631 enter recvfrom(0x39, 0xb400007c87eea100, 0x66b8, 0x40, 0x7c5c474b88, 0x7c5c474b84)
T6665 exit  recvfrom -> 21 (0x15) bytes=21: 02 0c 00 65 00 0e 00 02 04 00 00 00 00 00 11 04 00 02 00 00 00
T2668 enter sendto(0x4c, 0xb4000077ede160a0, 0xb, 0x40, 0x77d9f45038, 0xc) bytes=11: 00 0d 00 38 00 04 00 15 01 00 01 addr: bytes=12: 2a 00 00 00 00 00 00 00 56 00 00 00
T2668 exit  sendto -> 11 (0xb)
T6665 enter recvfrom(0x4c, 0xb4000077c4ed9000, 0x1d10, 0x40, 0x77b81bcb88, 0x77b81bcb84)
T6665 exit  recvfrom -> 14 (0xe) bytes=14: 02 0d 00 38 00 07 00 02 04 00 00 00 00 00
T2668 enter sendto(0x4c, 0xb4000077ede3f038, 0x7, 0x40, 0x77d9f45038, 0xc) bytes=7: 00 0e 00 47 00 00 00 addr: bytes=12: 2a 00 00 00 00 00 00 00 56 00 00 00
T2668 exit  sendto -> 7 (0x7)
T6665 enter recvfrom(0x4c, 0xb4000077c4ed9000, 0x1d10, 0x40, 0x77b81bcb88, 0x77b81bcb84)
T6665 exit  recvfrom -> 14 (0xe) bytes=14: 02 0e 00 47 00 07 00 02 04 00 01 00 4a 00
T2671 enter sendto(0x40, 0xb4000077ede0ba20, 0x12, 0x40, 0x77d9c4e1e8, 0xc) bytes=18: 00 02 00 24 00 0b 00 10 08 00 01 00 00 00 00 00 00 00 addr: bytes=12: 2a 00 00 00 00 00 00 00 44 00 00 00
T2671 exit  sendto -> 18 (0x12)
T6661 enter recvfrom(0x40, 0xb4000077edf7a380, 0xe3f0, 0x40, 0x77b86adb88, 0x77b86adb84)
T6661 exit  recvfrom -> 18 (0x12) bytes=18: 02 02 00 24 00 0b 00 02 04 00 00 00 00 00 10 01 00 01
T2668 enter sendto(0x5c, 0xb4000077ede2bc00, 0xb, 0x40, 0x77d9f452d8, 0xc) bytes=11: 00 03 00 03 00 04 00 33 01 00 01 addr: bytes=12: 2a 00 00 00 00 00 00 00 4a 00 00 00
T2668 exit  sendto -> 11 (0xb)
T6668 enter recvfrom(0x5c, 0xb4000077b89bcec0, 0xa51c, 0x40, 0x77b2ec5b88, 0x77b2ec5b84)
T6668 exit  recvfrom -> 14 (0xe) bytes=14: 02 03 00 03 00 07 00 02 04 00 00 00 00 00
T6668 enter recvfrom(0x5c, 0xb4000077b89bcec0, 0xa51c, 0x40, 0x77b2ec5b88, 0x77b2ec5b84)
T6668 exit  recvfrom -> 26 (0x1a) bytes=26: 04 01 00 03 01 13 00 01 03 00 00 00 00 02 04 00 00 00 00 00 10 03 00 00 00 00
T2671 enter sendto(0x40, 0xb400007895f4ddc0, 0xe, 0x40, 0x77d9c4e1e8, 0xc) bytes=14: 00 03 00 01 00 07 00 01 04 00 04 00 00 00 addr: bytes=12: 2a 00 00 00 00 00 00 00 44 00 00 00
T2671 exit  sendto -> 14 (0xe)
T6661 enter recvfrom(0x40, 0xb4000077edf7a380, 0xe3f0, 0x40, 0x77b86adb88, 0x77b86adb84)
T6661 exit  recvfrom -> 21 (0x15) bytes=21: 02 03 00 01 00 0e 00 02 04 00 00 00 00 00 10 04 00 04 00 00 00
T6661 enter recvfrom(0x40, 0xb4000077edf7a380, 0xe3f0, 0x40, 0x77b86adb88, 0x77b86adb84)
T6661 exit  recvfrom -> 79 (0x4f) bytes=79: 04 01 00 0c 00 48 00 19 04 00 03 00 00 00 17 20 00 03 07 03 31 31 32 03 31 31 33 03 31 31 34 03 31 31 35 03 31 31 36 03 31 31 37 03 31 31 38 00 00 15 03 00 02 00 00 13 09 00 02 03 39 31 31 03 31 31 32 01 09 00 02 03 39 31 31 03 31 31 32
T2671 enter sendto(0x40, 0xb400007895f4ddc0, 0xe, 0x40, 0x77d9c4e1e8, 0xc) bytes=14: 00 04 00 01 00 07 00 01 04 00 07 00 00 00 addr: bytes=12: 2a 00 00 00 00 00 00 00 44 00 00 00
T2671 exit  sendto -> 14 (0xe)
T6661 enter recvfrom(0x40, 0xb4000077edf7a380, 0xe3f0, 0x40, 0x77b86adb88, 0x77b86adb84)
T6661 exit  recvfrom -> 21 (0x15) bytes=21: 02 04 00 01 00 0e 00 02 04 00 00 00 00 00 10 04 00 07 00 00 00
T6661 enter recvfrom(0x40, 0xb4000077edf7a380, 0xe3f0, 0x40, 0x77b86adb88, 0x77b86adb84)
T6661 exit  recvfrom -> 11 (0xb) bytes=11: 04 02 00 0d 00 04 00 01 01 00 00
T2668 enter sendto(0x5c, 0xb4000077ede2bc00, 0xb, 0x40, 0x77d9f44ef8, 0xc) bytes=11: 00 04 00 03 00 04 00 27 01 00 01 addr: bytes=12: 2a 00 00 00 00 00 00 00 4a 00 00 00
T2668 exit  sendto -> 11 (0xb)
T6652 exit  recvfrom -> 14 (0xe) bytes=14: 02 05 00 43 00 07 00 02 04 00 01 00 0d 00
T6631 exit  recvfrom -> 152 (0x98)T6668 enter recvfrom(0x5c, 0xb4000077b89bcec0, 0xa51c, 0x40, 0x77b2ec5b88, 0x77b2ec5b84)
 bytes=152: 02 0c 00 21 00 91 00 02 04 00 00 00 00 00 11 82 00 80 00T6668 exit  recvfrom -> 14 (0xe) a8 14 c0 03 4f 3a 02 c5 bytes=14: 03 02 4f 04 69 00 04 03 c1 00 03 07 4f 00 25 02 07 04 c6 00 03 00 4f 00 26 00 05 00 a9
 0a c4 03 4f 61 06 ca 03 4f 50 0e aa 14 c2 03 4f 4a 03 c7 03 4f 4b 15 c8 03 4f 4c 16 cb 03 4f 3d 09 ff ff ff ff ff ff ff ff ff ff ff ff ff ff ff ff ff ff ff ff ff ff ff ff ff ff ff ff ff ff ff ff ff ff ff ff ff ff ff ff ff ff ff ff ff ff ff ff ff ff ff ff ff ff ff ff ff ff ff ff ff ff ff ff ff ff ff ff ff ff ff ff 10 02 00 90 00
T6584 enter recvfrom(0x36, 0xb400007c87f3cf80, 0xe3f0, 0x40, 0x7c54c8cb88, 0x7c54c8cb84)
T6584 exit  recvfrom -> 17 (0x11) bytes=17: 04 03 00 0d 00 0a 00 01 07 00 02 06 01 03 00 16 00
T2668 enter sendto(0x4c, 0xb4000077edf10020, 0xe, 0x40, 0x77d9f450b8, 0xc) bytes=14: 00 0f 00 65 00 07 00 10 04 00 01 00 00 00 addr: bytes=12: 2a 00 00 00 00 00 00 00 56 00 00 00
T2668 exit  sendto -> 14 (0xe)
T6665 enter recvfrom(0x4c, 0xb4000077c4ed9000, 0x1d10, 0x40, 0x77b81bcb88, 0x77b81bcb84)
T6665 exit  recvfrom -> 14 (0xe) bytes=14: 02 0f 00 65 00 07 00 02 04 00 00 00 00 00
T2648 enter sendto(0x5c, 0xb4000077c4e6c8a0, 0xe, 0x40, 0x77e930a158, 0xc) bytes=14: 00 05 00 00 01 07 00 10 04 00 02 00 00 00 addr: bytes=12: 2a 00 00 00 00 00 00 00 4a 00 00 00
T2648 exit  sendto -> 14 (0xe)
T6668 enter recvfrom(0x5c, 0xb4000077b89bcec0, 0xa51c, 0x40, 0x77b2ec5b88, 0x77b2ec5b84)
T6668 exit  recvfrom -> 21 (0x15) bytes=21: 02 05 00 00 01 0e 00 02 04 00 00 00 00 00 10 04 00 02 00 00 00
T2668 enter sendto(0x31, 0xb4000077ede0c3f0, 0xe, 0x40, 0x77d9f45ce8, 0xc) bytes=14: 00 02 00 2b 00 07 00 10 04 00 00 00 00 00 addr: bytes=12: 2a 00 00 00 00 00 00 00 5e 00 00 00
T2668 exit  sendto -> 14 (0xe)
T6641 enter recvfrom(0x31, 0xb4000077c4e62400, 0x1130, 0x40, 0x77bb509b88, 0x77bb509b84)
T6641 exit  recvfrom -> 14 (0xe) bytes=14: 02 02 00 2b 00 07 00 02 04 00 00 00 00 00
T2640 enter ioctl(0xf, 0xc0306201, 0x77f41643a8, 0, 0, 0x1) ioctl_req=0xc0306201
T2640 exit  ioctl -> 0 (0)
T2668 enter sendto(0x4c, 0xb4000077ede160a0, 0x1b, 0x40, 0x77d9f450b8, 0xc) bytes=27: 00 10 00 38 00 14 00 1e 01 00 01 1f 01 00 01 22 01 00 01 23 01 00 01 24 01 00 01 addr: bytes=12: 2a 00 00 00 00 00 00 00 56 00 00 00
T2668 exit  sendto -> 27 (0x1b)
T6665 enter recvfrom(0x4c, 0xb4000077c4ed9000, 0x1d10, 0x40, 0x77b81bcb88, 0x77b81bcb84)
T6665 exit  recvfrom -> 14 (0xe) bytes=14: 02 10 00 38 00 07 00 02 04 00 00 00 00 00
T2640 enter ioctl(0xf, 0xc0306201, 0x77f4164858, 0x77f4164988, 0x77f4164980, 0x80**************) ioctl_req=0xc0306201
T2640 exit  ioctl -> 0 (0)
T6660 enter writev(0x4, 0x77b8f1b1c0, 0x4, 0x3, 0x77b8f1b200, 0x84e6)
T6660 exit  writev -> 107 (0x6b)
T2593 enter sendto(0x39, 0xb400007c87e1fd80, 0x1d, 0x40, 0x7c82b306a8, 0xc) bytes=29: 00 0d 00 20 00 16 00 01 02 00 00 00 02 07 00 07 6f 04 00 3f ff 7f 03 04 00 00 00 00 00 addr: bytes=12: 2a 00 00 00 00 00 00 00 49 00 00 00
T2593 exit  sendto -> 29 (0x1d)
T6631 enter recvfrom(0x39, 0xb400007c87eea100, 0x66b8, 0x40, 0x7c5c474b88, 0x7c5c474b84)
T6631 exit  recvfrom -> 53 (0x35) bytes=53: 02 0d 00 20 00 2e 00 02 04 00 00 00 00 00 18 11 00 32 32 32 02 38 38 0a 31 34 36 38 31 34 36 32 39 32 11 0b 00 09 00 08 29 22 88 41 86 41 26 29 10 02 00 90 00
T2593 enter sendto(0x39, 0xb400007c66615200, 0x169, 0x40, 0x7c82b30688, 0xc) bytes=160: 00 0e 00 2a 00 62 01 01 02 00 00 00 02 5a 01 01 00 2e 00 07 6f 04 00 3f 20 7f 11 6f 04 00 3f 20 7f 12 6f 04 00 3f 20 7f 13 6f 04 00 3f 20 7f 14 6f 04 00 3f 20 7f 15 6f 04 00 3f 20 7f 17 6f 04 00 3f 20 7f 18 6f 04 00 3f 20 7f 19 6f 04 00 3f 20 7f 46 6f 04 00 3f 20 7f c5 6f 04 00 3f 20 7f c6 6f 04 00 3f 20 7f c7 6f 04 00 3f 20 7f cb 6f 04 00 3f 20 7f 07 6f 04 00 3f ff 7f 11 6f 04 00 3f ff 7f 12 6f 04 00 3f ff 7f 13 6f 04 00 3f ff 7f 14 6f 04 00 3f ff 7f 15 6f 04 00 3f ff 7f 17 addr: bytes=12: 2a 00 00 00 00 00 00 00 49 00 00 00
T2593 exit  sendto -> 361 (0x169)
T2599 enter ioctl(0xe, 0xc0306201, 0x7c82544a10, 0, 0, 0) ioctl_req=0xc0306201
T6631 enter recvfrom(0x39, 0xb400007c87eea100, 0x66b8, 0x40, 0x7c5c474b88, 0x7c5c474b84)
T6631 exit  recvfrom -> 14 (0xe) bytes=14: 02 0e 00 2a 00 07 00 02 04 00 00 00 00 00
T2599 exit  ioctl -> 0 (0)
T2599 enter sendto(0x39, 0xb400007c87e14ac0, 0x1c, 0x40, 0x7c82542088, 0xc) bytes=28: 00 0f 00 42 00 15 00 01 01 00 01 10 0a 00 09 a0 00 00 01 51 41 43 4c 00 11 01 00 02 addr: bytes=12: 2a 00 00 00 00 00 00 00 49 00 00 00
T2599 exit  sendto -> 28 (0x1c)
T6631 enter recvfrom(0x39, 0xb400007c87eea100, 0x66b8, 0x40, 0x7c5c474b88, 0x7c5c474b84)
T6631 exit  recvfrom -> 19 (0x13) bytes=19: 02 0f 00 42 00 0c 00 02 04 00 01 00 50 00 11 02 00 6a 82
T2599 enter ioctl(0xe, 0xc0306201, 0x7c825441c0, 0, 0, 0) ioctl_req=0xc0306201
T2599 exit  ioctl -> 0 (0)
T2599 enter ioctl(0xe, 0xc0306201, 0x7c82544a10, 0x7c84b08258, 0x2, 0xb400007c87e3e400) ioctl_req=0xc0306201
T2599 exit  ioctl -> 0 (0)
T2599 enter sendto(0x39, 0xb400007c87e14ac0, 0x1f, 0x40, 0x7c82542088, 0xc) bytes=31: 00 10 00 42 00 18 00 01 01 00 01 10 0d 00 0c a0 00 00 00 63 50 4b 43 53 2d 31 35 11 01 00 02 addr: bytes=12: 2a 00 00 00 00 00 00 00 49 00 00 00
T2599 exit  sendto -> 31 (0x1f)
T6631 enter recvfrom(0x39, 0xb400007c87eea100, 0x66b8, 0x40, 0x7c5c474b88, 0x7c5c474b84)
T2640 enter write(0x54, 0x787e6ad8c8, 0x1, 0x50, 0x68, 0x787f5d15c8) bytes=1: 64
T6631 exit  recvfrom -> 19 (0x13) bytes=19: 02 10 00 42 00 0c 00 02 04 00 01 00 50 00 11 02 00 6a 82
T2640 exit  write -> 1 (0x1)
T2989 enter read(0x53, 0x77da72eb94, 0x1, 0, 0, 0x787f5d15c8)
T2989 exit  read -> 1 (0x1) bytes=1: 64
T2989 enter close(0x53, 0x53, 0x1, 0, 0, 0x787f5d15c8)
T6660 enter writev(0x4, 0x77b8f1b1c0, 0x4, 0x3, 0x77b8f1b200, 0x85e0)
T2989 exit  close -> 0 (0)
T6660 exit  writev -> 107 (0x6b)
T2989 enter close(0x54, 0x54, 0x1, 0, 0, 0x787f5d15c8)
T2989 exit  close -> 0 (0)
T2989 enter close(0x52, 0x52, 0x1, 0, 0, 0x787f5d15c8)
T1992 enter ioctl(0xe, 0xc0306201, 0x7fe59a7798, 0, 0, 0x1) ioctl_req=0xc0306201
T1992 exit  ioctl -> 0 (0)
T2599 enter ioctl(0xe, 0xc0306201, 0x7c825441c0, 0, 0, 0) ioctl_req=0xc0306201
T2599 exit  ioctl -> 0 (0)
T2599 enter ioctl(0xe, 0xc0306201, 0x7c82544a10, 0x7c84b08258, 0x2, 0xb400007c87e3e400) ioctl_req=0xc0306201
T2599 exit  ioctl -> 0 (0)
T1992 enter ioctl(0xe, 0xc0306201, 0x7fe59a8ab8, 0x7c84b08198, 0x2, 0xb400007c96ed8500) ioctl_req=0xc0306201
T1992 exit  ioctl -> 0 (0)
T2599 enter sendto(0x39, 0xb400007c87e14ac0, 0x1f, 0x40, 0x7c82542088, 0xc) bytes=31: 00 11 00 42 00 18 00 01 01 00 01 10 0d 00 0c a0 00 00 00 18 47 50 41 43 2d 31 35 11 01 00 02 addr: bytes=12: 2a 00 00 00 00 00 00 00 49 00 00 00
T2989 exit  close -> 0 (0)
T1993 exit  ioctl -> 0 (0)
T6631 enter recvfrom(0x39, 0xb400007c87eea100, 0x66b8, 0x40, 0x7c5c474b88, 0x7c5c474b84)
T2599 exit  sendto -> 31 (0x1f)
T6631 exit  recvfrom -> 19 (0x13) bytes=19: 02 11 00 42 00 0c 00 02 04 00 01 00 50 00 11 02 00 6a 82
T1992 enter ioctl(0xe, 0xc0306201, 0x7fe59a8ab8, 0x7c84b080b0, 0, 0xb400007c96ed8500) ioctl_req=0xc0306201
T1992 exit  ioctl -> 0 (0)
T2640 enter write(0x57, 0x787e6ad8c8, 0x1, 0, 0, 0xffffffff) bytes=1: 64
T2990 enter read(0x56, 0x77b8d21b94, 0x1, 0, 0, 0x787f5d15c8)
T2990 exit  read -> 1 (0x1) bytes=1: 64
T2990 enter close(0x56, 0x56, 0x1, 0, 0, 0x787f5d15c8)
T2990 exit  close -> 0 (0)
T2990 enter close(0x57, 0x57, 0x1, 0, 0, 0x787f5d15c8)
T2990 exit  close -> 0 (0)
T2990 enter close(0x55, 0x55, 0x1, 0, 0, 0x787f5d15c8)
T2990 exit  close -> 0 (0)
T2640 exit  write -> 1 (0x1)
T2640 enter write(0x5a, 0x787e6ad8c8, 0x1, 0x10, 0, 0xffffffff) bytes=1: 64
T2991 enter read(0x59, 0x77b8c24b94, 0x1, 0, 0, 0x787f5d15c8)
T2991 exit  read -> 1 (0x1) bytes=1: 64
T2640 exit  write -> 1 (0x1)
T2991 enter close(0x59, 0x59, 0x1, 0, 0, 0x787f5d15c8)
T2991 exit  close -> 0 (0)
T2991 enter close(0x5a, 0x5a, 0x1, 0, 0, 0x787f5d15c8)
T2991 exit  close -> 0 (0)
T2991 enter close(0x58, 0x58, 0x1, 0, 0, 0x787f5d15c8)
T2991 exit  close -> 0 (0)
T2671 enter sendto(0x2c, 0xb4000077ede15740, 0x1b, 0x40, 0x77d9c4bac8, 0xc) bytes=27: 00 08 00 20 00 14 00 01 02 00 07 00 02 05 00 e2 2f 02 00 3f 03 04 00 00 00 00 00 addr: bytes=12: 2a 00 00 00 00 00 00 00 49 00 00 00
T2671 exit  sendto -> 27 (0x1b)
T6639 enter recvfrom(0x2c, 0xb4000077edeaedc0, 0x66b8, 0x40, 0x77bd703b88, 0x77bd703b84)
T6639 exit  recvfrom -> 14 (0xe) bytes=14: 02 08 00 20 00 07 00 02 04 00 01 00 25 00
T2640 enter read(0x6, 0x77f4164ab8, 0x10, 0x10, 0x10, 0x787f5d15c8)
T2640 exit  read -> 3 (0x3) bytes=3: 20 20 20
T2640 enter read(0x6, 0x77f4164ab8, 0x10, 0x10, 0x10, 0x787f5d15c8)
T2640 exit  read -> -11 (0xfffffffffffffff5)
T1992 enter ioctl(0xe, 0xc0306201, 0x7fe59a7ed0, 0, 0, 0) ioctl_req=0xc0306201
T1992 exit  ioctl -> 0 (0)
T1992 enter ioctl(0xe, 0xc0306201, 0x7fe59a8ab8, 0x7c84b080d0, 0, 0xb400007c96ed8500) ioctl_req=0xc0306201
T1992 exit  ioctl -> 0 (0)
T2599 enter ioctl(0xe, 0xc0306201, 0x7c825441c0, 0, 0, 0) ioctl_req=0xc0306201
T2599 exit  ioctl -> 0 (0)
T2599 enter ioctl(0xe, 0xc0306201, 0x7c82544a10, 0x7c84b08258, 0x2, 0xb400007c87e3e400) ioctl_req=0xc0306201
T2599 exit  ioctl -> 0 (0)
T1992 enter ioctl(0xe, 0xc0306201, 0x7fe59a8ab8, 0x7c84b08108, 0, 0xb400007c96ed8500) ioctl_req=0xc0306201
T1992 exit  ioctl -> 0 (0)
T2599 enter sendto(0x39, 0xb400007c87e14ac0, 0xf, 0x40, 0x7c82542088, 0xc) bytes=15: 00 12 00 42 00 08 00 01 01 00 01 11 01 00 02 addr: bytes=12: 2a 00 00 00 00 00 00 00 49 00 00 00
T2599 exit  sendto -> 15 (0xf)
T6631 enter recvfrom(0x39, 0xb400007c87eea100, 0x66b8, 0x40, 0x7c5c474b88, 0x7c5c474b84)
T6631 exit  recvfrom -> 23 (0x17) bytes=23: 02 12 00 42 00 10 00 02 04 00 00 00 00 00 11 02 00 90 00 10 01 00 01
T1993 enter ioctl(0xf, 0xc0306201, 0x7fc88848e8, 0x77d9a59060, 0, 0xb40*************) ioctl_req=0xc0306201
T2599 enter ioctl(0xe, 0xc0306201, 0x7c825441c0, 0, 0, 0) ioctl_req=0xc0306201
T2599 exit  ioctl -> 0 (0)
T2599 enter ioctl(0xe, 0xc0306201, 0x7c82544a10, 0x7c84b080b8, 0x2, 0xb400007c87e3e400) ioctl_req=0xc0306201
T2599 exit  ioctl -> 0 (0)
T2599 enter sendto(0x39, 0xb400007c87e31700, 0x1b, 0x40, 0x7c82540fd8, 0xc) bytes=27: 00 13 00 3b 00 14 00 01 01 00 01 02 09 00 07 00 01 a4 00 04 02 3f 00 11 01 00 00 addr: bytes=12: 2a 00 00 00 00 00 00 00 49 00 00 00
T2599 exit  sendto -> 27 (0x1b)
T6631 enter recvfrom(0x39, 0xb400007c87eea100, 0x66b8, 0x40, 0x7c5c474b88, 0x7c5c474b84)
T1992 enter ioctl(0xe, 0xc0306201, 0x7fe59a8200, 0, 0, 0) ioctl_req=0xc0306201
T6631 exit  recvfrom -> 21 (0x15) bytes=21: 02 13 00 3b 00 0e 00 02 04 00 00 00 00 00 10 04 00 02 00 61 3a
T1992 exit  ioctl -> 0 (0)
T1992 enter ioctl(0xe, 0xc0306201, 0x7fe59a8ab8, 0x7c84b08310, 0x2, 0xb400007c96ed8500) ioctl_req=0xc0306201
T6643 enter recvfrom(0x37, 0xb4000077c4e83000, 0x2014, 0x40, 0x77b930fb88, 0x77b930fb84)
T6638 enter recvfrom(0x23, 0xb4000077c4e3c000, 0x2014, 0x40, 0x77bf800b88, 0x77bf800b84)
T6643 exit  recvfrom -> 11 (0xb) bytes=11: 04 01 00 99 00 04 00 01 01 00 00
T6638 exit  recvfrom -> 11 (0xb) bytes=11: 04 01 00 39 00 04 00 01 01 00 00
T1993 exit  ioctl -> 0 (0)
T1992 exit  ioctl -> 0 (0)
T2599 enter ioctl(0xe, 0xc0306201, 0x7c82543080, 0, 0, 0) ioctl_req=0xc0306201
T2599 exit  ioctl -> 0 (0)
T2599 enter ioctl(0xe, 0xc0306201, 0x7c82544a10, 0x7c84b08160, 0x2, 0xb400007c87e3e400) ioctl_req=0xc0306201
T2599 exit  ioctl -> 0 (0)
T2599 enter sendto(0x39, 0xb400007c87e31700, 0x19, 0x40, 0x7c82540fd8, 0xc) bytes=25: 00 14 00 3b 00 12 00 01 01 00 01 02 07 00 05 00 01 c0 00 00 3a 11 01 00 00 addr: bytes=12: 2a 00 00 00 00 00 00 00 49 00 00 00
T1993 enter ioctl(0xf, 0xc0306201, 0x7fc88848e8, 0x77d9a59060, 0, 0xb40*************) ioctl_req=0xc0306201
T6631 enter recvfrom(0x39, 0xb400007c87eea100, 0x66b8, 0x40, 0x7c5c474b88, 0x7c5c474b84)
T2599 exit  sendto -> 25 (0x19)
T6631 exit  recvfrom -> 79 (0x4f) bytes=79: 02 14 00 3b 00 48 00 02 04 00 00 00 00 00 10 3e 00 3c 00 62 38 82 02 78 21 83 02 3f 00 a5 0f 80 01 61 83 04 00 01 1e 90 87 01 00 88 01 00 8a 01 05 8b 03 2f 06 02 c6 0f 90 01 70 83 01 01 83 01 81 83 01 0b 83 01 0c 81 04 00 02 10 ca 90 00
T2599 enter ioctl(0xe, 0xc0306201, 0x7c82543080, 0, 0, 0) ioctl_req=0xc0306201
T1992 enter ioctl(0xe, 0xc0306201, 0x7fe59a8ab8, 0x7c84b08200, 0x2, 0xb400007c96ed8500) ioctl_req=0xc0306201
T2599 exit  ioctl -> 0 (0)
T1993 exit  ioctl -> 0 (0)
T2599 enter ioctl(0xe, 0xc0306201, 0x7c82544a10, 0x7c84b082c0, 0x2, 0xb400007c87e3e400) ioctl_req=0xc0306201
T2599 exit  ioctl -> 0 (0)
T2599 enter sendto(0x39, 0xb400007c87e31700, 0x1b, 0x40, 0x7c82540fd8, 0xc) bytes=27: 00 15 00 3b 00 14 00 01 01 00 01 02 09 00 07 00 01 a4 00 04 02 2f 00 11 01 00 00 addr: bytes=12: 2a 00 00 00 00 00 00 00 49 00 00 00
T2599 exit  sendto -> 27 (0x1b)
T6631 enter recvfrom(0x39, 0xb400007c87eea100, 0x66b8, 0x40, 0x7c5c474b88, 0x7c5c474b84)
T6631 exit  recvfrom -> 21 (0x15) bytes=21: 02 15 00 3b 00 0e 00 02 04 00 00 00 00 00 10 04 00 02 00 61 21
T2599 enter ioctl(0xe, 0xc0306201, 0x7c82543080, 0, 0, 0) ioctl_req=0xc0306201
T2599 exit  ioctl -> 0 (0)
T2599 enter ioctl(0xe, 0xc0306201, 0x7c82544a10, 0x7c84b080b8, 0x2, 0xb400007c87e3e400) ioctl_req=0xc0306201
T1993 enter ioctl(0xf, 0xc0306201, 0x7fc88848e8, 0x77d9a59088, 0, 0xb40*************) ioctl_req=0xc0306201
T2599 exit  ioctl -> 0 (0)
T1993 exit  ioctl -> 0 (0)
T2599 enter sendto(0x39, 0xb400007c87e31700, 0x19, 0x40, 0x7c82540fd8, 0xc) bytes=25: 00 16 00 3b 00 12 00 01 01 00 01 02 07 00 05 00 01 c0 00 00 21 11 01 00 00 addr: bytes=12: 2a 00 00 00 00 00 00 00 49 00 00 00
T6631 enter recvfrom(0x39, 0xb400007c87eea100, 0x66b8, 0x40, 0x7c5c474b88, 0x7c5c474b84)
T2599 exit  sendto -> 25 (0x19)
T6631 exit  recvfrom -> 54 (0x36) bytes=54: 02 16 00 3b 00 2f 00 02 04 00 00 00 00 00 10 25 00 23 00 62 1f 82 05 42 21 00 26 01 83 02 2f 00 a5 03 80 01 61 8a 01 05 8b 03 2f 06 03 80 02 00 26 88 01 f0 90 00
T2599 enter ioctl(0xe, 0xc0306201, 0x7c82543080, 0, 0, 0) ioctl_req=0xc0306201
T2599 exit  ioctl -> 0 (0)
T2599 enter ioctl(0xe, 0xc0306201, 0x7c82544a10, 0x7c84b080b8, 0x2, 0xb400007c87e3e400) ioctl_req=0xc0306201
T2599 exit  ioctl -> 0 (0)
T2599 enter sendto(0x39, 0xb400007c87e31700, 0x19, 0x40, 0x7c82540fd8, 0xc) bytes=25: 00 17 00 3b 00 12 00 01 01 00 01 02 07 00 05 00 01 b2 01 04 26 11 01 00 00 addr: bytes=12: 2a 00 00 00 00 00 00 00 49 00 00 00
T2599 exit  sendto -> 25 (0x19)
T6631 enter recvfrom(0x39, 0xb400007c87eea100, 0x66b8, 0x40, 0x7c5c474b88, 0x7c5c474b84)
T6631 exit  recvfrom -> 59 (0x3b) bytes=59: 02 17 00 3b 00 34 00 02 04 00 00 00 00 00 10 2a 00 28 00 61 1d 4f 10 a0 00 00 00 87 10 02 ff 39 ff ff 89 01 01 01 00 50 05 57 69 6e 64 33 51 02 7f 51 ff ff ff ff ff ff ff 90 00
T1993 enter ioctl(0xf, 0xc0306201, 0x7fc88848e8, 0x77d9a59108, 0x2, 0xb40*************) ioctl_req=0xc0306201
T1993 exit  ioctl -> 0 (0)
T2599 enter ioctl(0xe, 0xc0306201, 0x7c82543080, 0, 0, 0) ioctl_req=0xc0306201
T2599 exit  ioctl -> 0 (0)
T2599 enter ioctl(0xe, 0xc0306201, 0x7c82544a10, 0x7c84b080b8, 0x2, 0xb400007c87e3e400) ioctl_req=0xc0306201
T2599 exit  ioctl -> 0 (0)
T2671 enter ioctl(0xf, 0xc0306201, 0x77d9c4e830, 0, 0, 0) ioctl_req=0xc0306201
T2671 exit  ioctl -> 0 (0)
T2671 enter write(0x7, 0x787b896727, 0x1, 0x2, 0x2, 0x787f5d15c8) bytes=1: 20
T2671 exit  write -> 1 (0x1)
T2599 enter sendto(0x39, 0xb400007c87e14ac0, 0x13, 0x40, 0x7c825421d8, 0xc) bytes=19: 00 18 00 3f 00 0c 00 01 01 00 01 11 01 00 01 13 01 00 00 addr: bytes=12: 2a 00 00 00 00 00 00 00 49 00 00 00
T2599 exit  sendto -> 19 (0x13)
T6631 enter recvfrom(0x39, 0xb400007c87eea100, 0x66b8, 0x40, 0x7c5c474b88, 0x7c5c474b84)T2671 enter ioctl(0xf, 0xc0306201, 0x77d9c4e858, 0, 0, 0x1)
 ioctl_req=0xc0306201
T2640 enter ioctl(0xf, 0xc0306201, 0x77f41643a8, 0, 0, 0x1) ioctl_req=0xc0306201
T2671 exit  ioctl -> 0 (0)T6631 exit  recvfrom -> 14 (0xe)
 bytes=14: 02 18 00 3f 00 07 00 02 04T2640 exit  ioctl -> 0 (0) 00
 00 00 00 00
T2640 enter ioctl(0xf, 0xc0306201, 0x77f4164858, 0x77f4164988, 0x77f4164980, 0x80**************) ioctl_req=0xc0306201
T6631 enter recvfrom(0x39, 0xb400007c87eea100, 0x66b8, 0x40, 0x7c5c474b88, 0x7c5c474b84)
T6631 exit  recvfrom -> 22 (0x16) bytes=22: 04 03 00 43 00 0f 00 13 04 00 01 00 00 00 01 01 00 01 11 01 00 01
T2599 enter ioctl(0xe, 0xc0306201, 0x7c825443e0, 0, 0, 0) ioctl_req=0xc0306201
T2599 exit  ioctl -> 0 (0)
T2599 enter ioctl(0xe, 0xc0306201, 0x7c82544a10, 0x7c84b08118, 0, 0xb400007c87e3e400) ioctl_req=0xc0306201
T2640 exit  ioctl -> 0 (0)
T1993 enter ioctl(0xf, 0xc0306201, 0x7fc88848e8, 0x77d9a591d0, 0x2, 0xb40*************) ioctl_req=0xc0306201
T2599 exit  ioctl -> 0 (0)
T2640 enter read(0x6, 0x77f4164ab8, 0x10, 0x10, 0x10, 0x787f5d15c8)
T1993 exit  ioctl -> 0 (0)
T2640 exit  read -> 1 (0x1) bytes=1: 20
T2640 enter read(0x6, 0x77f4164ab8, 0x10, 0x10, 0x10, 0x787f5d15c8)
T2640 exit  read -> -11 (0xfffffffffffffff5)
T1993 enter ioctl(0xf, 0xc0306201, 0x7fc88848e8, 0x77d9a59298, 0x2, 0xb40*************) ioctl_req=0xc0306201
T1993 exit  ioctl -> 0 (0)
T1993 enter ioctl(0xf, 0xc0306201, 0x7fc88848e8, 0x77d9a59360, 0x1, 0xb40*************) ioctl_req=0xc0306201
T1993 exit  ioctl -> 0 (0)
T2671 enter sendto(0x37, 0xb4000077ede3f118, 0x7, 0x40, 0x77d9c4c1c8, 0xc) bytes=7: 00 02 00 1e 00 00 00 addr: bytes=12: 2a 00 00 00 00 00 00 00 64 00 00 00
T2671 exit  sendto -> 7 (0x7)
T6643 enter recvfrom(0x37, 0xb4000077c4e83000, 0x2014, 0x40, 0x77b930fb88, 0x77b930fb84)
T6643 exit  recvfrom -> 41 (0x29) bytes=41: 02 02 00 1e 00 22 00 02 04 00 00 00 00 00 10 18 00 16 00 00 00 00 c0 00 04 00 00 00 03 40 e0 f8 ff ff ff ff ff c7 ff c7 0f
T1993 enter ioctl(0xf, 0xc0306201, 0x7fc88848e8, 0x77d9a59410, 0x1, 0xb40*************) ioctl_req=0xc0306201
T1993 exit  ioctl -> 0 (0)
T2603 enter ioctl(0x14, 0xc0306201, 0x7c8214faa8, 0x2, 0, 0xb400007c87ebb900) ioctl_req=0xc0306201
T2603 exit  ioctl -> 0 (0)
T1993 enter ioctl(0xf, 0xc0306201, 0x7fc88848e8, 0x77d9a594c0, 0x2, 0xb40*************) ioctl_req=0xc0306201
T1993 exit  ioctl -> 0 (0)
T2671 enter sendto(0x37, 0xb400007895f4ddc0, 0xc, 0x40, 0x77d9c4e0e8, 0xc) bytes=12: 00 03 00 1f 00 05 00 01 02 00 8f 00 addr: bytes=12: 2a 00 00 00 00 00 00 00 64 00 00 00
T2671 exit  sendto -> 12 (0xc)
T6643 enter recvfrom(0x37, 0xb4000077c4e83000, 0x2014, 0x40, 0x77b930fb88, 0x77b930fb84)
T6643 exit  recvfrom -> 27 (0x1b) bytes=27: 02 03 00 1f 00 14 00 02 04 00 00 00 00 00 10 05 00 04 ff ff fb 03 11 02 00 01 01
T1993 enter ioctl(0xf, 0xc0306201, 0x7fc88848e8, 0x77d9a59588, 0x1, 0xb40*************) ioctl_req=0xc0306201
T1993 exit  ioctl -> 0 (0)
T2603 enter ioctl(0xe, 0xc0306201, 0x7c8214fb90, 0, 0, 0) ioctl_req=0xc0306201
T2603 exit  ioctl -> 0 (0)
T2671 enter sendto(0x37, 0xb400007895f4ddc0, 0xc, 0x40, 0x77d9c4e0e8, 0xc) bytes=12: 00 04 00 1f 00 05 00 01 02 00 8f 00 addr: bytes=12: 2a 00 00 00 00 00 00 00 64 00 00 00
T2671 exit  sendto -> 12 (0xc)
T2603 enter write(0x7, 0x7d39599727, 0x1, 0x2, 0x2, 0x7d1e7d55c8) bytes=1: 20
T6643 enter recvfrom(0x37, 0xb4000077c4e83000, 0x2014, 0x40, 0x77b930fb88, 0x77b930fb84)
T2603 exit  write -> 1 (0x1)
T6643 exit  recvfrom -> 27 (0x1b) bytes=27: 02 04 00 1f 00 14 00 02 04 00 00 00 00 00 10 05 00 04 ff ff fb 03 11 02 00 01 01
T2603 enter ioctl(0xe, 0xc0306201, 0x7c8214fbb8, 0, 0, 0x1) ioctl_req=0xc0306201
T2603 exit  ioctl -> 0 (0)
T1992 exit  ioctl -> 0 (0)
T2450 enter ioctl(0xe, 0xc0306201, 0x7c8a8813a8, 0, 0, 0x1) ioctl_req=0xc0306201
T2450 exit  ioctl -> 0 (0)
T2450 enter ioctl(0xe, 0xc0306201, 0x7c8a881858, 0x7c8a881988, 0x7c8a881980, 0x80**************) ioctl_req=0xc0306201
T2450 exit  ioctl -> 0 (0)
T2450 enter read(0x6, 0x7c8a881ab8, 0x10, 0x10, 0x10, 0x7d1e7d55c8)
T2450 exit  read -> 1 (0x1) bytes=1: 20
T2450 enter read(0x6, 0x7c8a881ab8, 0x10, 0x10, 0x10, 0x7d1e7d55c8)
T2450 exit  read -> -11 (0xfffffffffffffff5)
T1992 enter ioctl(0xe, 0xc0306201, 0x7fe59a8ab8, 0x7c84b08058, 0, 0xb400007c96ed8500) ioctl_req=0xc0306201
T1992 exit  ioctl -> 0 (0)
T1993 enter ioctl(0xf, 0xc0306201, 0x7fc88848e8, 0x77d9a59638, 0x1, 0xb40*************) ioctl_req=0xc0306201
T1993 exit  ioctl -> 0 (0)
T1992 enter ioctl(0xe, 0xc0306201, 0x7fe59a8ab8, 0x7c84b08100, 0, 0xb400007c96ed8500) ioctl_req=0xc0306201
T2600 enter ioctl(0xe, 0xc0306201, 0x7c82447cd8, 0, 0, 0x1) ioctl_req=0xc0306201
T2600 exit  ioctl -> 0 (0)
T1992 exit  ioctl -> 0 (0)
T1992 enter ioctl(0xe, 0xc0306201, 0x7fe59a8ab8, 0x7c84b08080, 0, 0xb400007c96ed8500) ioctl_req=0xc0306201
T1992 exit  ioctl -> 0 (0)
T2671 enter sendto(0x37, 0xb400007895f4ddc0, 0xc, 0x40, 0x77d9c4e0e8, 0xc) bytes=12: 00 05 00 1f 00 05 00 01 02 00 a2 00 addr: bytes=12: 2a 00 00 00 00 00 00 00 64 00 00 00
T2671 exit  sendto -> 12 (0xc)
T6643 enter recvfrom(0x37, 0xb4000077c4e83000, 0x2014, 0x40, 0x77b930fb88, 0x77b930fb84)
T1992 enter ioctl(0xe, 0xc0306201, 0x7fe59a8ab8, 0x7c84b080a8, 0, 0xb400007c96ed8500) ioctl_req=0xc0306201
T6643 exit  recvfrom -> 23 (0x17)T1992 exit  ioctl -> 0 (0)
 bytes=23: 02 05 00 1f 00 10 00 02 04 00 00 00 00 00 10 02 00 01 03 11 01 00 00
T1993 enter ioctl(0xf, 0xc0306201, 0x7fc88848e8, 0x77d9a59060, 0, 0xb40*************) ioctl_req=0xc0306201
T1993 exit  ioctl -> 0 (0)
T1992 enter ioctl(0xe, 0xc0306201, 0x7fe59a8ab8, 0x7c84b080d0, 0, 0xb400007c96ed8500) ioctl_req=0xc0306201
T2661 enter ioctl(0xf, 0xc0306201, 0x77da630638, 0, 0, 0x1) ioctl_req=0xc0306201
T1992 exit  ioctl -> 0 (0)
T2661 exit  ioctl -> 0 (0)
T1992 enter ioctl(0xe, 0xc0306201, 0x7fe59a7ed0, 0, 0, 0) ioctl_req=0xc0306201
T1992 exit  ioctl -> 0 (0)
T1993 enter ioctl(0xf, 0xc0306201, 0x7fc88848e8, 0x77d9a59088, 0, 0xb40*************) ioctl_req=0xc0306201
T2671 enter ioctl(0x10, 0xc0306201, 0x77d9c4de28, 0x2, 0, 0xb4000077c4f5dd00) ioctl_req=0xc0306201
T1992 enter ioctl(0xe, 0xc0306201, 0x7fe59a8ab8, 0x7c84b08050, 0, 0xb400007c96ed8500) ioctl_req=0xc0306201
T1992 exit  ioctl -> 0 (0)
T2671 exit  ioctl -> 0 (0)
T1992 enter ioctl(0xe, 0xc0306201, 0x7fe59a8200, 0, 0, 0) ioctl_req=0xc0306201
T1992 exit  ioctl -> 0 (0)
T1992 enter ioctl(0xe, 0xc0306201, 0x7fe59a8ab8, 0x7c84b080d8, 0x2, 0xb400007c96ed8500) ioctl_req=0xc0306201
T1992 exit  ioctl -> 0 (0)
T1992 enter ioctl(0xe, 0xc0306201, 0x7fe59a7ed0, 0, 0, 0) ioctl_req=0xc0306201
T1992 exit  ioctl -> 0 (0)
T1992 enter ioctl(0xe, 0xc0306201, 0x7fe59a8ab8, 0x7c84b08050, 0, 0xb400007c96ed8500) ioctl_req=0xc0306201
T1992 exit  ioctl -> 0 (0)
T1992 enter ioctl(0xe, 0xc0306201, 0x7fe59a8200, 0, 0, 0) ioctl_req=0xc0306201
T1992 exit  ioctl -> 0 (0)
T1992 enter ioctl(0xe, 0xc0306201, 0x7fe59a8ab8, 0x7c84b080d8, 0x2, 0xb400007c96ed8500) ioctl_req=0xc0306201
T1992 exit  ioctl -> 0 (0)
T2671 enter sendto(0x37, 0xb400007895f97340, 0x17, 0x40, 0x77d9c4e228, 0xc) bytes=23: 00 06 00 2a 00 10 00 11T1992 enter ioctl(0xe, 0xc0306201, 0x7fe59a7ed0, 0, 0, 0) 01 ioctl_req=0xc0306201 00
 01 1f 01 00 01 2d 01 00 01 31 01 00 01 addr: bytes=12: 2a 00 00 00 00 00 00 00 64 00 00 00
T1992 exit  ioctl -> 0 (0)
T2671 exit  sendto -> 23 (0x17)
T6643 enter recvfrom(0x37, 0xb4000077c4e83000, 0x2014, 0x40, 0x77b930fb88, 0x77b930fb84)
T6643 exit  recvfrom -> 14 (0xe) bytes=14: 02 06 00 2a 00 07 00 02 04 00 00 00 00 00
T1992 enter ioctl(0xe, 0xc0306201, 0x7fe59a8ab8, 0x7c84b08050, 0, 0xb400007c96ed8500) ioctl_req=0xc0306201
T1992 exit  ioctl -> 0 (0)
T1992 enter ioctl(0xe, 0xc0306201, 0x7fe59a8200, 0, 0, 0) ioctl_req=0xc0306201
T1992 exit  ioctl -> 0 (0)
T1992 enter ioctl(0xe, 0xc0306201, 0x7fe59a8ab8, 0x7c84b080d8, 0x2, 0xb400007c96ed8500) ioctl_req=0xc0306201
T1992 exit  ioctl -> 0 (0)
T1992 enter ioctl(0xe, 0xc0306201, 0x7fe59a7ed0, 0, 0, 0) ioctl_req=0xc0306201
T1992 exit  ioctl -> 0 (0)
T1992 enter ioctl(0xe, 0xc0306201, 0x7fe59a8ab8, 0x7c84b08050, 0, 0xb400007c96ed8500) ioctl_req=0xc0306201
T1992 exit  ioctl -> 0 (0)
T2671 enter sendto(0x37, 0xb4000077ede3f118, 0x7, 0x40, 0x77d9c4e168, 0xc) bytes=7: 00 07 00 90 00 00 00 addr: bytes=12: 2a 00 00 00 00 00 00 00 64 00 00 00
T2671 exit  sendto -> 7 (0x7)
T6643 enter recvfrom(0x37, 0xb4000077c4e83000, 0x2014, 0x40, 0x77b930fb88, 0x77b930fb84)
T6643 exit  recvfrom -> 14 (0xe) bytes=14: 02 07 00 90 00 07 00 02 04 00 01 00 46 00
T1992 enter ioctl(0xe, 0xc0306201, 0x7fe59a8200, 0, 0, 0) ioctl_req=0xc0306201
T1993 exit  ioctl -> 0 (0)
T1992 exit  ioctl -> 0 (0)
T1992 enter ioctl(0xe, 0xc0306201, 0x7fe59a8ab8, 0x7c84b080d8, 0x2, 0xb400007c96ed8500) ioctl_req=0xc0306201
T1993 enter ioctl(0xf, 0xc0306201, 0x7fc88848e8, 0x77d9a591a0, 0x8, 0xb40*************) ioctl_req=0xc0306201
T1993 exit  ioctl -> 0 (0)
T1993 enter ioctl(0xf, 0xc0306201, 0x7fc88848e8, 0x77d9a59328, 0, 0xb40*************) ioctl_req=0xc0306201
T1993 exit  ioctl -> 0 (0)
T2668 enter write(0x17, 0x77d9f45920, 0x8, 0x4, 0, 0) bytes=8: 01 00 00 00 00 00 00 00
T2668 exit  write -> 8 (0x8)
T2674 enter read(0x17, 0x77d265c8b8, 0x8, 0x2, 0x38, 0)
T2674 exit  read -> 8 (0x8) bytes=8: 01 00 00 00 00 00 00 00
T2674 enter read(0x17, 0x77d265c8b8, 0x8, 0x2, 0x38, 0)
T2674 exit  read -> -11 (0xfffffffffffffff5)
T1993 enter ioctl(0xf, 0xc0306201, 0x7fc88848e8, 0x77d9a59350, 0, 0xb40*************) ioctl_req=0xc0306201
T2668 enter write(0x17, 0x77d9f45930, 0x8, 0x3, 0, 0) bytes=8: 01 00 00 00 00 00 00 00
T1993 exit  ioctl -> 0 (0)
T2668 exit  write -> 8 (0x8)
T2674 enter read(0x17, 0x77d265c8b8, 0x8, 0x2, 0x38, 0)
T2674 exit  read -> 8 (0x8) bytes=8: 01 00 00 00 00 00 00 00
T2674 enter read(0x17, 0x77d265c8b8, 0x8, 0x2, 0x38, 0)
T2674 exit  read -> -11 (0xfffffffffffffff5)
T2668 enter write(0x17, 0x77d9f459e0, 0x8, 0xc, 0x1, 0) bytes=8: 01 00 00 00 00 00 00 00
T2674 enter read(0x17, 0x77d265c8b8, 0x8, 0x2, 0x38, 0)
T2674 exit  read -> 8 (0x8) bytes=8: 01 00 00 00 00 00 00 00
T2674 enter read(0x17, 0x77d265c8b8, 0x8, 0x2, 0x38, 0)
T2668 exit  write -> 8 (0x8)
T2674 exit  read -> -11 (0xfffffffffffffff5)
T2668 enter write(0x17, 0x77d9f45920, 0x8, 0x4, 0, 0) bytes=8: 01 00 00 00 00 00 00 00
T2668 exit  write -> 8 (0x8)
T2674 enter read(0x17, 0x77d265c8b8, 0x8, 0x2, 0x38, 0)
T2674 exit  read -> 8 (0x8) bytes=8: 01 00 00 00 00 00 00 00
T2674 enter read(0x17, 0x77d265c8b8, 0x8, 0x2, 0x38, 0)
T2674 exit  read -> -11 (0xfffffffffffffff5)
T2671 enter ioctl(0xf, 0xc0306201, 0x77d9c4e808, 0, 0, 0x1) ioctl_req=0xc0306201
T2668 enter write(0x17, 0x77d9f45920, 0x8, 0x4, 0, 0) bytes=8: 01 00 00 00 00 00 00 00
T2671 exit  ioctl -> 0 (0)
T2668 exit  write -> 8 (0x8)
T2674 enter read(0x17, 0x77d265c8b8, 0x8, 0x2, 0x38, 0)
T2674 exit  read -> 8 (0x8) bytes=8: 01 00 00 00 00 00 00 00
T2674 enter read(0x17, 0x77d265c8b8, 0x8, 0x2, 0x38, 0)
T2674 exit  read -> -11 (0xfffffffffffffff5)
T2668 enter write(0x17, 0x77d9f45920, 0x8, 0x4, 0, 0) bytes=8: 01 00 00 00 00 00 00 00
T2668 exit  write -> 8 (0x8)
T2674 enter read(0x17, 0x77d265c8b8, 0x8, 0x2, 0x38, 0)
T2674 exit  read -> 8 (0x8) bytes=8: 01 00 00 00 00 00 00 00
T2674 enter read(0x17, 0x77d265c8b8, 0x8, 0x2, 0x38, 0)
T2674 exit  read -> -11 (0xfffffffffffffff5)
T2668 enter write(0x17, 0x77d9f45920, 0x8, 0x4, 0, 0) bytes=8: 01 00 00 00 00 00 00 00
T2674 enter read(0x17, 0x77d265c8b8, 0x8, 0x2, 0x38, 0)
T2674 exit  read -> 8 (0x8) bytes=8: 01 00 00 00 00 00 00 00
T2674 enter read(0x17, 0x77d265c8b8, 0x8, 0x2, 0x38, 0)
T2674 exit  read -> -11 (0xfffffffffffffff5)
T2668 exit  write -> 8 (0x8)
T2668 enter write(0x17, 0x77d9f45930, 0x8, 0x3, 0, 0) bytes=8: 01 00 00 00 00 00 00 00
T2668 exit  write -> 8 (0x8)
T2674 enter read(0x17, 0x77d265c8b8, 0x8, 0x2, 0x38, 0)
T2674 exit  read -> 8 (0x8) bytes=8: 01 00 00 00 00 00 00 00
T2674 enter read(0x17, 0x77d265c8b8, 0x8, 0x2, 0x38, 0)
T2674 exit  read -> -11 (0xfffffffffffffff5)
T2668 enter write(0x17, 0x77d9f459e0, 0x8, 0xc, 0x1, 0) bytes=8: 01 00 00 00 00 00 00 00
T2668 exit  write -> 8 (0x8)
T2674 enter read(0x17, 0x77d265c8b8, 0x8, 0x2, 0x38, 0)
T2674 exit  read -> 8 (0x8) bytes=8: 01 00 00 00 00 00 00 00
T2674 enter read(0x17, 0x77d265c8b8, 0x8, 0x2, 0x38, 0)
T2674 exit  read -> -11 (0xfffffffffffffff5)
T2668 enter write(0x17, 0x77d9f45920, 0x8, 0x4, 0, 0) bytes=8: 01 00 00 00 00 00 00 00
T2668 exit  write -> 8 (0x8)
T2674 enter read(0x17, 0x77d265c8b8, 0x8, 0x2, 0x38, 0)
T2674 exit  read -> 8 (0x8) bytes=8: 01 00 00 00 00 00 00 00
T2674 enter read(0x17, 0x77d265c8b8, 0x8, 0x2, 0x38, 0)
T2674 exit  read -> -11 (0xfffffffffffffff5)
T2668 enter write(0x17, 0x77d9f45930, 0x8, 0x3, 0, 0) bytes=8: 01 00 00 00 00 00 00 00
T2668 exit  write -> 8 (0x8)
T2674 enter read(0x17, 0x77d265c8b8, 0x8, 0x2, 0x38, 0)
T2674 exit  read -> 8 (0x8) bytes=8: 01 00 00 00 00 00 00 00
T2674 enter read(0x17, 0x77d265c8b8, 0x8, 0x2, 0x38, 0)
T2674 exit  read -> -11 (0xfffffffffffffff5)
T2668 enter write(0x17, 0x77d9f459e0, 0x8, 0xc, 0x1, 0) bytes=8: 01 00 00 00 00 00 00 00
T2668 exit  write -> 8 (0x8)
T2674 enter read(0x17, 0x77d265c8b8, 0x8, 0x2, 0x38, 0)
T2674 exit  read -> 8 (0x8) bytes=8: 01 00 00 00 00 00 00 00
T2674 enter read(0x17, 0x77d265c8b8, 0x8, 0x2, 0x38, 0)
T2674 exit  read -> -11 (0xfffffffffffffff5)
T2668 enter ioctl(0xf, 0xc0306201, 0x77d9f45468, 0, 0, 0x1) ioctl_req=0xc0306201
T2668 exit  ioctl -> 0 (0)
T1993 enter ioctl(0xf, 0xc0306201, 0x7fc88848e8, 0x77d9a593d0, 0x2, 0xb40*************) ioctl_req=0xc0306201
T1993 exit  ioctl -> 0 (0)
T1993 enter ioctl(0xf, 0xc0306201, 0x7fc88848e8, 0x77d9a59498, 0x2, 0xb40*************) ioctl_req=0xc0306201
T1993 exit  ioctl -> 0 (0)
T1993 enter ioctl(0xf, 0xc0306201, 0x7fc88848e8, 0x77d9a59560, 0x2, 0xb40*************) ioctl_req=0xc0306201
T1993 exit  ioctl -> 0 (0)
T2603 enter ioctl(0xe, 0xc0306201, 0x7c82150788, 0, 0, 0x1) ioctl_req=0xc0306201
T2603 exit  ioctl -> 0 (0)
T1993 enter ioctl(0xf, 0xc0306201, 0x7fc88848e8, 0x77d9a59628, 0x1, 0xb40*************) ioctl_req=0xc0306201
T1993 exit  ioctl -> 0 (0)
T2603 enter ioctl(0xe, 0xc0306201, 0x7c82150868, 0, 0, 0x1) ioctl_req=0xc0306201
T2603 exit  ioctl -> 0 (0)
T1993 enter ioctl(0xf, 0xc0306201, 0x7fc88848e8, 0x77d9a596d8, 0x1, 0xb40*************) ioctl_req=0xc0306201
T1993 exit  ioctl -> 0 (0)
T2671 enter sendto(0x38, 0xb400007896029e80, 0x28, 0x40, 0x77d9c4e118, 0xc) bytes=40: 00 02 00 32 00 21 00 01 1a 00 06 00 00 00 ff 02 00 01 ff 02 00 02 00 01 00 03 ff 02 00 04 ff 02 00 05 ff 02 10 01 00 01 addr: bytes=12: 2a 00 00 00 00 00 00 00 5a 00 00 00
T2671 exit  sendto -> 40 (0x28)
T6649 enter recvfrom(0x38, 0xb4000077edeecc00, 0xb560, 0x40, 0x77b9115b88, 0x77b9115b84)
T6649 exit  recvfrom -> 14 (0xe) bytes=14: 02 02 00 32 00 07 00 02 04 00 00 00 00 00
T2603 enter ioctl(0xe, 0xc0306201, 0x7c82150598, 0, 0, 0x1) ioctl_req=0xc0306201
T2603 exit  ioctl -> 0 (0)
T1993 enter ioctl(0xf, 0xc0306201, 0x7fc88848e8, 0x77d9a59788, 0x2, 0xb40*************) ioctl_req=0xc0306201
T1993 exit  ioctl -> 0 (0)
T2671 enter sendto(0x38, 0xb4000077ede0bde0, 0x13, 0x40, 0x77d9c4e118, 0xc) bytes=19: 00 03 00 01 00 0c 00 10 01 00 01 11 01 00 01 12 01 00 01 addr: bytes=12: 2a 00 00 00 00 00 00 00 5a 00 00 00
T2671 exit  sendto -> 19 (0x13)
T6649 enter recvfrom(0x38, 0xb4000077edeecc00, 0xb560, 0x40, 0x77b9115b88, 0x77b9115b84)
T6649 exit  recvfrom -> 14 (0xe) bytes=14: 02 03 00 01 00 07 00 02 04 00 00 00 00 00
T1993 enter ioctl(0xf, 0xc0306201, 0x7fc88848e8, 0x77d9a59850, 0x1, 0xb40*************) ioctl_req=0xc0306201
T1993 exit  ioctl -> 0 (0)
T2671 enter sendto(0x38, 0xb40*************, 0x17, 0x40, 0x77d9c4e118, 0xc) bytes=23: 00 04 00 47 00 10 00 10 01 00 01 11 01 00 01 13 01 00 01 15 01 00 01 addr: bytes=12: 2a 00 00 00 00 00 00 00 5a 00 00 00
T2671 exit  sendto -> 23 (0x17)
T6649 enter recvfrom(0x38, 0xb4000077edeecc00, 0xb560, 0x40, 0x77b9115b88, 0x77b9115b84)
T6649 exit  recvfrom -> 14 (0xe) bytes=14: 02 04 00 47 00 07 00 02 04 00 00 00 00 00
T2603 enter ioctl(0xe, 0xc0306201, 0x7c82150920, 0, 0, 0) ioctl_req=0xc0306201
T2671 enter sendto(0x38, 0xb4000077ede3f118, 0x7, 0x40, 0x77d9c4e088, 0xc)T2603 exit  ioctl -> 0 (0)
 bytes=7: 00 05 00 4d 00 00 00 addr: bytes=12: 2a 00 00 00 00 00 00 00 5a 00 00 00
T6649 enter recvfrom(0x38, 0xb4000077edeecc00, 0xb560, 0x40, 0x77b9115b88, 0x77b9115b84)
T2671 exit  sendto -> 7 (0x7)
T6649 exit  recvfrom -> 54 (0x36) bytes=54: 02 05 00 4d 00 2f 00 02 04 00 00 00 00 00 10 01 00 01 11 01 00 01 12 01 00 00 13 01 00 01 14 01 00 00 15 01 00 01 16 01 00 00 17 01 00 01 18 01 00 01 19 01 00 00
T1993 enter ioctl(0xf, 0xc0306201, 0x7fc88848e8, 0x77d9a59900, 0x1, 0xb40*************) ioctl_req=0xc0306201
T2603 enter ioctl(0xe, 0xc0306201, 0x7c821507f8, 0, 0, 0x1) ioctl_req=0xc0306201
T2603 exit  ioctl -> 0 (0)
T2603 enter ioctl(0xe, 0xc0306201, 0x7c82150ca8, 0x7c82150dd8, 0x7c82150dd0, 0x80**************) ioctl_req=0xc0306201
T2603 exit  ioctl -> 0 (0)
T2671 enter sendto(0x38, 0xb4000077ede3f118, 0x7, 0x40, 0x77d9c4df28, 0xc) bytes=7: 00 06 00 5c 00 00 00 addr: bytes=12: 2a 00 00 00 00 00 00 00 5a 00 00 00
T2671 exit  sendto -> 7 (0x7)
T6649 enter recvfrom(0x38, 0xb4000077edeecc00, 0xb560, 0x40, 0x77b9115b88, 0x77b9115b84)
T6649 exit  recvfrom -> 25 (0x19) bytes=25: 02 06 00 5c 00 12 00 02 04 00 00 00 00 00 10 01 00 01 11 04 00 00 00 00 00
T2603 enter ioctl(0xe, 0xc0306201, 0x7c82150920, 0, 0, 0) ioctl_req=0xc0306201
T2603 exit  ioctl -> 0 (0)
T2603 enter ioctl(0xe, 0xc0306201, 0x7c821507f8, 0, 0, 0x1) ioctl_req=0xc0306201
T2603 exit  ioctl -> 0 (0)
T2603 enter ioctl(0xe, 0xc0306201, 0x7c82150ca8, 0x7c82150dd8, 0x7c82150dd0, 0x80**************) ioctl_req=0xc0306201
T2603 exit  ioctl -> 0 (0)
T2671 enter sendto(0x38, 0xb400007896027a10, 0x7, 0x40, 0x77d9c4e098, 0xc) bytes=7: 00 07 00 48 00 00 00 addr: bytes=12: 2a 00 00 00 00 00 00 00 5a 00 00 00
T2671 exit  sendto -> 7 (0x7)
T6649 enter recvfrom(0x38, 0xb4000077edeecc00, 0xb560, 0x40, 0x77b9115b88, 0x77b9115b84)
T6649 exit  recvfrom -> 18 (0x12) bytes=18: 02 07 00 48 00 0b 00 02 04 00 00 00 00 00 10 01 00 00
T2671 enter ioctl(0xf, 0xc0306201, 0x77d9c4e868, 0, 0, 0x1) ioctl_req=0xc0306201
T2671 exit  ioctl -> 0 (0)
T2603 enter ioctl(0xe, 0xc0306201, 0x7c8214f9b0, 0, 0, 0) ioctl_req=0xc0306201
T2603 exit  ioctl -> 0 (0)
T2671 enter ioctl(0xf, 0xc0306201, 0x77d9c4e848, 0, 0, 0x1) ioctl_req=0xc0306201
T2671 exit  ioctl -> 0 (0)
T2603 enter ioctl(0xe, 0xc0306201, 0x7c8214f9b0, 0, 0, 0) ioctl_req=0xc0306201
T2603 exit  ioctl -> 0 (0)
T2603 enter ioctl(0xe, 0xc0306201, 0x7c8214f9b0, 0, 0, 0) ioctl_req=0xc0306201
T2603 exit  ioctl -> 0 (0)
T2603 enter ioctl(0xe, 0xc0306201, 0x7c82150920, 0, 0, 0) ioctl_req=0xc0306201
T2603 exit  ioctl -> 0 (0)
T2603 enter ioctl(0xe, 0xc0306201, 0x7c821504c0, 0, 0, 0) ioctl_req=0xc0306201
T2603 exit  ioctl -> 0 (0)
T2603 enter socket(0x1, 0x80001, 0, 0, 0x8, 0x80**************)
T2603 exit  socket -> 111 (0x6f)
T2603 enter connect(0x6f, 0x7c82150800, 0x1f, 0x136b167ba, 0xffffffffffffff, 0xce98)
T2603 exit  connect -> 0 (0)
T2603 enter writev(0x6f, 0x7c821508d8, 0x5, 0, 0x8, 0x80**************)
T2603 exit  writev -> 50 (0x32)
T2603 enter recvfrom(0x6f, 0x7c821508c0, 0x4, 0x100, 0, 0)
T2603 exit  recvfrom -> 4 (0x4) bytes=4: 00 00 00 00
T2603 enter close(0x6f, 0x6f, 0x4, 0x100, 0, 0)
T2603 exit  close -> 0 (0)
T2603 enter ioctl(0xe, 0xc0306201, 0x7c8214f8a0, 0, 0, 0) ioctl_req=0xc0306201
T2603 exit  ioctl -> 0 (0)
T2603 enter write(0x7, 0x7d39599727, 0x1, 0x2, 0x2, 0x7d1e7d55c8) bytes=1: 20
T2603 exit  write -> 1 (0x1)
T2603 enter ioctl(0xe, 0xc0306201, 0x7c8214f8b8, 0, 0, 0x1) ioctl_req=0xc0306201
T2603 exit  ioctl -> 0 (0)
T2450 enter ioctl(0xe, 0xc0306201, 0x7c8a8813a8, 0, 0, 0x1) ioctl_req=0xc0306201
T2450 exit  ioctl -> 0 (0)
T2450 enter ioctl(0xe, 0xc0306201, 0x7c8a881858, 0x7c8a881988, 0x7c8a881980, 0x80**************) ioctl_req=0xc0306201
T2450 exit  ioctl -> 0 (0)
T2450 enter read(0x6, 0x7c8a881ab8, 0x10, 0x10, 0x10, 0x7d1e7d55c8)
T2450 exit  read -> 1 (0x1) bytes=1: 20
T2450 enter read(0x6, 0x7c8a881ab8, 0x10, 0x10, 0x10, 0x7d1e7d55c8)
T2450 exit  read -> -11 (0xfffffffffffffff5)
T1993 exit  ioctl -> 0 (0)
T1993 enter ioctl(0xf, 0xc0306201, 0x7fc88848e8, 0x77d9a59060, 0, 0xb40*************) ioctl_req=0xc0306201
T2603 enter ioctl(0xe, 0xc0306201, 0x7c821507f8, 0, 0, 0x1) ioctl_req=0xc0306201
T2603 exit  ioctl -> 0 (0)
T2603 enter ioctl(0xe, 0xc0306201, 0x7c82150ca8, 0x7c82150dd8, 0x7c82150dd0, 0x80**************) ioctl_req=0xc0306201
T2603 exit  ioctl -> 0 (0)
T2450 enter writev(0x4, 0x7c8a881170, 0x4, 0x3, 0x7c8a8811b0, 0xe028)
T2450 exit  writev -> 105 (0x69)
T2450 enter openat(0xffffff9c, 0x7c8a8814c8, 0x88000, 0, 0x8, 0x80808000) path="/dev/__properties__/u:object_r:system_prop:s0"
T2450 exit  openat -> -13 (0xfffffffffffffff3)
T2450 enter socket(0x1, 0x80802, 0, 0x10, 0x800000, 0x7c8a881532)
T2450 exit  socket -> 111 (0x6f)
T2450 enter connect(0x6f, 0x7c8a881310, 0x6e, 0x172ce77ba, 0xffffffffffffff, 0xe052)
T2450 exit  connect -> 0 (0)
T2450 enter writev(0x6f, 0x7c8a881310, 0x6, 0xfffffffffffff, 0, 0)
T2450 exit  writev -> 77 (0x4d)
T2450 enter close(0x6f, 0x6, 0xfffffffffffff, 0, 0, 0x211f787371646f6e)
T2450 exit  close -> 0 (0)
T2450 enter openat(0xffffff9c, 0x7c8a8814c8, 0x88000, 0, 0, 0x80808080) path="/dev/__properties__/u:object_r:radio_prop:s0"
T2450 exit  openat -> 111 (0x6f)
T2450 enter close(0x6f, 0x6f, 0x1, 0x1, 0x6f, 0)
T2450 exit  close -> 0 (0)
T2671 enter sendto(0x4f, 0xb400007896027aa8, 0x7, 0x40, 0x77d9c4e0e8, 0xc) bytes=7: 00 02 00 34 00 00 00 addr: bytes=12: 2a 00 00 00 00 00 00 00 46 00 00 00
T2671 exit  sendto -> 7 (0x7)
T6670 enter recvfrom(0x4f, 0xb4000077edfa1b80, 0x8f2c, 0x40, 0x77b30bfb88, 0x77b30bfb84)
T6670 exit  recvfrom -> 369 (0x171) bytes=160: 02 02 00 34 00 6a 01 02 04 00 00 00 00 00 10 01 00 00 11 02 00 7f 00 12 08 00 ff ff ff ff ff ff ff 7f 13 02 00 ff 3f 14 02 00 ff 00 15 08 00 ff 3f df ff ff e7 11 00 16 01 00 00 18 04 00 02 00 00 00 19 04 00 02 00 00 00 1a 08 00 3f 00 00 00 00 00 00 00 1c 06 00 05 01 0c 08 05 04 1d 04 00 00 00 00 00 1f 04 00 01 00 00 00 20 04 00 02 00 00 00 22 02 00 00 00 23 20 00 ff 3f df ff ff e7 11 00 6e 00 00 00 00 00 00 00 00 00 00 00 00 00 00 00 00 00 00 00 00 00 00 4a 2b 04 00 00 00 00
T2671 enter sendto(0x4f, 0xb4000077c4ecaa00, 0x71, 0x40, 0x77d9c4e108, 0xc) bytes=113: 00 03 00 6c 00 6a 00 11 02 00 ff ff 13 02 00 0a 00 15 02 00 ff ff 17 02 00 0a 00 19 02 00 01 00 1d 02 00 ff ff 1f 02 00 ff ff 21 02 00 0a 00 23 02 00 ff ff 25 02 00 28 00 27 02 00 14 00 29 02 00 3c 00 2a 02 00 03 05 2c 02 00 28 00 2e 04 00 00 00 a0 40 30 04 00 00 00 80 3f 32 04 00 00 00 80 3f 34 02 00 28 00 36 02 00 3c 00 37 02 00 03 05 addr: bytes=12: 2a 00 00 00 00 00 00 00 46 00 00 00
T2671 exit  sendto -> 113 (0x71)
T6670 enter recvfrom(0x4f, 0xb4000077edfa1b80, 0x8f2c, 0x40, 0x77b30bfb88, 0x77b30bfb84)
T6670 exit  recvfrom -> 14 (0xe) bytes=14: 02 03 00 6c 00 07 00 02 04 00 00 00 00 00
T2671 enter sendto(0x4f, 0xb4000077c4ecaa00, 0x71, 0x40, 0x77d9c4dee8, 0xc) bytes=113: 00 04 00 6c 00 6a 00 11 02 00 ff ff 13 02 00 0a 00 15 02 00 ff ff 17 02 00 0a 00 19 02 00 01 00 1d 02 00 ff ff 1f 02 00 ff ff 21 02 00 0a 00 23 02 00 ff ff 25 02 00 28 00 27 02 00 14 00 29 02 00 3c 00 2a 02 00 03 05 2c 02 00 28 00 2e 04 00 00 00 a0 40 30 04 00 00 00 80 3f 32 04 00 00 00 80 3f 34 02 00 28 00 36 02 00 3c 00 37 02 00 03 05 addr: bytes=12: 2a 00 00 00 00 00 00 00 46 00 00 00
T2671 exit  sendto -> 113 (0x71)
T6670 enter recvfrom(0x4f, 0xb4000077edfa1b80, 0x8f2c, 0x40, 0x77b30bfb88, 0x77b30bfb84)
T6670 exit  recvfrom -> 14 (0xe) bytes=14: 02 04 00 6c 00 07 00 02 04 00 00 00 00 00
T2603 enter ioctl(0xe, 0xc0306201, 0x7c821503c8, 0, 0, 0x1) ioctl_req=0xc0306201
T2603 exit  ioctl -> 0 (0)
T2671 enter sendto(0x4f, 0xb400007896120f50, 0xb, 0x40, 0x77d9c4df18, 0xc) bytes=11: 00 05 00 02 00 04 00 12 01 00 01 addr: bytes=12: 2a 00 00 00 00 00 00 00 46 00 00 00
T2671 exit  sendto -> 11 (0xb)
T6670 enter recvfrom(0x4f, 0xb4000077edfa1b80, 0x8f2c, 0x40, 0x77b30bfb88, 0x77b30bfb84)
T6670 exit  recvfrom -> 14 (0xe) bytes=14: 02 05 00 02 00 07 00 02 04 00 00 00 00 00
T2671 enter sendto(0x4f, 0xb4000077c4eef300, 0x4b, 0x40, 0x77d9c4df58, 0xc) bytes=75: 00 06 00 03 00 44 00 10 01 00 01 13 01 00 00 14 01 00 01 15 01 00 01 17 01 00 00 19 01 00 00 1a 01 00 00 1e 01 00 00 1f 01 00 00 22 01 00 00 24 01 00 01 27 01 00 00 2c 01 00 00 30 01 00 00 38 01 00 01 4c 01 00 00 4d 01 00 00 addr: bytes=12: 2a 00 00 00 00 00 00 00 46 00 00 00
T2671 exit  sendto -> 75 (0x4b)
T6670 enter recvfrom(0x4f, 0xb4000077edfa1b80, 0x8f2c, 0x40, 0x77b30bfb88, 0x77b30bfb84)
T6670 exit  recvfrom -> 14 (0xe) bytes=14: 02 06 00 03 00 07 00 02 04 00 00 00 00 00
T2603 enter sendto(0x69, 0xb400007c87e151f0, 0x7, 0x40, 0x7c8214fc68, 0xc) bytes=7: 00 06 00 ac 00 00 00 addr: bytes=12: 2a 00 00 00 00 00 00 00 46 00 00 00
T2603 exit  sendto -> 7 (0x7)
T6652 enter recvfrom(0x69, 0xb400007c666f2500, 0x8f2c, 0x40, 0x7c4acbcb88, 0x7c4acbcb84)
T6652 exit  recvfrom -> 14 (0xe) bytes=14: 02 06 00 ac 00 07 00 02 04 00 01 00 4a 00
T2603 enter sendto(0x69, 0xb400007c87e151f0, 0x7, 0x40, 0x7c8214fb68, 0xc) bytes=7: 00 07 00 31 00 00 00 addr: bytes=12: 2a 00 00 00 00 00 00 00 46 00 00 00
T2603 exit  sendto -> 7 (0x7)
T6652 enter recvfrom(0x69, 0xb400007c666f2500, 0x8f2c, 0x40, 0x7c4acbcb88, 0x7c4acbcb84)
T6652 exit  recvfrom -> 18 (0x12) bytes=18: 02 07 00 31 00 0b 00 02 04 00 01 00 4a 00 01 01 00 00
T2671 enter sendto(0x4f, 0xb400007895f4ddc0, 0xb, 0x40, 0x77d9c4df58, 0xc) bytes=11: 00 07 00 75 00 04 00 01 01 00 01 addr: bytes=12: 2a 00 00 00 00 00 00 00 46 00 00 00
T2671 exit  sendto -> 11 (0xb)
T6670 enter recvfrom(0x4f, 0xb4000077edfa1b80, 0x8f2c, 0x40, 0x77b30bfb88, 0x77b30bfb84)
T6670 exit  recvfrom -> 14 (0xe) bytes=14: 02 07 00 75 00 07 00 02 04 00 00 00 00 00
T2603 enter sendto(0x69, 0xb400007c87e151f0, 0x7, 0x40, 0x7c8214ef68, 0xc) bytes=7: 00 08 00 43 00 00 00 addr: bytes=12: 2a 00 00 00 00 00 00 00 46 00 00 00
T2603 exit  sendto -> 7 (0x7)
T6652 enter recvfrom(0x69, 0xb400007c666f2500, 0x8f2c, 0x40, 0x7c4acbcb88, 0x7c4acbcb84)
T6652 exit  recvfrom -> 14 (0xe) bytes=14: 02 08 00 43 00 07 00 02 04 00 01 00 0d 00
T2671 enter sendto(0x4f, 0xb400007896027aa8, 0x7, 0x40, 0x77d9c4e098, 0xc) bytes=7: 00 08 00 7e 00 00 00 addr: bytes=12: 2a 00 00 00 00 00 00 00 46 00 00 00
T6670 enter recvfrom(0x4f, 0xb4000077edfa1b80, 0x8f2c, 0x40, 0x77b30bfb88, 0x77b30bfb84)
T2671 exit  sendto -> 7 (0x7)
T6670 exit  recvfrom -> 21 (0x15) bytes=21: 02 08 00 7e 00 0e 00 02 04 00 00 00 00 00 10 04 00 02 00 00 00
detached threads=97
detached threads=109
