[    0.000000] Booting Linux on physical CPU 0x0000000000 [0x411fd070]
[    0.000000] Linux version 6.6.60 (user@user-Mini) (aarch64-linux-gnu-gcc (GCC) 16.1.0, GNU ld (GNU Binutils) 2.47) #1 SMP PREEMPT Thu Aug  6 23:41:56 CEST 2026
[    0.000000] KASLR enabled
[    0.000000] random: crng init done
[    0.000000] Machine model: linux,dummy-virt
[    0.000000] efi: UEFI not found.
[    0.000000] earlycon: pl11 at MMIO 0x00************** (options '')
[    0.000000] printk: bootconsole [pl11] enabled
[    0.000000] NUMA: No NUMA configuration found
[    0.000000] NUMA: Faking a node at [mem 0x00**************-0x00000000bfffffff]
[    0.000000] NUMA: NODE_DATA [mem 0xbfbf09c0-0xbfbf2fff]
[    0.000000] Zone ranges:
[    0.000000]   DMA      [mem 0x00**************-0x00000000bfffffff]
[    0.000000]   DMA32    empty
[    0.000000]   Normal   empty
[    0.000000] Movable zone start for each node
[    0.000000] Early memory node ranges
[    0.000000]   node   0: [mem 0x00**************-0x00000000bfffffff]
[    0.000000] Initmem setup node 0 [mem 0x00**************-0x00000000bfffffff]
[    0.000000] cma: Reserved 32 MiB at 0x00000000bba00000 on node -1
[    0.000000] psci: probing for conduit method from DT.
[    0.000000] psci: PSCIv1.1 detected in firmware.
[    0.000000] psci: Using standard PSCI v0.2 function IDs
[    0.000000] psci: Trusted OS migration not required
[    0.000000] psci: SMC Calling Convention v1.0
[    0.000000] percpu: Embedded 22 pages/cpu s50856 r8192 d31064 u90112
[    0.000000] pcpu-alloc: s50856 r8192 d31064 u90112 alloc=22*4096
[    0.000000] pcpu-alloc: [0] 0 [0] 1 
[    0.000000] Detected PIPT I-cache on CPU0
[    0.000000] CPU features: detected: Spectre-v2
[    0.000000] CPU features: detected: Spectre-v3a
[    0.000000] CPU features: detected: Spectre-v4
[    0.000000] CPU features: detected: Spectre-BHB
[    0.000000] CPU features: kernel page table isolation forced ON by KASLR
[    0.000000] CPU features: detected: Kernel page table isolation (KPTI)
[    0.000000] CPU features: detected: ARM erratum 834220
[    0.000000] CPU features: detected: ARM erratum 1742098
[    0.000000] CPU features: detected: ARM erratum 832075
[    0.000000] CPU features: detected: ARM errata 1165522, 1319367, or 1530923
[    0.000000] alternatives: applying boot alternatives
[    0.000000] Kernel command line: console=ttyAMA0 earlycon loglevel=8 panic=10 rdinit=/init ip=10.0.2.15::10.0.2.2:255.255.255.0::eth0:off
[    0.000000] Dentry cache hash table entries: 262144 (order: 9, 2097152 bytes, linear)
[    0.000000] Inode-cache hash table entries: 131072 (order: 8, 1048576 bytes, linear)
[    0.000000] Fallback order for Node 0: 0 
[    0.000000] Built 1 zonelists, mobility grouping on.  Total pages: 516096
[    0.000000] Policy zone: DMA
[    0.000000] mem auto-init: stack:all(zero), heap alloc:off, heap free:off
[    0.000000] software IO TLB: area num 2.
[    0.000000] software IO TLB: mapped [mem 0x00000000b7800000-0x00000000bb800000] (64MB)
[    0.000000] Memory: 1920368K/2097152K available (16832K kernel code, 4276K rwdata, 10592K rodata, 2624K init, 605K bss, 144016K reserved, 32768K cma-reserved)
[    0.000000] SLUB: HWalign=64, Order=0-3, MinObjects=0, CPUs=2, Nodes=1
[    0.000000] rcu: Preemptible hierarchical RCU implementation.
[    0.000000] rcu: 	RCU event tracing is enabled.
[    0.000000] rcu: 	RCU restricting CPUs from NR_CPUS=256 to nr_cpu_ids=2.
[    0.000000] 	Trampoline variant of Tasks RCU enabled.
[    0.000000] 	Tracing variant of Tasks RCU enabled.
[    0.000000] rcu: RCU calculated value of scheduler-enlistment delay is 25 jiffies.
[    0.000000] rcu: Adjusting geometry for rcu_fanout_leaf=16, nr_cpu_ids=2
[    0.000000] NR_IRQS: 64, nr_irqs: 64, preallocated irqs: 0
[    0.000000] Root IRQ handler: gic_handle_irq
[    0.000000] GICv2m: range[mem 0x08020000-0x08020fff], SPI[80:143]
[    0.000000] rcu: srcu_init: Setting srcu_struct sizes based on contention.
[    0.000000] arch_timer: cp15 timer(s) running at 62.50MHz (virt).
[    0.000000] clocksource: arch_sys_counter: mask: 0x1ffffffffffffff max_cycles: 0x1cd42e208c, max_idle_ns: 881590405314 ns
[    0.000038] sched_clock: 57 bits at 63MHz, resolution 16ns, wraps every 4398046511096ns
[    0.005525] Console: colour dummy device 80x25
[    0.007022] Calibrating delay loop (skipped), value calculated using timer frequency.. 125.00 BogoMIPS (lpj=250000)
[    0.007270] pid_max: default: 32768 minimum: 301
[    0.008208] LSM: initializing lsm=capability,integrity
[    0.010523] Mount-cache hash table entries: 4096 (order: 3, 32768 bytes, linear)
[    0.010720] Mountpoint-cache hash table entries: 4096 (order: 3, 32768 bytes, linear)
[    0.032723] RCU Tasks: Setting shift to 1 and lim to 1 rcu_task_cb_adjust=1 rcu_task_cpu_ids=2.
[    0.033205] RCU Tasks Trace: Setting shift to 1 and lim to 1 rcu_task_cb_adjust=1 rcu_task_cpu_ids=2.
[    0.034182] rcu: Hierarchical SRCU implementation.
[    0.034276] rcu: 	Max phase no-delay instances is 1000.
[    0.037020] EFI services will not be available.
[    0.037625] smp: Bringing up secondary CPUs ...
[    0.040045] Detected PIPT I-cache on CPU1
[    0.040621] CPU1: Booted secondary processor 0x0000000001 [0x411fd070]
[    0.042829] smp: Brought up 1 node, 2 CPUs
[    0.043067] SMP: Total of 2 processors activated.
[    0.043174] CPU features: detected: 32-bit EL0 Support
[    0.043246] CPU features: detected: 32-bit EL1 Support
[    0.043341] CPU features: detected: CRC32 instructions
[    0.044717] CPU: All CPU(s) started at EL1
[    0.044909] alternatives: applying system-wide alternatives
[    0.059702] devtmpfs: initialized
[    0.068059] clocksource: jiffies: mask: 0xffffffff max_cycles: 0xffffffff, max_idle_ns: 76************** ns
[    0.068334] futex hash table entries: 512 (order: 3, 32768 bytes, linear)
[    0.071400] pinctrl core: initialized pinctrl subsystem
[    0.074733] DMI not present or invalid.
[    0.083093] NET: Registered PF_NETLINK/PF_ROUTE protocol family
[    0.088580] DMA: preallocated 256 KiB GFP_KERNEL pool for atomic allocations
[    0.089166] DMA: preallocated 256 KiB GFP_KERNEL|GFP_DMA pool for atomic allocations
[    0.089500] DMA: preallocated 256 KiB GFP_KERNEL|GFP_DMA32 pool for atomic allocations
[    0.089909] audit: initializing netlink subsys (disabled)
[    0.091652] audit: type=2000 audit(0.084:1): state=initialized audit_enabled=0 res=1
[    0.094309] thermal_sys: Registered thermal governor 'step_wise'
[    0.094360] thermal_sys: Registered thermal governor 'power_allocator'
[    0.094779] cpuidle: using governor menu
[    0.095603] hw-breakpoint: found 6 breakpoint and 4 watchpoint registers.
[    0.096129] ASID allocator initialised with 32768 entries
[    0.098952] Serial: AMBA PL011 UART driver
[    0.119964] 9000000.pl011: ttyAMA0 at MMIO 0x9000000 (irq = 13, base_baud = 0) is a PL011 rev1
[    0.120938] printk: console [ttyAMA0] enabled
[    0.120938] printk: console [ttyAMA0] enabled
[    0.121226] printk: bootconsole [pl11] disabled
[    0.121226] printk: bootconsole [pl11] disabled
[    0.133219] Modules: 2G module region forced by RANDOMIZE_MODULE_REGION_FULL
[    0.133390] Modules: 0 pages in range for non-PLT usage
[    0.133404] Modules: 515504 pages in range for PLT usage
[    0.136123] HugeTLB: registered 1.00 GiB page size, pre-allocated 0 pages
[    0.136308] HugeTLB: 0 KiB vmemmap can be freed for a 1.00 GiB page
[    0.136393] HugeTLB: registered 32.0 MiB page size, pre-allocated 0 pages
[    0.136468] HugeTLB: 0 KiB vmemmap can be freed for a 32.0 MiB page
[    0.136536] HugeTLB: registered 2.00 MiB page size, pre-allocated 0 pages
[    0.136607] HugeTLB: 0 KiB vmemmap can be freed for a 2.00 MiB page
[    0.136674] HugeTLB: registered 64.0 KiB page size, pre-allocated 0 pages
[    0.136745] HugeTLB: 0 KiB vmemmap can be freed for a 64.0 KiB page
[    0.142568] ACPI: Interpreter disabled.
[    0.145427] iommu: Default domain type: Translated
[    0.145522] iommu: DMA domain TLB invalidation policy: strict mode
[    0.146294] SCSI subsystem initialized
[    0.146834] libata version 3.00 loaded.
[    0.147637] usbcore: registered new interface driver usbfs
[    0.147811] usbcore: registered new interface driver hub
[    0.147954] usbcore: registered new device driver usb
[    0.148900] pps_core: LinuxPPS API ver. 1 registered
[    0.148975] pps_core: Software ver. 5.3.6 - Copyright 2005-2007 Rodolfo Giometti <giometti@linux.it>
[    0.149108] PTP clock support registered
[    0.149381] EDAC MC: Ver: 3.0.0
[    0.150981] scmi_core: SCMI protocol bus registered
[    0.152161] FPGA manager framework
[    0.152550] Advanced Linux Sound Architecture Driver Initialized.
[    0.158857] vgaarb: loaded
[    0.160196] clocksource: Switched to clocksource arch_sys_counter
[    0.160988] VFS: Disk quotas dquot_6.6.0
[    0.161121] VFS: Dquot-cache hash table entries: 512 (order 0, 4096 bytes)
[    0.161868] pnp: PnP ACPI: disabled
[    0.171090] NET: Registered PF_INET protocol family
[    0.172246] IP idents hash table entries: 32768 (order: 6, 262144 bytes, linear)
[    0.176132] tcp_listen_portaddr_hash hash table entries: 1024 (order: 2, 16384 bytes, linear)
[    0.176326] Table-perturb hash table entries: 65536 (order: 6, 262144 bytes, linear)
[    0.176457] TCP established hash table entries: 16384 (order: 5, 131072 bytes, linear)
[    0.176754] TCP bind hash table entries: 16384 (order: 7, 524288 bytes, linear)
[    0.177051] TCP: Hash tables configured (established 16384 bind 16384)
[    0.177805] UDP hash table entries: 1024 (order: 3, 32768 bytes, linear)
[    0.178046] UDP-Lite hash table entries: 1024 (order: 3, 32768 bytes, linear)
[    0.178767] NET: Registered PF_UNIX/PF_LOCAL protocol family
[    0.180947] RPC: Registered named UNIX socket transport module.
[    0.181062] RPC: Registered udp transport module.
[    0.181126] RPC: Registered tcp transport module.
[    0.181186] RPC: Registered tcp-with-tls transport module.
[    0.181256] RPC: Registered tcp NFSv4.1 backchannel transport module.
[    0.181405] PCI: CLS 0 bytes, default 64
[    0.183691] Unpacking initramfs...
[    0.184748] kvm [1]: HYP mode not available
[    0.186835] Initialise system trusted keyrings
[    0.192815] workingset: timestamp_bits=42 max_order=19 bucket_order=0
[    0.194484] squashfs: version 4.0 (2009/01/31) Phillip Lougher
[    0.195810] NFS: Registering the id_resolver key type
[    0.196192] Key type id_resolver registered
[    0.196263] Key type id_legacy registered
[    0.196468] nfs4filelayout_init: NFSv4 File Layout Driver Registering...
[    0.196581] nfs4flexfilelayout_init: NFSv4 Flexfile Layout Driver Registering...
[    0.200397] 9p: Installing v9fs 9p2000 file system support
[    0.226492] Freeing initrd memory: 1376K
[    0.232500] Key type asymmetric registered
[    0.232678] Asymmetric key parser 'x509' registered
[    0.233031] Block layer SCSI generic (bsg) driver version 0.4 loaded (major 245)
[    0.233214] io scheduler mq-deadline registered
[    0.233308] io scheduler kyber registered
[    0.233643] io scheduler bfq registered
[    0.247494] pl061_gpio 9030000.pl061: PL061 GPIO chip registered
[    0.251344] pci-host-generic 4010000000.pcie: host bridge /pcie@10000000 ranges:
[    0.251908] pci-host-generic 4010000000.pcie:       IO 0x003eff0000..0x003effffff -> 0x0000000000
[    0.252511] pci-host-generic 4010000000.pcie:      MEM 0x0010000000..0x003efeffff -> 0x0010000000
[    0.252684] pci-host-generic 4010000000.pcie:      MEM 0x8000000000..0xffffffffff -> 0x8000000000
[    0.253056] pci-host-generic 4010000000.pcie: Memory resource size exceeds max for 32 bits
[    0.253490] pci-host-generic 4010000000.pcie: ECAM at [mem 0x4010000000-0x401fffffff] for [bus 00-ff]
[    0.254318] pci-host-generic 4010000000.pcie: PCI host bridge to bus 0000:00
[    0.254540] pci_bus 0000:00: root bus resource [bus 00-ff]
[    0.254646] pci_bus 0000:00: root bus resource [io  0x0000-0xffff]
[    0.254745] pci_bus 0000:00: root bus resource [mem 0x10000000-0x3efeffff]
[    0.254829] pci_bus 0000:00: root bus resource [mem 0x8000000000-0xffffffffff]
[    0.255810] pci 0000:00:00.0: [1b36:0008] type 00 class 0x060000
[    0.258260] pci 0000:00:01.0: [8086:100e] type 00 class 0x020000
[    0.258486] pci 0000:00:01.0: reg 0x10: [mem 0x00000000-0x0001ffff]
[    0.258613] pci 0000:00:01.0: reg 0x14: [io  0x0000-0x003f]
[    0.258700] pci 0000:00:01.0: reg 0x30: [mem 0x00000000-0x0003ffff pref]
[    0.260574] pci 0000:00:01.0: BAR 6: assigned [mem 0x10000000-0x1003ffff pref]
[    0.260832] pci 0000:00:01.0: BAR 0: assigned [mem 0x10040000-0x1005ffff]
[    0.260972] pci 0000:00:01.0: BAR 1: assigned [io  0x1000-0x103f]
[    0.266396] EINJ: ACPI disabled.
[    0.294971] Serial: 8250/16550 driver, 4 ports, IRQ sharing enabled
[    0.298889] SuperH (H)SCI(F) driver initialized
[    0.299440] msm_serial: driver initialized
[    0.300031] STM32 USART driver initialized
[    0.311896] loop: module loaded
[    0.313460] megasas: 07.725.01.00-rc1
[    0.315923] physmap-flash 0.flash: physmap platform flash device: [mem 0x00000000-0x03ffffff]
[    0.316830] 0.flash: Found 2 x16 devices at 0x0 in 32-bit bank. Manufacturer ID 0x000000 Chip ID 0x000000
[    0.317958] Intel/Sharp Extended Query Table at 0x0031
[    0.318380] Using buffer write method
[    0.318616] erase region 0: offset=0x0,size=0x40000,blocks=256
[    0.318819] physmap-flash 0.flash: physmap platform flash device: [mem 0x04000000-0x07ffffff]
[    0.319220] 0.flash: Found 2 x16 devices at 0x0 in 32-bit bank. Manufacturer ID 0x000000 Chip ID 0x000000
[    0.319360] Intel/Sharp Extended Query Table at 0x0031
[    0.319595] Using buffer write method
[    0.319655] erase region 0: offset=0x0,size=0x40000,blocks=256
[    0.319747] Concatenating MTD devices:
[    0.319798] (0): "0.flash"
[    0.319835] (1): "0.flash"
[    0.319870] into device "0.flash"
[    0.338139] tun: Universal TUN/TAP device driver, 1.6
[    0.339454] thunder_xcv, ver 1.0
[    0.339541] thunder_bgx, ver 1.0
[    0.339612] nicpf, ver 1.0
[    0.340893] hns3: Hisilicon Ethernet Network Driver for Hip08 Family - version
[    0.340995] hns3: Copyright (c) 2017 Huawei Corporation.
[    0.341183] hclge is initializing
[    0.341326] e1000: Intel(R) PRO/1000 Network Driver
[    0.341385] e1000: Copyright (c) 1999-2006 Intel Corporation.
[    0.343650] e1000 0000:00:01.0: enabling device (0000 -> 0003)
[    0.652315] e1000 0000:00:01.0 eth0: (PCI:33MHz:32-bit) xx:xx:xx:xx:xx:xx
[    0.652864] e1000 0000:00:01.0 eth0: Intel(R) PRO/1000 Network Connection
[    0.653349] e1000e: Intel(R) PRO/1000 Network Driver
[    0.653414] e1000e: Copyright(c) 1999 - 2015 Intel Corporation.
[    0.653550] igb: Intel(R) Gigabit Ethernet Network Driver
[    0.653614] igb: Copyright (c) 2007-2014 Intel Corporation.
[    0.653709] igbvf: Intel(R) Gigabit Virtual Function Network Driver
[    0.653780] igbvf: Copyright (c) 2009 - 2012 Intel Corporation.
[    0.654350] sky2: driver version 1.30
[    0.656235] VFIO - User Level meta-driver version: 0.3
[    0.659584] usbcore: registered new interface driver usb-storage
[    0.664684] rtc-pl031 9010000.pl031: registered as rtc0
[    0.665112] rtc-pl031 9010000.pl031: setting system clock to 2026-09-17T12:01:37 UTC (1789646497)
[    0.666207] i2c_dev: i2c /dev entries driver
[    0.673353] sdhci: Secure Digital Host Controller Interface driver
[    0.673498] sdhci: Copyright(c) Pierre Ossman
[    0.674227] Synopsys Designware Multimedia Card Interface Driver
[    0.675174] sdhci-pltfm: SDHCI platform and OF driver helper
[    0.677874] ledtrig-cpu: registered to indicate activity on CPUs
[    0.680844] usbcore: registered new interface driver usbhid
[    0.680934] usbhid: USB HID core driver
[    0.686204] hw perfevents: enabled with armv8_pmuv3 PMU driver, 7 counters available
[    0.693016] NET: Registered PF_PACKET protocol family
[    0.693964] 9pnet: Installing 9P2000 support
[    0.694379] Key type dns_resolver registered
[    0.705308] registered taskstats version 1
[    0.706147] Loading compiled-in X.509 certificates
[    0.720487] input: gpio-keys as /devices/platform/gpio-keys/input/input0
[    2.761358] e1000: eth0 NIC Link is Up 1000 Mbps Full Duplex, Flow Control: RX
[    2.780610] IP-Config: Complete:
[    2.780739]      device=eth0, hwaddr=xx:xx:xx:xx:xx:xx, ipaddr=10.0.2.15, mask=255.255.255.0, gw=10.0.2.2
[    2.780919]      host=10.0.2.15, domain=, nis-domain=(none)
[    2.780988]      bootserver=255.255.255.255, rootserver=255.255.255.255, rootpath=
[    2.783767] clk: Disabling unused clocks
[    2.784620] ALSA device list:
[    2.784714]   No soundcards found.
[    2.787063] uart-pl011 9000000.pl011: no DMA platform data
[    2.812572] Freeing unused kernel memory: 2624K
[    2.813180] Run /init as init process
[    2.813278]   with arguments:
[    2.813322]     /init
[    2.813357]   with environment:
[    2.813400]     HOME=/
[    2.813435]     TERM=linux
<1>nx679j: journal mirror: 914 bytes (file open, kmsg=4 pmsg=-1 rd=-1)
nx679j: mounts: start (uid=0 pid=55)
nx679j: ATTEMPT mount -t proc /proc
nx679j: mount proc      rc=0
nx679j: ATTEMPT mount -t sysfs /sys
nx679j: mount sysfs     rc=0
nx679j: ATTEMPT mount -t configfs /sys/kernel/config
nx679j: mount configfs  rc=0
nx679j: ATTEMPT mount -t pstore /sys/fs/pstore
nx679j: mount pstore    rc=0
nx679j: cmdline: console=ttyAMA0 earlycon loglevel=8 panic=10 rdinit=/init ip=10.0.2.15::10.0.2.2:255.255.255.0::eth0:off
nx679j: kernel 6.6.60 aarch64
nx679j: /proc/devices: pmsg=no
nx679j: configfs usb_gadget=absent
nx679j: 0 .ko files visible in /lib/modules
nx679j: mounts: done
nx679j: FIRST JOURNAL WRITE, no module loaded yet (device tree nodes UFS=absent USB=present)
nx679j: /dev/block/by-name present: no
nx679j: /dev present: kmsg=yes pmsg0=yes console=yes
nx679j: ---- dump (first journal write: NO rawdump partition found) ----
nx679j: pmsg unavailable (no ramoops this boot)
[    2.887233] nx679j: journal mirror: 914 bytes (file open, kmsg=4 pmsg=-1 rd=-1)
[    2.887430] nx679j: mounts: start (uid=0 pid=55)
[    2.887430] nx679j: ATTEMPT mount -t proc /proc
[    2.887430] nx679j: mount proc      rc=0
[    2.887430] nx679j: ATTEMPT mount -t sysfs /sys
[    2.887430] nx679j: mount sysfs     rc=0
[    2.887430] nx679j: ATTEMPT mount -t configfs /sys/kernel/config
[    2.887430] nx679j: mount configfs  rc=0
[    2.887430] nx679j: ATTEMPT mount -t pstore /sys/fs/pstore
[    2.887430] nx679j: mount pstore    rc=0
[    2.887430] nx679j: cmdline: console=ttyAMA0 earlycon loglevel=8 panic=10 rdinit=/init ip=10.0.2.15::10.0.2.2:255.255.255.0::eth0:off
[    2.887430] nx679j: kernel 6.6.60 aarch64
[    2.887430] nx679j: /proc/devices: pmsg=no
[    2.887430] nx679j: configfs usb_gadget=absent
[    2.887430] nx679j: 0 .ko files visible in /lib/modules
[    2.887430] nx679j: mounts: done
[    2.887430] nx679j: FIRST JOURNAL WRITE, no module loaded yet (device tree nodes UFS=absent USB=present)
[    2.887430] nx679j: /dev/block/by-name present: no
[    2.887430] nx679j: /dev present: kmsg=yes pmsg0=yes console=yes
[    2.887430] nx679j: ---- dump (first journal write: NO rawdump partition found) ----
[    2.887430] nx679j: pmsg unavailable (no ramoops this boot)
<1>nx679j: journal mirror: 1137 bytes (file open, kmsg=4 pmsg=-1 rd=-1)
nx679j: mounts: start (uid=0 pid=55)
nx679j: ATTEMPT mount -t proc /proc
nx679j: mount proc      rc=0
nx679j: ATTEMPT mount -t sysfs /sys
nx679j: mount sysfs     rc=0
nx679j: ATTEMPT mount -t configfs /sys/kernel/config
nx679j: mount configfs  rc=0
nx679j: ATTEMPT mount -t pstore /sys/fs/pstore
nx679j: mount pstore    rc=0
nx679j: cmdline: console=ttyAMA0 earlycon loglevel=8 panic=10 rdinit=/init ip=10.0.2.15::10.0.2.2:255.255.255.0::eth0:off
nx679j: kernel 6.6.60 aarch64
nx679j: /proc/devices: pmsg=no
nx679j: configfs usb_gadget=absent
nx679j: 0 .ko files visible in /lib/modules
nx679j: mounts: done
nx679j: FIRST JOURNAL WRITE, no module loaded yet (device tree nodes UFS=absent USB=present)
nx679j: /dev/block/by-name present: no
nx679j: /dev present: kmsg=yes pmsg0=yes console=yes
nx679j: ---- dump (first journal write: NO rawdump partition found) ----
nx679j: pmsg unavailable (no ramoops this boot)
nx679j: journal is durable on rawdump: no
nx679j: PID1-OP-FAILED op=journal rc=1 journal=0 gadget=0
nx679j: ---- dump (PID1-OP-FAILED op=journal rc=1 journal=0 gadget=0) ----
nx679j: pmsg unavailable (no ramoops this boot)
[    2.935236] nx679j: journal mirror: 1137 bytes (file open, kmsg=4 pmsg=-1 rd=-1)
<1>nx679j: journal mirror: 1885 bytes (file open, kmsg=4 pmsg=-1 rd=-1)
nx679j: mounts: start (uid=0 pid=55)
nx679j: ATTEMPT mount -t proc /proc
nx679j: mount proc      rc=0
nx679j: ATTEMPT mount -t sysfs /sys
nx679j: mount sysfs     rc=0
nx679j: ATTEMPT mount -t configfs /sys/kernel/config
nx679j: mount configfs  rc=0
nx679j: ATTEMPT mount -t pstore /sys/fs/pstore
nx679j: mount pstore    rc=0
nx679j: cmdline: console=ttyAMA0 earlycon loglevel=8 panic=10 rdinit=/init ip=10.0.2.15::10.0.2.2:255.255.255.0::eth0:off
nx679j: kernel 6.6.60 aarch64
nx679j: /proc/devices: pmsg=no
nx679j: configfs usb_gadget=absent
nx679j: 0 .ko files visible in /lib/modules
nx679j: mounts: done
nx679j: FIRST JOURNAL WRITE, no module loaded yet (device tree nodes UFS=absent USB=present)
nx679j: /dev/block/by-name present: no
nx679j: /dev present: kmsg=yes pmsg0=yes console=yes
nx679j: ---- dump (first journal write: NO rawdump partition found) ----
nx679j: pmsg unavailable (no ramoops this boot)
nx679j: journal is durable on rawdump: no
nx679j: PID1-OP-FAILED op=journal rc=1 journal=0 gadget=0
nx679j: ---- dump (PID1-OP-FAILED op=journal rc=1 journal=0 gadget=0) ----
nx679j: pmsg unavailable (no ramoops this boot)
nx679j: gadget: start
nx679j: usb_role nodes set to device: 0
nx679j: ATTEMPT wait for a real UDC (1/12)
nx679j: ATTEMPT wait for a real UDC (2/12)
nx679j: ATTEMPT wait for a real UDC (3/12)
nx679j: ATTEMPT wait for a real UDC (4/12)
nx679j: ATTEMPT wait for a real UDC (5/12)
nx679j: ATTEMPT wait for a real UDC (6/12)
nx679j: ATTEMPT wait for a real UDC (7/12)
nx679j: ATTEMPT wait for a real UDC (8/12)
nx679j: ATTEMPT wait for a real UDC (9/12)
nx679j: ATTEMPT wait for a real UDC (10/12)
nx679j: ATTEMPT wait for a real UDC (11/12)
nx679j: ATTEMPT wait for a real UDC (12/12)
nx679j: gadget: NO UDC after 12 s (dwc3_msm not up?)
nx679j: gadget: rc=-1
nx679j: ---- dump (end of gadget step) ----
nx679j: pmsg unavailable (no ramoops this boot)
[   14.999775] nx679j: journal mirror: 1885 bytes (file open, kmsg=4 pmsg=-1 rd=-1)
<1>nx679j: journal mirror: 2064 bytes (file open, kmsg=4 pmsg=-1 rd=-1)
nx679j: mounts: start (uid=0 pid=55)
nx679j: ATTEMPT mount -t proc /proc
nx679j: mount proc      rc=0
nx679j: ATTEMPT mount -t sysfs /sys
nx679j: mount sysfs     rc=0
nx679j: ATTEMPT mount -t configfs /sys/kernel/config
nx679j: mount configfs  rc=0
nx679j: ATTEMPT mount -t pstore /sys/fs/pstore
nx679j: mount pstore    rc=0
nx679j: cmdline: console=ttyAMA0 earlycon loglevel=8 panic=10 rdinit=/init ip=10.0.2.15::10.0.2.2:255.255.255.0::eth0:off
nx679j: kernel 6.6.60 aarch64
nx679j: /proc/devices: pmsg=no
nx679j: configfs usb_gadget=absent
nx679j: 0 .ko files visible in /lib/modules
nx679j: mounts: done
nx679j: FIRST JOURNAL WRITE, no module loaded yet (device tree nodes UFS=absent USB=present)
nx679j: /dev/block/by-name present: no
nx679j: /dev present: kmsg=yes pmsg0=yes console=yes
nx679j: ---- dump (first journal write: NO rawdump partition found) ----
nx679j: pmsg unavailable (no ramoops this boot)
nx679j: journal is durable on rawdump: no
nx679j: PID1-OP-FAILED op=journal rc=1 journal=0 gadget=0
nx679j: ---- dump (PID1-OP-FAILED op=journal rc=1 journal=0 gadget=0) ----
nx679j: pmsg unavailable (no ramoops this boot)
nx679j: gadget: start
nx679j: usb_role nodes set to device: 0
nx679j: ATTEMPT wait for a real UDC (1/12)
nx679j: ATTEMPT wait for a real UDC (2/12)
nx679j: ATTEMPT wait for a real UDC (3/12)
nx679j: ATTEMPT wait for a real UDC (4/12)
nx679j: ATTEMPT wait for a real UDC (5/12)
nx679j: ATTEMPT wait for a real UDC (6/12)
nx679j: ATTEMPT wait for a real UDC (7/12)
nx679j: ATTEMPT wait for a real UDC (8/12)
nx679j: ATTEMPT wait for a real UDC (9/12)
nx679j: ATTEMPT wait for a real UDC (10/12)
nx679j: ATTEMPT wait for a real UDC (11/12)
nx679j: ATTEMPT wait for a real UDC (12/12)
nx679j: gadget: NO UDC after 12 s (dwc3_msm not up?)
nx679j: gadget: rc=-1
nx679j: ---- dump (end of gadget step) ----
nx679j: pmsg unavailable (no ramoops this boot)
nx679j: PID1-OP-FAILED op=gadget rc=1 journal=0 gadget=0
nx679j: ---- dump (PID1-OP-FAILED op=gadget rc=1 journal=0 gadget=0) ----
nx679j: pmsg unavailable (no ramoops this boot)
[   15.028674] nx679j: journal mirror: 2064 bytes (file open, kmsg=4 pmsg=-1 rd=-1)
<1>nx679j: journal mirror: 2301 bytes (file open, kmsg=4 pmsg=-1 rd=-1)
nx679j: mounts: start (uid=0 pid=55)
nx679j: ATTEMPT mount -t proc /proc
nx679j: mount proc      rc=0
nx679j: ATTEMPT mount -t sysfs /sys
nx679j: mount sysfs     rc=0
nx679j: ATTEMPT mount -t configfs /sys/kernel/config
nx679j: mount configfs  rc=0
nx679j: ATTEMPT mount -t pstore /sys/fs/pstore
nx679j: mount pstore    rc=0
nx679j: cmdline: console=ttyAMA0 earlycon loglevel=8 panic=10 rdinit=/init ip=10.0.2.15::10.0.2.2:255.255.255.0::eth0:off
nx679j: kernel 6.6.60 aarch64
nx679j: /proc/devices: pmsg=no
nx679j: configfs usb_gadget=absent
nx679j: 0 .ko files visible in /lib/modules
nx679j: mounts: done
nx679j: FIRST JOURNAL WRITE, no module loaded yet (device tree nodes UFS=absent USB=present)
nx679j: /dev/block/by-name present: no
nx679j: /dev present: kmsg=yes pmsg0=yes console=yes
nx679j: ---- dump (first journal write: NO rawdump partition found) ----
nx679j: pmsg unavailable (no ramoops this boot)
nx679j: journal is durable on rawdump: no
nx679j: PID1-OP-FAILED op=journal rc=1 journal=0 gadget=0
nx679j: ---- dump (PID1-OP-FAILED op=journal rc=1 journal=0 gadget=0) ----
nx679j: pmsg unavailable (no ramoops this boot)
nx679j: gadget: start
nx679j: usb_role nodes set to device: 0
nx679j: ATTEMPT wait for a real UDC (1/12)
nx679j: ATTEMPT wait for a real UDC (2/12)
nx679j: ATTEMPT wait for a real UDC (3/12)
nx679j: ATTEMPT wait for a real UDC (4/12)
nx679j: ATTEMPT wait for a real UDC (5/12)
nx679j: ATTEMPT wait for a real UDC (6/12)
nx679j: ATTEMPT wait for a real UDC (7/12)
nx679j: ATTEMPT wait for a real UDC (8/12)
nx679j: ATTEMPT wait for a real UDC (9/12)
nx679j: ATTEMPT wait for a real UDC (10/12)
nx679j: ATTEMPT wait for a real UDC (11/12)
nx679j: ATTEMPT wait for a real UDC (12/12)
nx679j: gadget: NO UDC after 12 s (dwc3_msm not up?)
nx679j: gadget: rc=-1
nx679j: ---- dump (end of gadget step) ----
nx679j: pmsg unavailable (no ramoops this boot)
nx679j: PID1-OP-FAILED op=gadget rc=1 journal=0 gadget=0
nx679j: ---- dump (PID1-OP-FAILED op=gadget rc=1 journal=0 gadget=0) ----
nx679j: pmsg unavailable (no ramoops this boot)
nx679j: chain: start
nx679j: chain: 47 modules to try, 0 .ko visible
nx679j: MOD phy_qcom_emu                       MISSING (no .ko in /lib/modules)
nx679j: ---- dump (chain progress) ----
nx679j: pmsg unavailable (no ramoops this boot)
[   15.082502] nx679j: journal mirror: 2301 bytes (file open, kmsg=4 pmsg=-1 rd=-1)
<1>nx679j: journal mirror: 3029 bytes (file open, kmsg=4 pmsg=-1 rd=-1)
nx679j: mounts: start (uid=0 pid=55)
nx679j: ATTEMPT mount -t proc /proc
nx679j: mount proc      rc=0
nx679j: ATTEMPT mount -t sysfs /sys
nx679j: mount sysfs     rc=0
nx679j: ATTEMPT mount -t configfs /sys/kernel/config
nx679j: mount configfs  rc=0
nx679j: ATTEMPT mount -t pstore /sys/fs/pstore
nx679j: mount pstore    rc=0
nx679j: cmdline: console=ttyAMA0 earlycon loglevel=8 panic=10 rdinit=/init ip=10.0.2.15::10.0.2.2:255.255.255.0::eth0:off
nx679j: kernel 6.6.60 aarch64
nx679j: /proc/devices: pmsg=no
nx679j: configfs usb_gadget=absent
nx679j: 0 .ko files visible in /lib/modules
nx679j: mounts: done
nx679j: FIRST JOURNAL WRITE, no module loaded yet (device tree nodes UFS=absent USB=present)
nx679j: /dev/block/by-name present: no
nx679j: /dev present: kmsg=yes pmsg0=yes console=yes
nx679j: ---- dump (first journal write: NO rawdump partition found) ----
nx679j: pmsg unavailable (no ramoops this boot)
nx679j: journal is durable on rawdump: no
nx679j: PID1-OP-FAILED op=journal rc=1 journal=0 gadget=0
nx679j: ---- dump (PID1-OP-FAILED op=journal rc=1 journal=0 gadget=0) ----
nx679j: pmsg unavailable (no ramoops this boot)
nx679j: gadget: start
nx679j: usb_role nodes set to device: 0
nx679j: ATTEMPT wait for a real UDC (1/12)
nx679j: ATTEMPT wait for a real UDC (2/12)
nx679j: ATTEMPT wait for a real UDC (3/12)
nx679j: ATTEMPT wait for a real UDC (4/12)
nx679j: ATTEMPT wait for a real UDC (5/12)
nx679j: ATTEMPT wait for a real UDC (6/12)
nx679j: ATTEMPT wait for a real UDC (7/12)
nx679j: ATTEMPT wait for a real UDC (8/12)
nx679j: ATTEMPT wait for a real UDC (9/12)
nx679j: ATTEMPT wait for a real UDC (10/12)
nx679j: ATTEMPT wait for a real UDC (11/12)
nx679j: ATTEMPT wait for a real UDC (12/12)
nx679j: gadget: NO UDC after 12 s (dwc3_msm not up?)
nx679j: gadget: rc=-1
nx679j: ---- dump (end of gadget step) ----
nx679j: pmsg unavailable (no ramoops this boot)
nx679j: PID1-OP-FAILED op=gadget rc=1 journal=0 gadget=0
nx679j: ---- dump (PID1-OP-FAILED op=gadget rc=1 journal=0 gadget=0) ----
nx679j: pmsg unavailable (no ramoops this boot)
nx679j: chain: start
nx679j: chain: 47 modules to try, 0 .ko visible
nx679j: MOD phy_qcom_emu                       MISSING (no .ko in /lib/modules)
nx679j: ---- dump (chain progress) ----
nx679j: pmsg unavailable (no ramoops this boot)
nx679j: MOD repeater                           MISSING (no .ko in /lib/modules)
nx679j: MOD qcom_scm                           MISSING (no .ko in /lib/modules)
nx679j: MOD phy_msm_snps_eusb2                 MISSING (no .ko in /lib/modules)
nx679j: MOD phy_qcom_ufs                       MISSING (no .ko in /lib/modules)
nx679j: MOD phy_qcom_ufs_qmp_v4_lahaina        MISSING (no .ko in /lib/modules)
nx679j: MOD qcom_hwspinlock                    MISSING (no .ko in /lib/modules)
nx679j: MOD smem                               MISSING (no .ko in /lib/modules)
nx679j: MOD minidump                           MISSING (no .ko in /lib/modules)
nx679j: ---- dump (chain progress) ----
nx679j: pmsg unavailable (no ramoops this boot)
[   15.087782] nx679j: journal mirror: 3029 bytes (file open, kmsg=4 pmsg=-1 rd=-1)
<1>nx679j: journal mirror: 3739 bytes (file open, kmsg=4 pmsg=-1 rd=-1)
nx679j: mounts: start (uid=0 pid=55)
nx679j: ATTEMPT mount -t proc /proc
nx679j: mount proc      rc=0
nx679j: ATTEMPT mount -t sysfs /sys
nx679j: mount sysfs     rc=0
nx679j: ATTEMPT mount -t configfs /sys/kernel/config
nx679j: mount configfs  rc=0
nx679j: ATTEMPT mount -t pstore /sys/fs/pstore
nx679j: mount pstore    rc=0
nx679j: cmdline: console=ttyAMA0 earlycon loglevel=8 panic=10 rdinit=/init ip=10.0.2.15::10.0.2.2:255.255.255.0::eth0:off
nx679j: kernel 6.6.60 aarch64
nx679j: /proc/devices: pmsg=no
nx679j: configfs usb_gadget=absent
nx679j: 0 .ko files visible in /lib/modules
nx679j: mounts: done
nx679j: FIRST JOURNAL WRITE, no module loaded yet (device tree nodes UFS=absent USB=present)
nx679j: /dev/block/by-name present: no
nx679j: /dev present: kmsg=yes pmsg0=yes console=yes
nx679j: ---- dump (first journal write: NO rawdump partition found) ----
nx679j: pmsg unavailable (no ramoops this boot)
nx679j: journal is durable on rawdump: no
nx679j: PID1-OP-FAILED op=journal rc=1 journal=0 gadget=0
nx679j: ---- dump (PID1-OP-FAILED op=journal rc=1 journal=0 gadget=0) ----
nx679j: pmsg unavailable (no ramoops this boot)
nx679j: gadget: start
nx679j: usb_role nodes set to device: 0
nx679j: ATTEMPT wait for a real UDC (1/12)
nx679j: ATTEMPT wait for a real UDC (2/12)
nx679j: ATTEMPT wait for a real UDC (3/12)
nx679j: ATTEMPT wait for a real UDC (4/12)
nx679j: ATTEMPT wait for a real UDC (5/12)
nx679j: ATTEMPT wait for a real UDC (6/12)
nx679j: ATTEMPT wait for a real UDC (7/12)
nx679j: ATTEMPT wait for a real UDC (8/12)
nx679j: ATTEMPT wait for a real UDC (9/12)
nx679j: ATTEMPT wait for a real UDC (10/12)
nx679j: ATTEMPT wait for a real UDC (11/12)
nx679j: ATTEMPT wait for a real UDC (12/12)
nx679j: gadget: NO UDC after 12 s (dwc3_msm not up?)
nx679j: gadget: rc=-1
nx679j: ---- dump (end of gadget step) ----
nx679j: pmsg unavailable (no ramoops this boot)
nx679j: PID1-OP-FAILED op=gadget rc=1 journal=0 gadget=0
nx679j: ---- dump (PID1-OP-FAILED op=gadget rc=1 journal=0 gadget=0) ----
nx679j: pmsg unavailable (no ramoops this boot)
nx679j: chain: start
nx679j: chain: 47 modules to try, 0 .ko visible
nx679j: MOD phy_qcom_emu                       MISSING (no .ko in /lib/modules)
nx679j: ---- dump (chain progress) ----
nx679j: pmsg unavailable (no ramoops this boot)
nx679j: MOD repeater                           MISSING (no .ko in /lib/modules)
nx679j: MOD qcom_scm                           MISSING (no .ko in /lib/modules)
nx679j: MOD phy_msm_snps_eusb2                 MISSING (no .ko in /lib/modules)
nx679j: MOD phy_qcom_ufs                       MISSING (no .ko in /lib/modules)
nx679j: MOD phy_qcom_ufs_qmp_v4_lahaina        MISSING (no .ko in /lib/modules)
nx679j: MOD qcom_hwspinlock                    MISSING (no .ko in /lib/modules)
nx679j: MOD smem                               MISSING (no .ko in /lib/modules)
nx679j: MOD minidump                           MISSING (no .ko in /lib/modules)
nx679j: ---- dump (chain progress) ----
nx679j: pmsg unavailable (no ramoops this boot)
nx679j: MOD qcom_ipc_logging                   MISSING (no .ko in /lib/modules)
nx679j: MOD qcom_glink                         MISSING (no .ko in /lib/modules)
nx679j: MOD qcom_glink_spss                    MISSING (no .ko in /lib/modules)
nx679j: MOD phy_qcom_ufs_qmp_14nm              MISSING (no .ko in /lib/modules)
nx679j: MOD phy_qcom_ufs_qmp_v3                MISSING (no .ko in /lib/modules)
nx679j: MOD nvmem_qfprom                       already-loaded
nx679j: MOD qti_regmap_debugfs                 MISSING (no .ko in /lib/modules)
nx679j: MOD ns                                 MISSING (no .ko in /lib/modules)
nx679j: ---- dump (chain progress) ----
nx679j: pmsg unavailable (no ramoops this boot)
[   15.093858] nx679j: journal mirror: 3739 bytes (file open, kmsg=4 pmsg=-1 rd=-1)
<1>nx679j: journal mirror: 4467 bytes (file open, kmsg=4 pmsg=-1 rd=-1)
nx679j: mounts: start (uid=0 pid=55)
nx679j: ATTEMPT mount -t proc /proc
nx679j: mount proc      rc=0
nx679j: ATTEMPT mount -t sysfs /sys
nx679j: mount sysfs     rc=0
nx679j: ATTEMPT mount -t configfs /sys/kernel/config
nx679j: mount configfs  rc=0
nx679j: ATTEMPT mount -t pstore /sys/fs/pstore
nx679j: mount pstore    rc=0
nx679j: cmdline: console=ttyAMA0 earlycon loglevel=8 panic=10 rdinit=/init ip=10.0.2.15::10.0.2.2:255.255.255.0::eth0:off
nx679j: kernel 6.6.60 aarch64
nx679j: /proc/devices: pmsg=no
nx679j: configfs usb_gadget=absent
nx679j: 0 .ko files visible in /lib/modules
nx679j: mounts: done
nx679j: FIRST JOURNAL WRITE, no module loaded yet (device tree nodes UFS=absent USB=present)
nx679j: /dev/block/by-name present: no
nx679j: /dev present: kmsg=yes pmsg0=yes console=yes
nx679j: ---- dump (first journal write: NO rawdump partition found) ----
nx679j: pmsg unavailable (no ramoops this boot)
nx679j: journal is durable on rawdump: no
nx679j: PID1-OP-FAILED op=journal rc=1 journal=0 gadget=0
nx679j: ---- dump (PID1-OP-FAILED op=journal rc=1 journal=0 gadget=0) ----
nx679j: pmsg unavailable (no ramoops this boot)
nx679j: gadget: start
nx679j: usb_role nodes set to device: 0
nx679j: ATTEMPT wait for a real UDC (1/12)
nx679j: ATTEMPT wait for a real UDC (2/12)
nx679j: ATTEMPT wait for a real UDC (3/12)
nx679j: ATTEMPT wait for a real UDC (4/12)
nx679j: ATTEMPT wait for a real UDC (5/12)
nx679j: ATTEMPT wait for a real UDC (6/12)
nx679j: ATTEMPT wait for a real UDC (7/12)
nx679j: ATTEMPT wait for a real UDC (8/12)
nx679j: ATTEMPT wait for a real UDC (9/12)
nx679j: ATTEMPT wait for a real UDC (10/12)
nx679j: ATTEMPT wait for a real UDC (11/12)
nx679j: ATTEMPT wait for a real UDC (12/12)
nx679j: gadget: NO UDC after 12 s (dwc3_msm not up?)
nx679j: gadget: rc=-1
nx679j: ---- dump (end of gadget step) ----
nx679j: pmsg unavailable (no ramoops this boot)
nx679j: PID1-OP-FAILED op=gadget rc=1 journal=0 gadget=0
nx679j: ---- dump (PID1-OP-FAILED op=gadget rc=1 journal=0 gadget=0) ----
nx679j: pmsg unavailable (no ramoops this boot)
nx679j: chain: start
nx679j: chain: 47 modules to try, 0 .ko visible
nx679j: MOD phy_qcom_emu                       MISSING (no .ko in /lib/modules)
nx679j: ---- dump (chain progress) ----
nx679j: pmsg unavailable (no ramoops this boot)
nx679j: MOD repeater                           MISSING (no .ko in /lib/modules)
nx679j: MOD qcom_scm                           MISSING (no .ko in /lib/modules)
nx679j: MOD phy_msm_snps_eusb2                 MISSING (no .ko in /lib/modules)
nx679j: MOD phy_qcom_ufs                       MISSING (no .ko in /lib/modules)
nx679j: MOD phy_qcom_ufs_qmp_v4_lahaina        MISSING (no .ko in /lib/modules)
nx679j: MOD qcom_hwspinlock                    MISSING (no .ko in /lib/modules)
nx679j: MOD smem                               MISSING (no .ko in /lib/modules)
nx679j: MOD minidump                           MISSING (no .ko in /lib/modules)
nx679j: ---- dump (chain progress) ----
nx679j: pmsg unavailable (no ramoops this boot)
nx679j: MOD qcom_ipc_logging                   MISSING (no .ko in /lib/modules)
nx679j: MOD qcom_glink                         MISSING (no .ko in /lib/modules)
nx679j: MOD qcom_glink_spss                    MISSING (no .ko in /lib/modules)
nx679j: MOD phy_qcom_ufs_qmp_14nm              MISSING (no .ko in /lib/modules)
nx679j: MOD phy_qcom_ufs_qmp_v3                MISSING (no .ko in /lib/modules)
nx679j: MOD nvmem_qfprom                       already-loaded
nx679j: MOD qti_regmap_debugfs                 MISSING (no .ko in /lib/modules)
nx679j: MOD ns                                 MISSING (no .ko in /lib/modules)
nx679j: ---- dump (chain progress) ----
nx679j: pmsg unavailable (no ramoops this boot)
nx679j: MOD qrtr                               MISSING (no .ko in /lib/modules)
nx679j: MOD qmi_helpers                        MISSING (no .ko in /lib/modules)
nx679j: MOD qcom_smd                           MISSING (no .ko in /lib/modules)
nx679j: MOD qcom_glink_smem                    MISSING (no .ko in /lib/modules)
nx679j: MOD rproc_qcom_common                  MISSING (no .ko in /lib/modules)
nx679j: MOD pdr_interface                      MISSING (no .ko in /lib/modules)
nx679j: MOD pmic_glink                         MISSING (no .ko in /lib/modules)
nx679j: MOD ucsi_glink                         MISSING (no .ko in /lib/modules)
nx679j: ---- dump (chain progress) ----
nx679j: pmsg unavailable (no ramoops this boot)
[   15.100433] nx679j: journal mirror: 4467 bytes (file open, kmsg=4 pmsg=-1 rd=-1)
<1>nx679j: journal mirror: 5195 bytes (file open, kmsg=4 pmsg=-1 rd=-1)
nx679j: mounts: start (uid=0 pid=55)
nx679j: ATTEMPT mount -t proc /proc
nx679j: mount proc      rc=0
nx679j: ATTEMPT mount -t sysfs /sys
nx679j: mount sysfs     rc=0
nx679j: ATTEMPT mount -t configfs /sys/kernel/config
nx679j: mount configfs  rc=0
nx679j: ATTEMPT mount -t pstore /sys/fs/pstore
nx679j: mount pstore    rc=0
nx679j: cmdline: console=ttyAMA0 earlycon loglevel=8 panic=10 rdinit=/init ip=10.0.2.15::10.0.2.2:255.255.255.0::eth0:off
nx679j: kernel 6.6.60 aarch64
nx679j: /proc/devices: pmsg=no
nx679j: configfs usb_gadget=absent
nx679j: 0 .ko files visible in /lib/modules
nx679j: mounts: done
nx679j: FIRST JOURNAL WRITE, no module loaded yet (device tree nodes UFS=absent USB=present)
nx679j: /dev/block/by-name present: no
nx679j: /dev present: kmsg=yes pmsg0=yes console=yes
nx679j: ---- dump (first journal write: NO rawdump partition found) ----
nx679j: pmsg unavailable (no ramoops this boot)
nx679j: journal is durable on rawdump: no
nx679j: PID1-OP-FAILED op=journal rc=1 journal=0 gadget=0
nx679j: ---- dump (PID1-OP-FAILED op=journal rc=1 journal=0 gadget=0) ----
nx679j: pmsg unavailable (no ramoops this boot)
nx679j: gadget: start
nx679j: usb_role nodes set to device: 0
nx679j: ATTEMPT wait for a real UDC (1/12)
nx679j: ATTEMPT wait for a real UDC (2/12)
nx679j: ATTEMPT wait for a real UDC (3/12)
nx679j: ATTEMPT wait for a real UDC (4/12)
nx679j: ATTEMPT wait for a real UDC (5/12)
nx679j: ATTEMPT wait for a real UDC (6/12)
nx679j: ATTEMPT wait for a real UDC (7/12)
nx679j: ATTEMPT wait for a real UDC (8/12)
nx679j: ATTEMPT wait for a real UDC (9/12)
nx679j: ATTEMPT wait for a real UDC (10/12)
nx679j: ATTEMPT wait for a real UDC (11/12)
nx679j: ATTEMPT wait for a real UDC (12/12)
nx679j: gadget: NO UDC after 12 s (dwc3_msm not up?)
nx679j: gadget: rc=-1
nx679j: ---- dump (end of gadget step) ----
nx679j: pmsg unavailable (no ramoops this boot)
nx679j: PID1-OP-FAILED op=gadget rc=1 journal=0 gadget=0
nx679j: ---- dump (PID1-OP-FAILED op=gadget rc=1 journal=0 gadget=0) ----
nx679j: pmsg unavailable (no ramoops this boot)
nx679j: chain: start
nx679j: chain: 47 modules to try, 0 .ko visible
nx679j: MOD phy_qcom_emu                       MISSING (no .ko in /lib/modules)
nx679j: ---- dump (chain progress) ----
nx679j: pmsg unavailable (no ramoops this boot)
nx679j: MOD repeater                           MISSING (no .ko in /lib/modules)
nx679j: MOD qcom_scm                           MISSING (no .ko in /lib/modules)
nx679j: MOD phy_msm_snps_eusb2                 MISSING (no .ko in /lib/modules)
nx679j: MOD phy_qcom_ufs                       MISSING (no .ko in /lib/modules)
nx679j: MOD phy_qcom_ufs_qmp_v4_lahaina        MISSING (no .ko in /lib/modules)
nx679j: MOD qcom_hwspinlock                    MISSING (no .ko in /lib/modules)
nx679j: MOD smem                               MISSING (no .ko in /lib/modules)
nx679j: MOD minidump                           MISSING (no .ko in /lib/modules)
nx679j: ---- dump (chain progress) ----
nx679j: pmsg unavailable (no ramoops this boot)
nx679j: MOD qcom_ipc_logging                   MISSING (no .ko in /lib/modules)
nx679j: MOD qcom_glink                         MISSING (no .ko in /lib/modules)
nx679j: MOD qcom_glink_spss                    MISSING (no .ko in /lib/modules)
nx679j: MOD phy_qcom_ufs_qmp_14nm              MISSING (no .ko in /lib/modules)
nx679j: MOD phy_qcom_ufs_qmp_v3                MISSING (no .ko in /lib/modules)
nx679j: MOD nvmem_qfprom                       already-loaded
nx679j: MOD qti_regmap_debugfs                 MISSING (no .ko in /lib/modules)
nx679j: MOD ns                                 MISSING (no .ko in /lib/modules)
nx679j: ---- dump (chain progress) ----
nx679j: pmsg unavailable (no ramoops this boot)
nx679j: MOD qrtr                               MISSING (no .ko in /lib/modules)
nx679j: MOD qmi_helpers                        MISSING (no .ko in /lib/modules)
nx679j: MOD qcom_smd                           MISSING (no .ko in /lib/modules)
nx679j: MOD qcom_glink_smem                    MISSING (no .ko in /lib/modules)
nx679j: MOD rproc_qcom_common                  MISSING (no .ko in /lib/modules)
nx679j: MOD pdr_interface                      MISSING (no .ko in /lib/modules)
nx679j: MOD pmic_glink                         MISSING (no .ko in /lib/modules)
nx679j: MOD ucsi_glink                         MISSING (no .ko in /lib/modules)
nx679j: ---- dump (chain progress) ----
nx679j: pmsg unavailable (no ramoops this boot)
nx679j: MOD fsa4480_i2c                        MISSING (no .ko in /lib/modules)
nx679j: MOD altmode_glink                      MISSING (no .ko in /lib/modules)
nx679j: MOD proxy_consumer                     MISSING (no .ko in /lib/modules)
nx679j: MOD debug_regulator                    MISSING (no .ko in /lib/modules)
nx679j: MOD gdsc_regulator                     MISSING (no .ko in /lib/modules)
nx679j: MOD clk_qcom                           MISSING (no .ko in /lib/modules)
nx679j: MOD ssusb_redriver_nb7vpq904m          MISSING (no .ko in /lib/modules)
nx679j: MOD phy_generic                        MISSING (no .ko in /lib/modules)
nx679j: ---- dump (chain progress) ----
nx679j: pmsg unavailable (no ramoops this boot)
[   15.107928] nx679j: journal mirror: 5195 bytes (file open, kmsg=4 pmsg=-1 rd=-1)
<1>nx679j: journal mirror: 5923 bytes (file open, kmsg=4 pmsg=-1 rd=-1)
nx679j: mounts: start (uid=0 pid=55)
nx679j: ATTEMPT mount -t proc /proc
nx679j: mount proc      rc=0
nx679j: ATTEMPT mount -t sysfs /sys
nx679j: mount sysfs     rc=0
nx679j: ATTEMPT mount -t configfs /sys/kernel/config
nx679j: mount configfs  rc=0
nx679j: ATTEMPT mount -t pstore /sys/fs/pstore
nx679j: mount pstore    rc=0
nx679j: cmdline: console=ttyAMA0 earlycon loglevel=8 panic=10 rdinit=/init ip=10.0.2.15::10.0.2.2:255.255.255.0::eth0:off
nx679j: kernel 6.6.60 aarch64
nx679j: /proc/devices: pmsg=no
nx679j: configfs usb_gadget=absent
nx679j: 0 .ko files visible in /lib/modules
nx679j: mounts: done
nx679j: FIRST JOURNAL WRITE, no module loaded yet (device tree nodes UFS=absent USB=present)
nx679j: /dev/block/by-name present: no
nx679j: /dev present: kmsg=yes pmsg0=yes console=yes
nx679j: ---- dump (first journal write: NO rawdump partition found) ----
nx679j: pmsg unavailable (no ramoops this boot)
nx679j: journal is durable on rawdump: no
nx679j: PID1-OP-FAILED op=journal rc=1 journal=0 gadget=0
nx679j: ---- dump (PID1-OP-FAILED op=journal rc=1 journal=0 gadget=0) ----
nx679j: pmsg unavailable (no ramoops this boot)
nx679j: gadget: start
nx679j: usb_role nodes set to device: 0
nx679j: ATTEMPT wait for a real UDC (1/12)
nx679j: ATTEMPT wait for a real UDC (2/12)
nx679j: ATTEMPT wait for a real UDC (3/12)
nx679j: ATTEMPT wait for a real UDC (4/12)
nx679j: ATTEMPT wait for a real UDC (5/12)
nx679j: ATTEMPT wait for a real UDC (6/12)
nx679j: ATTEMPT wait for a real UDC (7/12)
nx679j: ATTEMPT wait for a real UDC (8/12)
nx679j: ATTEMPT wait for a real UDC (9/12)
nx679j: ATTEMPT wait for a real UDC (10/12)
nx679j: ATTEMPT wait for a real UDC (11/12)
nx679j: ATTEMPT wait for a real UDC (12/12)
nx679j: gadget: NO UDC after 12 s (dwc3_msm not up?)
nx679j: gadget: rc=-1
nx679j: ---- dump (end of gadget step) ----
nx679j: pmsg unavailable (no ramoops this boot)
nx679j: PID1-OP-FAILED op=gadget rc=1 journal=0 gadget=0
nx679j: ---- dump (PID1-OP-FAILED op=gadget rc=1 journal=0 gadget=0) ----
nx679j: pmsg unavailable (no ramoops this boot)
nx679j: chain: start
nx679j: chain: 47 modules to try, 0 .ko visible
nx679j: MOD phy_qcom_emu                       MISSING (no .ko in /lib/modules)
nx679j: ---- dump (chain progress) ----
nx679j: pmsg unavailable (no ramoops this boot)
nx679j: MOD repeater                           MISSING (no .ko in /lib/modules)
nx679j: MOD qcom_scm                           MISSING (no .ko in /lib/modules)
nx679j: MOD phy_msm_snps_eusb2                 MISSING (no .ko in /lib/modules)
nx679j: MOD phy_qcom_ufs                       MISSING (no .ko in /lib/modules)
nx679j: MOD phy_qcom_ufs_qmp_v4_lahaina        MISSING (no .ko in /lib/modules)
nx679j: MOD qcom_hwspinlock                    MISSING (no .ko in /lib/modules)
nx679j: MOD smem                               MISSING (no .ko in /lib/modules)
nx679j: MOD minidump                           MISSING (no .ko in /lib/modules)
nx679j: ---- dump (chain progress) ----
nx679j: pmsg unavailable (no ramoops this boot)
nx679j: MOD qcom_ipc_logging                   MISSING (no .ko in /lib/modules)
nx679j: MOD qcom_glink                         MISSING (no .ko in /lib/modules)
nx679j: MOD qcom_glink_spss                    MISSING (no .ko in /lib/modules)
nx679j: MOD phy_qcom_ufs_qmp_14nm              MISSING (no .ko in /lib/modules)
nx679j: MOD phy_qcom_ufs_qmp_v3                MISSING (no .ko in /lib/modules)
nx679j: MOD nvmem_qfprom                       already-loaded
nx679j: MOD qti_regmap_debugfs                 MISSING (no .ko in /lib/modules)
nx679j: MOD ns                                 MISSING (no .ko in /lib/modules)
nx679j: ---- dump (chain progress) ----
nx679j: pmsg unavailable (no ramoops this boot)
nx679j: MOD qrtr                               MISSING (no .ko in /lib/modules)
nx679j: MOD qmi_helpers                        MISSING (no .ko in /lib/modules)
nx679j: MOD qcom_smd                           MISSING (no .ko in /lib/modules)
nx679j: MOD qcom_glink_smem                    MISSING (no .ko in /lib/modules)
nx679j: MOD rproc_qcom_common                  MISSING (no .ko in /lib/modules)
nx679j: MOD pdr_interface                      MISSING (no .ko in /lib/modules)
nx679j: MOD pmic_glink                         MISSING (no .ko in /lib/modules)
nx679j: MOD ucsi_glink                         MISSING (no .ko in /lib/modules)
nx679j: ---- dump (chain progress) ----
nx679j: pmsg unavailable (no ramoops this boot)
nx679j: MOD fsa4480_i2c                        MISSING (no .ko in /lib/modules)
nx679j: MOD altmode_glink                      MISSING (no .ko in /lib/modules)
nx679j: MOD proxy_consumer                     MISSING (no .ko in /lib/modules)
nx679j: MOD debug_regulator                    MISSING (no .ko in /lib/modules)
nx679j: MOD gdsc_regulator                     MISSING (no .ko in /lib/modules)
nx679j: MOD clk_qcom                           MISSING (no .ko in /lib/modules)
nx679j: MOD ssusb_redriver_nb7vpq904m          MISSING (no .ko in /lib/modules)
nx679j: MOD phy_generic                        MISSING (no .ko in /lib/modules)
nx679j: ---- dump (chain progress) ----
nx679j: pmsg unavailable (no ramoops this boot)
nx679j: MOD phy_msm_snps_hs                    MISSING (no .ko in /lib/modules)
nx679j: MOD phy_msm_ssusb_qmp                  MISSING (no .ko in /lib/modules)
nx679j: MOD eud                                MISSING (no .ko in /lib/modules)
nx679j: MOD dwc3_msm                           MISSING (no .ko in /lib/modules)
nx679j: MOD tmecom_intf                        MISSING (no .ko in /lib/modules)
nx679j: MOD hwkm                               MISSING (no .ko in /lib/modules)
nx679j: MOD crypto_qti_hwkm                    MISSING (no .ko in /lib/modules)
nx679j: MOD crypto_qti_common                  MISSING (no .ko in /lib/modules)
nx679j: ---- dump (chain progress) ----
nx679j: pmsg unavailable (no ramoops this boot)
[   15.116354] nx679j: journal mirror: 5923 bytes (file open, kmsg=4 pmsg=-1 rd=-1)
<1>nx679j: journal mirror: 6491 bytes (file open, kmsg=4 pmsg=-1 rd=-1)
nx679j: mounts: start (uid=0 pid=55)
nx679j: ATTEMPT mount -t proc /proc
nx679j: mount proc      rc=0
nx679j: ATTEMPT mount -t sysfs /sys
nx679j: mount sysfs     rc=0
nx679j: ATTEMPT mount -t configfs /sys/kernel/config
nx679j: mount configfs  rc=0
nx679j: ATTEMPT mount -t pstore /sys/fs/pstore
nx679j: mount pstore    rc=0
nx679j: cmdline: console=ttyAMA0 earlycon loglevel=8 panic=10 rdinit=/init ip=10.0.2.15::10.0.2.2:255.255.255.0::eth0:off
nx679j: kernel 6.6.60 aarch64
nx679j: /proc/devices: pmsg=no
nx679j: configfs usb_gadget=absent
nx679j: 0 .ko files visible in /lib/modules
nx679j: mounts: done
nx679j: FIRST JOURNAL WRITE, no module loaded yet (device tree nodes UFS=absent USB=present)
nx679j: /dev/block/by-name present: no
nx679j: /dev present: kmsg=yes pmsg0=yes console=yes
nx679j: ---- dump (first journal write: NO rawdump partition found) ----
nx679j: pmsg unavailable (no ramoops this boot)
nx679j: journal is durable on rawdump: no
nx679j: PID1-OP-FAILED op=journal rc=1 journal=0 gadget=0
nx679j: ---- dump (PID1-OP-FAILED op=journal rc=1 journal=0 gadget=0) ----
nx679j: pmsg unavailable (no ramoops this boot)
nx679j: gadget: start
nx679j: usb_role nodes set to device: 0
nx679j: ATTEMPT wait for a real UDC (1/12)
nx679j: ATTEMPT wait for a real UDC (2/12)
nx679j: ATTEMPT wait for a real UDC (3/12)
nx679j: ATTEMPT wait for a real UDC (4/12)
nx679j: ATTEMPT wait for a real UDC (5/12)
nx679j: ATTEMPT wait for a real UDC (6/12)
nx679j: ATTEMPT wait for a real UDC (7/12)
nx679j: ATTEMPT wait for a real UDC (8/12)
nx679j: ATTEMPT wait for a real UDC (9/12)
nx679j: ATTEMPT wait for a real UDC (10/12)
nx679j: ATTEMPT wait for a real UDC (11/12)
nx679j: ATTEMPT wait for a real UDC (12/12)
nx679j: gadget: NO UDC after 12 s (dwc3_msm not up?)
nx679j: gadget: rc=-1
nx679j: ---- dump (end of gadget step) ----
nx679j: pmsg unavailable (no ramoops this boot)
nx679j: PID1-OP-FAILED op=gadget rc=1 journal=0 gadget=0
nx679j: ---- dump (PID1-OP-FAILED op=gadget rc=1 journal=0 gadget=0) ----
nx679j: pmsg unavailable (no ramoops this boot)
nx679j: chain: start
nx679j: chain: 47 modules to try, 0 .ko visible
nx679j: MOD phy_qcom_emu                       MISSING (no .ko in /lib/modules)
nx679j: ---- dump (chain progress) ----
nx679j: pmsg unavailable (no ramoops this boot)
nx679j: MOD repeater                           MISSING (no .ko in /lib/modules)
nx679j: MOD qcom_scm                           MISSING (no .ko in /lib/modules)
nx679j: MOD phy_msm_snps_eusb2                 MISSING (no .ko in /lib/modules)
nx679j: MOD phy_qcom_ufs                       MISSING (no .ko in /lib/modules)
nx679j: MOD phy_qcom_ufs_qmp_v4_lahaina        MISSING (no .ko in /lib/modules)
nx679j: MOD qcom_hwspinlock                    MISSING (no .ko in /lib/modules)
nx679j: MOD smem                               MISSING (no .ko in /lib/modules)
nx679j: MOD minidump                           MISSING (no .ko in /lib/modules)
nx679j: ---- dump (chain progress) ----
nx679j: pmsg unavailable (no ramoops this boot)
nx679j: MOD qcom_ipc_logging                   MISSING (no .ko in /lib/modules)
nx679j: MOD qcom_glink                         MISSING (no .ko in /lib/modules)
nx679j: MOD qcom_glink_spss                    MISSING (no .ko in /lib/modules)
nx679j: MOD phy_qcom_ufs_qmp_14nm              MISSING (no .ko in /lib/modules)
nx679j: MOD phy_qcom_ufs_qmp_v3                MISSING (no .ko in /lib/modules)
nx679j: MOD nvmem_qfprom                       already-loaded
nx679j: MOD qti_regmap_debugfs                 MISSING (no .ko in /lib/modules)
nx679j: MOD ns                                 MISSING (no .ko in /lib/modules)
nx679j: ---- dump (chain progress) ----
nx679j: pmsg unavailable (no ramoops this boot)
nx679j: MOD qrtr                               MISSING (no .ko in /lib/modules)
nx679j: MOD qmi_helpers                        MISSING (no .ko in /lib/modules)
nx679j: MOD qcom_smd                           MISSING (no .ko in /lib/modules)
nx679j: MOD qcom_glink_smem                    MISSING (no .ko in /lib/modules)
nx679j: MOD rproc_qcom_common                  MISSING (no .ko in /lib/modules)
nx679j: MOD pdr_interface                      MISSING (no .ko in /lib/modules)
nx679j: MOD pmic_glink                         MISSING (no .ko in /lib/modules)
nx679j: MOD ucsi_glink                         MISSING (no .ko in /lib/modules)
nx679j: ---- dump (chain progress) ----
nx679j: pmsg unavailable (no ramoops this boot)
nx679j: MOD fsa4480_i2c                        MISSING (no .ko in /lib/modules)
nx679j: MOD altmode_glink                      MISSING (no .ko in /lib/modules)
nx679j: MOD proxy_consumer                     MISSING (no .ko in /lib/modules)
nx679j: MOD debug_regulator                    MISSING (no .ko in /lib/modules)
nx679j: MOD gdsc_regulator                     MISSING (no .ko in /lib/modules)
nx679j: MOD clk_qcom                           MISSING (no .ko in /lib/modules)
nx679j: MOD ssusb_redriver_nb7vpq904m          MISSING (no .ko in /lib/modules)
nx679j: MOD phy_generic                        MISSING (no .ko in /lib/modules)
nx679j: ---- dump (chain progress) ----
nx679j: pmsg unavailable (no ramoops this boot)
nx679j: MOD phy_msm_snps_hs                    MISSING (no .ko in /lib/modules)
nx679j: MOD phy_msm_ssusb_qmp                  MISSING (no .ko in /lib/modules)
nx679j: MOD eud                                MISSING (no .ko in /lib/modules)
nx679j: MOD dwc3_msm                           MISSING (no .ko in /lib/modules)
nx679j: MOD tmecom_intf                        MISSING (no .ko in /lib/modules)
nx679j: MOD hwkm                               MISSING (no .ko in /lib/modules)
nx679j: MOD crypto_qti_hwkm                    MISSING (no .ko in /lib/modules)
nx679j: MOD crypto_qti_common                  MISSING (no .ko in /lib/modules)
nx679j: ---- dump (chain progress) ----
nx679j: pmsg unavailable (no ramoops this boot)
nx679j: MOD ufshcd_crypto_qti                  MISSING (no .ko in /lib/modules)
nx679j: MOD ufs_qcom                           MISSING (no .ko in /lib/modules)
nx679j: MOD phy_qcom_ufs_qmp_v4_cape           MISSING (no .ko in /lib/modules)
nx679j: MOD phy_qcom_ufs_qmp_v4_diwali         MISSING (no .ko in /lib/modules)
nx679j: MOD phy_qcom_ufs_qmp_v4_waipio         MISSING (no .ko in /lib/modules)
nx679j: MOD nvmem_qcom_spmi_sdam               MISSING (no .ko in /lib/modules)
nx679j: ---- dump (chain progress) ----
nx679j: pmsg unavailable (no ramoops this boot)
[   15.125560] nx679j: journal mirror: 6491 bytes (file open, kmsg=4 pmsg=-1 rd=-1)
<1>nx679j: journal mirror: 6657 bytes (file open, kmsg=4 pmsg=-1 rd=-1)
nx679j: mounts: start (uid=0 pid=55)
nx679j: ATTEMPT mount -t proc /proc
nx679j: mount proc      rc=0
nx679j: ATTEMPT mount -t sysfs /sys
nx679j: mount sysfs     rc=0
nx679j: ATTEMPT mount -t configfs /sys/kernel/config
nx679j: mount configfs  rc=0
nx679j: ATTEMPT mount -t pstore /sys/fs/pstore
nx679j: mount pstore    rc=0
nx679j: cmdline: console=ttyAMA0 earlycon loglevel=8 panic=10 rdinit=/init ip=10.0.2.15::10.0.2.2:255.255.255.0::eth0:off
nx679j: kernel 6.6.60 aarch64
nx679j: /proc/devices: pmsg=no
nx679j: configfs usb_gadget=absent
nx679j: 0 .ko files visible in /lib/modules
nx679j: mounts: done
nx679j: FIRST JOURNAL WRITE, no module loaded yet (device tree nodes UFS=absent USB=present)
nx679j: /dev/block/by-name present: no
nx679j: /dev present: kmsg=yes pmsg0=yes console=yes
nx679j: ---- dump (first journal write: NO rawdump partition found) ----
nx679j: pmsg unavailable (no ramoops this boot)
nx679j: journal is durable on rawdump: no
nx679j: PID1-OP-FAILED op=journal rc=1 journal=0 gadget=0
nx679j: ---- dump (PID1-OP-FAILED op=journal rc=1 journal=0 gadget=0) ----
nx679j: pmsg unavailable (no ramoops this boot)
nx679j: gadget: start
nx679j: usb_role nodes set to device: 0
nx679j: ATTEMPT wait for a real UDC (1/12)
nx679j: ATTEMPT wait for a real UDC (2/12)
nx679j: ATTEMPT wait for a real UDC (3/12)
nx679j: ATTEMPT wait for a real UDC (4/12)
nx679j: ATTEMPT wait for a real UDC (5/12)
nx679j: ATTEMPT wait for a real UDC (6/12)
nx679j: ATTEMPT wait for a real UDC (7/12)
nx679j: ATTEMPT wait for a real UDC (8/12)
nx679j: ATTEMPT wait for a real UDC (9/12)
nx679j: ATTEMPT wait for a real UDC (10/12)
nx679j: ATTEMPT wait for a real UDC (11/12)
nx679j: ATTEMPT wait for a real UDC (12/12)
nx679j: gadget: NO UDC after 12 s (dwc3_msm not up?)
nx679j: gadget: rc=-1
nx679j: ---- dump (end of gadget step) ----
nx679j: pmsg unavailable (no ramoops this boot)
nx679j: PID1-OP-FAILED op=gadget rc=1 journal=0 gadget=0
nx679j: ---- dump (PID1-OP-FAILED op=gadget rc=1 journal=0 gadget=0) ----
nx679j: pmsg unavailable (no ramoops this boot)
nx679j: chain: start
nx679j: chain: 47 modules to try, 0 .ko visible
nx679j: MOD phy_qcom_emu                       MISSING (no .ko in /lib/modules)
nx679j: ---- dump (chain progress) ----
nx679j: pmsg unavailable (no ramoops this boot)
nx679j: MOD repeater                           MISSING (no .ko in /lib/modules)
nx679j: MOD qcom_scm                           MISSING (no .ko in /lib/modules)
nx679j: MOD phy_msm_snps_eusb2                 MISSING (no .ko in /lib/modules)
nx679j: MOD phy_qcom_ufs                       MISSING (no .ko in /lib/modules)
nx679j: MOD phy_qcom_ufs_qmp_v4_lahaina        MISSING (no .ko in /lib/modules)
nx679j: MOD qcom_hwspinlock                    MISSING (no .ko in /lib/modules)
nx679j: MOD smem                               MISSING (no .ko in /lib/modules)
nx679j: MOD minidump                           MISSING (no .ko in /lib/modules)
nx679j: ---- dump (chain progress) ----
nx679j: pmsg unavailable (no ramoops this boot)
nx679j: MOD qcom_ipc_logging                   MISSING (no .ko in /lib/modules)
nx679j: MOD qcom_glink                         MISSING (no .ko in /lib/modules)
nx679j: MOD qcom_glink_spss                    MISSING (no .ko in /lib/modules)
nx679j: MOD phy_qcom_ufs_qmp_14nm              MISSING (no .ko in /lib/modules)
nx679j: MOD phy_qcom_ufs_qmp_v3                MISSING (no .ko in /lib/modules)
nx679j: MOD nvmem_qfprom                       already-loaded
nx679j: MOD qti_regmap_debugfs                 MISSING (no .ko in /lib/modules)
nx679j: MOD ns                                 MISSING (no .ko in /lib/modules)
nx679j: ---- dump (chain progress) ----
nx679j: pmsg unavailable (no ramoops this boot)
nx679j: MOD qrtr                               MISSING (no .ko in /lib/modules)
nx679j: MOD qmi_helpers                        MISSING (no .ko in /lib/modules)
nx679j: MOD qcom_smd                           MISSING (no .ko in /lib/modules)
nx679j: MOD qcom_glink_smem                    MISSING (no .ko in /lib/modules)
nx679j: MOD rproc_qcom_common                  MISSING (no .ko in /lib/modules)
nx679j: MOD pdr_interface                      MISSING (no .ko in /lib/modules)
nx679j: MOD pmic_glink                         MISSING (no .ko in /lib/modules)
nx679j: MOD ucsi_glink                         MISSING (no .ko in /lib/modules)
nx679j: ---- dump (chain progress) ----
nx679j: pmsg unavailable (no ramoops this boot)
nx679j: MOD fsa4480_i2c                        MISSING (no .ko in /lib/modules)
nx679j: MOD altmode_glink                      MISSING (no .ko in /lib/modules)
nx679j: MOD proxy_consumer                     MISSING (no .ko in /lib/modules)
nx679j: MOD debug_regulator                    MISSING (no .ko in /lib/modules)
nx679j: MOD gdsc_regulator                     MISSING (no .ko in /lib/modules)
nx679j: MOD clk_qcom                           MISSING (no .ko in /lib/modules)
nx679j: MOD ssusb_redriver_nb7vpq904m          MISSING (no .ko in /lib/modules)
nx679j: MOD phy_generic                        MISSING (no .ko in /lib/modules)
nx679j: ---- dump (chain progress) ----
nx679j: pmsg unavailable (no ramoops this boot)
nx679j: MOD phy_msm_snps_hs                    MISSING (no .ko in /lib/modules)
nx679j: MOD phy_msm_ssusb_qmp                  MISSING (no .ko in /lib/modules)
nx679j: MOD eud                                MISSING (no .ko in /lib/modules)
nx679j: MOD dwc3_msm                           MISSING (no .ko in /lib/modules)
nx679j: MOD tmecom_intf                        MISSING (no .ko in /lib/modules)
nx679j: MOD hwkm                               MISSING (no .ko in /lib/modules)
nx679j: MOD crypto_qti_hwkm                    MISSING (no .ko in /lib/modules)
nx679j: MOD crypto_qti_common                  MISSING (no .ko in /lib/modules)
nx679j: ---- dump (chain progress) ----
nx679j: pmsg unavailable (no ramoops this boot)
nx679j: MOD ufshcd_crypto_qti                  MISSING (no .ko in /lib/modules)
nx679j: MOD ufs_qcom                           MISSING (no .ko in /lib/modules)
nx679j: MOD phy_qcom_ufs_qmp_v4_cape           MISSING (no .ko in /lib/modules)
nx679j: MOD phy_qcom_ufs_qmp_v4_diwali         MISSING (no .ko in /lib/modules)
nx679j: MOD phy_qcom_ufs_qmp_v4_waipio         MISSING (no .ko in /lib/modules)
nx679j: MOD nvmem_qcom_spmi_sdam               MISSING (no .ko in /lib/modules)
nx679j: ---- dump (chain progress) ----
nx679j: pmsg unavailable (no ramoops this boot)
nx679j: chain: done in 52 ms: ok=1 timeout-killed=0 failed/missing=46 skipped=0
nx679j: ---- dump (end of chain) ----
nx679j: pmsg unavailable (no ramoops this boot)
[   15.135959] nx679j: journal mirror: 6657 bytes (file open, kmsg=4 pmsg=-1 rd=-1)
<1>nx679j: journal mirror: 7405 bytes (file open, kmsg=4 pmsg=-1 rd=-1)
nx679j: mounts: start (uid=0 pid=55)
nx679j: ATTEMPT mount -t proc /proc
nx679j: mount proc      rc=0
nx679j: ATTEMPT mount -t sysfs /sys
nx679j: mount sysfs     rc=0
nx679j: ATTEMPT mount -t configfs /sys/kernel/config
nx679j: mount configfs  rc=0
nx679j: ATTEMPT mount -t pstore /sys/fs/pstore
nx679j: mount pstore    rc=0
nx679j: cmdline: console=ttyAMA0 earlycon loglevel=8 panic=10 rdinit=/init ip=10.0.2.15::10.0.2.2:255.255.255.0::eth0:off
nx679j: kernel 6.6.60 aarch64
nx679j: /proc/devices: pmsg=no
nx679j: configfs usb_gadget=absent
nx679j: 0 .ko files visible in /lib/modules
nx679j: mounts: done
nx679j: FIRST JOURNAL WRITE, no module loaded yet (device tree nodes UFS=absent USB=present)
nx679j: /dev/block/by-name present: no
nx679j: /dev present: kmsg=yes pmsg0=yes console=yes
nx679j: ---- dump (first journal write: NO rawdump partition found) ----
nx679j: pmsg unavailable (no ramoops this boot)
nx679j: journal is durable on rawdump: no
nx679j: PID1-OP-FAILED op=journal rc=1 journal=0 gadget=0
nx679j: ---- dump (PID1-OP-FAILED op=journal rc=1 journal=0 gadget=0) ----
nx679j: pmsg unavailable (no ramoops this boot)
nx679j: gadget: start
nx679j: usb_role nodes set to device: 0
nx679j: ATTEMPT wait for a real UDC (1/12)
nx679j: ATTEMPT wait for a real UDC (2/12)
nx679j: ATTEMPT wait for a real UDC (3/12)
nx679j: ATTEMPT wait for a real UDC (4/12)
nx679j: ATTEMPT wait for a real UDC (5/12)
nx679j: ATTEMPT wait for a real UDC (6/12)
nx679j: ATTEMPT wait for a real UDC (7/12)
nx679j: ATTEMPT wait for a real UDC (8/12)
nx679j: ATTEMPT wait for a real UDC (9/12)
nx679j: ATTEMPT wait for a real UDC (10/12)
nx679j: ATTEMPT wait for a real UDC (11/12)
nx679j: ATTEMPT wait for a real UDC (12/12)
nx679j: gadget: NO UDC after 12 s (dwc3_msm not up?)
nx679j: gadget: rc=-1
nx679j: ---- dump (end of gadget step) ----
nx679j: pmsg unavailable (no ramoops this boot)
nx679j: PID1-OP-FAILED op=gadget rc=1 journal=0 gadget=0
nx679j: ---- dump (PID1-OP-FAILED op=gadget rc=1 journal=0 gadget=0) ----
nx679j: pmsg unavailable (no ramoops this boot)
nx679j: chain: start
nx679j: chain: 47 modules to try, 0 .ko visible
nx679j: MOD phy_qcom_emu                       MISSING (no .ko in /lib/modules)
nx679j: ---- dump (chain progress) ----
nx679j: pmsg unavailable (no ramoops this boot)
nx679j: MOD repeater                           MISSING (no .ko in /lib/modules)
nx679j: MOD qcom_scm                           MISSING (no .ko in /lib/modules)
nx679j: MOD phy_msm_snps_eusb2                 MISSING (no .ko in /lib/modules)
nx679j: MOD phy_qcom_ufs                       MISSING (no .ko in /lib/modules)
nx679j: MOD phy_qcom_ufs_qmp_v4_lahaina        MISSING (no .ko in /lib/modules)
nx679j: MOD qcom_hwspinlock                    MISSING (no .ko in /lib/modules)
nx679j: MOD smem                               MISSING (no .ko in /lib/modules)
nx679j: MOD minidump                           MISSING (no .ko in /lib/modules)
nx679j: ---- dump (chain progress) ----
nx679j: pmsg unavailable (no ramoops this boot)
nx679j: MOD qcom_ipc_logging                   MISSING (no .ko in /lib/modules)
nx679j: MOD qcom_glink                         MISSING (no .ko in /lib/modules)
nx679j: MOD qcom_glink_spss                    MISSING (no .ko in /lib/modules)
nx679j: MOD phy_qcom_ufs_qmp_14nm              MISSING (no .ko in /lib/modules)
nx679j: MOD phy_qcom_ufs_qmp_v3                MISSING (no .ko in /lib/modules)
nx679j: MOD nvmem_qfprom                       already-loaded
nx679j: MOD qti_regmap_debugfs                 MISSING (no .ko in /lib/modules)
nx679j: MOD ns                                 MISSING (no .ko in /lib/modules)
nx679j: ---- dump (chain progress) ----
nx679j: pmsg unavailable (no ramoops this boot)
nx679j: MOD qrtr                               MISSING (no .ko in /lib/modules)
nx679j: MOD qmi_helpers                        MISSING (no .ko in /lib/modules)
nx679j: MOD qcom_smd                           MISSING (no .ko in /lib/modules)
nx679j: MOD qcom_glink_smem                    MISSING (no .ko in /lib/modules)
nx679j: MOD rproc_qcom_common                  MISSING (no .ko in /lib/modules)
nx679j: MOD pdr_interface                      MISSING (no .ko in /lib/modules)
nx679j: MOD pmic_glink                         MISSING (no .ko in /lib/modules)
nx679j: MOD ucsi_glink                         MISSING (no .ko in /lib/modules)
nx679j: ---- dump (chain progress) ----
nx679j: pmsg unavailable (no ramoops this boot)
nx679j: MOD fsa4480_i2c                        MISSING (no .ko in /lib/modules)
nx679j: MOD altmode_glink                      MISSING (no .ko in /lib/modules)
nx679j: MOD proxy_consumer                     MISSING (no .ko in /lib/modules)
nx679j: MOD debug_regulator                    MISSING (no .ko in /lib/modules)
nx679j: MOD gdsc_regulator                     MISSING (no .ko in /lib/modules)
nx679j: MOD clk_qcom                           MISSING (no .ko in /lib/modules)
nx679j: MOD ssusb_redriver_nb7vpq904m          MISSING (no .ko in /lib/modules)
nx679j: MOD phy_generic                        MISSING (no .ko in /lib/modules)
nx679j: ---- dump (chain progress) ----
nx679j: pmsg unavailable (no ramoops this boot)
nx679j: MOD phy_msm_snps_hs                    MISSING (no .ko in /lib/modules)
nx679j: MOD phy_msm_ssusb_qmp                  MISSING (no .ko in /lib/modules)
nx679j: MOD eud                                MISSING (no .ko in /lib/modules)
nx679j: MOD dwc3_msm                           MISSING (no .ko in /lib/modules)
nx679j: MOD tmecom_intf                        MISSING (no .ko in /lib/modules)
nx679j: MOD hwkm                               MISSING (no .ko in /lib/modules)
nx679j: MOD crypto_qti_hwkm                    MISSING (no .ko in /lib/modules)
nx679j: MOD crypto_qti_common                  MISSING (no .ko in /lib/modules)
nx679j: ---- dump (chain progress) ----
nx679j: pmsg unavailable (no ramoops this boot)
nx679j: MOD ufshcd_crypto_qti                  MISSING (no .ko in /lib/modules)
nx679j: MOD ufs_qcom                           MISSING (no .ko in /lib/modules)
nx679j: MOD phy_qcom_ufs_qmp_v4_cape           MISSING (no .ko in /lib/modules)
nx679j: MOD phy_qcom_ufs_qmp_v4_diwali         MISSING (no .ko in /lib/modules)
nx679j: MOD phy_qcom_ufs_qmp_v4_waipio         MISSING (no .ko in /lib/modules)
nx679j: MOD nvmem_qcom_spmi_sdam               MISSING (no .ko in /lib/modules)
nx679j: ---- dump (chain progress) ----
nx679j: pmsg unavailable (no ramoops this boot)
nx679j: chain: done in 52 ms: ok=1 timeout-killed=0 failed/missing=46 skipped=0
nx679j: ---- dump (end of chain) ----
nx679j: pmsg unavailable (no ramoops this boot)
nx679j: gadget: start
nx679j: usb_role nodes set to device: 0
nx679j: ATTEMPT wait for a real UDC (1/12)
nx679j: ATTEMPT wait for a real UDC (2/12)
nx679j: ATTEMPT wait for a real UDC (3/12)
nx679j: ATTEMPT wait for a real UDC (4/12)
nx679j: ATTEMPT wait for a real UDC (5/12)
nx679j: ATTEMPT wait for a real UDC (6/12)
nx679j: ATTEMPT wait for a real UDC (7/12)
nx679j: ATTEMPT wait for a real UDC (8/12)
nx679j: ATTEMPT wait for a real UDC (9/12)
nx679j: ATTEMPT wait for a real UDC (10/12)
nx679j: ATTEMPT wait for a real UDC (11/12)
nx679j: ATTEMPT wait for a real UDC (12/12)
nx679j: gadget: NO UDC after 12 s (dwc3_msm not up?)
nx679j: gadget: rc=-1
nx679j: ---- dump (end of gadget step) ----
nx679j: pmsg unavailable (no ramoops this boot)
[   27.197956] nx679j: journal mirror: 7405 bytes (file open, kmsg=4 pmsg=-1 rd=-1)
<1>nx679j: journal mirror: 7584 bytes (file open, kmsg=4 pmsg=-1 rd=-1)
nx679j: mounts: start (uid=0 pid=55)
nx679j: ATTEMPT mount -t proc /proc
nx679j: mount proc      rc=0
nx679j: ATTEMPT mount -t sysfs /sys
nx679j: mount sysfs     rc=0
nx679j: ATTEMPT mount -t configfs /sys/kernel/config
nx679j: mount configfs  rc=0
nx679j: ATTEMPT mount -t pstore /sys/fs/pstore
nx679j: mount pstore    rc=0
nx679j: cmdline: console=ttyAMA0 earlycon loglevel=8 panic=10 rdinit=/init ip=10.0.2.15::10.0.2.2:255.255.255.0::eth0:off
nx679j: kernel 6.6.60 aarch64
nx679j: /proc/devices: pmsg=no
nx679j: configfs usb_gadget=absent
nx679j: 0 .ko files visible in /lib/modules
nx679j: mounts: done
nx679j: FIRST JOURNAL WRITE, no module loaded yet (device tree nodes UFS=absent USB=present)
nx679j: /dev/block/by-name present: no
nx679j: /dev present: kmsg=yes pmsg0=yes console=yes
nx679j: ---- dump (first journal write: NO rawdump partition found) ----
nx679j: pmsg unavailable (no ramoops this boot)
nx679j: journal is durable on rawdump: no
nx679j: PID1-OP-FAILED op=journal rc=1 journal=0 gadget=0
nx679j: ---- dump (PID1-OP-FAILED op=journal rc=1 journal=0 gadget=0) ----
nx679j: pmsg unavailable (no ramoops this boot)
nx679j: gadget: start
nx679j: usb_role nodes set to device: 0
nx679j: ATTEMPT wait for a real UDC (1/12)
nx679j: ATTEMPT wait for a real UDC (2/12)
nx679j: ATTEMPT wait for a real UDC (3/12)
nx679j: ATTEMPT wait for a real UDC (4/12)
nx679j: ATTEMPT wait for a real UDC (5/12)
nx679j: ATTEMPT wait for a real UDC (6/12)
nx679j: ATTEMPT wait for a real UDC (7/12)
nx679j: ATTEMPT wait for a real UDC (8/12)
nx679j: ATTEMPT wait for a real UDC (9/12)
nx679j: ATTEMPT wait for a real UDC (10/12)
nx679j: ATTEMPT wait for a real UDC (11/12)
nx679j: ATTEMPT wait for a real UDC (12/12)
nx679j: gadget: NO UDC after 12 s (dwc3_msm not up?)
nx679j: gadget: rc=-1
nx679j: ---- dump (end of gadget step) ----
nx679j: pmsg unavailable (no ramoops this boot)
nx679j: PID1-OP-FAILED op=gadget rc=1 journal=0 gadget=0
nx679j: ---- dump (PID1-OP-FAILED op=gadget rc=1 journal=0 gadget=0) ----
nx679j: pmsg unavailable (no ramoops this boot)
nx679j: chain: start
nx679j: chain: 47 modules to try, 0 .ko visible
nx679j: MOD phy_qcom_emu                       MISSING (no .ko in /lib/modules)
nx679j: ---- dump (chain progress) ----
nx679j: pmsg unavailable (no ramoops this boot)
nx679j: MOD repeater                           MISSING (no .ko in /lib/modules)
nx679j: MOD qcom_scm                           MISSING (no .ko in /lib/modules)
nx679j: MOD phy_msm_snps_eusb2                 MISSING (no .ko in /lib/modules)
nx679j: MOD phy_qcom_ufs                       MISSING (no .ko in /lib/modules)
nx679j: MOD phy_qcom_ufs_qmp_v4_lahaina        MISSING (no .ko in /lib/modules)
nx679j: MOD qcom_hwspinlock                    MISSING (no .ko in /lib/modules)
nx679j: MOD smem                               MISSING (no .ko in /lib/modules)
nx679j: MOD minidump                           MISSING (no .ko in /lib/modules)
nx679j: ---- dump (chain progress) ----
nx679j: pmsg unavailable (no ramoops this boot)
nx679j: MOD qcom_ipc_logging                   MISSING (no .ko in /lib/modules)
nx679j: MOD qcom_glink                         MISSING (no .ko in /lib/modules)
nx679j: MOD qcom_glink_spss                    MISSING (no .ko in /lib/modules)
nx679j: MOD phy_qcom_ufs_qmp_14nm              MISSING (no .ko in /lib/modules)
nx679j: MOD phy_qcom_ufs_qmp_v3                MISSING (no .ko in /lib/modules)
nx679j: MOD nvmem_qfprom                       already-loaded
nx679j: MOD qti_regmap_debugfs                 MISSING (no .ko in /lib/modules)
nx679j: MOD ns                                 MISSING (no .ko in /lib/modules)
nx679j: ---- dump (chain progress) ----
nx679j: pmsg unavailable (no ramoops this boot)
nx679j: MOD qrtr                               MISSING (no .ko in /lib/modules)
nx679j: MOD qmi_helpers                        MISSING (no .ko in /lib/modules)
nx679j: MOD qcom_smd                           MISSING (no .ko in /lib/modules)
nx679j: MOD qcom_glink_smem                    MISSING (no .ko in /lib/modules)
nx679j: MOD rproc_qcom_common                  MISSING (no .ko in /lib/modules)
nx679j: MOD pdr_interface                      MISSING (no .ko in /lib/modules)
nx679j: MOD pmic_glink                         MISSING (no .ko in /lib/modules)
nx679j: MOD ucsi_glink                         MISSING (no .ko in /lib/modules)
nx679j: ---- dump (chain progress) ----
nx679j: pmsg unavailable (no ramoops this boot)
nx679j: MOD fsa4480_i2c                        MISSING (no .ko in /lib/modules)
nx679j: MOD altmode_glink                      MISSING (no .ko in /lib/modules)
nx679j: MOD proxy_consumer                     MISSING (no .ko in /lib/modules)
nx679j: MOD debug_regulator                    MISSING (no .ko in /lib/modules)
nx679j: MOD gdsc_regulator                     MISSING (no .ko in /lib/modules)
nx679j: MOD clk_qcom                           MISSING (no .ko in /lib/modules)
nx679j: MOD ssusb_redriver_nb7vpq904m          MISSING (no .ko in /lib/modules)
nx679j: MOD phy_generic                        MISSING (no .ko in /lib/modules)
nx679j: ---- dump (chain progress) ----
nx679j: pmsg unavailable (no ramoops this boot)
nx679j: MOD phy_msm_snps_hs                    MISSING (no .ko in /lib/modules)
nx679j: MOD phy_msm_ssusb_qmp                  MISSING (no .ko in /lib/modules)
nx679j: MOD eud                                MISSING (no .ko in /lib/modules)
nx679j: MOD dwc3_msm                           MISSING (no .ko in /lib/modules)
nx679j: MOD tmecom_intf                        MISSING (no .ko in /lib/modules)
nx679j: MOD hwkm                               MISSING (no .ko in /lib/modules)
nx679j: MOD crypto_qti_hwkm                    MISSING (no .ko in /lib/modules)
nx679j: MOD crypto_qti_common                  MISSING (no .ko in /lib/modules)
nx679j: ---- dump (chain progress) ----
nx679j: pmsg unavailable (no ramoops this boot)
nx679j: MOD ufshcd_crypto_qti                  MISSING (no .ko in /lib/modules)
nx679j: MOD ufs_qcom                           MISSING (no .ko in /lib/modules)
nx679j: MOD phy_qcom_ufs_qmp_v4_cape           MISSING (no .ko in /lib/modules)
nx679j: MOD phy_qcom_ufs_qmp_v4_diwali         MISSING (no .ko in /lib/modules)
nx679j: MOD phy_qcom_ufs_qmp_v4_waipio         MISSING (no .ko in /lib/modules)
nx679j: MOD nvmem_qcom_spmi_sdam               MISSING (no .ko in /lib/modules)
nx679j: ---- dump (chain progress) ----
nx679j: pmsg unavailable (no ramoops this boot)
nx679j: chain: done in 52 ms: ok=1 timeout-killed=0 failed/missing=46 skipped=0
nx679j: ---- dump (end of chain) ----
nx679j: pmsg unavailable (no ramoops this boot)
nx679j: gadget: start
nx679j: usb_role nodes set to device: 0
nx679j: ATTEMPT wait for a real UDC (1/12)
nx679j: ATTEMPT wait for a real UDC (2/12)
nx679j: ATTEMPT wait for a real UDC (3/12)
nx679j: ATTEMPT wait for a real UDC (4/12)
nx679j: ATTEMPT wait for a real UDC (5/12)
nx679j: ATTEMPT wait for a real UDC (6/12)
nx679j: ATTEMPT wait for a real UDC (7/12)
nx679j: ATTEMPT wait for a real UDC (8/12)
nx679j: ATTEMPT wait for a real UDC (9/12)
nx679j: ATTEMPT wait for a real UDC (10/12)
nx679j: ATTEMPT wait for a real UDC (11/12)
nx679j: ATTEMPT wait for a real UDC (12/12)
nx679j: gadget: NO UDC after 12 s (dwc3_msm not up?)
nx679j: gadget: rc=-1
nx679j: ---- dump (end of gadget step) ----
nx679j: pmsg unavailable (no ramoops this boot)
nx679j: PID1-OP-FAILED op=gadget rc=1 journal=0 gadget=0
nx679j: ---- dump (PID1-OP-FAILED op=gadget rc=1 journal=0 gadget=0) ----
nx679j: pmsg unavailable (no ramoops this boot)
[   27.215103] nx679j: journal mirror: 7584 bytes (file open, kmsg=4 pmsg=-1 rd=-1)
<1>nx679j: journal mirror: 7751 bytes (file open, kmsg=4 pmsg=-1 rd=-1)
nx679j: mounts: start (uid=0 pid=55)
nx679j: ATTEMPT mount -t proc /proc
nx679j: mount proc      rc=0
nx679j: ATTEMPT mount -t sysfs /sys
nx679j: mount sysfs     rc=0
nx679j: ATTEMPT mount -t configfs /sys/kernel/config
nx679j: mount configfs  rc=0
nx679j: ATTEMPT mount -t pstore /sys/fs/pstore
nx679j: mount pstore    rc=0
nx679j: cmdline: console=ttyAMA0 earlycon loglevel=8 panic=10 rdinit=/init ip=10.0.2.15::10.0.2.2:255.255.255.0::eth0:off
nx679j: kernel 6.6.60 aarch64
nx679j: /proc/devices: pmsg=no
nx679j: configfs usb_gadget=absent
nx679j: 0 .ko files visible in /lib/modules
nx679j: mounts: done
nx679j: FIRST JOURNAL WRITE, no module loaded yet (device tree nodes UFS=absent USB=present)
nx679j: /dev/block/by-name present: no
nx679j: /dev present: kmsg=yes pmsg0=yes console=yes
nx679j: ---- dump (first journal write: NO rawdump partition found) ----
nx679j: pmsg unavailable (no ramoops this boot)
nx679j: journal is durable on rawdump: no
nx679j: PID1-OP-FAILED op=journal rc=1 journal=0 gadget=0
nx679j: ---- dump (PID1-OP-FAILED op=journal rc=1 journal=0 gadget=0) ----
nx679j: pmsg unavailable (no ramoops this boot)
nx679j: gadget: start
nx679j: usb_role nodes set to device: 0
nx679j: ATTEMPT wait for a real UDC (1/12)
nx679j: ATTEMPT wait for a real UDC (2/12)
nx679j: ATTEMPT wait for a real UDC (3/12)
nx679j: ATTEMPT wait for a real UDC (4/12)
nx679j: ATTEMPT wait for a real UDC (5/12)
nx679j: ATTEMPT wait for a real UDC (6/12)
nx679j: ATTEMPT wait for a real UDC (7/12)
nx679j: ATTEMPT wait for a real UDC (8/12)
nx679j: ATTEMPT wait for a real UDC (9/12)
nx679j: ATTEMPT wait for a real UDC (10/12)
nx679j: ATTEMPT wait for a real UDC (11/12)
nx679j: ATTEMPT wait for a real UDC (12/12)
nx679j: gadget: NO UDC after 12 s (dwc3_msm not up?)
nx679j: gadget: rc=-1
nx679j: ---- dump (end of gadget step) ----
nx679j: pmsg unavailable (no ramoops this boot)
nx679j: PID1-OP-FAILED op=gadget rc=1 journal=0 gadget=0
nx679j: ---- dump (PID1-OP-FAILED op=gadget rc=1 journal=0 gadget=0) ----
nx679j: pmsg unavailable (no ramoops this boot)
nx679j: chain: start
nx679j: chain: 47 modules to try, 0 .ko visible
nx679j: MOD phy_qcom_emu                       MISSING (no .ko in /lib/modules)
nx679j: ---- dump (chain progress) ----
nx679j: pmsg unavailable (no ramoops this boot)
nx679j: MOD repeater                           MISSING (no .ko in /lib/modules)
nx679j: MOD qcom_scm                           MISSING (no .ko in /lib/modules)
nx679j: MOD phy_msm_snps_eusb2                 MISSING (no .ko in /lib/modules)
nx679j: MOD phy_qcom_ufs                       MISSING (no .ko in /lib/modules)
nx679j: MOD phy_qcom_ufs_qmp_v4_lahaina        MISSING (no .ko in /lib/modules)
nx679j: MOD qcom_hwspinlock                    MISSING (no .ko in /lib/modules)
nx679j: MOD smem                               MISSING (no .ko in /lib/modules)
nx679j: MOD minidump                           MISSING (no .ko in /lib/modules)
nx679j: ---- dump (chain progress) ----
nx679j: pmsg unavailable (no ramoops this boot)
nx679j: MOD qcom_ipc_logging                   MISSING (no .ko in /lib/modules)
nx679j: MOD qcom_glink                         MISSING (no .ko in /lib/modules)
nx679j: MOD qcom_glink_spss                    MISSING (no .ko in /lib/modules)
nx679j: MOD phy_qcom_ufs_qmp_14nm              MISSING (no .ko in /lib/modules)
nx679j: MOD phy_qcom_ufs_qmp_v3                MISSING (no .ko in /lib/modules)
nx679j: MOD nvmem_qfprom                       already-loaded
nx679j: MOD qti_regmap_debugfs                 MISSING (no .ko in /lib/modules)
nx679j: MOD ns                                 MISSING (no .ko in /lib/modules)
nx679j: ---- dump (chain progress) ----
nx679j: pmsg unavailable (no ramoops this boot)
nx679j: MOD qrtr                               MISSING (no .ko in /lib/modules)
nx679j: MOD qmi_helpers                        MISSING (no .ko in /lib/modules)
nx679j: MOD qcom_smd                           MISSING (no .ko in /lib/modules)
nx679j: MOD qcom_glink_smem                    MISSING (no .ko in /lib/modules)
nx679j: MOD rproc_qcom_common                  MISSING (no .ko in /lib/modules)
nx679j: MOD pdr_interface                      MISSING (no .ko in /lib/modules)
nx679j: MOD pmic_glink                         MISSING (no .ko in /lib/modules)
nx679j: MOD ucsi_glink                         MISSING (no .ko in /lib/modules)
nx679j: ---- dump (chain progress) ----
nx679j: pmsg unavailable (no ramoops this boot)
nx679j: MOD fsa4480_i2c                        MISSING (no .ko in /lib/modules)
nx679j: MOD altmode_glink                      MISSING (no .ko in /lib/modules)
nx679j: MOD proxy_consumer                     MISSING (no .ko in /lib/modules)
nx679j: MOD debug_regulator                    MISSING (no .ko in /lib/modules)
nx679j: MOD gdsc_regulator                     MISSING (no .ko in /lib/modules)
nx679j: MOD clk_qcom                           MISSING (no .ko in /lib/modules)
nx679j: MOD ssusb_redriver_nb7vpq904m          MISSING (no .ko in /lib/modules)
nx679j: MOD phy_generic                        MISSING (no .ko in /lib/modules)
nx679j: ---- dump (chain progress) ----
nx679j: pmsg unavailable (no ramoops this boot)
nx679j: MOD phy_msm_snps_hs                    MISSING (no .ko in /lib/modules)
nx679j: MOD phy_msm_ssusb_qmp                  MISSING (no .ko in /lib/modules)
nx679j: MOD eud                                MISSING (no .ko in /lib/modules)
nx679j: MOD dwc3_msm                           MISSING (no .ko in /lib/modules)
nx679j: MOD tmecom_intf                        MISSING (no .ko in /lib/modules)
nx679j: MOD hwkm                               MISSING (no .ko in /lib/modules)
nx679j: MOD crypto_qti_hwkm                    MISSING (no .ko in /lib/modules)
nx679j: MOD crypto_qti_common                  MISSING (no .ko in /lib/modules)
nx679j: ---- dump (chain progress) ----
nx679j: pmsg unavailable (no ramoops this boot)
nx679j: MOD ufshcd_crypto_qti                  MISSING (no .ko in /lib/modules)
nx679j: MOD ufs_qcom                           MISSING (no .ko in /lib/modules)
nx679j: MOD phy_qcom_ufs_qmp_v4_cape           MISSING (no .ko in /lib/modules)
nx679j: MOD phy_qcom_ufs_qmp_v4_diwali         MISSING (no .ko in /lib/modules)
nx679j: MOD phy_qcom_ufs_qmp_v4_waipio         MISSING (no .ko in /lib/modules)
nx679j: MOD nvmem_qcom_spmi_sdam               MISSING (no .ko in /lib/modules)
nx679j: ---- dump (chain progress) ----
nx679j: pmsg unavailable (no ramoops this boot)
nx679j: chain: done in 52 ms: ok=1 timeout-killed=0 failed/missing=46 skipped=0
nx679j: ---- dump (end of chain) ----
nx679j: pmsg unavailable (no ramoops this boot)
nx679j: gadget: start
nx679j: usb_role nodes set to device: 0
nx679j: ATTEMPT wait for a real UDC (1/12)
nx679j: ATTEMPT wait for a real UDC (2/12)
nx679j: ATTEMPT wait for a real UDC (3/12)
nx679j: ATTEMPT wait for a real UDC (4/12)
nx679j: ATTEMPT wait for a real UDC (5/12)
nx679j: ATTEMPT wait for a real UDC (6/12)
nx679j: ATTEMPT wait for a real UDC (7/12)
nx679j: ATTEMPT wait for a real UDC (8/12)
nx679j: ATTEMPT wait for a real UDC (9/12)
nx679j: ATTEMPT wait for a real UDC (10/12)
nx679j: ATTEMPT wait for a real UDC (11/12)
nx679j: ATTEMPT wait for a real UDC (12/12)
nx679j: gadget: NO UDC after 12 s (dwc3_msm not up?)
nx679j: gadget: rc=-1
nx679j: ---- dump (end of gadget step) ----
nx679j: pmsg unavailable (no ramoops this boot)
nx679j: PID1-OP-FAILED op=gadget rc=1 journal=0 gadget=0
nx679j: ---- dump (PID1-OP-FAILED op=gadget rc=1 journal=0 gadget=0) ----
nx679j: pmsg unavailable (no ramoops this boot)
nx679j: v9-summary op=dump rc=0 journal=0 gadget=0
nx679j: ---- dump (v9-summary op=dump rc=0 journal=0 gadget=0) ----
nx679j: pmsg unavailable (no ramoops this boot)
[   27.266827] nx679j: journal mirror: 7751 bytes (file open, kmsg=4 pmsg=-1 rd=-1)
<1>nx679j: journal mirror: 7940 bytes (file open, kmsg=4 pmsg=-1 rd=-1)
nx679j: mounts: start (uid=0 pid=55)
nx679j: ATTEMPT mount -t proc /proc
nx679j: mount proc      rc=0
nx679j: ATTEMPT mount -t sysfs /sys
nx679j: mount sysfs     rc=0
nx679j: ATTEMPT mount -t configfs /sys/kernel/config
nx679j: mount configfs  rc=0
nx679j: ATTEMPT mount -t pstore /sys/fs/pstore
nx679j: mount pstore    rc=0
nx679j: cmdline: console=ttyAMA0 earlycon loglevel=8 panic=10 rdinit=/init ip=10.0.2.15::10.0.2.2:255.255.255.0::eth0:off
nx679j: kernel 6.6.60 aarch64
nx679j: /proc/devices: pmsg=no
nx679j: configfs usb_gadget=absent
nx679j: 0 .ko files visible in /lib/modules
nx679j: mounts: done
nx679j: FIRST JOURNAL WRITE, no module loaded yet (device tree nodes UFS=absent USB=present)
nx679j: /dev/block/by-name present: no
nx679j: /dev present: kmsg=yes pmsg0=yes console=yes
nx679j: ---- dump (first journal write: NO rawdump partition found) ----
nx679j: pmsg unavailable (no ramoops this boot)
nx679j: journal is durable on rawdump: no
nx679j: PID1-OP-FAILED op=journal rc=1 journal=0 gadget=0
nx679j: ---- dump (PID1-OP-FAILED op=journal rc=1 journal=0 gadget=0) ----
nx679j: pmsg unavailable (no ramoops this boot)
nx679j: gadget: start
nx679j: usb_role nodes set to device: 0
nx679j: ATTEMPT wait for a real UDC (1/12)
nx679j: ATTEMPT wait for a real UDC (2/12)
nx679j: ATTEMPT wait for a real UDC (3/12)
nx679j: ATTEMPT wait for a real UDC (4/12)
nx679j: ATTEMPT wait for a real UDC (5/12)
nx679j: ATTEMPT wait for a real UDC (6/12)
nx679j: ATTEMPT wait for a real UDC (7/12)
nx679j: ATTEMPT wait for a real UDC (8/12)
nx679j: ATTEMPT wait for a real UDC (9/12)
nx679j: ATTEMPT wait for a real UDC (10/12)
nx679j: ATTEMPT wait for a real UDC (11/12)
nx679j: ATTEMPT wait for a real UDC (12/12)
nx679j: gadget: NO UDC after 12 s (dwc3_msm not up?)
nx679j: gadget: rc=-1
nx679j: ---- dump (end of gadget step) ----
nx679j: pmsg unavailable (no ramoops this boot)
nx679j: PID1-OP-FAILED op=gadget rc=1 journal=0 gadget=0
nx679j: ---- dump (PID1-OP-FAILED op=gadget rc=1 journal=0 gadget=0) ----
nx679j: pmsg unavailable (no ramoops this boot)
nx679j: chain: start
nx679j: chain: 47 modules to try, 0 .ko visible
nx679j: MOD phy_qcom_emu                       MISSING (no .ko in /lib/modules)
nx679j: ---- dump (chain progress) ----
nx679j: pmsg unavailable (no ramoops this boot)
nx679j: MOD repeater                           MISSING (no .ko in /lib/modules)
nx679j: MOD qcom_scm                           MISSING (no .ko in /lib/modules)
nx679j: MOD phy_msm_snps_eusb2                 MISSING (no .ko in /lib/modules)
nx679j: MOD phy_qcom_ufs                       MISSING (no .ko in /lib/modules)
nx679j: MOD phy_qcom_ufs_qmp_v4_lahaina        MISSING (no .ko in /lib/modules)
nx679j: MOD qcom_hwspinlock                    MISSING (no .ko in /lib/modules)
nx679j: MOD smem                               MISSING (no .ko in /lib/modules)
nx679j: MOD minidump                           MISSING (no .ko in /lib/modules)
nx679j: ---- dump (chain progress) ----
nx679j: pmsg unavailable (no ramoops this boot)
nx679j: MOD qcom_ipc_logging                   MISSING (no .ko in /lib/modules)
nx679j: MOD qcom_glink                         MISSING (no .ko in /lib/modules)
nx679j: MOD qcom_glink_spss                    MISSING (no .ko in /lib/modules)
nx679j: MOD phy_qcom_ufs_qmp_14nm              MISSING (no .ko in /lib/modules)
nx679j: MOD phy_qcom_ufs_qmp_v3                MISSING (no .ko in /lib/modules)
nx679j: MOD nvmem_qfprom                       already-loaded
nx679j: MOD qti_regmap_debugfs                 MISSING (no .ko in /lib/modules)
nx679j: MOD ns                                 MISSING (no .ko in /lib/modules)
nx679j: ---- dump (chain progress) ----
nx679j: pmsg unavailable (no ramoops this boot)
nx679j: MOD qrtr                               MISSING (no .ko in /lib/modules)
nx679j: MOD qmi_helpers                        MISSING (no .ko in /lib/modules)
nx679j: MOD qcom_smd                           MISSING (no .ko in /lib/modules)
nx679j: MOD qcom_glink_smem                    MISSING (no .ko in /lib/modules)
nx679j: MOD rproc_qcom_common                  MISSING (no .ko in /lib/modules)
nx679j: MOD pdr_interface                      MISSING (no .ko in /lib/modules)
nx679j: MOD pmic_glink                         MISSING (no .ko in /lib/modules)
nx679j: MOD ucsi_glink                         MISSING (no .ko in /lib/modules)
nx679j: ---- dump (chain progress) ----
nx679j: pmsg unavailable (no ramoops this boot)
nx679j: MOD fsa4480_i2c                        MISSING (no .ko in /lib/modules)
nx679j: MOD altmode_glink                      MISSING (no .ko in /lib/modules)
nx679j: MOD proxy_consumer                     MISSING (no .ko in /lib/modules)
nx679j: MOD debug_regulator                    MISSING (no .ko in /lib/modules)
nx679j: MOD gdsc_regulator                     MISSING (no .ko in /lib/modules)
nx679j: MOD clk_qcom                           MISSING (no .ko in /lib/modules)
nx679j: MOD ssusb_redriver_nb7vpq904m          MISSING (no .ko in /lib/modules)
nx679j: MOD phy_generic                        MISSING (no .ko in /lib/modules)
nx679j: ---- dump (chain progress) ----
nx679j: pmsg unavailable (no ramoops this boot)
nx679j: MOD phy_msm_snps_hs                    MISSING (no .ko in /lib/modules)
nx679j: MOD phy_msm_ssusb_qmp                  MISSING (no .ko in /lib/modules)
nx679j: MOD eud                                MISSING (no .ko in /lib/modules)
nx679j: MOD dwc3_msm                           MISSING (no .ko in /lib/modules)
nx679j: MOD tmecom_intf                        MISSING (no .ko in /lib/modules)
nx679j: MOD hwkm                               MISSING (no .ko in /lib/modules)
nx679j: MOD crypto_qti_hwkm                    MISSING (no .ko in /lib/modules)
nx679j: MOD crypto_qti_common                  MISSING (no .ko in /lib/modules)
nx679j: ---- dump (chain progress) ----
nx679j: pmsg unavailable (no ramoops this boot)
nx679j: MOD ufshcd_crypto_qti                  MISSING (no .ko in /lib/modules)
nx679j: MOD ufs_qcom                           MISSING (no .ko in /lib/modules)
nx679j: MOD phy_qcom_ufs_qmp_v4_cape           MISSING (no .ko in /lib/modules)
nx679j: MOD phy_qcom_ufs_qmp_v4_diwali         MISSING (no .ko in /lib/modules)
nx679j: MOD phy_qcom_ufs_qmp_v4_waipio         MISSING (no .ko in /lib/modules)
nx679j: MOD nvmem_qcom_spmi_sdam               MISSING (no .ko in /lib/modules)
nx679j: ---- dump (chain progress) ----
nx679j: pmsg unavailable (no ramoops this boot)
nx679j: chain: done in 52 ms: ok=1 timeout-killed=0 failed/missing=46 skipped=0
nx679j: ---- dump (end of chain) ----
nx679j: pmsg unavailable (no ramoops this boot)
nx679j: gadget: start
nx679j: usb_role nodes set to device: 0
nx679j: ATTEMPT wait for a real UDC (1/12)
nx679j: ATTEMPT wait for a real UDC (2/12)
nx679j: ATTEMPT wait for a real UDC (3/12)
nx679j: ATTEMPT wait for a real UDC (4/12)
nx679j: ATTEMPT wait for a real UDC (5/12)
nx679j: ATTEMPT wait for a real UDC (6/12)
nx679j: ATTEMPT wait for a real UDC (7/12)
nx679j: ATTEMPT wait for a real UDC (8/12)
nx679j: ATTEMPT wait for a real UDC (9/12)
nx679j: ATTEMPT wait for a real UDC (10/12)
nx679j: ATTEMPT wait for a real UDC (11/12)
nx679j: ATTEMPT wait for a real UDC (12/12)
nx679j: gadget: NO UDC after 12 s (dwc3_msm not up?)
nx679j: gadget: rc=-1
nx679j: ---- dump (end of gadget step) ----
nx679j: pmsg unavailable (no ramoops this boot)
nx679j: PID1-OP-FAILED op=gadget rc=1 journal=0 gadget=0
nx679j: ---- dump (PID1-OP-FAILED op=gadget rc=1 journal=0 gadget=0) ----
nx679j: pmsg unavailable (no ramoops this boot)
nx679j: v9-summary op=dump rc=0 journal=0 gadget=0
nx679j: ---- dump (v9-summary op=dump rc=0 journal=0 gadget=0) ----
nx679j: pmsg unavailable (no ramoops this boot)
nx679j: v9-relay-started op=relay rc=0 n=1 journal=0 gadget=0
nx679j: ---- dump (v9-relay-started op=relay rc=0 n=1 journal=0 gadget=0) ----
nx679j: pmsg unavailable (no ramoops this boot)
[   27.319798] nx679j: journal mirror: 7940 bytes (file open, kmsg=4 pmsg=-1 rd=-1)
nx679j-relay-v9: READ-ONLY relay up: nc 0.0.0.0 9999  (iface usb0 ip -, wildcard_fallback=1)
nx679j-relay-v9: it never opens a file for writing; the answer is a snapshot of /proc, /sys and /nx679j-journal
<1>nx679j: journal mirror: 8041 bytes (file open, kmsg=4 pmsg=-1 rd=-1)
nx679j: mounts: start (uid=0 pid=55)
nx679j: ATTEMPT mount -t proc /proc
nx679j: mount proc      rc=0
nx679j: ATTEMPT mount -t sysfs /sys
nx679j: mount sysfs     rc=0
nx679j: ATTEMPT mount -t configfs /sys/kernel/config
nx679j: mount configfs  rc=0
nx679j: ATTEMPT mount -t pstore /sys/fs/pstore
nx679j: mount pstore    rc=0
nx679j: cmdline: console=ttyAMA0 earlycon loglevel=8 panic=10 rdinit=/init ip=10.0.2.15::10.0.2.2:255.255.255.0::eth0:off
nx679j: kernel 6.6.60 aarch64
nx679j: /proc/devices: pmsg=no
nx679j: configfs usb_gadget=absent
nx679j: 0 .ko files visible in /lib/modules
nx679j: mounts: done
nx679j: FIRST JOURNAL WRITE, no module loaded yet (device tree nodes UFS=absent USB=present)
nx679j: /dev/block/by-name present: no
nx679j: /dev present: kmsg=yes pmsg0=yes console=yes
nx679j: ---- dump (first journal write: NO rawdump partition found) ----
nx679j: pmsg unavailable (no ramoops this boot)
nx679j: journal is durable on rawdump: no
nx679j: PID1-OP-FAILED op=journal rc=1 journal=0 gadget=0
nx679j: ---- dump (PID1-OP-FAILED op=journal rc=1 journal=0 gadget=0) ----
nx679j: pmsg unavailable (no ramoops this boot)
nx679j: gadget: start
nx679j: usb_role nodes set to device: 0
nx679j: ATTEMPT wait for a real UDC (1/12)
nx679j: ATTEMPT wait for a real UDC (2/12)
nx679j: ATTEMPT wait for a real UDC (3/12)
nx679j: ATTEMPT wait for a real UDC (4/12)
nx679j: ATTEMPT wait for a real UDC (5/12)
nx679j: ATTEMPT wait for a real UDC (6/12)
nx679j: ATTEMPT wait for a real UDC (7/12)
nx679j: ATTEMPT wait for a real UDC (8/12)
nx679j: ATTEMPT wait for a real UDC (9/12)
nx679j: ATTEMPT wait for a real UDC (10/12)
nx679j: ATTEMPT wait for a real UDC (11/12)
nx679j: ATTEMPT wait for a real UDC (12/12)
nx679j: gadget: NO UDC after 12 s (dwc3_msm not up?)
nx679j: gadget: rc=-1
nx679j: ---- dump (end of gadget step) ----
nx679j: pmsg unavailable (no ramoops this boot)
nx679j: PID1-OP-FAILED op=gadget rc=1 journal=0 gadget=0
nx679j: ---- dump (PID1-OP-FAILED op=gadget rc=1 journal=0 gadget=0) ----
nx679j: pmsg unavailable (no ramoops this boot)
nx679j: chain: start
nx679j: chain: 47 modules to try, 0 .ko visible
nx679j: MOD phy_qcom_emu                       MISSING (no .ko in /lib/modules)
nx679j: ---- dump (chain progress) ----
nx679j: pmsg unavailable (no ramoops this boot)
nx679j: MOD repeater                           MISSING (no .ko in /lib/modules)
nx679j: MOD qcom_scm                           MISSING (no .ko in /lib/modules)
nx679j: MOD phy_msm_snps_eusb2                 MISSING (no .ko in /lib/modules)
nx679j: MOD phy_qcom_ufs                       MISSING (no .ko in /lib/modules)
nx679j: MOD phy_qcom_ufs_qmp_v4_lahaina        MISSING (no .ko in /lib/modules)
nx679j: MOD qcom_hwspinlock                    MISSING (no .ko in /lib/modules)
nx679j: MOD smem                               MISSING (no .ko in /lib/modules)
nx679j: MOD minidump                           MISSING (no .ko in /lib/modules)
nx679j: ---- dump (chain progress) ----
nx679j: pmsg unavailable (no ramoops this boot)
nx679j: MOD qcom_ipc_logging                   MISSING (no .ko in /lib/modules)
nx679j: MOD qcom_glink                         MISSING (no .ko in /lib/modules)
nx679j: MOD qcom_glink_spss                    MISSING (no .ko in /lib/modules)
nx679j: MOD phy_qcom_ufs_qmp_14nm              MISSING (no .ko in /lib/modules)
nx679j: MOD phy_qcom_ufs_qmp_v3                MISSING (no .ko in /lib/modules)
nx679j: MOD nvmem_qfprom                       already-loaded
nx679j: MOD qti_regmap_debugfs                 MISSING (no .ko in /lib/modules)
nx679j: MOD ns                                 MISSING (no .ko in /lib/modules)
nx679j: ---- dump (chain progress) ----
nx679j: pmsg unavailable (no ramoops this boot)
nx679j: MOD qrtr                               MISSING (no .ko in /lib/modules)
nx679j: MOD qmi_helpers                        MISSING (no .ko in /lib/modules)
nx679j: MOD qcom_smd                           MISSING (no .ko in /lib/modules)
nx679j: MOD qcom_glink_smem                    MISSING (no .ko in /lib/modules)
nx679j: MOD rproc_qcom_common                  MISSING (no .ko in /lib/modules)
nx679j: MOD pdr_interface                      MISSING (no .ko in /lib/modules)
nx679j: MOD pmic_glink                         MISSING (no .ko in /lib/modules)
nx679j: MOD ucsi_glink                         MISSING (no .ko in /lib/modules)
nx679j: ---- dump (chain progress) ----
nx679j: pmsg unavailable (no ramoops this boot)
nx679j: MOD fsa4480_i2c                        MISSING (no .ko in /lib/modules)
nx679j: MOD altmode_glink                      MISSING (no .ko in /lib/modules)
nx679j: MOD proxy_consumer                     MISSING (no .ko in /lib/modules)
nx679j: MOD debug_regulator                    MISSING (no .ko in /lib/modules)
nx679j: MOD gdsc_regulator                     MISSING (no .ko in /lib/modules)
nx679j: MOD clk_qcom                           MISSING (no .ko in /lib/modules)
nx679j: MOD ssusb_redriver_nb7vpq904m          MISSING (no .ko in /lib/modules)
nx679j: MOD phy_generic                        MISSING (no .ko in /lib/modules)
nx679j: ---- dump (chain progress) ----
nx679j: pmsg unavailable (no ramoops this boot)
nx679j: MOD phy_msm_snps_hs                    MISSING (no .ko in /lib/modules)
nx679j: MOD phy_msm_ssusb_qmp                  MISSING (no .ko in /lib/modules)
nx679j: MOD eud                                MISSING (no .ko in /lib/modules)
nx679j: MOD dwc3_msm                           MISSING (no .ko in /lib/modules)
nx679j: MOD tmecom_intf                        MISSING (no .ko in /lib/modules)
nx679j: MOD hwkm                               MISSING (no .ko in /lib/modules)
nx679j: MOD crypto_qti_hwkm                    MISSING (no .ko in /lib/modules)
nx679j: MOD crypto_qti_common                  MISSING (no .ko in /lib/modules)
nx679j: ---- dump (chain progress) ----
nx679j: pmsg unavailable (no ramoops this boot)
nx679j: MOD ufshcd_crypto_qti                  MISSING (no .ko in /lib/modules)
nx679j: MOD ufs_qcom                           MISSING (no .ko in /lib/modules)
nx679j: MOD phy_qcom_ufs_qmp_v4_cape           MISSING (no .ko in /lib/modules)
nx679j: MOD phy_qcom_ufs_qmp_v4_diwali         MISSING (no .ko in /lib/modules)
nx679j: MOD phy_qcom_ufs_qmp_v4_waipio         MISSING (no .ko in /lib/modules)
nx679j: MOD nvmem_qcom_spmi_sdam               MISSING (no .ko in /lib/modules)
nx679j: ---- dump (chain progress) ----
nx679j: pmsg unavailable (no ramoops this boot)
nx679j: chain: done in 52 ms: ok=1 timeout-killed=0 failed/missing=46 skipped=0
nx679j: ---- dump (end of chain) ----
nx679j: pmsg unavailable (no ramoops this boot)
nx679j: gadget: start
nx679j: usb_role nodes set to device: 0
nx679j: ATTEMPT wait for a real UDC (1/12)
nx679j: ATTEMPT wait for a real UDC (2/12)
nx679j: ATTEMPT wait for a real UDC (3/12)
nx679j: ATTEMPT wait for a real UDC (4/12)
nx679j: ATTEMPT wait for a real UDC (5/12)
nx679j: ATTEMPT wait for a real UDC (6/12)
nx679j: ATTEMPT wait for a real UDC (7/12)
nx679j: ATTEMPT wait for a real UDC (8/12)
nx679j: ATTEMPT wait for a real UDC (9/12)
nx679j: ATTEMPT wait for a real UDC (10/12)
nx679j: ATTEMPT wait for a real UDC (11/12)
nx679j: ATTEMPT wait for a real UDC (12/12)
nx679j: gadget: NO UDC after 12 s (dwc3_msm not up?)
nx679j: gadget: rc=-1
nx679j: ---- dump (end of gadget step) ----
nx679j: pmsg unavailable (no ramoops this boot)
nx679j: PID1-OP-FAILED op=gadget rc=1 journal=0 gadget=0
nx679j: ---- dump (PID1-OP-FAILED op=gadget rc=1 journal=0 gadget=0) ----
nx679j: pmsg unavailable (no ramoops this boot)
nx679j: v9-summary op=dump rc=0 journal=0 gadget=0
nx679j: ---- dump (v9-summary op=dump rc=0 journal=0 gadget=0) ----
nx679j: pmsg unavailable (no ramoops this boot)
nx679j: v9-relay-started op=relay rc=0 n=1 journal=0 gadget=0
nx679j: ---- dump (v9-relay-started op=relay rc=0 n=1 journal=0 gadget=0) ----
nx679j: pmsg unavailable (no ramoops this boot)
nx679j: heartbeat
nx679j: ---- dump (heartbeat) ----
nx679j: pmsg unavailable (no ramoops this boot)
[   57.371983] nx679j: journal mirror: 8041 bytes (file open, kmsg=4 pmsg=-1 rd=-1)
[   57.471407] Flash device refused suspend due to active operation (state 20)
[   57.471694] Flash device refused suspend due to active operation (state 20)
[   57.472408] reboot: Restarting system
[    0.000000] Booting Linux on physical CPU 0x0000000000 [0x411fd070]
[    0.000000] Linux version 6.6.60 (user@user-Mini) (aarch64-linux-gnu-gcc (GCC) 16.1.0, GNU ld (GNU Binutils) 2.47) #1 SMP PREEMPT Thu Aug  6 23:41:56 CEST 2026
[    0.000000] KASLR enabled
[    0.000000] random: crng init done
[    0.000000] Machine model: linux,dummy-virt
[    0.000000] efi: UEFI not found.
[    0.000000] earlycon: pl11 at MMIO 0x00************** (options '')
[    0.000000] printk: bootconsole [pl11] enabled
[    0.000000] NUMA: No NUMA configuration found
[    0.000000] NUMA: Faking a node at [mem 0x00**************-0x00000000bfffffff]
[    0.000000] NUMA: NODE_DATA [mem 0xbfbf09c0-0xbfbf2fff]
[    0.000000] Zone ranges:
[    0.000000]   DMA      [mem 0x00**************-0x00000000bfffffff]
[    0.000000]   DMA32    empty
[    0.000000]   Normal   empty
[    0.000000] Movable zone start for each node
[    0.000000] Early memory node ranges
[    0.000000]   node   0: [mem 0x00**************-0x00000000bfffffff]
[    0.000000] Initmem setup node 0 [mem 0x00**************-0x00000000bfffffff]
[    0.000000] cma: Reserved 32 MiB at 0x00000000bba00000 on node -1
[    0.000000] psci: probing for conduit method from DT.
[    0.000000] psci: PSCIv1.1 detected in firmware.
[    0.000000] psci: Using standard PSCI v0.2 function IDs
[    0.000000] psci: Trusted OS migration not required
[    0.000000] psci: SMC Calling Convention v1.0
[    0.000000] percpu: Embedded 22 pages/cpu s50856 r8192 d31064 u90112
[    0.000000] pcpu-alloc: s50856 r8192 d31064 u90112 alloc=22*4096
[    0.000000] pcpu-alloc: [0] 0 [0] 1 
[    0.000000] Detected PIPT I-cache on CPU0
[    0.000000] CPU features: detected: Spectre-v2
[    0.000000] CPU features: detected: Spectre-v3a
[    0.000000] CPU features: detected: Spectre-v4
[    0.000000] CPU features: detected: Spectre-BHB
[    0.000000] CPU features: kernel page table isolation forced ON by KASLR
[    0.000000] CPU features: detected: Kernel page table isolation (KPTI)
[    0.000000] CPU features: detected: ARM erratum 834220
[    0.000000] CPU features: detected: ARM erratum 1742098
[    0.000000] CPU features: detected: ARM erratum 832075
[    0.000000] CPU features: detected: ARM errata 1165522, 1319367, or 1530923
[    0.000000] alternatives: applying boot alternatives
[    0.000000] Kernel command line: console=ttyAMA0 earlycon loglevel=8 panic=10 rdinit=/init ip=10.0.2.15::10.0.2.2:255.255.255.0::eth0:off
[    0.000000] Dentry cache hash table entries: 262144 (order: 9, 2097152 bytes, linear)
[    0.000000] Inode-cache hash table entries: 131072 (order: 8, 1048576 bytes, linear)
[    0.000000] Fallback order for Node 0: 0 
[    0.000000] Built 1 zonelists, mobility grouping on.  Total pages: 516096
[    0.000000] Policy zone: DMA
[    0.000000] mem auto-init: stack:all(zero), heap alloc:off, heap free:off
[    0.000000] software IO TLB: area num 2.
[    0.000000] software IO TLB: mapped [mem 0x00000000b7800000-0x00000000bb800000] (64MB)
[    0.000000] Memory: 1920368K/2097152K available (16832K kernel code, 4276K rwdata, 10592K rodata, 2624K init, 605K bss, 144016K reserved, 32768K cma-reserved)
[    0.000000] SLUB: HWalign=64, Order=0-3, MinObjects=0, CPUs=2, Nodes=1
[    0.000000] rcu: Preemptible hierarchical RCU implementation.
[    0.000000] rcu: 	RCU event tracing is enabled.
[    0.000000] rcu: 	RCU restricting CPUs from NR_CPUS=256 to nr_cpu_ids=2.
[    0.000000] 	Trampoline variant of Tasks RCU enabled.
[    0.000000] 	Tracing variant of Tasks RCU enabled.
[    0.000000] rcu: RCU calculated value of scheduler-enlistment delay is 25 jiffies.
[    0.000000] rcu: Adjusting geometry for rcu_fanout_leaf=16, nr_cpu_ids=2
[    0.000000] NR_IRQS: 64, nr_irqs: 64, preallocated irqs: 0
[    0.000000] Root IRQ handler: gic_handle_irq
[    0.000000] GICv2m: range[mem 0x08020000-0x08020fff], SPI[80:143]
[    0.000000] rcu: srcu_init: Setting srcu_struct sizes based on contention.
[    0.000000] arch_timer: cp15 timer(s) running at 62.50MHz (virt).
[    0.000000] clocksource: arch_sys_counter: mask: 0x1ffffffffffffff max_cycles: 0x1cd42e208c, max_idle_ns: 881590405314 ns
[    0.000057] sched_clock: 57 bits at 63MHz, resolution 16ns, wraps every 4398046511096ns
[    0.007688] Console: colour dummy device 80x25
[    0.009529] Calibrating delay loop (skipped), value calculated using timer frequency.. 125.00 BogoMIPS (lpj=250000)
[    0.010035] pid_max: default: 32768 minimum: 301
[    0.011149] LSM: initializing lsm=capability,integrity
[    0.012851] Mount-cache hash table entries: 4096 (order: 3, 32768 bytes, linear)
[    0.013040] Mountpoint-cache hash table entries: 4096 (order: 3, 32768 bytes, linear)
[    0.041610] RCU Tasks: Setting shift to 1 and lim to 1 rcu_task_cb_adjust=1 rcu_task_cpu_ids=2.
[    0.042227] RCU Tasks Trace: Setting shift to 1 and lim to 1 rcu_task_cb_adjust=1 rcu_task_cpu_ids=2.
[    0.043416] rcu: Hierarchical SRCU implementation.
[    0.043550] rcu: 	Max phase no-delay instances is 1000.
[    0.047088] EFI services will not be available.
[    0.048899] smp: Bringing up secondary CPUs ...
[    0.052120] Detected PIPT I-cache on CPU1
[    0.053054] CPU1: Booted secondary processor 0x0000000001 [0x411fd070]
[    0.056779] smp: Brought up 1 node, 2 CPUs
[    0.057405] SMP: Total of 2 processors activated.
[    0.057671] CPU features: detected: 32-bit EL0 Support
[    0.057842] CPU features: detected: 32-bit EL1 Support
[    0.058070] CPU features: detected: CRC32 instructions
[    0.060424] CPU: All CPU(s) started at EL1
[    0.060730] alternatives: applying system-wide alternatives
[    0.079809] devtmpfs: initialized
[    0.091400] clocksource: jiffies: mask: 0xffffffff max_cycles: 0xffffffff, max_idle_ns: 76************** ns
[    0.091743] futex hash table entries: 512 (order: 3, 32768 bytes, linear)
[    0.095043] pinctrl core: initialized pinctrl subsystem
[    0.099854] DMI not present or invalid.
[    0.110714] NET: Registered PF_NETLINK/PF_ROUTE protocol family
[    0.119390] DMA: preallocated 256 KiB GFP_KERNEL pool for atomic allocations
[    0.120321] DMA: preallocated 256 KiB GFP_KERNEL|GFP_DMA pool for atomic allocations
[    0.120767] DMA: preallocated 256 KiB GFP_KERNEL|GFP_DMA32 pool for atomic allocations
[    0.121170] audit: initializing netlink subsys (disabled)
[    0.123167] audit: type=2000 audit(0.112:1): state=initialized audit_enabled=0 res=1
[    0.126517] thermal_sys: Registered thermal governor 'step_wise'
[    0.126579] thermal_sys: Registered thermal governor 'power_allocator'
[    0.127306] cpuidle: using governor menu
[    0.128505] hw-breakpoint: found 6 breakpoint and 4 watchpoint registers.
[    0.129393] ASID allocator initialised with 32768 entries
[    0.134288] Serial: AMBA PL011 UART driver
[    0.162535] 9000000.pl011: ttyAMA0 at MMIO 0x9000000 (irq = 13, base_baud = 0) is a PL011 rev1
[    0.163937] printk: console [ttyAMA0] enabled
[    0.163937] printk: console [ttyAMA0] enabled
[    0.164612] printk: bootconsole [pl11] disabled
[    0.164612] printk: bootconsole [pl11] disabled
[    0.175720] Modules: 2G module region forced by RANDOMIZE_MODULE_REGION_FULL
[    0.175933] Modules: 0 pages in range for non-PLT usage
[    0.175950] Modules: 515504 pages in range for PLT usage
[    0.179459] HugeTLB: registered 1.00 GiB page size, pre-allocated 0 pages
[    0.179738] HugeTLB: 0 KiB vmemmap can be freed for a 1.00 GiB page
[    0.179860] HugeTLB: registered 32.0 MiB page size, pre-allocated 0 pages
[    0.179969] HugeTLB: 0 KiB vmemmap can be freed for a 32.0 MiB page
[    0.180071] HugeTLB: registered 2.00 MiB page size, pre-allocated 0 pages
[    0.180179] HugeTLB: 0 KiB vmemmap can be freed for a 2.00 MiB page
[    0.180282] HugeTLB: registered 64.0 KiB page size, pre-allocated 0 pages
[    0.180390] HugeTLB: 0 KiB vmemmap can be freed for a 64.0 KiB page
[    0.188229] ACPI: Interpreter disabled.
[    0.192284] iommu: Default domain type: Translated
[    0.192430] iommu: DMA domain TLB invalidation policy: strict mode
[    0.193522] SCSI subsystem initialized
[    0.194110] libata version 3.00 loaded.
[    0.195278] usbcore: registered new interface driver usbfs
[    0.195537] usbcore: registered new interface driver hub
[    0.195731] usbcore: registered new device driver usb
[    0.197256] pps_core: LinuxPPS API ver. 1 registered
[    0.197377] pps_core: Software ver. 5.3.6 - Copyright 2005-2007 Rodolfo Giometti <giometti@linux.it>
[    0.197572] PTP clock support registered
[    0.198024] EDAC MC: Ver: 3.0.0
[    0.200564] scmi_core: SCMI protocol bus registered
[    0.202576] FPGA manager framework
[    0.203157] Advanced Linux Sound Architecture Driver Initialized.
[    0.211471] vgaarb: loaded
[    0.218500] clocksource: Switched to clocksource arch_sys_counter
[    0.219801] VFS: Disk quotas dquot_6.6.0
[    0.220012] VFS: Dquot-cache hash table entries: 512 (order 0, 4096 bytes)
[    0.221186] pnp: PnP ACPI: disabled
[    0.239282] NET: Registered PF_INET protocol family
[    0.240488] IP idents hash table entries: 32768 (order: 6, 262144 bytes, linear)
[    0.245117] tcp_listen_portaddr_hash hash table entries: 1024 (order: 2, 16384 bytes, linear)
[    0.245404] Table-perturb hash table entries: 65536 (order: 6, 262144 bytes, linear)
[    0.245572] TCP established hash table entries: 16384 (order: 5, 131072 bytes, linear)
[    0.245891] TCP bind hash table entries: 16384 (order: 7, 524288 bytes, linear)
[    0.246264] TCP: Hash tables configured (established 16384 bind 16384)
[    0.247376] UDP hash table entries: 1024 (order: 3, 32768 bytes, linear)
[    0.247719] UDP-Lite hash table entries: 1024 (order: 3, 32768 bytes, linear)
[    0.248776] NET: Registered PF_UNIX/PF_LOCAL protocol family
[    0.251700] RPC: Registered named UNIX socket transport module.
[    0.251882] RPC: Registered udp transport module.
[    0.251964] RPC: Registered tcp transport module.
[    0.252045] RPC: Registered tcp-with-tls transport module.
[    0.252136] RPC: Registered tcp NFSv4.1 backchannel transport module.
[    0.252326] PCI: CLS 0 bytes, default 64
[    0.255832] Unpacking initramfs...
[    0.258981] kvm [1]: HYP mode not available
[    0.261939] Initialise system trusted keyrings
[    0.267756] workingset: timestamp_bits=42 max_order=19 bucket_order=0
[    0.269309] squashfs: version 4.0 (2009/01/31) Phillip Lougher
[    0.275032] NFS: Registering the id_resolver key type
[    0.275433] Key type id_resolver registered
[    0.275527] Key type id_legacy registered
[    0.275797] nfs4filelayout_init: NFSv4 File Layout Driver Registering...
[    0.275958] nfs4flexfilelayout_init: NFSv4 Flexfile Layout Driver Registering...
[    0.276887] 9p: Installing v9fs 9p2000 file system support
[    0.312475] Freeing initrd memory: 1376K
[    0.318043] Key type asymmetric registered
[    0.318248] Asymmetric key parser 'x509' registered
[    0.318711] Block layer SCSI generic (bsg) driver version 0.4 loaded (major 245)
[    0.318930] io scheduler mq-deadline registered
[    0.319050] io scheduler kyber registered
[    0.319408] io scheduler bfq registered
[    0.335231] pl061_gpio 9030000.pl061: PL061 GPIO chip registered
[    0.339653] pci-host-generic 4010000000.pcie: host bridge /pcie@10000000 ranges:
[    0.340277] pci-host-generic 4010000000.pcie:       IO 0x003eff0000..0x003effffff -> 0x0000000000
[    0.340799] pci-host-generic 4010000000.pcie:      MEM 0x0010000000..0x003efeffff -> 0x0010000000
[    0.340985] pci-host-generic 4010000000.pcie:      MEM 0x8000000000..0xffffffffff -> 0x8000000000
[    0.341448] pci-host-generic 4010000000.pcie: Memory resource size exceeds max for 32 bits
[    0.341966] pci-host-generic 4010000000.pcie: ECAM at [mem 0x4010000000-0x401fffffff] for [bus 00-ff]
[    0.343135] pci-host-generic 4010000000.pcie: PCI host bridge to bus 0000:00
[    0.343424] pci_bus 0000:00: root bus resource [bus 00-ff]
[    0.343563] pci_bus 0000:00: root bus resource [io  0x0000-0xffff]
[    0.343701] pci_bus 0000:00: root bus resource [mem 0x10000000-0x3efeffff]
[    0.343814] pci_bus 0000:00: root bus resource [mem 0x8000000000-0xffffffffff]
[    0.345058] pci 0000:00:00.0: [1b36:0008] type 00 class 0x060000
[    0.348388] pci 0000:00:01.0: [8086:100e] type 00 class 0x020000
[    0.348740] pci 0000:00:01.0: reg 0x10: [mem 0x00000000-0x0001ffff]
[    0.348915] pci 0000:00:01.0: reg 0x14: [io  0x0000-0x003f]
[    0.349030] pci 0000:00:01.0: reg 0x30: [mem 0x00000000-0x0003ffff pref]
[    0.351279] pci 0000:00:01.0: BAR 6: assigned [mem 0x10000000-0x1003ffff pref]
[    0.351570] pci 0000:00:01.0: BAR 0: assigned [mem 0x10040000-0x1005ffff]
[    0.351752] pci 0000:00:01.0: BAR 1: assigned [io  0x1000-0x103f]
[    0.356730] EINJ: ACPI disabled.
[    0.392377] Serial: 8250/16550 driver, 4 ports, IRQ sharing enabled
[    0.398088] SuperH (H)SCI(F) driver initialized
[    0.399271] msm_serial: driver initialized
[    0.400140] STM32 USART driver initialized
[    0.417460] loop: module loaded
[    0.419542] megasas: 07.725.01.00-rc1
[    0.423149] physmap-flash 0.flash: physmap platform flash device: [mem 0x00000000-0x03ffffff]
[    0.424321] 0.flash: Found 2 x16 devices at 0x0 in 32-bit bank. Manufacturer ID 0x000000 Chip ID 0x000000
[    0.424866] Intel/Sharp Extended Query Table at 0x0031
[    0.425366] Using buffer write method
[    0.425693] erase region 0: offset=0x0,size=0x40000,blocks=256
[    0.425955] physmap-flash 0.flash: physmap platform flash device: [mem 0x04000000-0x07ffffff]
[    0.426471] 0.flash: Found 2 x16 devices at 0x0 in 32-bit bank. Manufacturer ID 0x000000 Chip ID 0x000000
[    0.426666] Intel/Sharp Extended Query Table at 0x0031
[    0.426978] Using buffer write method
[    0.427063] erase region 0: offset=0x0,size=0x40000,blocks=256
[    0.427196] Concatenating MTD devices:
[    0.427272] (0): "0.flash"
[    0.427327] (1): "0.flash"
[    0.427379] into device "0.flash"
[    0.451983] tun: Universal TUN/TAP device driver, 1.6
[    0.454094] thunder_xcv, ver 1.0
[    0.454220] thunder_bgx, ver 1.0
[    0.454450] nicpf, ver 1.0
[    0.456217] hns3: Hisilicon Ethernet Network Driver for Hip08 Family - version
[    0.456349] hns3: Copyright (c) 2017 Huawei Corporation.
[    0.456609] hclge is initializing
[    0.456812] e1000: Intel(R) PRO/1000 Network Driver
[    0.456900] e1000: Copyright (c) 1999-2006 Intel Corporation.
[    0.460120] e1000 0000:00:01.0: enabling device (0000 -> 0003)
[    0.771285] e1000 0000:00:01.0 eth0: (PCI:33MHz:32-bit) xx:xx:xx:xx:xx:xx
[    0.771842] e1000 0000:00:01.0 eth0: Intel(R) PRO/1000 Network Connection
[    0.772180] e1000e: Intel(R) PRO/1000 Network Driver
[    0.772272] e1000e: Copyright(c) 1999 - 2015 Intel Corporation.
[    0.772454] igb: Intel(R) Gigabit Ethernet Network Driver
[    0.772547] igb: Copyright (c) 2007-2014 Intel Corporation.
[    0.772690] igbvf: Intel(R) Gigabit Virtual Function Network Driver
[    0.772797] igbvf: Copyright (c) 2009 - 2012 Intel Corporation.
[    0.773505] sky2: driver version 1.30
[    0.776598] VFIO - User Level meta-driver version: 0.3
[    0.781441] usbcore: registered new interface driver usb-storage
[    0.788859] rtc-pl031 9010000.pl031: registered as rtc0
[    0.789434] rtc-pl031 9010000.pl031: setting system clock to 2026-09-17T12:02:35 UTC (1789646555)
[    0.791104] i2c_dev: i2c /dev entries driver
[    0.801062] sdhci: Secure Digital Host Controller Interface driver
[    0.801232] sdhci: Copyright(c) Pierre Ossman
[    0.802213] Synopsys Designware Multimedia Card Interface Driver
[    0.803555] sdhci-pltfm: SDHCI platform and OF driver helper
[    0.806538] ledtrig-cpu: registered to indicate activity on CPUs
[    0.810223] usbcore: registered new interface driver usbhid
[    0.810454] usbhid: USB HID core driver
[    0.817221] hw perfevents: enabled with armv8_pmuv3 PMU driver, 7 counters available
[    0.826633] NET: Registered PF_PACKET protocol family
[    0.827759] 9pnet: Installing 9P2000 support
[    0.828091] Key type dns_resolver registered
[    0.843318] registered taskstats version 1
[    0.844347] Loading compiled-in X.509 certificates
[    0.864962] input: gpio-keys as /devices/platform/gpio-keys/input/input0
[    2.895503] e1000: eth0 NIC Link is Up 1000 Mbps Full Duplex, Flow Control: RX
[    2.915099] IP-Config: Complete:
[    2.915264]      device=eth0, hwaddr=xx:xx:xx:xx:xx:xx, ipaddr=10.0.2.15, mask=255.255.255.0, gw=10.0.2.2
[    2.915468]      host=10.0.2.15, domain=, nis-domain=(none)
[    2.915561]      bootserver=255.255.255.255, rootserver=255.255.255.255, rootpath=
[    2.919029] clk: Disabling unused clocks
[    2.919610] ALSA device list:
[    2.919709]   No soundcards found.
[    2.922265] uart-pl011 9000000.pl011: no DMA platform data
[    2.958514] Freeing unused kernel memory: 2624K
[    2.959192] Run /init as init process
[    2.959282]   with arguments:
[    2.959343]     /init
[    2.959390]   with environment:
[    2.959450]     HOME=/
[    2.959497]     TERM=linux
<1>nx679j: journal mirror: 914 bytes (file open, kmsg=4 pmsg=-1 rd=-1)
nx679j: mounts: start (uid=0 pid=55)
nx679j: ATTEMPT mount -t proc /proc
nx679j: mount proc      rc=0
nx679j: ATTEMPT mount -t sysfs /sys
nx679j: mount sysfs     rc=0
nx679j: ATTEMPT mount -t configfs /sys/kernel/config
nx679j: mount configfs  rc=0
nx679j: ATTEMPT mount -t pstore /sys/fs/pstore
nx679j: mount pstore    rc=0
nx679j: cmdline: console=ttyAMA0 earlycon loglevel=8 panic=10 rdinit=/init ip=10.0.2.15::10.0.2.2:255.255.255.0::eth0:off
nx679j: kernel 6.6.60 aarch64
nx679j: /proc/devices: pmsg=no
nx679j: configfs usb_gadget=absent
nx679j: 0 .ko files visible in /lib/modules
nx679j: mounts: done
nx679j: FIRST JOURNAL WRITE, no module loaded yet (device tree nodes UFS=absent USB=present)
nx679j: /dev/block/by-name present: no
nx679j: /dev present: kmsg=yes pmsg0=yes console=yes
nx679j: ---- dump (first journal write: NO rawdump partition found) ----
nx679j: pmsg unavailable (no ramoops this boot)
[    3.041814] nx679j: journal mirror: 914 bytes (file open, kmsg=4 pmsg=-1 rd=-1)
[    3.042084] nx679j: mounts: start (uid=0 pid=55)
[    3.042084] nx679j: ATTEMPT mount -t proc /proc
[    3.042084] nx679j: mount proc      rc=0
[    3.042084] nx679j: ATTEMPT mount -t sysfs /sys
[    3.042084] nx679j: mount sysfs     rc=0
[    3.042084] nx679j: ATTEMPT mount -t configfs /sys/kernel/config
[    3.042084] nx679j: mount configfs  rc=0
[    3.042084] nx679j: ATTEMPT mount -t pstore /sys/fs/pstore
[    3.042084] nx679j: mount pstore    rc=0
[    3.042084] nx679j: cmdline: console=ttyAMA0 earlycon loglevel=8 panic=10 rdinit=/init ip=10.0.2.15::10.0.2.2:255.255.255.0::eth0:off
[    3.042084] nx679j: kernel 6.6.60 aarch64
[    3.042084] nx679j: /proc/devices: pmsg=no
[    3.042084] nx679j: configfs usb_gadget=absent
[    3.042084] nx679j: 0 .ko files visible in /lib/modules
[    3.042084] nx679j: mounts: done
[    3.042084] nx679j: FIRST JOURNAL WRITE, no module loaded yet (device tree nodes UFS=absent USB=present)
[    3.042084] nx679j: /dev/block/by-name present: no
[    3.042084] nx679j: /dev present: kmsg=yes pmsg0=yes console=yes
[    3.042084] nx679j: ---- dump (first journal write: NO rawdump partition found) ----
[    3.042084] nx679j: pmsg unavailable (no ramoops this boot)
<1>nx679j: journal mirror: 1137 bytes (file open, kmsg=4 pmsg=-1 rd=-1)
nx679j: mounts: start (uid=0 pid=55)
nx679j: ATTEMPT mount -t proc /proc
nx679j: mount proc      rc=0
nx679j: ATTEMPT mount -t sysfs /sys
nx679j: mount sysfs     rc=0
nx679j: ATTEMPT mount -t configfs /sys/kernel/config
nx679j: mount configfs  rc=0
nx679j: ATTEMPT mount -t pstore /sys/fs/pstore
nx679j: mount pstore    rc=0
nx679j: cmdline: console=ttyAMA0 earlycon loglevel=8 panic=10 rdinit=/init ip=10.0.2.15::10.0.2.2:255.255.255.0::eth0:off
nx679j: kernel 6.6.60 aarch64
nx679j: /proc/devices: pmsg=no
nx679j: configfs usb_gadget=absent
nx679j: 0 .ko files visible in /lib/modules
nx679j: mounts: done
nx679j: FIRST JOURNAL WRITE, no module loaded yet (device tree nodes UFS=absent USB=present)
nx679j: /dev/block/by-name present: no
nx679j: /dev present: kmsg=yes pmsg0=yes console=yes
nx679j: ---- dump (first journal write: NO rawdump partition found) ----
nx679j: pmsg unavailable (no ramoops this boot)
nx679j: journal is durable on rawdump: no
nx679j: PID1-OP-FAILED op=journal rc=1 journal=0 gadget=0
nx679j: ---- dump (PID1-OP-FAILED op=journal rc=1 journal=0 gadget=0) ----
nx679j: pmsg unavailable (no ramoops this boot)
[    3.088587] nx679j: journal mirror: 1137 bytes (file open, kmsg=4 pmsg=-1 rd=-1)
<1>nx679j: journal mirror: 1885 bytes (file open, kmsg=4 pmsg=-1 rd=-1)
nx679j: mounts: start (uid=0 pid=55)
nx679j: ATTEMPT mount -t proc /proc
nx679j: mount proc      rc=0
nx679j: ATTEMPT mount -t sysfs /sys
nx679j: mount sysfs     rc=0
nx679j: ATTEMPT mount -t configfs /sys/kernel/config
nx679j: mount configfs  rc=0
nx679j: ATTEMPT mount -t pstore /sys/fs/pstore
nx679j: mount pstore    rc=0
nx679j: cmdline: console=ttyAMA0 earlycon loglevel=8 panic=10 rdinit=/init ip=10.0.2.15::10.0.2.2:255.255.255.0::eth0:off
nx679j: kernel 6.6.60 aarch64
nx679j: /proc/devices: pmsg=no
nx679j: configfs usb_gadget=absent
nx679j: 0 .ko files visible in /lib/modules
nx679j: mounts: done
nx679j: FIRST JOURNAL WRITE, no module loaded yet (device tree nodes UFS=absent USB=present)
nx679j: /dev/block/by-name present: no
nx679j: /dev present: kmsg=yes pmsg0=yes console=yes
nx679j: ---- dump (first journal write: NO rawdump partition found) ----
nx679j: pmsg unavailable (no ramoops this boot)
nx679j: journal is durable on rawdump: no
nx679j: PID1-OP-FAILED op=journal rc=1 journal=0 gadget=0
nx679j: ---- dump (PID1-OP-FAILED op=journal rc=1 journal=0 gadget=0) ----
nx679j: pmsg unavailable (no ramoops this boot)
nx679j: gadget: start
nx679j: usb_role nodes set to device: 0
nx679j: ATTEMPT wait for a real UDC (1/12)
nx679j: ATTEMPT wait for a real UDC (2/12)
nx679j: ATTEMPT wait for a real UDC (3/12)
nx679j: ATTEMPT wait for a real UDC (4/12)
nx679j: ATTEMPT wait for a real UDC (5/12)
nx679j: ATTEMPT wait for a real UDC (6/12)
nx679j: ATTEMPT wait for a real UDC (7/12)
nx679j: ATTEMPT wait for a real UDC (8/12)
nx679j: ATTEMPT wait for a real UDC (9/12)
nx679j: ATTEMPT wait for a real UDC (10/12)
nx679j: ATTEMPT wait for a real UDC (11/12)
nx679j: ATTEMPT wait for a real UDC (12/12)
nx679j: gadget: NO UDC after 12 s (dwc3_msm not up?)
nx679j: gadget: rc=-1
nx679j: ---- dump (end of gadget step) ----
nx679j: pmsg unavailable (no ramoops this boot)
[   15.152590] nx679j: journal mirror: 1885 bytes (file open, kmsg=4 pmsg=-1 rd=-1)
<1>nx679j: journal mirror: 2064 bytes (file open, kmsg=4 pmsg=-1 rd=-1)
nx679j: mounts: start (uid=0 pid=55)
nx679j: ATTEMPT mount -t proc /proc
nx679j: mount proc      rc=0
nx679j: ATTEMPT mount -t sysfs /sys
nx679j: mount sysfs     rc=0
nx679j: ATTEMPT mount -t configfs /sys/kernel/config
nx679j: mount configfs  rc=0
nx679j: ATTEMPT mount -t pstore /sys/fs/pstore
nx679j: mount pstore    rc=0
nx679j: cmdline: console=ttyAMA0 earlycon loglevel=8 panic=10 rdinit=/init ip=10.0.2.15::10.0.2.2:255.255.255.0::eth0:off
nx679j: kernel 6.6.60 aarch64
nx679j: /proc/devices: pmsg=no
nx679j: configfs usb_gadget=absent
nx679j: 0 .ko files visible in /lib/modules
nx679j: mounts: done
nx679j: FIRST JOURNAL WRITE, no module loaded yet (device tree nodes UFS=absent USB=present)
nx679j: /dev/block/by-name present: no
nx679j: /dev present: kmsg=yes pmsg0=yes console=yes
nx679j: ---- dump (first journal write: NO rawdump partition found) ----
nx679j: pmsg unavailable (no ramoops this boot)
nx679j: journal is durable on rawdump: no
nx679j: PID1-OP-FAILED op=journal rc=1 journal=0 gadget=0
nx679j: ---- dump (PID1-OP-FAILED op=journal rc=1 journal=0 gadget=0) ----
nx679j: pmsg unavailable (no ramoops this boot)
nx679j: gadget: start
nx679j: usb_role nodes set to device: 0
nx679j: ATTEMPT wait for a real UDC (1/12)
nx679j: ATTEMPT wait for a real UDC (2/12)
nx679j: ATTEMPT wait for a real UDC (3/12)
nx679j: ATTEMPT wait for a real UDC (4/12)
nx679j: ATTEMPT wait for a real UDC (5/12)
nx679j: ATTEMPT wait for a real UDC (6/12)
nx679j: ATTEMPT wait for a real UDC (7/12)
nx679j: ATTEMPT wait for a real UDC (8/12)
nx679j: ATTEMPT wait for a real UDC (9/12)
nx679j: ATTEMPT wait for a real UDC (10/12)
nx679j: ATTEMPT wait for a real UDC (11/12)
nx679j: ATTEMPT wait for a real UDC (12/12)
nx679j: gadget: NO UDC after 12 s (dwc3_msm not up?)
nx679j: gadget: rc=-1
nx679j: ---- dump (end of gadget step) ----
nx679j: pmsg unavailable (no ramoops this boot)
nx679j: PID1-OP-FAILED op=gadget rc=1 journal=0 gadget=0
nx679j: ---- dump (PID1-OP-FAILED op=gadget rc=1 journal=0 gadget=0) ----
nx679j: pmsg unavailable (no ramoops this boot)
[   15.164252] nx679j: journal mirror: 2064 bytes (file open, kmsg=4 pmsg=-1 rd=-1)
<1>nx679j: journal mirror: 2301 bytes (file open, kmsg=4 pmsg=-1 rd=-1)
nx679j: mounts: start (uid=0 pid=55)
nx679j: ATTEMPT mount -t proc /proc
nx679j: mount proc      rc=0
nx679j: ATTEMPT mount -t sysfs /sys
nx679j: mount sysfs     rc=0
nx679j: ATTEMPT mount -t configfs /sys/kernel/config
nx679j: mount configfs  rc=0
nx679j: ATTEMPT mount -t pstore /sys/fs/pstore
nx679j: mount pstore    rc=0
nx679j: cmdline: console=ttyAMA0 earlycon loglevel=8 panic=10 rdinit=/init ip=10.0.2.15::10.0.2.2:255.255.255.0::eth0:off
nx679j: kernel 6.6.60 aarch64
nx679j: /proc/devices: pmsg=no
nx679j: configfs usb_gadget=absent
nx679j: 0 .ko files visible in /lib/modules
nx679j: mounts: done
nx679j: FIRST JOURNAL WRITE, no module loaded yet (device tree nodes UFS=absent USB=present)
nx679j: /dev/block/by-name present: no
nx679j: /dev present: kmsg=yes pmsg0=yes console=yes
nx679j: ---- dump (first journal write: NO rawdump partition found) ----
nx679j: pmsg unavailable (no ramoops this boot)
nx679j: journal is durable on rawdump: no
nx679j: PID1-OP-FAILED op=journal rc=1 journal=0 gadget=0
nx679j: ---- dump (PID1-OP-FAILED op=journal rc=1 journal=0 gadget=0) ----
nx679j: pmsg unavailable (no ramoops this boot)
nx679j: gadget: start
nx679j: usb_role nodes set to device: 0
nx679j: ATTEMPT wait for a real UDC (1/12)
nx679j: ATTEMPT wait for a real UDC (2/12)
nx679j: ATTEMPT wait for a real UDC (3/12)
nx679j: ATTEMPT wait for a real UDC (4/12)
nx679j: ATTEMPT wait for a real UDC (5/12)
nx679j: ATTEMPT wait for a real UDC (6/12)
nx679j: ATTEMPT wait for a real UDC (7/12)
nx679j: ATTEMPT wait for a real UDC (8/12)
nx679j: ATTEMPT wait for a real UDC (9/12)
nx679j: ATTEMPT wait for a real UDC (10/12)
nx679j: ATTEMPT wait for a real UDC (11/12)
nx679j: ATTEMPT wait for a real UDC (12/12)
nx679j: gadget: NO UDC after 12 s (dwc3_msm not up?)
nx679j: gadget: rc=-1
nx679j: ---- dump (end of gadget step) ----
nx679j: pmsg unavailable (no ramoops this boot)
nx679j: PID1-OP-FAILED op=gadget rc=1 journal=0 gadget=0
nx679j: ---- dump (PID1-OP-FAILED op=gadget rc=1 journal=0 gadget=0) ----
nx679j: pmsg unavailable (no ramoops this boot)
nx679j: chain: start
nx679j: chain: 47 modules to try, 0 .ko visible
nx679j: MOD phy_qcom_emu                       MISSING (no .ko in /lib/modules)
nx679j: ---- dump (chain progress) ----
nx679j: pmsg unavailable (no ramoops this boot)
[   15.217666] nx679j: journal mirror: 2301 bytes (file open, kmsg=4 pmsg=-1 rd=-1)
<1>nx679j: journal mirror: 3029 bytes (file open, kmsg=4 pmsg=-1 rd=-1)
nx679j: mounts: start (uid=0 pid=55)
nx679j: ATTEMPT mount -t proc /proc
nx679j: mount proc      rc=0
nx679j: ATTEMPT mount -t sysfs /sys
nx679j: mount sysfs     rc=0
nx679j: ATTEMPT mount -t configfs /sys/kernel/config
nx679j: mount configfs  rc=0
nx679j: ATTEMPT mount -t pstore /sys/fs/pstore
nx679j: mount pstore    rc=0
nx679j: cmdline: console=ttyAMA0 earlycon loglevel=8 panic=10 rdinit=/init ip=10.0.2.15::10.0.2.2:255.255.255.0::eth0:off
nx679j: kernel 6.6.60 aarch64
nx679j: /proc/devices: pmsg=no
nx679j: configfs usb_gadget=absent
nx679j: 0 .ko files visible in /lib/modules
nx679j: mounts: done
nx679j: FIRST JOURNAL WRITE, no module loaded yet (device tree nodes UFS=absent USB=present)
nx679j: /dev/block/by-name present: no
nx679j: /dev present: kmsg=yes pmsg0=yes console=yes
nx679j: ---- dump (first journal write: NO rawdump partition found) ----
nx679j: pmsg unavailable (no ramoops this boot)
nx679j: journal is durable on rawdump: no
nx679j: PID1-OP-FAILED op=journal rc=1 journal=0 gadget=0
nx679j: ---- dump (PID1-OP-FAILED op=journal rc=1 journal=0 gadget=0) ----
nx679j: pmsg unavailable (no ramoops this boot)
nx679j: gadget: start
nx679j: usb_role nodes set to device: 0
nx679j: ATTEMPT wait for a real UDC (1/12)
nx679j: ATTEMPT wait for a real UDC (2/12)
nx679j: ATTEMPT wait for a real UDC (3/12)
nx679j: ATTEMPT wait for a real UDC (4/12)
nx679j: ATTEMPT wait for a real UDC (5/12)
nx679j: ATTEMPT wait for a real UDC (6/12)
nx679j: ATTEMPT wait for a real UDC (7/12)
nx679j: ATTEMPT wait for a real UDC (8/12)
nx679j: ATTEMPT wait for a real UDC (9/12)
nx679j: ATTEMPT wait for a real UDC (10/12)
nx679j: ATTEMPT wait for a real UDC (11/12)
nx679j: ATTEMPT wait for a real UDC (12/12)
nx679j: gadget: NO UDC after 12 s (dwc3_msm not up?)
nx679j: gadget: rc=-1
nx679j: ---- dump (end of gadget step) ----
nx679j: pmsg unavailable (no ramoops this boot)
nx679j: PID1-OP-FAILED op=gadget rc=1 journal=0 gadget=0
nx679j: ---- dump (PID1-OP-FAILED op=gadget rc=1 journal=0 gadget=0) ----
nx679j: pmsg unavailable (no ramoops this boot)
nx679j: chain: start
nx679j: chain: 47 modules to try, 0 .ko visible
nx679j: MOD phy_qcom_emu                       MISSING (no .ko in /lib/modules)
nx679j: ---- dump (chain progress) ----
nx679j: pmsg unavailable (no ramoops this boot)
nx679j: MOD repeater                           MISSING (no .ko in /lib/modules)
nx679j: MOD qcom_scm                           MISSING (no .ko in /lib/modules)
nx679j: MOD phy_msm_snps_eusb2                 MISSING (no .ko in /lib/modules)
nx679j: MOD phy_qcom_ufs                       MISSING (no .ko in /lib/modules)
nx679j: MOD phy_qcom_ufs_qmp_v4_lahaina        MISSING (no .ko in /lib/modules)
nx679j: MOD qcom_hwspinlock                    MISSING (no .ko in /lib/modules)
nx679j: MOD smem                               MISSING (no .ko in /lib/modules)
nx679j: MOD minidump                           MISSING (no .ko in /lib/modules)
nx679j: ---- dump (chain progress) ----
nx679j: pmsg unavailable (no ramoops this boot)
[   15.222477] nx679j: journal mirror: 3029 bytes (file open, kmsg=4 pmsg=-1 rd=-1)
<1>nx679j: journal mirror: 3739 bytes (file open, kmsg=4 pmsg=-1 rd=-1)
nx679j: mounts: start (uid=0 pid=55)
nx679j: ATTEMPT mount -t proc /proc
nx679j: mount proc      rc=0
nx679j: ATTEMPT mount -t sysfs /sys
nx679j: mount sysfs     rc=0
nx679j: ATTEMPT mount -t configfs /sys/kernel/config
nx679j: mount configfs  rc=0
nx679j: ATTEMPT mount -t pstore /sys/fs/pstore
nx679j: mount pstore    rc=0
nx679j: cmdline: console=ttyAMA0 earlycon loglevel=8 panic=10 rdinit=/init ip=10.0.2.15::10.0.2.2:255.255.255.0::eth0:off
nx679j: kernel 6.6.60 aarch64
nx679j: /proc/devices: pmsg=no
nx679j: configfs usb_gadget=absent
nx679j: 0 .ko files visible in /lib/modules
nx679j: mounts: done
nx679j: FIRST JOURNAL WRITE, no module loaded yet (device tree nodes UFS=absent USB=present)
nx679j: /dev/block/by-name present: no
nx679j: /dev present: kmsg=yes pmsg0=yes console=yes
nx679j: ---- dump (first journal write: NO rawdump partition found) ----
nx679j: pmsg unavailable (no ramoops this boot)
nx679j: journal is durable on rawdump: no
nx679j: PID1-OP-FAILED op=journal rc=1 journal=0 gadget=0
nx679j: ---- dump (PID1-OP-FAILED op=journal rc=1 journal=0 gadget=0) ----
nx679j: pmsg unavailable (no ramoops this boot)
nx679j: gadget: start
nx679j: usb_role nodes set to device: 0
nx679j: ATTEMPT wait for a real UDC (1/12)
nx679j: ATTEMPT wait for a real UDC (2/12)
nx679j: ATTEMPT wait for a real UDC (3/12)
nx679j: ATTEMPT wait for a real UDC (4/12)
nx679j: ATTEMPT wait for a real UDC (5/12)
nx679j: ATTEMPT wait for a real UDC (6/12)
nx679j: ATTEMPT wait for a real UDC (7/12)
nx679j: ATTEMPT wait for a real UDC (8/12)
nx679j: ATTEMPT wait for a real UDC (9/12)
nx679j: ATTEMPT wait for a real UDC (10/12)
nx679j: ATTEMPT wait for a real UDC (11/12)
nx679j: ATTEMPT wait for a real UDC (12/12)
nx679j: gadget: NO UDC after 12 s (dwc3_msm not up?)
nx679j: gadget: rc=-1
nx679j: ---- dump (end of gadget step) ----
nx679j: pmsg unavailable (no ramoops this boot)
nx679j: PID1-OP-FAILED op=gadget rc=1 journal=0 gadget=0
nx679j: ---- dump (PID1-OP-FAILED op=gadget rc=1 journal=0 gadget=0) ----
nx679j: pmsg unavailable (no ramoops this boot)
nx679j: chain: start
nx679j: chain: 47 modules to try, 0 .ko visible
nx679j: MOD phy_qcom_emu                       MISSING (no .ko in /lib/modules)
nx679j: ---- dump (chain progress) ----
nx679j: pmsg unavailable (no ramoops this boot)
nx679j: MOD repeater                           MISSING (no .ko in /lib/modules)
nx679j: MOD qcom_scm                           MISSING (no .ko in /lib/modules)
nx679j: MOD phy_msm_snps_eusb2                 MISSING (no .ko in /lib/modules)
nx679j: MOD phy_qcom_ufs                       MISSING (no .ko in /lib/modules)
nx679j: MOD phy_qcom_ufs_qmp_v4_lahaina        MISSING (no .ko in /lib/modules)
nx679j: MOD qcom_hwspinlock                    MISSING (no .ko in /lib/modules)
nx679j: MOD smem                               MISSING (no .ko in /lib/modules)
nx679j: MOD minidump                           MISSING (no .ko in /lib/modules)
nx679j: ---- dump (chain progress) ----
nx679j: pmsg unavailable (no ramoops this boot)
nx679j: MOD qcom_ipc_logging                   MISSING (no .ko in /lib/modules)
nx679j: MOD qcom_glink                         MISSING (no .ko in /lib/modules)
nx679j: MOD qcom_glink_spss                    MISSING (no .ko in /lib/modules)
nx679j: MOD phy_qcom_ufs_qmp_14nm              MISSING (no .ko in /lib/modules)
nx679j: MOD phy_qcom_ufs_qmp_v3                MISSING (no .ko in /lib/modules)
nx679j: MOD nvmem_qfprom                       already-loaded
nx679j: MOD qti_regmap_debugfs                 MISSING (no .ko in /lib/modules)
nx679j: MOD ns                                 MISSING (no .ko in /lib/modules)
nx679j: ---- dump (chain progress) ----
nx679j: pmsg unavailable (no ramoops this boot)
[   15.227945] nx679j: journal mirror: 3739 bytes (file open, kmsg=4 pmsg=-1 rd=-1)
<1>nx679j: journal mirror: 4467 bytes (file open, kmsg=4 pmsg=-1 rd=-1)
nx679j: mounts: start (uid=0 pid=55)
nx679j: ATTEMPT mount -t proc /proc
nx679j: mount proc      rc=0
nx679j: ATTEMPT mount -t sysfs /sys
nx679j: mount sysfs     rc=0
nx679j: ATTEMPT mount -t configfs /sys/kernel/config
nx679j: mount configfs  rc=0
nx679j: ATTEMPT mount -t pstore /sys/fs/pstore
nx679j: mount pstore    rc=0
nx679j: cmdline: console=ttyAMA0 earlycon loglevel=8 panic=10 rdinit=/init ip=10.0.2.15::10.0.2.2:255.255.255.0::eth0:off
nx679j: kernel 6.6.60 aarch64
nx679j: /proc/devices: pmsg=no
nx679j: configfs usb_gadget=absent
nx679j: 0 .ko files visible in /lib/modules
nx679j: mounts: done
nx679j: FIRST JOURNAL WRITE, no module loaded yet (device tree nodes UFS=absent USB=present)
nx679j: /dev/block/by-name present: no
nx679j: /dev present: kmsg=yes pmsg0=yes console=yes
nx679j: ---- dump (first journal write: NO rawdump partition found) ----
nx679j: pmsg unavailable (no ramoops this boot)
nx679j: journal is durable on rawdump: no
nx679j: PID1-OP-FAILED op=journal rc=1 journal=0 gadget=0
nx679j: ---- dump (PID1-OP-FAILED op=journal rc=1 journal=0 gadget=0) ----
nx679j: pmsg unavailable (no ramoops this boot)
nx679j: gadget: start
nx679j: usb_role nodes set to device: 0
nx679j: ATTEMPT wait for a real UDC (1/12)
nx679j: ATTEMPT wait for a real UDC (2/12)
nx679j: ATTEMPT wait for a real UDC (3/12)
nx679j: ATTEMPT wait for a real UDC (4/12)
nx679j: ATTEMPT wait for a real UDC (5/12)
nx679j: ATTEMPT wait for a real UDC (6/12)
nx679j: ATTEMPT wait for a real UDC (7/12)
nx679j: ATTEMPT wait for a real UDC (8/12)
nx679j: ATTEMPT wait for a real UDC (9/12)
nx679j: ATTEMPT wait for a real UDC (10/12)
nx679j: ATTEMPT wait for a real UDC (11/12)
nx679j: ATTEMPT wait for a real UDC (12/12)
nx679j: gadget: NO UDC after 12 s (dwc3_msm not up?)
nx679j: gadget: rc=-1
nx679j: ---- dump (end of gadget step) ----
nx679j: pmsg unavailable (no ramoops this boot)
nx679j: PID1-OP-FAILED op=gadget rc=1 journal=0 gadget=0
nx679j: ---- dump (PID1-OP-FAILED op=gadget rc=1 journal=0 gadget=0) ----
nx679j: pmsg unavailable (no ramoops this boot)
nx679j: chain: start
nx679j: chain: 47 modules to try, 0 .ko visible
nx679j: MOD phy_qcom_emu                       MISSING (no .ko in /lib/modules)
nx679j: ---- dump (chain progress) ----
nx679j: pmsg unavailable (no ramoops this boot)
nx679j: MOD repeater                           MISSING (no .ko in /lib/modules)
nx679j: MOD qcom_scm                           MISSING (no .ko in /lib/modules)
nx679j: MOD phy_msm_snps_eusb2                 MISSING (no .ko in /lib/modules)
nx679j: MOD phy_qcom_ufs                       MISSING (no .ko in /lib/modules)
nx679j: MOD phy_qcom_ufs_qmp_v4_lahaina        MISSING (no .ko in /lib/modules)
nx679j: MOD qcom_hwspinlock                    MISSING (no .ko in /lib/modules)
nx679j: MOD smem                               MISSING (no .ko in /lib/modules)
nx679j: MOD minidump                           MISSING (no .ko in /lib/modules)
nx679j: ---- dump (chain progress) ----
nx679j: pmsg unavailable (no ramoops this boot)
nx679j: MOD qcom_ipc_logging                   MISSING (no .ko in /lib/modules)
nx679j: MOD qcom_glink                         MISSING (no .ko in /lib/modules)
nx679j: MOD qcom_glink_spss                    MISSING (no .ko in /lib/modules)
nx679j: MOD phy_qcom_ufs_qmp_14nm              MISSING (no .ko in /lib/modules)
nx679j: MOD phy_qcom_ufs_qmp_v3                MISSING (no .ko in /lib/modules)
nx679j: MOD nvmem_qfprom                       already-loaded
nx679j: MOD qti_regmap_debugfs                 MISSING (no .ko in /lib/modules)
nx679j: MOD ns                                 MISSING (no .ko in /lib/modules)
nx679j: ---- dump (chain progress) ----
nx679j: pmsg unavailable (no ramoops this boot)
nx679j: MOD qrtr                               MISSING (no .ko in /lib/modules)
nx679j: MOD qmi_helpers                        MISSING (no .ko in /lib/modules)
nx679j: MOD qcom_smd                           MISSING (no .ko in /lib/modules)
nx679j: MOD qcom_glink_smem                    MISSING (no .ko in /lib/modules)
nx679j: MOD rproc_qcom_common                  MISSING (no .ko in /lib/modules)
nx679j: MOD pdr_interface                      MISSING (no .ko in /lib/modules)
nx679j: MOD pmic_glink                         MISSING (no .ko in /lib/modules)
nx679j: MOD ucsi_glink                         MISSING (no .ko in /lib/modules)
nx679j: ---- dump (chain progress) ----
nx679j: pmsg unavailable (no ramoops this boot)
[   15.234138] nx679j: journal mirror: 4467 bytes (file open, kmsg=4 pmsg=-1 rd=-1)
<1>nx679j: journal mirror: 5195 bytes (file open, kmsg=4 pmsg=-1 rd=-1)
nx679j: mounts: start (uid=0 pid=55)
nx679j: ATTEMPT mount -t proc /proc
nx679j: mount proc      rc=0
nx679j: ATTEMPT mount -t sysfs /sys
nx679j: mount sysfs     rc=0
nx679j: ATTEMPT mount -t configfs /sys/kernel/config
nx679j: mount configfs  rc=0
nx679j: ATTEMPT mount -t pstore /sys/fs/pstore
nx679j: mount pstore    rc=0
nx679j: cmdline: console=ttyAMA0 earlycon loglevel=8 panic=10 rdinit=/init ip=10.0.2.15::10.0.2.2:255.255.255.0::eth0:off
nx679j: kernel 6.6.60 aarch64
nx679j: /proc/devices: pmsg=no
nx679j: configfs usb_gadget=absent
nx679j: 0 .ko files visible in /lib/modules
nx679j: mounts: done
nx679j: FIRST JOURNAL WRITE, no module loaded yet (device tree nodes UFS=absent USB=present)
nx679j: /dev/block/by-name present: no
nx679j: /dev present: kmsg=yes pmsg0=yes console=yes
nx679j: ---- dump (first journal write: NO rawdump partition found) ----
nx679j: pmsg unavailable (no ramoops this boot)
nx679j: journal is durable on rawdump: no
nx679j: PID1-OP-FAILED op=journal rc=1 journal=0 gadget=0
nx679j: ---- dump (PID1-OP-FAILED op=journal rc=1 journal=0 gadget=0) ----
nx679j: pmsg unavailable (no ramoops this boot)
nx679j: gadget: start
nx679j: usb_role nodes set to device: 0
nx679j: ATTEMPT wait for a real UDC (1/12)
nx679j: ATTEMPT wait for a real UDC (2/12)
nx679j: ATTEMPT wait for a real UDC (3/12)
nx679j: ATTEMPT wait for a real UDC (4/12)
nx679j: ATTEMPT wait for a real UDC (5/12)
nx679j: ATTEMPT wait for a real UDC (6/12)
nx679j: ATTEMPT wait for a real UDC (7/12)
nx679j: ATTEMPT wait for a real UDC (8/12)
nx679j: ATTEMPT wait for a real UDC (9/12)
nx679j: ATTEMPT wait for a real UDC (10/12)
nx679j: ATTEMPT wait for a real UDC (11/12)
nx679j: ATTEMPT wait for a real UDC (12/12)
nx679j: gadget: NO UDC after 12 s (dwc3_msm not up?)
nx679j: gadget: rc=-1
nx679j: ---- dump (end of gadget step) ----
nx679j: pmsg unavailable (no ramoops this boot)
nx679j: PID1-OP-FAILED op=gadget rc=1 journal=0 gadget=0
nx679j: ---- dump (PID1-OP-FAILED op=gadget rc=1 journal=0 gadget=0) ----
nx679j: pmsg unavailable (no ramoops this boot)
nx679j: chain: start
nx679j: chain: 47 modules to try, 0 .ko visible
nx679j: MOD phy_qcom_emu                       MISSING (no .ko in /lib/modules)
nx679j: ---- dump (chain progress) ----
nx679j: pmsg unavailable (no ramoops this boot)
nx679j: MOD repeater                           MISSING (no .ko in /lib/modules)
nx679j: MOD qcom_scm                           MISSING (no .ko in /lib/modules)
nx679j: MOD phy_msm_snps_eusb2                 MISSING (no .ko in /lib/modules)
nx679j: MOD phy_qcom_ufs                       MISSING (no .ko in /lib/modules)
nx679j: MOD phy_qcom_ufs_qmp_v4_lahaina        MISSING (no .ko in /lib/modules)
nx679j: MOD qcom_hwspinlock                    MISSING (no .ko in /lib/modules)
nx679j: MOD smem                               MISSING (no .ko in /lib/modules)
nx679j: MOD minidump                           MISSING (no .ko in /lib/modules)
nx679j: ---- dump (chain progress) ----
nx679j: pmsg unavailable (no ramoops this boot)
nx679j: MOD qcom_ipc_logging                   MISSING (no .ko in /lib/modules)
nx679j: MOD qcom_glink                         MISSING (no .ko in /lib/modules)
nx679j: MOD qcom_glink_spss                    MISSING (no .ko in /lib/modules)
nx679j: MOD phy_qcom_ufs_qmp_14nm              MISSING (no .ko in /lib/modules)
nx679j: MOD phy_qcom_ufs_qmp_v3                MISSING (no .ko in /lib/modules)
nx679j: MOD nvmem_qfprom                       already-loaded
nx679j: MOD qti_regmap_debugfs                 MISSING (no .ko in /lib/modules)
nx679j: MOD ns                                 MISSING (no .ko in /lib/modules)
nx679j: ---- dump (chain progress) ----
nx679j: pmsg unavailable (no ramoops this boot)
nx679j: MOD qrtr                               MISSING (no .ko in /lib/modules)
nx679j: MOD qmi_helpers                        MISSING (no .ko in /lib/modules)
nx679j: MOD qcom_smd                           MISSING (no .ko in /lib/modules)
nx679j: MOD qcom_glink_smem                    MISSING (no .ko in /lib/modules)
nx679j: MOD rproc_qcom_common                  MISSING (no .ko in /lib/modules)
nx679j: MOD pdr_interface                      MISSING (no .ko in /lib/modules)
nx679j: MOD pmic_glink                         MISSING (no .ko in /lib/modules)
nx679j: MOD ucsi_glink                         MISSING (no .ko in /lib/modules)
nx679j: ---- dump (chain progress) ----
nx679j: pmsg unavailable (no ramoops this boot)
nx679j: MOD fsa4480_i2c                        MISSING (no .ko in /lib/modules)
nx679j: MOD altmode_glink                      MISSING (no .ko in /lib/modules)
nx679j: MOD proxy_consumer                     MISSING (no .ko in /lib/modules)
nx679j: MOD debug_regulator                    MISSING (no .ko in /lib/modules)
nx679j: MOD gdsc_regulator                     MISSING (no .ko in /lib/modules)
nx679j: MOD clk_qcom                           MISSING (no .ko in /lib/modules)
nx679j: MOD ssusb_redriver_nb7vpq904m          MISSING (no .ko in /lib/modules)
nx679j: MOD phy_generic                        MISSING (no .ko in /lib/modules)
nx679j: ---- dump (chain progress) ----
nx679j: pmsg unavailable (no ramoops this boot)
[   15.241094] nx679j: journal mirror: 5195 bytes (file open, kmsg=4 pmsg=-1 rd=-1)
<1>nx679j: journal mirror: 5923 bytes (file open, kmsg=4 pmsg=-1 rd=-1)
nx679j: mounts: start (uid=0 pid=55)
nx679j: ATTEMPT mount -t proc /proc
nx679j: mount proc      rc=0
nx679j: ATTEMPT mount -t sysfs /sys
nx679j: mount sysfs     rc=0
nx679j: ATTEMPT mount -t configfs /sys/kernel/config
nx679j: mount configfs  rc=0
nx679j: ATTEMPT mount -t pstore /sys/fs/pstore
nx679j: mount pstore    rc=0
nx679j: cmdline: console=ttyAMA0 earlycon loglevel=8 panic=10 rdinit=/init ip=10.0.2.15::10.0.2.2:255.255.255.0::eth0:off
nx679j: kernel 6.6.60 aarch64
nx679j: /proc/devices: pmsg=no
nx679j: configfs usb_gadget=absent
nx679j: 0 .ko files visible in /lib/modules
nx679j: mounts: done
nx679j: FIRST JOURNAL WRITE, no module loaded yet (device tree nodes UFS=absent USB=present)
nx679j: /dev/block/by-name present: no
nx679j: /dev present: kmsg=yes pmsg0=yes console=yes
nx679j: ---- dump (first journal write: NO rawdump partition found) ----
nx679j: pmsg unavailable (no ramoops this boot)
nx679j: journal is durable on rawdump: no
nx679j: PID1-OP-FAILED op=journal rc=1 journal=0 gadget=0
nx679j: ---- dump (PID1-OP-FAILED op=journal rc=1 journal=0 gadget=0) ----
nx679j: pmsg unavailable (no ramoops this boot)
nx679j: gadget: start
nx679j: usb_role nodes set to device: 0
nx679j: ATTEMPT wait for a real UDC (1/12)
nx679j: ATTEMPT wait for a real UDC (2/12)
nx679j: ATTEMPT wait for a real UDC (3/12)
nx679j: ATTEMPT wait for a real UDC (4/12)
nx679j: ATTEMPT wait for a real UDC (5/12)
nx679j: ATTEMPT wait for a real UDC (6/12)
nx679j: ATTEMPT wait for a real UDC (7/12)
nx679j: ATTEMPT wait for a real UDC (8/12)
nx679j: ATTEMPT wait for a real UDC (9/12)
nx679j: ATTEMPT wait for a real UDC (10/12)
nx679j: ATTEMPT wait for a real UDC (11/12)
nx679j: ATTEMPT wait for a real UDC (12/12)
nx679j: gadget: NO UDC after 12 s (dwc3_msm not up?)
nx679j: gadget: rc=-1
nx679j: ---- dump (end of gadget step) ----
nx679j: pmsg unavailable (no ramoops this boot)
nx679j: PID1-OP-FAILED op=gadget rc=1 journal=0 gadget=0
nx679j: ---- dump (PID1-OP-FAILED op=gadget rc=1 journal=0 gadget=0) ----
nx679j: pmsg unavailable (no ramoops this boot)
nx679j: chain: start
nx679j: chain: 47 modules to try, 0 .ko visible
nx679j: MOD phy_qcom_emu                       MISSING (no .ko in /lib/modules)
nx679j: ---- dump (chain progress) ----
nx679j: pmsg unavailable (no ramoops this boot)
nx679j: MOD repeater                           MISSING (no .ko in /lib/modules)
nx679j: MOD qcom_scm                           MISSING (no .ko in /lib/modules)
nx679j: MOD phy_msm_snps_eusb2                 MISSING (no .ko in /lib/modules)
nx679j: MOD phy_qcom_ufs                       MISSING (no .ko in /lib/modules)
nx679j: MOD phy_qcom_ufs_qmp_v4_lahaina        MISSING (no .ko in /lib/modules)
nx679j: MOD qcom_hwspinlock                    MISSING (no .ko in /lib/modules)
nx679j: MOD smem                               MISSING (no .ko in /lib/modules)
nx679j: MOD minidump                           MISSING (no .ko in /lib/modules)
nx679j: ---- dump (chain progress) ----
nx679j: pmsg unavailable (no ramoops this boot)
nx679j: MOD qcom_ipc_logging                   MISSING (no .ko in /lib/modules)
nx679j: MOD qcom_glink                         MISSING (no .ko in /lib/modules)
nx679j: MOD qcom_glink_spss                    MISSING (no .ko in /lib/modules)
nx679j: MOD phy_qcom_ufs_qmp_14nm              MISSING (no .ko in /lib/modules)
nx679j: MOD phy_qcom_ufs_qmp_v3                MISSING (no .ko in /lib/modules)
nx679j: MOD nvmem_qfprom                       already-loaded
nx679j: MOD qti_regmap_debugfs                 MISSING (no .ko in /lib/modules)
nx679j: MOD ns                                 MISSING (no .ko in /lib/modules)
nx679j: ---- dump (chain progress) ----
nx679j: pmsg unavailable (no ramoops this boot)
nx679j: MOD qrtr                               MISSING (no .ko in /lib/modules)
nx679j: MOD qmi_helpers                        MISSING (no .ko in /lib/modules)
nx679j: MOD qcom_smd                           MISSING (no .ko in /lib/modules)
nx679j: MOD qcom_glink_smem                    MISSING (no .ko in /lib/modules)
nx679j: MOD rproc_qcom_common                  MISSING (no .ko in /lib/modules)
nx679j: MOD pdr_interface                      MISSING (no .ko in /lib/modules)
nx679j: MOD pmic_glink                         MISSING (no .ko in /lib/modules)
nx679j: MOD ucsi_glink                         MISSING (no .ko in /lib/modules)
nx679j: ---- dump (chain progress) ----
nx679j: pmsg unavailable (no ramoops this boot)
nx679j: MOD fsa4480_i2c                        MISSING (no .ko in /lib/modules)
nx679j: MOD altmode_glink                      MISSING (no .ko in /lib/modules)
nx679j: MOD proxy_consumer                     MISSING (no .ko in /lib/modules)
nx679j: MOD debug_regulator                    MISSING (no .ko in /lib/modules)
nx679j: MOD gdsc_regulator                     MISSING (no .ko in /lib/modules)
nx679j: MOD clk_qcom                           MISSING (no .ko in /lib/modules)
nx679j: MOD ssusb_redriver_nb7vpq904m          MISSING (no .ko in /lib/modules)
nx679j: MOD phy_generic                        MISSING (no .ko in /lib/modules)
nx679j: ---- dump (chain progress) ----
nx679j: pmsg unavailable (no ramoops this boot)
nx679j: MOD phy_msm_snps_hs                    MISSING (no .ko in /lib/modules)
nx679j: MOD phy_msm_ssusb_qmp                  MISSING (no .ko in /lib/modules)
nx679j: MOD eud                                MISSING (no .ko in /lib/modules)
nx679j: MOD dwc3_msm                           MISSING (no .ko in /lib/modules)
nx679j: MOD tmecom_intf                        MISSING (no .ko in /lib/modules)
nx679j: MOD hwkm                               MISSING (no .ko in /lib/modules)
nx679j: MOD crypto_qti_hwkm                    MISSING (no .ko in /lib/modules)
nx679j: MOD crypto_qti_common                  MISSING (no .ko in /lib/modules)
nx679j: ---- dump (chain progress) ----
nx679j: pmsg unavailable (no ramoops this boot)
[   15.248879] nx679j: journal mirror: 5923 bytes (file open, kmsg=4 pmsg=-1 rd=-1)
<1>nx679j: journal mirror: 6491 bytes (file open, kmsg=4 pmsg=-1 rd=-1)
nx679j: mounts: start (uid=0 pid=55)
nx679j: ATTEMPT mount -t proc /proc
nx679j: mount proc      rc=0
nx679j: ATTEMPT mount -t sysfs /sys
nx679j: mount sysfs     rc=0
nx679j: ATTEMPT mount -t configfs /sys/kernel/config
nx679j: mount configfs  rc=0
nx679j: ATTEMPT mount -t pstore /sys/fs/pstore
nx679j: mount pstore    rc=0
nx679j: cmdline: console=ttyAMA0 earlycon loglevel=8 panic=10 rdinit=/init ip=10.0.2.15::10.0.2.2:255.255.255.0::eth0:off
nx679j: kernel 6.6.60 aarch64
nx679j: /proc/devices: pmsg=no
nx679j: configfs usb_gadget=absent
nx679j: 0 .ko files visible in /lib/modules
nx679j: mounts: done
nx679j: FIRST JOURNAL WRITE, no module loaded yet (device tree nodes UFS=absent USB=present)
nx679j: /dev/block/by-name present: no
nx679j: /dev present: kmsg=yes pmsg0=yes console=yes
nx679j: ---- dump (first journal write: NO rawdump partition found) ----
nx679j: pmsg unavailable (no ramoops this boot)
nx679j: journal is durable on rawdump: no
nx679j: PID1-OP-FAILED op=journal rc=1 journal=0 gadget=0
nx679j: ---- dump (PID1-OP-FAILED op=journal rc=1 journal=0 gadget=0) ----
nx679j: pmsg unavailable (no ramoops this boot)
nx679j: gadget: start
nx679j: usb_role nodes set to device: 0
nx679j: ATTEMPT wait for a real UDC (1/12)
nx679j: ATTEMPT wait for a real UDC (2/12)
nx679j: ATTEMPT wait for a real UDC (3/12)
nx679j: ATTEMPT wait for a real UDC (4/12)
nx679j: ATTEMPT wait for a real UDC (5/12)
nx679j: ATTEMPT wait for a real UDC (6/12)
nx679j: ATTEMPT wait for a real UDC (7/12)
nx679j: ATTEMPT wait for a real UDC (8/12)
nx679j: ATTEMPT wait for a real UDC (9/12)
nx679j: ATTEMPT wait for a real UDC (10/12)
nx679j: ATTEMPT wait for a real UDC (11/12)
nx679j: ATTEMPT wait for a real UDC (12/12)
nx679j: gadget: NO UDC after 12 s (dwc3_msm not up?)
nx679j: gadget: rc=-1
nx679j: ---- dump (end of gadget step) ----
nx679j: pmsg unavailable (no ramoops this boot)
nx679j: PID1-OP-FAILED op=gadget rc=1 journal=0 gadget=0
nx679j: ---- dump (PID1-OP-FAILED op=gadget rc=1 journal=0 gadget=0) ----
nx679j: pmsg unavailable (no ramoops this boot)
nx679j: chain: start
nx679j: chain: 47 modules to try, 0 .ko visible
nx679j: MOD phy_qcom_emu                       MISSING (no .ko in /lib/modules)
nx679j: ---- dump (chain progress) ----
nx679j: pmsg unavailable (no ramoops this boot)
nx679j: MOD repeater                           MISSING (no .ko in /lib/modules)
nx679j: MOD qcom_scm                           MISSING (no .ko in /lib/modules)
nx679j: MOD phy_msm_snps_eusb2                 MISSING (no .ko in /lib/modules)
nx679j: MOD phy_qcom_ufs                       MISSING (no .ko in /lib/modules)
nx679j: MOD phy_qcom_ufs_qmp_v4_lahaina        MISSING (no .ko in /lib/modules)
nx679j: MOD qcom_hwspinlock                    MISSING (no .ko in /lib/modules)
nx679j: MOD smem                               MISSING (no .ko in /lib/modules)
nx679j: MOD minidump                           MISSING (no .ko in /lib/modules)
nx679j: ---- dump (chain progress) ----
nx679j: pmsg unavailable (no ramoops this boot)
nx679j: MOD qcom_ipc_logging                   MISSING (no .ko in /lib/modules)
nx679j: MOD qcom_glink                         MISSING (no .ko in /lib/modules)
nx679j: MOD qcom_glink_spss                    MISSING (no .ko in /lib/modules)
nx679j: MOD phy_qcom_ufs_qmp_14nm              MISSING (no .ko in /lib/modules)
nx679j: MOD phy_qcom_ufs_qmp_v3                MISSING (no .ko in /lib/modules)
nx679j: MOD nvmem_qfprom                       already-loaded
nx679j: MOD qti_regmap_debugfs                 MISSING (no .ko in /lib/modules)
nx679j: MOD ns                                 MISSING (no .ko in /lib/modules)
nx679j: ---- dump (chain progress) ----
nx679j: pmsg unavailable (no ramoops this boot)
nx679j: MOD qrtr                               MISSING (no .ko in /lib/modules)
nx679j: MOD qmi_helpers                        MISSING (no .ko in /lib/modules)
nx679j: MOD qcom_smd                           MISSING (no .ko in /lib/modules)
nx679j: MOD qcom_glink_smem                    MISSING (no .ko in /lib/modules)
nx679j: MOD rproc_qcom_common                  MISSING (no .ko in /lib/modules)
nx679j: MOD pdr_interface                      MISSING (no .ko in /lib/modules)
nx679j: MOD pmic_glink                         MISSING (no .ko in /lib/modules)
nx679j: MOD ucsi_glink                         MISSING (no .ko in /lib/modules)
nx679j: ---- dump (chain progress) ----
nx679j: pmsg unavailable (no ramoops this boot)
nx679j: MOD fsa4480_i2c                        MISSING (no .ko in /lib/modules)
nx679j: MOD altmode_glink                      MISSING (no .ko in /lib/modules)
nx679j: MOD proxy_consumer                     MISSING (no .ko in /lib/modules)
nx679j: MOD debug_regulator                    MISSING (no .ko in /lib/modules)
nx679j: MOD gdsc_regulator                     MISSING (no .ko in /lib/modules)
nx679j: MOD clk_qcom                           MISSING (no .ko in /lib/modules)
nx679j: MOD ssusb_redriver_nb7vpq904m          MISSING (no .ko in /lib/modules)
nx679j: MOD phy_generic                        MISSING (no .ko in /lib/modules)
nx679j: ---- dump (chain progress) ----
nx679j: pmsg unavailable (no ramoops this boot)
nx679j: MOD phy_msm_snps_hs                    MISSING (no .ko in /lib/modules)
nx679j: MOD phy_msm_ssusb_qmp                  MISSING (no .ko in /lib/modules)
nx679j: MOD eud                                MISSING (no .ko in /lib/modules)
nx679j: MOD dwc3_msm                           MISSING (no .ko in /lib/modules)
nx679j: MOD tmecom_intf                        MISSING (no .ko in /lib/modules)
nx679j: MOD hwkm                               MISSING (no .ko in /lib/modules)
nx679j: MOD crypto_qti_hwkm                    MISSING (no .ko in /lib/modules)
nx679j: MOD crypto_qti_common                  MISSING (no .ko in /lib/modules)
nx679j: ---- dump (chain progress) ----
nx679j: pmsg unavailable (no ramoops this boot)
nx679j: MOD ufshcd_crypto_qti                  MISSING (no .ko in /lib/modules)
nx679j: MOD ufs_qcom                           MISSING (no .ko in /lib/modules)
nx679j: MOD phy_qcom_ufs_qmp_v4_cape           MISSING (no .ko in /lib/modules)
nx679j: MOD phy_qcom_ufs_qmp_v4_diwali         MISSING (no .ko in /lib/modules)
nx679j: MOD phy_qcom_ufs_qmp_v4_waipio         MISSING (no .ko in /lib/modules)
nx679j: MOD nvmem_qcom_spmi_sdam               MISSING (no .ko in /lib/modules)
nx679j: ---- dump (chain progress) ----
nx679j: pmsg unavailable (no ramoops this boot)
[   15.257079] nx679j: journal mirror: 6491 bytes (file open, kmsg=4 pmsg=-1 rd=-1)
<1>nx679j: journal mirror: 6657 bytes (file open, kmsg=4 pmsg=-1 rd=-1)
nx679j: mounts: start (uid=0 pid=55)
nx679j: ATTEMPT mount -t proc /proc
nx679j: mount proc      rc=0
nx679j: ATTEMPT mount -t sysfs /sys
nx679j: mount sysfs     rc=0
nx679j: ATTEMPT mount -t configfs /sys/kernel/config
nx679j: mount configfs  rc=0
nx679j: ATTEMPT mount -t pstore /sys/fs/pstore
nx679j: mount pstore    rc=0
nx679j: cmdline: console=ttyAMA0 earlycon loglevel=8 panic=10 rdinit=/init ip=10.0.2.15::10.0.2.2:255.255.255.0::eth0:off
nx679j: kernel 6.6.60 aarch64
nx679j: /proc/devices: pmsg=no
nx679j: configfs usb_gadget=absent
nx679j: 0 .ko files visible in /lib/modules
nx679j: mounts: done
nx679j: FIRST JOURNAL WRITE, no module loaded yet (device tree nodes UFS=absent USB=present)
nx679j: /dev/block/by-name present: no
nx679j: /dev present: kmsg=yes pmsg0=yes console=yes
nx679j: ---- dump (first journal write: NO rawdump partition found) ----
nx679j: pmsg unavailable (no ramoops this boot)
nx679j: journal is durable on rawdump: no
nx679j: PID1-OP-FAILED op=journal rc=1 journal=0 gadget=0
nx679j: ---- dump (PID1-OP-FAILED op=journal rc=1 journal=0 gadget=0) ----
nx679j: pmsg unavailable (no ramoops this boot)
nx679j: gadget: start
nx679j: usb_role nodes set to device: 0
nx679j: ATTEMPT wait for a real UDC (1/12)
nx679j: ATTEMPT wait for a real UDC (2/12)
nx679j: ATTEMPT wait for a real UDC (3/12)
nx679j: ATTEMPT wait for a real UDC (4/12)
nx679j: ATTEMPT wait for a real UDC (5/12)
nx679j: ATTEMPT wait for a real UDC (6/12)
nx679j: ATTEMPT wait for a real UDC (7/12)
nx679j: ATTEMPT wait for a real UDC (8/12)
nx679j: ATTEMPT wait for a real UDC (9/12)
nx679j: ATTEMPT wait for a real UDC (10/12)
nx679j: ATTEMPT wait for a real UDC (11/12)
nx679j: ATTEMPT wait for a real UDC (12/12)
nx679j: gadget: NO UDC after 12 s (dwc3_msm not up?)
nx679j: gadget: rc=-1
nx679j: ---- dump (end of gadget step) ----
nx679j: pmsg unavailable (no ramoops this boot)
nx679j: PID1-OP-FAILED op=gadget rc=1 journal=0 gadget=0
nx679j: ---- dump (PID1-OP-FAILED op=gadget rc=1 journal=0 gadget=0) ----
nx679j: pmsg unavailable (no ramoops this boot)
nx679j: chain: start
nx679j: chain: 47 modules to try, 0 .ko visible
nx679j: MOD phy_qcom_emu                       MISSING (no .ko in /lib/modules)
nx679j: ---- dump (chain progress) ----
nx679j: pmsg unavailable (no ramoops this boot)
nx679j: MOD repeater                           MISSING (no .ko in /lib/modules)
nx679j: MOD qcom_scm                           MISSING (no .ko in /lib/modules)
nx679j: MOD phy_msm_snps_eusb2                 MISSING (no .ko in /lib/modules)
nx679j: MOD phy_qcom_ufs                       MISSING (no .ko in /lib/modules)
nx679j: MOD phy_qcom_ufs_qmp_v4_lahaina        MISSING (no .ko in /lib/modules)
nx679j: MOD qcom_hwspinlock                    MISSING (no .ko in /lib/modules)
nx679j: MOD smem                               MISSING (no .ko in /lib/modules)
nx679j: MOD minidump                           MISSING (no .ko in /lib/modules)
nx679j: ---- dump (chain progress) ----
nx679j: pmsg unavailable (no ramoops this boot)
nx679j: MOD qcom_ipc_logging                   MISSING (no .ko in /lib/modules)
nx679j: MOD qcom_glink                         MISSING (no .ko in /lib/modules)
nx679j: MOD qcom_glink_spss                    MISSING (no .ko in /lib/modules)
nx679j: MOD phy_qcom_ufs_qmp_14nm              MISSING (no .ko in /lib/modules)
nx679j: MOD phy_qcom_ufs_qmp_v3                MISSING (no .ko in /lib/modules)
nx679j: MOD nvmem_qfprom                       already-loaded
nx679j: MOD qti_regmap_debugfs                 MISSING (no .ko in /lib/modules)
nx679j: MOD ns                                 MISSING (no .ko in /lib/modules)
nx679j: ---- dump (chain progress) ----
nx679j: pmsg unavailable (no ramoops this boot)
nx679j: MOD qrtr                               MISSING (no .ko in /lib/modules)
nx679j: MOD qmi_helpers                        MISSING (no .ko in /lib/modules)
nx679j: MOD qcom_smd                           MISSING (no .ko in /lib/modules)
nx679j: MOD qcom_glink_smem                    MISSING (no .ko in /lib/modules)
nx679j: MOD rproc_qcom_common                  MISSING (no .ko in /lib/modules)
nx679j: MOD pdr_interface                      MISSING (no .ko in /lib/modules)
nx679j: MOD pmic_glink                         MISSING (no .ko in /lib/modules)
nx679j: MOD ucsi_glink                         MISSING (no .ko in /lib/modules)
nx679j: ---- dump (chain progress) ----
nx679j: pmsg unavailable (no ramoops this boot)
nx679j: MOD fsa4480_i2c                        MISSING (no .ko in /lib/modules)
nx679j: MOD altmode_glink                      MISSING (no .ko in /lib/modules)
nx679j: MOD proxy_consumer                     MISSING (no .ko in /lib/modules)
nx679j: MOD debug_regulator                    MISSING (no .ko in /lib/modules)
nx679j: MOD gdsc_regulator                     MISSING (no .ko in /lib/modules)
nx679j: MOD clk_qcom                           MISSING (no .ko in /lib/modules)
nx679j: MOD ssusb_redriver_nb7vpq904m          MISSING (no .ko in /lib/modules)
nx679j: MOD phy_generic                        MISSING (no .ko in /lib/modules)
nx679j: ---- dump (chain progress) ----
nx679j: pmsg unavailable (no ramoops this boot)
nx679j: MOD phy_msm_snps_hs                    MISSING (no .ko in /lib/modules)
nx679j: MOD phy_msm_ssusb_qmp                  MISSING (no .ko in /lib/modules)
nx679j: MOD eud                                MISSING (no .ko in /lib/modules)
nx679j: MOD dwc3_msm                           MISSING (no .ko in /lib/modules)
nx679j: MOD tmecom_intf                        MISSING (no .ko in /lib/modules)
nx679j: MOD hwkm                               MISSING (no .ko in /lib/modules)
nx679j: MOD crypto_qti_hwkm                    MISSING (no .ko in /lib/modules)
nx679j: MOD crypto_qti_common                  MISSING (no .ko in /lib/modules)
nx679j: ---- dump (chain progress) ----
nx679j: pmsg unavailable (no ramoops this boot)
nx679j: MOD ufshcd_crypto_qti                  MISSING (no .ko in /lib/modules)
nx679j: MOD ufs_qcom                           MISSING (no .ko in /lib/modules)
nx679j: MOD phy_qcom_ufs_qmp_v4_cape           MISSING (no .ko in /lib/modules)
nx679j: MOD phy_qcom_ufs_qmp_v4_diwali         MISSING (no .ko in /lib/modules)
nx679j: MOD phy_qcom_ufs_qmp_v4_waipio         MISSING (no .ko in /lib/modules)
nx679j: MOD nvmem_qcom_spmi_sdam               MISSING (no .ko in /lib/modules)
nx679j: ---- dump (chain progress) ----
nx679j: pmsg unavailable (no ramoops this boot)
nx679j: chain: done in 46 ms: ok=1 timeout-killed=0 failed/missing=46 skipped=0
nx679j: ---- dump (end of chain) ----
nx679j: pmsg unavailable (no ramoops this boot)
[   15.266906] nx679j: journal mirror: 6657 bytes (file open, kmsg=4 pmsg=-1 rd=-1)
<1>nx679j: journal mirror: 7405 bytes (file open, kmsg=4 pmsg=-1 rd=-1)
nx679j: mounts: start (uid=0 pid=55)
nx679j: ATTEMPT mount -t proc /proc
nx679j: mount proc      rc=0
nx679j: ATTEMPT mount -t sysfs /sys
nx679j: mount sysfs     rc=0
nx679j: ATTEMPT mount -t configfs /sys/kernel/config
nx679j: mount configfs  rc=0
nx679j: ATTEMPT mount -t pstore /sys/fs/pstore
nx679j: mount pstore    rc=0
nx679j: cmdline: console=ttyAMA0 earlycon loglevel=8 panic=10 rdinit=/init ip=10.0.2.15::10.0.2.2:255.255.255.0::eth0:off
nx679j: kernel 6.6.60 aarch64
nx679j: /proc/devices: pmsg=no
nx679j: configfs usb_gadget=absent
nx679j: 0 .ko files visible in /lib/modules
nx679j: mounts: done
nx679j: FIRST JOURNAL WRITE, no module loaded yet (device tree nodes UFS=absent USB=present)
nx679j: /dev/block/by-name present: no
nx679j: /dev present: kmsg=yes pmsg0=yes console=yes
nx679j: ---- dump (first journal write: NO rawdump partition found) ----
nx679j: pmsg unavailable (no ramoops this boot)
nx679j: journal is durable on rawdump: no
nx679j: PID1-OP-FAILED op=journal rc=1 journal=0 gadget=0
nx679j: ---- dump (PID1-OP-FAILED op=journal rc=1 journal=0 gadget=0) ----
nx679j: pmsg unavailable (no ramoops this boot)
nx679j: gadget: start
nx679j: usb_role nodes set to device: 0
nx679j: ATTEMPT wait for a real UDC (1/12)
nx679j: ATTEMPT wait for a real UDC (2/12)
nx679j: ATTEMPT wait for a real UDC (3/12)
nx679j: ATTEMPT wait for a real UDC (4/12)
nx679j: ATTEMPT wait for a real UDC (5/12)
nx679j: ATTEMPT wait for a real UDC (6/12)
nx679j: ATTEMPT wait for a real UDC (7/12)
nx679j: ATTEMPT wait for a real UDC (8/12)
nx679j: ATTEMPT wait for a real UDC (9/12)
nx679j: ATTEMPT wait for a real UDC (10/12)
nx679j: ATTEMPT wait for a real UDC (11/12)
nx679j: ATTEMPT wait for a real UDC (12/12)
nx679j: gadget: NO UDC after 12 s (dwc3_msm not up?)
nx679j: gadget: rc=-1
nx679j: ---- dump (end of gadget step) ----
nx679j: pmsg unavailable (no ramoops this boot)
nx679j: PID1-OP-FAILED op=gadget rc=1 journal=0 gadget=0
nx679j: ---- dump (PID1-OP-FAILED op=gadget rc=1 journal=0 gadget=0) ----
nx679j: pmsg unavailable (no ramoops this boot)
nx679j: chain: start
nx679j: chain: 47 modules to try, 0 .ko visible
nx679j: MOD phy_qcom_emu                       MISSING (no .ko in /lib/modules)
nx679j: ---- dump (chain progress) ----
nx679j: pmsg unavailable (no ramoops this boot)
nx679j: MOD repeater                           MISSING (no .ko in /lib/modules)
nx679j: MOD qcom_scm                           MISSING (no .ko in /lib/modules)
nx679j: MOD phy_msm_snps_eusb2                 MISSING (no .ko in /lib/modules)
nx679j: MOD phy_qcom_ufs                       MISSING (no .ko in /lib/modules)
nx679j: MOD phy_qcom_ufs_qmp_v4_lahaina        MISSING (no .ko in /lib/modules)
nx679j: MOD qcom_hwspinlock                    MISSING (no .ko in /lib/modules)
nx679j: MOD smem                               MISSING (no .ko in /lib/modules)
nx679j: MOD minidump                           MISSING (no .ko in /lib/modules)
nx679j: ---- dump (chain progress) ----
nx679j: pmsg unavailable (no ramoops this boot)
nx679j: MOD qcom_ipc_logging                   MISSING (no .ko in /lib/modules)
nx679j: MOD qcom_glink                         MISSING (no .ko in /lib/modules)
nx679j: MOD qcom_glink_spss                    MISSING (no .ko in /lib/modules)
nx679j: MOD phy_qcom_ufs_qmp_14nm              MISSING (no .ko in /lib/modules)
nx679j: MOD phy_qcom_ufs_qmp_v3                MISSING (no .ko in /lib/modules)
nx679j: MOD nvmem_qfprom                       already-loaded
nx679j: MOD qti_regmap_debugfs                 MISSING (no .ko in /lib/modules)
nx679j: MOD ns                                 MISSING (no .ko in /lib/modules)
nx679j: ---- dump (chain progress) ----
nx679j: pmsg unavailable (no ramoops this boot)
nx679j: MOD qrtr                               MISSING (no .ko in /lib/modules)
nx679j: MOD qmi_helpers                        MISSING (no .ko in /lib/modules)
nx679j: MOD qcom_smd                           MISSING (no .ko in /lib/modules)
nx679j: MOD qcom_glink_smem                    MISSING (no .ko in /lib/modules)
nx679j: MOD rproc_qcom_common                  MISSING (no .ko in /lib/modules)
nx679j: MOD pdr_interface                      MISSING (no .ko in /lib/modules)
nx679j: MOD pmic_glink                         MISSING (no .ko in /lib/modules)
nx679j: MOD ucsi_glink                         MISSING (no .ko in /lib/modules)
nx679j: ---- dump (chain progress) ----
nx679j: pmsg unavailable (no ramoops this boot)
nx679j: MOD fsa4480_i2c                        MISSING (no .ko in /lib/modules)
nx679j: MOD altmode_glink                      MISSING (no .ko in /lib/modules)
nx679j: MOD proxy_consumer                     MISSING (no .ko in /lib/modules)
nx679j: MOD debug_regulator                    MISSING (no .ko in /lib/modules)
nx679j: MOD gdsc_regulator                     MISSING (no .ko in /lib/modules)
nx679j: MOD clk_qcom                           MISSING (no .ko in /lib/modules)
nx679j: MOD ssusb_redriver_nb7vpq904m          MISSING (no .ko in /lib/modules)
nx679j: MOD phy_generic                        MISSING (no .ko in /lib/modules)
nx679j: ---- dump (chain progress) ----
nx679j: pmsg unavailable (no ramoops this boot)
nx679j: MOD phy_msm_snps_hs                    MISSING (no .ko in /lib/modules)
nx679j: MOD phy_msm_ssusb_qmp                  MISSING (no .ko in /lib/modules)
nx679j: MOD eud                                MISSING (no .ko in /lib/modules)
nx679j: MOD dwc3_msm                           MISSING (no .ko in /lib/modules)
nx679j: MOD tmecom_intf                        MISSING (no .ko in /lib/modules)
nx679j: MOD hwkm                               MISSING (no .ko in /lib/modules)
nx679j: MOD crypto_qti_hwkm                    MISSING (no .ko in /lib/modules)
nx679j: MOD crypto_qti_common                  MISSING (no .ko in /lib/modules)
nx679j: ---- dump (chain progress) ----
nx679j: pmsg unavailable (no ramoops this boot)
nx679j: MOD ufshcd_crypto_qti                  MISSING (no .ko in /lib/modules)
nx679j: MOD ufs_qcom                           MISSING (no .ko in /lib/modules)
nx679j: MOD phy_qcom_ufs_qmp_v4_cape           MISSING (no .ko in /lib/modules)
nx679j: MOD phy_qcom_ufs_qmp_v4_diwali         MISSING (no .ko in /lib/modules)
nx679j: MOD phy_qcom_ufs_qmp_v4_waipio         MISSING (no .ko in /lib/modules)
nx679j: MOD nvmem_qcom_spmi_sdam               MISSING (no .ko in /lib/modules)
nx679j: ---- dump (chain progress) ----
nx679j: pmsg unavailable (no ramoops this boot)
nx679j: chain: done in 46 ms: ok=1 timeout-killed=0 failed/missing=46 skipped=0
nx679j: ---- dump (end of chain) ----
nx679j: pmsg unavailable (no ramoops this boot)
nx679j: gadget: start
nx679j: usb_role nodes set to device: 0
nx679j: ATTEMPT wait for a real UDC (1/12)
nx679j: ATTEMPT wait for a real UDC (2/12)
nx679j: ATTEMPT wait for a real UDC (3/12)
nx679j: ATTEMPT wait for a real UDC (4/12)
nx679j: ATTEMPT wait for a real UDC (5/12)
nx679j: ATTEMPT wait for a real UDC (6/12)
nx679j: ATTEMPT wait for a real UDC (7/12)
nx679j: ATTEMPT wait for a real UDC (8/12)
nx679j: ATTEMPT wait for a real UDC (9/12)
nx679j: ATTEMPT wait for a real UDC (10/12)
nx679j: ATTEMPT wait for a real UDC (11/12)
nx679j: ATTEMPT wait for a real UDC (12/12)
nx679j: gadget: NO UDC after 12 s (dwc3_msm not up?)
nx679j: gadget: rc=-1
nx679j: ---- dump (end of gadget step) ----
nx679j: pmsg unavailable (no ramoops this boot)
[   27.333862] nx679j: journal mirror: 7405 bytes (file open, kmsg=4 pmsg=-1 rd=-1)
<1>nx679j: journal mirror: 7584 bytes (file open, kmsg=4 pmsg=-1 rd=-1)
nx679j: mounts: start (uid=0 pid=55)
nx679j: ATTEMPT mount -t proc /proc
nx679j: mount proc      rc=0
nx679j: ATTEMPT mount -t sysfs /sys
nx679j: mount sysfs     rc=0
nx679j: ATTEMPT mount -t configfs /sys/kernel/config
nx679j: mount configfs  rc=0
nx679j: ATTEMPT mount -t pstore /sys/fs/pstore
nx679j: mount pstore    rc=0
nx679j: cmdline: console=ttyAMA0 earlycon loglevel=8 panic=10 rdinit=/init ip=10.0.2.15::10.0.2.2:255.255.255.0::eth0:off
nx679j: kernel 6.6.60 aarch64
nx679j: /proc/devices: pmsg=no
nx679j: configfs usb_gadget=absent
nx679j: 0 .ko files visible in /lib/modules
nx679j: mounts: done
nx679j: FIRST JOURNAL WRITE, no module loaded yet (device tree nodes UFS=absent USB=present)
nx679j: /dev/block/by-name present: no
nx679j: /dev present: kmsg=yes pmsg0=yes console=yes
nx679j: ---- dump (first journal write: NO rawdump partition found) ----
nx679j: pmsg unavailable (no ramoops this boot)
nx679j: journal is durable on rawdump: no
nx679j: PID1-OP-FAILED op=journal rc=1 journal=0 gadget=0
nx679j: ---- dump (PID1-OP-FAILED op=journal rc=1 journal=0 gadget=0) ----
nx679j: pmsg unavailable (no ramoops this boot)
nx679j: gadget: start
nx679j: usb_role nodes set to device: 0
nx679j: ATTEMPT wait for a real UDC (1/12)
nx679j: ATTEMPT wait for a real UDC (2/12)
nx679j: ATTEMPT wait for a real UDC (3/12)
nx679j: ATTEMPT wait for a real UDC (4/12)
nx679j: ATTEMPT wait for a real UDC (5/12)
nx679j: ATTEMPT wait for a real UDC (6/12)
nx679j: ATTEMPT wait for a real UDC (7/12)
nx679j: ATTEMPT wait for a real UDC (8/12)
nx679j: ATTEMPT wait for a real UDC (9/12)
nx679j: ATTEMPT wait for a real UDC (10/12)
nx679j: ATTEMPT wait for a real UDC (11/12)
nx679j: ATTEMPT wait for a real UDC (12/12)
nx679j: gadget: NO UDC after 12 s (dwc3_msm not up?)
nx679j: gadget: rc=-1
nx679j: ---- dump (end of gadget step) ----
nx679j: pmsg unavailable (no ramoops this boot)
nx679j: PID1-OP-FAILED op=gadget rc=1 journal=0 gadget=0
nx679j: ---- dump (PID1-OP-FAILED op=gadget rc=1 journal=0 gadget=0) ----
nx679j: pmsg unavailable (no ramoops this boot)
nx679j: chain: start
nx679j: chain: 47 modules to try, 0 .ko visible
nx679j: MOD phy_qcom_emu                       MISSING (no .ko in /lib/modules)
nx679j: ---- dump (chain progress) ----
nx679j: pmsg unavailable (no ramoops this boot)
nx679j: MOD repeater                           MISSING (no .ko in /lib/modules)
nx679j: MOD qcom_scm                           MISSING (no .ko in /lib/modules)
nx679j: MOD phy_msm_snps_eusb2                 MISSING (no .ko in /lib/modules)
nx679j: MOD phy_qcom_ufs                       MISSING (no .ko in /lib/modules)
nx679j: MOD phy_qcom_ufs_qmp_v4_lahaina        MISSING (no .ko in /lib/modules)
nx679j: MOD qcom_hwspinlock                    MISSING (no .ko in /lib/modules)
nx679j: MOD smem                               MISSING (no .ko in /lib/modules)
nx679j: MOD minidump                           MISSING (no .ko in /lib/modules)
nx679j: ---- dump (chain progress) ----
nx679j: pmsg unavailable (no ramoops this boot)
nx679j: MOD qcom_ipc_logging                   MISSING (no .ko in /lib/modules)
nx679j: MOD qcom_glink                         MISSING (no .ko in /lib/modules)
nx679j: MOD qcom_glink_spss                    MISSING (no .ko in /lib/modules)
nx679j: MOD phy_qcom_ufs_qmp_14nm              MISSING (no .ko in /lib/modules)
nx679j: MOD phy_qcom_ufs_qmp_v3                MISSING (no .ko in /lib/modules)
nx679j: MOD nvmem_qfprom                       already-loaded
nx679j: MOD qti_regmap_debugfs                 MISSING (no .ko in /lib/modules)
nx679j: MOD ns                                 MISSING (no .ko in /lib/modules)
nx679j: ---- dump (chain progress) ----
nx679j: pmsg unavailable (no ramoops this boot)
nx679j: MOD qrtr                               MISSING (no .ko in /lib/modules)
nx679j: MOD qmi_helpers                        MISSING (no .ko in /lib/modules)
nx679j: MOD qcom_smd                           MISSING (no .ko in /lib/modules)
nx679j: MOD qcom_glink_smem                    MISSING (no .ko in /lib/modules)
nx679j: MOD rproc_qcom_common                  MISSING (no .ko in /lib/modules)
nx679j: MOD pdr_interface                      MISSING (no .ko in /lib/modules)
nx679j: MOD pmic_glink                         MISSING (no .ko in /lib/modules)
nx679j: MOD ucsi_glink                         MISSING (no .ko in /lib/modules)
nx679j: ---- dump (chain progress) ----
nx679j: pmsg unavailable (no ramoops this boot)
nx679j: MOD fsa4480_i2c                        MISSING (no .ko in /lib/modules)
nx679j: MOD altmode_glink                      MISSING (no .ko in /lib/modules)
nx679j: MOD proxy_consumer                     MISSING (no .ko in /lib/modules)
nx679j: MOD debug_regulator                    MISSING (no .ko in /lib/modules)
nx679j: MOD gdsc_regulator                     MISSING (no .ko in /lib/modules)
nx679j: MOD clk_qcom                           MISSING (no .ko in /lib/modules)
nx679j: MOD ssusb_redriver_nb7vpq904m          MISSING (no .ko in /lib/modules)
nx679j: MOD phy_generic                        MISSING (no .ko in /lib/modules)
nx679j: ---- dump (chain progress) ----
nx679j: pmsg unavailable (no ramoops this boot)
nx679j: MOD phy_msm_snps_hs                    MISSING (no .ko in /lib/modules)
nx679j: MOD phy_msm_ssusb_qmp                  MISSING (no .ko in /lib/modules)
nx679j: MOD eud                                MISSING (no .ko in /lib/modules)
nx679j: MOD dwc3_msm                           MISSING (no .ko in /lib/modules)
nx679j: MOD tmecom_intf                        MISSING (no .ko in /lib/modules)
nx679j: MOD hwkm                               MISSING (no .ko in /lib/modules)
nx679j: MOD crypto_qti_hwkm                    MISSING (no .ko in /lib/modules)
nx679j: MOD crypto_qti_common                  MISSING (no .ko in /lib/modules)
nx679j: ---- dump (chain progress) ----
nx679j: pmsg unavailable (no ramoops this boot)
nx679j: MOD ufshcd_crypto_qti                  MISSING (no .ko in /lib/modules)
nx679j: MOD ufs_qcom                           MISSING (no .ko in /lib/modules)
nx679j: MOD phy_qcom_ufs_qmp_v4_cape           MISSING (no .ko in /lib/modules)
nx679j: MOD phy_qcom_ufs_qmp_v4_diwali         MISSING (no .ko in /lib/modules)
nx679j: MOD phy_qcom_ufs_qmp_v4_waipio         MISSING (no .ko in /lib/modules)
nx679j: MOD nvmem_qcom_spmi_sdam               MISSING (no .ko in /lib/modules)
nx679j: ---- dump (chain progress) ----
nx679j: pmsg unavailable (no ramoops this boot)
nx679j: chain: done in 46 ms: ok=1 timeout-killed=0 failed/missing=46 skipped=0
nx679j: ---- dump (end of chain) ----
nx679j: pmsg unavailable (no ramoops this boot)
nx679j: gadget: start
nx679j: usb_role nodes set to device: 0
nx679j: ATTEMPT wait for a real UDC (1/12)
nx679j: ATTEMPT wait for a real UDC (2/12)
nx679j: ATTEMPT wait for a real UDC (3/12)
nx679j: ATTEMPT wait for a real UDC (4/12)
nx679j: ATTEMPT wait for a real UDC (5/12)
nx679j: ATTEMPT wait for a real UDC (6/12)
nx679j: ATTEMPT wait for a real UDC (7/12)
nx679j: ATTEMPT wait for a real UDC (8/12)
nx679j: ATTEMPT wait for a real UDC (9/12)
nx679j: ATTEMPT wait for a real UDC (10/12)
nx679j: ATTEMPT wait for a real UDC (11/12)
nx679j: ATTEMPT wait for a real UDC (12/12)
nx679j: gadget: NO UDC after 12 s (dwc3_msm not up?)
nx679j: gadget: rc=-1
nx679j: ---- dump (end of gadget step) ----
nx679j: pmsg unavailable (no ramoops this boot)
nx679j: PID1-OP-FAILED op=gadget rc=1 journal=0 gadget=0
nx679j: ---- dump (PID1-OP-FAILED op=gadget rc=1 journal=0 gadget=0) ----
nx679j: pmsg unavailable (no ramoops this boot)
[   27.354633] nx679j: journal mirror: 7584 bytes (file open, kmsg=4 pmsg=-1 rd=-1)
<1>nx679j: journal mirror: 7751 bytes (file open, kmsg=4 pmsg=-1 rd=-1)
nx679j: mounts: start (uid=0 pid=55)
nx679j: ATTEMPT mount -t proc /proc
nx679j: mount proc      rc=0
nx679j: ATTEMPT mount -t sysfs /sys
nx679j: mount sysfs     rc=0
nx679j: ATTEMPT mount -t configfs /sys/kernel/config
nx679j: mount configfs  rc=0
nx679j: ATTEMPT mount -t pstore /sys/fs/pstore
nx679j: mount pstore    rc=0
nx679j: cmdline: console=ttyAMA0 earlycon loglevel=8 panic=10 rdinit=/init ip=10.0.2.15::10.0.2.2:255.255.255.0::eth0:off
nx679j: kernel 6.6.60 aarch64
nx679j: /proc/devices: pmsg=no
nx679j: configfs usb_gadget=absent
nx679j: 0 .ko files visible in /lib/modules
nx679j: mounts: done
nx679j: FIRST JOURNAL WRITE, no module loaded yet (device tree nodes UFS=absent USB=present)
nx679j: /dev/block/by-name present: no
nx679j: /dev present: kmsg=yes pmsg0=yes console=yes
nx679j: ---- dump (first journal write: NO rawdump partition found) ----
nx679j: pmsg unavailable (no ramoops this boot)
nx679j: journal is durable on rawdump: no
nx679j: PID1-OP-FAILED op=journal rc=1 journal=0 gadget=0
nx679j: ---- dump (PID1-OP-FAILED op=journal rc=1 journal=0 gadget=0) ----
nx679j: pmsg unavailable (no ramoops this boot)
nx679j: gadget: start
nx679j: usb_role nodes set to device: 0
nx679j: ATTEMPT wait for a real UDC (1/12)
nx679j: ATTEMPT wait for a real UDC (2/12)
nx679j: ATTEMPT wait for a real UDC (3/12)
nx679j: ATTEMPT wait for a real UDC (4/12)
nx679j: ATTEMPT wait for a real UDC (5/12)
nx679j: ATTEMPT wait for a real UDC (6/12)
nx679j: ATTEMPT wait for a real UDC (7/12)
nx679j: ATTEMPT wait for a real UDC (8/12)
nx679j: ATTEMPT wait for a real UDC (9/12)
nx679j: ATTEMPT wait for a real UDC (10/12)
nx679j: ATTEMPT wait for a real UDC (11/12)
nx679j: ATTEMPT wait for a real UDC (12/12)
nx679j: gadget: NO UDC after 12 s (dwc3_msm not up?)
nx679j: gadget: rc=-1
nx679j: ---- dump (end of gadget step) ----
nx679j: pmsg unavailable (no ramoops this boot)
nx679j: PID1-OP-FAILED op=gadget rc=1 journal=0 gadget=0
nx679j: ---- dump (PID1-OP-FAILED op=gadget rc=1 journal=0 gadget=0) ----
nx679j: pmsg unavailable (no ramoops this boot)
nx679j: chain: start
nx679j: chain: 47 modules to try, 0 .ko visible
nx679j: MOD phy_qcom_emu                       MISSING (no .ko in /lib/modules)
nx679j: ---- dump (chain progress) ----
nx679j: pmsg unavailable (no ramoops this boot)
nx679j: MOD repeater                           MISSING (no .ko in /lib/modules)
nx679j: MOD qcom_scm                           MISSING (no .ko in /lib/modules)
nx679j: MOD phy_msm_snps_eusb2                 MISSING (no .ko in /lib/modules)
nx679j: MOD phy_qcom_ufs                       MISSING (no .ko in /lib/modules)
nx679j: MOD phy_qcom_ufs_qmp_v4_lahaina        MISSING (no .ko in /lib/modules)
nx679j: MOD qcom_hwspinlock                    MISSING (no .ko in /lib/modules)
nx679j: MOD smem                               MISSING (no .ko in /lib/modules)
nx679j: MOD minidump                           MISSING (no .ko in /lib/modules)
nx679j: ---- dump (chain progress) ----
nx679j: pmsg unavailable (no ramoops this boot)
nx679j: MOD qcom_ipc_logging                   MISSING (no .ko in /lib/modules)
nx679j: MOD qcom_glink                         MISSING (no .ko in /lib/modules)
nx679j: MOD qcom_glink_spss                    MISSING (no .ko in /lib/modules)
nx679j: MOD phy_qcom_ufs_qmp_14nm              MISSING (no .ko in /lib/modules)
nx679j: MOD phy_qcom_ufs_qmp_v3                MISSING (no .ko in /lib/modules)
nx679j: MOD nvmem_qfprom                       already-loaded
nx679j: MOD qti_regmap_debugfs                 MISSING (no .ko in /lib/modules)
nx679j: MOD ns                                 MISSING (no .ko in /lib/modules)
nx679j: ---- dump (chain progress) ----
nx679j: pmsg unavailable (no ramoops this boot)
nx679j: MOD qrtr                               MISSING (no .ko in /lib/modules)
nx679j: MOD qmi_helpers                        MISSING (no .ko in /lib/modules)
nx679j: MOD qcom_smd                           MISSING (no .ko in /lib/modules)
nx679j: MOD qcom_glink_smem                    MISSING (no .ko in /lib/modules)
nx679j: MOD rproc_qcom_common                  MISSING (no .ko in /lib/modules)
nx679j: MOD pdr_interface                      MISSING (no .ko in /lib/modules)
nx679j: MOD pmic_glink                         MISSING (no .ko in /lib/modules)
nx679j: MOD ucsi_glink                         MISSING (no .ko in /lib/modules)
nx679j: ---- dump (chain progress) ----
nx679j: pmsg unavailable (no ramoops this boot)
nx679j: MOD fsa4480_i2c                        MISSING (no .ko in /lib/modules)
nx679j: MOD altmode_glink                      MISSING (no .ko in /lib/modules)
nx679j: MOD proxy_consumer                     MISSING (no .ko in /lib/modules)
nx679j: MOD debug_regulator                    MISSING (no .ko in /lib/modules)
nx679j: MOD gdsc_regulator                     MISSING (no .ko in /lib/modules)
nx679j: MOD clk_qcom                           MISSING (no .ko in /lib/modules)
nx679j: MOD ssusb_redriver_nb7vpq904m          MISSING (no .ko in /lib/modules)
nx679j: MOD phy_generic                        MISSING (no .ko in /lib/modules)
nx679j: ---- dump (chain progress) ----
nx679j: pmsg unavailable (no ramoops this boot)
nx679j: MOD phy_msm_snps_hs                    MISSING (no .ko in /lib/modules)
nx679j: MOD phy_msm_ssusb_qmp                  MISSING (no .ko in /lib/modules)
nx679j: MOD eud                                MISSING (no .ko in /lib/modules)
nx679j: MOD dwc3_msm                           MISSING (no .ko in /lib/modules)
nx679j: MOD tmecom_intf                        MISSING (no .ko in /lib/modules)
nx679j: MOD hwkm                               MISSING (no .ko in /lib/modules)
nx679j: MOD crypto_qti_hwkm                    MISSING (no .ko in /lib/modules)
nx679j: MOD crypto_qti_common                  MISSING (no .ko in /lib/modules)
nx679j: ---- dump (chain progress) ----
nx679j: pmsg unavailable (no ramoops this boot)
nx679j: MOD ufshcd_crypto_qti                  MISSING (no .ko in /lib/modules)
nx679j: MOD ufs_qcom                           MISSING (no .ko in /lib/modules)
nx679j: MOD phy_qcom_ufs_qmp_v4_cape           MISSING (no .ko in /lib/modules)
nx679j: MOD phy_qcom_ufs_qmp_v4_diwali         MISSING (no .ko in /lib/modules)
nx679j: MOD phy_qcom_ufs_qmp_v4_waipio         MISSING (no .ko in /lib/modules)
nx679j: MOD nvmem_qcom_spmi_sdam               MISSING (no .ko in /lib/modules)
nx679j: ---- dump (chain progress) ----
nx679j: pmsg unavailable (no ramoops this boot)
nx679j: chain: done in 46 ms: ok=1 timeout-killed=0 failed/missing=46 skipped=0
nx679j: ---- dump (end of chain) ----
nx679j: pmsg unavailable (no ramoops this boot)
nx679j: gadget: start
nx679j: usb_role nodes set to device: 0
nx679j: ATTEMPT wait for a real UDC (1/12)
nx679j: ATTEMPT wait for a real UDC (2/12)
nx679j: ATTEMPT wait for a real UDC (3/12)
nx679j: ATTEMPT wait for a real UDC (4/12)
nx679j: ATTEMPT wait for a real UDC (5/12)
nx679j: ATTEMPT wait for a real UDC (6/12)
nx679j: ATTEMPT wait for a real UDC (7/12)
nx679j: ATTEMPT wait for a real UDC (8/12)
nx679j: ATTEMPT wait for a real UDC (9/12)
nx679j: ATTEMPT wait for a real UDC (10/12)
nx679j: ATTEMPT wait for a real UDC (11/12)
nx679j: ATTEMPT wait for a real UDC (12/12)
nx679j: gadget: NO UDC after 12 s (dwc3_msm not up?)
nx679j: gadget: rc=-1
nx679j: ---- dump (end of gadget step) ----
nx679j: pmsg unavailable (no ramoops this boot)
nx679j: PID1-OP-FAILED op=gadget rc=1 journal=0 gadget=0
nx679j: ---- dump (PID1-OP-FAILED op=gadget rc=1 journal=0 gadget=0) ----
nx679j: pmsg unavailable (no ramoops this boot)
nx679j: v9-summary op=dump rc=0 journal=0 gadget=0
nx679j: ---- dump (v9-summary op=dump rc=0 journal=0 gadget=0) ----
nx679j: pmsg unavailable (no ramoops this boot)
[   27.405395] nx679j: journal mirror: 7751 bytes (file open, kmsg=4 pmsg=-1 rd=-1)
<1>nx679j: journal mirror: 7940 bytes (file open, kmsg=4 pmsg=-1 rd=-1)
nx679j: mounts: start (uid=0 pid=55)
nx679j: ATTEMPT mount -t proc /proc
nx679j: mount proc      rc=0
nx679j: ATTEMPT mount -t sysfs /sys
nx679j: mount sysfs     rc=0
nx679j: ATTEMPT mount -t configfs /sys/kernel/config
nx679j: mount configfs  rc=0
nx679j: ATTEMPT mount -t pstore /sys/fs/pstore
nx679j: mount pstore    rc=0
nx679j: cmdline: console=ttyAMA0 earlycon loglevel=8 panic=10 rdinit=/init ip=10.0.2.15::10.0.2.2:255.255.255.0::eth0:off
nx679j: kernel 6.6.60 aarch64
nx679j: /proc/devices: pmsg=no
nx679j: configfs usb_gadget=absent
nx679j: 0 .ko files visible in /lib/modules
nx679j: mounts: done
nx679j: FIRST JOURNAL WRITE, no module loaded yet (device tree nodes UFS=absent USB=present)
nx679j: /dev/block/by-name present: no
nx679j: /dev present: kmsg=yes pmsg0=yes console=yes
nx679j: ---- dump (first journal write: NO rawdump partition found) ----
nx679j: pmsg unavailable (no ramoops this boot)
nx679j: journal is durable on rawdump: no
nx679j: PID1-OP-FAILED op=journal rc=1 journal=0 gadget=0
nx679j: ---- dump (PID1-OP-FAILED op=journal rc=1 journal=0 gadget=0) ----
nx679j: pmsg unavailable (no ramoops this boot)
nx679j: gadget: start
nx679j: usb_role nodes set to device: 0
nx679j: ATTEMPT wait for a real UDC (1/12)
nx679j: ATTEMPT wait for a real UDC (2/12)
nx679j: ATTEMPT wait for a real UDC (3/12)
nx679j: ATTEMPT wait for a real UDC (4/12)
nx679j: ATTEMPT wait for a real UDC (5/12)
nx679j: ATTEMPT wait for a real UDC (6/12)
nx679j: ATTEMPT wait for a real UDC (7/12)
nx679j: ATTEMPT wait for a real UDC (8/12)
nx679j: ATTEMPT wait for a real UDC (9/12)
nx679j: ATTEMPT wait for a real UDC (10/12)
nx679j: ATTEMPT wait for a real UDC (11/12)
nx679j: ATTEMPT wait for a real UDC (12/12)
nx679j: gadget: NO UDC after 12 s (dwc3_msm not up?)
nx679j: gadget: rc=-1
nx679j: ---- dump (end of gadget step) ----
nx679j: pmsg unavailable (no ramoops this boot)
nx679j: PID1-OP-FAILED op=gadget rc=1 journal=0 gadget=0
nx679j: ---- dump (PID1-OP-FAILED op=gadget rc=1 journal=0 gadget=0) ----
nx679j: pmsg unavailable (no ramoops this boot)
nx679j: chain: start
nx679j: chain: 47 modules to try, 0 .ko visible
nx679j: MOD phy_qcom_emu                       MISSING (no .ko in /lib/modules)
nx679j: ---- dump (chain progress) ----
nx679j: pmsg unavailable (no ramoops this boot)
nx679j: MOD repeater                           MISSING (no .ko in /lib/modules)
nx679j: MOD qcom_scm                           MISSING (no .ko in /lib/modules)
nx679j: MOD phy_msm_snps_eusb2                 MISSING (no .ko in /lib/modules)
nx679j: MOD phy_qcom_ufs                       MISSING (no .ko in /lib/modules)
nx679j: MOD phy_qcom_ufs_qmp_v4_lahaina        MISSING (no .ko in /lib/modules)
nx679j: MOD qcom_hwspinlock                    MISSING (no .ko in /lib/modules)
nx679j: MOD smem                               MISSING (no .ko in /lib/modules)
nx679j: MOD minidump                           MISSING (no .ko in /lib/modules)
nx679j: ---- dump (chain progress) ----
nx679j: pmsg unavailable (no ramoops this boot)
nx679j: MOD qcom_ipc_logging                   MISSING (no .ko in /lib/modules)
nx679j: MOD qcom_glink                         MISSING (no .ko in /lib/modules)
nx679j: MOD qcom_glink_spss                    MISSING (no .ko in /lib/modules)
nx679j: MOD phy_qcom_ufs_qmp_14nm              MISSING (no .ko in /lib/modules)
nx679j: MOD phy_qcom_ufs_qmp_v3                MISSING (no .ko in /lib/modules)
nx679j: MOD nvmem_qfprom                       already-loaded
nx679j: MOD qti_regmap_debugfs                 MISSING (no .ko in /lib/modules)
nx679j: MOD ns                                 MISSING (no .ko in /lib/modules)
nx679j: ---- dump (chain progress) ----
nx679j: pmsg unavailable (no ramoops this boot)
nx679j: MOD qrtr                               MISSING (no .ko in /lib/modules)
nx679j: MOD qmi_helpers                        MISSING (no .ko in /lib/modules)
nx679j: MOD qcom_smd                           MISSING (no .ko in /lib/modules)
nx679j: MOD qcom_glink_smem                    MISSING (no .ko in /lib/modules)
nx679j: MOD rproc_qcom_common                  MISSING (no .ko in /lib/modules)
nx679j: MOD pdr_interface                      MISSING (no .ko in /lib/modules)
nx679j: MOD pmic_glink                         MISSING (no .ko in /lib/modules)
nx679j: MOD ucsi_glink                         MISSING (no .ko in /lib/modules)
nx679j: ---- dump (chain progress) ----
nx679j: pmsg unavailable (no ramoops this boot)
nx679j: MOD fsa4480_i2c                        MISSING (no .ko in /lib/modules)
nx679j: MOD altmode_glink                      MISSING (no .ko in /lib/modules)
nx679j: MOD proxy_consumer                     MISSING (no .ko in /lib/modules)
nx679j: MOD debug_regulator                    MISSING (no .ko in /lib/modules)
nx679j: MOD gdsc_regulator                     MISSING (no .ko in /lib/modules)
nx679j: MOD clk_qcom                           MISSING (no .ko in /lib/modules)
nx679j: MOD ssusb_redriver_nb7vpq904m          MISSING (no .ko in /lib/modules)
nx679j: MOD phy_generic                        MISSING (no .ko in /lib/modules)
nx679j: ---- dump (chain progress) ----
nx679j: pmsg unavailable (no ramoops this boot)
nx679j: MOD phy_msm_snps_hs                    MISSING (no .ko in /lib/modules)
nx679j: MOD phy_msm_ssusb_qmp                  MISSING (no .ko in /lib/modules)
nx679j: MOD eud                                MISSING (no .ko in /lib/modules)
nx679j: MOD dwc3_msm                           MISSING (no .ko in /lib/modules)
nx679j: MOD tmecom_intf                        MISSING (no .ko in /lib/modules)
nx679j: MOD hwkm                               MISSING (no .ko in /lib/modules)
nx679j: MOD crypto_qti_hwkm                    MISSING (no .ko in /lib/modules)
nx679j: MOD crypto_qti_common                  MISSING (no .ko in /lib/modules)
nx679j: ---- dump (chain progress) ----
nx679j: pmsg unavailable (no ramoops this boot)
nx679j: MOD ufshcd_crypto_qti                  MISSING (no .ko in /lib/modules)
nx679j: MOD ufs_qcom                           MISSING (no .ko in /lib/modules)
nx679j: MOD phy_qcom_ufs_qmp_v4_cape           MISSING (no .ko in /lib/modules)
nx679j: MOD phy_qcom_ufs_qmp_v4_diwali         MISSING (no .ko in /lib/modules)
nx679j: MOD phy_qcom_ufs_qmp_v4_waipio         MISSING (no .ko in /lib/modules)
nx679j: MOD nvmem_qcom_spmi_sdam               MISSING (no .ko in /lib/modules)
nx679j: ---- dump (chain progress) ----
nx679j: pmsg unavailable (no ramoops this boot)
nx679j: chain: done in 46 ms: ok=1 timeout-killed=0 failed/missing=46 skipped=0
nx679j: ---- dump (end of chain) ----
nx679j: pmsg unavailable (no ramoops this boot)
nx679j: gadget: start
nx679j: usb_role nodes set to device: 0
nx679j: ATTEMPT wait for a real UDC (1/12)
nx679j: ATTEMPT wait for a real UDC (2/12)
nx679j: ATTEMPT wait for a real UDC (3/12)
nx679j: ATTEMPT wait for a real UDC (4/12)
nx679j: ATTEMPT wait for a real UDC (5/12)
nx679j: ATTEMPT wait for a real UDC (6/12)
nx679j: ATTEMPT wait for a real UDC (7/12)
nx679j: ATTEMPT wait for a real UDC (8/12)
nx679j: ATTEMPT wait for a real UDC (9/12)
nx679j: ATTEMPT wait for a real UDC (10/12)
nx679j: ATTEMPT wait for a real UDC (11/12)
nx679j: ATTEMPT wait for a real UDC (12/12)
nx679j: gadget: NO UDC after 12 s (dwc3_msm not up?)
nx679j: gadget: rc=-1
nx679j: ---- dump (end of gadget step) ----
nx679j: pmsg unavailable (no ramoops this boot)
nx679j: PID1-OP-FAILED op=gadget rc=1 journal=0 gadget=0
nx679j: ---- dump (PID1-OP-FAILED op=gadget rc=1 journal=0 gadget=0) ----
nx679j: pmsg unavailable (no ramoops this boot)
nx679j: v9-summary op=dump rc=0 journal=0 gadget=0
nx679j: ---- dump (v9-summary op=dump rc=0 journal=0 gadget=0) ----
nx679j: pmsg unavailable (no ramoops this boot)
nx679j: v9-relay-started op=relay rc=0 n=1 journal=0 gadget=0
nx679j: ---- dump (v9-relay-started op=relay rc=0 n=1 journal=0 gadget=0) ----
nx679j: pmsg unavailable (no ramoops this boot)
nx679j-relay-v9: READ-ONLY relay up: nc 0.0.0.0 9999  (iface usb0 ip -, wildcard_fallback=1)[   27.459998] nx679j: journal mirror: 7940 bytes (file open, kmsg=4 pmsg=-1 rd=-1)

nx679j-relay-v9: it never opens a file for writing; the answer is a snapshot of /proc, /sys and /nx679j-journal
<1>nx679j: journal mirror: 8041 bytes (file open, kmsg=4 pmsg=-1 rd=-1)
nx679j: mounts: start (uid=0 pid=55)
nx679j: ATTEMPT mount -t proc /proc
nx679j: mount proc      rc=0
nx679j: ATTEMPT mount -t sysfs /sys
nx679j: mount sysfs     rc=0
nx679j: ATTEMPT mount -t configfs /sys/kernel/config
nx679j: mount configfs  rc=0
nx679j: ATTEMPT mount -t pstore /sys/fs/pstore
nx679j: mount pstore    rc=0
nx679j: cmdline: console=ttyAMA0 earlycon loglevel=8 panic=10 rdinit=/init ip=10.0.2.15::10.0.2.2:255.255.255.0::eth0:off
nx679j: kernel 6.6.60 aarch64
nx679j: /proc/devices: pmsg=no
nx679j: configfs usb_gadget=absent
nx679j: 0 .ko files visible in /lib/modules
nx679j: mounts: done
nx679j: FIRST JOURNAL WRITE, no module loaded yet (device tree nodes UFS=absent USB=present)
nx679j: /dev/block/by-name present: no
nx679j: /dev present: kmsg=yes pmsg0=yes console=yes
nx679j: ---- dump (first journal write: NO rawdump partition found) ----
nx679j: pmsg unavailable (no ramoops this boot)
nx679j: journal is durable on rawdump: no
nx679j: PID1-OP-FAILED op=journal rc=1 journal=0 gadget=0
nx679j: ---- dump (PID1-OP-FAILED op=journal rc=1 journal=0 gadget=0) ----
nx679j: pmsg unavailable (no ramoops this boot)
nx679j: gadget: start
nx679j: usb_role nodes set to device: 0
nx679j: ATTEMPT wait for a real UDC (1/12)
nx679j: ATTEMPT wait for a real UDC (2/12)
nx679j: ATTEMPT wait for a real UDC (3/12)
nx679j: ATTEMPT wait for a real UDC (4/12)
nx679j: ATTEMPT wait for a real UDC (5/12)
nx679j: ATTEMPT wait for a real UDC (6/12)
nx679j: ATTEMPT wait for a real UDC (7/12)
nx679j: ATTEMPT wait for a real UDC (8/12)
nx679j: ATTEMPT wait for a real UDC (9/12)
nx679j: ATTEMPT wait for a real UDC (10/12)
nx679j: ATTEMPT wait for a real UDC (11/12)
nx679j: ATTEMPT wait for a real UDC (12/12)
nx679j: gadget: NO UDC after 12 s (dwc3_msm not up?)
nx679j: gadget: rc=-1
nx679j: ---- dump (end of gadget step) ----
nx679j: pmsg unavailable (no ramoops this boot)
nx679j: PID1-OP-FAILED op=gadget rc=1 journal=0 gadget=0
nx679j: ---- dump (PID1-OP-FAILED op=gadget rc=1 journal=0 gadget=0) ----
nx679j: pmsg unavailable (no ramoops this boot)
nx679j: chain: start
nx679j: chain: 47 modules to try, 0 .ko visible
nx679j: MOD phy_qcom_emu                       MISSING (no .ko in /lib/modules)
nx679j: ---- dump (chain progress) ----
nx679j: pmsg unavailable (no ramoops this boot)
nx679j: MOD repeater                           MISSING (no .ko in /lib/modules)
nx679j: MOD qcom_scm                           MISSING (no .ko in /lib/modules)
nx679j: MOD phy_msm_snps_eusb2                 MISSING (no .ko in /lib/modules)
nx679j: MOD phy_qcom_ufs                       MISSING (no .ko in /lib/modules)
nx679j: MOD phy_qcom_ufs_qmp_v4_lahaina        MISSING (no .ko in /lib/modules)
nx679j: MOD qcom_hwspinlock                    MISSING (no .ko in /lib/modules)
nx679j: MOD smem                               MISSING (no .ko in /lib/modules)
nx679j: MOD minidump                           MISSING (no .ko in /lib/modules)
nx679j: ---- dump (chain progress) ----
nx679j: pmsg unavailable (no ramoops this boot)
nx679j: MOD qcom_ipc_logging                   MISSING (no .ko in /lib/modules)
nx679j: MOD qcom_glink                         MISSING (no .ko in /lib/modules)
nx679j: MOD qcom_glink_spss                    MISSING (no .ko in /lib/modules)
nx679j: MOD phy_qcom_ufs_qmp_14nm              MISSING (no .ko in /lib/modules)
nx679j: MOD phy_qcom_ufs_qmp_v3                MISSING (no .ko in /lib/modules)
nx679j: MOD nvmem_qfprom                       already-loaded
nx679j: MOD qti_regmap_debugfs                 MISSING (no .ko in /lib/modules)
nx679j: MOD ns                                 MISSING (no .ko in /lib/modules)
nx679j: ---- dump (chain progress) ----
nx679j: pmsg unavailable (no ramoops this boot)
nx679j: MOD qrtr                               MISSING (no .ko in /lib/modules)
nx679j: MOD qmi_helpers                        MISSING (no .ko in /lib/modules)
nx679j: MOD qcom_smd                           MISSING (no .ko in /lib/modules)
nx679j: MOD qcom_glink_smem                    MISSING (no .ko in /lib/modules)
nx679j: MOD rproc_qcom_common                  MISSING (no .ko in /lib/modules)
nx679j: MOD pdr_interface                      MISSING (no .ko in /lib/modules)
nx679j: MOD pmic_glink                         MISSING (no .ko in /lib/modules)
nx679j: MOD ucsi_glink                         MISSING (no .ko in /lib/modules)
nx679j: ---- dump (chain progress) ----
nx679j: pmsg unavailable (no ramoops this boot)
nx679j: MOD fsa4480_i2c                        MISSING (no .ko in /lib/modules)
nx679j: MOD altmode_glink                      MISSING (no .ko in /lib/modules)
nx679j: MOD proxy_consumer                     MISSING (no .ko in /lib/modules)
nx679j: MOD debug_regulator                    MISSING (no .ko in /lib/modules)
nx679j: MOD gdsc_regulator                     MISSING (no .ko in /lib/modules)
nx679j: MOD clk_qcom                           MISSING (no .ko in /lib/modules)
nx679j: MOD ssusb_redriver_nb7vpq904m          MISSING (no .ko in /lib/modules)
nx679j: MOD phy_generic                        MISSING (no .ko in /lib/modules)
nx679j: ---- dump (chain progress) ----
nx679j: pmsg unavailable (no ramoops this boot)
nx679j: MOD phy_msm_snps_hs                    MISSING (no .ko in /lib/modules)
nx679j: MOD phy_msm_ssusb_qmp                  MISSING (no .ko in /lib/modules)
nx679j: MOD eud                                MISSING (no .ko in /lib/modules)
nx679j: MOD dwc3_msm                           MISSING (no .ko in /lib/modules)
nx679j: MOD tmecom_intf                        MISSING (no .ko in /lib/modules)
nx679j: MOD hwkm                               MISSING (no .ko in /lib/modules)
nx679j: MOD crypto_qti_hwkm                    MISSING (no .ko in /lib/modules)
nx679j: MOD crypto_qti_common                  MISSING (no .ko in /lib/modules)
nx679j: ---- dump (chain progress) ----
nx679j: pmsg unavailable (no ramoops this boot)
nx679j: MOD ufshcd_crypto_qti                  MISSING (no .ko in /lib/modules)
nx679j: MOD ufs_qcom                           MISSING (no .ko in /lib/modules)
nx679j: MOD phy_qcom_ufs_qmp_v4_cape           MISSING (no .ko in /lib/modules)
nx679j: MOD phy_qcom_ufs_qmp_v4_diwali         MISSING (no .ko in /lib/modules)
nx679j: MOD phy_qcom_ufs_qmp_v4_waipio         MISSING (no .ko in /lib/modules)
nx679j: MOD nvmem_qcom_spmi_sdam               MISSING (no .ko in /lib/modules)
nx679j: ---- dump (chain progress) ----
nx679j: pmsg unavailable (no ramoops this boot)
nx679j: chain: done in 46 ms: ok=1 timeout-killed=0 failed/missing=46 skipped=0
nx679j: ---- dump (end of chain) ----
nx679j: pmsg unavailable (no ramoops this boot)
nx679j: gadget: start
nx679j: usb_role nodes set to device: 0
nx679j: ATTEMPT wait for a real UDC (1/12)
nx679j: ATTEMPT wait for a real UDC (2/12)
nx679j: ATTEMPT wait for a real UDC (3/12)
nx679j: ATTEMPT wait for a real UDC (4/12)
nx679j: ATTEMPT wait for a real UDC (5/12)
nx679j: ATTEMPT wait for a real UDC (6/12)
nx679j: ATTEMPT wait for a real UDC (7/12)
nx679j: ATTEMPT wait for a real UDC (8/12)
nx679j: ATTEMPT wait for a real UDC (9/12)
nx679j: ATTEMPT wait for a real UDC (10/12)
nx679j: ATTEMPT wait for a real UDC (11/12)
nx679j: ATTEMPT wait for a real UDC (12/12)
nx679j: gadget: NO UDC after 12 s (dwc3_msm not up?)
nx679j: gadget: rc=-1
nx679j: ---- dump (end of gadget step) ----
nx679j: pmsg unavailable (no ramoops this boot)
nx679j: PID1-OP-FAILED op=gadget rc=1 journal=0 gadget=0
nx679j: ---- dump (PID1-OP-FAILED op=gadget rc=1 journal=0 gadget=0) ----
nx679j: pmsg unavailable (no ramoops this boot)
nx679j: v9-summary op=dump rc=0 journal=0 gadget=0
nx679j: ---- dump (v9-summary op=dump rc=0 journal=0 gadget=0) ----
nx679j: pmsg unavailable (no ramoops this boot)
nx679j: v9-relay-started op=relay rc=0 n=1 journal=0 gadget=0
nx679j: ---- dump (v9-relay-started op=relay rc=0 n=1 journal=0 gadget=0) ----
nx679j: pmsg unavailable (no ramoops this boot)
nx679j: heartbeat
nx679j: ---- dump (heartbeat) ----
nx679j: pmsg unavailable (no ramoops this boot)
[   57.508635] nx679j: journal mirror: 8041 bytes (file open, kmsg=4 pmsg=-1 rd=-1)
[   57.609067] Flash device refused suspend due to active operation (state 20)
[   57.609266] Flash device refused suspend due to active operation (state 20)
[   57.609634] reboot: Restarting system
[    0.000000] Booting Linux on physical CPU 0x0000000000 [0x411fd070]
[    0.000000] Linux version 6.6.60 (user@user-Mini) (aarch64-linux-gnu-gcc (GCC) 16.1.0, GNU ld (GNU Binutils) 2.47) #1 SMP PREEMPT Thu Aug  6 23:41:56 CEST 2026
[    0.000000] KASLR enabled
[    0.000000] random: crng init done
[    0.000000] Machine model: linux,dummy-virt
[    0.000000] efi: UEFI not found.
[    0.000000] earlycon: pl11 at MMIO 0x00************** (options '')
[    0.000000] printk: bootconsole [pl11] enabled
[    0.000000] NUMA: No NUMA configuration found
[    0.000000] NUMA: Faking a node at [mem 0x00**************-0x00000000bfffffff]
[    0.000000] NUMA: NODE_DATA [mem 0xbfbf09c0-0xbfbf2fff]
[    0.000000] Zone ranges:
[    0.000000]   DMA      [mem 0x00**************-0x00000000bfffffff]
[    0.000000]   DMA32    empty
[    0.000000]   Normal   empty
[    0.000000] Movable zone start for each node
[    0.000000] Early memory node ranges
[    0.000000]   node   0: [mem 0x00**************-0x00000000bfffffff]
[    0.000000] Initmem setup node 0 [mem 0x00**************-0x00000000bfffffff]
[    0.000000] cma: Reserved 32 MiB at 0x00000000bba00000 on node -1
[    0.000000] psci: probing for conduit method from DT.
[    0.000000] psci: PSCIv1.1 detected in firmware.
[    0.000000] psci: Using standard PSCI v0.2 function IDs
[    0.000000] psci: Trusted OS migration not required
[    0.000000] psci: SMC Calling Convention v1.0
[    0.000000] percpu: Embedded 22 pages/cpu s50856 r8192 d31064 u90112
[    0.000000] pcpu-alloc: s50856 r8192 d31064 u90112 alloc=22*4096
[    0.000000] pcpu-alloc: [0] 0 [0] 1 
[    0.000000] Detected PIPT I-cache on CPU0
[    0.000000] CPU features: detected: Spectre-v2
[    0.000000] CPU features: detected: Spectre-v3a
[    0.000000] CPU features: detected: Spectre-v4
[    0.000000] CPU features: detected: Spectre-BHB
[    0.000000] CPU features: kernel page table isolation forced ON by KASLR
[    0.000000] CPU features: detected: Kernel page table isolation (KPTI)
[    0.000000] CPU features: detected: ARM erratum 834220
[    0.000000] CPU features: detected: ARM erratum 1742098
[    0.000000] CPU features: detected: ARM erratum 832075
[    0.000000] CPU features: detected: ARM errata 1165522, 1319367, or 1530923
[    0.000000] alternatives: applying boot alternatives
[    0.000000] Kernel command line: console=ttyAMA0 earlycon loglevel=8 panic=10 rdinit=/init ip=10.0.2.15::10.0.2.2:255.255.255.0::eth0:off
[    0.000000] Dentry cache hash table entries: 262144 (order: 9, 2097152 bytes, linear)
[    0.000000] Inode-cache hash table entries: 131072 (order: 8, 1048576 bytes, linear)
[    0.000000] Fallback order for Node 0: 0 
[    0.000000] Built 1 zonelists, mobility grouping on.  Total pages: 516096
[    0.000000] Policy zone: DMA
[    0.000000] mem auto-init: stack:all(zero), heap alloc:off, heap free:off
[    0.000000] software IO TLB: area num 2.
[    0.000000] software IO TLB: mapped [mem 0x00000000b7800000-0x00000000bb800000] (64MB)
[    0.000000] Memory: 1920368K/2097152K available (16832K kernel code, 4276K rwdata, 10592K rodata, 2624K init, 605K bss, 144016K reserved, 32768K cma-reserved)
[    0.000000] SLUB: HWalign=64, Order=0-3, MinObjects=0, CPUs=2, Nodes=1
[    0.000000] rcu: Preemptible hierarchical RCU implementation.
[    0.000000] rcu: 	RCU event tracing is enabled.
[    0.000000] rcu: 	RCU restricting CPUs from NR_CPUS=256 to nr_cpu_ids=2.
[    0.000000] 	Trampoline variant of Tasks RCU enabled.
[    0.000000] 	Tracing variant of Tasks RCU enabled.
[    0.000000] rcu: RCU calculated value of scheduler-enlistment delay is 25 jiffies.
[    0.000000] rcu: Adjusting geometry for rcu_fanout_leaf=16, nr_cpu_ids=2
[    0.000000] NR_IRQS: 64, nr_irqs: 64, preallocated irqs: 0
[    0.000000] Root IRQ handler: gic_handle_irq
[    0.000000] GICv2m: range[mem 0x08020000-0x08020fff], SPI[80:143]
[    0.000000] rcu: srcu_init: Setting srcu_struct sizes based on contention.
[    0.000000] arch_timer: cp15 timer(s) running at 62.50MHz (virt).
[    0.000000] clocksource: arch_sys_counter: mask: 0x1ffffffffffffff max_cycles: 0x1cd42e208c, max_idle_ns: 881590405314 ns
[    0.000036] sched_clock: 57 bits at 63MHz, resolution 16ns, wraps every 4398046511096ns
[    0.005084] Console: colour dummy device 80x25
[    0.006391] Calibrating delay loop (skipped), value calculated using timer frequency.. 125.00 BogoMIPS (lpj=250000)
[    0.006619] pid_max: default: 32768 minimum: 301
[    0.007420] LSM: initializing lsm=capability,integrity
[    0.008840] Mount-cache hash table entries: 4096 (order: 3, 32768 bytes, linear)
[    0.008963] Mountpoint-cache hash table entries: 4096 (order: 3, 32768 bytes, linear)
[    0.028359] RCU Tasks: Setting shift to 1 and lim to 1 rcu_task_cb_adjust=1 rcu_task_cpu_ids=2.
[    0.028820] RCU Tasks Trace: Setting shift to 1 and lim to 1 rcu_task_cb_adjust=1 rcu_task_cpu_ids=2.
[    0.029834] rcu: Hierarchical SRCU implementation.
[    0.029924] rcu: 	Max phase no-delay instances is 1000.
[    0.032426] EFI services will not be available.
[    0.032976] smp: Bringing up secondary CPUs ...
[    0.035522] Detected PIPT I-cache on CPU1
[    0.036063] CPU1: Booted secondary processor 0x0000000001 [0x411fd070]
[    0.038215] smp: Brought up 1 node, 2 CPUs
[    0.038430] SMP: Total of 2 processors activated.
[    0.038538] CPU features: detected: 32-bit EL0 Support
[    0.038607] CPU features: detected: 32-bit EL1 Support
[    0.038698] CPU features: detected: CRC32 instructions
[    0.039994] CPU: All CPU(s) started at EL1
[    0.040182] alternatives: applying system-wide alternatives
[    0.052727] devtmpfs: initialized
[    0.060236] clocksource: jiffies: mask: 0xffffffff max_cycles: 0xffffffff, max_idle_ns: 76************** ns
[    0.060476] futex hash table entries: 512 (order: 3, 32768 bytes, linear)
[    0.062784] pinctrl core: initialized pinctrl subsystem
[    0.068911] DMI not present or invalid.
[    0.073824] NET: Registered PF_NETLINK/PF_ROUTE protocol family
[    0.078775] DMA: preallocated 256 KiB GFP_KERNEL pool for atomic allocations
[    0.079234] DMA: preallocated 256 KiB GFP_KERNEL|GFP_DMA pool for atomic allocations
[    0.079597] DMA: preallocated 256 KiB GFP_KERNEL|GFP_DMA32 pool for atomic allocations
[    0.079852] audit: initializing netlink subsys (disabled)
[    0.080964] audit: type=2000 audit(0.076:1): state=initialized audit_enabled=0 res=1
[    0.083253] thermal_sys: Registered thermal governor 'step_wise'
[    0.083279] thermal_sys: Registered thermal governor 'power_allocator'
[    0.083547] cpuidle: using governor menu
[    0.084358] hw-breakpoint: found 6 breakpoint and 4 watchpoint registers.
[    0.084776] ASID allocator initialised with 32768 entries
[    0.087523] Serial: AMBA PL011 UART driver
[    0.108235] 9000000.pl011: ttyAMA0 at MMIO 0x9000000 (irq = 13, base_baud = 0) is a PL011 rev1
[    0.109117] printk: console [ttyAMA0] enabled
[    0.109117] printk: console [ttyAMA0] enabled
[    0.109372] printk: bootconsole [pl11] disabled
[    0.109372] printk: bootconsole [pl11] disabled
[    0.117842] Modules: 2G module region forced by RANDOMIZE_MODULE_REGION_FULL
[    0.117963] Modules: 0 pages in range for non-PLT usage
[    0.117974] Modules: 515504 pages in range for PLT usage
[    0.120255] HugeTLB: registered 1.00 GiB page size, pre-allocated 0 pages
[    0.120405] HugeTLB: 0 KiB vmemmap can be freed for a 1.00 GiB page
[    0.120489] HugeTLB: registered 32.0 MiB page size, pre-allocated 0 pages
[    0.120562] HugeTLB: 0 KiB vmemmap can be freed for a 32.0 MiB page
[    0.120630] HugeTLB: registered 2.00 MiB page size, pre-allocated 0 pages
[    0.120702] HugeTLB: 0 KiB vmemmap can be freed for a 2.00 MiB page
[    0.120769] HugeTLB: registered 64.0 KiB page size, pre-allocated 0 pages
[    0.120841] HugeTLB: 0 KiB vmemmap can be freed for a 64.0 KiB page
[    0.125258] ACPI: Interpreter disabled.
[    0.127913] iommu: Default domain type: Translated
[    0.128002] iommu: DMA domain TLB invalidation policy: strict mode
[    0.128820] SCSI subsystem initialized
[    0.129244] libata version 3.00 loaded.
[    0.130065] usbcore: registered new interface driver usbfs
[    0.130241] usbcore: registered new interface driver hub
[    0.130371] usbcore: registered new device driver usb
[    0.131305] pps_core: LinuxPPS API ver. 1 registered
[    0.131373] pps_core: Software ver. 5.3.6 - Copyright 2005-2007 Rodolfo Giometti <giometti@linux.it>
[    0.131510] PTP clock support registered
[    0.131770] EDAC MC: Ver: 3.0.0
[    0.133068] scmi_core: SCMI protocol bus registered
[    0.134156] FPGA manager framework
[    0.134555] Advanced Linux Sound Architecture Driver Initialized.
[    0.143333] vgaarb: loaded
[    0.144375] clocksource: Switched to clocksource arch_sys_counter
[    0.145088] VFS: Disk quotas dquot_6.6.0
[    0.145216] VFS: Dquot-cache hash table entries: 512 (order 0, 4096 bytes)
[    0.146107] pnp: PnP ACPI: disabled
[    0.155329] NET: Registered PF_INET protocol family
[    0.156200] IP idents hash table entries: 32768 (order: 6, 262144 bytes, linear)
[    0.159333] tcp_listen_portaddr_hash hash table entries: 1024 (order: 2, 16384 bytes, linear)
[    0.159484] Table-perturb hash table entries: 65536 (order: 6, 262144 bytes, linear)
[    0.159593] TCP established hash table entries: 16384 (order: 5, 131072 bytes, linear)
[    0.159799] TCP bind hash table entries: 16384 (order: 7, 524288 bytes, linear)
[    0.160048] TCP: Hash tables configured (established 16384 bind 16384)
[    0.160707] UDP hash table entries: 1024 (order: 3, 32768 bytes, linear)
[    0.160916] UDP-Lite hash table entries: 1024 (order: 3, 32768 bytes, linear)
[    0.161547] NET: Registered PF_UNIX/PF_LOCAL protocol family
[    0.163162] RPC: Registered named UNIX socket transport module.
[    0.163275] RPC: Registered udp transport module.
[    0.163334] RPC: Registered tcp transport module.
[    0.163390] RPC: Registered tcp-with-tls transport module.
[    0.163455] RPC: Registered tcp NFSv4.1 backchannel transport module.
[    0.163609] PCI: CLS 0 bytes, default 64
[    0.165685] Unpacking initramfs...
[    0.168675] kvm [1]: HYP mode not available
[    0.170609] Initialise system trusted keyrings
[    0.171537] workingset: timestamp_bits=42 max_order=19 bucket_order=0
[    0.172646] squashfs: version 4.0 (2009/01/31) Phillip Lougher
[    0.176742] NFS: Registering the id_resolver key type
[    0.176997] Key type id_resolver registered
[    0.177062] Key type id_legacy registered
[    0.177242] nfs4filelayout_init: NFSv4 File Layout Driver Registering...
[    0.177350] nfs4flexfilelayout_init: NFSv4 Flexfile Layout Driver Registering...
[    0.180910] 9p: Installing v9fs 9p2000 file system support
[    0.198398] Freeing initrd memory: 1376K
[    0.206274] Key type asymmetric registered
[    0.206429] Asymmetric key parser 'x509' registered
[    0.206761] Block layer SCSI generic (bsg) driver version 0.4 loaded (major 245)
[    0.206914] io scheduler mq-deadline registered
[    0.207001] io scheduler kyber registered
[    0.207292] io scheduler bfq registered
[    0.219148] pl061_gpio 9030000.pl061: PL061 GPIO chip registered
[    0.222607] pci-host-generic 4010000000.pcie: host bridge /pcie@10000000 ranges:
[    0.223069] pci-host-generic 4010000000.pcie:       IO 0x003eff0000..0x003effffff -> 0x0000000000
[    0.223441] pci-host-generic 4010000000.pcie:      MEM 0x0010000000..0x003efeffff -> 0x0010000000
[    0.223581] pci-host-generic 4010000000.pcie:      MEM 0x8000000000..0xffffffffff -> 0x8000000000
[    0.223921] pci-host-generic 4010000000.pcie: Memory resource size exceeds max for 32 bits
[    0.224407] pci-host-generic 4010000000.pcie: ECAM at [mem 0x4010000000-0x401fffffff] for [bus 00-ff]
[    0.225169] pci-host-generic 4010000000.pcie: PCI host bridge to bus 0000:00
[    0.225373] pci_bus 0000:00: root bus resource [bus 00-ff]
[    0.225472] pci_bus 0000:00: root bus resource [io  0x0000-0xffff]
[    0.225569] pci_bus 0000:00: root bus resource [mem 0x10000000-0x3efeffff]
[    0.225649] pci_bus 0000:00: root bus resource [mem 0x8000000000-0xffffffffff]
[    0.226554] pci 0000:00:00.0: [1b36:0008] type 00 class 0x060000
[    0.228678] pci 0000:00:01.0: [8086:100e] type 00 class 0x020000
[    0.228894] pci 0000:00:01.0: reg 0x10: [mem 0x00000000-0x0001ffff]
[    0.229011] pci 0000:00:01.0: reg 0x14: [io  0x0000-0x003f]
[    0.229090] pci 0000:00:01.0: reg 0x30: [mem 0x00000000-0x0003ffff pref]
[    0.230489] pci 0000:00:01.0: BAR 6: assigned [mem 0x10000000-0x1003ffff pref]
[    0.230680] pci 0000:00:01.0: BAR 0: assigned [mem 0x10040000-0x1005ffff]
[    0.230803] pci 0000:00:01.0: BAR 1: assigned [io  0x1000-0x103f]
[    0.235447] EINJ: ACPI disabled.
[    0.260908] Serial: 8250/16550 driver, 4 ports, IRQ sharing enabled
[    0.265121] SuperH (H)SCI(F) driver initialized
[    0.265723] msm_serial: driver initialized
[    0.266309] STM32 USART driver initialized
[    0.277596] loop: module loaded
[    0.279158] megasas: 07.725.01.00-rc1
[    0.282219] physmap-flash 0.flash: physmap platform flash device: [mem 0x00000000-0x03ffffff]
[    0.283058] 0.flash: Found 2 x16 devices at 0x0 in 32-bit bank. Manufacturer ID 0x000000 Chip ID 0x000000
[    0.283439] Intel/Sharp Extended Query Table at 0x0031
[    0.283851] Using buffer write method
[    0.284097] erase region 0: offset=0x0,size=0x40000,blocks=256
[    0.284418] physmap-flash 0.flash: physmap platform flash device: [mem 0x04000000-0x07ffffff]
[    0.284783] 0.flash: Found 2 x16 devices at 0x0 in 32-bit bank. Manufacturer ID 0x000000 Chip ID 0x000000
[    0.284943] Intel/Sharp Extended Query Table at 0x0031
[    0.285191] Using buffer write method
[    0.285266] erase region 0: offset=0x0,size=0x40000,blocks=256
[    0.285363] Concatenating MTD devices:
[    0.285415] (0): "0.flash"
[    0.285484] (1): "0.flash"
[    0.285543] into device "0.flash"
[    0.302812] tun: Universal TUN/TAP device driver, 1.6
[    0.304566] thunder_xcv, ver 1.0
[    0.304688] thunder_bgx, ver 1.0
[    0.304757] nicpf, ver 1.0
[    0.305950] hns3: Hisilicon Ethernet Network Driver for Hip08 Family - version
[    0.306045] hns3: Copyright (c) 2017 Huawei Corporation.
[    0.306235] hclge is initializing
[    0.306395] e1000: Intel(R) PRO/1000 Network Driver
[    0.306453] e1000: Copyright (c) 1999-2006 Intel Corporation.
[    0.308824] e1000 0000:00:01.0: enabling device (0000 -> 0003)
[    0.616604] e1000 0000:00:01.0 eth0: (PCI:33MHz:32-bit) xx:xx:xx:xx:xx:xx
[    0.617080] e1000 0000:00:01.0 eth0: Intel(R) PRO/1000 Network Connection
[    0.617366] e1000e: Intel(R) PRO/1000 Network Driver
[    0.617428] e1000e: Copyright(c) 1999 - 2015 Intel Corporation.
[    0.617566] igb: Intel(R) Gigabit Ethernet Network Driver
[    0.617626] igb: Copyright (c) 2007-2014 Intel Corporation.
[    0.617719] igbvf: Intel(R) Gigabit Virtual Function Network Driver
[    0.617787] igbvf: Copyright (c) 2009 - 2012 Intel Corporation.
[    0.618356] sky2: driver version 1.30
[    0.620442] VFIO - User Level meta-driver version: 0.3
[    0.623469] usbcore: registered new interface driver usb-storage
[    0.627974] rtc-pl031 9010000.pl031: registered as rtc0
[    0.628411] rtc-pl031 9010000.pl031: setting system clock to 2026-09-17T12:03:32 UTC (1789646612)
[    0.629422] i2c_dev: i2c /dev entries driver
[    0.635731] sdhci: Secure Digital Host Controller Interface driver
[    0.635819] sdhci: Copyright(c) Pierre Ossman
[    0.636555] Synopsys Designware Multimedia Card Interface Driver
[    0.637382] sdhci-pltfm: SDHCI platform and OF driver helper
[    0.639289] ledtrig-cpu: registered to indicate activity on CPUs
[    0.641765] usbcore: registered new interface driver usbhid
[    0.641846] usbhid: USB HID core driver
[    0.645982] hw perfevents: enabled with armv8_pmuv3 PMU driver, 7 counters available
[    0.651617] NET: Registered PF_PACKET protocol family
[    0.652402] 9pnet: Installing 9P2000 support
[    0.652638] Key type dns_resolver registered
[    0.662571] registered taskstats version 1
[    0.663266] Loading compiled-in X.509 certificates
[    0.675861] input: gpio-keys as /devices/platform/gpio-keys/input/input0
[    2.725118] e1000: eth0 NIC Link is Up 1000 Mbps Full Duplex, Flow Control: RX
[    2.744591] IP-Config: Complete:
[    2.744679]      device=eth0, hwaddr=xx:xx:xx:xx:xx:xx, ipaddr=10.0.2.15, mask=255.255.255.0, gw=10.0.2.2
[    2.744816]      host=10.0.2.15, domain=, nis-domain=(none)
[    2.744878]      bootserver=255.255.255.255, rootserver=255.255.255.255, rootpath=
[    2.746955] clk: Disabling unused clocks
[    2.747317] ALSA device list:
[    2.747378]   No soundcards found.
[    2.749354] uart-pl011 9000000.pl011: no DMA platform data
[    2.774204] Freeing unused kernel memory: 2624K
[    2.774746] Run /init as init process
[    2.774813]   with arguments:
[    2.774857]     /init
[    2.774892]   with environment:
[    2.774935]     HOME=/
[    2.774970]     TERM=linux
<1>nx679j: journal mirror: 914 bytes (file open, kmsg=4 pmsg=-1 rd=-1)
nx679j: mounts: start (uid=0 pid=55)
nx679j: ATTEMPT mount -t proc /proc
nx679j: mount proc      rc=0
nx679j: ATTEMPT mount -t sysfs /sys
nx679j: mount sysfs     rc=0
nx679j: ATTEMPT mount -t configfs /sys/kernel/config
nx679j: mount configfs  rc=0
nx679j: ATTEMPT mount -t pstore /sys/fs/pstore
nx679j: mount pstore    rc=0
nx679j: cmdline: console=ttyAMA0 earlycon loglevel=8 panic=10 rdinit=/init ip=10.0.2.15::10.0.2.2:255.255.255.0::eth0:off
nx679j: kernel 6.6.60 aarch64
nx679j: /proc/devices: pmsg=no
nx679j: configfs usb_gadget=absent
nx679j: 0 .ko files visible in /lib/modules
nx679j: mounts: done
nx679j: FIRST JOURNAL WRITE, no module loaded yet (device tree nodes UFS=absent USB=present)
nx679j: /dev/block/by-name present: no
nx679j: /dev present: kmsg=yes pmsg0=yes console=yes
nx679j: ---- dump (first journal write: NO rawdump partition found) ----
nx679j: pmsg unavailable (no ramoops this boot)
[    2.846872] nx679j: journal mirror: 914 bytes (file open, kmsg=4 pmsg=-1 rd=-1)
[    2.847068] nx679j: mounts: start (uid=0 pid=55)
[    2.847068] nx679j: ATTEMPT mount -t proc /proc
[    2.847068] nx679j: mount proc      rc=0
[    2.847068] nx679j: ATTEMPT mount -t sysfs /sys
[    2.847068] nx679j: mount sysfs     rc=0
[    2.847068] nx679j: ATTEMPT mount -t configfs /sys/kernel/config
[    2.847068] nx679j: mount configfs  rc=0
[    2.847068] nx679j: ATTEMPT mount -t pstore /sys/fs/pstore
[    2.847068] nx679j: mount pstore    rc=0
[    2.847068] nx679j: cmdline: console=ttyAMA0 earlycon loglevel=8 panic=10 rdinit=/init ip=10.0.2.15::10.0.2.2:255.255.255.0::eth0:off
[    2.847068] nx679j: kernel 6.6.60 aarch64
[    2.847068] nx679j: /proc/devices: pmsg=no
[    2.847068] nx679j: configfs usb_gadget=absent
[    2.847068] nx679j: 0 .ko files visible in /lib/modules
[    2.847068] nx679j: mounts: done
[    2.847068] nx679j: FIRST JOURNAL WRITE, no module loaded yet (device tree nodes UFS=absent USB=present)
[    2.847068] nx679j: /dev/block/by-name present: no
[    2.847068] nx679j: /dev present: kmsg=yes pmsg0=yes console=yes
[    2.847068] nx679j: ---- dump (first journal write: NO rawdump partition found) ----
[    2.847068] nx679j: pmsg unavailable (no ramoops this boot)
<1>nx679j: journal mirror: 1137 bytes (file open, kmsg=4 pmsg=-1 rd=-1)
nx679j: mounts: start (uid=0 pid=55)
nx679j: ATTEMPT mount -t proc /proc
nx679j: mount proc      rc=0
nx679j: ATTEMPT mount -t sysfs /sys
nx679j: mount sysfs     rc=0
nx679j: ATTEMPT mount -t configfs /sys/kernel/config
nx679j: mount configfs  rc=0
nx679j: ATTEMPT mount -t pstore /sys/fs/pstore
nx679j: mount pstore    rc=0
nx679j: cmdline: console=ttyAMA0 earlycon loglevel=8 panic=10 rdinit=/init ip=10.0.2.15::10.0.2.2:255.255.255.0::eth0:off
nx679j: kernel 6.6.60 aarch64
nx679j: /proc/devices: pmsg=no
nx679j: configfs usb_gadget=absent
nx679j: 0 .ko files visible in /lib/modules
nx679j: mounts: done
nx679j: FIRST JOURNAL WRITE, no module loaded yet (device tree nodes UFS=absent USB=present)
nx679j: /dev/block/by-name present: no
nx679j: /dev present: kmsg=yes pmsg0=yes console=yes
nx679j: ---- dump (first journal write: NO rawdump partition found) ----
nx679j: pmsg unavailable (no ramoops this boot)
nx679j: journal is durable on rawdump: no
nx679j: PID1-OP-FAILED op=journal rc=1 journal=0 gadget=0
nx679j: ---- dump (PID1-OP-FAILED op=journal rc=1 journal=0 gadget=0) ----
nx679j: pmsg unavailable (no ramoops this boot)
[    2.896211] nx679j: journal mirror: 1137 bytes (file open, kmsg=4 pmsg=-1 rd=-1)
<1>nx679j: journal mirror: 1885 bytes (file open, kmsg=4 pmsg=-1 rd=-1)
nx679j: mounts: start (uid=0 pid=55)
nx679j: ATTEMPT mount -t proc /proc
nx679j: mount proc      rc=0
nx679j: ATTEMPT mount -t sysfs /sys
nx679j: mount sysfs     rc=0
nx679j: ATTEMPT mount -t configfs /sys/kernel/config
nx679j: mount configfs  rc=0
nx679j: ATTEMPT mount -t pstore /sys/fs/pstore
nx679j: mount pstore    rc=0
nx679j: cmdline: console=ttyAMA0 earlycon loglevel=8 panic=10 rdinit=/init ip=10.0.2.15::10.0.2.2:255.255.255.0::eth0:off
nx679j: kernel 6.6.60 aarch64
nx679j: /proc/devices: pmsg=no
nx679j: configfs usb_gadget=absent
nx679j: 0 .ko files visible in /lib/modules
nx679j: mounts: done
nx679j: FIRST JOURNAL WRITE, no module loaded yet (device tree nodes UFS=absent USB=present)
nx679j: /dev/block/by-name present: no
nx679j: /dev present: kmsg=yes pmsg0=yes console=yes
nx679j: ---- dump (first journal write: NO rawdump partition found) ----
nx679j: pmsg unavailable (no ramoops this boot)
nx679j: journal is durable on rawdump: no
nx679j: PID1-OP-FAILED op=journal rc=1 journal=0 gadget=0
nx679j: ---- dump (PID1-OP-FAILED op=journal rc=1 journal=0 gadget=0) ----
nx679j: pmsg unavailable (no ramoops this boot)
nx679j: gadget: start
nx679j: usb_role nodes set to device: 0
nx679j: ATTEMPT wait for a real UDC (1/12)
nx679j: ATTEMPT wait for a real UDC (2/12)
nx679j: ATTEMPT wait for a real UDC (3/12)
nx679j: ATTEMPT wait for a real UDC (4/12)
nx679j: ATTEMPT wait for a real UDC (5/12)
nx679j: ATTEMPT wait for a real UDC (6/12)
nx679j: ATTEMPT wait for a real UDC (7/12)
nx679j: ATTEMPT wait for a real UDC (8/12)
nx679j: ATTEMPT wait for a real UDC (9/12)
nx679j: ATTEMPT wait for a real UDC (10/12)
nx679j: ATTEMPT wait for a real UDC (11/12)
nx679j: ATTEMPT wait for a real UDC (12/12)
nx679j: gadget: NO UDC after 12 s (dwc3_msm not up?)
nx679j: gadget: rc=-1
nx679j: ---- dump (end of gadget step) ----
nx679j: pmsg unavailable (no ramoops this boot)
[   14.962022] nx679j: journal mirror: 1885 bytes (file open, kmsg=4 pmsg=-1 rd=-1)
<1>nx679j: journal mirror: 2064 bytes (file open, kmsg=4 pmsg=-1 rd=-1)
nx679j: mounts: start (uid=0 pid=55)
nx679j: ATTEMPT mount -t proc /proc
nx679j: mount proc      rc=0
nx679j: ATTEMPT mount -t sysfs /sys
nx679j: mount sysfs     rc=0
nx679j: ATTEMPT mount -t configfs /sys/kernel/config
nx679j: mount configfs  rc=0
nx679j: ATTEMPT mount -t pstore /sys/fs/pstore
nx679j: mount pstore    rc=0
nx679j: cmdline: console=ttyAMA0 earlycon loglevel=8 panic=10 rdinit=/init ip=10.0.2.15::10.0.2.2:255.255.255.0::eth0:off
nx679j: kernel 6.6.60 aarch64
nx679j: /proc/devices: pmsg=no
nx679j: configfs usb_gadget=absent
nx679j: 0 .ko files visible in /lib/modules
nx679j: mounts: done
nx679j: FIRST JOURNAL WRITE, no module loaded yet (device tree nodes UFS=absent USB=present)
nx679j: /dev/block/by-name present: no
nx679j: /dev present: kmsg=yes pmsg0=yes console=yes
nx679j: ---- dump (first journal write: NO rawdump partition found) ----
nx679j: pmsg unavailable (no ramoops this boot)
nx679j: journal is durable on rawdump: no
nx679j: PID1-OP-FAILED op=journal rc=1 journal=0 gadget=0
nx679j: ---- dump (PID1-OP-FAILED op=journal rc=1 journal=0 gadget=0) ----
nx679j: pmsg unavailable (no ramoops this boot)
nx679j: gadget: start
nx679j: usb_role nodes set to device: 0
nx679j: ATTEMPT wait for a real UDC (1/12)
nx679j: ATTEMPT wait for a real UDC (2/12)
nx679j: ATTEMPT wait for a real UDC (3/12)
nx679j: ATTEMPT wait for a real UDC (4/12)
nx679j: ATTEMPT wait for a real UDC (5/12)
nx679j: ATTEMPT wait for a real UDC (6/12)
nx679j: ATTEMPT wait for a real UDC (7/12)
nx679j: ATTEMPT wait for a real UDC (8/12)
nx679j: ATTEMPT wait for a real UDC (9/12)
nx679j: ATTEMPT wait for a real UDC (10/12)
nx679j: ATTEMPT wait for a real UDC (11/12)
nx679j: ATTEMPT wait for a real UDC (12/12)
nx679j: gadget: NO UDC after 12 s (dwc3_msm not up?)
nx679j: gadget: rc=-1
nx679j: ---- dump (end of gadget step) ----
nx679j: pmsg unavailable (no ramoops this boot)
nx679j: PID1-OP-FAILED op=gadget rc=1 journal=0 gadget=0
nx679j: ---- dump (PID1-OP-FAILED op=gadget rc=1 journal=0 gadget=0) ----
nx679j: pmsg unavailable (no ramoops this boot)
[   14.986723] nx679j: journal mirror: 2064 bytes (file open, kmsg=4 pmsg=-1 rd=-1)
<1>nx679j: journal mirror: 2301 bytes (file open, kmsg=4 pmsg=-1 rd=-1)
nx679j: mounts: start (uid=0 pid=55)
nx679j: ATTEMPT mount -t proc /proc
nx679j: mount proc      rc=0
nx679j: ATTEMPT mount -t sysfs /sys
nx679j: mount sysfs     rc=0
nx679j: ATTEMPT mount -t configfs /sys/kernel/config
nx679j: mount configfs  rc=0
nx679j: ATTEMPT mount -t pstore /sys/fs/pstore
nx679j: mount pstore    rc=0
nx679j: cmdline: console=ttyAMA0 earlycon loglevel=8 panic=10 rdinit=/init ip=10.0.2.15::10.0.2.2:255.255.255.0::eth0:off
nx679j: kernel 6.6.60 aarch64
nx679j: /proc/devices: pmsg=no
nx679j: configfs usb_gadget=absent
nx679j: 0 .ko files visible in /lib/modules
nx679j: mounts: done
nx679j: FIRST JOURNAL WRITE, no module loaded yet (device tree nodes UFS=absent USB=present)
nx679j: /dev/block/by-name present: no
nx679j: /dev present: kmsg=yes pmsg0=yes console=yes
nx679j: ---- dump (first journal write: NO rawdump partition found) ----
nx679j: pmsg unavailable (no ramoops this boot)
nx679j: journal is durable on rawdump: no
nx679j: PID1-OP-FAILED op=journal rc=1 journal=0 gadget=0
nx679j: ---- dump (PID1-OP-FAILED op=journal rc=1 journal=0 gadget=0) ----
nx679j: pmsg unavailable (no ramoops this boot)
nx679j: gadget: start
nx679j: usb_role nodes set to device: 0
nx679j: ATTEMPT wait for a real UDC (1/12)
nx679j: ATTEMPT wait for a real UDC (2/12)
nx679j: ATTEMPT wait for a real UDC (3/12)
nx679j: ATTEMPT wait for a real UDC (4/12)
nx679j: ATTEMPT wait for a real UDC (5/12)
nx679j: ATTEMPT wait for a real UDC (6/12)
nx679j: ATTEMPT wait for a real UDC (7/12)
nx679j: ATTEMPT wait for a real UDC (8/12)
nx679j: ATTEMPT wait for a real UDC (9/12)
nx679j: ATTEMPT wait for a real UDC (10/12)
nx679j: ATTEMPT wait for a real UDC (11/12)
nx679j: ATTEMPT wait for a real UDC (12/12)
nx679j: gadget: NO UDC after 12 s (dwc3_msm not up?)
nx679j: gadget: rc=-1
nx679j: ---- dump (end of gadget step) ----
nx679j: pmsg unavailable (no ramoops this boot)
nx679j: PID1-OP-FAILED op=gadget rc=1 journal=0 gadget=0
nx679j: ---- dump (PID1-OP-FAILED op=gadget rc=1 journal=0 gadget=0) ----
nx679j: pmsg unavailable (no ramoops this boot)
nx679j: chain: start
nx679j: chain: 47 modules to try, 0 .ko visible
nx679j: MOD phy_qcom_emu                       MISSING (no .ko in /lib/modules)
nx679j: ---- dump (chain progress) ----
nx679j: pmsg unavailable (no ramoops this boot)
[   15.040537] nx679j: journal mirror: 2301 bytes (file open, kmsg=4 pmsg=-1 rd=-1)
<1>nx679j: journal mirror: 3029 bytes (file open, kmsg=4 pmsg=-1 rd=-1)
nx679j: mounts: start (uid=0 pid=55)
nx679j: ATTEMPT mount -t proc /proc
nx679j: mount proc      rc=0
nx679j: ATTEMPT mount -t sysfs /sys
nx679j: mount sysfs     rc=0
nx679j: ATTEMPT mount -t configfs /sys/kernel/config
nx679j: mount configfs  rc=0
nx679j: ATTEMPT mount -t pstore /sys/fs/pstore
nx679j: mount pstore    rc=0
nx679j: cmdline: console=ttyAMA0 earlycon loglevel=8 panic=10 rdinit=/init ip=10.0.2.15::10.0.2.2:255.255.255.0::eth0:off
nx679j: kernel 6.6.60 aarch64
nx679j: /proc/devices: pmsg=no
nx679j: configfs usb_gadget=absent
nx679j: 0 .ko files visible in /lib/modules
nx679j: mounts: done
nx679j: FIRST JOURNAL WRITE, no module loaded yet (device tree nodes UFS=absent USB=present)
nx679j: /dev/block/by-name present: no
nx679j: /dev present: kmsg=yes pmsg0=yes console=yes
nx679j: ---- dump (first journal write: NO rawdump partition found) ----
nx679j: pmsg unavailable (no ramoops this boot)
nx679j: journal is durable on rawdump: no
nx679j: PID1-OP-FAILED op=journal rc=1 journal=0 gadget=0
nx679j: ---- dump (PID1-OP-FAILED op=journal rc=1 journal=0 gadget=0) ----
nx679j: pmsg unavailable (no ramoops this boot)
nx679j: gadget: start
nx679j: usb_role nodes set to device: 0
nx679j: ATTEMPT wait for a real UDC (1/12)
nx679j: ATTEMPT wait for a real UDC (2/12)
nx679j: ATTEMPT wait for a real UDC (3/12)
nx679j: ATTEMPT wait for a real UDC (4/12)
nx679j: ATTEMPT wait for a real UDC (5/12)
nx679j: ATTEMPT wait for a real UDC (6/12)
nx679j: ATTEMPT wait for a real UDC (7/12)
nx679j: ATTEMPT wait for a real UDC (8/12)
nx679j: ATTEMPT wait for a real UDC (9/12)
nx679j: ATTEMPT wait for a real UDC (10/12)
nx679j: ATTEMPT wait for a real UDC (11/12)
nx679j: ATTEMPT wait for a real UDC (12/12)
nx679j: gadget: NO UDC after 12 s (dwc3_msm not up?)
nx679j: gadget: rc=-1
nx679j: ---- dump (end of gadget step) ----
nx679j: pmsg unavailable (no ramoops this boot)
nx679j: PID1-OP-FAILED op=gadget rc=1 journal=0 gadget=0
nx679j: ---- dump (PID1-OP-FAILED op=gadget rc=1 journal=0 gadget=0) ----
nx679j: pmsg unavailable (no ramoops this boot)
nx679j: chain: start
nx679j: chain: 47 modules to try, 0 .ko visible
nx679j: MOD phy_qcom_emu                       MISSING (no .ko in /lib/modules)
nx679j: ---- dump (chain progress) ----
nx679j: pmsg unavailable (no ramoops this boot)
nx679j: MOD repeater                           MISSING (no .ko in /lib/modules)
nx679j: MOD qcom_scm                           MISSING (no .ko in /lib/modules)
nx679j: MOD phy_msm_snps_eusb2                 MISSING (no .ko in /lib/modules)
nx679j: MOD phy_qcom_ufs                       MISSING (no .ko in /lib/modules)
nx679j: MOD phy_qcom_ufs_qmp_v4_lahaina        MISSING (no .ko in /lib/modules)
nx679j: MOD qcom_hwspinlock                    MISSING (no .ko in /lib/modules)
nx679j: MOD smem                               MISSING (no .ko in /lib/modules)
nx679j: MOD minidump                           MISSING (no .ko in /lib/modules)
nx679j: ---- dump (chain progress) ----
nx679j: pmsg unavailable (no ramoops this boot)
[   15.048029] nx679j: journal mirror: 3029 bytes (file open, kmsg=4 pmsg=-1 rd=-1)
<1>nx679j: journal mirror: 3739 bytes (file open, kmsg=4 pmsg=-1 rd=-1)
nx679j: mounts: start (uid=0 pid=55)
nx679j: ATTEMPT mount -t proc /proc
nx679j: mount proc      rc=0
nx679j: ATTEMPT mount -t sysfs /sys
nx679j: mount sysfs     rc=0
nx679j: ATTEMPT mount -t configfs /sys/kernel/config
nx679j: mount configfs  rc=0
nx679j: ATTEMPT mount -t pstore /sys/fs/pstore
nx679j: mount pstore    rc=0
nx679j: cmdline: console=ttyAMA0 earlycon loglevel=8 panic=10 rdinit=/init ip=10.0.2.15::10.0.2.2:255.255.255.0::eth0:off
nx679j: kernel 6.6.60 aarch64
nx679j: /proc/devices: pmsg=no
nx679j: configfs usb_gadget=absent
nx679j: 0 .ko files visible in /lib/modules
nx679j: mounts: done
nx679j: FIRST JOURNAL WRITE, no module loaded yet (device tree nodes UFS=absent USB=present)
nx679j: /dev/block/by-name present: no
nx679j: /dev present: kmsg=yes pmsg0=yes console=yes
nx679j: ---- dump (first journal write: NO rawdump partition found) ----
nx679j: pmsg unavailable (no ramoops this boot)
nx679j: journal is durable on rawdump: no
nx679j: PID1-OP-FAILED op=journal rc=1 journal=0 gadget=0
nx679j: ---- dump (PID1-OP-FAILED op=journal rc=1 journal=0 gadget=0) ----
nx679j: pmsg unavailable (no ramoops this boot)
nx679j: gadget: start
nx679j: usb_role nodes set to device: 0
nx679j: ATTEMPT wait for a real UDC (1/12)
nx679j: ATTEMPT wait for a real UDC (2/12)
nx679j: ATTEMPT wait for a real UDC (3/12)
nx679j: ATTEMPT wait for a real UDC (4/12)
nx679j: ATTEMPT wait for a real UDC (5/12)
nx679j: ATTEMPT wait for a real UDC (6/12)
nx679j: ATTEMPT wait for a real UDC (7/12)
nx679j: ATTEMPT wait for a real UDC (8/12)
nx679j: ATTEMPT wait for a real UDC (9/12)
nx679j: ATTEMPT wait for a real UDC (10/12)
nx679j: ATTEMPT wait for a real UDC (11/12)
nx679j: ATTEMPT wait for a real UDC (12/12)
nx679j: gadget: NO UDC after 12 s (dwc3_msm not up?)
nx679j: gadget: rc=-1
nx679j: ---- dump (end of gadget step) ----
nx679j: pmsg unavailable (no ramoops this boot)
nx679j: PID1-OP-FAILED op=gadget rc=1 journal=0 gadget=0
nx679j: ---- dump (PID1-OP-FAILED op=gadget rc=1 journal=0 gadget=0) ----
nx679j: pmsg unavailable (no ramoops this boot)
nx679j: chain: start
nx679j: chain: 47 modules to try, 0 .ko visible
nx679j: MOD phy_qcom_emu                       MISSING (no .ko in /lib/modules)
nx679j: ---- dump (chain progress) ----
nx679j: pmsg unavailable (no ramoops this boot)
nx679j: MOD repeater                           MISSING (no .ko in /lib/modules)
nx679j: MOD qcom_scm                           MISSING (no .ko in /lib/modules)
nx679j: MOD phy_msm_snps_eusb2                 MISSING (no .ko in /lib/modules)
nx679j: MOD phy_qcom_ufs                       MISSING (no .ko in /lib/modules)
nx679j: MOD phy_qcom_ufs_qmp_v4_lahaina        MISSING (no .ko in /lib/modules)
nx679j: MOD qcom_hwspinlock                    MISSING (no .ko in /lib/modules)
nx679j: MOD smem                               MISSING (no .ko in /lib/modules)
nx679j: MOD minidump                           MISSING (no .ko in /lib/modules)
nx679j: ---- dump (chain progress) ----
nx679j: pmsg unavailable (no ramoops this boot)
nx679j: MOD qcom_ipc_logging                   MISSING (no .ko in /lib/modules)
nx679j: MOD qcom_glink                         MISSING (no .ko in /lib/modules)
nx679j: MOD qcom_glink_spss                    MISSING (no .ko in /lib/modules)
nx679j: MOD phy_qcom_ufs_qmp_14nm              MISSING (no .ko in /lib/modules)
nx679j: MOD phy_qcom_ufs_qmp_v3                MISSING (no .ko in /lib/modules)
nx679j: MOD nvmem_qfprom                       already-loaded
nx679j: MOD qti_regmap_debugfs                 MISSING (no .ko in /lib/modules)
nx679j: MOD ns                                 MISSING (no .ko in /lib/modules)
nx679j: ---- dump (chain progress) ----
nx679j: pmsg unavailable (no ramoops this boot)
[   15.056112] nx679j: journal mirror: 3739 bytes (file open, kmsg=4 pmsg=-1 rd=-1)
<1>nx679j: journal mirror: 4467 bytes (file open, kmsg=4 pmsg=-1 rd=-1)
nx679j: mounts: start (uid=0 pid=55)
nx679j: ATTEMPT mount -t proc /proc
nx679j: mount proc      rc=0
nx679j: ATTEMPT mount -t sysfs /sys
nx679j: mount sysfs     rc=0
nx679j: ATTEMPT mount -t configfs /sys/kernel/config
nx679j: mount configfs  rc=0
nx679j: ATTEMPT mount -t pstore /sys/fs/pstore
nx679j: mount pstore    rc=0
nx679j: cmdline: console=ttyAMA0 earlycon loglevel=8 panic=10 rdinit=/init ip=10.0.2.15::10.0.2.2:255.255.255.0::eth0:off
nx679j: kernel 6.6.60 aarch64
nx679j: /proc/devices: pmsg=no
nx679j: configfs usb_gadget=absent
nx679j: 0 .ko files visible in /lib/modules
nx679j: mounts: done
nx679j: FIRST JOURNAL WRITE, no module loaded yet (device tree nodes UFS=absent USB=present)
nx679j: /dev/block/by-name present: no
nx679j: /dev present: kmsg=yes pmsg0=yes console=yes
nx679j: ---- dump (first journal write: NO rawdump partition found) ----
nx679j: pmsg unavailable (no ramoops this boot)
nx679j: journal is durable on rawdump: no
nx679j: PID1-OP-FAILED op=journal rc=1 journal=0 gadget=0
nx679j: ---- dump (PID1-OP-FAILED op=journal rc=1 journal=0 gadget=0) ----
nx679j: pmsg unavailable (no ramoops this boot)
nx679j: gadget: start
nx679j: usb_role nodes set to device: 0
nx679j: ATTEMPT wait for a real UDC (1/12)
nx679j: ATTEMPT wait for a real UDC (2/12)
nx679j: ATTEMPT wait for a real UDC (3/12)
nx679j: ATTEMPT wait for a real UDC (4/12)
nx679j: ATTEMPT wait for a real UDC (5/12)
nx679j: ATTEMPT wait for a real UDC (6/12)
nx679j: ATTEMPT wait for a real UDC (7/12)
nx679j: ATTEMPT wait for a real UDC (8/12)
nx679j: ATTEMPT wait for a real UDC (9/12)
nx679j: ATTEMPT wait for a real UDC (10/12)
nx679j: ATTEMPT wait for a real UDC (11/12)
nx679j: ATTEMPT wait for a real UDC (12/12)
nx679j: gadget: NO UDC after 12 s (dwc3_msm not up?)
nx679j: gadget: rc=-1
nx679j: ---- dump (end of gadget step) ----
nx679j: pmsg unavailable (no ramoops this boot)
nx679j: PID1-OP-FAILED op=gadget rc=1 journal=0 gadget=0
nx679j: ---- dump (PID1-OP-FAILED op=gadget rc=1 journal=0 gadget=0) ----
nx679j: pmsg unavailable (no ramoops this boot)
nx679j: chain: start
nx679j: chain: 47 modules to try, 0 .ko visible
nx679j: MOD phy_qcom_emu                       MISSING (no .ko in /lib/modules)
nx679j: ---- dump (chain progress) ----
nx679j: pmsg unavailable (no ramoops this boot)
nx679j: MOD repeater                           MISSING (no .ko in /lib/modules)
nx679j: MOD qcom_scm                           MISSING (no .ko in /lib/modules)
nx679j: MOD phy_msm_snps_eusb2                 MISSING (no .ko in /lib/modules)
nx679j: MOD phy_qcom_ufs                       MISSING (no .ko in /lib/modules)
nx679j: MOD phy_qcom_ufs_qmp_v4_lahaina        MISSING (no .ko in /lib/modules)
nx679j: MOD qcom_hwspinlock                    MISSING (no .ko in /lib/modules)
nx679j: MOD smem                               MISSING (no .ko in /lib/modules)
nx679j: MOD minidump                           MISSING (no .ko in /lib/modules)
nx679j: ---- dump (chain progress) ----
nx679j: pmsg unavailable (no ramoops this boot)
nx679j: MOD qcom_ipc_logging                   MISSING (no .ko in /lib/modules)
nx679j: MOD qcom_glink                         MISSING (no .ko in /lib/modules)
nx679j: MOD qcom_glink_spss                    MISSING (no .ko in /lib/modules)
nx679j: MOD phy_qcom_ufs_qmp_14nm              MISSING (no .ko in /lib/modules)
nx679j: MOD phy_qcom_ufs_qmp_v3                MISSING (no .ko in /lib/modules)
nx679j: MOD nvmem_qfprom                       already-loaded
nx679j: MOD qti_regmap_debugfs                 MISSING (no .ko in /lib/modules)
nx679j: MOD ns                                 MISSING (no .ko in /lib/modules)
nx679j: ---- dump (chain progress) ----
nx679j: pmsg unavailable (no ramoops this boot)
nx679j: MOD qrtr                               MISSING (no .ko in /lib/modules)
nx679j: MOD qmi_helpers                        MISSING (no .ko in /lib/modules)
nx679j: MOD qcom_smd                           MISSING (no .ko in /lib/modules)
nx679j: MOD qcom_glink_smem                    MISSING (no .ko in /lib/modules)
nx679j: MOD rproc_qcom_common                  MISSING (no .ko in /lib/modules)
nx679j: MOD pdr_interface                      MISSING (no .ko in /lib/modules)
nx679j: MOD pmic_glink                         MISSING (no .ko in /lib/modules)
nx679j: MOD ucsi_glink                         MISSING (no .ko in /lib/modules)
nx679j: ---- dump (chain progress) ----
nx679j: pmsg unavailable (no ramoops this boot)
[   15.065302] nx679j: journal mirror: 4467 bytes (file open, kmsg=4 pmsg=-1 rd=-1)
<1>nx679j: journal mirror: 5195 bytes (file open, kmsg=4 pmsg=-1 rd=-1)
nx679j: mounts: start (uid=0 pid=55)
nx679j: ATTEMPT mount -t proc /proc
nx679j: mount proc      rc=0
nx679j: ATTEMPT mount -t sysfs /sys
nx679j: mount sysfs     rc=0
nx679j: ATTEMPT mount -t configfs /sys/kernel/config
nx679j: mount configfs  rc=0
nx679j: ATTEMPT mount -t pstore /sys/fs/pstore
nx679j: mount pstore    rc=0
nx679j: cmdline: console=ttyAMA0 earlycon loglevel=8 panic=10 rdinit=/init ip=10.0.2.15::10.0.2.2:255.255.255.0::eth0:off
nx679j: kernel 6.6.60 aarch64
nx679j: /proc/devices: pmsg=no
nx679j: configfs usb_gadget=absent
nx679j: 0 .ko files visible in /lib/modules
nx679j: mounts: done
nx679j: FIRST JOURNAL WRITE, no module loaded yet (device tree nodes UFS=absent USB=present)
nx679j: /dev/block/by-name present: no
nx679j: /dev present: kmsg=yes pmsg0=yes console=yes
nx679j: ---- dump (first journal write: NO rawdump partition found) ----
nx679j: pmsg unavailable (no ramoops this boot)
nx679j: journal is durable on rawdump: no
nx679j: PID1-OP-FAILED op=journal rc=1 journal=0 gadget=0
nx679j: ---- dump (PID1-OP-FAILED op=journal rc=1 journal=0 gadget=0) ----
nx679j: pmsg unavailable (no ramoops this boot)
nx679j: gadget: start
nx679j: usb_role nodes set to device: 0
nx679j: ATTEMPT wait for a real UDC (1/12)
nx679j: ATTEMPT wait for a real UDC (2/12)
nx679j: ATTEMPT wait for a real UDC (3/12)
nx679j: ATTEMPT wait for a real UDC (4/12)
nx679j: ATTEMPT wait for a real UDC (5/12)
nx679j: ATTEMPT wait for a real UDC (6/12)
nx679j: ATTEMPT wait for a real UDC (7/12)
nx679j: ATTEMPT wait for a real UDC (8/12)
nx679j: ATTEMPT wait for a real UDC (9/12)
nx679j: ATTEMPT wait for a real UDC (10/12)
nx679j: ATTEMPT wait for a real UDC (11/12)
nx679j: ATTEMPT wait for a real UDC (12/12)
nx679j: gadget: NO UDC after 12 s (dwc3_msm not up?)
nx679j: gadget: rc=-1
nx679j: ---- dump (end of gadget step) ----
nx679j: pmsg unavailable (no ramoops this boot)
nx679j: PID1-OP-FAILED op=gadget rc=1 journal=0 gadget=0
nx679j: ---- dump (PID1-OP-FAILED op=gadget rc=1 journal=0 gadget=0) ----
nx679j: pmsg unavailable (no ramoops this boot)
nx679j: chain: start
nx679j: chain: 47 modules to try, 0 .ko visible
nx679j: MOD phy_qcom_emu                       MISSING (no .ko in /lib/modules)
nx679j: ---- dump (chain progress) ----
nx679j: pmsg unavailable (no ramoops this boot)
nx679j: MOD repeater                           MISSING (no .ko in /lib/modules)
nx679j: MOD qcom_scm                           MISSING (no .ko in /lib/modules)
nx679j: MOD phy_msm_snps_eusb2                 MISSING (no .ko in /lib/modules)
nx679j: MOD phy_qcom_ufs                       MISSING (no .ko in /lib/modules)
nx679j: MOD phy_qcom_ufs_qmp_v4_lahaina        MISSING (no .ko in /lib/modules)
nx679j: MOD qcom_hwspinlock                    MISSING (no .ko in /lib/modules)
nx679j: MOD smem                               MISSING (no .ko in /lib/modules)
nx679j: MOD minidump                           MISSING (no .ko in /lib/modules)
nx679j: ---- dump (chain progress) ----
nx679j: pmsg unavailable (no ramoops this boot)
nx679j: MOD qcom_ipc_logging                   MISSING (no .ko in /lib/modules)
nx679j: MOD qcom_glink                         MISSING (no .ko in /lib/modules)
nx679j: MOD qcom_glink_spss                    MISSING (no .ko in /lib/modules)
nx679j: MOD phy_qcom_ufs_qmp_14nm              MISSING (no .ko in /lib/modules)
nx679j: MOD phy_qcom_ufs_qmp_v3                MISSING (no .ko in /lib/modules)
nx679j: MOD nvmem_qfprom                       already-loaded
nx679j: MOD qti_regmap_debugfs                 MISSING (no .ko in /lib/modules)
nx679j: MOD ns                                 MISSING (no .ko in /lib/modules)
nx679j: ---- dump (chain progress) ----
nx679j: pmsg unavailable (no ramoops this boot)
nx679j: MOD qrtr                               MISSING (no .ko in /lib/modules)
nx679j: MOD qmi_helpers                        MISSING (no .ko in /lib/modules)
nx679j: MOD qcom_smd                           MISSING (no .ko in /lib/modules)
nx679j: MOD qcom_glink_smem                    MISSING (no .ko in /lib/modules)
nx679j: MOD rproc_qcom_common                  MISSING (no .ko in /lib/modules)
nx679j: MOD pdr_interface                      MISSING (no .ko in /lib/modules)
nx679j: MOD pmic_glink                         MISSING (no .ko in /lib/modules)
nx679j: MOD ucsi_glink                         MISSING (no .ko in /lib/modules)
nx679j: ---- dump (chain progress) ----
nx679j: pmsg unavailable (no ramoops this boot)
nx679j: MOD fsa4480_i2c                        MISSING (no .ko in /lib/modules)
nx679j: MOD altmode_glink                      MISSING (no .ko in /lib/modules)
nx679j: MOD proxy_consumer                     MISSING (no .ko in /lib/modules)
nx679j: MOD debug_regulator                    MISSING (no .ko in /lib/modules)
nx679j: MOD gdsc_regulator                     MISSING (no .ko in /lib/modules)
nx679j: MOD clk_qcom                           MISSING (no .ko in /lib/modules)
nx679j: MOD ssusb_redriver_nb7vpq904m          MISSING (no .ko in /lib/modules)
nx679j: MOD phy_generic                        MISSING (no .ko in /lib/modules)
nx679j: ---- dump (chain progress) ----
nx679j: pmsg unavailable (no ramoops this boot)
[   15.075275] nx679j: journal mirror: 5195 bytes (file open, kmsg=4 pmsg=-1 rd=-1)
<1>nx679j: journal mirror: 5923 bytes (file open, kmsg=4 pmsg=-1 rd=-1)
nx679j: mounts: start (uid=0 pid=55)
nx679j: ATTEMPT mount -t proc /proc
nx679j: mount proc      rc=0
nx679j: ATTEMPT mount -t sysfs /sys
nx679j: mount sysfs     rc=0
nx679j: ATTEMPT mount -t configfs /sys/kernel/config
nx679j: mount configfs  rc=0
nx679j: ATTEMPT mount -t pstore /sys/fs/pstore
nx679j: mount pstore    rc=0
nx679j: cmdline: console=ttyAMA0 earlycon loglevel=8 panic=10 rdinit=/init ip=10.0.2.15::10.0.2.2:255.255.255.0::eth0:off
nx679j: kernel 6.6.60 aarch64
nx679j: /proc/devices: pmsg=no
nx679j: configfs usb_gadget=absent
nx679j: 0 .ko files visible in /lib/modules
nx679j: mounts: done
nx679j: FIRST JOURNAL WRITE, no module loaded yet (device tree nodes UFS=absent USB=present)
nx679j: /dev/block/by-name present: no
nx679j: /dev present: kmsg=yes pmsg0=yes console=yes
nx679j: ---- dump (first journal write: NO rawdump partition found) ----
nx679j: pmsg unavailable (no ramoops this boot)
nx679j: journal is durable on rawdump: no
nx679j: PID1-OP-FAILED op=journal rc=1 journal=0 gadget=0
nx679j: ---- dump (PID1-OP-FAILED op=journal rc=1 journal=0 gadget=0) ----
nx679j: pmsg unavailable (no ramoops this boot)
nx679j: gadget: start
nx679j: usb_role nodes set to device: 0
nx679j: ATTEMPT wait for a real UDC (1/12)
nx679j: ATTEMPT wait for a real UDC (2/12)
nx679j: ATTEMPT wait for a real UDC (3/12)
nx679j: ATTEMPT wait for a real UDC (4/12)
nx679j: ATTEMPT wait for a real UDC (5/12)
nx679j: ATTEMPT wait for a real UDC (6/12)
nx679j: ATTEMPT wait for a real UDC (7/12)
nx679j: ATTEMPT wait for a real UDC (8/12)
nx679j: ATTEMPT wait for a real UDC (9/12)
nx679j: ATTEMPT wait for a real UDC (10/12)
nx679j: ATTEMPT wait for a real UDC (11/12)
nx679j: ATTEMPT wait for a real UDC (12/12)
nx679j: gadget: NO UDC after 12 s (dwc3_msm not up?)
nx679j: gadget: rc=-1
nx679j: ---- dump (end of gadget step) ----
nx679j: pmsg unavailable (no ramoops this boot)
nx679j: PID1-OP-FAILED op=gadget rc=1 journal=0 gadget=0
nx679j: ---- dump (PID1-OP-FAILED op=gadget rc=1 journal=0 gadget=0) ----
nx679j: pmsg unavailable (no ramoops this boot)
nx679j: chain: start
nx679j: chain: 47 modules to try, 0 .ko visible
nx679j: MOD phy_qcom_emu                       MISSING (no .ko in /lib/modules)
nx679j: ---- dump (chain progress) ----
nx679j: pmsg unavailable (no ramoops this boot)
nx679j: MOD repeater                           MISSING (no .ko in /lib/modules)
nx679j: MOD qcom_scm                           MISSING (no .ko in /lib/modules)
nx679j: MOD phy_msm_snps_eusb2                 MISSING (no .ko in /lib/modules)
nx679j: MOD phy_qcom_ufs                       MISSING (no .ko in /lib/modules)
nx679j: MOD phy_qcom_ufs_qmp_v4_lahaina        MISSING (no .ko in /lib/modules)
nx679j: MOD qcom_hwspinlock                    MISSING (no .ko in /lib/modules)
nx679j: MOD smem                               MISSING (no .ko in /lib/modules)
nx679j: MOD minidump                           MISSING (no .ko in /lib/modules)
nx679j: ---- dump (chain progress) ----
nx679j: pmsg unavailable (no ramoops this boot)
nx679j: MOD qcom_ipc_logging                   MISSING (no .ko in /lib/modules)
nx679j: MOD qcom_glink                         MISSING (no .ko in /lib/modules)
nx679j: MOD qcom_glink_spss                    MISSING (no .ko in /lib/modules)
nx679j: MOD phy_qcom_ufs_qmp_14nm              MISSING (no .ko in /lib/modules)
nx679j: MOD phy_qcom_ufs_qmp_v3                MISSING (no .ko in /lib/modules)
nx679j: MOD nvmem_qfprom                       already-loaded
nx679j: MOD qti_regmap_debugfs                 MISSING (no .ko in /lib/modules)
nx679j: MOD ns                                 MISSING (no .ko in /lib/modules)
nx679j: ---- dump (chain progress) ----
nx679j: pmsg unavailable (no ramoops this boot)
nx679j: MOD qrtr                               MISSING (no .ko in /lib/modules)
nx679j: MOD qmi_helpers                        MISSING (no .ko in /lib/modules)
nx679j: MOD qcom_smd                           MISSING (no .ko in /lib/modules)
nx679j: MOD qcom_glink_smem                    MISSING (no .ko in /lib/modules)
nx679j: MOD rproc_qcom_common                  MISSING (no .ko in /lib/modules)
nx679j: MOD pdr_interface                      MISSING (no .ko in /lib/modules)
nx679j: MOD pmic_glink                         MISSING (no .ko in /lib/modules)
nx679j: MOD ucsi_glink                         MISSING (no .ko in /lib/modules)
nx679j: ---- dump (chain progress) ----
nx679j: pmsg unavailable (no ramoops this boot)
nx679j: MOD fsa4480_i2c                        MISSING (no .ko in /lib/modules)
nx679j: MOD altmode_glink                      MISSING (no .ko in /lib/modules)
nx679j: MOD proxy_consumer                     MISSING (no .ko in /lib/modules)
nx679j: MOD debug_regulator                    MISSING (no .ko in /lib/modules)
nx679j: MOD gdsc_regulator                     MISSING (no .ko in /lib/modules)
nx679j: MOD clk_qcom                           MISSING (no .ko in /lib/modules)
nx679j: MOD ssusb_redriver_nb7vpq904m          MISSING (no .ko in /lib/modules)
nx679j: MOD phy_generic                        MISSING (no .ko in /lib/modules)
nx679j: ---- dump (chain progress) ----
nx679j: pmsg unavailable (no ramoops this boot)
nx679j: MOD phy_msm_snps_hs                    MISSING (no .ko in /lib/modules)
nx679j: MOD phy_msm_ssusb_qmp                  MISSING (no .ko in /lib/modules)
nx679j: MOD eud                                MISSING (no .ko in /lib/modules)
nx679j: MOD dwc3_msm                           MISSING (no .ko in /lib/modules)
nx679j: MOD tmecom_intf                        MISSING (no .ko in /lib/modules)
nx679j: MOD hwkm                               MISSING (no .ko in /lib/modules)
nx679j: MOD crypto_qti_hwkm                    MISSING (no .ko in /lib/modules)
nx679j: MOD crypto_qti_common                  MISSING (no .ko in /lib/modules)
nx679j: ---- dump (chain progress) ----
nx679j: pmsg unavailable (no ramoops this boot)
[   15.086475] nx679j: journal mirror: 5923 bytes (file open, kmsg=4 pmsg=-1 rd=-1)
<1>nx679j: journal mirror: 6491 bytes (file open, kmsg=4 pmsg=-1 rd=-1)
nx679j: mounts: start (uid=0 pid=55)
nx679j: ATTEMPT mount -t proc /proc
nx679j: mount proc      rc=0
nx679j: ATTEMPT mount -t sysfs /sys
nx679j: mount sysfs     rc=0
nx679j: ATTEMPT mount -t configfs /sys/kernel/config
nx679j: mount configfs  rc=0
nx679j: ATTEMPT mount -t pstore /sys/fs/pstore
nx679j: mount pstore    rc=0
nx679j: cmdline: console=ttyAMA0 earlycon loglevel=8 panic=10 rdinit=/init ip=10.0.2.15::10.0.2.2:255.255.255.0::eth0:off
nx679j: kernel 6.6.60 aarch64
nx679j: /proc/devices: pmsg=no
nx679j: configfs usb_gadget=absent
nx679j: 0 .ko files visible in /lib/modules
nx679j: mounts: done
nx679j: FIRST JOURNAL WRITE, no module loaded yet (device tree nodes UFS=absent USB=present)
nx679j: /dev/block/by-name present: no
nx679j: /dev present: kmsg=yes pmsg0=yes console=yes
nx679j: ---- dump (first journal write: NO rawdump partition found) ----
nx679j: pmsg unavailable (no ramoops this boot)
nx679j: journal is durable on rawdump: no
nx679j: PID1-OP-FAILED op=journal rc=1 journal=0 gadget=0
nx679j: ---- dump (PID1-OP-FAILED op=journal rc=1 journal=0 gadget=0) ----
nx679j: pmsg unavailable (no ramoops this boot)
nx679j: gadget: start
nx679j: usb_role nodes set to device: 0
nx679j: ATTEMPT wait for a real UDC (1/12)
nx679j: ATTEMPT wait for a real UDC (2/12)
nx679j: ATTEMPT wait for a real UDC (3/12)
nx679j: ATTEMPT wait for a real UDC (4/12)
nx679j: ATTEMPT wait for a real UDC (5/12)
nx679j: ATTEMPT wait for a real UDC (6/12)
nx679j: ATTEMPT wait for a real UDC (7/12)
nx679j: ATTEMPT wait for a real UDC (8/12)
nx679j: ATTEMPT wait for a real UDC (9/12)
nx679j: ATTEMPT wait for a real UDC (10/12)
nx679j: ATTEMPT wait for a real UDC (11/12)
nx679j: ATTEMPT wait for a real UDC (12/12)
nx679j: gadget: NO UDC after 12 s (dwc3_msm not up?)
nx679j: gadget: rc=-1
nx679j: ---- dump (end of gadget step) ----
nx679j: pmsg unavailable (no ramoops this boot)
nx679j: PID1-OP-FAILED op=gadget rc=1 journal=0 gadget=0
nx679j: ---- dump (PID1-OP-FAILED op=gadget rc=1 journal=0 gadget=0) ----
nx679j: pmsg unavailable (no ramoops this boot)
nx679j: chain: start
nx679j: chain: 47 modules to try, 0 .ko visible
nx679j: MOD phy_qcom_emu                       MISSING (no .ko in /lib/modules)
nx679j: ---- dump (chain progress) ----
nx679j: pmsg unavailable (no ramoops this boot)
nx679j: MOD repeater                           MISSING (no .ko in /lib/modules)
nx679j: MOD qcom_scm                           MISSING (no .ko in /lib/modules)
nx679j: MOD phy_msm_snps_eusb2                 MISSING (no .ko in /lib/modules)
nx679j: MOD phy_qcom_ufs                       MISSING (no .ko in /lib/modules)
nx679j: MOD phy_qcom_ufs_qmp_v4_lahaina        MISSING (no .ko in /lib/modules)
nx679j: MOD qcom_hwspinlock                    MISSING (no .ko in /lib/modules)
nx679j: MOD smem                               MISSING (no .ko in /lib/modules)
nx679j: MOD minidump                           MISSING (no .ko in /lib/modules)
nx679j: ---- dump (chain progress) ----
nx679j: pmsg unavailable (no ramoops this boot)
nx679j: MOD qcom_ipc_logging                   MISSING (no .ko in /lib/modules)
nx679j: MOD qcom_glink                         MISSING (no .ko in /lib/modules)
nx679j: MOD qcom_glink_spss                    MISSING (no .ko in /lib/modules)
nx679j: MOD phy_qcom_ufs_qmp_14nm              MISSING (no .ko in /lib/modules)
nx679j: MOD phy_qcom_ufs_qmp_v3                MISSING (no .ko in /lib/modules)
nx679j: MOD nvmem_qfprom                       already-loaded
nx679j: MOD qti_regmap_debugfs                 MISSING (no .ko in /lib/modules)
nx679j: MOD ns                                 MISSING (no .ko in /lib/modules)
nx679j: ---- dump (chain progress) ----
nx679j: pmsg unavailable (no ramoops this boot)
nx679j: MOD qrtr                               MISSING (no .ko in /lib/modules)
nx679j: MOD qmi_helpers                        MISSING (no .ko in /lib/modules)
nx679j: MOD qcom_smd                           MISSING (no .ko in /lib/modules)
nx679j: MOD qcom_glink_smem                    MISSING (no .ko in /lib/modules)
nx679j: MOD rproc_qcom_common                  MISSING (no .ko in /lib/modules)
nx679j: MOD pdr_interface                      MISSING (no .ko in /lib/modules)
nx679j: MOD pmic_glink                         MISSING (no .ko in /lib/modules)
nx679j: MOD ucsi_glink                         MISSING (no .ko in /lib/modules)
nx679j: ---- dump (chain progress) ----
nx679j: pmsg unavailable (no ramoops this boot)
nx679j: MOD fsa4480_i2c                        MISSING (no .ko in /lib/modules)
nx679j: MOD altmode_glink                      MISSING (no .ko in /lib/modules)
nx679j: MOD proxy_consumer                     MISSING (no .ko in /lib/modules)
nx679j: MOD debug_regulator                    MISSING (no .ko in /lib/modules)
nx679j: MOD gdsc_regulator                     MISSING (no .ko in /lib/modules)
nx679j: MOD clk_qcom                           MISSING (no .ko in /lib/modules)
nx679j: MOD ssusb_redriver_nb7vpq904m          MISSING (no .ko in /lib/modules)
nx679j: MOD phy_generic                        MISSING (no .ko in /lib/modules)
nx679j: ---- dump (chain progress) ----
nx679j: pmsg unavailable (no ramoops this boot)
nx679j: MOD phy_msm_snps_hs                    MISSING (no .ko in /lib/modules)
nx679j: MOD phy_msm_ssusb_qmp                  MISSING (no .ko in /lib/modules)
nx679j: MOD eud                                MISSING (no .ko in /lib/modules)
nx679j: MOD dwc3_msm                           MISSING (no .ko in /lib/modules)
nx679j: MOD tmecom_intf                        MISSING (no .ko in /lib/modules)
nx679j: MOD hwkm                               MISSING (no .ko in /lib/modules)
nx679j: MOD crypto_qti_hwkm                    MISSING (no .ko in /lib/modules)
nx679j: MOD crypto_qti_common                  MISSING (no .ko in /lib/modules)
nx679j: ---- dump (chain progress) ----
nx679j: pmsg unavailable (no ramoops this boot)
nx679j: MOD ufshcd_crypto_qti                  MISSING (no .ko in /lib/modules)
nx679j: MOD ufs_qcom                           MISSING (no .ko in /lib/modules)
nx679j: MOD phy_qcom_ufs_qmp_v4_cape           MISSING (no .ko in /lib/modules)
nx679j: MOD phy_qcom_ufs_qmp_v4_diwali         MISSING (no .ko in /lib/modules)
nx679j: MOD phy_qcom_ufs_qmp_v4_waipio         MISSING (no .ko in /lib/modules)
nx679j: MOD nvmem_qcom_spmi_sdam               MISSING (no .ko in /lib/modules)
nx679j: ---- dump (chain progress) ----
nx679j: pmsg unavailable (no ramoops this boot)
[   15.098318] nx679j: journal mirror: 6491 bytes (file open, kmsg=4 pmsg=-1 rd=-1)
<1>nx679j: journal mirror: 6657 bytes (file open, kmsg=4 pmsg=-1 rd=-1)
nx679j: mounts: start (uid=0 pid=55)
nx679j: ATTEMPT mount -t proc /proc
nx679j: mount proc      rc=0
nx679j: ATTEMPT mount -t sysfs /sys
nx679j: mount sysfs     rc=0
nx679j: ATTEMPT mount -t configfs /sys/kernel/config
nx679j: mount configfs  rc=0
nx679j: ATTEMPT mount -t pstore /sys/fs/pstore
nx679j: mount pstore    rc=0
nx679j: cmdline: console=ttyAMA0 earlycon loglevel=8 panic=10 rdinit=/init ip=10.0.2.15::10.0.2.2:255.255.255.0::eth0:off
nx679j: kernel 6.6.60 aarch64
nx679j: /proc/devices: pmsg=no
nx679j: configfs usb_gadget=absent
nx679j: 0 .ko files visible in /lib/modules
nx679j: mounts: done
nx679j: FIRST JOURNAL WRITE, no module loaded yet (device tree nodes UFS=absent USB=present)
nx679j: /dev/block/by-name present: no
nx679j: /dev present: kmsg=yes pmsg0=yes console=yes
nx679j: ---- dump (first journal write: NO rawdump partition found) ----
nx679j: pmsg unavailable (no ramoops this boot)
nx679j: journal is durable on rawdump: no
nx679j: PID1-OP-FAILED op=journal rc=1 journal=0 gadget=0
nx679j: ---- dump (PID1-OP-FAILED op=journal rc=1 journal=0 gadget=0) ----
nx679j: pmsg unavailable (no ramoops this boot)
nx679j: gadget: start
nx679j: usb_role nodes set to device: 0
nx679j: ATTEMPT wait for a real UDC (1/12)
nx679j: ATTEMPT wait for a real UDC (2/12)
nx679j: ATTEMPT wait for a real UDC (3/12)
nx679j: ATTEMPT wait for a real UDC (4/12)
nx679j: ATTEMPT wait for a real UDC (5/12)
nx679j: ATTEMPT wait for a real UDC (6/12)
nx679j: ATTEMPT wait for a real UDC (7/12)
nx679j: ATTEMPT wait for a real UDC (8/12)
nx679j: ATTEMPT wait for a real UDC (9/12)
nx679j: ATTEMPT wait for a real UDC (10/12)
nx679j: ATTEMPT wait for a real UDC (11/12)
nx679j: ATTEMPT wait for a real UDC (12/12)
nx679j: gadget: NO UDC after 12 s (dwc3_msm not up?)
nx679j: gadget: rc=-1
nx679j: ---- dump (end of gadget step) ----
nx679j: pmsg unavailable (no ramoops this boot)
nx679j: PID1-OP-FAILED op=gadget rc=1 journal=0 gadget=0
nx679j: ---- dump (PID1-OP-FAILED op=gadget rc=1 journal=0 gadget=0) ----
nx679j: pmsg unavailable (no ramoops this boot)
nx679j: chain: start
nx679j: chain: 47 modules to try, 0 .ko visible
nx679j: MOD phy_qcom_emu                       MISSING (no .ko in /lib/modules)
nx679j: ---- dump (chain progress) ----
nx679j: pmsg unavailable (no ramoops this boot)
nx679j: MOD repeater                           MISSING (no .ko in /lib/modules)
nx679j: MOD qcom_scm                           MISSING (no .ko in /lib/modules)
nx679j: MOD phy_msm_snps_eusb2                 MISSING (no .ko in /lib/modules)
nx679j: MOD phy_qcom_ufs                       MISSING (no .ko in /lib/modules)
nx679j: MOD phy_qcom_ufs_qmp_v4_lahaina        MISSING (no .ko in /lib/modules)
nx679j: MOD qcom_hwspinlock                    MISSING (no .ko in /lib/modules)
nx679j: MOD smem                               MISSING (no .ko in /lib/modules)
nx679j: MOD minidump                           MISSING (no .ko in /lib/modules)
nx679j: ---- dump (chain progress) ----
nx679j: pmsg unavailable (no ramoops this boot)
nx679j: MOD qcom_ipc_logging                   MISSING (no .ko in /lib/modules)
nx679j: MOD qcom_glink                         MISSING (no .ko in /lib/modules)
nx679j: MOD qcom_glink_spss                    MISSING (no .ko in /lib/modules)
nx679j: MOD phy_qcom_ufs_qmp_14nm              MISSING (no .ko in /lib/modules)
nx679j: MOD phy_qcom_ufs_qmp_v3                MISSING (no .ko in /lib/modules)
nx679j: MOD nvmem_qfprom                       already-loaded
nx679j: MOD qti_regmap_debugfs                 MISSING (no .ko in /lib/modules)
nx679j: MOD ns                                 MISSING (no .ko in /lib/modules)
nx679j: ---- dump (chain progress) ----
nx679j: pmsg unavailable (no ramoops this boot)
nx679j: MOD qrtr                               MISSING (no .ko in /lib/modules)
nx679j: MOD qmi_helpers                        MISSING (no .ko in /lib/modules)
nx679j: MOD qcom_smd                           MISSING (no .ko in /lib/modules)
nx679j: MOD qcom_glink_smem                    MISSING (no .ko in /lib/modules)
nx679j: MOD rproc_qcom_common                  MISSING (no .ko in /lib/modules)
nx679j: MOD pdr_interface                      MISSING (no .ko in /lib/modules)
nx679j: MOD pmic_glink                         MISSING (no .ko in /lib/modules)
nx679j: MOD ucsi_glink                         MISSING (no .ko in /lib/modules)
nx679j: ---- dump (chain progress) ----
nx679j: pmsg unavailable (no ramoops this boot)
nx679j: MOD fsa4480_i2c                        MISSING (no .ko in /lib/modules)
nx679j: MOD altmode_glink                      MISSING (no .ko in /lib/modules)
nx679j: MOD proxy_consumer                     MISSING (no .ko in /lib/modules)
nx679j: MOD debug_regulator                    MISSING (no .ko in /lib/modules)
nx679j: MOD gdsc_regulator                     MISSING (no .ko in /lib/modules)
nx679j: MOD clk_qcom                           MISSING (no .ko in /lib/modules)
nx679j: MOD ssusb_redriver_nb7vpq904m          MISSING (no .ko in /lib/modules)
nx679j: MOD phy_generic                        MISSING (no .ko in /lib/modules)
nx679j: ---- dump (chain progress) ----
nx679j: pmsg unavailable (no ramoops this boot)
nx679j: MOD phy_msm_snps_hs                    MISSING (no .ko in /lib/modules)
nx679j: MOD phy_msm_ssusb_qmp                  MISSING (no .ko in /lib/modules)
nx679j: MOD eud                                MISSING (no .ko in /lib/modules)
nx679j: MOD dwc3_msm                           MISSING (no .ko in /lib/modules)
nx679j: MOD tmecom_intf                        MISSING (no .ko in /lib/modules)
nx679j: MOD hwkm                               MISSING (no .ko in /lib/modules)
nx679j: MOD crypto_qti_hwkm                    MISSING (no .ko in /lib/modules)
nx679j: MOD crypto_qti_common                  MISSING (no .ko in /lib/modules)
nx679j: ---- dump (chain progress) ----
nx679j: pmsg unavailable (no ramoops this boot)
nx679j: MOD ufshcd_crypto_qti                  MISSING (no .ko in /lib/modules)
nx679j: MOD ufs_qcom                           MISSING (no .ko in /lib/modules)
nx679j: MOD phy_qcom_ufs_qmp_v4_cape           MISSING (no .ko in /lib/modules)
nx679j: MOD phy_qcom_ufs_qmp_v4_diwali         MISSING (no .ko in /lib/modules)
nx679j: MOD phy_qcom_ufs_qmp_v4_waipio         MISSING (no .ko in /lib/modules)
nx679j: MOD nvmem_qcom_spmi_sdam               MISSING (no .ko in /lib/modules)
nx679j: ---- dump (chain progress) ----
nx679j: pmsg unavailable (no ramoops this boot)
nx679j: chain: done in 68 ms: ok=1 timeout-killed=0 failed/missing=46 skipped=0
nx679j: ---- dump (end of chain) ----
nx679j: pmsg unavailable (no ramoops this boot)
[   15.112037] nx679j: journal mirror: 6657 bytes (file open, kmsg=4 pmsg=-1 rd=-1)
<1>nx679j: journal mirror: 7405 bytes (file open, kmsg=4 pmsg=-1 rd=-1)
nx679j: mounts: start (uid=0 pid=55)
nx679j: ATTEMPT mount -t proc /proc
nx679j: mount proc      rc=0
nx679j: ATTEMPT mount -t sysfs /sys
nx679j: mount sysfs     rc=0
nx679j: ATTEMPT mount -t configfs /sys/kernel/config
nx679j: mount configfs  rc=0
nx679j: ATTEMPT mount -t pstore /sys/fs/pstore
nx679j: mount pstore    rc=0
nx679j: cmdline: console=ttyAMA0 earlycon loglevel=8 panic=10 rdinit=/init ip=10.0.2.15::10.0.2.2:255.255.255.0::eth0:off
nx679j: kernel 6.6.60 aarch64
nx679j: /proc/devices: pmsg=no
nx679j: configfs usb_gadget=absent
nx679j: 0 .ko files visible in /lib/modules
nx679j: mounts: done
nx679j: FIRST JOURNAL WRITE, no module loaded yet (device tree nodes UFS=absent USB=present)
nx679j: /dev/block/by-name present: no
nx679j: /dev present: kmsg=yes pmsg0=yes console=yes
nx679j: ---- dump (first journal write: NO rawdump partition found) ----
nx679j: pmsg unavailable (no ramoops this boot)
nx679j: journal is durable on rawdump: no
nx679j: PID1-OP-FAILED op=journal rc=1 journal=0 gadget=0
nx679j: ---- dump (PID1-OP-FAILED op=journal rc=1 journal=0 gadget=0) ----
nx679j: pmsg unavailable (no ramoops this boot)
nx679j: gadget: start
nx679j: usb_role nodes set to device: 0
nx679j: ATTEMPT wait for a real UDC (1/12)
nx679j: ATTEMPT wait for a real UDC (2/12)
nx679j: ATTEMPT wait for a real UDC (3/12)
nx679j: ATTEMPT wait for a real UDC (4/12)
nx679j: ATTEMPT wait for a real UDC (5/12)
nx679j: ATTEMPT wait for a real UDC (6/12)
nx679j: ATTEMPT wait for a real UDC (7/12)
nx679j: ATTEMPT wait for a real UDC (8/12)
nx679j: ATTEMPT wait for a real UDC (9/12)
nx679j: ATTEMPT wait for a real UDC (10/12)
nx679j: ATTEMPT wait for a real UDC (11/12)
nx679j: ATTEMPT wait for a real UDC (12/12)
nx679j: gadget: NO UDC after 12 s (dwc3_msm not up?)
nx679j: gadget: rc=-1
nx679j: ---- dump (end of gadget step) ----
nx679j: pmsg unavailable (no ramoops this boot)
nx679j: PID1-OP-FAILED op=gadget rc=1 journal=0 gadget=0
nx679j: ---- dump (PID1-OP-FAILED op=gadget rc=1 journal=0 gadget=0) ----
nx679j: pmsg unavailable (no ramoops this boot)
nx679j: chain: start
nx679j: chain: 47 modules to try, 0 .ko visible
nx679j: MOD phy_qcom_emu                       MISSING (no .ko in /lib/modules)
nx679j: ---- dump (chain progress) ----
nx679j: pmsg unavailable (no ramoops this boot)
nx679j: MOD repeater                           MISSING (no .ko in /lib/modules)
nx679j: MOD qcom_scm                           MISSING (no .ko in /lib/modules)
nx679j: MOD phy_msm_snps_eusb2                 MISSING (no .ko in /lib/modules)
nx679j: MOD phy_qcom_ufs                       MISSING (no .ko in /lib/modules)
nx679j: MOD phy_qcom_ufs_qmp_v4_lahaina        MISSING (no .ko in /lib/modules)
nx679j: MOD qcom_hwspinlock                    MISSING (no .ko in /lib/modules)
nx679j: MOD smem                               MISSING (no .ko in /lib/modules)
nx679j: MOD minidump                           MISSING (no .ko in /lib/modules)
nx679j: ---- dump (chain progress) ----
nx679j: pmsg unavailable (no ramoops this boot)
nx679j: MOD qcom_ipc_logging                   MISSING (no .ko in /lib/modules)
nx679j: MOD qcom_glink                         MISSING (no .ko in /lib/modules)
nx679j: MOD qcom_glink_spss                    MISSING (no .ko in /lib/modules)
nx679j: MOD phy_qcom_ufs_qmp_14nm              MISSING (no .ko in /lib/modules)
nx679j: MOD phy_qcom_ufs_qmp_v3                MISSING (no .ko in /lib/modules)
nx679j: MOD nvmem_qfprom                       already-loaded
nx679j: MOD qti_regmap_debugfs                 MISSING (no .ko in /lib/modules)
nx679j: MOD ns                                 MISSING (no .ko in /lib/modules)
nx679j: ---- dump (chain progress) ----
nx679j: pmsg unavailable (no ramoops this boot)
nx679j: MOD qrtr                               MISSING (no .ko in /lib/modules)
nx679j: MOD qmi_helpers                        MISSING (no .ko in /lib/modules)
nx679j: MOD qcom_smd                           MISSING (no .ko in /lib/modules)
nx679j: MOD qcom_glink_smem                    MISSING (no .ko in /lib/modules)
nx679j: MOD rproc_qcom_common                  MISSING (no .ko in /lib/modules)
nx679j: MOD pdr_interface                      MISSING (no .ko in /lib/modules)
nx679j: MOD pmic_glink                         MISSING (no .ko in /lib/modules)
nx679j: MOD ucsi_glink                         MISSING (no .ko in /lib/modules)
nx679j: ---- dump (chain progress) ----
nx679j: pmsg unavailable (no ramoops this boot)
nx679j: MOD fsa4480_i2c                        MISSING (no .ko in /lib/modules)
nx679j: MOD altmode_glink                      MISSING (no .ko in /lib/modules)
nx679j: MOD proxy_consumer                     MISSING (no .ko in /lib/modules)
nx679j: MOD debug_regulator                    MISSING (no .ko in /lib/modules)
nx679j: MOD gdsc_regulator                     MISSING (no .ko in /lib/modules)
nx679j: MOD clk_qcom                           MISSING (no .ko in /lib/modules)
nx679j: MOD ssusb_redriver_nb7vpq904m          MISSING (no .ko in /lib/modules)
nx679j: MOD phy_generic                        MISSING (no .ko in /lib/modules)
nx679j: ---- dump (chain progress) ----
nx679j: pmsg unavailable (no ramoops this boot)
nx679j: MOD phy_msm_snps_hs                    MISSING (no .ko in /lib/modules)
nx679j: MOD phy_msm_ssusb_qmp                  MISSING (no .ko in /lib/modules)
nx679j: MOD eud                                MISSING (no .ko in /lib/modules)
nx679j: MOD dwc3_msm                           MISSING (no .ko in /lib/modules)
nx679j: MOD tmecom_intf                        MISSING (no .ko in /lib/modules)
nx679j: MOD hwkm                               MISSING (no .ko in /lib/modules)
nx679j: MOD crypto_qti_hwkm                    MISSING (no .ko in /lib/modules)
nx679j: MOD crypto_qti_common                  MISSING (no .ko in /lib/modules)
nx679j: ---- dump (chain progress) ----
nx679j: pmsg unavailable (no ramoops this boot)
nx679j: MOD ufshcd_crypto_qti                  MISSING (no .ko in /lib/modules)
nx679j: MOD ufs_qcom                           MISSING (no .ko in /lib/modules)
nx679j: MOD phy_qcom_ufs_qmp_v4_cape           MISSING (no .ko in /lib/modules)
nx679j: MOD phy_qcom_ufs_qmp_v4_diwali         MISSING (no .ko in /lib/modules)
nx679j: MOD phy_qcom_ufs_qmp_v4_waipio         MISSING (no .ko in /lib/modules)
nx679j: MOD nvmem_qcom_spmi_sdam               MISSING (no .ko in /lib/modules)
nx679j: ---- dump (chain progress) ----
nx679j: pmsg unavailable (no ramoops this boot)
nx679j: chain: done in 68 ms: ok=1 timeout-killed=0 failed/missing=46 skipped=0
nx679j: ---- dump (end of chain) ----
nx679j: pmsg unavailable (no ramoops this boot)
nx679j: gadget: start
nx679j: usb_role nodes set to device: 0
nx679j: ATTEMPT wait for a real UDC (1/12)
nx679j: ATTEMPT wait for a real UDC (2/12)
nx679j: ATTEMPT wait for a real UDC (3/12)
nx679j: ATTEMPT wait for a real UDC (4/12)
nx679j: ATTEMPT wait for a real UDC (5/12)
nx679j: ATTEMPT wait for a real UDC (6/12)
nx679j: ATTEMPT wait for a real UDC (7/12)
nx679j: ATTEMPT wait for a real UDC (8/12)
nx679j: ATTEMPT wait for a real UDC (9/12)
nx679j: ATTEMPT wait for a real UDC (10/12)
nx679j: ATTEMPT wait for a real UDC (11/12)
nx679j: ATTEMPT wait for a real UDC (12/12)
nx679j: gadget: NO UDC after 12 s (dwc3_msm not up?)
nx679j: gadget: rc=-1
nx679j: ---- dump (end of gadget step) ----
nx679j: pmsg unavailable (no ramoops this boot)
[   27.156993] nx679j: journal mirror: 7405 bytes (file open, kmsg=4 pmsg=-1 rd=-1)
<1>nx679j: journal mirror: 7584 bytes (file open, kmsg=4 pmsg=-1 rd=-1)
nx679j: mounts: start (uid=0 pid=55)
nx679j: ATTEMPT mount -t proc /proc
nx679j: mount proc      rc=0
nx679j: ATTEMPT mount -t sysfs /sys
nx679j: mount sysfs     rc=0
nx679j: ATTEMPT mount -t configfs /sys/kernel/config
nx679j: mount configfs  rc=0
nx679j: ATTEMPT mount -t pstore /sys/fs/pstore
nx679j: mount pstore    rc=0
nx679j: cmdline: console=ttyAMA0 earlycon loglevel=8 panic=10 rdinit=/init ip=10.0.2.15::10.0.2.2:255.255.255.0::eth0:off
nx679j: kernel 6.6.60 aarch64
nx679j: /proc/devices: pmsg=no
nx679j: configfs usb_gadget=absent
nx679j: 0 .ko files visible in /lib/modules
nx679j: mounts: done
nx679j: FIRST JOURNAL WRITE, no module loaded yet (device tree nodes UFS=absent USB=present)
nx679j: /dev/block/by-name present: no
nx679j: /dev present: kmsg=yes pmsg0=yes console=yes
nx679j: ---- dump (first journal write: NO rawdump partition found) ----
nx679j: pmsg unavailable (no ramoops this boot)
nx679j: journal is durable on rawdump: no
nx679j: PID1-OP-FAILED op=journal rc=1 journal=0 gadget=0
nx679j: ---- dump (PID1-OP-FAILED op=journal rc=1 journal=0 gadget=0) ----
nx679j: pmsg unavailable (no ramoops this boot)
nx679j: gadget: start
nx679j: usb_role nodes set to device: 0
nx679j: ATTEMPT wait for a real UDC (1/12)
nx679j: ATTEMPT wait for a real UDC (2/12)
nx679j: ATTEMPT wait for a real UDC (3/12)
nx679j: ATTEMPT wait for a real UDC (4/12)
nx679j: ATTEMPT wait for a real UDC (5/12)
nx679j: ATTEMPT wait for a real UDC (6/12)
nx679j: ATTEMPT wait for a real UDC (7/12)
nx679j: ATTEMPT wait for a real UDC (8/12)
nx679j: ATTEMPT wait for a real UDC (9/12)
nx679j: ATTEMPT wait for a real UDC (10/12)
nx679j: ATTEMPT wait for a real UDC (11/12)
nx679j: ATTEMPT wait for a real UDC (12/12)
nx679j: gadget: NO UDC after 12 s (dwc3_msm not up?)
nx679j: gadget: rc=-1
nx679j: ---- dump (end of gadget step) ----
nx679j: pmsg unavailable (no ramoops this boot)
nx679j: PID1-OP-FAILED op=gadget rc=1 journal=0 gadget=0
nx679j: ---- dump (PID1-OP-FAILED op=gadget rc=1 journal=0 gadget=0) ----
nx679j: pmsg unavailable (no ramoops this boot)
nx679j: chain: start
nx679j: chain: 47 modules to try, 0 .ko visible
nx679j: MOD phy_qcom_emu                       MISSING (no .ko in /lib/modules)
nx679j: ---- dump (chain progress) ----
nx679j: pmsg unavailable (no ramoops this boot)
nx679j: MOD repeater                           MISSING (no .ko in /lib/modules)
nx679j: MOD qcom_scm                           MISSING (no .ko in /lib/modules)
nx679j: MOD phy_msm_snps_eusb2                 MISSING (no .ko in /lib/modules)
nx679j: MOD phy_qcom_ufs                       MISSING (no .ko in /lib/modules)
nx679j: MOD phy_qcom_ufs_qmp_v4_lahaina        MISSING (no .ko in /lib/modules)
nx679j: MOD qcom_hwspinlock                    MISSING (no .ko in /lib/modules)
nx679j: MOD smem                               MISSING (no .ko in /lib/modules)
nx679j: MOD minidump                           MISSING (no .ko in /lib/modules)
nx679j: ---- dump (chain progress) ----
nx679j: pmsg unavailable (no ramoops this boot)
nx679j: MOD qcom_ipc_logging                   MISSING (no .ko in /lib/modules)
nx679j: MOD qcom_glink                         MISSING (no .ko in /lib/modules)
nx679j: MOD qcom_glink_spss                    MISSING (no .ko in /lib/modules)
nx679j: MOD phy_qcom_ufs_qmp_14nm              MISSING (no .ko in /lib/modules)
nx679j: MOD phy_qcom_ufs_qmp_v3                MISSING (no .ko in /lib/modules)
nx679j: MOD nvmem_qfprom                       already-loaded
nx679j: MOD qti_regmap_debugfs                 MISSING (no .ko in /lib/modules)
nx679j: MOD ns                                 MISSING (no .ko in /lib/modules)
nx679j: ---- dump (chain progress) ----
nx679j: pmsg unavailable (no ramoops this boot)
nx679j: MOD qrtr                               MISSING (no .ko in /lib/modules)
nx679j: MOD qmi_helpers                        MISSING (no .ko in /lib/modules)
nx679j: MOD qcom_smd                           MISSING (no .ko in /lib/modules)
nx679j: MOD qcom_glink_smem                    MISSING (no .ko in /lib/modules)
nx679j: MOD rproc_qcom_common                  MISSING (no .ko in /lib/modules)
nx679j: MOD pdr_interface                      MISSING (no .ko in /lib/modules)
nx679j: MOD pmic_glink                         MISSING (no .ko in /lib/modules)
nx679j: MOD ucsi_glink                         MISSING (no .ko in /lib/modules)
nx679j: ---- dump (chain progress) ----
nx679j: pmsg unavailable (no ramoops this boot)
nx679j: MOD fsa4480_i2c                        MISSING (no .ko in /lib/modules)
nx679j: MOD altmode_glink                      MISSING (no .ko in /lib/modules)
nx679j: MOD proxy_consumer                     MISSING (no .ko in /lib/modules)
nx679j: MOD debug_regulator                    MISSING (no .ko in /lib/modules)
nx679j: MOD gdsc_regulator                     MISSING (no .ko in /lib/modules)
nx679j: MOD clk_qcom                           MISSING (no .ko in /lib/modules)
nx679j: MOD ssusb_redriver_nb7vpq904m          MISSING (no .ko in /lib/modules)
nx679j: MOD phy_generic                        MISSING (no .ko in /lib/modules)
nx679j: ---- dump (chain progress) ----
nx679j: pmsg unavailable (no ramoops this boot)
nx679j: MOD phy_msm_snps_hs                    MISSING (no .ko in /lib/modules)
nx679j: MOD phy_msm_ssusb_qmp                  MISSING (no .ko in /lib/modules)
nx679j: MOD eud                                MISSING (no .ko in /lib/modules)
nx679j: MOD dwc3_msm                           MISSING (no .ko in /lib/modules)
nx679j: MOD tmecom_intf                        MISSING (no .ko in /lib/modules)
nx679j: MOD hwkm                               MISSING (no .ko in /lib/modules)
nx679j: MOD crypto_qti_hwkm                    MISSING (no .ko in /lib/modules)
nx679j: MOD crypto_qti_common                  MISSING (no .ko in /lib/modules)
nx679j: ---- dump (chain progress) ----
nx679j: pmsg unavailable (no ramoops this boot)
nx679j: MOD ufshcd_crypto_qti                  MISSING (no .ko in /lib/modules)
nx679j: MOD ufs_qcom                           MISSING (no .ko in /lib/modules)
nx679j: MOD phy_qcom_ufs_qmp_v4_cape           MISSING (no .ko in /lib/modules)
nx679j: MOD phy_qcom_ufs_qmp_v4_diwali         MISSING (no .ko in /lib/modules)
nx679j: MOD phy_qcom_ufs_qmp_v4_waipio         MISSING (no .ko in /lib/modules)
nx679j: MOD nvmem_qcom_spmi_sdam               MISSING (no .ko in /lib/modules)
nx679j: ---- dump (chain progress) ----
nx679j: pmsg unavailable (no ramoops this boot)
nx679j: chain: done in 68 ms: ok=1 timeout-killed=0 failed/missing=46 skipped=0
nx679j: ---- dump (end of chain) ----
nx679j: pmsg unavailable (no ramoops this boot)
nx679j: gadget: start
nx679j: usb_role nodes set to device: 0
nx679j: ATTEMPT wait for a real UDC (1/12)
nx679j: ATTEMPT wait for a real UDC (2/12)
nx679j: ATTEMPT wait for a real UDC (3/12)
nx679j: ATTEMPT wait for a real UDC (4/12)
nx679j: ATTEMPT wait for a real UDC (5/12)
nx679j: ATTEMPT wait for a real UDC (6/12)
nx679j: ATTEMPT wait for a real UDC (7/12)
nx679j: ATTEMPT wait for a real UDC (8/12)
nx679j: ATTEMPT wait for a real UDC (9/12)
nx679j: ATTEMPT wait for a real UDC (10/12)
nx679j: ATTEMPT wait for a real UDC (11/12)
nx679j: ATTEMPT wait for a real UDC (12/12)
nx679j: gadget: NO UDC after 12 s (dwc3_msm not up?)
nx679j: gadget: rc=-1
nx679j: ---- dump (end of gadget step) ----
nx679j: pmsg unavailable (no ramoops this boot)
nx679j: PID1-OP-FAILED op=gadget rc=1 journal=0 gadget=0
nx679j: ---- dump (PID1-OP-FAILED op=gadget rc=1 journal=0 gadget=0) ----
nx679j: pmsg unavailable (no ramoops this boot)
[   27.214035] nx679j: journal mirror: 7584 bytes (file open, kmsg=4 pmsg=-1 rd=-1)
<1>nx679j: journal mirror: 7751 bytes (file open, kmsg=4 pmsg=-1 rd=-1)
nx679j: mounts: start (uid=0 pid=55)
nx679j: ATTEMPT mount -t proc /proc
nx679j: mount proc      rc=0
nx679j: ATTEMPT mount -t sysfs /sys
nx679j: mount sysfs     rc=0
nx679j: ATTEMPT mount -t configfs /sys/kernel/config
nx679j: mount configfs  rc=0
nx679j: ATTEMPT mount -t pstore /sys/fs/pstore
nx679j: mount pstore    rc=0
nx679j: cmdline: console=ttyAMA0 earlycon loglevel=8 panic=10 rdinit=/init ip=10.0.2.15::10.0.2.2:255.255.255.0::eth0:off
nx679j: kernel 6.6.60 aarch64
nx679j: /proc/devices: pmsg=no
nx679j: configfs usb_gadget=absent
nx679j: 0 .ko files visible in /lib/modules
nx679j: mounts: done
nx679j: FIRST JOURNAL WRITE, no module loaded yet (device tree nodes UFS=absent USB=present)
nx679j: /dev/block/by-name present: no
nx679j: /dev present: kmsg=yes pmsg0=yes console=yes
nx679j: ---- dump (first journal write: NO rawdump partition found) ----
nx679j: pmsg unavailable (no ramoops this boot)
nx679j: journal is durable on rawdump: no
nx679j: PID1-OP-FAILED op=journal rc=1 journal=0 gadget=0
nx679j: ---- dump (PID1-OP-FAILED op=journal rc=1 journal=0 gadget=0) ----
nx679j: pmsg unavailable (no ramoops this boot)
nx679j: gadget: start
nx679j: usb_role nodes set to device: 0
nx679j: ATTEMPT wait for a real UDC (1/12)
nx679j: ATTEMPT wait for a real UDC (2/12)
nx679j: ATTEMPT wait for a real UDC (3/12)
nx679j: ATTEMPT wait for a real UDC (4/12)
nx679j: ATTEMPT wait for a real UDC (5/12)
nx679j: ATTEMPT wait for a real UDC (6/12)
nx679j: ATTEMPT wait for a real UDC (7/12)
nx679j: ATTEMPT wait for a real UDC (8/12)
nx679j: ATTEMPT wait for a real UDC (9/12)
nx679j: ATTEMPT wait for a real UDC (10/12)
nx679j: ATTEMPT wait for a real UDC (11/12)
nx679j: ATTEMPT wait for a real UDC (12/12)
nx679j: gadget: NO UDC after 12 s (dwc3_msm not up?)
nx679j: gadget: rc=-1
nx679j: ---- dump (end of gadget step) ----
nx679j: pmsg unavailable (no ramoops this boot)
nx679j: PID1-OP-FAILED op=gadget rc=1 journal=0 gadget=0
nx679j: ---- dump (PID1-OP-FAILED op=gadget rc=1 journal=0 gadget=0) ----
nx679j: pmsg unavailable (no ramoops this boot)
nx679j: chain: start
nx679j: chain: 47 modules to try, 0 .ko visible
nx679j: MOD phy_qcom_emu                       MISSING (no .ko in /lib/modules)
nx679j: ---- dump (chain progress) ----
nx679j: pmsg unavailable (no ramoops this boot)
nx679j: MOD repeater                           MISSING (no .ko in /lib/modules)
nx679j: MOD qcom_scm                           MISSING (no .ko in /lib/modules)
nx679j: MOD phy_msm_snps_eusb2                 MISSING (no .ko in /lib/modules)
nx679j: MOD phy_qcom_ufs                       MISSING (no .ko in /lib/modules)
nx679j: MOD phy_qcom_ufs_qmp_v4_lahaina        MISSING (no .ko in /lib/modules)
nx679j: MOD qcom_hwspinlock                    MISSING (no .ko in /lib/modules)
nx679j: MOD smem                               MISSING (no .ko in /lib/modules)
nx679j: MOD minidump                           MISSING (no .ko in /lib/modules)
nx679j: ---- dump (chain progress) ----
nx679j: pmsg unavailable (no ramoops this boot)
nx679j: MOD qcom_ipc_logging                   MISSING (no .ko in /lib/modules)
nx679j: MOD qcom_glink                         MISSING (no .ko in /lib/modules)
nx679j: MOD qcom_glink_spss                    MISSING (no .ko in /lib/modules)
nx679j: MOD phy_qcom_ufs_qmp_14nm              MISSING (no .ko in /lib/modules)
nx679j: MOD phy_qcom_ufs_qmp_v3                MISSING (no .ko in /lib/modules)
nx679j: MOD nvmem_qfprom                       already-loaded
nx679j: MOD qti_regmap_debugfs                 MISSING (no .ko in /lib/modules)
nx679j: MOD ns                                 MISSING (no .ko in /lib/modules)
nx679j: ---- dump (chain progress) ----
nx679j: pmsg unavailable (no ramoops this boot)
nx679j: MOD qrtr                               MISSING (no .ko in /lib/modules)
nx679j: MOD qmi_helpers                        MISSING (no .ko in /lib/modules)
nx679j: MOD qcom_smd                           MISSING (no .ko in /lib/modules)
nx679j: MOD qcom_glink_smem                    MISSING (no .ko in /lib/modules)
nx679j: MOD rproc_qcom_common                  MISSING (no .ko in /lib/modules)
nx679j: MOD pdr_interface                      MISSING (no .ko in /lib/modules)
nx679j: MOD pmic_glink                         MISSING (no .ko in /lib/modules)
nx679j: MOD ucsi_glink                         MISSING (no .ko in /lib/modules)
nx679j: ---- dump (chain progress) ----
nx679j: pmsg unavailable (no ramoops this boot)
nx679j: MOD fsa4480_i2c                        MISSING (no .ko in /lib/modules)
nx679j: MOD altmode_glink                      MISSING (no .ko in /lib/modules)
nx679j: MOD proxy_consumer                     MISSING (no .ko in /lib/modules)
nx679j: MOD debug_regulator                    MISSING (no .ko in /lib/modules)
nx679j: MOD gdsc_regulator                     MISSING (no .ko in /lib/modules)
nx679j: MOD clk_qcom                           MISSING (no .ko in /lib/modules)
nx679j: MOD ssusb_redriver_nb7vpq904m          MISSING (no .ko in /lib/modules)
nx679j: MOD phy_generic                        MISSING (no .ko in /lib/modules)
nx679j: ---- dump (chain progress) ----
nx679j: pmsg unavailable (no ramoops this boot)
nx679j: MOD phy_msm_snps_hs                    MISSING (no .ko in /lib/modules)
nx679j: MOD phy_msm_ssusb_qmp                  MISSING (no .ko in /lib/modules)
nx679j: MOD eud                                MISSING (no .ko in /lib/modules)
nx679j: MOD dwc3_msm                           MISSING (no .ko in /lib/modules)
nx679j: MOD tmecom_intf                        MISSING (no .ko in /lib/modules)
nx679j: MOD hwkm                               MISSING (no .ko in /lib/modules)
nx679j: MOD crypto_qti_hwkm                    MISSING (no .ko in /lib/modules)
nx679j: MOD crypto_qti_common                  MISSING (no .ko in /lib/modules)
nx679j: ---- dump (chain progress) ----
nx679j: pmsg unavailable (no ramoops this boot)
nx679j: MOD ufshcd_crypto_qti                  MISSING (no .ko in /lib/modules)
nx679j: MOD ufs_qcom                           MISSING (no .ko in /lib/modules)
nx679j: MOD phy_qcom_ufs_qmp_v4_cape           MISSING (no .ko in /lib/modules)
nx679j: MOD phy_qcom_ufs_qmp_v4_diwali         MISSING (no .ko in /lib/modules)
nx679j: MOD phy_qcom_ufs_qmp_v4_waipio         MISSING (no .ko in /lib/modules)
nx679j: MOD nvmem_qcom_spmi_sdam               MISSING (no .ko in /lib/modules)
nx679j: ---- dump (chain progress) ----
nx679j: pmsg unavailable (no ramoops this boot)
nx679j: chain: done in 68 ms: ok=1 timeout-killed=0 failed/missing=46 skipped=0
nx679j: ---- dump (end of chain) ----
nx679j: pmsg unavailable (no ramoops this boot)
nx679j: gadget: start
nx679j: usb_role nodes set to device: 0
nx679j: ATTEMPT wait for a real UDC (1/12)
nx679j: ATTEMPT wait for a real UDC (2/12)
nx679j: ATTEMPT wait for a real UDC (3/12)
nx679j: ATTEMPT wait for a real UDC (4/12)
nx679j: ATTEMPT wait for a real UDC (5/12)
nx679j: ATTEMPT wait for a real UDC (6/12)
nx679j: ATTEMPT wait for a real UDC (7/12)
nx679j: ATTEMPT wait for a real UDC (8/12)
nx679j: ATTEMPT wait for a real UDC (9/12)
nx679j: ATTEMPT wait for a real UDC (10/12)
nx679j: ATTEMPT wait for a real UDC (11/12)
nx679j: ATTEMPT wait for a real UDC (12/12)
nx679j: gadget: NO UDC after 12 s (dwc3_msm not up?)
nx679j: gadget: rc=-1
nx679j: ---- dump (end of gadget step) ----
nx679j: pmsg unavailable (no ramoops this boot)
nx679j: PID1-OP-FAILED op=gadget rc=1 journal=0 gadget=0
nx679j: ---- dump (PID1-OP-FAILED op=gadget rc=1 journal=0 gadget=0) ----
nx679j: pmsg unavailable (no ramoops this boot)
nx679j: v9-summary op=dump rc=0 journal=0 gadget=0
nx679j: ---- dump (v9-summary op=dump rc=0 journal=0 gadget=0) ----
nx679j: pmsg unavailable (no ramoops this boot)
[   27.264667] nx679j: journal mirror: 7751 bytes (file open, kmsg=4 pmsg=-1 rd=-1)
<1>nx679j: journal mirror: 7940 bytes (file open, kmsg=4 pmsg=-1 rd=-1)
nx679j: mounts: start (uid=0 pid=55)
nx679j: ATTEMPT mount -t proc /proc
nx679j: mount proc      rc=0
nx679j: ATTEMPT mount -t sysfs /sys
nx679j: mount sysfs     rc=0
nx679j: ATTEMPT mount -t configfs /sys/kernel/config
nx679j: mount configfs  rc=0
nx679j: ATTEMPT mount -t pstore /sys/fs/pstore
nx679j: mount pstore    rc=0
nx679j: cmdline: console=ttyAMA0 earlycon loglevel=8 panic=10 rdinit=/init ip=10.0.2.15::10.0.2.2:255.255.255.0::eth0:off
nx679j: kernel 6.6.60 aarch64
nx679j: /proc/devices: pmsg=no
nx679j: configfs usb_gadget=absent
nx679j: 0 .ko files visible in /lib/modules
nx679j: mounts: done
nx679j: FIRST JOURNAL WRITE, no module loaded yet (device tree nodes UFS=absent USB=present)
nx679j: /dev/block/by-name present: no
nx679j: /dev present: kmsg=yes pmsg0=yes console=yes
nx679j: ---- dump (first journal write: NO rawdump partition found) ----
nx679j: pmsg unavailable (no ramoops this boot)
nx679j: journal is durable on rawdump: no
nx679j: PID1-OP-FAILED op=journal rc=1 journal=0 gadget=0
nx679j: ---- dump (PID1-OP-FAILED op=journal rc=1 journal=0 gadget=0) ----
nx679j: pmsg unavailable (no ramoops this boot)
nx679j: gadget: start
nx679j: usb_role nodes set to device: 0
nx679j: ATTEMPT wait for a real UDC (1/12)
nx679j: ATTEMPT wait for a real UDC (2/12)
nx679j: ATTEMPT wait for a real UDC (3/12)
nx679j: ATTEMPT wait for a real UDC (4/12)
nx679j: ATTEMPT wait for a real UDC (5/12)
nx679j: ATTEMPT wait for a real UDC (6/12)
nx679j: ATTEMPT wait for a real UDC (7/12)
nx679j: ATTEMPT wait for a real UDC (8/12)
nx679j: ATTEMPT wait for a real UDC (9/12)
nx679j: ATTEMPT wait for a real UDC (10/12)
nx679j: ATTEMPT wait for a real UDC (11/12)
nx679j: ATTEMPT wait for a real UDC (12/12)
nx679j: gadget: NO UDC after 12 s (dwc3_msm not up?)
nx679j: gadget: rc=-1
nx679j: ---- dump (end of gadget step) ----
nx679j: pmsg unavailable (no ramoops this boot)
nx679j: PID1-OP-FAILED op=gadget rc=1 journal=0 gadget=0
nx679j: ---- dump (PID1-OP-FAILED op=gadget rc=1 journal=0 gadget=0) ----
nx679j: pmsg unavailable (no ramoops this boot)
nx679j: chain: start
nx679j: chain: 47 modules to try, 0 .ko visible
nx679j: MOD phy_qcom_emu                       MISSING (no .ko in /lib/modules)
nx679j: ---- dump (chain progress) ----
nx679j: pmsg unavailable (no ramoops this boot)
nx679j: MOD repeater                           MISSING (no .ko in /lib/modules)
nx679j: MOD qcom_scm                           MISSING (no .ko in /lib/modules)
nx679j: MOD phy_msm_snps_eusb2                 MISSING (no .ko in /lib/modules)
nx679j: MOD phy_qcom_ufs                       MISSING (no .ko in /lib/modules)
nx679j: MOD phy_qcom_ufs_qmp_v4_lahaina        MISSING (no .ko in /lib/modules)
nx679j: MOD qcom_hwspinlock                    MISSING (no .ko in /lib/modules)
nx679j: MOD smem                               MISSING (no .ko in /lib/modules)
nx679j: MOD minidump                           MISSING (no .ko in /lib/modules)
nx679j: ---- dump (chain progress) ----
nx679j: pmsg unavailable (no ramoops this boot)
nx679j: MOD qcom_ipc_logging                   MISSING (no .ko in /lib/modules)
nx679j: MOD qcom_glink                         MISSING (no .ko in /lib/modules)
nx679j: MOD qcom_glink_spss                    MISSING (no .ko in /lib/modules)
nx679j: MOD phy_qcom_ufs_qmp_14nm              MISSING (no .ko in /lib/modules)
nx679j: MOD phy_qcom_ufs_qmp_v3                MISSING (no .ko in /lib/modules)
nx679j: MOD nvmem_qfprom                       already-loaded
nx679j: MOD qti_regmap_debugfs                 MISSING (no .ko in /lib/modules)
nx679j: MOD ns                                 MISSING (no .ko in /lib/modules)
nx679j: ---- dump (chain progress) ----
nx679j: pmsg unavailable (no ramoops this boot)
nx679j: MOD qrtr                               MISSING (no .ko in /lib/modules)
nx679j: MOD qmi_helpers                        MISSING (no .ko in /lib/modules)
nx679j: MOD qcom_smd                           MISSING (no .ko in /lib/modules)
nx679j: MOD qcom_glink_smem                    MISSING (no .ko in /lib/modules)
nx679j: MOD rproc_qcom_common                  MISSING (no .ko in /lib/modules)
nx679j: MOD pdr_interface                      MISSING (no .ko in /lib/modules)
nx679j: MOD pmic_glink                         MISSING (no .ko in /lib/modules)
nx679j: MOD ucsi_glink                         MISSING (no .ko in /lib/modules)
nx679j: ---- dump (chain progress) ----
nx679j: pmsg unavailable (no ramoops this boot)
nx679j: MOD fsa4480_i2c                        MISSING (no .ko in /lib/modules)
nx679j: MOD altmode_glink                      MISSING (no .ko in /lib/modules)
nx679j: MOD proxy_consumer                     MISSING (no .ko in /lib/modules)
nx679j: MOD debug_regulator                    MISSING (no .ko in /lib/modules)
nx679j: MOD gdsc_regulator                     MISSING (no .ko in /lib/modules)
nx679j: MOD clk_qcom                           MISSING (no .ko in /lib/modules)
nx679j: MOD ssusb_redriver_nb7vpq904m          MISSING (no .ko in /lib/modules)
nx679j: MOD phy_generic                        MISSING (no .ko in /lib/modules)
nx679j: ---- dump (chain progress) ----
nx679j: pmsg unavailable (no ramoops this boot)
nx679j: MOD phy_msm_snps_hs                    MISSING (no .ko in /lib/modules)
nx679j: MOD phy_msm_ssusb_qmp                  MISSING (no .ko in /lib/modules)
nx679j: MOD eud                                MISSING (no .ko in /lib/modules)
nx679j: MOD dwc3_msm                           MISSING (no .ko in /lib/modules)
nx679j: MOD tmecom_intf                        MISSING (no .ko in /lib/modules)
nx679j: MOD hwkm                               MISSING (no .ko in /lib/modules)
nx679j: MOD crypto_qti_hwkm                    MISSING (no .ko in /lib/modules)
nx679j: MOD crypto_qti_common                  MISSING (no .ko in /lib/modules)
nx679j: ---- dump (chain progress) ----
nx679j: pmsg unavailable (no ramoops this boot)
nx679j: MOD ufshcd_crypto_qti                  MISSING (no .ko in /lib/modules)
nx679j: MOD ufs_qcom                           MISSING (no .ko in /lib/modules)
nx679j: MOD phy_qcom_ufs_qmp_v4_cape           MISSING (no .ko in /lib/modules)
nx679j: MOD phy_qcom_ufs_qmp_v4_diwali         MISSING (no .ko in /lib/modules)
nx679j: MOD phy_qcom_ufs_qmp_v4_waipio         MISSING (no .ko in /lib/modules)
nx679j: MOD nvmem_qcom_spmi_sdam               MISSING (no .ko in /lib/modules)
nx679j: ---- dump (chain progress) ----
nx679j: pmsg unavailable (no ramoops this boot)
nx679j: chain: done in 68 ms: ok=1 timeout-killed=0 failed/missing=46 skipped=0
nx679j: ---- dump (end of chain) ----
nx679j: pmsg unavailable (no ramoops this boot)
nx679j: gadget: start
nx679j: usb_role nodes set to device: 0
nx679j: ATTEMPT wait for a real UDC (1/12)
nx679j: ATTEMPT wait for a real UDC (2/12)
nx679j: ATTEMPT wait for a real UDC (3/12)
nx679j: ATTEMPT wait for a real UDC (4/12)
nx679j: ATTEMPT wait for a real UDC (5/12)
nx679j: ATTEMPT wait for a real UDC (6/12)
nx679j: ATTEMPT wait for a real UDC (7/12)
nx679j: ATTEMPT wait for a real UDC (8/12)
nx679j: ATTEMPT wait for a real UDC (9/12)
nx679j: ATTEMPT wait for a real UDC (10/12)
nx679j: ATTEMPT wait for a real UDC (11/12)
nx679j: ATTEMPT wait for a real UDC (12/12)
nx679j: gadget: NO UDC after 12 s (dwc3_msm not up?)
nx679j: gadget: rc=-1
nx679j: ---- dump (end of gadget step) ----
nx679j: pmsg unavailable (no ramoops this boot)
nx679j: PID1-OP-FAILED op=gadget rc=1 journal=0 gadget=0
nx679j: ---- dump (PID1-OP-FAILED op=gadget rc=1 journal=0 gadget=0) ----
nx679j: pmsg unavailable (no ramoops this boot)
nx679j: v9-summary op=dump rc=0 journal=0 gadget=0
nx679j: ---- dump (v9-summary op=dump rc=0 journal=0 gadget=0) ----
nx679j: pmsg unavailable (no ramoops this boot)
nx679j: v9-relay-started op=relay rc=0 n=1 journal=0 gadget=0
nx679j: ---- dump (v9-relay-started op=relay rc=0 n=1 journal=0 gadget=0) ----
nx679j: pmsg unavailable (no ramoops this boot)
nx679j-relay-v9: READ-ONLY relay up: nc 0.0.0.0 9999  (iface usb0 ip -, wildcard_fallback=1)[   27.318797] nx679j: journal mirror: 7940 bytes (file open, kmsg=4 pmsg=-1 rd=-1)

nx679j-relay-v9: it never opens a file for writing; the answer is a snapshot of /proc, /sys and /nx679j-journal
<1>nx679j: journal mirror: 8041 bytes (file open, kmsg=4 pmsg=-1 rd=-1)
nx679j: mounts: start (uid=0 pid=55)
nx679j: ATTEMPT mount -t proc /proc
nx679j: mount proc      rc=0
nx679j: ATTEMPT mount -t sysfs /sys
nx679j: mount sysfs     rc=0
nx679j: ATTEMPT mount -t configfs /sys/kernel/config
nx679j: mount configfs  rc=0
nx679j: ATTEMPT mount -t pstore /sys/fs/pstore
nx679j: mount pstore    rc=0
nx679j: cmdline: console=ttyAMA0 earlycon loglevel=8 panic=10 rdinit=/init ip=10.0.2.15::10.0.2.2:255.255.255.0::eth0:off
nx679j: kernel 6.6.60 aarch64
nx679j: /proc/devices: pmsg=no
nx679j: configfs usb_gadget=absent
nx679j: 0 .ko files visible in /lib/modules
nx679j: mounts: done
nx679j: FIRST JOURNAL WRITE, no module loaded yet (device tree nodes UFS=absent USB=present)
nx679j: /dev/block/by-name present: no
nx679j: /dev present: kmsg=yes pmsg0=yes console=yes
nx679j: ---- dump (first journal write: NO rawdump partition found) ----
nx679j: pmsg unavailable (no ramoops this boot)
nx679j: journal is durable on rawdump: no
nx679j: PID1-OP-FAILED op=journal rc=1 journal=0 gadget=0
nx679j: ---- dump (PID1-OP-FAILED op=journal rc=1 journal=0 gadget=0) ----
nx679j: pmsg unavailable (no ramoops this boot)
nx679j: gadget: start
nx679j: usb_role nodes set to device: 0
nx679j: ATTEMPT wait for a real UDC (1/12)
nx679j: ATTEMPT wait for a real UDC (2/12)
nx679j: ATTEMPT wait for a real UDC (3/12)
nx679j: ATTEMPT wait for a real UDC (4/12)
nx679j: ATTEMPT wait for a real UDC (5/12)
nx679j: ATTEMPT wait for a real UDC (6/12)
nx679j: ATTEMPT wait for a real UDC (7/12)
nx679j: ATTEMPT wait for a real UDC (8/12)
nx679j: ATTEMPT wait for a real UDC (9/12)
nx679j: ATTEMPT wait for a real UDC (10/12)
nx679j: ATTEMPT wait for a real UDC (11/12)
nx679j: ATTEMPT wait for a real UDC (12/12)
nx679j: gadget: NO UDC after 12 s (dwc3_msm not up?)
nx679j: gadget: rc=-1
nx679j: ---- dump (end of gadget step) ----
nx679j: pmsg unavailable (no ramoops this boot)
nx679j: PID1-OP-FAILED op=gadget rc=1 journal=0 gadget=0
nx679j: ---- dump (PID1-OP-FAILED op=gadget rc=1 journal=0 gadget=0) ----
nx679j: pmsg unavailable (no ramoops this boot)
nx679j: chain: start
nx679j: chain: 47 modules to try, 0 .ko visible
nx679j: MOD phy_qcom_emu                       MISSING (no .ko in /lib/modules)
nx679j: ---- dump (chain progress) ----
nx679j: pmsg unavailable (no ramoops this boot)
nx679j: MOD repeater                           MISSING (no .ko in /lib/modules)
nx679j: MOD qcom_scm                           MISSING (no .ko in /lib/modules)
nx679j: MOD phy_msm_snps_eusb2                 MISSING (no .ko in /lib/modules)
nx679j: MOD phy_qcom_ufs                       MISSING (no .ko in /lib/modules)
nx679j: MOD phy_qcom_ufs_qmp_v4_lahaina        MISSING (no .ko in /lib/modules)
nx679j: MOD qcom_hwspinlock                    MISSING (no .ko in /lib/modules)
nx679j: MOD smem                               MISSING (no .ko in /lib/modules)
nx679j: MOD minidump                           MISSING (no .ko in /lib/modules)
nx679j: ---- dump (chain progress) ----
nx679j: pmsg unavailable (no ramoops this boot)
nx679j: MOD qcom_ipc_logging                   MISSING (no .ko in /lib/modules)
nx679j: MOD qcom_glink                         MISSING (no .ko in /lib/modules)
nx679j: MOD qcom_glink_spss                    MISSING (no .ko in /lib/modules)
nx679j: MOD phy_qcom_ufs_qmp_14nm              MISSING (no .ko in /lib/modules)
nx679j: MOD phy_qcom_ufs_qmp_v3                MISSING (no .ko in /lib/modules)
nx679j: MOD nvmem_qfprom                       already-loaded
nx679j: MOD qti_regmap_debugfs                 MISSING (no .ko in /lib/modules)
nx679j: MOD ns                                 MISSING (no .ko in /lib/modules)
nx679j: ---- dump (chain progress) ----
nx679j: pmsg unavailable (no ramoops this boot)
nx679j: MOD qrtr                               MISSING (no .ko in /lib/modules)
nx679j: MOD qmi_helpers                        MISSING (no .ko in /lib/modules)
nx679j: MOD qcom_smd                           MISSING (no .ko in /lib/modules)
nx679j: MOD qcom_glink_smem                    MISSING (no .ko in /lib/modules)
nx679j: MOD rproc_qcom_common                  MISSING (no .ko in /lib/modules)
nx679j: MOD pdr_interface                      MISSING (no .ko in /lib/modules)
nx679j: MOD pmic_glink                         MISSING (no .ko in /lib/modules)
nx679j: MOD ucsi_glink                         MISSING (no .ko in /lib/modules)
nx679j: ---- dump (chain progress) ----
nx679j: pmsg unavailable (no ramoops this boot)
nx679j: MOD fsa4480_i2c                        MISSING (no .ko in /lib/modules)
nx679j: MOD altmode_glink                      MISSING (no .ko in /lib/modules)
nx679j: MOD proxy_consumer                     MISSING (no .ko in /lib/modules)
nx679j: MOD debug_regulator                    MISSING (no .ko in /lib/modules)
nx679j: MOD gdsc_regulator                     MISSING (no .ko in /lib/modules)
nx679j: MOD clk_qcom                           MISSING (no .ko in /lib/modules)
nx679j: MOD ssusb_redriver_nb7vpq904m          MISSING (no .ko in /lib/modules)
nx679j: MOD phy_generic                        MISSING (no .ko in /lib/modules)
nx679j: ---- dump (chain progress) ----
nx679j: pmsg unavailable (no ramoops this boot)
nx679j: MOD phy_msm_snps_hs                    MISSING (no .ko in /lib/modules)
nx679j: MOD phy_msm_ssusb_qmp                  MISSING (no .ko in /lib/modules)
nx679j: MOD eud                                MISSING (no .ko in /lib/modules)
nx679j: MOD dwc3_msm                           MISSING (no .ko in /lib/modules)
nx679j: MOD tmecom_intf                        MISSING (no .ko in /lib/modules)
nx679j: MOD hwkm                               MISSING (no .ko in /lib/modules)
nx679j: MOD crypto_qti_hwkm                    MISSING (no .ko in /lib/modules)
nx679j: MOD crypto_qti_common                  MISSING (no .ko in /lib/modules)
nx679j: ---- dump (chain progress) ----
nx679j: pmsg unavailable (no ramoops this boot)
nx679j: MOD ufshcd_crypto_qti                  MISSING (no .ko in /lib/modules)
nx679j: MOD ufs_qcom                           MISSING (no .ko in /lib/modules)
nx679j: MOD phy_qcom_ufs_qmp_v4_cape           MISSING (no .ko in /lib/modules)
nx679j: MOD phy_qcom_ufs_qmp_v4_diwali         MISSING (no .ko in /lib/modules)
nx679j: MOD phy_qcom_ufs_qmp_v4_waipio         MISSING (no .ko in /lib/modules)
nx679j: MOD nvmem_qcom_spmi_sdam               MISSING (no .ko in /lib/modules)
nx679j: ---- dump (chain progress) ----
nx679j: pmsg unavailable (no ramoops this boot)
nx679j: chain: done in 68 ms: ok=1 timeout-killed=0 failed/missing=46 skipped=0
nx679j: ---- dump (end of chain) ----
nx679j: pmsg unavailable (no ramoops this boot)
nx679j: gadget: start
nx679j: usb_role nodes set to device: 0
nx679j: ATTEMPT wait for a real UDC (1/12)
nx679j: ATTEMPT wait for a real UDC (2/12)
nx679j: ATTEMPT wait for a real UDC (3/12)
nx679j: ATTEMPT wait for a real UDC (4/12)
nx679j: ATTEMPT wait for a real UDC (5/12)
nx679j: ATTEMPT wait for a real UDC (6/12)
nx679j: ATTEMPT wait for a real UDC (7/12)
nx679j: ATTEMPT wait for a real UDC (8/12)
nx679j: ATTEMPT wait for a real UDC (9/12)
nx679j: ATTEMPT wait for a real UDC (10/12)
nx679j: ATTEMPT wait for a real UDC (11/12)
nx679j: ATTEMPT wait for a real UDC (12/12)
nx679j: gadget: NO UDC after 12 s (dwc3_msm not up?)
nx679j: gadget: rc=-1
nx679j: ---- dump (end of gadget step) ----
nx679j: pmsg unavailable (no ramoops this boot)
nx679j: PID1-OP-FAILED op=gadget rc=1 journal=0 gadget=0
nx679j: ---- dump (PID1-OP-FAILED op=gadget rc=1 journal=0 gadget=0) ----
nx679j: pmsg unavailable (no ramoops this boot)
nx679j: v9-summary op=dump rc=0 journal=0 gadget=0
nx679j: ---- dump (v9-summary op=dump rc=0 journal=0 gadget=0) ----
nx679j: pmsg unavailable (no ramoops this boot)
nx679j: v9-relay-started op=relay rc=0 n=1 journal=0 gadget=0
nx679j: ---- dump (v9-relay-started op=relay rc=0 n=1 journal=0 gadget=0) ----
nx679j: pmsg unavailable (no ramoops this boot)
nx679j: heartbeat
nx679j: ---- dump (heartbeat) ----
nx679j: pmsg unavailable (no ramoops this boot)
[   57.371497] nx679j: journal mirror: 8041 bytes (file open, kmsg=4 pmsg=-1 rd=-1)
[   57.471163] Flash device refused suspend due to active operation (state 20)
[   57.471430] Flash device refused suspend due to active operation (state 20)
[   57.471853] reboot: Restarting system
[    0.000000] Booting Linux on physical CPU 0x0000000000 [0x411fd070]
[    0.000000] Linux version 6.6.60 (user@user-Mini) (aarch64-linux-gnu-gcc (GCC) 16.1.0, GNU ld (GNU Binutils) 2.47) #1 SMP PREEMPT Thu Aug  6 23:41:56 CEST 2026
[    0.000000] KASLR enabled
[    0.000000] random: crng init done
[    0.000000] Machine model: linux,dummy-virt
[    0.000000] efi: UEFI not found.
[    0.000000] earlycon: pl11 at MMIO 0x00************** (options '')
[    0.000000] printk: bootconsole [pl11] enabled
[    0.000000] NUMA: No NUMA configuration found
[    0.000000] NUMA: Faking a node at [mem 0x00**************-0x00000000bfffffff]
[    0.000000] NUMA: NODE_DATA [mem 0xbfbf09c0-0xbfbf2fff]
[    0.000000] Zone ranges:
[    0.000000]   DMA      [mem 0x00**************-0x00000000bfffffff]
[    0.000000]   DMA32    empty
[    0.000000]   Normal   empty
[    0.000000] Movable zone start for each node
[    0.000000] Early memory node ranges
[    0.000000]   node   0: [mem 0x00**************-0x00000000bfffffff]
[    0.000000] Initmem setup node 0 [mem 0x00**************-0x00000000bfffffff]
[    0.000000] cma: Reserved 32 MiB at 0x00000000bba00000 on node -1
[    0.000000] psci: probing for conduit method from DT.
[    0.000000] psci: PSCIv1.1 detected in firmware.
[    0.000000] psci: Using standard PSCI v0.2 function IDs
[    0.000000] psci: Trusted OS migration not required
[    0.000000] psci: SMC Calling Convention v1.0
[    0.000000] percpu: Embedded 22 pages/cpu s50856 r8192 d31064 u90112
[    0.000000] pcpu-alloc: s50856 r8192 d31064 u90112 alloc=22*4096
[    0.000000] pcpu-alloc: [0] 0 [0] 1 
[    0.000000] Detected PIPT I-cache on CPU0
[    0.000000] CPU features: detected: Spectre-v2
[    0.000000] CPU features: detected: Spectre-v3a
[    0.000000] CPU features: detected: Spectre-v4
[    0.000000] CPU features: detected: Spectre-BHB
[    0.000000] CPU features: kernel page table isolation forced ON by KASLR
[    0.000000] CPU features: detected: Kernel page table isolation (KPTI)
[    0.000000] CPU features: detected: ARM erratum 834220
[    0.000000] CPU features: detected: ARM erratum 1742098
[    0.000000] CPU features: detected: ARM erratum 832075
[    0.000000] CPU features: detected: ARM errata 1165522, 1319367, or 1530923
[    0.000000] alternatives: applying boot alternatives
[    0.000000] Kernel command line: console=ttyAMA0 earlycon loglevel=8 panic=10 rdinit=/init ip=10.0.2.15::10.0.2.2:255.255.255.0::eth0:off
[    0.000000] Dentry cache hash table entries: 262144 (order: 9, 2097152 bytes, linear)
[    0.000000] Inode-cache hash table entries: 131072 (order: 8, 1048576 bytes, linear)
[    0.000000] Fallback order for Node 0: 0 
[    0.000000] Built 1 zonelists, mobility grouping on.  Total pages: 516096
[    0.000000] Policy zone: DMA
[    0.000000] mem auto-init: stack:all(zero), heap alloc:off, heap free:off
[    0.000000] software IO TLB: area num 2.
[    0.000000] software IO TLB: mapped [mem 0x00000000b7800000-0x00000000bb800000] (64MB)
[    0.000000] Memory: 1920368K/2097152K available (16832K kernel code, 4276K rwdata, 10592K rodata, 2624K init, 605K bss, 144016K reserved, 32768K cma-reserved)
[    0.000000] SLUB: HWalign=64, Order=0-3, MinObjects=0, CPUs=2, Nodes=1
[    0.000000] rcu: Preemptible hierarchical RCU implementation.
[    0.000000] rcu: 	RCU event tracing is enabled.
[    0.000000] rcu: 	RCU restricting CPUs from NR_CPUS=256 to nr_cpu_ids=2.
[    0.000000] 	Trampoline variant of Tasks RCU enabled.
[    0.000000] 	Tracing variant of Tasks RCU enabled.
[    0.000000] rcu: RCU calculated value of scheduler-enlistment delay is 25 jiffies.
[    0.000000] rcu: Adjusting geometry for rcu_fanout_leaf=16, nr_cpu_ids=2
[    0.000000] NR_IRQS: 64, nr_irqs: 64, preallocated irqs: 0
[    0.000000] Root IRQ handler: gic_handle_irq
[    0.000000] GICv2m: range[mem 0x08020000-0x08020fff], SPI[80:143]
[    0.000000] rcu: srcu_init: Setting srcu_struct sizes based on contention.
[    0.000000] arch_timer: cp15 timer(s) running at 62.50MHz (virt).
[    0.000000] clocksource: arch_sys_counter: mask: 0x1ffffffffffffff max_cycles: 0x1cd42e208c, max_idle_ns: 881590405314 ns
[    0.000038] sched_clock: 57 bits at 63MHz, resolution 16ns, wraps every 4398046511096ns
[    0.003106] Console: colour dummy device 80x25
[    0.006219] Calibrating delay loop (skipped), value calculated using timer frequency.. 125.00 BogoMIPS (lpj=250000)
[    0.006439] pid_max: default: 32768 minimum: 301
[    0.007197] LSM: initializing lsm=capability,integrity
[    0.008347] Mount-cache hash table entries: 4096 (order: 3, 32768 bytes, linear)
[    0.008460] Mountpoint-cache hash table entries: 4096 (order: 3, 32768 bytes, linear)
[    0.026302] RCU Tasks: Setting shift to 1 and lim to 1 rcu_task_cb_adjust=1 rcu_task_cpu_ids=2.
[    0.026901] RCU Tasks Trace: Setting shift to 1 and lim to 1 rcu_task_cb_adjust=1 rcu_task_cpu_ids=2.
[    0.027764] rcu: Hierarchical SRCU implementation.
[    0.027851] rcu: 	Max phase no-delay instances is 1000.
[    0.031060] EFI services will not be available.
[    0.031877] smp: Bringing up secondary CPUs ...
[    0.033450] Detected PIPT I-cache on CPU1
[    0.033979] CPU1: Booted secondary processor 0x0000000001 [0x411fd070]
[    0.036957] smp: Brought up 1 node, 2 CPUs
[    0.037244] SMP: Total of 2 processors activated.
[    0.037352] CPU features: detected: 32-bit EL0 Support
[    0.037420] CPU features: detected: 32-bit EL1 Support
[    0.037510] CPU features: detected: CRC32 instructions
[    0.038736] CPU: All CPU(s) started at EL1
[    0.038993] alternatives: applying system-wide alternatives
[    0.051472] devtmpfs: initialized
[    0.059738] clocksource: jiffies: mask: 0xffffffff max_cycles: 0xffffffff, max_idle_ns: 76************** ns
[    0.059950] futex hash table entries: 512 (order: 3, 32768 bytes, linear)
[    0.062133] pinctrl core: initialized pinctrl subsystem
[    0.065315] DMI not present or invalid.
[    0.071570] NET: Registered PF_NETLINK/PF_ROUTE protocol family
[    0.076266] DMA: preallocated 256 KiB GFP_KERNEL pool for atomic allocations
[    0.076646] DMA: preallocated 256 KiB GFP_KERNEL|GFP_DMA pool for atomic allocations
[    0.076927] DMA: preallocated 256 KiB GFP_KERNEL|GFP_DMA32 pool for atomic allocations
[    0.077161] audit: initializing netlink subsys (disabled)
[    0.078158] audit: type=2000 audit(0.072:1): state=initialized audit_enabled=0 res=1
[    0.080427] thermal_sys: Registered thermal governor 'step_wise'
[    0.080452] thermal_sys: Registered thermal governor 'power_allocator'
[    0.080711] cpuidle: using governor menu
[    0.081430] hw-breakpoint: found 6 breakpoint and 4 watchpoint registers.
[    0.081838] ASID allocator initialised with 32768 entries
[    0.084455] Serial: AMBA PL011 UART driver
[    0.105204] 9000000.pl011: ttyAMA0 at MMIO 0x9000000 (irq = 13, base_baud = 0) is a PL011 rev1
[    0.106045] printk: console [ttyAMA0] enabled
[    0.106045] printk: console [ttyAMA0] enabled
[    0.106290] printk: bootconsole [pl11] disabled
[    0.106290] printk: bootconsole [pl11] disabled
[    0.117978] Modules: 2G module region forced by RANDOMIZE_MODULE_REGION_FULL
[    0.118116] Modules: 0 pages in range for non-PLT usage
[    0.118127] Modules: 515504 pages in range for PLT usage
[    0.120540] HugeTLB: registered 1.00 GiB page size, pre-allocated 0 pages
[    0.120693] HugeTLB: 0 KiB vmemmap can be freed for a 1.00 GiB page
[    0.120773] HugeTLB: registered 32.0 MiB page size, pre-allocated 0 pages
[    0.120846] HugeTLB: 0 KiB vmemmap can be freed for a 32.0 MiB page
[    0.120913] HugeTLB: registered 2.00 MiB page size, pre-allocated 0 pages
[    0.120985] HugeTLB: 0 KiB vmemmap can be freed for a 2.00 MiB page
[    0.121057] HugeTLB: registered 64.0 KiB page size, pre-allocated 0 pages
[    0.121128] HugeTLB: 0 KiB vmemmap can be freed for a 64.0 KiB page
[    0.125923] ACPI: Interpreter disabled.
[    0.128649] iommu: Default domain type: Translated
[    0.128729] iommu: DMA domain TLB invalidation policy: strict mode
[    0.129422] SCSI subsystem initialized
[    0.129794] libata version 3.00 loaded.
[    0.130559] usbcore: registered new interface driver usbfs
[    0.130725] usbcore: registered new interface driver hub
[    0.130844] usbcore: registered new device driver usb
[    0.131701] pps_core: LinuxPPS API ver. 1 registered
[    0.131763] pps_core: Software ver. 5.3.6 - Copyright 2005-2007 Rodolfo Giometti <giometti@linux.it>
[    0.131906] PTP clock support registered
[    0.132197] EDAC MC: Ver: 3.0.0
[    0.133479] scmi_core: SCMI protocol bus registered
[    0.134686] FPGA manager framework
[    0.135079] Advanced Linux Sound Architecture Driver Initialized.
[    0.141917] vgaarb: loaded
[    0.142829] clocksource: Switched to clocksource arch_sys_counter
[    0.143498] VFS: Disk quotas dquot_6.6.0
[    0.143652] VFS: Dquot-cache hash table entries: 512 (order 0, 4096 bytes)
[    0.145002] pnp: PnP ACPI: disabled
[    0.154837] NET: Registered PF_INET protocol family
[    0.155791] IP idents hash table entries: 32768 (order: 6, 262144 bytes, linear)
[    0.158996] tcp_listen_portaddr_hash hash table entries: 1024 (order: 2, 16384 bytes, linear)
[    0.159148] Table-perturb hash table entries: 65536 (order: 6, 262144 bytes, linear)
[    0.159257] TCP established hash table entries: 16384 (order: 5, 131072 bytes, linear)
[    0.159464] TCP bind hash table entries: 16384 (order: 7, 524288 bytes, linear)
[    0.159711] TCP: Hash tables configured (established 16384 bind 16384)
[    0.160320] UDP hash table entries: 1024 (order: 3, 32768 bytes, linear)
[    0.160524] UDP-Lite hash table entries: 1024 (order: 3, 32768 bytes, linear)
[    0.161137] NET: Registered PF_UNIX/PF_LOCAL protocol family
[    0.162867] RPC: Registered named UNIX socket transport module.
[    0.162962] RPC: Registered udp transport module.
[    0.163018] RPC: Registered tcp transport module.
[    0.163077] RPC: Registered tcp-with-tls transport module.
[    0.163138] RPC: Registered tcp NFSv4.1 backchannel transport module.
[    0.163264] PCI: CLS 0 bytes, default 64
[    0.165205] Unpacking initramfs...
[    0.167132] kvm [1]: HYP mode not available
[    0.168899] Initialise system trusted keyrings
[    0.174952] workingset: timestamp_bits=42 max_order=19 bucket_order=0
[    0.176088] squashfs: version 4.0 (2009/01/31) Phillip Lougher
[    0.177110] NFS: Registering the id_resolver key type
[    0.177385] Key type id_resolver registered
[    0.177453] Key type id_legacy registered
[    0.177649] nfs4filelayout_init: NFSv4 File Layout Driver Registering...
[    0.177768] nfs4flexfilelayout_init: NFSv4 Flexfile Layout Driver Registering...
[    0.178297] 9p: Installing v9fs 9p2000 file system support
[    0.211644] Freeing initrd memory: 1376K
[    0.216356] Key type asymmetric registered
[    0.216515] Asymmetric key parser 'x509' registered
[    0.216834] Block layer SCSI generic (bsg) driver version 0.4 loaded (major 245)
[    0.217002] io scheduler mq-deadline registered
[    0.217112] io scheduler kyber registered
[    0.217411] io scheduler bfq registered
[    0.229721] pl061_gpio 9030000.pl061: PL061 GPIO chip registered
[    0.233076] pci-host-generic 4010000000.pcie: host bridge /pcie@10000000 ranges:
[    0.233550] pci-host-generic 4010000000.pcie:       IO 0x003eff0000..0x003effffff -> 0x0000000000
[    0.233940] pci-host-generic 4010000000.pcie:      MEM 0x0010000000..0x003efeffff -> 0x0010000000
[    0.234087] pci-host-generic 4010000000.pcie:      MEM 0x8000000000..0xffffffffff -> 0x8000000000
[    0.234448] pci-host-generic 4010000000.pcie: Memory resource size exceeds max for 32 bits
[    0.234904] pci-host-generic 4010000000.pcie: ECAM at [mem 0x4010000000-0x401fffffff] for [bus 00-ff]
[    0.235713] pci-host-generic 4010000000.pcie: PCI host bridge to bus 0000:00
[    0.235926] pci_bus 0000:00: root bus resource [bus 00-ff]
[    0.236032] pci_bus 0000:00: root bus resource [io  0x0000-0xffff]
[    0.236135] pci_bus 0000:00: root bus resource [mem 0x10000000-0x3efeffff]
[    0.236218] pci_bus 0000:00: root bus resource [mem 0x8000000000-0xffffffffff]
[    0.237185] pci 0000:00:00.0: [1b36:0008] type 00 class 0x060000
[    0.239394] pci 0000:00:01.0: [8086:100e] type 00 class 0x020000
[    0.239607] pci 0000:00:01.0: reg 0x10: [mem 0x00000000-0x0001ffff]
[    0.239731] pci 0000:00:01.0: reg 0x14: [io  0x0000-0x003f]
[    0.239838] pci 0000:00:01.0: reg 0x30: [mem 0x00000000-0x0003ffff pref]
[    0.241295] pci 0000:00:01.0: BAR 6: assigned [mem 0x10000000-0x1003ffff pref]
[    0.241488] pci 0000:00:01.0: BAR 0: assigned [mem 0x10040000-0x1005ffff]
[    0.241618] pci 0000:00:01.0: BAR 1: assigned [io  0x1000-0x103f]
[    0.247309] EINJ: ACPI disabled.
[    0.276229] Serial: 8250/16550 driver, 4 ports, IRQ sharing enabled
[    0.280040] SuperH (H)SCI(F) driver initialized
[    0.280579] msm_serial: driver initialized
[    0.281193] STM32 USART driver initialized
[    0.293163] loop: module loaded
[    0.294879] megasas: 07.725.01.00-rc1
[    0.297741] physmap-flash 0.flash: physmap platform flash device: [mem 0x00000000-0x03ffffff]
[    0.298639] 0.flash: Found 2 x16 devices at 0x0 in 32-bit bank. Manufacturer ID 0x000000 Chip ID 0x000000
[    0.299174] Intel/Sharp Extended Query Table at 0x0031
[    0.299610] Using buffer write method
[    0.299905] erase region 0: offset=0x0,size=0x40000,blocks=256
[    0.300130] physmap-flash 0.flash: physmap platform flash device: [mem 0x04000000-0x07ffffff]
[    0.300451] 0.flash: Found 2 x16 devices at 0x0 in 32-bit bank. Manufacturer ID 0x000000 Chip ID 0x000000
[    0.300595] Intel/Sharp Extended Query Table at 0x0031
[    0.300856] Using buffer write method
[    0.300922] erase region 0: offset=0x0,size=0x40000,blocks=256
[    0.301025] Concatenating MTD devices:
[    0.301084] (0): "0.flash"
[    0.301125] (1): "0.flash"
[    0.301163] into device "0.flash"
[    0.321268] tun: Universal TUN/TAP device driver, 1.6
[    0.322919] thunder_xcv, ver 1.0
[    0.323061] thunder_bgx, ver 1.0
[    0.323140] nicpf, ver 1.0
[    0.325990] hns3: Hisilicon Ethernet Network Driver for Hip08 Family - version
[    0.326130] hns3: Copyright (c) 2017 Huawei Corporation.
[    0.326363] hclge is initializing
[    0.326520] e1000: Intel(R) PRO/1000 Network Driver
[    0.326595] e1000: Copyright (c) 1999-2006 Intel Corporation.
[    0.329223] e1000 0000:00:01.0: enabling device (0000 -> 0003)
[    0.638397] e1000 0000:00:01.0 eth0: (PCI:33MHz:32-bit) xx:xx:xx:xx:xx:xx
[    0.638829] e1000 0000:00:01.0 eth0: Intel(R) PRO/1000 Network Connection
[    0.639082] e1000e: Intel(R) PRO/1000 Network Driver
[    0.639147] e1000e: Copyright(c) 1999 - 2015 Intel Corporation.
[    0.639284] igb: Intel(R) Gigabit Ethernet Network Driver
[    0.639348] igb: Copyright (c) 2007-2014 Intel Corporation.
[    0.639442] igbvf: Intel(R) Gigabit Virtual Function Network Driver
[    0.639514] igbvf: Copyright (c) 2009 - 2012 Intel Corporation.
[    0.639995] sky2: driver version 1.30
[    0.642103] VFIO - User Level meta-driver version: 0.3
[    0.645209] usbcore: registered new interface driver usb-storage
[    0.649922] rtc-pl031 9010000.pl031: registered as rtc0
[    0.650300] rtc-pl031 9010000.pl031: setting system clock to 2026-09-17T12:04:30 UTC (1789646670)
[    0.651425] i2c_dev: i2c /dev entries driver
[    0.658173] sdhci: Secure Digital Host Controller Interface driver
[    0.658268] sdhci: Copyright(c) Pierre Ossman
[    0.659061] Synopsys Designware Multimedia Card Interface Driver
[    0.659961] sdhci-pltfm: SDHCI platform and OF driver helper
[    0.662054] ledtrig-cpu: registered to indicate activity on CPUs
[    0.664717] usbcore: registered new interface driver usbhid
[    0.664802] usbhid: USB HID core driver
[    0.669199] hw perfevents: enabled with armv8_pmuv3 PMU driver, 7 counters available
[    0.675490] NET: Registered PF_PACKET protocol family
[    0.676262] 9pnet: Installing 9P2000 support
[    0.676494] Key type dns_resolver registered
[    0.686566] registered taskstats version 1
[    0.687279] Loading compiled-in X.509 certificates
[    0.699972] input: gpio-keys as /devices/platform/gpio-keys/input/input0
[    2.723658] e1000: eth0 NIC Link is Up 1000 Mbps Full Duplex, Flow Control: RX
[    2.743253] IP-Config: Complete:
[    2.743373]      device=eth0, hwaddr=xx:xx:xx:xx:xx:xx, ipaddr=10.0.2.15, mask=255.255.255.0, gw=10.0.2.2
[    2.743509]      host=10.0.2.15, domain=, nis-domain=(none)
[    2.743571]      bootserver=255.255.255.255, rootserver=255.255.255.255, rootpath=
[    2.745761] clk: Disabling unused clocks
[    2.746131] ALSA device list:
[    2.746194]   No soundcards found.
[    2.748081] uart-pl011 9000000.pl011: no DMA platform data
[    2.772914] Freeing unused kernel memory: 2624K
[    2.773464] Run /init as init process
[    2.773529]   with arguments:
[    2.773571]     /init
[    2.773604]   with environment:
[    2.773645]     HOME=/
[    2.773678]     TERM=linux
<1>nx679j: journal mirror: 914 bytes (file open, kmsg=4 pmsg=-1 rd=-1)
nx679j: mounts: start (uid=0 pid=55)
nx679j: ATTEMPT mount -t proc /proc
nx679j: mount proc      rc=0
nx679j: ATTEMPT mount -t sysfs /sys
nx679j: mount sysfs     rc=0
nx679j: ATTEMPT mount -t configfs /sys/kernel/config
nx679j: mount configfs  rc=0
nx679j: ATTEMPT mount -t pstore /sys/fs/pstore
nx679j: mount pstore    rc=0
nx679j: cmdline: console=ttyAMA0 earlycon loglevel=8 panic=10 rdinit=/init ip=10.0.2.15::10.0.2.2:255.255.255.0::eth0:off
nx679j: kernel 6.6.60 aarch64
nx679j: /proc/devices: pmsg=no
nx679j: configfs usb_gadget=absent
nx679j: 0 .ko files visible in /lib/modules
nx679j: mounts: done
nx679j: FIRST JOURNAL WRITE, no module loaded yet (device tree nodes UFS=absent USB=present)
nx679j: /dev/block/by-name present: no
nx679j: /dev present: kmsg=yes pmsg0=yes console=yes
nx679j: ---- dump (first journal write: NO rawdump partition found) ----
nx679j: pmsg unavailable (no ramoops this boot)
[    2.845310] nx679j: journal mirror: 914 bytes (file open, kmsg=4 pmsg=-1 rd=-1)
[    2.845506] nx679j: mounts: start (uid=0 pid=55)
[    2.845506] nx679j: ATTEMPT mount -t proc /proc
[    2.845506] nx679j: mount proc      rc=0
[    2.845506] nx679j: ATTEMPT mount -t sysfs /sys
[    2.845506] nx679j: mount sysfs     rc=0
[    2.845506] nx679j: ATTEMPT mount -t configfs /sys/kernel/config
[    2.845506] nx679j: mount configfs  rc=0
[    2.845506] nx679j: ATTEMPT mount -t pstore /sys/fs/pstore
[    2.845506] nx679j: mount pstore    rc=0
[    2.845506] nx679j: cmdline: console=ttyAMA0 earlycon loglevel=8 panic=10 rdinit=/init ip=10.0.2.15::10.0.2.2:255.255.255.0::eth0:off
[    2.845506] nx679j: kernel 6.6.60 aarch64
[    2.845506] nx679j: /proc/devices: pmsg=no
[    2.845506] nx679j: configfs usb_gadget=absent
[    2.845506] nx679j: 0 .ko files visible in /lib/modules
[    2.845506] nx679j: mounts: done
[    2.845506] nx679j: FIRST JOURNAL WRITE, no module loaded yet (device tree nodes UFS=absent USB=present)
[    2.845506] nx679j: /dev/block/by-name present: no
[    2.845506] nx679j: /dev present: kmsg=yes pmsg0=yes console=yes
[    2.845506] nx679j: ---- dump (first journal write: NO rawdump partition found) ----
[    2.845506] nx679j: pmsg unavailable (no ramoops this boot)
<1>nx679j: journal mirror: 1137 bytes (file open, kmsg=4 pmsg=-1 rd=-1)
nx679j: mounts: start (uid=0 pid=55)
nx679j: ATTEMPT mount -t proc /proc
nx679j: mount proc      rc=0
nx679j: ATTEMPT mount -t sysfs /sys
nx679j: mount sysfs     rc=0
nx679j: ATTEMPT mount -t configfs /sys/kernel/config
nx679j: mount configfs  rc=0
nx679j: ATTEMPT mount -t pstore /sys/fs/pstore
nx679j: mount pstore    rc=0
nx679j: cmdline: console=ttyAMA0 earlycon loglevel=8 panic=10 rdinit=/init ip=10.0.2.15::10.0.2.2:255.255.255.0::eth0:off
nx679j: kernel 6.6.60 aarch64
nx679j: /proc/devices: pmsg=no
nx679j: configfs usb_gadget=absent
nx679j: 0 .ko files visible in /lib/modules
nx679j: mounts: done
nx679j: FIRST JOURNAL WRITE, no module loaded yet (device tree nodes UFS=absent USB=present)
nx679j: /dev/block/by-name present: no
nx679j: /dev present: kmsg=yes pmsg0=yes console=yes
nx679j: ---- dump (first journal write: NO rawdump partition found) ----
nx679j: pmsg unavailable (no ramoops this boot)
nx679j: journal is durable on rawdump: no
nx679j: PID1-OP-FAILED op=journal rc=1 journal=0 gadget=0
nx679j: ---- dump (PID1-OP-FAILED op=journal rc=1 journal=0 gadget=0) ----
nx679j: pmsg unavailable (no ramoops this boot)
[    2.893076] nx679j: journal mirror: 1137 bytes (file open, kmsg=4 pmsg=-1 rd=-1)
qemu-system-aarch64: terminating on signal 15 from pid 2843118 ()
