[ 2888.675741][T15449] nx679j: journal mirror: 262143 bytes (file open, kmsg=3 pmsg=4 rd=8)
[ 2890.728090][T15450] nx679j: journal mirror: 262143 bytes (file open, kmsg=3 pmsg=4 rd=8)
[ 2892.780817][T15451] nx679j: journal mirror: 262143 bytes (file open, kmsg=3 pmsg=4 rd=8)
[ 2894.832963][T15467] nx679j: journal mirror: 262143 bytes (file open, kmsg=3 pmsg=4 rd=8)
[ 2896.633054][    T7] (virq:irq_count)- 11:1510825 6:186414 2:64904 1:43465 35:7259 30:5151 301:4565 358:422 28:409 37:24 
[ 2896.633060][    T7] (cpu:irq_count)- 0:81494 1:809 2:675 3:800 4:833579 5:2203 6:2466 7:901454 
[ 2896.633063][    T7] (ipi:irq_count)- 0:43465 1:64904 2:0 3:0 4:0 5:186414 6:0 
[ 2896.885222][T15468] nx679j: journal mirror: 262143 bytes (file open, kmsg=3 pmsg=4 rd=8)
[ 2898.937519][T15469] nx679j: journal mirror: 262143 bytes (file open, kmsg=3 pmsg=4 rd=8)
[ 2900.989849][T15470] nx679j: journal mirror: 262143 bytes (file open, kmsg=3 pmsg=4 rd=8)
[ 2903.042189][T15471] nx679j: journal mirror: 262143 bytes (file open, kmsg=3 pmsg=4 rd=8)
[ 2905.094492][T15472] nx679j: journal mirror: 262143 bytes (file open, kmsg=3 pmsg=4 rd=8)
[ 2906.101035][    T7] (virq:irq_count)- 11:1515776 6:187015 2:65099 1:43514 35:7279 30:5166 301:4569 358:422 28:409 37:24 
[ 2906.101040][    T7] (cpu:irq_count)- 0:81730 1:809 2:675 3:800 4:836303 5:2203 6:2466 7:904329 
[ 2906.101043][    T7] (ipi:irq_count)- 0:43514 1:65099 2:0 3:0 4:0 5:187015 6:0 
[ 2907.146846][T15473] nx679j: journal mirror: 262143 bytes (file open, kmsg=3 pmsg=4 rd=8)
[ 2909.199184][T15474] nx679j: journal mirror: 262143 bytes (file open, kmsg=3 pmsg=4 rd=8)
[ 2911.251515][T15475] nx679j: journal mirror: 262143 bytes (file open, kmsg=3 pmsg=4 rd=8)
[ 2913.303863][T15476] nx679j: journal mirror: 262143 bytes (file open, kmsg=3 pmsg=4 rd=8)
[ 2915.356187][T15477] nx679j: journal mirror: 262143 bytes (file open, kmsg=3 pmsg=4 rd=8)
[ 2915.573035][    T7] (virq:irq_count)- 11:1520727 6:187617 2:65295 1:43559 35:7299 30:5181 301:4572 358:422 28:409 37:24 
[ 2915.573041][    T7] (cpu:irq_count)- 0:81966 1:809 2:675 3:800 4:839019 5:2203 6:2466 7:907209 
[ 2915.573045][    T7] (ipi:irq_count)- 0:43559 1:65295 2:0 3:0 4:0 5:187617 6:0 
[ 2917.408527][T15478] nx679j: journal mirror: 262143 bytes (file open, kmsg=3 pmsg=4 rd=8)
[ 2919.460852][T15479] nx679j: journal mirror: 262143 bytes (file open, kmsg=3 pmsg=4 rd=8)
[ 2921.513250][T15480] nx679j: journal mirror: 262143 bytes (file open, kmsg=3 pmsg=4 rd=8)
[ 2923.565566][T15481] nx679j: journal mirror: 262143 bytes (file open, kmsg=3 pmsg=4 rd=8)
[ 2925.045034][    T7] (virq:irq_count)- 11:1525678 6:188218 2:65491 1:43592 35:7315 30:5193 301:4572 358:422 28:409 37:24 
[ 2925.045039][    T7] (cpu:irq_count)- 0:82190 1:809 2:675 3:800 4:841725 5:2203 6:2466 7:910088 
[ 2925.045042][    T7] (ipi:irq_count)- 0:43592 1:65491 2:0 3:0 4:0 5:188218 6:0 
[ 2925.617859][T15482] nx679j: journal mirror: 262143 bytes (file open, kmsg=3 pmsg=4 rd=8)
[ 2927.670237][T15483] nx679j: journal mirror: 262143 bytes (file open, kmsg=3 pmsg=4 rd=8)
[ 2929.722561][T15484] nx679j: journal mirror: 262143 bytes (file open, kmsg=3 pmsg=4 rd=8)
[ 2931.774904][T15485] nx679j: journal mirror: 262143 bytes (file open, kmsg=3 pmsg=4 rd=8)
[ 2933.827245][T15486] nx679j: journal mirror: 262143 bytes (file open, kmsg=3 pmsg=4 rd=8)
[ 2934.517028][    T7] (virq:irq_count)- 11:1530632 6:188821 2:65685 1:43639 35:7335 30:5208 301:4575 358:422 28:409 37:24 
[ 2934.517033][    T7] (cpu:irq_count)- 0:82423 1:809 2:675 3:800 4:844437 5:2203 6:2466 7:912979 
[ 2934.517036][    T7] (ipi:irq_count)- 0:43639 1:65685 2:0 3:0 4:0 5:188821 6:0 
[ 2935.879583][T15487] nx679j: journal mirror: 262143 bytes (file open, kmsg=3 pmsg=4 rd=8)
[ 2937.932051][T15488] nx679j: journal mirror: 262143 bytes (file open, kmsg=3 pmsg=4 rd=8)
[ 2939.984254][T15489] nx679j: journal mirror: 262143 bytes (file open, kmsg=3 pmsg=4 rd=8)
[ 2942.036579][T15490] nx679j: journal mirror: 262143 bytes (file open, kmsg=3 pmsg=4 rd=8)
[ 2943.989038][    T7] (virq:irq_count)- 11:1535577 6:189422 2:65879 1:43679 35:7353 30:5220 301:4577 358:422 28:409 37:24 
[ 2943.989044][    T7] (cpu:irq_count)- 0:82649 1:809 2:675 3:800 4:847151 5:2203 6:2466 7:915851 
[ 2943.989047][    T7] (ipi:irq_count)- 0:43679 1:65879 2:0 3:0 4:0 5:189422 6:0 
[ 2944.088904][T15491] nx679j: journal mirror: 262143 bytes (file open, kmsg=3 pmsg=4 rd=8)
[ 2946.141286][T15492] nx679j: journal mirror: 262143 bytes (file open, kmsg=3 pmsg=4 rd=8)
[ 2948.193631][T15493] nx679j: journal mirror: 262143 bytes (file open, kmsg=3 pmsg=4 rd=8)
[ 2950.246207][T15494] nx679j: journal mirror: 262143 bytes (file open, kmsg=3 pmsg=4 rd=8)
[ 2952.298345][T15515] nx679j: journal mirror: 262143 bytes (file open, kmsg=3 pmsg=4 rd=8)
[ 2953.461055][  T240] (virq:irq_count)- 11:1540558 6:190040 2:66075 1:43805 35:7380 30:5235 301:4617 358:422 28:409 37:24 
[ 2953.461063][  T240] (cpu:irq_count)- 0:82936 1:809 2:675 3:800 4:849872 5:2209 6:2476 7:918830 
[ 2953.461068][  T240] (ipi:irq_count)- 0:43805 1:66075 2:0 3:0 4:0 5:190040 6:0 
[ 2954.350607][T15516] nx679j: journal mirror: 262143 bytes (file open, kmsg=3 pmsg=4 rd=8)
[ 2956.402915][T15517] nx679j: journal mirror: 262143 bytes (file open, kmsg=3 pmsg=4 rd=8)
[ 2958.455255][T15518] nx679j: journal mirror: 262143 bytes (file open, kmsg=3 pmsg=4 rd=8)
[ 2960.507609][T15519] nx679j: journal mirror: 262143 bytes (file open, kmsg=3 pmsg=4 rd=8)
[ 2962.559953][T15520] nx679j: journal mirror: 262143 bytes (file open, kmsg=3 pmsg=4 rd=8)
[ 2962.933037][    T7] (virq:irq_count)- 11:1545515 6:190641 2:66269 1:43848 35:7400 30:5250 301:4622 358:422 28:409 37:24 
[ 2962.933041][    T7] (cpu:irq_count)- 0:83174 1:809 2:675 3:800 4:852592 5:2209 6:2476 7:921707 
[ 2962.933044][    T7] (ipi:irq_count)- 0:43848 1:66269 2:0 3:0 4:0 5:190641 6:0 
[ 2964.612275][T15521] nx679j: journal mirror: 262143 bytes (file open, kmsg=3 pmsg=4 rd=8)
[ 2966.664616][T15522] nx679j: journal mirror: 262143 bytes (file open, kmsg=3 pmsg=4 rd=8)
[ 2968.716898][T15523] nx679j: journal mirror: 262143 bytes (file open, kmsg=3 pmsg=4 rd=8)
[ 2970.769299][T15524] nx679j: journal mirror: 262143 bytes (file open, kmsg=3 pmsg=4 rd=8)
[ 2972.405030][  T240] (virq:irq_count)- 11:1550461 6:191243 2:66463 1:43884 35:7416 30:5262 301:4624 358:422 28:409 37:24 
[ 2972.405034][  T240] (cpu:irq_count)- 0:83399 1:809 2:675 3:800 4:855308 5:2209 6:2476 7:924574 
[ 2972.405037][  T240] (ipi:irq_count)- 0:43884 1:66463 2:0 3:0 4:0 5:191243 6:0 
[ 2972.821634][T15525] nx679j: journal mirror: 262143 bytes (file open, kmsg=3 pmsg=4 rd=8)
[ 2974.873949][T15526] nx679j: journal mirror: 262143 bytes (file open, kmsg=3 pmsg=4 rd=8)
[ 2976.926255][T15527] nx679j: journal mirror: 262143 bytes (file open, kmsg=3 pmsg=4 rd=8)
[ 2978.978594][T15528] nx679j: journal mirror: 262143 bytes (file open, kmsg=3 pmsg=4 rd=8)
[ 2981.030920][T15529] nx679j: journal mirror: 262143 bytes (file open, kmsg=3 pmsg=4 rd=8)
[ 2981.877033][    T7] (virq:irq_count)- 11:1555415 6:191844 2:66659 1:43935 35:7436 30:5277 301:4627 358:422 28:409 37:24 
[ 2981.877040][    T7] (cpu:irq_count)- 0:83636 1:809 2:675 3:800 4:858023 5:2209 6:2476 7:927462 
[ 2981.877045][    T7] (ipi:irq_count)- 0:43935 1:66659 2:0 3:0 4:0 5:191844 6:0 
[ 2983.083262][T15530] nx679j: journal mirror: 262143 bytes (file open, kmsg=3 pmsg=4 rd=8)
[ 2985.135601][T15531] nx679j: journal mirror: 262143 bytes (file open, kmsg=3 pmsg=4 rd=8)
[ 2987.187938][T15532] nx679j: journal mirror: 262143 bytes (file open, kmsg=3 pmsg=4 rd=8)
[ 2989.240233][T15533] nx679j: journal mirror: 262143 bytes (file open, kmsg=3 pmsg=4 rd=8)
[ 2991.292572][T15534] nx679j: journal mirror: 262143 bytes (file open, kmsg=3 pmsg=4 rd=8)
[ 2991.353037][  T240] (virq:irq_count)- 11:1560369 6:192447 2:66854 1:43975 35:7456 30:5292 301:4628 358:422 28:409 37:24 
[ 2991.353042][  T240] (cpu:irq_count)- 0:83866 1:809 2:675 3:800 4:860719 5:2209 6:2476 7:930364 
[ 2991.353045][  T240] (ipi:irq_count)- 0:43975 1:66854 2:0 3:0 4:0 5:192447 6:0 
[ 2993.344884][T15535] nx679j: journal mirror: 262143 bytes (file open, kmsg=3 pmsg=4 rd=8)
[ 2995.397281][T15536] nx679j: journal mirror: 262143 bytes (file open, kmsg=3 pmsg=4 rd=8)
[ 2997.449609][T15537] nx679j: journal mirror: 262143 bytes (file open, kmsg=3 pmsg=4 rd=8)
[ 2999.501932][T15538] nx679j: journal mirror: 262143 bytes (file open, kmsg=3 pmsg=4 rd=8)
[ 3000.821034][    T7] (virq:irq_count)- 11:1565313 6:193047 2:67052 1:44008 35:7472 30:5304 301:4628 358:422 28:409 37:24 
[ 3000.821039][    T7] (cpu:irq_count)- 0:84091 1:809 2:675 3:800 4:863426 5:2209 6:2476 7:933235 
[ 3000.821042][    T7] (ipi:irq_count)- 0:44008 1:67052 2:0 3:0 4:0 5:193047 6:0 
[ 3001.554250][T15539] nx679j: journal mirror: 262143 bytes (file open, kmsg=3 pmsg=4 rd=8)
[ 3003.606590][T15540] nx679j: journal mirror: 262143 bytes (file open, kmsg=3 pmsg=4 rd=8)
[ 3005.658914][T15541] nx679j: journal mirror: 262143 bytes (file open, kmsg=3 pmsg=4 rd=8)
[ 3007.711275][T15542] nx679j: journal mirror: 262143 bytes (file open, kmsg=3 pmsg=4 rd=8)
[ 3009.763634][T15543] nx679j: journal mirror: 262143 bytes (file open, kmsg=3 pmsg=4 rd=8)
[ 3010.293035][    T7] (virq:irq_count)- 11:1570267 6:193649 2:67246 1:44054 35:7492 30:5319 301:4631 358:422 28:409 37:24 
[ 3010.293041][    T7] (cpu:irq_count)- 0:84324 1:809 2:675 3:800 4:866130 5:2209 6:2476 7:936132 
[ 3010.293044][    T7] (ipi:irq_count)- 0:44054 1:67246 2:0 3:0 4:0 5:193649 6:0 
[ 3011.815981][T15544] nx679j: journal mirror: 262143 bytes (file open, kmsg=3 pmsg=4 rd=8)
[ 3013.868310][T15545] nx679j: journal mirror: 262143 bytes (file open, kmsg=3 pmsg=4 rd=8)
[ 3015.920651][T15546] nx679j: journal mirror: 262143 bytes (file open, kmsg=3 pmsg=4 rd=8)
[ 3017.972989][T15547] nx679j: journal mirror: 262143 bytes (file open, kmsg=3 pmsg=4 rd=8)
[ 3019.765034][    T7] (virq:irq_count)- 11:1575215 6:194250 2:67438 1:44090 35:7508 30:5331 301:4631 358:422 28:409 37:24 
[ 3019.765039][    T7] (cpu:irq_count)- 0:84543 1:809 2:675 3:800 4:868844 5:2209 6:2476 7:939004 
[ 3019.765042][    T7] (ipi:irq_count)- 0:44090 1:67438 2:0 3:0 4:0 5:194250 6:0 
[ 3020.025361][T15548] nx679j: journal mirror: 262143 bytes (file open, kmsg=3 pmsg=4 rd=8)
[ 3022.077691][T15549] nx679j: journal mirror: 262143 bytes (file open, kmsg=3 pmsg=4 rd=8)
[ 3024.130039][T15550] nx679j: journal mirror: 262143 bytes (file open, kmsg=3 pmsg=4 rd=8)
[ 3026.182349][T15551] nx679j: journal mirror: 262143 bytes (file open, kmsg=3 pmsg=4 rd=8)
[ 3028.234679][T15552] nx679j: journal mirror: 262143 bytes (file open, kmsg=3 pmsg=4 rd=8)
[ 3029.241038][T15041] (virq:irq_count)- 11:1580172 6:194852 2:67635 1:44135 35:7528 30:5346 301:4638 358:422 28:409 37:24 
[ 3029.241043][T15041] (cpu:irq_count)- 0:84782 1:809 2:675 3:800 4:871566 5:2209 6:2476 7:941886 
[ 3029.241046][T15041] (ipi:irq_count)- 0:44135 1:67635 2:0 3:0 4:0 5:194852 6:0 
[ 3030.287024][T15553] nx679j: journal mirror: 262143 bytes (file open, kmsg=3 pmsg=4 rd=8)
[ 3032.339344][T15554] nx679j: journal mirror: 262143 bytes (file open, kmsg=3 pmsg=4 rd=8)
[ 3034.391690][T15555] nx679j: journal mirror: 262143 bytes (file open, kmsg=3 pmsg=4 rd=8)
[ 3036.444028][T15556] nx679j: journal mirror: 262143 bytes (file open, kmsg=3 pmsg=4 rd=8)
[ 3038.496308][T15557] nx679j: journal mirror: 262143 bytes (file open, kmsg=3 pmsg=4 rd=8)
[ 3038.709032][    T7] (virq:irq_count)- 11:1585124 6:195453 2:67829 1:44173 35:7548 30:5361 301:4638 358:422 28:409 37:24 
[ 3038.709037][    T7] (cpu:irq_count)- 0:85010 1:809 2:675 3:800 4:874288 5:2209 6:2476 7:944756 
[ 3038.709040][    T7] (ipi:irq_count)- 0:44173 1:67829 2:0 3:0 4:0 5:195453 6:0 
[ 3040.548648][T15558] nx679j: journal mirror: 262143 bytes (file open, kmsg=3 pmsg=4 rd=8)
[ 3042.600970][T15559] nx679j: journal mirror: 262143 bytes (file open, kmsg=3 pmsg=4 rd=8)
[ 3044.653366][T15560] nx679j: journal mirror: 262143 bytes (file open, kmsg=3 pmsg=4 rd=8)
[ 3046.705693][T15561] nx679j: journal mirror: 262143 bytes (file open, kmsg=3 pmsg=4 rd=8)
[ 3048.181033][    T7] (virq:irq_count)- 11:1590073 6:196054 2:68021 1:44204 35:7564 30:5373 301:4638 358:422 28:409 37:24 
[ 3048.181038][    T7] (cpu:irq_count)- 0:85229 1:809 2:675 3:800 4:876986 5:2209 6:2476 7:947640 
[ 3048.181041][    T7] (ipi:irq_count)- 0:44204 1:68021 2:0 3:0 4:0 5:196054 6:0 
[ 3048.758033][T15562] nx679j: journal mirror: 262143 bytes (file open, kmsg=3 pmsg=4 rd=8)
[ 3050.810333][T15563] nx679j: journal mirror: 262143 bytes (file open, kmsg=3 pmsg=4 rd=8)
[ 3052.862732][T15564] nx679j: journal mirror: 262143 bytes (file open, kmsg=3 pmsg=4 rd=8)
[ 3054.915040][T15565] nx679j: journal mirror: 262143 bytes (file open, kmsg=3 pmsg=4 rd=8)
[ 3056.967381][T15566] nx679j: journal mirror: 262143 bytes (file open, kmsg=3 pmsg=4 rd=8)
[ 3057.653028][    T7] (virq:irq_count)- 11:1595028 6:196656 2:68214 1:44249 35:7584 30:5388 301:4638 358:422 28:409 37:24 
[ 3057.653033][    T7] (cpu:irq_count)- 0:85456 1:809 2:675 3:800 4:879705 5:2209 6:2476 7:950524 
[ 3057.653036][    T7] (ipi:irq_count)- 0:44249 1:68214 2:0 3:0 4:0 5:196656 6:0 
[ 3059.019732][T15567] nx679j: journal mirror: 262143 bytes (file open, kmsg=3 pmsg=4 rd=8)
[ 3061.072064][T15568] nx679j: journal mirror: 262143 bytes (file open, kmsg=3 pmsg=4 rd=8)
[ 3063.124411][T15569] nx679j: journal mirror: 262143 bytes (file open, kmsg=3 pmsg=4 rd=8)
[ 3065.176741][T15570] nx679j: journal mirror: 262143 bytes (file open, kmsg=3 pmsg=4 rd=8)
[ 3067.129044][    T7] (virq:irq_count)- 11:1599980 6:197258 2:68408 1:44287 35:7600 30:5400 301:4641 358:422 28:409 37:24 
[ 3067.129050][    T7] (cpu:irq_count)- 0:85682 1:809 2:675 3:800 4:882426 5:2209 6:2476 7:953394 
[ 3067.129053][    T7] (ipi:irq_count)- 0:44287 1:68408 2:0 3:0 4:0 5:197258 6:0 
[ 3067.229096][T15571] nx679j: journal mirror: 262143 bytes (file open, kmsg=3 pmsg=4 rd=8)
[ 3069.281457][T15572] nx679j: journal mirror: 262143 bytes (file open, kmsg=3 pmsg=4 rd=8)
[ 3071.333772][T15573] nx679j: journal mirror: 262143 bytes (file open, kmsg=3 pmsg=4 rd=8)
[ 3073.386109][T15574] nx679j: journal mirror: 262143 bytes (file open, kmsg=3 pmsg=4 rd=8)
[ 3075.438395][T15575] nx679j: journal mirror: 262143 bytes (file open, kmsg=3 pmsg=4 rd=8)
[ 3076.601031][T15041] (virq:irq_count)- 11:1604933 6:197860 2:68604 1:44326 35:7620 30:5415 301:4641 358:422 28:409 37:24 
[ 3076.601036][T15041] (cpu:irq_count)- 0:85912 1:809 2:675 3:800 4:885132 5:2209 6:2476 7:956283 
[ 3076.601039][T15041] (ipi:irq_count)- 0:44326 1:68604 2:0 3:0 4:0 5:197860 6:0 
[ 3077.490718][T15576] nx679j: journal mirror: 262143 bytes (file open, kmsg=3 pmsg=4 rd=8)
[ 3079.543063][T15577] nx679j: journal mirror: 262143 bytes (file open, kmsg=3 pmsg=4 rd=8)
[ 3081.595395][T15578] nx679j: journal mirror: 262143 bytes (file open, kmsg=3 pmsg=4 rd=8)
[ 3083.647800][T15579] nx679j: journal mirror: 262143 bytes (file open, kmsg=3 pmsg=4 rd=8)
[ 3085.700138][T15580] nx679j: journal mirror: 262143 bytes (file open, kmsg=3 pmsg=4 rd=8)
[ 3086.073042][    T7] (virq:irq_count)- 11:1609882 6:198461 2:68799 1:44370 35:7640 30:5430 301:4644 358:422 28:409 37:24 
[ 3086.073048][    T7] (cpu:irq_count)- 0:86147 1:809 2:675 3:800 4:887838 5:2209 6:2476 7:959169 
[ 3086.073052][    T7] (ipi:irq_count)- 0:44370 1:68799 2:0 3:0 4:0 5:198461 6:0 
[ 3087.752450][T15581] nx679j: journal mirror: 262143 bytes (file open, kmsg=3 pmsg=4 rd=8)
[ 3089.804772][T15582] nx679j: journal mirror: 262143 bytes (file open, kmsg=3 pmsg=4 rd=8)
[ 3091.857139][T15583] nx679j: journal mirror: 262143 bytes (file open, kmsg=3 pmsg=4 rd=8)
[ 3093.909514][T15584] nx679j: journal mirror: 262143 bytes (file open, kmsg=3 pmsg=4 rd=8)
[ 3095.541030][T15041] (virq:irq_count)- 11:1614826 6:199062 2:68993 1:44402 35:7656 30:5442 301:4645 358:422 28:409 37:24 
[ 3095.541034][T15041] (cpu:irq_count)- 0:86369 1:809 2:675 3:800 4:890536 5:2209 6:2476 7:962049 
[ 3095.541037][T15041] (ipi:irq_count)- 0:44402 1:68993 2:0 3:0 4:0 5:199062 6:0 
[ 3095.961812][T15585] nx679j: journal mirror: 262143 bytes (file open, kmsg=3 pmsg=4 rd=8)
[ 3098.014155][T15586] nx679j: journal mirror: 262143 bytes (file open, kmsg=3 pmsg=4 rd=8)
[ 3100.066486][T15587] nx679j: journal mirror: 262143 bytes (file open, kmsg=3 pmsg=4 rd=8)
[ 3102.118821][T15588] nx679j: journal mirror: 262143 bytes (file open, kmsg=3 pmsg=4 rd=8)
[ 3104.171162][T15589] nx679j: journal mirror: 262143 bytes (file open, kmsg=3 pmsg=4 rd=8)
[ 3105.013029][    T7] (virq:irq_count)- 11:1619779 6:199663 2:69187 1:44446 35:7676 30:5457 301:4646 358:422 28:409 37:24 
[ 3105.013034][    T7] (cpu:irq_count)- 0:86599 1:809 2:675 3:800 4:893222 5:2209 6:2476 7:964961 
[ 3105.013037][    T7] (ipi:irq_count)- 0:44446 1:69187 2:0 3:0 4:0 5:199663 6:0 
[ 3106.223517][T15590] nx679j: journal mirror: 262143 bytes (file open, kmsg=3 pmsg=4 rd=8)
[ 3108.275975][T15591] nx679j: journal mirror: 262143 bytes (file open, kmsg=3 pmsg=4 rd=8)
[ 3110.328194][T15592] nx679j: journal mirror: 262143 bytes (file open, kmsg=3 pmsg=4 rd=8)
[ 3112.380493][T15593] nx679j: journal mirror: 262143 bytes (file open, kmsg=3 pmsg=4 rd=8)
[ 3114.432828][T15594] nx679j: journal mirror: 262143 bytes (file open, kmsg=3 pmsg=4 rd=8)
[ 3114.489040][    T7] (virq:irq_count)- 11:1624737 6:200266 2:69381 1:44494 35:7698 30:5472 301:4648 358:422 28:409 37:24 
[ 3114.489045][    T7] (cpu:irq_count)- 0:86833 1:809 2:675 3:800 4:895918 5:2209 6:2476 7:967873 
[ 3114.489048][    T7] (ipi:irq_count)- 0:44494 1:69381 2:0 3:0 4:0 5:200266 6:0 
[ 3116.485205][T15595] nx679j: journal mirror: 262143 bytes (file open, kmsg=3 pmsg=4 rd=8)
[ 3118.537514][T15596] nx679j: journal mirror: 262143 bytes (file open, kmsg=3 pmsg=4 rd=8)
[ 3120.589818][T15597] nx679j: journal mirror: 262143 bytes (file open, kmsg=3 pmsg=4 rd=8)
[ 3122.642140][T15598] nx679j: journal mirror: 262143 bytes (file open, kmsg=3 pmsg=4 rd=8)
[ 3123.957033][    T7] (virq:irq_count)- 11:1629681 6:200866 2:69577 1:44533 35:7714 30:5484 301:4651 358:422 28:409 37:24 
[ 3123.957038][    T7] (cpu:irq_count)- 0:87061 1:809 2:675 3:800 4:898625 5:2209 6:2476 7:970748 
[ 3123.957041][    T7] (ipi:irq_count)- 0:44533 1:69577 2:0 3:0 4:0 5:200866 6:0 
[ 3124.694479][T15599] nx679j: journal mirror: 262143 bytes (file open, kmsg=3 pmsg=4 rd=8)
[ 3126.746820][T15600] nx679j: journal mirror: 262143 bytes (file open, kmsg=3 pmsg=4 rd=8)
[ 3128.799172][T15601] nx679j: journal mirror: 262143 bytes (file open, kmsg=3 pmsg=4 rd=8)
[ 3130.851501][T15602] nx679j: journal mirror: 262143 bytes (file open, kmsg=3 pmsg=4 rd=8)
[ 3132.903865][T15603] nx679j: journal mirror: 262143 bytes (file open, kmsg=3 pmsg=4 rd=8)
[ 3133.429031][    T7] (virq:irq_count)- 11:1634634 6:201468 2:69773 1:44579 35:7734 30:5499 301:4654 358:422 28:409 37:24 
[ 3133.429036][    T7] (cpu:irq_count)- 0:87296 1:809 2:675 3:800 4:901340 5:2209 6:2476 7:973633 
[ 3133.429039][    T7] (ipi:irq_count)- 0:44579 1:69773 2:0 3:0 4:0 5:201468 6:0 
[ 3134.956194][T15604] nx679j: journal mirror: 262143 bytes (file open, kmsg=3 pmsg=4 rd=8)
[ 3137.008540][T15605] nx679j: journal mirror: 262143 bytes (file open, kmsg=3 pmsg=4 rd=8)
[ 3139.060884][T15606] nx679j: journal mirror: 262143 bytes (file open, kmsg=3 pmsg=4 rd=8)
[ 3141.113257][T15607] nx679j: journal mirror: 262143 bytes (file open, kmsg=3 pmsg=4 rd=8)
[ 3142.901030][    T7] (virq:irq_count)- 11:1639584 6:202069 2:69967 1:44619 35:7750 30:5511 301:4655 358:422 28:409 37:24 
[ 3142.901035][    T7] (cpu:irq_count)- 0:87519 1:809 2:675 3:800 4:904037 5:2209 6:2476 7:976527 
[ 3142.901038][    T7] (ipi:irq_count)- 0:44619 1:69967 2:0 3:0 4:0 5:202069 6:0 
[ 3143.165593][T15608] nx679j: journal mirror: 262143 bytes (file open, kmsg=3 pmsg=4 rd=8)
[ 3145.217863][T15609] nx679j: journal mirror: 262143 bytes (file open, kmsg=3 pmsg=4 rd=8)
[ 3147.270224][T15610] nx679j: journal mirror: 262143 bytes (file open, kmsg=3 pmsg=4 rd=8)
[ 3149.322560][T15611] nx679j: journal mirror: 262143 bytes (file open, kmsg=3 pmsg=4 rd=8)
[ 3151.374920][T15612] nx679j: journal mirror: 262143 bytes (file open, kmsg=3 pmsg=4 rd=8)
[ 3152.373036][    T7] (virq:irq_count)- 11:1644536 6:202670 2:70162 1:44663 35:7770 30:5526 301:4661 358:422 28:409 37:24 
[ 3152.373043][    T7] (cpu:irq_count)- 0:87755 1:809 2:675 3:800 4:906743 5:2209 6:2476 7:979418 
[ 3152.373048][    T7] (ipi:irq_count)- 0:44663 1:70162 2:0 3:0 4:0 5:202670 6:0 
[ 3153.427218][T15613] nx679j: journal mirror: 262143 bytes (file open, kmsg=3 pmsg=4 rd=8)
[ 3155.479504][T15614] nx679j: journal mirror: 262143 bytes (file open, kmsg=3 pmsg=4 rd=8)
[ 3157.531851][T15615] nx679j: journal mirror: 262143 bytes (file open, kmsg=3 pmsg=4 rd=8)
[ 3159.584198][T15616] nx679j: journal mirror: 262143 bytes (file open, kmsg=3 pmsg=4 rd=8)
[ 3161.636532][T15617] nx679j: journal mirror: 262143 bytes (file open, kmsg=3 pmsg=4 rd=8)
[ 3161.845035][T15041] (virq:irq_count)- 11:1649489 6:203272 2:70356 1:44701 35:7790 30:5541 301:4661 358:422 28:409 37:24 
[ 3161.845040][T15041] (cpu:irq_count)- 0:87983 1:809 2:675 3:800 4:909446 5:2209 6:2476 7:982309 
[ 3161.845043][T15041] (ipi:irq_count)- 0:44701 1:70356 2:0 3:0 4:0 5:203272 6:0 
[ 3163.688874][T15618] nx679j: journal mirror: 262143 bytes (file open, kmsg=3 pmsg=4 rd=8)
[ 3165.741242][T15619] nx679j: journal mirror: 262143 bytes (file open, kmsg=3 pmsg=4 rd=8)
[ 3167.793615][T15620] nx679j: journal mirror: 262143 bytes (file open, kmsg=3 pmsg=4 rd=8)
[ 3169.845879][T15621] nx679j: journal mirror: 262143 bytes (file open, kmsg=3 pmsg=4 rd=8)
[ 3171.317030][    T7] (virq:irq_count)- 11:1654438 6:203875 2:70551 1:44739 35:7806 30:5553 301:4664 358:422 28:409 37:24 
[ 3171.317037][    T7] (cpu:irq_count)- 0:88210 1:809 2:675 3:800 4:912151 5:2209 6:2476 7:985193 
[ 3171.317040][    T7] (ipi:irq_count)- 0:44739 1:70551 2:0 3:0 4:0 5:203875 6:0 
[ 3171.898234][T15622] nx679j: journal mirror: 262143 bytes (file open, kmsg=3 pmsg=4 rd=8)
[ 3173.950579][T15623] nx679j: journal mirror: 262143 bytes (file open, kmsg=3 pmsg=4 rd=8)
[ 3176.002923][T15624] nx679j: journal mirror: 262143 bytes (file open, kmsg=3 pmsg=4 rd=8)
[ 3178.055255][T15625] nx679j: journal mirror: 262143 bytes (file open, kmsg=3 pmsg=4 rd=8)
[ 3180.107608][T15626] nx679j: journal mirror: 262143 bytes (file open, kmsg=3 pmsg=4 rd=8)
[ 3180.793037][  T240] (virq:irq_count)- 11:1659394 6:204478 2:70745 1:44779 35:7826 30:5568 301:4664 358:422 28:409 37:24 
[ 3180.793042][  T240] (cpu:irq_count)- 0:88438 1:809 2:675 3:800 4:914854 5:2209 6:2476 7:988090 
[ 3180.793045][  T240] (ipi:irq_count)- 0:44779 1:70745 2:0 3:0 4:0 5:204478 6:0 
[ 3182.159920][T15627] nx679j: journal mirror: 262143 bytes (file open, kmsg=3 pmsg=4 rd=8)
[ 3184.212249][T15628] nx679j: journal mirror: 262143 bytes (file open, kmsg=3 pmsg=4 rd=8)
[ 3186.264575][T15629] nx679j: journal mirror: 262143 bytes (file open, kmsg=3 pmsg=4 rd=8)
[ 3188.316900][T15630] nx679j: journal mirror: 262143 bytes (file open, kmsg=3 pmsg=4 rd=8)
[ 3190.261031][  T240] (virq:irq_count)- 11:1664337 6:205078 2:70937 1:44818 35:7842 30:5580 301:4667 358:422 28:409 37:24 
[ 3190.261035][  T240] (cpu:irq_count)- 0:88661 1:809 2:675 3:800 4:917544 5:2209 6:2476 7:990982 
[ 3190.261038][  T240] (ipi:irq_count)- 0:44818 1:70937 2:0 3:0 4:0 5:205078 6:0 
[ 3190.369278][T15631] nx679j: journal mirror: 262143 bytes (file open, kmsg=3 pmsg=4 rd=8)
[ 3192.421622][T15632] nx679j: journal mirror: 262143 bytes (file open, kmsg=3 pmsg=4 rd=8)
[ 3194.473935][T15633] nx679j: journal mirror: 262143 bytes (file open, kmsg=3 pmsg=4 rd=8)
[ 3196.526238][T15634] nx679j: journal mirror: 262143 bytes (file open, kmsg=3 pmsg=4 rd=8)
[ 3198.578589][T15635] nx679j: journal mirror: 262143 bytes (file open, kmsg=3 pmsg=4 rd=8)
[ 3199.737045][    T7] (virq:irq_count)- 11:1669293 6:205681 2:71133 1:44860 35:7862 30:5595 301:4668 358:422 28:409 37:24 
[ 3199.737050][    T7] (cpu:irq_count)- 0:88892 1:809 2:675 3:800 4:920248 5:2209 6:2476 7:993880 
[ 3199.737053][    T7] (ipi:irq_count)- 0:44860 1:71133 2:0 3:0 4:0 5:205681 6:0 
[ 3200.630930][T15636] nx679j: journal mirror: 262143 bytes (file open, kmsg=3 pmsg=4 rd=8)
[ 3202.683272][T15637] nx679j: journal mirror: 262143 bytes (file open, kmsg=3 pmsg=4 rd=8)
[ 3204.735590][T15638] nx679j: journal mirror: 262143 bytes (file open, kmsg=3 pmsg=4 rd=8)
[ 3206.787928][T15639] nx679j: journal mirror: 262143 bytes (file open, kmsg=3 pmsg=4 rd=8)
[ 3208.840227][T15640] nx679j: journal mirror: 262143 bytes (file open, kmsg=3 pmsg=4 rd=8)
[ 3209.205034][  T240] (virq:irq_count)- 11:1674242 6:206281 2:71326 1:44906 35:7882 30:5610 301:4671 358:422 28:409 37:24 
[ 3209.205040][  T240] (cpu:irq_count)- 0:89125 1:809 2:675 3:800 4:922955 5:2209 6:2476 7:996766 
[ 3209.205043][  T240] (ipi:irq_count)- 0:44906 1:71326 2:0 3:0 4:0 5:206281 6:0 
[ 3210.892570][T15641] nx679j: journal mirror: 262143 bytes (file open, kmsg=3 pmsg=4 rd=8)
[ 3212.944942][T15642] nx679j: journal mirror: 262143 bytes (file open, kmsg=3 pmsg=4 rd=8)
[ 3214.997317][T15643] nx679j: journal mirror: 262143 bytes (file open, kmsg=3 pmsg=4 rd=8)
[ 3217.049629][T15644] nx679j: journal mirror: 262143 bytes (file open, kmsg=3 pmsg=4 rd=8)
[ 3218.681043][    T7] (virq:irq_count)- 11:1679190 6:206884 2:71522 1:44942 35:7898 30:5622 301:4671 358:422 28:409 37:24 
[ 3218.681050][    T7] (cpu:irq_count)- 0:89348 1:809 2:675 3:800 4:925666 5:2209 6:2476 7:999643 
[ 3218.681055][    T7] (ipi:irq_count)- 0:44942 1:71522 2:0 3:0 4:0 5:206884 6:0 
[ 3219.101869][T15645] nx679j: journal mirror: 262143 bytes (file open, kmsg=3 pmsg=4 rd=8)
[ 3221.154274][T15646] nx679j: journal mirror: 262143 bytes (file open, kmsg=3 pmsg=4 rd=8)
[ 3223.206593][T15647] nx679j: journal mirror: 262143 bytes (file open, kmsg=3 pmsg=4 rd=8)
[ 3225.258931][T15648] nx679j: journal mirror: 262143 bytes (file open, kmsg=3 pmsg=4 rd=8)
[ 3227.311268][T15649] nx679j: journal mirror: 262143 bytes (file open, kmsg=3 pmsg=4 rd=8)
[ 3228.149030][T15041] (virq:irq_count)- 11:1684141 6:207484 2:71716 1:44987 35:7918 30:5637 301:4673 358:422 28:409 37:24 
[ 3228.149035][T15041] (cpu:irq_count)- 0:89578 1:809 2:675 3:800 4:928369 5:2209 6:2476 7:1002537 
[ 3228.149038][T15041] (ipi:irq_count)- 0:44987 1:71716 2:0 3:0 4:0 5:207484 6:0 
[ 3229.363608][T15650] nx679j: journal mirror: 262143 bytes (file open, kmsg=3 pmsg=4 rd=8)
[ 3231.415931][T15651] nx679j: journal mirror: 262143 bytes (file open, kmsg=3 pmsg=4 rd=8)
[ 3233.468233][T15652] nx679j: journal mirror: 262143 bytes (file open, kmsg=3 pmsg=4 rd=8)
[ 3235.520548][T15653] nx679j: journal mirror: 262143 bytes (file open, kmsg=3 pmsg=4 rd=8)
[ 3237.572902][T15654] nx679j: journal mirror: 262143 bytes (file open, kmsg=3 pmsg=4 rd=8)
[ 3237.621033][    T7] (virq:irq_count)- 11:1689091 6:208086 2:71912 1:45034 35:7938 30:5652 301:4678 358:422 28:409 37:24 
[ 3237.621038][    T7] (cpu:irq_count)- 0:89815 1:809 2:675 3:800 4:931078 5:2209 6:2476 7:1005426 
[ 3237.621041][    T7] (ipi:irq_count)- 0:45034 1:71912 2:0 3:0 4:0 5:208086 6:0 
[ 3239.625254][T15655] nx679j: journal mirror: 262143 bytes (file open, kmsg=3 pmsg=4 rd=8)
[ 3241.677630][T15656] nx679j: journal mirror: 262143 bytes (file open, kmsg=3 pmsg=4 rd=8)
[ 3243.729941][T15657] nx679j: journal mirror: 262143 bytes (file open, kmsg=3 pmsg=4 rd=8)
[ 3245.782259][T15658] nx679j: journal mirror: 262143 bytes (file open, kmsg=3 pmsg=4 rd=8)
[ 3247.093029][T15041] (virq:irq_count)- 11:1694039 6:208687 2:72107 1:45067 35:7954 30:5664 301:4678 358:422 28:409 37:24 
[ 3247.093034][T15041] (cpu:irq_count)- 0:90037 1:809 2:675 3:800 4:933762 5:2209 6:2476 7:1008325 
[ 3247.093037][T15041] (ipi:irq_count)- 0:45067 1:72107 2:0 3:0 4:0 5:208687 6:0 
[ 3247.834612][T15659] nx679j: journal mirror: 262143 bytes (file open, kmsg=3 pmsg=4 rd=8)
[ 3249.886938][T15660] nx679j: journal mirror: 262143 bytes (file open, kmsg=3 pmsg=4 rd=8)
[ 3251.939271][T15661] nx679j: journal mirror: 262143 bytes (file open, kmsg=3 pmsg=4 rd=8)
[ 3253.991612][T15662] nx679j: journal mirror: 262143 bytes (file open, kmsg=3 pmsg=4 rd=8)
[ 3256.043982][T15663] nx679j: journal mirror: 262143 bytes (file open, kmsg=3 pmsg=4 rd=8)
[ 3256.569042][T15041] (virq:irq_count)- 11:1698994 6:209290 2:72301 1:45113 35:7974 30:5679 301:4681 358:422 28:409 37:24 
[ 3256.569047][T15041] (cpu:irq_count)- 0:90271 1:809 2:675 3:800 4:936462 5:2209 6:2476 7:1011227 
[ 3256.569050][T15041] (ipi:irq_count)- 0:45113 1:72301 2:0 3:0 4:0 5:209290 6:0 
[ 3258.096326][T15664] nx679j: journal mirror: 262143 bytes (file open, kmsg=3 pmsg=4 rd=8)
[ 3260.148659][T15665] nx679j: journal mirror: 262143 bytes (file open, kmsg=3 pmsg=4 rd=8)
[ 3262.201031][T15666] nx679j: journal mirror: 262143 bytes (file open, kmsg=3 pmsg=4 rd=8)
[ 3264.253366][T15667] nx679j: journal mirror: 262143 bytes (file open, kmsg=3 pmsg=4 rd=8)
[ 3266.037033][T15041] (virq:irq_count)- 11:1703942 6:209890 2:72494 1:45153 35:7990 30:5691 301:4685 358:422 28:409 37:24 
[ 3266.037038][T15041] (cpu:irq_count)- 0:90496 1:809 2:675 3:800 4:939175 5:2209 6:2476 7:1014102 
[ 3266.037041][T15041] (ipi:irq_count)- 0:45153 1:72494 2:0 3:0 4:0 5:209890 6:0 
[ 3266.305721][T15668] nx679j: journal mirror: 262143 bytes (file open, kmsg=3 pmsg=4 rd=8)
[ 3268.358061][T15669] nx679j: journal mirror: 262143 bytes (file open, kmsg=3 pmsg=4 rd=8)
[ 3270.410357][T15670] nx679j: journal mirror: 262143 bytes (file open, kmsg=3 pmsg=4 rd=8)
[ 3272.462705][T15671] nx679j: journal mirror: 262143 bytes (file open, kmsg=3 pmsg=4 rd=8)
[ 3274.515038][T15672] nx679j: journal mirror: 262143 bytes (file open, kmsg=3 pmsg=4 rd=8)
[ 3275.509032][T15041] (virq:irq_count)- 11:1708896 6:210491 2:72689 1:45193 35:8010 30:5706 301:4688 358:422 28:409 37:24 
[ 3275.509037][T15041] (cpu:irq_count)- 0:90728 1:809 2:675 3:800 4:941860 5:2209 6:2476 7:1017013 
[ 3275.509040][T15041] (ipi:irq_count)- 0:45193 1:72689 2:0 3:0 4:0 5:210491 6:0 
[ 3276.567362][T15673] nx679j: journal mirror: 262143 bytes (file open, kmsg=3 pmsg=4 rd=8)
[ 3278.619691][T15674] nx679j: journal mirror: 262143 bytes (file open, kmsg=3 pmsg=4 rd=8)
[ 3280.672029][T15675] nx679j: journal mirror: 262143 bytes (file open, kmsg=3 pmsg=4 rd=8)
[ 3282.724335][T15676] nx679j: journal mirror: 262143 bytes (file open, kmsg=3 pmsg=4 rd=8)
[ 3284.776668][T15677] nx679j: journal mirror: 262143 bytes (file open, kmsg=3 pmsg=4 rd=8)
[ 3284.985044][    T7] (virq:irq_count)- 11:1713850 6:211094 2:72883 1:45235 35:8030 30:5721 301:4688 358:422 28:409 37:24 
[ 3284.985049][    T7] (cpu:irq_count)- 0:90956 1:809 2:675 3:800 4:944577 5:2209 6:2476 7:1019896 
[ 3284.985053][    T7] (ipi:irq_count)- 0:45235 1:72883 2:0 3:0 4:0 5:211094 6:0 
[ 3286.829043][T15678] nx679j: journal mirror: 262143 bytes (file open, kmsg=3 pmsg=4 rd=8)
[ 3288.881374][T15679] nx679j: journal mirror: 262143 bytes (file open, kmsg=3 pmsg=4 rd=8)
[ 3290.933714][T15680] nx679j: journal mirror: 262143 bytes (file open, kmsg=3 pmsg=4 rd=8)
[ 3292.986054][T15681] nx679j: journal mirror: 262143 bytes (file open, kmsg=3 pmsg=4 rd=8)
[ 3294.457042][T15041] (virq:irq_count)- 11:1718796 6:211695 2:73080 1:45279 35:8046 30:5733 301:4691 358:422 28:409 37:24 
[ 3294.457047][T15041] (cpu:irq_count)- 0:91186 1:809 2:675 3:800 4:947293 5:2209 6:2476 7:1022769 
[ 3294.457050][T15041] (ipi:irq_count)- 0:45279 1:73080 2:0 3:0 4:0 5:211695 6:0 
[ 3295.038372][T15682] nx679j: journal mirror: 262143 bytes (file open, kmsg=3 pmsg=4 rd=8)
[ 3297.090744][T15683] nx679j: journal mirror: 262143 bytes (file open, kmsg=3 pmsg=4 rd=8)
[ 3299.143061][T15684] nx679j: journal mirror: 262143 bytes (file open, kmsg=3 pmsg=4 rd=8)
[ 3301.195393][T15685] nx679j: journal mirror: 262143 bytes (file open, kmsg=3 pmsg=4 rd=8)
[ 3303.247738][T15686] nx679j: journal mirror: 262143 bytes (file open, kmsg=3 pmsg=4 rd=8)
[ 3303.925033][T15041] (virq:irq_count)- 11:1723749 6:212296 2:73273 1:45319 35:8066 30:5748 301:4691 358:422 28:409 37:24 
[ 3303.925039][T15041] (cpu:irq_count)- 0:91413 1:809 2:675 3:800 4:950002 5:2209 6:2476 7:1025655 
[ 3303.925042][T15041] (ipi:irq_count)- 0:45319 1:73273 2:0 3:0 4:0 5:212296 6:0 
[ 3305.300086][T15687] nx679j: journal mirror: 262143 bytes (file open, kmsg=3 pmsg=4 rd=8)
[ 3307.352416][T15688] nx679j: journal mirror: 262143 bytes (file open, kmsg=3 pmsg=4 rd=8)
[ 3309.404741][T15689] nx679j: journal mirror: 262143 bytes (file open, kmsg=3 pmsg=4 rd=8)
[ 3311.457119][T15690] nx679j: journal mirror: 262143 bytes (file open, kmsg=3 pmsg=4 rd=8)
[ 3313.397029][T15041] (virq:irq_count)- 11:1728698 6:212897 2:73466 1:45360 35:8082 30:5760 301:4694 358:422 28:409 37:24 
[ 3313.397034][T15041] (cpu:irq_count)- 0:91639 1:809 2:675 3:800 4:952706 5:2209 6:2476 7:1028540 
[ 3313.397037][T15041] (ipi:irq_count)- 0:45360 1:73466 2:0 3:0 4:0 5:212897 6:0 
[ 3313.509442][T15691] nx679j: journal mirror: 262143 bytes (file open, kmsg=3 pmsg=4 rd=8)
[ 3315.561798][T15692] nx679j: journal mirror: 262143 bytes (file open, kmsg=3 pmsg=4 rd=8)
[ 3317.614219][T15693] nx679j: journal mirror: 262143 bytes (file open, kmsg=3 pmsg=4 rd=8)
[ 3319.666409][T15694] nx679j: journal mirror: 262143 bytes (file open, kmsg=3 pmsg=4 rd=8)
[ 3321.718713][T15695] nx679j: journal mirror: 262143 bytes (file open, kmsg=3 pmsg=4 rd=8)
[ 3322.869033][    T7] (virq:irq_count)- 11:1733650 6:213499 2:73661 1:45405 35:8104 30:5775 301:4695 358:422 28:409 37:24 
[ 3322.869038][    T7] (cpu:irq_count)- 0:91872 1:810 2:675 3:800 4:955406 5:2209 6:2476 7:1031438 
[ 3322.869041][    T7] (ipi:irq_count)- 0:45405 1:73661 2:0 3:0 4:0 5:213499 6:0 
[ 3323.771083][T15696] nx679j: journal mirror: 262143 bytes (file open, kmsg=3 pmsg=4 rd=8)
[ 3325.823421][T15697] nx679j: journal mirror: 262143 bytes (file open, kmsg=3 pmsg=4 rd=8)
[ 3327.875769][T15698] nx679j: journal mirror: 262143 bytes (file open, kmsg=3 pmsg=4 rd=8)
[ 3329.928083][T15699] nx679j: journal mirror: 262143 bytes (file open, kmsg=3 pmsg=4 rd=8)
[ 3331.980426][T15700] nx679j: journal mirror: 262143 bytes (file open, kmsg=3 pmsg=4 rd=8)
[ 3332.341035][T15041] (virq:irq_count)- 11:1738602 6:214100 2:73856 1:45453 35:8124 30:5790 301:4698 358:422 28:409 37:24 
[ 3332.341040][T15041] (cpu:irq_count)- 0:92107 1:810 2:675 3:800 4:958135 5:2209 6:2476 7:1034308 
[ 3332.341043][T15041] (ipi:irq_count)- 0:45453 1:73856 2:0 3:0 4:0 5:214100 6:0 
[ 3334.032762][T15701] nx679j: journal mirror: 262143 bytes (file open, kmsg=3 pmsg=4 rd=8)
[ 3336.085159][T15702] nx679j: journal mirror: 262143 bytes (file open, kmsg=3 pmsg=4 rd=8)
[ 3338.137501][T15703] nx679j: journal mirror: 262143 bytes (file open, kmsg=3 pmsg=4 rd=8)
[ 3340.189809][T15704] nx679j: journal mirror: 262143 bytes (file open, kmsg=3 pmsg=4 rd=8)
[ 3341.813030][    T7] (virq:irq_count)- 11:1743550 6:214702 2:74053 1:45486 35:8140 30:5802 301:4698 358:422 28:409 37:24 
[ 3341.813035][    T7] (cpu:irq_count)- 0:92331 1:810 2:675 3:800 4:960839 5:2209 6:2476 7:1037188 
[ 3341.813038][    T7] (ipi:irq_count)- 0:45486 1:74053 2:0 3:0 4:0 5:214702 6:0 
[ 3342.242161][T15705] nx679j: journal mirror: 262143 bytes (file open, kmsg=3 pmsg=4 rd=8)
[ 3344.294496][T15706] nx679j: journal mirror: 262143 bytes (file open, kmsg=3 pmsg=4 rd=8)
[ 3346.346839][T15707] nx679j: journal mirror: 262143 bytes (file open, kmsg=3 pmsg=4 rd=8)
[ 3348.399205][T15708] nx679j: journal mirror: 262143 bytes (file open, kmsg=3 pmsg=4 rd=8)
[ 3350.451521][T15709] nx679j: journal mirror: 262143 bytes (file open, kmsg=3 pmsg=4 rd=8)
[ 3351.285033][T15041] (virq:irq_count)- 11:1748500 6:215303 2:74247 1:45540 35:8160 30:5817 301:4707 358:422 28:409 37:24 
[ 3351.285040][T15041] (cpu:irq_count)- 0:92571 1:810 2:675 3:800 4:963551 5:2209 6:2476 7:1040079 
[ 3351.285045][T15041] (ipi:irq_count)- 0:45540 1:74247 2:0 3:0 4:0 5:215303 6:0 
[ 3352.503876][T15710] nx679j: journal mirror: 262143 bytes (file open, kmsg=3 pmsg=4 rd=8)
[ 3354.556187][T15711] nx679j: journal mirror: 262143 bytes (file open, kmsg=3 pmsg=4 rd=8)
[ 3356.608544][T15712] nx679j: journal mirror: 262143 bytes (file open, kmsg=3 pmsg=4 rd=8)
[ 3358.660856][T15713] nx679j: journal mirror: 262143 bytes (file open, kmsg=3 pmsg=4 rd=8)
[ 3360.713218][T15714] nx679j: journal mirror: 262143 bytes (file open, kmsg=3 pmsg=4 rd=8)
[ 3360.761042][T15041] (virq:irq_count)- 11:1753456 6:215906 2:74442 1:45579 35:8180 30:5832 301:4707 358:422 28:409 37:24 
[ 3360.761047][T15041] (cpu:irq_count)- 0:92800 1:810 2:675 3:800 4:966266 5:2209 6:2476 7:1042963 
[ 3360.761050][T15041] (ipi:irq_count)- 0:45579 1:74442 2:0 3:0 4:0 5:215906 6:0 
[ 3362.765571][T15715] nx679j: journal mirror: 262143 bytes (file open, kmsg=3 pmsg=4 rd=8)
[ 3364.817861][T15716] nx679j: journal mirror: 262143 bytes (file open, kmsg=3 pmsg=4 rd=8)
[ 3366.870166][T15717] nx679j: journal mirror: 262143 bytes (file open, kmsg=3 pmsg=4 rd=8)
[ 3368.922520][T15718] nx679j: journal mirror: 262143 bytes (file open, kmsg=3 pmsg=4 rd=8)
[ 3370.229034][    T7] (virq:irq_count)- 11:1758400 6:216506 2:74636 1:45620 35:8196 30:5844 301:4710 358:422 28:409 37:24 
[ 3370.229040][    T7] (cpu:irq_count)- 0:93027 1:810 2:675 3:800 4:968972 5:2209 6:2476 7:1045840 
[ 3370.229043][    T7] (ipi:irq_count)- 0:45620 1:74636 2:0 3:0 4:0 5:216506 6:0 
[ 3370.974844][T15719] nx679j: journal mirror: 262143 bytes (file open, kmsg=3 pmsg=4 rd=8)
[ 3373.027186][T15720] nx679j: journal mirror: 262143 bytes (file open, kmsg=3 pmsg=4 rd=8)
[ 3375.079508][T15721] nx679j: journal mirror: 262143 bytes (file open, kmsg=3 pmsg=4 rd=8)
[ 3377.131863][T15722] nx679j: journal mirror: 262143 bytes (file open, kmsg=3 pmsg=4 rd=8)
[ 3379.184191][T15723] nx679j: journal mirror: 262143 bytes (file open, kmsg=3 pmsg=4 rd=8)
[ 3379.701041][T15041] (virq:irq_count)- 11:1763352 6:217108 2:74829 1:45662 35:8216 30:5859 301:4710 358:422 28:409 37:24 
[ 3379.701048][T15041] (cpu:irq_count)- 0:93254 1:810 2:675 3:800 4:971693 5:2209 6:2476 7:1048716 
[ 3379.701051][T15041] (ipi:irq_count)- 0:45662 1:74829 2:0 3:0 4:0 5:217108 6:0 
[ 3381.236542][T15724] nx679j: journal mirror: 262143 bytes (file open, kmsg=3 pmsg=4 rd=8)
[ 3383.288883][T15725] nx679j: journal mirror: 262143 bytes (file open, kmsg=3 pmsg=4 rd=8)
[ 3385.341252][T15726] nx679j: journal mirror: 262143 bytes (file open, kmsg=3 pmsg=4 rd=8)
[ 3387.393595][T15727] nx679j: journal mirror: 262143 bytes (file open, kmsg=3 pmsg=4 rd=8)
[ 3389.173030][T15041] (virq:irq_count)- 11:1768301 6:217709 2:75025 1:45703 35:8232 30:5871 301:4717 358:422 28:409 37:24 
[ 3389.173035][T15041] (cpu:irq_count)- 0:93486 1:810 2:675 3:800 4:974410 5:2209 6:2476 7:1051589 
[ 3389.173038][T15041] (ipi:irq_count)- 0:45703 1:75025 2:0 3:0 4:0 5:217709 6:0 
[ 3389.445887][T15728] nx679j: journal mirror: 262143 bytes (file open, kmsg=3 pmsg=4 rd=8)
[ 3391.498239][T15729] nx679j: journal mirror: 262143 bytes (file open, kmsg=3 pmsg=4 rd=8)
[ 3393.550581][T15730] nx679j: journal mirror: 262143 bytes (file open, kmsg=3 pmsg=4 rd=8)
[ 3395.602904][T15731] nx679j: journal mirror: 262143 bytes (file open, kmsg=3 pmsg=4 rd=8)
[ 3397.655243][T15732] nx679j: journal mirror: 262143 bytes (file open, kmsg=3 pmsg=4 rd=8)
[ 3398.645035][    T7] (virq:irq_count)- 11:1773254 6:218310 2:75219 1:45745 35:8252 30:5886 301:4717 358:422 28:409 37:24 
[ 3398.645042][    T7] (cpu:irq_count)- 0:93714 1:810 2:675 3:800 4:977115 5:2209 6:2476 7:1054481 
[ 3398.645047][    T7] (ipi:irq_count)- 0:45745 1:75219 2:0 3:0 4:0 5:218310 6:0 
[ 3399.707555][T15733] nx679j: journal mirror: 262143 bytes (file open, kmsg=3 pmsg=4 rd=8)
[ 3401.759909][T15734] nx679j: journal mirror: 262143 bytes (file open, kmsg=3 pmsg=4 rd=8)
[ 3403.812204][T15735] nx679j: journal mirror: 262143 bytes (file open, kmsg=3 pmsg=4 rd=8)
[ 3405.864525][T15736] nx679j: journal mirror: 262143 bytes (file open, kmsg=3 pmsg=4 rd=8)
[ 3407.916860][T15737] nx679j: journal mirror: 262143 bytes (file open, kmsg=3 pmsg=4 rd=8)
[ 3408.117034][T15041] (virq:irq_count)- 11:1778208 6:218912 2:75415 1:45788 35:8272 30:5901 301:4718 358:422 28:409 37:24 
[ 3408.117040][T15041] (cpu:irq_count)- 0:93946 1:810 2:675 3:800 4:979836 5:2209 6:2476 7:1057359 
[ 3408.117045][T15041] (ipi:irq_count)- 0:45788 1:75415 2:0 3:0 4:0 5:218912 6:0 
[ 3409.969253][T15738] nx679j: journal mirror: 262143 bytes (file open, kmsg=3 pmsg=4 rd=8)
[ 3412.021584][T15739] nx679j: journal mirror: 262143 bytes (file open, kmsg=3 pmsg=4 rd=8)
[ 3414.073866][T15740] nx679j: journal mirror: 262143 bytes (file open, kmsg=3 pmsg=4 rd=8)
[ 3416.126216][T15741] nx679j: journal mirror: 262143 bytes (file open, kmsg=3 pmsg=4 rd=8)
[ 3417.589029][  T240] (virq:irq_count)- 11:1783156 6:219513 2:75610 1:45825 35:8288 30:5913 301:4720 358:422 28:409 37:24 
[ 3417.589034][  T240] (cpu:irq_count)- 0:94172 1:810 2:675 3:800 4:982535 5:2209 6:2476 7:1060245 
[ 3417.589037][  T240] (ipi:irq_count)- 0:45825 1:75610 2:0 3:0 4:0 5:219513 6:0 
[ 3418.178519][T15742] nx679j: journal mirror: 262143 bytes (file open, kmsg=3 pmsg=4 rd=8)
[ 3420.230857][T15743] nx679j: journal mirror: 262143 bytes (file open, kmsg=3 pmsg=4 rd=8)
[ 3422.283196][T15744] nx679j: journal mirror: 262143 bytes (file open, kmsg=3 pmsg=4 rd=8)
[ 3424.335539][T15745] nx679j: journal mirror: 262143 bytes (file open, kmsg=3 pmsg=4 rd=8)
[ 3426.387884][T15746] nx679j: journal mirror: 262143 bytes (file open, kmsg=3 pmsg=4 rd=8)
[ 3427.065038][  T240] (virq:irq_count)- 11:1788108 6:220116 2:75804 1:45866 35:8308 30:5928 301:4720 358:422 28:409 37:24 
[ 3427.065043][  T240] (cpu:irq_count)- 0:94400 1:810 2:675 3:800 4:985257 5:2209 6:2476 7:1063120 
[ 3427.065046][  T240] (ipi:irq_count)- 0:45866 1:75804 2:0 3:0 4:0 5:220116 6:0 
[ 3428.440199][T15747] nx679j: journal mirror: 262143 bytes (file open, kmsg=3 pmsg=4 rd=8)
[ 3430.492545][T15748] nx679j: journal mirror: 262143 bytes (file open, kmsg=3 pmsg=4 rd=8)
[ 3432.544869][T15749] nx679j: journal mirror: 262143 bytes (file open, kmsg=3 pmsg=4 rd=8)
[ 3434.597248][T15750] nx679j: journal mirror: 262143 bytes (file open, kmsg=3 pmsg=4 rd=8)
[ 3436.533030][  T240] (virq:irq_count)- 11:1793054 6:220716 2:75999 1:45903 35:8324 30:5940 301:4724 358:422 28:409 37:24 
[ 3436.533035][  T240] (cpu:irq_count)- 0:94626 1:810 2:675 3:800 4:987952 5:2209 6:2476 7:1066009 
[ 3436.533038][  T240] (ipi:irq_count)- 0:45903 1:75999 2:0 3:0 4:0 5:220716 6:0 
[ 3436.649655][T15751] nx679j: journal mirror: 262143 bytes (file open, kmsg=3 pmsg=4 rd=8)
[ 3438.701866][T15752] nx679j: journal mirror: 262143 bytes (file open, kmsg=3 pmsg=4 rd=8)
[ 3440.754244][T15753] nx679j: journal mirror: 262143 bytes (file open, kmsg=3 pmsg=4 rd=8)
[ 3442.806579][T15754] nx679j: journal mirror: 262143 bytes (file open, kmsg=3 pmsg=4 rd=8)
[ 3444.858912][T15755] nx679j: journal mirror: 262143 bytes (file open, kmsg=3 pmsg=4 rd=8)
[ 3446.005030][T15041] (virq:irq_count)- 11:1798006 6:221318 2:76193 1:45950 35:8344 30:5955 301:4728 358:422 28:409 37:24 
[ 3446.005035][T15041] (cpu:irq_count)- 0:94861 1:810 2:675 3:800 4:990633 5:2209 6:2476 7:1068927 
[ 3446.005039][T15041] (ipi:irq_count)- 0:45950 1:76193 2:0 3:0 4:0 5:221318 6:0 
[ 3446.911256][T15756] nx679j: journal mirror: 262143 bytes (file open, kmsg=3 pmsg=4 rd=8)
[ 3448.963587][T15757] nx679j: journal mirror: 262143 bytes (file open, kmsg=3 pmsg=4 rd=8)
[ 3451.015936][T15758] nx679j: journal mirror: 262143 bytes (file open, kmsg=3 pmsg=4 rd=8)
[ 3453.068249][T15759] nx679j: journal mirror: 262143 bytes (file open, kmsg=3 pmsg=4 rd=8)
[ 3455.120567][T15760] nx679j: journal mirror: 262143 bytes (file open, kmsg=3 pmsg=4 rd=8)
[ 3455.477035][T15041] (virq:irq_count)- 11:1802958 6:221919 2:76387 1:45994 35:8364 30:5970 301:4728 358:422 28:409 37:24 
[ 3455.477040][T15041] (cpu:irq_count)- 0:95089 1:810 2:675 3:800 4:993314 5:2209 6:2476 7:1071844 
[ 3455.477043][T15041] (ipi:irq_count)- 0:45994 1:76387 2:0 3:0 4:0 5:221919 6:0 
[ 3457.172890][T15761] nx679j: journal mirror: 262143 bytes (file open, kmsg=3 pmsg=4 rd=8)
[ 3459.225298][T15762] nx679j: journal mirror: 262143 bytes (file open, kmsg=3 pmsg=4 rd=8)
[ 3461.277634][T15763] nx679j: journal mirror: 262143 bytes (file open, kmsg=3 pmsg=4 rd=8)
[ 3463.329946][T15764] nx679j: journal mirror: 262143 bytes (file open, kmsg=3 pmsg=4 rd=8)
[ 3464.953045][  T240] (virq:irq_count)- 11:1807907 6:222522 2:76582 1:46029 35:8380 30:5982 301:4728 358:422 28:409 37:24 
[ 3464.953051][  T240] (cpu:irq_count)- 0:95311 1:810 2:675 3:800 4:996027 5:2209 6:2476 7:1074719 
[ 3464.953054][  T240] (ipi:irq_count)- 0:46029 1:76582 2:0 3:0 4:0 5:222522 6:0 
[ 3465.382269][T15765] nx679j: journal mirror: 262143 bytes (file open, kmsg=3 pmsg=4 rd=8)
[ 3467.434608][T15766] nx679j: journal mirror: 262143 bytes (file open, kmsg=3 pmsg=4 rd=8)
[ 3469.486961][T15767] nx679j: journal mirror: 262143 bytes (file open, kmsg=3 pmsg=4 rd=8)
[ 3471.539294][T15768] nx679j: journal mirror: 262143 bytes (file open, kmsg=3 pmsg=4 rd=8)
[ 3473.591610][T15769] nx679j: journal mirror: 262143 bytes (file open, kmsg=3 pmsg=4 rd=8)
[ 3474.421033][T15041] (virq:irq_count)- 11:1812858 6:223122 2:76776 1:46077 35:8400 30:5997 301:4734 358:422 28:409 37:24 
[ 3474.421039][T15041] (cpu:irq_count)- 0:95546 1:810 2:675 3:800 4:998725 5:2209 6:2476 7:1077620 
[ 3474.421042][T15041] (ipi:irq_count)- 0:46077 1:76776 2:0 3:0 4:0 5:223122 6:0 
[ 3475.643954][T15770] nx679j: journal mirror: 262143 bytes (file open, kmsg=3 pmsg=4 rd=8)
[ 3477.696643][T15771] nx679j: journal mirror: 262143 bytes (file open, kmsg=3 pmsg=4 rd=8)
[ 3479.748780][T15792] nx679j: journal mirror: 262143 bytes (file open, kmsg=3 pmsg=4 rd=8)
[ 3481.801192][T15793] nx679j: journal mirror: 262143 bytes (file open, kmsg=3 pmsg=4 rd=8)
[ 3483.853383][T15794] nx679j: journal mirror: 262143 bytes (file open, kmsg=3 pmsg=4 rd=8)
[ 3483.893057][T15041] (virq:irq_count)- 11:1817849 6:223742 2:76974 1:46212 35:8429 30:6012 301:4778 358:422 28:409 37:24 
[ 3483.893064][T15041] (cpu:irq_count)- 0:95845 1:810 2:675 3:800 4:1001444 5:2215 6:2491 7:1080613 
[ 3483.893067][T15041] (ipi:irq_count)- 0:46212 1:76974 2:0 3:0 4:0 5:223742 6:0 
[ 3485.905709][T15795] nx679j: journal mirror: 262143 bytes (file open, kmsg=3 pmsg=4 rd=8)
[ 3487.958296][T15796] nx679j: journal mirror: 262143 bytes (file open, kmsg=3 pmsg=4 rd=8)
[ 3490.010464][T15812] nx679j: journal mirror: 262143 bytes (file open, kmsg=3 pmsg=4 rd=8)
[ 3492.062690][T15813] nx679j: journal mirror: 262143 bytes (file open, kmsg=3 pmsg=4 rd=8)
[ 3493.365058][T15041] (virq:irq_count)- 11:1822826 6:224355 2:77171 1:46297 35:8452 30:6024 301:4820 358:422 28:409 37:24 
[ 3493.365063][T15041] (cpu:irq_count)- 0:96133 1:810 2:675 3:800 4:1004153 5:2221 6:2494 7:1083556 
[ 3493.365067][T15041] (ipi:irq_count)- 0:46297 1:77171 2:0 3:0 4:0 5:224355 6:0 
[ 3494.114982][T15814] nx679j: journal mirror: 262143 bytes (file open, kmsg=3 pmsg=4 rd=8)
[ 3496.167306][T15815] nx679j: journal mirror: 262143 bytes (file open, kmsg=3 pmsg=4 rd=8)
[ 3498.219630][T15816] nx679j: journal mirror: 262143 bytes (file open, kmsg=3 pmsg=4 rd=8)
[ 3500.271999][T15817] nx679j: journal mirror: 262143 bytes (file open, kmsg=3 pmsg=4 rd=8)
[ 3502.324319][T15818] nx679j: journal mirror: 262143 bytes (file open, kmsg=3 pmsg=4 rd=8)
[ 3502.837039][T15041] (virq:irq_count)- 11:1827778 6:224957 2:77364 1:46338 35:8472 30:6039 301:4821 358:422 28:409 37:24 
[ 3502.837044][T15041] (cpu:irq_count)- 0:96361 1:810 2:675 3:800 4:1006867 5:2221 6:2494 7:1086438 
[ 3502.837047][T15041] (ipi:irq_count)- 0:46338 1:77364 2:0 3:0 4:0 5:224957 6:0 
[ 3504.376655][T15819] nx679j: journal mirror: 262143 bytes (file open, kmsg=3 pmsg=4 rd=8)
[ 3506.429024][T15820] nx679j: journal mirror: 262143 bytes (file open, kmsg=3 pmsg=4 rd=8)
[ 3508.481383][T15821] nx679j: journal mirror: 262143 bytes (file open, kmsg=3 pmsg=4 rd=8)
[ 3510.533697][T15822] nx679j: journal mirror: 262143 bytes (file open, kmsg=3 pmsg=4 rd=8)
[ 3512.309039][    T7] (virq:irq_count)- 11:1832728 6:225558 2:77559 1:46379 35:8488 30:6051 301:4827 358:422 28:409 37:24 
[ 3512.309046][    T7] (cpu:irq_count)- 0:96592 1:810 2:675 3:800 4:1009581 5:2221 6:2494 7:1089314 
[ 3512.309051][    T7] (ipi:irq_count)- 0:46379 1:77559 2:0 3:0 4:0 5:225558 6:0 
[ 3512.586043][T15823] nx679j: journal mirror: 262143 bytes (file open, kmsg=3 pmsg=4 rd=8)
[ 3514.638300][T15824] nx679j: journal mirror: 262143 bytes (file open, kmsg=3 pmsg=4 rd=8)
[ 3516.690637][T15825] nx679j: journal mirror: 262143 bytes (file open, kmsg=3 pmsg=4 rd=8)
[ 3518.742971][T15826] nx679j: journal mirror: 262143 bytes (file open, kmsg=3 pmsg=4 rd=8)
[ 3520.795292][T15827] nx679j: journal mirror: 262143 bytes (file open, kmsg=3 pmsg=4 rd=8)
[ 3521.785086][  T240] (virq:irq_count)- 11:1837678 6:226161 2:77753 1:46416 35:8508 30:6066 301:4827 358:422 28:409 37:24 
[ 3521.785093][  T240] (cpu:irq_count)- 0:96820 1:810 2:675 3:800 4:1012287 5:2221 6:2494 7:1092199 
[ 3521.785096][  T240] (ipi:irq_count)- 0:46416 1:77753 2:0 3:0 4:0 5:226161 6:0 
[ 3522.847644][T15828] nx679j: journal mirror: 262143 bytes (file open, kmsg=3 pmsg=4 rd=8)
[ 3524.899981][T15829] nx679j: journal mirror: 262143 bytes (file open, kmsg=3 pmsg=4 rd=8)
[ 3526.952299][T15830] nx679j: journal mirror: 262143 bytes (file open, kmsg=3 pmsg=4 rd=8)
[ 3529.004652][T15831] nx679j: journal mirror: 262143 bytes (file open, kmsg=3 pmsg=4 rd=8)
[ 3531.057043][T15832] nx679j: journal mirror: 262143 bytes (file open, kmsg=3 pmsg=4 rd=8)
[ 3531.253031][    T7] (virq:irq_count)- 11:1842629 6:226761 2:77946 1:46462 35:8528 30:6081 301:4830 358:422 28:409 37:24 
[ 3531.253036][    T7] (cpu:irq_count)- 0:97054 1:810 2:675 3:800 4:1015004 5:2221 6:2494 7:1095076 
[ 3531.253039][    T7] (ipi:irq_count)- 0:46462 1:77946 2:0 3:0 4:0 5:226761 6:0 
[ 3533.109368][T15833] nx679j: journal mirror: 262143 bytes (file open, kmsg=3 pmsg=4 rd=8)
[ 3535.161702][T15834] nx679j: journal mirror: 262143 bytes (file open, kmsg=3 pmsg=4 rd=8)
[ 3537.214030][T15835] nx679j: journal mirror: 262143 bytes (file open, kmsg=3 pmsg=4 rd=8)
[ 3539.266346][T15836] nx679j: journal mirror: 262143 bytes (file open, kmsg=3 pmsg=4 rd=8)
[ 3540.725031][  T240] (virq:irq_count)- 11:1847581 6:227362 2:78141 1:46497 35:8544 30:6093 301:4830 358:422 28:409 37:24 
[ 3540.725036][  T240] (cpu:irq_count)- 0:97278 1:810 2:675 3:800 4:1017716 5:2221 6:2494 7:1097951 
[ 3540.725039][  T240] (ipi:irq_count)- 0:46497 1:78141 2:0 3:0 4:0 5:227362 6:0 
[ 3541.318719][T15837] nx679j: journal mirror: 262143 bytes (file open, kmsg=3 pmsg=4 rd=8)
[ 3543.371052][T15838] nx679j: journal mirror: 262143 bytes (file open, kmsg=3 pmsg=4 rd=8)
[ 3545.423383][T15839] nx679j: journal mirror: 262143 bytes (file open, kmsg=3 pmsg=4 rd=8)
[ 3547.475718][T15840] nx679j: journal mirror: 262143 bytes (file open, kmsg=3 pmsg=4 rd=8)
[ 3549.528049][T15841] nx679j: journal mirror: 262143 bytes (file open, kmsg=3 pmsg=4 rd=8)
[ 3550.197036][  T240] (virq:irq_count)- 11:1852534 6:227964 2:78336 1:46535 35:8564 30:6108 301:4830 358:422 28:409 37:24 
[ 3550.197043][  T240] (cpu:irq_count)- 0:97507 1:810 2:675 3:800 4:1020421 5:2221 6:2494 7:1100840 
[ 3550.197048][  T240] (ipi:irq_count)- 0:46535 1:78336 2:0 3:0 4:0 5:227964 6:0 
[ 3551.580350][T15842] nx679j: journal mirror: 262143 bytes (file open, kmsg=3 pmsg=4 rd=8)
[ 3553.632701][T15843] nx679j: journal mirror: 262143 bytes (file open, kmsg=3 pmsg=4 rd=8)
[ 3555.685054][T15844] nx679j: journal mirror: 262143 bytes (file open, kmsg=3 pmsg=4 rd=8)
[ 3557.737402][T15845] nx679j: journal mirror: 262143 bytes (file open, kmsg=3 pmsg=4 rd=8)
[ 3559.669033][T15041] (virq:irq_count)- 11:1857479 6:228565 2:78529 1:46571 35:8580 30:6120 301:4833 358:422 28:409 37:24 
[ 3559.669038][T15041] (cpu:irq_count)- 0:97732 1:810 2:675 3:800 4:1023116 5:2221 6:2494 7:1103726 
[ 3559.669041][T15041] (ipi:irq_count)- 0:46571 1:78529 2:0 3:0 4:0 5:228565 6:0 
[ 3559.789727][T15846] nx679j: journal mirror: 262143 bytes (file open, kmsg=3 pmsg=4 rd=8)
[ 3561.842061][T15847] nx679j: journal mirror: 262143 bytes (file open, kmsg=3 pmsg=4 rd=8)
[ 3563.894364][T15848] nx679j: journal mirror: 262143 bytes (file open, kmsg=3 pmsg=4 rd=8)
[ 3565.946691][T15849] nx679j: journal mirror: 262143 bytes (file open, kmsg=3 pmsg=4 rd=8)
[ 3567.999030][T15850] nx679j: journal mirror: 262143 bytes (file open, kmsg=3 pmsg=4 rd=8)
[ 3569.141035][T15041] (virq:irq_count)- 11:1862433 6:229167 2:78725 1:46620 35:8600 30:6135 301:4838 358:422 28:409 37:24 
[ 3569.141042][T15041] (cpu:irq_count)- 0:97972 1:810 2:675 3:800 4:1025821 5:2221 6:2494 7:1106622 
[ 3569.141046][T15041] (ipi:irq_count)- 0:46620 1:78725 2:0 3:0 4:0 5:229167 6:0 
[ 3570.051367][T15851] nx679j: journal mirror: 262143 bytes (file open, kmsg=3 pmsg=4 rd=8)
[ 3572.103703][T15852] nx679j: journal mirror: 262143 bytes (file open, kmsg=3 pmsg=4 rd=8)
[ 3574.156053][T15853] nx679j: journal mirror: 262143 bytes (file open, kmsg=3 pmsg=4 rd=8)
[ 3576.208392][T15854] nx679j: journal mirror: 262143 bytes (file open, kmsg=3 pmsg=4 rd=8)
[ 3578.260685][T15855] nx679j: journal mirror: 262143 bytes (file open, kmsg=3 pmsg=4 rd=8)
[ 3578.613035][  T240] (virq:irq_count)- 11:1867385 6:229768 2:78919 1:46663 35:8620 30:6150 301:4839 358:422 28:409 37:24 
[ 3578.613040][  T240] (cpu:irq_count)- 0:98202 1:810 2:675 3:800 4:1028517 5:2221 6:2494 7:1109522 
[ 3578.613043][  T240] (ipi:irq_count)- 0:46663 1:78919 2:0 3:0 4:0 5:229768 6:0 
[ 3580.313056][T15856] nx679j: journal mirror: 262143 bytes (file open, kmsg=3 pmsg=4 rd=8)
[ 3582.365415][T15857] nx679j: journal mirror: 262143 bytes (file open, kmsg=3 pmsg=4 rd=8)
[ 3584.417742][T15858] nx679j: journal mirror: 262143 bytes (file open, kmsg=3 pmsg=4 rd=8)
[ 3586.470062][T15859] nx679j: journal mirror: 262143 bytes (file open, kmsg=3 pmsg=4 rd=8)
[ 3588.085032][    T7] (virq:irq_count)- 11:1872332 6:230370 2:79115 1:46696 35:8636 30:6162 301:4840 358:422 28:409 37:24 
[ 3588.085037][    T7] (cpu:irq_count)- 0:98427 1:810 2:675 3:800 4:1031233 5:2221 6:2494 7:1112388 
[ 3588.085040][    T7] (ipi:irq_count)- 0:46696 1:79115 2:0 3:0 4:0 5:230370 6:0 
[ 3588.522376][T15860] nx679j: journal mirror: 262143 bytes (file open, kmsg=3 pmsg=4 rd=8)
[ 3590.574726][T15861] nx679j: journal mirror: 262143 bytes (file open, kmsg=3 pmsg=4 rd=8)
[ 3592.627058][T15862] nx679j: journal mirror: 262143 bytes (file open, kmsg=3 pmsg=4 rd=8)
[ 3594.679394][T15863] nx679j: journal mirror: 262143 bytes (file open, kmsg=3 pmsg=4 rd=8)
[ 3596.731728][T15864] nx679j: journal mirror: 262143 bytes (file open, kmsg=3 pmsg=4 rd=8)
[ 3597.557035][  T240] (virq:irq_count)- 11:1877286 6:230971 2:79309 1:46743 35:8656 30:6177 301:4844 358:422 28:409 37:24 
[ 3597.557040][  T240] (cpu:irq_count)- 0:98660 1:810 2:675 3:800 4:1033941 5:2221 6:2494 7:1115282 
[ 3597.557043][  T240] (ipi:irq_count)- 0:46743 1:79309 2:0 3:0 4:0 5:230971 6:0 
[ 3598.784067][T15865] nx679j: journal mirror: 262143 bytes (file open, kmsg=3 pmsg=4 rd=8)
[ 3600.836348][T15866] nx679j: journal mirror: 262143 bytes (file open, kmsg=3 pmsg=4 rd=8)
[ 3602.888681][T15867] nx679j: journal mirror: 262143 bytes (file open, kmsg=3 pmsg=4 rd=8)
[ 3604.941050][T15868] nx679j: journal mirror: 262143 bytes (file open, kmsg=3 pmsg=4 rd=8)
[ 3606.993388][T15869] nx679j: journal mirror: 262143 bytes (file open, kmsg=3 pmsg=4 rd=8)
[ 3607.029037][  T240] (virq:irq_count)- 11:1882235 6:231573 2:79503 1:46785 35:8676 30:6192 301:4845 358:422 28:409 37:24 
[ 3607.029043][  T240] (cpu:irq_count)- 0:98889 1:810 2:675 3:800 4:1036648 5:2221 6:2494 7:1118169 
[ 3607.029046][  T240] (ipi:irq_count)- 0:46785 1:79503 2:0 3:0 4:0 5:231573 6:0 
[ 3609.045733][T15870] nx679j: journal mirror: 262143 bytes (file open, kmsg=3 pmsg=4 rd=8)
[ 3611.098073][T15871] nx679j: journal mirror: 262143 bytes (file open, kmsg=3 pmsg=4 rd=8)
[ 3613.150357][T15872] nx679j: journal mirror: 262143 bytes (file open, kmsg=3 pmsg=4 rd=8)
[ 3615.202745][T15873] nx679j: journal mirror: 262143 bytes (file open, kmsg=3 pmsg=4 rd=8)
[ 3616.501034][  T240] (virq:irq_count)- 11:1887182 6:232174 2:79699 1:46825 35:8692 30:6204 301:4848 358:422 28:409 37:24 
[ 3616.501039][  T240] (cpu:irq_count)- 0:99117 1:810 2:675 3:800 4:1039373 5:2221 6:2494 7:1121031 
[ 3616.501042][  T240] (ipi:irq_count)- 0:46825 1:79699 2:0 3:0 4:0 5:232174 6:0 
[ 3617.255060][T15874] nx679j: journal mirror: 262143 bytes (file open, kmsg=3 pmsg=4 rd=8)
[ 3619.307393][T15875] nx679j: journal mirror: 262143 bytes (file open, kmsg=3 pmsg=4 rd=8)
[ 3621.359723][T15876] nx679j: journal mirror: 262143 bytes (file open, kmsg=3 pmsg=4 rd=8)
[ 3623.412104][T15877] nx679j: journal mirror: 262143 bytes (file open, kmsg=3 pmsg=4 rd=8)
[ 3625.464459][T15878] nx679j: journal mirror: 262143 bytes (file open, kmsg=3 pmsg=4 rd=8)
[ 3625.977047][    T7] (virq:irq_count)- 11:1892139 6:232777 2:79895 1:46867 35:8712 30:6219 301:4852 358:422 28:409 37:24 
[ 3625.977054][    T7] (cpu:irq_count)- 0:99353 1:810 2:675 3:800 4:1042093 5:2221 6:2494 7:1123912 
[ 3625.977058][    T7] (ipi:irq_count)- 0:46867 1:79895 2:0 3:0 4:0 5:232777 6:0 
[ 3627.516788][T15879] nx679j: journal mirror: 262143 bytes (file open, kmsg=3 pmsg=4 rd=8)
[ 3629.569153][T15880] nx679j: journal mirror: 262143 bytes (file open, kmsg=3 pmsg=4 rd=8)
[ 3631.621475][T15881] nx679j: journal mirror: 262143 bytes (file open, kmsg=3 pmsg=4 rd=8)
[ 3633.673805][T15882] nx679j: journal mirror: 262143 bytes (file open, kmsg=3 pmsg=4 rd=8)
[ 3635.445033][    T7] (virq:irq_count)- 11:1897087 6:233377 2:80089 1:46901 35:8728 30:6231 301:4855 358:422 28:409 37:24 
[ 3635.445038][    T7] (cpu:irq_count)- 0:99579 1:810 2:675 3:800 4:1044785 5:2221 6:2494 7:1126801 
[ 3635.445041][    T7] (ipi:irq_count)- 0:46901 1:80089 2:0 3:0 4:0 5:233377 6:0 
[ 3635.726154][T15883] nx679j: journal mirror: 262143 bytes (file open, kmsg=3 pmsg=4 rd=8)
[ 3637.778453][T15884] nx679j: journal mirror: 262143 bytes (file open, kmsg=3 pmsg=4 rd=8)
[ 3639.830795][T15885] nx679j: journal mirror: 262143 bytes (file open, kmsg=3 pmsg=4 rd=8)
[ 3641.883140][T15886] nx679j: journal mirror: 262143 bytes (file open, kmsg=3 pmsg=4 rd=8)
[ 3643.935470][T15887] nx679j: journal mirror: 262143 bytes (file open, kmsg=3 pmsg=4 rd=8)
[ 3644.917038][  T240] (virq:irq_count)- 11:1902040 6:233979 2:80282 1:46939 35:8748 30:6246 301:4855 358:422 28:409 37:24 
[ 3644.917044][  T240] (cpu:irq_count)- 0:99806 1:810 2:675 3:800 4:1047483 5:2221 6:2494 7:1129697 
[ 3644.917049][  T240] (ipi:irq_count)- 0:46939 1:80282 2:0 3:0 4:0 5:233979 6:0 
[ 3645.987750][T15888] nx679j: journal mirror: 262143 bytes (file open, kmsg=3 pmsg=4 rd=8)
[ 3648.040089][T15889] nx679j: journal mirror: 262143 bytes (file open, kmsg=3 pmsg=4 rd=8)
[ 3650.092425][T15890] nx679j: journal mirror: 262143 bytes (file open, kmsg=3 pmsg=4 rd=8)
[ 3652.144766][T15891] nx679j: journal mirror: 262143 bytes (file open, kmsg=3 pmsg=4 rd=8)
[ 3654.197167][T15892] nx679j: journal mirror: 262143 bytes (file open, kmsg=3 pmsg=4 rd=8)
[ 3654.389035][    T7] (virq:irq_count)- 11:1906992 6:234580 2:80476 1:46987 35:8768 30:6261 301:4858 358:422 28:409 37:24 
[ 3654.389042][    T7] (cpu:irq_count)- 0:100040 1:810 2:675 3:800 4:1050198 5:2221 6:2494 7:1132581 
[ 3654.389047][    T7] (ipi:irq_count)- 0:46987 1:80476 2:0 3:0 4:0 5:234580 6:0 
[ 3656.249484][T15893] nx679j: journal mirror: 262143 bytes (file open, kmsg=3 pmsg=4 rd=8)
[ 3658.301818][T15894] nx679j: journal mirror: 262143 bytes (file open, kmsg=3 pmsg=4 rd=8)
[ 3660.354143][T15895] nx679j: journal mirror: 262143 bytes (file open, kmsg=3 pmsg=4 rd=8)
[ 3662.406457][T15896] nx679j: journal mirror: 262143 bytes (file open, kmsg=3 pmsg=4 rd=8)
[ 3663.865044][    T7] (virq:irq_count)- 11:1911944 6:235182 2:80672 1:47018 35:8784 30:6273 301:4858 358:422 28:409 37:24 
[ 3663.865051][    T7] (cpu:irq_count)- 0:100262 1:810 2:675 3:800 4:1052926 5:2221 6:2494 7:1135440 
[ 3663.865056][    T7] (ipi:irq_count)- 0:47018 1:80672 2:0 3:0 4:0 5:235182 6:0 
[ 3664.458815][T15897] nx679j: journal mirror: 262143 bytes (file open, kmsg=3 pmsg=4 rd=8)
[ 3666.511153][T15898] nx679j: journal mirror: 262143 bytes (file open, kmsg=3 pmsg=4 rd=8)
[ 3668.563503][T15899] nx679j: journal mirror: 262143 bytes (file open, kmsg=3 pmsg=4 rd=8)
[ 3670.615837][T15900] nx679j: journal mirror: 262143 bytes (file open, kmsg=3 pmsg=4 rd=8)
[ 3672.668187][T15901] nx679j: journal mirror: 262143 bytes (file open, kmsg=3 pmsg=4 rd=8)
[ 3673.333034][T15041] (virq:irq_count)- 11:1916897 6:235783 2:80866 1:47054 35:8804 30:6288 301:4858 358:422 28:409 37:24 
[ 3673.333039][T15041] (cpu:irq_count)- 0:100490 1:810 2:675 3:800 4:1055628 5:2221 6:2494 7:1138329 
[ 3673.333042][T15041] (ipi:irq_count)- 0:47054 1:80866 2:0 3:0 4:0 5:235783 6:0 
[ 3674.720513][T15902] nx679j: journal mirror: 262143 bytes (file open, kmsg=3 pmsg=4 rd=8)
[ 3676.772852][T15903] nx679j: journal mirror: 262143 bytes (file open, kmsg=3 pmsg=4 rd=8)
[ 3678.825242][T15904] nx679j: journal mirror: 262143 bytes (file open, kmsg=3 pmsg=4 rd=8)
[ 3680.877578][T15905] nx679j: journal mirror: 262143 bytes (file open, kmsg=3 pmsg=4 rd=8)
[ 3682.805036][  T240] (virq:irq_count)- 11:1921846 6:236385 2:81060 1:47095 35:8820 30:6300 301:4862 358:422 28:409 37:24 
[ 3682.805044][  T240] (cpu:irq_count)- 0:100716 1:810 2:675 3:800 4:1058343 5:2221 6:2494 7:1141206 
[ 3682.805049][  T240] (ipi:irq_count)- 0:47095 1:81060 2:0 3:0 4:0 5:236385 6:0 
[ 3682.929869][T15906] nx679j: journal mirror: 262143 bytes (file open, kmsg=3 pmsg=4 rd=8)
[ 3684.982167][T15907] nx679j: journal mirror: 262143 bytes (file open, kmsg=3 pmsg=4 rd=8)
[ 3687.034491][T15908] nx679j: journal mirror: 262143 bytes (file open, kmsg=3 pmsg=4 rd=8)
[ 3689.086834][T15909] nx679j: journal mirror: 262143 bytes (file open, kmsg=3 pmsg=4 rd=8)
[ 3691.139161][T15910] nx679j: journal mirror: 262143 bytes (file open, kmsg=3 pmsg=4 rd=8)
[ 3692.277038][  T240] (virq:irq_count)- 11:1926799 6:236986 2:81254 1:47140 35:8840 30:6315 301:4864 358:422 28:409 37:24 
[ 3692.277044][  T240] (cpu:irq_count)- 0:100948 1:810 2:675 3:800 4:1061058 5:2221 6:2494 7:1144089 
[ 3692.277047][  T240] (ipi:irq_count)- 0:47140 1:81254 2:0 3:0 4:0 5:236986 6:0 
[ 3693.191514][T15911] nx679j: journal mirror: 262143 bytes (file open, kmsg=3 pmsg=4 rd=8)
[ 3695.243844][T15912] nx679j: journal mirror: 262143 bytes (file open, kmsg=3 pmsg=4 rd=8)
[ 3697.296189][T15913] nx679j: journal mirror: 262143 bytes (file open, kmsg=3 pmsg=4 rd=8)
[ 3699.348515][T15914] nx679j: journal mirror: 262143 bytes (file open, kmsg=3 pmsg=4 rd=8)
[ 3701.400857][T15915] nx679j: journal mirror: 262143 bytes (file open, kmsg=3 pmsg=4 rd=8)
[ 3701.749037][    T7] (virq:irq_count)- 11:1931753 6:237587 2:81447 1:47178 35:8860 30:6330 301:4864 358:422 28:409 37:24 
[ 3701.749044][    T7] (cpu:irq_count)- 0:101175 1:810 2:675 3:800 4:1063771 5:2221 6:2494 7:1146970 
[ 3701.749047][    T7] (ipi:irq_count)- 0:47178 1:81447 2:0 3:0 4:0 5:237587 6:0 
[ 3703.453236][T15916] nx679j: journal mirror: 262143 bytes (file open, kmsg=3 pmsg=4 rd=8)
[ 3705.505575][T15917] nx679j: journal mirror: 262143 bytes (file open, kmsg=3 pmsg=4 rd=8)
[ 3707.557876][T15918] nx679j: journal mirror: 262143 bytes (file open, kmsg=3 pmsg=4 rd=8)
[ 3709.610196][T15919] nx679j: journal mirror: 262143 bytes (file open, kmsg=3 pmsg=4 rd=8)
[ 3711.221037][  T240] (virq:irq_count)- 11:1936700 6:238190 2:81643 1:47211 35:8876 30:6342 301:4866 358:422 28:409 37:24 
[ 3711.221042][  T240] (cpu:irq_count)- 0:101401 1:810 2:675 3:800 4:1066485 5:2221 6:2494 7:1149839 
[ 3711.221045][  T240] (ipi:irq_count)- 0:47211 1:81643 2:0 3:0 4:0 5:238190 6:0 
[ 3711.662520][T15920] nx679j: journal mirror: 262143 bytes (file open, kmsg=3 pmsg=4 rd=8)
[ 3713.714869][T15921] nx679j: journal mirror: 262143 bytes (file open, kmsg=3 pmsg=4 rd=8)
[ 3715.767202][T15922] nx679j: journal mirror: 262143 bytes (file open, kmsg=3 pmsg=4 rd=8)
[ 3717.819539][T15923] nx679j: journal mirror: 262143 bytes (file open, kmsg=3 pmsg=4 rd=8)
[ 3719.871864][T15924] nx679j: journal mirror: 262143 bytes (file open, kmsg=3 pmsg=4 rd=8)
[ 3720.693035][T15041] (virq:irq_count)- 11:1941650 6:238791 2:81837 1:47252 35:8896 30:6357 301:4866 358:422 28:409 37:24 
[ 3720.693040][T15041] (cpu:irq_count)- 0:101629 1:810 2:675 3:800 4:1069198 5:2221 6:2494 7:1152719 
[ 3720.693043][T15041] (ipi:irq_count)- 0:47252 1:81837 2:0 3:0 4:0 5:238791 6:0 
[ 3721.924209][T15925] nx679j: journal mirror: 262143 bytes (file open, kmsg=3 pmsg=4 rd=8)
[ 3723.976532][T15926] nx679j: journal mirror: 262143 bytes (file open, kmsg=3 pmsg=4 rd=8)
[ 3726.028881][T15927] nx679j: journal mirror: 262143 bytes (file open, kmsg=3 pmsg=4 rd=8)
[ 3728.081239][T15928] nx679j: journal mirror: 262143 bytes (file open, kmsg=3 pmsg=4 rd=8)
[ 3730.133590][T15929] nx679j: journal mirror: 262143 bytes (file open, kmsg=3 pmsg=4 rd=8)
[ 3730.165031][T15041] (virq:irq_count)- 11:1946605 6:239393 2:82032 1:47310 35:8916 30:6372 301:4872 358:422 28:409 37:24 
[ 3730.165036][T15041] (cpu:irq_count)- 0:101870 1:810 2:675 3:800 4:1071918 5:2221 6:2494 7:1155609 
[ 3730.165039][T15041] (ipi:irq_count)- 0:47310 1:82032 2:0 3:0 4:0 5:239393 6:0 
[ 3732.185865][T15930] nx679j: journal mirror: 262143 bytes (file open, kmsg=3 pmsg=4 rd=8)
[ 3734.238225][T15931] nx679j: journal mirror: 262143 bytes (file open, kmsg=3 pmsg=4 rd=8)
[ 3736.290518][T15932] nx679j: journal mirror: 262143 bytes (file open, kmsg=3 pmsg=4 rd=8)
[ 3738.343197][T15933] nx679j: journal mirror: 262143 bytes (file open, kmsg=3 pmsg=4 rd=8)
[ 3739.637047][T15041] (virq:irq_count)- 11:1951586 6:240016 2:82229 1:47413 35:8938 30:6384 301:4928 358:422 28:409 37:24 
[ 3739.637053][T15041] (cpu:irq_count)- 0:102176 1:812 2:675 3:800 4:1074642 5:2224 6:2501 7:1158561 
[ 3739.637056][T15041] (ipi:irq_count)- 0:47413 1:82229 2:0 3:0 4:0 5:240016 6:0 
[ 3740.395403][T15948] nx679j: journal mirror: 262143 bytes (file open, kmsg=3 pmsg=4 rd=8)
[ 3742.447571][T15949] nx679j: journal mirror: 262143 bytes (file open, kmsg=3 pmsg=4 rd=8)
[ 3744.499900][T15950] nx679j: journal mirror: 262143 bytes (file open, kmsg=3 pmsg=4 rd=8)
[ 3746.552252][T15951] nx679j: journal mirror: 262143 bytes (file open, kmsg=3 pmsg=4 rd=8)
[ 3748.604572][T15952] nx679j: journal mirror: 262143 bytes (file open, kmsg=3 pmsg=4 rd=8)
[ 3749.113056][  T240] (virq:irq_count)- 11:1956545 6:240621 2:82423 1:47464 35:8960 30:6399 301:4939 358:422 28:409 37:24 
[ 3749.113063][  T240] (cpu:irq_count)- 0:102424 1:812 2:675 3:800 4:1077341 5:2225 6:2501 7:1161470 
[ 3749.113067][  T240] (ipi:irq_count)- 0:47464 1:82423 2:0 3:0 4:0 5:240621 6:0 
[ 3750.656893][T15953] nx679j: journal mirror: 262143 bytes (file open, kmsg=3 pmsg=4 rd=8)
[ 3752.709279][T15954] nx679j: journal mirror: 262143 bytes (file open, kmsg=3 pmsg=4 rd=8)
[ 3754.761654][T15955] nx679j: journal mirror: 262143 bytes (file open, kmsg=3 pmsg=4 rd=8)
[ 3756.813893][T15956] nx679j: journal mirror: 262143 bytes (file open, kmsg=3 pmsg=4 rd=8)
[ 3758.581038][  T240] (virq:irq_count)- 11:1961492 6:241221 2:82618 1:47502 35:8978 30:6411 301:4939 358:422 28:409 37:24 
[ 3758.581045][  T240] (cpu:irq_count)- 0:102648 1:812 2:675 3:800 4:1080048 5:2225 6:2501 7:1164349 
[ 3758.581050][  T240] (ipi:irq_count)- 0:47502 1:82618 2:0 3:0 4:0 5:241221 6:0 
[ 3758.866248][T15957] nx679j: journal mirror: 262143 bytes (file open, kmsg=3 pmsg=4 rd=8)
[ 3760.918583][T15958] nx679j: journal mirror: 262143 bytes (file open, kmsg=3 pmsg=4 rd=8)
[ 3762.970908][T15959] nx679j: journal mirror: 262143 bytes (file open, kmsg=3 pmsg=4 rd=8)
[ 3765.023272][T15960] nx679j: journal mirror: 262143 bytes (file open, kmsg=3 pmsg=4 rd=8)
[ 3767.075580][T15961] nx679j: journal mirror: 262143 bytes (file open, kmsg=3 pmsg=4 rd=8)
[ 3768.053034][T15041] (virq:irq_count)- 11:1966446 6:241823 2:82811 1:47544 35:8998 30:6426 301:4939 358:422 28:409 37:24 
[ 3768.053039][T15041] (cpu:irq_count)- 0:102875 1:812 2:675 3:800 4:1082764 5:2225 6:2501 7:1167232 
[ 3768.053042][T15041] (ipi:irq_count)- 0:47544 1:82811 2:0 3:0 4:0 5:241823 6:0 
[ 3769.127919][T15962] nx679j: journal mirror: 262143 bytes (file open, kmsg=3 pmsg=4 rd=8)
[ 3771.180243][T15963] nx679j: journal mirror: 262143 bytes (file open, kmsg=3 pmsg=4 rd=8)
[ 3773.232588][T15964] nx679j: journal mirror: 262143 bytes (file open, kmsg=3 pmsg=4 rd=8)
[ 3775.284905][T15965] nx679j: journal mirror: 262143 bytes (file open, kmsg=3 pmsg=4 rd=8)
[ 3777.337273][T15966] nx679j: journal mirror: 262143 bytes (file open, kmsg=3 pmsg=4 rd=8)
[ 3777.525032][T15041] (virq:irq_count)- 11:1971395 6:242424 2:83005 1:47582 35:9018 30:6441 301:4939 358:422 28:409 37:24 
[ 3777.525037][T15041] (cpu:irq_count)- 0:103103 1:812 2:675 3:800 4:1085480 5:2225 6:2501 7:1170105 
[ 3777.525040][T15041] (ipi:irq_count)- 0:47582 1:83005 2:0 3:0 4:0 5:242424 6:0 
[ 3779.389622][T15967] nx679j: journal mirror: 262143 bytes (file open, kmsg=3 pmsg=4 rd=8)
[ 3781.442014][T15968] nx679j: journal mirror: 262143 bytes (file open, kmsg=3 pmsg=4 rd=8)
[ 3783.494294][T15969] nx679j: journal mirror: 262143 bytes (file open, kmsg=3 pmsg=4 rd=8)
[ 3785.546637][T15970] nx679j: journal mirror: 262143 bytes (file open, kmsg=3 pmsg=4 rd=8)
[ 3786.997038][  T240] (virq:irq_count)- 11:1976340 6:243025 2:83199 1:47612 35:9034 30:6453 301:4939 358:422 28:409 37:24 
[ 3786.997043][  T240] (cpu:irq_count)- 0:103325 1:812 2:675 3:800 4:1088184 5:2225 6:2501 7:1172977 
[ 3786.997046][  T240] (ipi:irq_count)- 0:47612 1:83199 2:0 3:0 4:0 5:243025 6:0 
[ 3787.598980][T15971] nx679j: journal mirror: 262143 bytes (file open, kmsg=3 pmsg=4 rd=8)
[ 3789.651314][T15972] nx679j: journal mirror: 262143 bytes (file open, kmsg=3 pmsg=4 rd=8)
[ 3791.703644][T15973] nx679j: journal mirror: 262143 bytes (file open, kmsg=3 pmsg=4 rd=8)
[ 3793.756003][T15974] nx679j: journal mirror: 262143 bytes (file open, kmsg=3 pmsg=4 rd=8)
[ 3795.808315][T15975] nx679j: journal mirror: 262143 bytes (file open, kmsg=3 pmsg=4 rd=8)
[ 3796.469038][  T240] (virq:irq_count)- 11:1981292 6:243627 2:83392 1:47657 35:9054 30:6468 301:4942 358:422 28:409 37:24 
[ 3796.469043][  T240] (cpu:irq_count)- 0:103557 1:812 2:675 3:800 4:1090899 5:2225 6:2501 7:1175860 
[ 3796.469046][  T240] (ipi:irq_count)- 0:47657 1:83392 2:0 3:0 4:0 5:243627 6:0 
[ 3797.860699][T15976] nx679j: journal mirror: 262143 bytes (file open, kmsg=3 pmsg=4 rd=8)
[ 3799.913037][T15977] nx679j: journal mirror: 262143 bytes (file open, kmsg=3 pmsg=4 rd=8)
[ 3801.965364][T15978] nx679j: journal mirror: 262143 bytes (file open, kmsg=3 pmsg=4 rd=8)
[ 3804.017702][T15979] nx679j: journal mirror: 262143 bytes (file open, kmsg=3 pmsg=4 rd=8)
[ 3805.941056][  T240] (virq:irq_count)- 11:1986242 6:244228 2:83585 1:47704 35:9070 30:6480 301:4948 358:422 28:409 37:24 
[ 3805.941061][  T240] (cpu:irq_count)- 0:103789 1:812 2:675 3:800 4:1093577 5:2225 6:2501 7:1178775 
[ 3805.941064][  T240] (ipi:irq_count)- 0:47704 1:83585 2:0 3:0 4:0 5:244228 6:0 
[ 3806.070057][T15980] nx679j: journal mirror: 262143 bytes (file open, kmsg=3 pmsg=4 rd=8)
[ 3808.122304][T15981] nx679j: journal mirror: 262143 bytes (file open, kmsg=3 pmsg=4 rd=8)
[ 3810.174651][T15982] nx679j: journal mirror: 262143 bytes (file open, kmsg=3 pmsg=4 rd=8)
[ 3812.226962][T15983] nx679j: journal mirror: 262143 bytes (file open, kmsg=3 pmsg=4 rd=8)
[ 3814.279292][T15984] nx679j: journal mirror: 262143 bytes (file open, kmsg=3 pmsg=4 rd=8)
[ 3815.413036][T15041] (virq:irq_count)- 11:1991191 6:244830 2:83780 1:47747 35:9090 30:6495 301:4948 358:422 28:409 37:24 
[ 3815.413041][T15041] (cpu:irq_count)- 0:104018 1:812 2:675 3:800 4:1096283 5:2225 6:2501 7:1181664 
[ 3815.413044][T15041] (ipi:irq_count)- 0:47747 1:83780 2:0 3:0 4:0 5:244830 6:0 
[ 3816.331649][T15985] nx679j: journal mirror: 262143 bytes (file open, kmsg=3 pmsg=4 rd=8)
[ 3818.383961][T15986] nx679j: journal mirror: 262143 bytes (file open, kmsg=3 pmsg=4 rd=8)
[ 3820.436309][T15987] nx679j: journal mirror: 262143 bytes (file open, kmsg=3 pmsg=4 rd=8)
[ 3822.488640][T15988] nx679j: journal mirror: 262143 bytes (file open, kmsg=3 pmsg=4 rd=8)
[ 3824.540981][T15989] nx679j: journal mirror: 262143 bytes (file open, kmsg=3 pmsg=4 rd=8)
[ 3824.885038][    T7] (virq:irq_count)- 11:1996143 6:245431 2:83973 1:47789 35:9110 30:6510 301:4948 358:422 28:409 37:24 
[ 3824.885045][    T7] (cpu:irq_count)- 0:104245 1:812 2:675 3:800 4:1098976 5:2225 6:2501 7:1184567 
[ 3824.885048][    T7] (ipi:irq_count)- 0:47789 1:83973 2:0 3:0 4:0 5:245431 6:0 
[ 3826.593364][T15990] nx679j: journal mirror: 262143 bytes (file open, kmsg=3 pmsg=4 rd=8)
[ 3828.645726][T15991] nx679j: journal mirror: 262143 bytes (file open, kmsg=3 pmsg=4 rd=8)
[ 3830.698050][T15992] nx679j: journal mirror: 262143 bytes (file open, kmsg=3 pmsg=4 rd=8)
[ 3832.750364][T15993] nx679j: journal mirror: 262143 bytes (file open, kmsg=3 pmsg=4 rd=8)
[ 3834.357039][  T240] (virq:irq_count)- 11:2001095 6:246033 2:84169 1:47819 35:9126 30:6522 301:4948 358:422 28:409 37:24 
[ 3834.357044][  T240] (cpu:irq_count)- 0:104468 1:812 2:675 3:800 4:1101700 5:2225 6:2501 7:1187428 
[ 3834.357047][  T240] (ipi:irq_count)- 0:47819 1:84169 2:0 3:0 4:0 5:246033 6:0 
[ 3834.802711][T15994] nx679j: journal mirror: 262143 bytes (file open, kmsg=3 pmsg=4 rd=8)
[ 3836.855048][T15995] nx679j: journal mirror: 262143 bytes (file open, kmsg=3 pmsg=4 rd=8)
[ 3838.907400][T15996] nx679j: journal mirror: 262143 bytes (file open, kmsg=3 pmsg=4 rd=8)
[ 3840.959740][T15997] nx679j: journal mirror: 262143 bytes (file open, kmsg=3 pmsg=4 rd=8)
[ 3843.012064][T15998] nx679j: journal mirror: 262143 bytes (file open, kmsg=3 pmsg=4 rd=8)
[ 3843.829033][  T240] (virq:irq_count)- 11:2006049 6:246634 2:84363 1:47865 35:9146 30:6537 301:4949 358:422 28:409 37:24 
[ 3843.829038][  T240] (cpu:irq_count)- 0:104698 1:812 2:675 3:800 4:1104397 5:2225 6:2501 7:1190332 
[ 3843.829041][  T240] (ipi:irq_count)- 0:47865 1:84363 2:0 3:0 4:0 5:246634 6:0 
[ 3845.064403][T15999] nx679j: journal mirror: 262143 bytes (file open, kmsg=3 pmsg=4 rd=8)
[ 3847.116690][T16000] nx679j: journal mirror: 262143 bytes (file open, kmsg=3 pmsg=4 rd=8)
[ 3849.169056][T16001] nx679j: journal mirror: 262143 bytes (file open, kmsg=3 pmsg=4 rd=8)
[ 3851.221401][T16002] nx679j: journal mirror: 262143 bytes (file open, kmsg=3 pmsg=4 rd=8)
[ 3853.273734][T16003] nx679j: journal mirror: 262143 bytes (file open, kmsg=3 pmsg=4 rd=8)
[ 3853.301032][  T240] (virq:irq_count)- 11:2010998 6:247236 2:84557 1:47915 35:9166 30:6552 301:4954 358:422 28:409 37:24 
[ 3853.301037][  T240] (cpu:irq_count)- 0:104936 1:812 2:675 3:800 4:1107093 5:2225 6:2501 7:1193233 
[ 3853.301040][  T240] (ipi:irq_count)- 0:47915 1:84557 2:0 3:0 4:0 5:247236 6:0 
[ 3855.326084][T16004] nx679j: journal mirror: 262143 bytes (file open, kmsg=3 pmsg=4 rd=8)
[ 3857.378356][T16005] nx679j: journal mirror: 262143 bytes (file open, kmsg=3 pmsg=4 rd=8)
[ 3859.430716][T16006] nx679j: journal mirror: 262143 bytes (file open, kmsg=3 pmsg=4 rd=8)
[ 3861.483047][T16007] nx679j: journal mirror: 262143 bytes (file open, kmsg=3 pmsg=4 rd=8)
[ 3862.773038][  T240] (virq:irq_count)- 11:2015947 6:247837 2:84750 1:47945 35:9182 30:6564 301:4954 358:422 28:409 37:24 
[ 3862.773043][  T240] (cpu:irq_count)- 0:105156 1:812 2:675 3:800 4:1109798 5:2225 6:2501 7:1196109 
[ 3862.773046][  T240] (ipi:irq_count)- 0:47945 1:84750 2:0 3:0 4:0 5:247837 6:0 
[ 3863.535396][T16008] nx679j: journal mirror: 262143 bytes (file open, kmsg=3 pmsg=4 rd=8)
[ 3865.587722][T16009] nx679j: journal mirror: 262143 bytes (file open, kmsg=3 pmsg=4 rd=8)
[ 3867.640073][T16010] nx679j: journal mirror: 262143 bytes (file open, kmsg=3 pmsg=4 rd=8)
[ 3869.692357][T16011] nx679j: journal mirror: 262143 bytes (file open, kmsg=3 pmsg=4 rd=8)
[ 3871.744688][T16012] nx679j: journal mirror: 262143 bytes (file open, kmsg=3 pmsg=4 rd=8)
[ 3872.249047][  T240] (virq:irq_count)- 11:2020901 6:248442 2:84944 1:47990 35:9202 30:6579 301:4961 358:422 28:409 37:24 
[ 3872.249054][  T240] (cpu:irq_count)- 0:105395 1:812 2:675 3:800 4:1112494 5:2225 6:2501 7:1199014 
[ 3872.249058][  T240] (ipi:irq_count)- 0:47990 1:84944 2:0 3:0 4:0 5:248442 6:0 
[ 3873.797052][T16013] nx679j: journal mirror: 262143 bytes (file open, kmsg=3 pmsg=4 rd=8)
[ 3875.849403][T16014] nx679j: journal mirror: 262143 bytes (file open, kmsg=3 pmsg=4 rd=8)
[ 3877.901736][T16015] nx679j: journal mirror: 262143 bytes (file open, kmsg=3 pmsg=4 rd=8)
[ 3879.954058][T16016] nx679j: journal mirror: 262143 bytes (file open, kmsg=3 pmsg=4 rd=8)
[ 3881.721047][  T240] (virq:irq_count)- 11:2025847 6:249043 2:85142 1:48026 35:9218 30:6591 301:4961 358:422 28:409 37:24 
[ 3881.721054][  T240] (cpu:irq_count)- 0:105620 1:812 2:675 3:800 4:1115203 5:2225 6:2501 7:1201889 
[ 3881.721058][  T240] (ipi:irq_count)- 0:48026 1:85142 2:0 3:0 4:0 5:249043 6:0 
[ 3882.006364][T16017] nx679j: journal mirror: 262143 bytes (file open, kmsg=3 pmsg=4 rd=8)
[ 3884.058711][T16018] nx679j: journal mirror: 262143 bytes (file open, kmsg=3 pmsg=4 rd=8)
[ 3886.111043][T16019] nx679j: journal mirror: 262143 bytes (file open, kmsg=3 pmsg=4 rd=8)
[ 3888.163366][T16020] nx679j: journal mirror: 262143 bytes (file open, kmsg=3 pmsg=4 rd=8)
[ 3890.215711][T16021] nx679j: journal mirror: 262143 bytes (file open, kmsg=3 pmsg=4 rd=8)
[ 3891.189032][T15041] (virq:irq_count)- 11:2030801 6:249644 2:85336 1:48074 35:9238 30:6606 301:4964 358:422 28:409 37:24 
[ 3891.189037][T15041] (cpu:irq_count)- 0:105855 1:812 2:675 3:800 4:1117919 5:2225 6:2501 7:1204773 
[ 3891.189040][T15041] (ipi:irq_count)- 0:48074 1:85336 2:0 3:0 4:0 5:249644 6:0 
[ 3892.268043][T16022] nx679j: journal mirror: 262143 bytes (file open, kmsg=3 pmsg=4 rd=8)
[ 3894.320347][T16023] nx679j: journal mirror: 262143 bytes (file open, kmsg=3 pmsg=4 rd=8)
[ 3896.372692][T16024] nx679j: journal mirror: 262143 bytes (file open, kmsg=3 pmsg=4 rd=8)
[ 3898.425065][T16025] nx679j: journal mirror: 262143 bytes (file open, kmsg=3 pmsg=4 rd=8)
[ 3900.477385][T16026] nx679j: journal mirror: 262143 bytes (file open, kmsg=3 pmsg=4 rd=8)
[ 3900.661038][  T240] (virq:irq_count)- 11:2035749 6:250245 2:85531 1:48114 35:9258 30:6621 301:4964 358:422 28:409 37:24 
[ 3900.661044][  T240] (cpu:irq_count)- 0:106084 1:812 2:675 3:800 4:1120631 5:2225 6:2501 7:1207651 
[ 3900.661048][  T240] (ipi:irq_count)- 0:48114 1:85531 2:0 3:0 4:0 5:250245 6:0 
[ 3902.529726][T16027] nx679j: journal mirror: 262143 bytes (file open, kmsg=3 pmsg=4 rd=8)
[ 3904.582062][T16028] nx679j: journal mirror: 262143 bytes (file open, kmsg=3 pmsg=4 rd=8)
[ 3906.634379][T16029] nx679j: journal mirror: 262143 bytes (file open, kmsg=3 pmsg=4 rd=8)
[ 3908.686739][T16030] nx679j: journal mirror: 262143 bytes (file open, kmsg=3 pmsg=4 rd=8)
[ 3910.133037][  T240] (virq:irq_count)- 11:2040697 6:250846 2:85726 1:48144 35:9274 30:6633 301:4964 358:422 28:409 37:24 
[ 3910.133042][  T240] (cpu:irq_count)- 0:106306 1:812 2:675 3:800 4:1123346 5:2225 6:2501 7:1210516 
[ 3910.133045][  T240] (ipi:irq_count)- 0:48144 1:85726 2:0 3:0 4:0 5:250846 6:0 
[ 3910.739066][T16031] nx679j: journal mirror: 262143 bytes (file open, kmsg=3 pmsg=4 rd=8)
[ 3912.791421][T16032] nx679j: journal mirror: 262143 bytes (file open, kmsg=3 pmsg=4 rd=8)
[ 3914.843748][T16033] nx679j: journal mirror: 262143 bytes (file open, kmsg=3 pmsg=4 rd=8)
[ 3916.896096][T16034] nx679j: journal mirror: 262143 bytes (file open, kmsg=3 pmsg=4 rd=8)
[ 3918.948426][T16035] nx679j: journal mirror: 262143 bytes (file open, kmsg=3 pmsg=4 rd=8)
[ 3919.605033][  T240] (virq:irq_count)- 11:2045653 6:251448 2:85921 1:48187 35:9294 30:6648 301:4964 358:422 28:409 37:24 
[ 3919.605038][  T240] (cpu:irq_count)- 0:106535 1:812 2:675 3:800 4:1126055 5:2225 6:2501 7:1213409 
[ 3919.605041][  T240] (ipi:irq_count)- 0:48187 1:85921 2:0 3:0 4:0 5:251448 6:0 
[ 3921.000780][T16036] nx679j: journal mirror: 262143 bytes (file open, kmsg=3 pmsg=4 rd=8)
[ 3923.053138][T16037] nx679j: journal mirror: 262143 bytes (file open, kmsg=3 pmsg=4 rd=8)
[ 3925.105461][T16038] nx679j: journal mirror: 262143 bytes (file open, kmsg=3 pmsg=4 rd=8)
[ 3927.157801][T16039] nx679j: journal mirror: 262143 bytes (file open, kmsg=3 pmsg=4 rd=8)
[ 3929.077039][T15041] (virq:irq_count)- 11:2050600 6:252049 2:86115 1:48234 35:9310 30:6660 301:4970 358:422 28:409 37:24 
[ 3929.077044][T15041] (cpu:irq_count)- 0:106765 1:812 2:675 3:800 4:1128752 5:2225 6:2501 7:1216305 
[ 3929.077047][T15041] (ipi:irq_count)- 0:48234 1:86115 2:0 3:0 4:0 5:252049 6:0 
[ 3929.210130][T16040] nx679j: journal mirror: 262143 bytes (file open, kmsg=3 pmsg=4 rd=8)
[ 3931.262415][T16041] nx679j: journal mirror: 262143 bytes (file open, kmsg=3 pmsg=4 rd=8)
[ 3933.314749][T16042] nx679j: journal mirror: 262143 bytes (file open, kmsg=3 pmsg=4 rd=8)
[ 3935.367080][T16043] nx679j: journal mirror: 262143 bytes (file open, kmsg=3 pmsg=4 rd=8)
[ 3937.419414][T16044] nx679j: journal mirror: 262143 bytes (file open, kmsg=3 pmsg=4 rd=8)
[ 3938.549035][  T240] (virq:irq_count)- 11:2055550 6:252651 2:86309 1:48272 35:9330 30:6675 301:4970 358:422 28:409 37:24 
[ 3938.549040][  T240] (cpu:irq_count)- 0:106993 1:812 2:675 3:800 4:1131461 5:2225 6:2501 7:1219187 
[ 3938.549043][  T240] (ipi:irq_count)- 0:48272 1:86309 2:0 3:0 4:0 5:252651 6:0 
[ 3939.471768][T16045] nx679j: journal mirror: 262143 bytes (file open, kmsg=3 pmsg=4 rd=8)
[ 3941.524089][T16046] nx679j: journal mirror: 262143 bytes (file open, kmsg=3 pmsg=4 rd=8)
[ 3943.576448][T16047] nx679j: journal mirror: 262143 bytes (file open, kmsg=3 pmsg=4 rd=8)
[ 3945.628768][T16048] nx679j: journal mirror: 262143 bytes (file open, kmsg=3 pmsg=4 rd=8)
[ 3947.681150][T16049] nx679j: journal mirror: 262143 bytes (file open, kmsg=3 pmsg=4 rd=8)
[ 3948.025048][T15041] (virq:irq_count)- 11:2060505 6:253254 2:86504 1:48317 35:9350 30:6690 301:4971 358:422 28:409 37:24 
[ 3948.025054][T15041] (cpu:irq_count)- 0:107224 1:812 2:675 3:800 4:1134165 5:2225 6:2501 7:1222086 
[ 3948.025057][T15041] (ipi:irq_count)- 0:48317 1:86504 2:0 3:0 4:0 5:253254 6:0 
[ 3949.733493][T16050] nx679j: journal mirror: 262143 bytes (file open, kmsg=3 pmsg=4 rd=8)
[ 3951.785833][T16051] nx679j: journal mirror: 262143 bytes (file open, kmsg=3 pmsg=4 rd=8)
[ 3953.838159][T16052] nx679j: journal mirror: 262143 bytes (file open, kmsg=3 pmsg=4 rd=8)
[ 3955.890419][T16053] nx679j: journal mirror: 262143 bytes (file open, kmsg=3 pmsg=4 rd=8)
[ 3957.493035][T15041] (virq:irq_count)- 11:2065449 6:253854 2:86697 1:48354 35:9366 30:6702 301:4973 358:422 28:409 37:24 
[ 3957.493040][T15041] (cpu:irq_count)- 0:107446 1:812 2:675 3:800 4:1136860 5:2225 6:2501 7:1224973 
[ 3957.493043][T15041] (ipi:irq_count)- 0:48354 1:86697 2:0 3:0 4:0 5:253854 6:0 
[ 3957.942741][T16054] nx679j: journal mirror: 262143 bytes (file open, kmsg=3 pmsg=4 rd=8)
[ 3959.995096][T16055] nx679j: journal mirror: 262143 bytes (file open, kmsg=3 pmsg=4 rd=8)
[ 3962.047431][T16056] nx679j: journal mirror: 262143 bytes (file open, kmsg=3 pmsg=4 rd=8)
[ 3964.099769][T16057] nx679j: journal mirror: 262143 bytes (file open, kmsg=3 pmsg=4 rd=8)
[ 3966.152113][T16058] nx679j: journal mirror: 262143 bytes (file open, kmsg=3 pmsg=4 rd=8)
[ 3966.969045][    T7] (virq:irq_count)- 11:2070402 6:254456 2:86892 1:48403 35:9386 30:6717 301:4976 358:422 28:409 37:24 
[ 3966.969051][    T7] (cpu:irq_count)- 0:107681 1:812 2:675 3:800 4:1139574 5:2225 6:2501 7:1227861 
[ 3966.969056][    T7] (ipi:irq_count)- 0:48403 1:86892 2:0 3:0 4:0 5:254456 6:0 
[ 3968.204442][T16059] nx679j: journal mirror: 262143 bytes (file open, kmsg=3 pmsg=4 rd=8)
[ 3970.256776][T16060] nx679j: journal mirror: 262143 bytes (file open, kmsg=3 pmsg=4 rd=8)
[ 3972.309146][T16061] nx679j: journal mirror: 262143 bytes (file open, kmsg=3 pmsg=4 rd=8)
[ 3974.361470][T16062] nx679j: journal mirror: 262143 bytes (file open, kmsg=3 pmsg=4 rd=8)
[ 3976.413812][T16063] nx679j: journal mirror: 262143 bytes (file open, kmsg=3 pmsg=4 rd=8)
[ 3976.437034][    T7] (virq:irq_count)- 11:2075353 6:255057 2:87088 1:48452 35:9406 30:6732 301:4979 358:422 28:409 37:24 
[ 3976.437038][    T7] (cpu:irq_count)- 0:107916 1:812 2:675 3:800 4:1142289 5:2225 6:2501 7:1230746 
[ 3976.437041][    T7] (ipi:irq_count)- 0:48452 1:87088 2:0 3:0 4:0 5:255057 6:0 
[ 3978.466138][T16064] nx679j: journal mirror: 262143 bytes (file open, kmsg=3 pmsg=4 rd=8)
[ 3980.518417][T16065] nx679j: journal mirror: 262143 bytes (file open, kmsg=3 pmsg=4 rd=8)
[ 3982.570830][T16066] nx679j: journal mirror: 262143 bytes (file open, kmsg=3 pmsg=4 rd=8)
[ 3984.623109][T16067] nx679j: journal mirror: 262143 bytes (file open, kmsg=3 pmsg=4 rd=8)
[ 3985.913042][    T7] (virq:irq_count)- 11:2080300 6:255660 2:87281 1:48488 35:9422 30:6744 301:4983 358:422 28:409 37:24 
[ 3985.913047][    T7] (cpu:irq_count)- 0:108142 1:812 2:675 3:800 4:1145004 5:2225 6:2501 7:1233616 
[ 3985.913050][    T7] (ipi:irq_count)- 0:48488 1:87281 2:0 3:0 4:0 5:255660 6:0 
[ 3986.675440][T16068] nx679j: journal mirror: 262143 bytes (file open, kmsg=3 pmsg=4 rd=8)
[ 3988.727755][T16069] nx679j: journal mirror: 262143 bytes (file open, kmsg=3 pmsg=4 rd=8)
[ 3990.780104][T16070] nx679j: journal mirror: 262143 bytes (file open, kmsg=3 pmsg=4 rd=8)
[ 3992.832439][T16071] nx679j: journal mirror: 262143 bytes (file open, kmsg=3 pmsg=4 rd=8)
[ 3994.884794][T16072] nx679j: journal mirror: 262143 bytes (file open, kmsg=3 pmsg=4 rd=8)
[ 3995.381032][T15041] (virq:irq_count)- 11:2085251 6:256261 2:87475 1:48531 35:9444 30:6759 301:4986 358:422 28:409 37:24 
[ 3995.381037][T15041] (cpu:irq_count)- 0:108375 1:812 2:675 3:800 4:1147723 5:2225 6:2501 7:1236493 
[ 3995.381040][T15041] (ipi:irq_count)- 0:48531 1:87475 2:0 3:0 4:0 5:256261 6:0 
[ 3996.937161][T16073] nx679j: journal mirror: 262143 bytes (file open, kmsg=3 pmsg=4 rd=8)
[ 3998.989501][T16074] nx679j: journal mirror: 262143 bytes (file open, kmsg=3 pmsg=4 rd=8)
[ 4001.041850][T16075] nx679j: journal mirror: 262143 bytes (file open, kmsg=3 pmsg=4 rd=8)
[ 4003.094177][T16076] nx679j: journal mirror: 262143 bytes (file open, kmsg=3 pmsg=4 rd=8)
[ 4004.853037][T15041] (virq:irq_count)- 11:2090200 6:256862 2:87669 1:48564 35:9460 30:6771 301:4986 358:422 28:409 37:24 
[ 4004.853044][T15041] (cpu:irq_count)- 0:108595 1:812 2:675 3:800 4:1150449 5:2225 6:2501 7:1239352 
[ 4004.853048][T15041] (ipi:irq_count)- 0:48564 1:87669 2:0 3:0 4:0 5:256862 6:0 
[ 4005.146463][T16077] nx679j: journal mirror: 262143 bytes (file open, kmsg=3 pmsg=4 rd=8)
[ 4007.198801][T16078] nx679j: journal mirror: 262143 bytes (file open, kmsg=3 pmsg=4 rd=8)
[ 4009.251152][T16079] nx679j: journal mirror: 262143 bytes (file open, kmsg=3 pmsg=4 rd=8)
[ 4011.303481][T16080] nx679j: journal mirror: 262143 bytes (file open, kmsg=3 pmsg=4 rd=8)
[ 4013.355801][T16081] nx679j: journal mirror: 262143 bytes (file open, kmsg=3 pmsg=4 rd=8)
[ 4014.325033][    T7] (virq:irq_count)- 11:2095155 6:257465 2:87862 1:48612 35:9480 30:6786 301:4993 358:422 28:409 37:24 
[ 4014.325038][    T7] (cpu:irq_count)- 0:108832 1:812 2:675 3:800 4:1153157 5:2225 6:2501 7:1242248 
[ 4014.325041][    T7] (ipi:irq_count)- 0:48612 1:87862 2:0 3:0 4:0 5:257465 6:0 
[ 4015.408147][T16082] nx679j: journal mirror: 262143 bytes (file open, kmsg=3 pmsg=4 rd=8)
[ 4017.460473][T16083] nx679j: journal mirror: 262143 bytes (file open, kmsg=3 pmsg=4 rd=8)
[ 4019.512831][T16084] nx679j: journal mirror: 262143 bytes (file open, kmsg=3 pmsg=4 rd=8)
[ 4021.565204][T16085] nx679j: journal mirror: 262143 bytes (file open, kmsg=3 pmsg=4 rd=8)
[ 4023.617495][T16086] nx679j: journal mirror: 262143 bytes (file open, kmsg=3 pmsg=4 rd=8)
[ 4023.797037][T15041] (virq:irq_count)- 11:2100104 6:258067 2:88057 1:48659 35:9500 30:6801 301:4997 358:422 28:409 37:24 
[ 4023.797042][T15041] (cpu:irq_count)- 0:109067 1:812 2:675 3:800 4:1155877 5:2225 6:2501 7:1245125 
[ 4023.797045][T15041] (ipi:irq_count)- 0:48659 1:88057 2:0 3:0 4:0 5:258067 6:0 
[ 4025.669840][T16087] nx679j: journal mirror: 262143 bytes (file open, kmsg=3 pmsg=4 rd=8)
[ 4027.722194][T16088] nx679j: journal mirror: 262143 bytes (file open, kmsg=3 pmsg=4 rd=8)
[ 4029.774525][T16089] nx679j: journal mirror: 262143 bytes (file open, kmsg=3 pmsg=4 rd=8)
[ 4031.826872][T16090] nx679j: journal mirror: 262143 bytes (file open, kmsg=3 pmsg=4 rd=8)
[ 4033.269036][    T7] (virq:irq_count)- 11:2105050 6:258668 2:88251 1:48690 35:9516 30:6813 301:4997 358:422 28:409 37:24 
[ 4033.269043][    T7] (cpu:irq_count)- 0:109288 1:812 2:675 3:800 4:1158596 5:2225 6:2501 7:1247985 
[ 4033.269048][    T7] (ipi:irq_count)- 0:48690 1:88251 2:0 3:0 4:0 5:258668 6:0 
[ 4033.879203][T16091] nx679j: journal mirror: 262143 bytes (file open, kmsg=3 pmsg=4 rd=8)
[ 4035.931542][T16092] nx679j: journal mirror: 262143 bytes (file open, kmsg=3 pmsg=4 rd=8)
[ 4037.983879][T16093] nx679j: journal mirror: 262143 bytes (file open, kmsg=3 pmsg=4 rd=8)
[ 4040.036250][T16094] nx679j: journal mirror: 262143 bytes (file open, kmsg=3 pmsg=4 rd=8)
[ 4042.088565][T16095] nx679j: journal mirror: 262143 bytes (file open, kmsg=3 pmsg=4 rd=8)
[ 4042.745045][    T7] (virq:irq_count)- 11:2110006 6:259271 2:88445 1:48731 35:9536 30:6828 301:4997 358:422 28:409 37:24 
[ 4042.745050][    T7] (cpu:irq_count)- 0:109516 1:812 2:675 3:800 4:1161310 5:2225 6:2501 7:1250872 
[ 4042.745053][    T7] (ipi:irq_count)- 0:48731 1:88445 2:0 3:0 4:0 5:259271 6:0 
[ 4044.140902][T16096] nx679j: journal mirror: 262143 bytes (file open, kmsg=3 pmsg=4 rd=8)
[ 4046.193276][T16097] nx679j: journal mirror: 262143 bytes (file open, kmsg=3 pmsg=4 rd=8)
[ 4048.245634][T16098] nx679j: journal mirror: 262143 bytes (file open, kmsg=3 pmsg=4 rd=8)
[ 4050.298132][T16099] nx679j: journal mirror: 262143 bytes (file open, kmsg=3 pmsg=4 rd=8)
[ 4052.213043][    T7] (virq:irq_count)- 11:2114954 6:259871 2:88640 1:48780 35:9554 30:6840 301:5003 358:422 28:409 37:24 
[ 4052.213048][    T7] (cpu:irq_count)- 0:109749 1:812 2:675 3:800 4:1164005 5:2225 6:2501 7:1253772 
[ 4052.213051][    T7] (ipi:irq_count)- 0:48780 1:88640 2:0 3:0 4:0 5:259871 6:0 
[ 4052.350252][T16100] nx679j: journal mirror: 262143 bytes (file open, kmsg=3 pmsg=4 rd=8)
[ 4054.402559][T16101] nx679j: journal mirror: 262143 bytes (file open, kmsg=3 pmsg=4 rd=8)
[ 4056.454850][T16102] nx679j: journal mirror: 262143 bytes (file open, kmsg=3 pmsg=4 rd=8)
[ 4058.507197][T16103] nx679j: journal mirror: 262143 bytes (file open, kmsg=3 pmsg=4 rd=8)
[ 4060.559536][T16104] nx679j: journal mirror: 262143 bytes (file open, kmsg=3 pmsg=4 rd=8)
[ 4061.685041][T15041] (virq:irq_count)- 11:2119903 6:260473 2:88834 1:48822 35:9576 30:6855 301:5003 358:422 28:409 37:24 
[ 4061.685046][T15041] (cpu:irq_count)- 0:109979 1:812 2:675 3:800 4:1166712 5:2225 6:2501 7:1256659 
[ 4061.685049][T15041] (ipi:irq_count)- 0:48822 1:88834 2:0 3:0 4:0 5:260473 6:0 
[ 4062.612025][T16105] nx679j: journal mirror: 262143 bytes (file open, kmsg=3 pmsg=4 rd=8)
[ 4064.664277][T16106] nx679j: journal mirror: 262143 bytes (file open, kmsg=3 pmsg=4 rd=8)
[ 4066.716604][T16107] nx679j: journal mirror: 262143 bytes (file open, kmsg=3 pmsg=4 rd=8)
[ 4068.768920][T16108] nx679j: journal mirror: 262143 bytes (file open, kmsg=3 pmsg=4 rd=8)
[ 4070.821287][T16109] nx679j: journal mirror: 262143 bytes (file open, kmsg=3 pmsg=4 rd=8)
[ 4071.157039][T15041] (virq:irq_count)- 11:2124857 6:261076 2:89028 1:48869 35:9596 30:6870 301:5006 358:422 28:409 37:24 
[ 4071.157045][T15041] (cpu:irq_count)- 0:110212 1:812 2:675 3:800 4:1169416 5:2225 6:2501 7:1259558 
[ 4071.157048][T15041] (ipi:irq_count)- 0:48869 1:89028 2:0 3:0 4:0 5:261076 6:0 
[ 4072.873632][T16110] nx679j: journal mirror: 262143 bytes (file open, kmsg=3 pmsg=4 rd=8)
[ 4074.925938][T16111] nx679j: journal mirror: 262143 bytes (file open, kmsg=3 pmsg=4 rd=8)
[ 4076.978231][T16112] nx679j: journal mirror: 262143 bytes (file open, kmsg=3 pmsg=4 rd=8)
[ 4079.030572][T16113] nx679j: journal mirror: 262143 bytes (file open, kmsg=3 pmsg=4 rd=8)
[ 4080.629037][T15041] (virq:irq_count)- 11:2129805 6:261678 2:89220 1:48905 35:9612 30:6882 301:5006 358:422 28:409 37:24 
[ 4080.629044][T15041] (cpu:irq_count)- 0:110431 1:812 2:675 3:800 4:1172140 5:2225 6:2501 7:1262421 
[ 4080.629048][T15041] (ipi:irq_count)- 0:48905 1:89220 2:0 3:0 4:0 5:261678 6:0 
[ 4081.082909][T16114] nx679j: journal mirror: 262143 bytes (file open, kmsg=3 pmsg=4 rd=8)
[ 4083.135249][T16115] nx679j: journal mirror: 262143 bytes (file open, kmsg=3 pmsg=4 rd=8)
[ 4085.187539][T16116] nx679j: journal mirror: 262143 bytes (file open, kmsg=3 pmsg=4 rd=8)
[ 4087.239898][T16117] nx679j: journal mirror: 262143 bytes (file open, kmsg=3 pmsg=4 rd=8)
[ 4089.292227][T16118] nx679j: journal mirror: 262143 bytes (file open, kmsg=3 pmsg=4 rd=8)
[ 4090.101036][    T7] (virq:irq_count)- 11:2134757 6:262279 2:89414 1:48947 35:9632 30:6897 301:5006 358:422 28:409 37:24 
[ 4090.101043][    T7] (cpu:irq_count)- 0:110659 1:812 2:675 3:800 4:1174842 5:2225 6:2501 7:1265315 
[ 4090.101048][    T7] (ipi:irq_count)- 0:48947 1:89414 2:0 3:0 4:0 5:262279 6:0 
[ 4091.344561][T16119] nx679j: journal mirror: 262143 bytes (file open, kmsg=3 pmsg=4 rd=8)
[ 4093.396875][T16120] nx679j: journal mirror: 262143 bytes (file open, kmsg=3 pmsg=4 rd=8)
[ 4095.449251][T16121] nx679j: journal mirror: 262143 bytes (file open, kmsg=3 pmsg=4 rd=8)
[ 4097.501570][T16122] nx679j: journal mirror: 262143 bytes (file open, kmsg=3 pmsg=4 rd=8)
[ 4099.553880][T16123] nx679j: journal mirror: 262143 bytes (file open, kmsg=3 pmsg=4 rd=8)
[ 4099.577046][T15041] (virq:irq_count)- 11:2139713 6:262882 2:89611 1:48994 35:9652 30:6912 301:5011 358:422 28:409 37:24 
[ 4099.577052][T15041] (cpu:irq_count)- 0:110897 1:812 2:675 3:800 4:1177558 5:2225 6:2501 7:1268204 
[ 4099.577055][T15041] (ipi:irq_count)- 0:48994 1:89611 2:0 3:0 4:0 5:262882 6:0 
[ 4101.606198][T16124] nx679j: journal mirror: 262143 bytes (file open, kmsg=3 pmsg=4 rd=8)
[ 4103.658522][T16125] nx679j: journal mirror: 262143 bytes (file open, kmsg=3 pmsg=4 rd=8)
[ 4105.710868][T16126] nx679j: journal mirror: 262143 bytes (file open, kmsg=3 pmsg=4 rd=8)
[ 4107.763190][T16127] nx679j: journal mirror: 262143 bytes (file open, kmsg=3 pmsg=4 rd=8)
[ 4109.045037][    T7] (virq:irq_count)- 11:2144654 6:263484 2:89803 1:49034 35:9668 30:6924 301:5020 358:422 28:409 37:24 
[ 4109.045043][    T7] (cpu:irq_count)- 0:111129 1:812 2:675 3:800 4:1180277 5:2225 6:2501 7:1271065 
[ 4109.045047][    T7] (ipi:irq_count)- 0:49034 1:89803 2:0 3:0 4:0 5:263484 6:0 
[ 4109.815535][T16128] nx679j: journal mirror: 262143 bytes (file open, kmsg=3 pmsg=4 rd=8)
[ 4111.867869][T16129] nx679j: journal mirror: 262143 bytes (file open, kmsg=3 pmsg=4 rd=8)
[ 4113.920436][T16130] nx679j: journal mirror: 262143 bytes (file open, kmsg=3 pmsg=4 rd=8)
[ 4115.972686][T16139] nx679j: journal mirror: 262143 bytes (file open, kmsg=3 pmsg=4 rd=8)
[ 4118.024935][T16140] nx679j: journal mirror: 262143 bytes (file open, kmsg=3 pmsg=4 rd=8)
[ 4118.521059][  T240] (virq:irq_count)- 11:2149634 6:264104 2:90001 1:49119 35:9695 30:6939 301:5054 358:422 28:409 37:24 
[ 4118.521065][  T240] (cpu:irq_count)- 0:111418 1:812 2:675 3:800 4:1182993 5:2228 6:2507 7:1274010 
[ 4118.521068][  T240] (ipi:irq_count)- 0:49119 1:90001 2:0 3:0 4:0 5:264104 6:0 
[ 4120.077299][T16141] nx679j: journal mirror: 262143 bytes (file open, kmsg=3 pmsg=4 rd=8)
[ 4122.129656][T16142] nx679j: journal mirror: 262143 bytes (file open, kmsg=3 pmsg=4 rd=8)
[ 4124.181983][T16143] nx679j: journal mirror: 262143 bytes (file open, kmsg=3 pmsg=4 rd=8)
[ 4126.234262][T16144] nx679j: journal mirror: 262143 bytes (file open, kmsg=3 pmsg=4 rd=8)
[ 4127.989040][  T240] (virq:irq_count)- 11:2154580 6:264704 2:90193 1:49152 35:9711 30:6951 301:5055 358:422 28:409 37:24 
[ 4127.989046][  T240] (cpu:irq_count)- 0:111639 1:812 2:675 3:800 4:1185693 5:2228 6:2507 7:1276889 
[ 4127.989049][  T240] (ipi:irq_count)- 0:49152 1:90193 2:0 3:0 4:0 5:264704 6:0 
[ 4128.286597][T16145] nx679j: journal mirror: 262143 bytes (file open, kmsg=3 pmsg=4 rd=8)
[ 4130.338934][T16146] nx679j: journal mirror: 262143 bytes (file open, kmsg=3 pmsg=4 rd=8)
[ 4132.391331][T16147] nx679j: journal mirror: 262143 bytes (file open, kmsg=3 pmsg=4 rd=8)
[ 4134.443610][T16148] nx679j: journal mirror: 262143 bytes (file open, kmsg=3 pmsg=4 rd=8)
[ 4136.495941][T16149] nx679j: journal mirror: 262143 bytes (file open, kmsg=3 pmsg=4 rd=8)
[ 4137.465045][  T240] (virq:irq_count)- 11:2159533 6:265307 2:90388 1:49198 35:9731 30:6966 301:5058 358:422 28:409 37:24 
[ 4137.465050][  T240] (cpu:irq_count)- 0:111874 1:812 2:675 3:800 4:1188404 5:2228 6:2507 7:1279778 
[ 4137.465053][  T240] (ipi:irq_count)- 0:49198 1:90388 2:0 3:0 4:0 5:265307 6:0 
[ 4138.548231][T16150] nx679j: journal mirror: 262143 bytes (file open, kmsg=3 pmsg=4 rd=8)
[ 4140.600596][T16151] nx679j: journal mirror: 262143 bytes (file open, kmsg=3 pmsg=4 rd=8)
[ 4142.652907][T16152] nx679j: journal mirror: 262143 bytes (file open, kmsg=3 pmsg=4 rd=8)
[ 4144.705282][T16153] nx679j: journal mirror: 262143 bytes (file open, kmsg=3 pmsg=4 rd=8)
[ 4146.757614][T16154] nx679j: journal mirror: 262143 bytes (file open, kmsg=3 pmsg=4 rd=8)
[ 4146.933034][    T7] (virq:irq_count)- 11:2164481 6:265908 2:90584 1:49238 35:9751 30:6981 301:5058 358:422 28:409 37:24 
[ 4146.933039][    T7] (cpu:irq_count)- 0:112106 1:812 2:675 3:800 4:1191105 5:2228 6:2507 7:1282665 
[ 4146.933042][    T7] (ipi:irq_count)- 0:49238 1:90584 2:0 3:0 4:0 5:265908 6:0 
[ 4148.809964][T16155] nx679j: journal mirror: 262143 bytes (file open, kmsg=3 pmsg=4 rd=8)
[ 4150.862389][T16156] nx679j: journal mirror: 262143 bytes (file open, kmsg=3 pmsg=4 rd=8)
[ 4152.914669][T16159] nx679j: journal mirror: 262143 bytes (file open, kmsg=3 pmsg=4 rd=8)
[ 4154.967028][T16160] nx679j: journal mirror: 262143 bytes (file open, kmsg=3 pmsg=4 rd=8)
[ 4156.405052][  T240] (virq:irq_count)- 11:2169446 6:266518 2:90779 1:49297 35:9769 30:6993 301:5085 358:422 28:409 37:24 
[ 4156.405058][  T240] (cpu:irq_count)- 0:112367 1:812 2:675 3:800 4:1193817 5:2229 6:2510 7:1285574 
[ 4156.405061][  T240] (ipi:irq_count)- 0:49297 1:90779 2:0 3:0 4:0 5:266518 6:0 
[ 4157.019299][T16161] nx679j: journal mirror: 262143 bytes (file open, kmsg=3 pmsg=4 rd=8)
[ 4159.071627][T16162] nx679j: journal mirror: 262143 bytes (file open, kmsg=3 pmsg=4 rd=8)
[ 4161.123966][T16163] nx679j: journal mirror: 262143 bytes (file open, kmsg=3 pmsg=4 rd=8)
[ 4163.176305][T16164] nx679j: journal mirror: 262143 bytes (file open, kmsg=3 pmsg=4 rd=8)
[ 4165.228628][T16165] nx679j: journal mirror: 262143 bytes (file open, kmsg=3 pmsg=4 rd=8)
[ 4165.877041][  T240] (virq:irq_count)- 11:2174400 6:267120 2:90973 1:49348 35:9789 30:7008 301:5088 358:422 28:409 37:24 
[ 4165.877047][  T240] (cpu:irq_count)- 0:112601 1:812 2:675 3:800 4:1196518 5:2229 6:2510 7:1288478 
[ 4165.877050][  T240] (ipi:irq_count)- 0:49348 1:90973 2:0 3:0 4:0 5:267120 6:0 
[ 4167.280977][T16166] nx679j: journal mirror: 262143 bytes (file open, kmsg=3 pmsg=4 rd=8)
[ 4169.333338][T16167] nx679j: journal mirror: 262143 bytes (file open, kmsg=3 pmsg=4 rd=8)
[ 4171.386027][T16168] nx679j: journal mirror: 262143 bytes (file open, kmsg=3 pmsg=4 rd=8)
[ 4173.438205][T16174] nx679j: journal mirror: 262143 bytes (file open, kmsg=3 pmsg=4 rd=8)
[ 4175.349055][  T240] (virq:irq_count)- 11:2179517 6:267758 2:91176 1:49574 35:9815 30:7020 301:5377 358:422 28:409 37:25 
[ 4175.349060][  T240] (cpu:irq_count)- 0:113189 1:819 2:675 3:800 4:1199248 5:2249 6:2518 7:1291637 
[ 4175.349064][  T240] (ipi:irq_count)- 0:49574 1:91176 2:0 3:0 4:0 5:267758 6:0 
[ 4175.490404][T16175] nx679j: journal mirror: 262143 bytes (file open, kmsg=3 pmsg=4 rd=8)
[ 4177.542696][T16176] nx679j: journal mirror: 262143 bytes (file open, kmsg=3 pmsg=4 rd=8)
[ 4179.595042][T16177] nx679j: journal mirror: 262143 bytes (file open, kmsg=3 pmsg=4 rd=8)
[ 4181.647379][T16178] nx679j: journal mirror: 262143 bytes (file open, kmsg=3 pmsg=4 rd=8)
[ 4183.699707][T16179] nx679j: journal mirror: 262143 bytes (file open, kmsg=3 pmsg=4 rd=8)
[ 4184.821041][    T7] (virq:irq_count)- 11:2184473 6:268360 2:91370 1:49616 35:9835 30:7035 301:5380 358:422 28:409 37:25 
[ 4184.821045][    T7] (cpu:irq_count)- 0:113421 1:819 2:675 3:800 4:1201946 5:2249 6:2518 7:1294539 
[ 4184.821049][    T7] (ipi:irq_count)- 0:49616 1:91370 2:0 3:0 4:0 5:268360 6:0 
[ 4185.752048][T16180] nx679j: journal mirror: 262143 bytes (file open, kmsg=3 pmsg=4 rd=8)
[ 4187.804361][T16181] nx679j: journal mirror: 262143 bytes (file open, kmsg=3 pmsg=4 rd=8)
[ 4189.856688][T16182] nx679j: journal mirror: 262143 bytes (file open, kmsg=3 pmsg=4 rd=8)
[ 4191.909051][T16183] nx679j: journal mirror: 262143 bytes (file open, kmsg=3 pmsg=4 rd=8)
[ 4193.961410][T16184] nx679j: journal mirror: 262143 bytes (file open, kmsg=3 pmsg=4 rd=8)
[ 4194.293035][    T7] (virq:irq_count)- 11:2189421 6:268963 2:91566 1:49665 35:9855 30:7050 301:5383 358:422 28:409 37:25 
[ 4194.293040][    T7] (cpu:irq_count)- 0:113656 1:819 2:675 3:800 4:1204653 5:2249 6:2518 7:1297431 
[ 4194.293043][    T7] (ipi:irq_count)- 0:49665 1:91566 2:0 3:0 4:0 5:268963 6:0 
[ 4196.013739][T16185] nx679j: journal mirror: 262143 bytes (file open, kmsg=3 pmsg=4 rd=8)
[ 4198.066084][T16186] nx679j: journal mirror: 262143 bytes (file open, kmsg=3 pmsg=4 rd=8)
[ 4200.118385][T16187] nx679j: journal mirror: 262143 bytes (file open, kmsg=3 pmsg=4 rd=8)
[ 4202.170725][T16188] nx679j: journal mirror: 262143 bytes (file open, kmsg=3 pmsg=4 rd=8)
[ 4203.765037][    T7] (virq:irq_count)- 11:2194371 6:269564 2:91762 1:49697 35:9871 30:7062 301:5383 358:422 28:409 37:25 
[ 4203.765042][    T7] (cpu:irq_count)- 0:113880 1:819 2:675 3:800 4:1207345 5:2249 6:2518 7:1300322 
[ 4203.765045][    T7] (ipi:irq_count)- 0:49697 1:91762 2:0 3:0 4:0 5:269564 6:0 
[ 4204.223052][T16189] nx679j: journal mirror: 262143 bytes (file open, kmsg=3 pmsg=4 rd=8)
[ 4206.275762][T16190] nx679j: journal mirror: 262143 bytes (file open, kmsg=3 pmsg=4 rd=8)
[ 4208.328181][T16195] nx679j: journal mirror: 262143 bytes (file open, kmsg=3 pmsg=4 rd=8)
[ 4210.380388][T16196] nx679j: journal mirror: 262143 bytes (file open, kmsg=3 pmsg=4 rd=8)
[ 4212.432701][T16197] nx679j: journal mirror: 262143 bytes (file open, kmsg=3 pmsg=4 rd=8)
[ 4213.241069][    T7] (virq:irq_count)- 11:2199396 6:270188 2:91958 1:49889 35:9897 30:7077 301:5502 358:422 28:409 37:25 
[ 4213.241077][    T7] (cpu:irq_count)- 0:114267 1:821 2:675 3:800 4:1210069 5:2255 6:2529 7:1303389 
[ 4213.241082][    T7] (ipi:irq_count)- 0:49889 1:91958 2:0 3:0 4:0 5:270188 6:0 
[ 4214.485095][T16198] nx679j: journal mirror: 262143 bytes (file open, kmsg=3 pmsg=4 rd=8)
[ 4216.537406][T16199] nx679j: journal mirror: 262143 bytes (file open, kmsg=3 pmsg=4 rd=8)
[ 4218.590002][T16200] nx679j: journal mirror: 262143 bytes (file open, kmsg=3 pmsg=4 rd=8)
[ 4220.642417][T16204] nx679j: journal mirror: 262143 bytes (file open, kmsg=3 pmsg=4 rd=8)
[ 4222.694646][T16205] nx679j: journal mirror: 262143 bytes (file open, kmsg=3 pmsg=4 rd=8)
[ 4222.709088][  T240] (virq:irq_count)- 11:2204367 6:270811 2:92157 1:49977 35:9922 30:7091 301:5534 358:422 28:409 37:25 
[ 4222.709094][  T240] (cpu:irq_count)- 0:114547 1:821 2:675 3:800 4:1212785 5:2271 6:2545 7:1306313 
[ 4222.709097][  T240] (ipi:irq_count)- 0:49977 1:92157 2:0 3:0 4:0 5:270811 6:0 
[ 4224.747021][T16206] nx679j: journal mirror: 262143 bytes (file open, kmsg=3 pmsg=4 rd=8)
[ 4226.799354][T16207] nx679j: journal mirror: 262143 bytes (file open, kmsg=3 pmsg=4 rd=8)
[ 4228.851635][T16208] nx679j: journal mirror: 262143 bytes (file open, kmsg=3 pmsg=4 rd=8)
[ 4230.904397][T16209] nx679j: journal mirror: 262143 bytes (file open, kmsg=3 pmsg=4 rd=8)
[ 4232.181055][  T240] (virq:irq_count)- 11:2209337 6:271415 2:92353 1:50051 35:9949 30:7104 301:5574 358:422 28:409 37:25 
[ 4232.181061][  T240] (cpu:irq_count)- 0:114835 1:822 2:675 3:800 4:1215504 5:2271 6:2546 7:1309228 
[ 4232.181064][  T240] (ipi:irq_count)- 0:50051 1:92353 2:0 3:0 4:0 5:271415 6:0 
[ 4232.956460][T16217] nx679j: journal mirror: 262143 bytes (file open, kmsg=3 pmsg=4 rd=8)
[ 4235.008745][T16218] nx679j: journal mirror: 262143 bytes (file open, kmsg=3 pmsg=4 rd=8)
[ 4237.061080][T16219] nx679j: journal mirror: 262143 bytes (file open, kmsg=3 pmsg=4 rd=8)
[ 4239.113425][T16220] nx679j: journal mirror: 262143 bytes (file open, kmsg=3 pmsg=4 rd=8)
[ 4241.165743][T16221] nx679j: journal mirror: 262143 bytes (file open, kmsg=3 pmsg=4 rd=8)
[ 4241.653048][  T240] (virq:irq_count)- 11:2214286 6:272017 2:92551 1:50096 35:9971 30:7119 301:5574 358:422 28:409 37:25 
[ 4241.653055][  T240] (cpu:irq_count)- 0:115070 1:822 2:675 3:800 4:1218218 5:2271 6:2546 7:1312110 
[ 4241.653058][  T240] (ipi:irq_count)- 0:50096 1:92551 2:0 3:0 4:0 5:272017 6:0 
[ 4243.218078][T16222] nx679j: journal mirror: 262143 bytes (file open, kmsg=3 pmsg=4 rd=8)
[ 4245.270379][T16223] nx679j: journal mirror: 262143 bytes (file open, kmsg=3 pmsg=4 rd=8)
[ 4247.322725][T16224] nx679j: journal mirror: 262143 bytes (file open, kmsg=3 pmsg=4 rd=8)
[ 4249.375038][T16225] nx679j: journal mirror: 262143 bytes (file open, kmsg=3 pmsg=4 rd=8)
[ 4251.125038][T15041] (virq:irq_count)- 11:2219237 6:272618 2:92743 1:50140 35:9987 30:7131 301:5580 358:422 28:409 37:25 
[ 4251.125045][T15041] (cpu:irq_count)- 0:115302 1:822 2:675 3:800 4:1220931 5:2271 6:2546 7:1314987 
[ 4251.125050][T15041] (ipi:irq_count)- 0:50140 1:92743 2:0 3:0 4:0 5:272618 6:0 
[ 4251.427403][T16226] nx679j: journal mirror: 262143 bytes (file open, kmsg=3 pmsg=4 rd=8)
[ 4253.479748][T16227] nx679j: journal mirror: 262143 bytes (file open, kmsg=3 pmsg=4 rd=8)
[ 4255.532073][T16228] nx679j: journal mirror: 262143 bytes (file open, kmsg=3 pmsg=4 rd=8)
[ 4257.584413][T16229] nx679j: journal mirror: 262143 bytes (file open, kmsg=3 pmsg=4 rd=8)
[ 4259.636891][T16230] nx679j: journal mirror: 262143 bytes (file open, kmsg=3 pmsg=4 rd=8)
[ 4260.597048][T15041] (virq:irq_count)- 11:2224207 6:273229 2:92941 1:50212 35:10013 30:7146 301:5605 358:422 28:409 37:25 
[ 4260.597054][T15041] (cpu:irq_count)- 0:115573 1:822 2:675 3:800 4:1223647 5:2273 6:2551 7:1317910 
[ 4260.597057][T15041] (ipi:irq_count)- 0:50212 1:92941 2:0 3:0 4:0 5:273229 6:0 
[ 4261.689181][T16236] nx679j: journal mirror: 262143 bytes (file open, kmsg=3 pmsg=4 rd=8)
[ 4263.741478][T16237] nx679j: journal mirror: 262143 bytes (file open, kmsg=3 pmsg=4 rd=8)
[ 4265.793791][T16238] nx679j: journal mirror: 262143 bytes (file open, kmsg=3 pmsg=4 rd=8)
[ 4267.846112][T16239] nx679j: journal mirror: 262143 bytes (file open, kmsg=3 pmsg=4 rd=8)
[ 4269.898753][T16240] nx679j: journal mirror: 262143 bytes (file open, kmsg=3 pmsg=4 rd=8)
[ 4270.069052][T15041] (virq:irq_count)- 11:2229176 6:273840 2:93144 1:50324 35:10040 30:7161 301:5630 358:422 28:409 37:26 
[ 4270.069058][T15041] (cpu:irq_count)- 0:115858 1:822 2:675 3:800 4:1226390 5:2273 6:2554 7:1320842 
[ 4270.069062][T15041] (ipi:irq_count)- 0:50324 1:93144 2:0 3:0 4:0 5:273840 6:0 
[ 4271.951842][T16276] nx679j: journal mirror: 262143 bytes (file open, kmsg=3 pmsg=4 rd=8)
[ 4274.004345][T16285] nx679j: journal mirror: 262143 bytes (file open, kmsg=3 pmsg=4 rd=8)
[ 4276.056461][T16333] nx679j: journal mirror: 262143 bytes (file open, kmsg=3 pmsg=4 rd=8)
[ 4278.108931][T16334] nx679j: journal mirror: 262143 bytes (file open, kmsg=3 pmsg=4 rd=8)
[ 4279.545077][T15041] (virq:irq_count)- 11:2234153 6:274515 2:93353 1:50601 35:10089 30:7185 301:5640 358:422 28:409 37:26 
[ 4279.545083][T15041] (cpu:irq_count)- 0:116149 1:822 2:675 3:800 4:1229181 5:2301 6:2569 7:1323938 
[ 4279.545087][T15041] (ipi:irq_count)- 0:50601 1:93353 2:0 3:0 4:0 5:274515 6:0 
[ 4280.161391][T16370] nx679j: journal mirror: 262143 bytes (file open, kmsg=3 pmsg=4 rd=8)
[ 4282.213529][T16406] nx679j: journal mirror: 262143 bytes (file open, kmsg=3 pmsg=4 rd=8)
[ 4284.266046][T16407] nx679j: journal mirror: 262143 bytes (file open, kmsg=3 pmsg=4 rd=8)
[ 4286.318381][T16443] nx679j: journal mirror: 262143 bytes (file open, kmsg=3 pmsg=4 rd=8)
[ 4288.370470][T16479] nx679j: journal mirror: 262143 bytes (file open, kmsg=3 pmsg=4 rd=8)
[ 4289.013062][    T7] (virq:irq_count)- 11:2239117 6:275162 2:93558 1:50781 35:10135 30:7212 301:5643 358:422 28:409 37:26 
[ 4289.013069][    T7] (cpu:irq_count)- 0:116430 1:822 2:675 3:800 4:1231962 5:2311 6:2584 7:1326923 
[ 4289.013072][    T7] (ipi:irq_count)- 0:50781 1:93558 2:0 3:0 4:0 5:275162 6:0 
[ 4290.423439][T16486] nx679j: journal mirror: 262143 bytes (file open, kmsg=3 pmsg=4 rd=8)
[ 4292.475484][T16516] nx679j: journal mirror: 262143 bytes (file open, kmsg=3 pmsg=4 rd=8)
[ 4294.527835][T16552] nx679j: journal mirror: 262143 bytes (file open, kmsg=3 pmsg=4 rd=8)
[ 4296.579924][T16623] nx679j: journal mirror: 262143 bytes (file open, kmsg=3 pmsg=4 rd=8)
[ 4298.489069][    T7] (virq:irq_count)- 11:2244130 6:275824 2:93763 1:51125 35:10184 30:7236 301:5698 358:422 28:409 37:26 
[ 4298.489078][    T7] (cpu:irq_count)- 0:116778 1:822 2:675 3:800 4:1234791 5:2321 6:2608 7:1330064 
[ 4298.489083][    T7] (ipi:irq_count)- 0:51125 1:93763 2:0 3:0 4:0 5:275824 6:0 
[ 4298.632363][T16624] nx679j: journal mirror: 262143 bytes (file open, kmsg=3 pmsg=4 rd=8)
[ 4300.684768][T16660] nx679j: journal mirror: 262143 bytes (file open, kmsg=3 pmsg=4 rd=8)
[ 4302.736940][T16696] nx679j: journal mirror: 262143 bytes (file open, kmsg=3 pmsg=4 rd=8)
[ 4304.789409][T16697] nx679j: journal mirror: 262143 bytes (file open, kmsg=3 pmsg=4 rd=8)
[ 4306.841781][T16733] nx679j: journal mirror: 262143 bytes (file open, kmsg=3 pmsg=4 rd=8)
[ 4307.957061][T15041] (virq:irq_count)- 11:2249092 6:276461 2:93969 1:51330 35:10236 30:7263 301:5701 358:422 28:409 37:26 
[ 4307.957068][T15041] (cpu:irq_count)- 0:117064 1:822 2:675 3:800 4:1237566 5:2331 6:2613 7:1333080 
[ 4307.957071][T15041] (ipi:irq_count)- 0:51330 1:93969 2:0 3:0 4:0 5:276461 6:0 
[ 4308.893964][T16769] nx679j: journal mirror: 262143 bytes (file open, kmsg=3 pmsg=4 rd=8)
[ 4310.946401][T16770] nx679j: journal mirror: 262143 bytes (file open, kmsg=3 pmsg=4 rd=8)
[ 4312.998802][T16806] nx679j: journal mirror: 262143 bytes (file open, kmsg=3 pmsg=4 rd=8)
[ 4315.050936][T16842] nx679j: journal mirror: 262143 bytes (file open, kmsg=3 pmsg=4 rd=8)
[ 4317.103532][T16843] nx679j: journal mirror: 262143 bytes (file open, kmsg=3 pmsg=4 rd=8)
[ 4317.429059][    T7] (virq:irq_count)- 11:2254091 6:277117 2:94181 1:51607 35:10288 30:7290 301:5740 358:422 28:409 37:26 
[ 4317.429065][    T7] (cpu:irq_count)- 0:117406 1:823 2:675 3:800 4:1240378 5:2345 6:2627 7:1336159 
[ 4317.429068][    T7] (ipi:irq_count)- 0:51607 1:94181 2:0 3:0 4:0 5:277117 6:0 
[ 4319.155881][T16899] nx679j: journal mirror: 262143 bytes (file open, kmsg=3 pmsg=4 rd=8)
[ 4321.208037][T16935] nx679j: journal mirror: 262143 bytes (file open, kmsg=3 pmsg=4 rd=8)
[ 4323.260435][T16936] nx679j: journal mirror: 262143 bytes (file open, kmsg=3 pmsg=4 rd=8)
[ 4325.312980][T16972] nx679j: journal mirror: 262143 bytes (file open, kmsg=3 pmsg=4 rd=8)
[ 4326.901058][  T240] (virq:irq_count)- 11:2259054 6:277764 2:94384 1:51838 35:10334 30:7314 301:5741 358:422 28:409 37:26 
[ 4326.901064][  T240] (cpu:irq_count)- 0:117677 1:823 2:675 3:800 4:1243163 5:2369 6:2643 7:1339178 
[ 4326.901067][  T240] (ipi:irq_count)- 0:51838 1:94384 2:0 3:0 4:0 5:277764 6:0 
[ 4327.365127][T17008] nx679j: journal mirror: 262143 bytes (file open, kmsg=3 pmsg=4 rd=8)
[ 4329.417564][T17009] nx679j: journal mirror: 262143 bytes (file open, kmsg=3 pmsg=4 rd=8)
[ 4331.469915][T17045] nx679j: journal mirror: 262143 bytes (file open, kmsg=3 pmsg=4 rd=8)
[ 4333.522067][T17081] nx679j: journal mirror: 262143 bytes (file open, kmsg=3 pmsg=4 rd=8)
[ 4335.574595][T17082] nx679j: journal mirror: 262143 bytes (file open, kmsg=3 pmsg=4 rd=8)
[ 4336.373061][    T7] (virq:irq_count)- 11:2264018 6:278397 2:94592 1:52045 35:10382 30:7341 301:5742 358:422 28:409 37:26 
[ 4336.373067][    T7] (cpu:irq_count)- 0:117959 1:823 2:675 3:800 4:1245912 5:2380 6:2655 7:1342212 
[ 4336.373070][    T7] (ipi:irq_count)- 0:52045 1:94592 2:0 3:0 4:0 5:278397 6:0 
[ 4337.626946][T17118] nx679j: journal mirror: 262143 bytes (file open, kmsg=3 pmsg=4 rd=8)
[ 4339.679034][T17154] nx679j: journal mirror: 262143 bytes (file open, kmsg=3 pmsg=4 rd=8)
[ 4341.731524][T17155] nx679j: journal mirror: 262143 bytes (file open, kmsg=3 pmsg=4 rd=8)
[ 4343.783945][T17191] nx679j: journal mirror: 262143 bytes (file open, kmsg=3 pmsg=4 rd=8)
[ 4345.836094][T17227] nx679j: journal mirror: 262143 bytes (file open, kmsg=3 pmsg=4 rd=8)
[ 4345.845095][    T7] (virq:irq_count)- 11:2268984 6:279055 2:94799 1:52267 35:10428 30:7367 301:5747 358:422 28:409 37:26 
[ 4345.845101][    T7] (cpu:irq_count)- 0:118238 1:823 2:675 3:800 4:1248706 5:2394 6:2675 7:1345235 
[ 4345.845104][    T7] (ipi:irq_count)- 0:52267 1:94799 2:0 3:0 4:0 5:279055 6:0 
[ 4347.888641][T17263] nx679j: journal mirror: 262143 bytes (file open, kmsg=3 pmsg=4 rd=8)
[ 4349.940915][T17264] nx679j: journal mirror: 262143 bytes (file open, kmsg=3 pmsg=4 rd=8)
[ 4351.993346][T17300] nx679j: journal mirror: 262143 bytes (file open, kmsg=3 pmsg=4 rd=8)
[ 4354.045483][T17336] nx679j: journal mirror: 262143 bytes (file open, kmsg=3 pmsg=4 rd=8)
[ 4355.317361][    T7] (virq:irq_count)- 11:2273969 6:279715 2:95007 1:52572 35:10489 30:7396 301:5777 358:422 28:409 37:26 
[ 4355.317368][    T7] (cpu:irq_count)- 0:118572 1:823 2:675 3:800 4:1251520 5:2407 6:2698 7:1348329 
[ 4355.317372][    T7] (ipi:irq_count)- 0:52572 1:95007 2:0 3:0 4:0 5:279715 6:0 
[ 4356.098077][T17337] nx679j: journal mirror: 262143 bytes (file open, kmsg=3 pmsg=4 rd=8)
[ 4358.150506][T17378] nx679j: journal mirror: 262143 bytes (file open, kmsg=3 pmsg=4 rd=8)
[ 4360.202506][T17414] nx679j: journal mirror: 262143 bytes (file open, kmsg=3 pmsg=4 rd=8)
[ 4362.255007][T17415] nx679j: journal mirror: 262143 bytes (file open, kmsg=3 pmsg=4 rd=8)
[ 4364.307387][T17451] nx679j: journal mirror: 262143 bytes (file open, kmsg=3 pmsg=4 rd=8)
[ 4364.789364][T15041] (virq:irq_count)- 11:2278940 6:280364 2:95214 1:52747 35:10539 30:7423 301:5781 358:422 28:409 37:26 
[ 4364.789372][T15041] (cpu:irq_count)- 0:118859 1:823 2:675 3:800 4:1254283 5:2419 6:2713 7:1351335 
[ 4364.789375][T15041] (ipi:irq_count)- 0:52747 1:95214 2:0 3:0 4:0 5:280364 6:0 
[ 4366.359708][T17487] nx679j: journal mirror: 262143 bytes (file open, kmsg=3 pmsg=4 rd=8)
[ 4368.412125][T17492] nx679j: journal mirror: 262143 bytes (file open, kmsg=3 pmsg=4 rd=8)
[ 4370.464197][T17507] nx679j: journal mirror: 262143 bytes (file open, kmsg=3 pmsg=4 rd=8)
[ 4372.516462][T17508] nx679j: journal mirror: 262143 bytes (file open, kmsg=3 pmsg=4 rd=8)
[ 4374.261345][  T240] (virq:irq_count)- 11:2283917 6:280985 2:95411 1:52871 35:10567 30:7435 301:5824 358:422 28:409 37:26 
[ 4374.261351][  T240] (cpu:irq_count)- 0:119151 1:824 2:675 3:800 4:1257006 5:2423 6:2721 7:1354309 
[ 4374.261354][  T240] (ipi:irq_count)- 0:52871 1:95411 2:0 3:0 4:0 5:280985 6:0 
[ 4374.568780][T17509] nx679j: journal mirror: 262143 bytes (file open, kmsg=3 pmsg=4 rd=8)
[ 4376.621154][T17510] nx679j: journal mirror: 262143 bytes (file open, kmsg=3 pmsg=4 rd=8)
[ 4378.673485][T17511] nx679j: journal mirror: 262143 bytes (file open, kmsg=3 pmsg=4 rd=8)
[ 4380.725800][T17512] nx679j: journal mirror: 262143 bytes (file open, kmsg=3 pmsg=4 rd=8)
[ 4382.778126][T17513] nx679j: journal mirror: 262143 bytes (file open, kmsg=3 pmsg=4 rd=8)
[ 4383.733336][T15041] (virq:irq_count)- 11:2288874 6:281587 2:95609 1:52914 35:10587 30:7450 301:5824 358:422 28:409 37:26 
[ 4383.733343][T15041] (cpu:irq_count)- 0:119383 1:824 2:675 3:800 4:1259719 5:2424 6:2724 7:1357195 
[ 4383.733348][T15041] (ipi:irq_count)- 0:52914 1:95609 2:0 3:0 4:0 5:281587 6:0 
[ 4384.830602][T17514] nx679j: journal mirror: 262143 bytes (file open, kmsg=3 pmsg=4 rd=8)
[ 4386.882823][T17518] nx679j: journal mirror: 262143 bytes (file open, kmsg=3 pmsg=4 rd=8)
[ 4388.935103][T17519] nx679j: journal mirror: 262143 bytes (file open, kmsg=3 pmsg=4 rd=8)
[ 4390.987443][T17520] nx679j: journal mirror: 262143 bytes (file open, kmsg=3 pmsg=4 rd=8)
[ 4393.039786][T17521] nx679j: journal mirror: 262143 bytes (file open, kmsg=3 pmsg=4 rd=8)
[ 4393.205351][  T240] (virq:irq_count)- 11:2293838 6:282197 2:95807 1:52985 35:10613 30:7465 301:5849 358:422 28:409 37:26 
[ 4393.205356][  T240] (cpu:irq_count)- 0:119654 1:824 2:675 3:800 4:1262440 5:2424 6:2730 7:1360106 
[ 4393.205359][  T240] (ipi:irq_count)- 0:52985 1:95807 2:0 3:0 4:0 5:282197 6:0 
[ 4395.092098][T17522] nx679j: journal mirror: 262143 bytes (file open, kmsg=3 pmsg=4 rd=8)
[ 4397.144807][T17523] nx679j: journal mirror: 262143 bytes (file open, kmsg=3 pmsg=4 rd=8)
[ 4399.197389][T17558] nx679j: journal mirror: 262143 bytes (file open, kmsg=3 pmsg=4 rd=8)
[ 4401.249836][T17567] nx679j: journal mirror: 262143 bytes (file open, kmsg=3 pmsg=4 rd=8)
[ 4401.577902][T17622] remoteproc remoteproc2: powering up 4080000.remoteproc-mss
[ 4401.579891][T17622] remoteproc remoteproc2: Booting fw image modem.mdt, size 5884
[ 4402.608658][T17622] remoteproc remoteproc2: remote processor 4080000.remoteproc-mss is now up
[ 4402.608883][T17627] gpio-keys soc:gpio_keys: deferred probe timeout, ignoring dependency
[ 4402.614766][   T63] qcom_smd_qrtr_probe:Entered
[ 4402.614961][   T63] qcom_smd_qrtr_probe:SMD QRTR driver probed
[ 4402.615174][T17627] gpio-keys soc:gpio_keys: deferred probe timeout, ignoring dependency
[ 4402.677294][T17627] (virq:irq_count)- 11:2298838 6:282889 2:96280 1:53365 35:10681 30:7668 301:5883 28:424 358:422 37:29 
[ 4402.677299][T17627] (cpu:irq_count)- 0:120283 1:825 2:676 3:801 4:1265304 5:2476 6:2794 7:1363387 
[ 4402.677303][T17627] (ipi:irq_count)- 0:53365 1:96280 2:0 3:0 4:0 5:282889 6:0 
[ 4403.283133][  T240] gpio-keys soc:gpio_keys: deferred probe timeout, ignoring dependency
[ 4403.283371][  T240] gpio-keys soc:gpio_keys: deferred probe timeout, ignoring dependency
[ 4403.283612][  T240] gpio-keys soc:gpio_keys: deferred probe timeout, ignoring dependency
[ 4403.283796][  T240] gpio-keys soc:gpio_keys: deferred probe timeout, ignoring dependency
[ 4403.302304][T17616] nx679j: journal mirror: 262143 bytes (file open, kmsg=3 pmsg=4 rd=8)
[ 4405.308863][T17633] nx679j: journal mirror: 262143 bytes (file open, kmsg=3 pmsg=4 rd=8)
[ 4405.325014][  T120] sd 0:0:0:4: [sde] Synchronizing SCSI cache
[ 4406.433015][  T120] sd 0:0:0:5: [sdf] Synchronizing SCSI cache
[ 4407.361217][T17675] nx679j: journal mirror: 262143 bytes (file open, kmsg=3 pmsg=4 rd=8)
[ 4409.413313][T17717] nx679j: journal mirror: 262143 bytes (file open, kmsg=3 pmsg=4 rd=8)
[ 4411.465916][T17724] nx679j: journal mirror: 262143 bytes (file open, kmsg=3 pmsg=4 rd=8)
[ 4412.149337][    T7] (virq:irq_count)- 11:2303822 6:283555 2:96502 1:53918 35:10760 30:7738 301:5886 28:535 358:422 359:141 
[ 4412.149344][    T7] (cpu:irq_count)- 0:120880 1:825 2:676 3:801 4:1268210 5:2492 6:2810 7:1366663 
[ 4412.149347][    T7] (ipi:irq_count)- 0:53918 1:96502 2:0 3:0 4:0 5:283555 6:0 
[ 4413.518192][T17766] nx679j: journal mirror: 262143 bytes (file open, kmsg=3 pmsg=4 rd=8)
[ 4415.570358][T17808] nx679j: journal mirror: 262143 bytes (file open, kmsg=3 pmsg=4 rd=8)
[ 4417.622835][T17818] nx679j: journal mirror: 262143 bytes (file open, kmsg=3 pmsg=4 rd=8)
[ 4419.675212][T17860] nx679j: journal mirror: 262143 bytes (file open, kmsg=3 pmsg=4 rd=8)
[ 4421.621342][    T7] (virq:irq_count)- 11:2308795 6:284220 2:96707 1:54216 35:10806 30:7762 301:5886 28:563 358:422 359:169 
[ 4421.621348][    T7] (cpu:irq_count)- 0:121210 1:825 2:676 3:801 4:1271034 5:2502 6:2837 7:1369739 
[ 4421.621351][    T7] (ipi:irq_count)- 0:54216 1:96707 2:0 3:0 4:0 5:284220 6:0 
[ 4421.727301][T17902] nx679j: journal mirror: 262143 bytes (file open, kmsg=3 pmsg=4 rd=8)
[ 4423.779908][T17944] nx679j: journal mirror: 262143 bytes (file open, kmsg=3 pmsg=4 rd=8)
[ 4425.832211][T17951] nx679j: journal mirror: 262143 bytes (file open, kmsg=3 pmsg=4 rd=8)
[ 4427.884580][T17993] nx679j: journal mirror: 262143 bytes (file open, kmsg=3 pmsg=4 rd=8)
[ 4429.936698][T18035] nx679j: journal mirror: 262143 bytes (file open, kmsg=3 pmsg=4 rd=8)
[ 4431.093343][T17627] (virq:irq_count)- 11:2313771 6:284884 2:96915 1:54490 35:10862 30:7793 301:5889 28:563 358:422 359:169 
[ 4431.093349][T17627] (cpu:irq_count)- 0:121502 1:825 2:676 3:801 4:1273851 5:2515 6:2864 7:1372802 
[ 4431.093352][T17627] (ipi:irq_count)- 0:54490 1:96915 2:0 3:0 4:0 5:284884 6:0 
[ 4431.989252][T18042] nx679j: journal mirror: 262143 bytes (file open, kmsg=3 pmsg=4 rd=8)
[ 4434.041621][T18084] nx679j: journal mirror: 262143 bytes (file open, kmsg=3 pmsg=4 rd=8)
[ 4436.093724][T18126] nx679j: journal mirror: 262143 bytes (file open, kmsg=3 pmsg=4 rd=8)
[ 4438.146363][T18133] nx679j: journal mirror: 262143 bytes (file open, kmsg=3 pmsg=4 rd=8)
[ 4440.198825][T18175] nx679j: journal mirror: 262143 bytes (file open, kmsg=3 pmsg=4 rd=8)
[ 4440.565360][    T7] (virq:irq_count)- 11:2318746 6:285550 2:97126 1:54778 35:10915 30:7820 301:5890 28:563 358:422 359:169 
[ 4440.565365][    T7] (cpu:irq_count)- 0:121789 1:825 2:676 3:801 4:1276654 5:2530 6:2886 7:1375896 
[ 4440.565368][    T7] (ipi:irq_count)- 0:54778 1:97126 2:0 3:0 4:0 5:285550 6:0 
[ 4442.250927][T18217] nx679j: journal mirror: 262143 bytes (file open, kmsg=3 pmsg=4 rd=8)
[ 4444.303387][T18224] nx679j: journal mirror: 262143 bytes (file open, kmsg=3 pmsg=4 rd=8)
[ 4446.355801][T18266] nx679j: journal mirror: 262143 bytes (file open, kmsg=3 pmsg=4 rd=8)
[ 4448.407886][T18308] nx679j: journal mirror: 262143 bytes (file open, kmsg=3 pmsg=4 rd=8)
[ 4450.037368][    T7] (virq:irq_count)- 11:2323717 6:286217 2:97333 1:55055 35:10959 30:7844 301:5890 28:563 358:422 359:169 
[ 4450.037375][    T7] (cpu:irq_count)- 0:122059 1:825 2:676 3:801 4:1279484 5:2546 6:2902 7:1378954 
[ 4450.037379][    T7] (ipi:irq_count)- 0:55055 1:97333 2:0 3:0 4:0 5:286217 6:0 
[ 4450.460519][T18315] nx679j: journal mirror: 262143 bytes (file open, kmsg=3 pmsg=4 rd=8)
[ 4452.512817][T18357] nx679j: journal mirror: 262143 bytes (file open, kmsg=3 pmsg=4 rd=8)
[ 4454.564933][T18399] nx679j: journal mirror: 262143 bytes (file open, kmsg=3 pmsg=4 rd=8)
[ 4456.617477][T18406] nx679j: journal mirror: 262143 bytes (file open, kmsg=3 pmsg=4 rd=8)
[ 4458.669867][T18451] nx679j: journal mirror: 262143 bytes (file open, kmsg=3 pmsg=4 rd=8)
[ 4459.509354][T17627] (virq:irq_count)- 11:2328686 6:286877 2:97543 1:55328 35:11011 30:7871 301:5891 28:563 358:422 359:169 
[ 4459.509359][T17627] (cpu:irq_count)- 0:122343 1:825 2:676 3:801 4:1282288 5:2555 6:2929 7:1382022 
[ 4459.509362][T17627] (ipi:irq_count)- 0:55328 1:97543 2:0 3:0 4:0 5:286877 6:0 
[ 4460.721914][T18493] nx679j: journal mirror: 262143 bytes (file open, kmsg=3 pmsg=4 rd=8)
[ 4462.774445][T18500] nx679j: journal mirror: 262143 bytes (file open, kmsg=3 pmsg=4 rd=8)
[ 4464.826840][T18542] nx679j: journal mirror: 262143 bytes (file open, kmsg=3 pmsg=4 rd=8)
[ 4466.878936][T18584] nx679j: journal mirror: 262143 bytes (file open, kmsg=3 pmsg=4 rd=8)
[ 4468.931477][T18591] nx679j: journal mirror: 262143 bytes (file open, kmsg=3 pmsg=4 rd=8)
[ 4468.981363][T17627] (virq:irq_count)- 11:2333662 6:287535 2:97748 1:55552 35:11053 30:7898 301:5905 28:563 358:422 359:169 
[ 4468.981368][T17627] (cpu:irq_count)- 0:122631 1:825 2:676 3:801 4:1285075 5:2561 6:2949 7:1385067 
[ 4468.981372][T17627] (ipi:irq_count)- 0:55552 1:97748 2:0 3:0 4:0 5:287535 6:0 
[ 4470.983874][T18633] nx679j: journal mirror: 262143 bytes (file open, kmsg=3 pmsg=4 rd=8)
[ 4473.036035][T18675] nx679j: journal mirror: 262143 bytes (file open, kmsg=3 pmsg=4 rd=8)
[ 4475.088516][T18682] nx679j: journal mirror: 262143 bytes (file open, kmsg=3 pmsg=4 rd=8)
[ 4477.140958][T18724] nx679j: journal mirror: 262143 bytes (file open, kmsg=3 pmsg=4 rd=8)
[ 4478.453364][T17627] (virq:irq_count)- 11:2338634 6:288213 2:97954 1:55840 35:11097 30:7922 301:5907 28:563 358:422 359:169 
[ 4478.453369][T17627] (cpu:irq_count)- 0:122902 1:825 2:676 3:801 4:1287900 5:2590 6:2965 7:1388140 
[ 4478.453372][T17627] (ipi:irq_count)- 0:55840 1:97954 2:0 3:0 4:0 5:288213 6:0 
[ 4479.193378][T18766] nx679j: journal mirror: 262143 bytes (file open, kmsg=3 pmsg=4 rd=8)
[ 4481.245447][T18808] nx679j: journal mirror: 262143 bytes (file open, kmsg=3 pmsg=4 rd=8)
[ 4483.297928][T18815] nx679j: journal mirror: 262143 bytes (file open, kmsg=3 pmsg=4 rd=8)
[ 4485.350287][T18857] nx679j: journal mirror: 262143 bytes (file open, kmsg=3 pmsg=4 rd=8)
[ 4487.402393][T18899] nx679j: journal mirror: 262143 bytes (file open, kmsg=3 pmsg=4 rd=8)
[ 4487.661482][T18911] qcom_q6v5_pas 4080000.remoteproc-mss: Incrementing tid for modem to 1
[ 4487.925351][  T240] (virq:irq_count)- 11:2343606 6:288885 2:98164 1:56119 35:11142 30:7947 301:5909 28:565 358:422 359:171 
[ 4487.925357][  T240] (cpu:irq_count)- 0:123184 1:825 2:676 3:801 4:1290735 5:2604 6:2981 7:1391202 
[ 4487.925360][  T240] (ipi:irq_count)- 0:56119 1:98164 2:0 3:0 4:0 5:288885 6:0 
[ 4488.624415][T18911] qcom-scm: qcom_scm_pas_shutdown_retry: PAS Shutdown: First call to shutdown failed with error: -22
[ 4488.818956][T18911] qcom-scm: qcom_scm_pas_shutdown_retry: PAS Shutdown: Attempting to shutdown peripheral 1 time(s)
[ 4488.819419][T18911] remoteproc remoteproc2: stopped remote processor 4080000.remoteproc-mss
[ 4489.455007][T18906] nx679j: journal mirror: 262143 bytes (file open, kmsg=3 pmsg=4 rd=8)
[ 4491.471726][T18948] nx679j: journal mirror: 262143 bytes (file open, kmsg=3 pmsg=4 rd=8)
[ 4491.973020][  T120] sd 0:0:0:5: [sdf] Synchronizing SCSI cache
[ 4493.523801][T18984] nx679j: journal mirror: 262143 bytes (file open, kmsg=3 pmsg=4 rd=8)
[ 4493.663705][T18991] remoteproc remoteproc2: powering up 4080000.remoteproc-mss
[ 4493.663730][T18991] remoteproc remoteproc2: Booting fw image modem.mdt, size 5884
[ 4494.556531][T18991] remoteproc remoteproc2: remote processor 4080000.remoteproc-mss is now up
[ 4494.556781][T17627] gpio-keys soc:gpio_keys: deferred probe timeout, ignoring dependency
[ 4494.562706][   T63] qcom_smd_qrtr_probe:Entered
[ 4494.562845][   T63] qcom_smd_qrtr_probe:SMD QRTR driver probed
[ 4494.563136][T17627] gpio-keys soc:gpio_keys: deferred probe timeout, ignoring dependency
[ 4495.165525][    T7] gpio-keys soc:gpio_keys: deferred probe timeout, ignoring dependency
[ 4495.165744][    T7] gpio-keys soc:gpio_keys: deferred probe timeout, ignoring dependency
[ 4495.165986][    T7] gpio-keys soc:gpio_keys: deferred probe timeout, ignoring dependency
[ 4495.166166][    T7] gpio-keys soc:gpio_keys: deferred probe timeout, ignoring dependency
[ 4495.576485][T18985] nx679j: journal mirror: 262143 bytes (file open, kmsg=3 pmsg=4 rd=8)
[ 4497.397313][    T7] (virq:irq_count)- 11:2348572 6:289618 2:99063 1:56952 35:11243 30:8667 301:5915 28:694 358:422 359:315 
[ 4497.397319][    T7] (cpu:irq_count)- 0:124558 1:826 2:677 3:802 4:1293784 5:2740 6:3114 7:1395051 
[ 4497.397322][    T7] (ipi:irq_count)- 0:56952 1:99063 2:0 3:0 4:0 5:289618 6:0 
[ 4497.628857][T19038] nx679j: journal mirror: 262143 bytes (file open, kmsg=3 pmsg=4 rd=8)
[ 4499.680926][T19074] nx679j: journal mirror: 262143 bytes (file open, kmsg=3 pmsg=4 rd=8)
[ 4501.733421][T19075] nx679j: journal mirror: 262143 bytes (file open, kmsg=3 pmsg=4 rd=8)
[ 4503.785802][T19111] nx679j: journal mirror: 262143 bytes (file open, kmsg=3 pmsg=4 rd=8)
[ 4505.837923][T19147] nx679j: journal mirror: 262143 bytes (file open, kmsg=3 pmsg=4 rd=8)
[ 4506.869328][    T7] (virq:irq_count)- 11:2353536 6:290277 2:99269 1:57186 35:11289 30:8694 301:5915 28:718 358:422 359:342 
[ 4506.869334][    T7] (cpu:irq_count)- 0:124888 1:826 2:677 3:802 4:1296545 5:2754 6:3126 7:1398121 
[ 4506.869338][    T7] (ipi:irq_count)- 0:57186 1:99269 2:0 3:0 4:0 5:290277 6:0 
[ 4507.890431][T19148] nx679j: journal mirror: 262143 bytes (file open, kmsg=3 pmsg=4 rd=8)
[ 4509.942900][T19184] nx679j: journal mirror: 262143 bytes (file open, kmsg=3 pmsg=4 rd=8)
[ 4511.994979][T19226] nx679j: journal mirror: 262143 bytes (file open, kmsg=3 pmsg=4 rd=8)
[ 4514.047501][T19227] nx679j: journal mirror: 262143 bytes (file open, kmsg=3 pmsg=4 rd=8)
[ 4516.099856][T19263] nx679j: journal mirror: 262143 bytes (file open, kmsg=3 pmsg=4 rd=8)
[ 4516.341336][    T7] (virq:irq_count)- 11:2358505 6:290931 2:99474 1:57433 35:11343 30:8721 301:5923 28:720 358:422 359:344 
[ 4516.341344][    T7] (cpu:irq_count)- 0:125182 1:827 2:677 3:802 4:1299358 5:2763 6:3142 7:1401156 
[ 4516.341347][    T7] (ipi:irq_count)- 0:57433 1:99474 2:0 3:0 4:0 5:290931 6:0 
[ 4518.151991][T19299] nx679j: journal mirror: 262143 bytes (file open, kmsg=3 pmsg=4 rd=8)
[ 4520.204466][T19300] nx679j: journal mirror: 262143 bytes (file open, kmsg=3 pmsg=4 rd=8)
[ 4522.257072][T19336] nx679j: journal mirror: 262143 bytes (file open, kmsg=3 pmsg=4 rd=8)
[ 4524.309413][T19372] nx679j: journal mirror: 262143 bytes (file open, kmsg=3 pmsg=4 rd=8)
[ 4525.813331][T17627] (virq:irq_count)- 11:2363499 6:291597 2:99682 1:57739 35:11398 30:8745 301:5967 28:735 358:422 359:359 
[ 4525.813338][T17627] (cpu:irq_count)- 0:125553 1:828 2:677 3:802 4:1302159 5:2778 6:3155 7:1404282 
[ 4525.813341][T17627] (ipi:irq_count)- 0:57739 1:99682 2:0 3:0 4:0 5:291597 6:0 
[ 4526.361778][T19392] nx679j: journal mirror: 262143 bytes (file open, kmsg=3 pmsg=4 rd=8)
[ 4528.414180][T19435] nx679j: journal mirror: 262143 bytes (file open, kmsg=3 pmsg=4 rd=8)
[ 4530.466227][T19471] nx679j: journal mirror: 262143 bytes (file open, kmsg=3 pmsg=4 rd=8)
[ 4532.518706][T19472] nx679j: journal mirror: 262143 bytes (file open, kmsg=3 pmsg=4 rd=8)
[ 4534.571143][T19508] nx679j: journal mirror: 262143 bytes (file open, kmsg=3 pmsg=4 rd=8)
[ 4535.285354][    T7] (virq:irq_count)- 11:2368465 6:292245 2:99890 1:57920 35:11450 30:8772 301:5967 28:735 358:422 359:359 
[ 4535.285360][    T7] (cpu:irq_count)- 0:125835 1:828 2:677 3:802 4:1304883 5:2789 6:3172 7:1407330 
[ 4535.285363][    T7] (ipi:irq_count)- 0:57920 1:99890 2:0 3:0 4:0 5:292245 6:0 
[ 4536.623438][T19544] nx679j: journal mirror: 262143 bytes (file open, kmsg=3 pmsg=4 rd=8)
[ 4538.675562][T19580] nx679j: journal mirror: 262143 bytes (file open, kmsg=3 pmsg=4 rd=8)
[ 4540.728128][T19581] nx679j: journal mirror: 262143 bytes (file open, kmsg=3 pmsg=4 rd=8)
[ 4542.780511][T19617] nx679j: journal mirror: 262143 bytes (file open, kmsg=3 pmsg=4 rd=8)
[ 4544.757342][  T240] (virq:irq_count)- 11:2373437 6:292914 2:100094 1:58147 35:11492 30:8794 301:5993 28:735 358:422 359:359 
[ 4544.757349][  T240] (cpu:irq_count)- 0:126135 1:828 2:677 3:802 4:1307603 5:2803 6:3190 7:1410440 
[ 4544.757352][  T240] (ipi:irq_count)- 0:58147 1:100094 2:0 3:0 4:0 5:292914 6:0 
[ 4544.832899][T19653] nx679j: journal mirror: 262143 bytes (file open, kmsg=3 pmsg=4 rd=8)
[ 4546.885251][T19663] nx679j: journal mirror: 262143 bytes (file open, kmsg=3 pmsg=4 rd=8)
[ 4548.937622][T19699] nx679j: journal mirror: 262143 bytes (file open, kmsg=3 pmsg=4 rd=8)
[ 4550.989645][T19735] nx679j: journal mirror: 262143 bytes (file open, kmsg=3 pmsg=4 rd=8)
[ 4553.042152][T19736] nx679j: journal mirror: 262143 bytes (file open, kmsg=3 pmsg=4 rd=8)
[ 4554.229356][T17627] (virq:irq_count)- 11:2378408 6:293562 2:100301 1:58390 35:11540 30:8821 301:5997 28:735 358:422 359:359 
[ 4554.229363][T17627] (cpu:irq_count)- 0:126418 1:828 2:677 3:802 4:1310337 5:2813 6:3217 7:1413534 
[ 4554.229366][T17627] (ipi:irq_count)- 0:58390 1:100301 2:0 3:0 4:0 5:293562 6:0 
[ 4555.094573][T19772] nx679j: journal mirror: 262143 bytes (file open, kmsg=3 pmsg=4 rd=8)
[ 4557.146637][T19808] nx679j: journal mirror: 262143 bytes (file open, kmsg=3 pmsg=4 rd=8)
[ 4559.199259][T19809] nx679j: journal mirror: 262143 bytes (file open, kmsg=3 pmsg=4 rd=8)
[ 4561.251573][T19845] nx679j: journal mirror: 262143 bytes (file open, kmsg=3 pmsg=4 rd=8)
[ 4563.303699][T19881] nx679j: journal mirror: 262143 bytes (file open, kmsg=3 pmsg=4 rd=8)
[ 4563.701358][  T240] (virq:irq_count)- 11:2383372 6:294215 2:100506 1:58554 35:11590 30:8848 301:5997 28:735 358:422 359:359 
[ 4563.701364][  T240] (cpu:irq_count)- 0:126695 1:828 2:677 3:802 4:1313080 5:2826 6:3237 7:1416544 
[ 4563.701367][  T240] (ipi:irq_count)- 0:58554 1:100506 2:0 3:0 4:0 5:294215 6:0 
[ 4565.356261][T19882] nx679j: journal mirror: 262143 bytes (file open, kmsg=3 pmsg=4 rd=8)
[ 4567.408652][T19934] nx679j: journal mirror: 262143 bytes (file open, kmsg=3 pmsg=4 rd=8)
[ 4569.460704][T19970] nx679j: journal mirror: 262143 bytes (file open, kmsg=3 pmsg=4 rd=8)
[ 4571.513234][T19971] nx679j: journal mirror: 262143 bytes (file open, kmsg=3 pmsg=4 rd=8)
[ 4573.173349][  T240] (virq:irq_count)- 11:2388369 6:294901 2:100718 1:58898 35:11645 30:8876 301:6034 28:735 358:422 359:359 
[ 4573.173356][  T240] (cpu:irq_count)- 0:127032 1:828 2:677 3:802 4:1315900 5:2843 6:3274 7:1419692 
[ 4573.173359][  T240] (ipi:irq_count)- 0:58898 1:100718 2:0 3:0 4:0 5:294901 6:0 
[ 4573.565684][T20007] nx679j: journal mirror: 262143 bytes (file open, kmsg=3 pmsg=4 rd=8)
[ 4575.617784][T20043] nx679j: journal mirror: 262143 bytes (file open, kmsg=3 pmsg=4 rd=8)
[ 4577.670216][T20044] nx679j: journal mirror: 262143 bytes (file open, kmsg=3 pmsg=4 rd=8)
[ 4579.722626][T20080] nx679j: journal mirror: 262143 bytes (file open, kmsg=3 pmsg=4 rd=8)
[ 4581.774774][T20116] nx679j: journal mirror: 262143 bytes (file open, kmsg=3 pmsg=4 rd=8)
[ 4582.645348][    T7] (virq:irq_count)- 11:2393337 6:295547 2:100923 1:59138 35:11693 30:8903 301:6034 28:735 358:422 359:359 
[ 4582.645355][    T7] (cpu:irq_count)- 0:127308 1:828 2:677 3:802 4:1318684 5:2857 6:3294 7:1422732 
[ 4582.645358][    T7] (ipi:irq_count)- 0:59138 1:100923 2:0 3:0 4:0 5:295547 6:0 
[ 4583.827263][T20117] nx679j: journal mirror: 262143 bytes (file open, kmsg=3 pmsg=4 rd=8)
[ 4585.879746][T20153] nx679j: journal mirror: 262143 bytes (file open, kmsg=3 pmsg=4 rd=8)
[ 4587.931847][T20189] nx679j: journal mirror: 262143 bytes (file open, kmsg=3 pmsg=4 rd=8)
[ 4588.613022][  T120] sd 0:0:0:5: [sdf] Synchronizing SCSI cache
[ 4589.984374][T20196] nx679j: journal mirror: 262143 bytes (file open, kmsg=3 pmsg=4 rd=8)
[ 4592.036945][T20226] nx679j: journal mirror: 262143 bytes (file open, kmsg=3 pmsg=4 rd=8)
[ 4592.117354][T17627] (virq:irq_count)- 11:2398310 6:296209 2:101136 1:59367 35:11755 30:8941 301:6045 28:737 358:422 359:361 
[ 4592.117362][T17627] (cpu:irq_count)- 0:127632 1:828 2:677 3:802 4:1321463 5:2877 6:3307 7:1425788 
[ 4592.117366][T17627] (ipi:irq_count)- 0:59367 1:101136 2:0 3:0 4:0 5:296209 6:0 
[ 4594.089373][T20262] nx679j: journal mirror: 262143 bytes (file open, kmsg=3 pmsg=4 rd=8)
[ 4596.141516][T20298] nx679j: journal mirror: 262143 bytes (file open, kmsg=3 pmsg=4 rd=8)
[ 4598.193992][T20299] nx679j: journal mirror: 262143 bytes (file open, kmsg=3 pmsg=4 rd=8)
[ 4600.246748][T20335] nx679j: journal mirror: 262143 bytes (file open, kmsg=3 pmsg=4 rd=8)
[ 4601.589364][    T7] (virq:irq_count)- 11:2403275 6:296863 2:101341 1:59612 35:11800 30:8965 301:6045 28:737 358:422 359:361 
[ 4601.589370][    T7] (cpu:irq_count)- 0:127901 1:828 2:677 3:802 4:1324249 5:2899 6:3324 7:1428832 
[ 4601.589373][    T7] (ipi:irq_count)- 0:59612 1:101341 2:0 3:0 4:0 5:296863 6:0 
[ 4602.298868][T20371] nx679j: journal mirror: 262143 bytes (file open, kmsg=3 pmsg=4 rd=8)
[ 4604.351319][T20372] nx679j: journal mirror: 262143 bytes (file open, kmsg=3 pmsg=4 rd=8)
[ 4606.403760][T20408] nx679j: journal mirror: 262143 bytes (file open, kmsg=3 pmsg=4 rd=8)
[ 4608.456079][T20444] nx679j: journal mirror: 262143 bytes (file open, kmsg=3 pmsg=4 rd=8)
[ 4610.508496][T20450] nx679j: journal mirror: 262143 bytes (file open, kmsg=3 pmsg=4 rd=8)
[ 4611.061365][T17627] (virq:irq_count)- 11:2408254 6:297526 2:101547 1:59903 35:11856 30:8992 301:6073 28:737 358:422 359:361 
[ 4611.061371][T17627] (cpu:irq_count)- 0:128224 1:828 2:677 3:802 4:1327060 5:2913 6:3345 7:1431913 
[ 4611.061374][T17627] (ipi:irq_count)- 0:59903 1:101547 2:0 3:0 4:0 5:297526 6:0 
[ 4612.560841][T20486] nx679j: journal mirror: 262143 bytes (file open, kmsg=3 pmsg=4 rd=8)
[ 4614.612935][T20522] nx679j: journal mirror: 262143 bytes (file open, kmsg=3 pmsg=4 rd=8)
[ 4616.665450][T20523] nx679j: journal mirror: 262143 bytes (file open, kmsg=3 pmsg=4 rd=8)
[ 4618.717849][T20559] nx679j: journal mirror: 262143 bytes (file open, kmsg=3 pmsg=4 rd=8)
[ 4620.533351][T17627] (virq:irq_count)- 11:2413217 6:298178 2:101755 1:60136 35:11902 30:9016 301:6077 28:737 358:422 359:361 
[ 4620.533357][T17627] (cpu:irq_count)- 0:128504 1:828 2:677 3:802 4:1329848 5:2924 6:3364 7:1434945 
[ 4620.533360][T17627] (ipi:irq_count)- 0:60136 1:101755 2:0 3:0 4:0 5:298178 6:0 
[ 4620.770189][T20595] nx679j: journal mirror: 262143 bytes (file open, kmsg=3 pmsg=4 rd=8)
[ 4622.822658][T20596] nx679j: journal mirror: 262143 bytes (file open, kmsg=3 pmsg=4 rd=8)
[ 4624.874962][T20644] nx679j: journal mirror: 262143 bytes (file open, kmsg=3 pmsg=4 rd=8)
[ 4626.927017][T20680] nx679j: journal mirror: 262143 bytes (file open, kmsg=3 pmsg=4 rd=8)
[ 4628.979438][T20681] nx679j: journal mirror: 262143 bytes (file open, kmsg=3 pmsg=4 rd=8)
[ 4630.005087][T17627] (virq:irq_count)- 11:2418195 6:298833 2:101964 1:60348 35:11958 30:9043 301:6102 28:737 358:422 359:361 
[ 4630.005093][T17627] (cpu:irq_count)- 0:128826 1:829 2:677 3:802 4:1332620 5:2937 6:3377 7:1437986 
[ 4630.005096][T17627] (ipi:irq_count)- 0:60348 1:101964 2:0 3:0 4:0 5:298833 6:0 
[ 4631.031936][T20717] nx679j: journal mirror: 262143 bytes (file open, kmsg=3 pmsg=4 rd=8)
[ 4633.084019][T20753] nx679j: journal mirror: 262143 bytes (file open, kmsg=3 pmsg=4 rd=8)
[ 4635.136472][T20754] nx679j: journal mirror: 262143 bytes (file open, kmsg=3 pmsg=4 rd=8)
[ 4637.189033][T20790] nx679j: journal mirror: 262143 bytes (file open, kmsg=3 pmsg=4 rd=8)
[ 4639.241154][T20846] nx679j: journal mirror: 262143 bytes (file open, kmsg=3 pmsg=4 rd=8)
[ 4639.477351][    T7] (virq:irq_count)- 11:2423198 6:299511 2:102180 1:60735 35:12020 30:9074 301:6145 28:737 358:422 359:361 
[ 4639.477357][    T7] (cpu:irq_count)- 0:129184 1:829 2:677 3:802 4:1335449 5:2957 6:3409 7:1441167 
[ 4639.477360][    T7] (ipi:irq_count)- 0:60735 1:102180 2:0 3:0 4:0 5:299511 6:0 
[ 4641.293548][T20847] nx679j: journal mirror: 262143 bytes (file open, kmsg=3 pmsg=4 rd=8)
[ 4643.345971][T20883] nx679j: journal mirror: 262143 bytes (file open, kmsg=3 pmsg=4 rd=8)
[ 4645.398193][T20919] nx679j: journal mirror: 262143 bytes (file open, kmsg=3 pmsg=4 rd=8)
[ 4647.450654][T20955] nx679j: journal mirror: 262143 bytes (file open, kmsg=3 pmsg=4 rd=8)
[ 4648.949359][T17627] (virq:irq_count)- 11:2428186 6:300180 2:102388 1:61018 35:12069 30:9098 301:6179 28:739 358:422 359:363 
[ 4648.949366][T17627] (cpu:irq_count)- 0:129508 1:830 2:677 3:802 4:1338239 5:2977 6:3441 7:1444259 
[ 4648.949370][T17627] (ipi:irq_count)- 0:61018 1:102388 2:0 3:0 4:0 5:300180 6:0 
[ 4649.503105][T20956] nx679j: journal mirror: 262143 bytes (file open, kmsg=3 pmsg=4 rd=8)
[ 4651.555378][T21001] nx679j: journal mirror: 262143 bytes (file open, kmsg=3 pmsg=4 rd=8)
[ 4653.607478][T21037] nx679j: journal mirror: 262143 bytes (file open, kmsg=3 pmsg=4 rd=8)
[ 4655.659929][T21038] nx679j: journal mirror: 262143 bytes (file open, kmsg=3 pmsg=4 rd=8)
[ 4657.712305][T21074] nx679j: journal mirror: 262143 bytes (file open, kmsg=3 pmsg=4 rd=8)
[ 4658.421374][    T7] (virq:irq_count)- 11:2433155 6:300834 2:102593 1:61167 35:12121 30:9125 301:6179 28:739 358:422 359:363 
[ 4658.421381][    T7] (cpu:irq_count)- 0:129788 1:830 2:677 3:802 4:1340975 5:2991 6:3452 7:1447274 
[ 4658.421385][    T7] (ipi:irq_count)- 0:61167 1:102593 2:0 3:0 4:0 5:300834 6:0 
[ 4659.764466][T21110] nx679j: journal mirror: 262143 bytes (file open, kmsg=3 pmsg=4 rd=8)
[ 4661.816995][T21111] nx679j: journal mirror: 262143 bytes (file open, kmsg=3 pmsg=4 rd=8)
[ 4663.869532][T21147] nx679j: journal mirror: 262143 bytes (file open, kmsg=3 pmsg=4 rd=8)
[ 4665.921581][T21192] nx679j: journal mirror: 262143 bytes (file open, kmsg=3 pmsg=4 rd=8)
[ 4667.893361][    T7] (virq:irq_count)- 11:2438139 6:301499 2:102800 1:61450 35:12169 30:9149 301:6214 28:739 358:422 359:363 
[ 4667.893369][    T7] (cpu:irq_count)- 0:130111 1:830 2:677 3:802 4:1343757 5:3008 6:3477 7:1450373 
[ 4667.893372][    T7] (ipi:irq_count)- 0:61450 1:102800 2:0 3:0 4:0 5:301499 6:0 
[ 4667.974014][T21193] nx679j: journal mirror: 262143 bytes (file open, kmsg=3 pmsg=4 rd=8)
[ 4670.026423][T21229] nx679j: journal mirror: 262143 bytes (file open, kmsg=3 pmsg=4 rd=8)
[ 4672.078522][T21265] nx679j: journal mirror: 262143 bytes (file open, kmsg=3 pmsg=4 rd=8)
[ 4674.131037][T21266] nx679j: journal mirror: 262143 bytes (file open, kmsg=3 pmsg=4 rd=8)
[ 4676.183430][T21302] nx679j: journal mirror: 262143 bytes (file open, kmsg=3 pmsg=4 rd=8)
[ 4677.365362][    T7] (virq:irq_count)- 11:2443103 6:302154 2:103004 1:61696 35:12221 30:9176 301:6215 28:739 358:422 359:363 
[ 4677.365367][    T7] (cpu:irq_count)- 0:130390 1:830 2:677 3:802 4:1346556 5:3016 6:3498 7:1453415 
[ 4677.365371][    T7] (ipi:irq_count)- 0:61696 1:103004 2:0 3:0 4:0 5:302154 6:0 
[ 4678.235651][T21338] nx679j: journal mirror: 262143 bytes (file open, kmsg=3 pmsg=4 rd=8)
[ 4680.288066][T21339] nx679j: journal mirror: 262143 bytes (file open, kmsg=3 pmsg=4 rd=8)
[ 4682.340442][T21375] nx679j: journal mirror: 262143 bytes (file open, kmsg=3 pmsg=4 rd=8)
[ 4684.392551][T21411] nx679j: journal mirror: 262143 bytes (file open, kmsg=3 pmsg=4 rd=8)
[ 4686.445045][T21412] nx679j: journal mirror: 262143 bytes (file open, kmsg=3 pmsg=4 rd=8)
[ 4686.837374][T17627] (virq:irq_count)- 11:2448069 6:302803 2:103212 1:61873 35:12267 30:9203 301:6215 28:739 358:422 359:363 
[ 4686.837380][T17627] (cpu:irq_count)- 0:130669 1:830 2:677 3:802 4:1349325 5:3028 6:3512 7:1456414 
[ 4686.837384][T17627] (ipi:irq_count)- 0:61873 1:103212 2:0 3:0 4:0 5:302803 6:0 
[ 4688.497658][T21448] nx679j: journal mirror: 262143 bytes (file open, kmsg=3 pmsg=4 rd=8)
[ 4690.549700][T21484] nx679j: journal mirror: 262143 bytes (file open, kmsg=3 pmsg=4 rd=8)
[ 4692.602117][T21485] nx679j: journal mirror: 262143 bytes (file open, kmsg=3 pmsg=4 rd=8)
[ 4694.654520][T21521] nx679j: journal mirror: 262143 bytes (file open, kmsg=3 pmsg=4 rd=8)
[ 4696.309346][    T7] (virq:irq_count)- 11:2453030 6:303468 2:103419 1:62130 35:12311 30:9227 301:6218 28:739 358:422 359:363 
[ 4696.309352][    T7] (cpu:irq_count)- 0:130944 1:830 2:677 3:802 4:1352112 5:3048 6:3526 7:1459479 
[ 4696.309355][    T7] (ipi:irq_count)- 0:62130 1:103419 2:0 3:0 4:0 5:303468 6:0 
[ 4696.706654][T21557] nx679j: journal mirror: 262143 bytes (file open, kmsg=3 pmsg=4 rd=8)
[ 4698.759312][T21558] nx679j: journal mirror: 262143 bytes (file open, kmsg=3 pmsg=4 rd=8)
[ 4700.811579][T21594] nx679j: journal mirror: 262143 bytes (file open, kmsg=3 pmsg=4 rd=8)
[ 4702.863877][T21630] nx679j: journal mirror: 262143 bytes (file open, kmsg=3 pmsg=4 rd=8)
[ 4704.916006][T21666] nx679j: journal mirror: 262143 bytes (file open, kmsg=3 pmsg=4 rd=8)
[ 4705.781370][T17627] (virq:irq_count)- 11:2458001 6:304121 2:103624 1:62386 35:12361 30:9254 301:6225 28:739 358:422 359:363 
[ 4705.781378][T17627] (cpu:irq_count)- 0:131231 1:830 2:677 3:802 4:1354895 5:3059 6:3554 7:1462539 
[ 4705.781383][T17627] (ipi:irq_count)- 0:62386 1:103624 2:0 3:0 4:0 5:304121 6:0 
[ 4706.968520][T21667] nx679j: journal mirror: 262143 bytes (file open, kmsg=3 pmsg=4 rd=8)
[ 4709.020942][T21703] nx679j: journal mirror: 262143 bytes (file open, kmsg=3 pmsg=4 rd=8)
[ 4711.073078][T21739] nx679j: journal mirror: 262143 bytes (file open, kmsg=3 pmsg=4 rd=8)
[ 4713.125599][T21740] nx679j: journal mirror: 262143 bytes (file open, kmsg=3 pmsg=4 rd=8)
[ 4715.177971][T21776] nx679j: journal mirror: 262143 bytes (file open, kmsg=3 pmsg=4 rd=8)
[ 4715.253354][T17627] (virq:irq_count)- 11:2462970 6:304771 2:103833 1:62659 35:12420 30:9285 301:6231 28:739 358:422 359:363 
[ 4715.253360][T17627] (cpu:irq_count)- 0:131533 1:830 2:677 3:802 4:1357693 5:3076 6:3569 7:1465604 
[ 4715.253363][T17627] (ipi:irq_count)- 0:62659 1:103833 2:0 3:0 4:0 5:304771 6:0 
[ 4717.230115][T21812] nx679j: journal mirror: 262143 bytes (file open, kmsg=3 pmsg=4 rd=8)
[ 4719.282559][T21813] nx679j: journal mirror: 262143 bytes (file open, kmsg=3 pmsg=4 rd=8)
[ 4721.334953][T21849] nx679j: journal mirror: 262143 bytes (file open, kmsg=3 pmsg=4 rd=8)
[ 4723.387080][T21885] nx679j: journal mirror: 262143 bytes (file open, kmsg=3 pmsg=4 rd=8)
[ 4724.725344][T17627] (virq:irq_count)- 11:2467931 6:305420 2:104037 1:62828 35:12463 30:9309 301:6233 28:739 358:422 359:363 
[ 4724.725351][T17627] (cpu:irq_count)- 0:131802 1:830 2:677 3:802 4:1360440 5:3081 6:3591 7:1468613 
[ 4724.725354][T17627] (ipi:irq_count)- 0:62828 1:104037 2:0 3:0 4:0 5:305420 6:0 
[ 4725.439584][T21886] nx679j: journal mirror: 262143 bytes (file open, kmsg=3 pmsg=4 rd=8)
[ 4727.492008][T21922] nx679j: journal mirror: 262143 bytes (file open, kmsg=3 pmsg=4 rd=8)
[ 4729.544188][T21958] nx679j: journal mirror: 262143 bytes (file open, kmsg=3 pmsg=4 rd=8)
[ 4731.596657][T21959] nx679j: journal mirror: 262143 bytes (file open, kmsg=3 pmsg=4 rd=8)
[ 4733.649115][T21995] nx679j: journal mirror: 262143 bytes (file open, kmsg=3 pmsg=4 rd=8)
[ 4734.197374][  T240] (virq:irq_count)- 11:2472898 6:306068 2:104243 1:63067 35:12511 30:9336 301:6234 28:739 358:422 359:363 
[ 4734.197380][  T240] (cpu:irq_count)- 0:132078 1:830 2:677 3:802 4:1363217 5:3101 6:3603 7:1471664 
[ 4734.197383][  T240] (ipi:irq_count)- 0:63067 1:104243 2:0 3:0 4:0 5:306068 6:0 
[ 4735.701257][T22031] nx679j: journal mirror: 262143 bytes (file open, kmsg=3 pmsg=4 rd=8)
[ 4737.753700][T22032] nx679j: journal mirror: 262143 bytes (file open, kmsg=3 pmsg=4 rd=8)
[ 4739.806052][T22068] nx679j: journal mirror: 262143 bytes (file open, kmsg=3 pmsg=4 rd=8)
[ 4741.858195][T22104] nx679j: journal mirror: 262143 bytes (file open, kmsg=3 pmsg=4 rd=8)
[ 4743.669354][  T240] (virq:irq_count)- 11:2477859 6:306714 2:104449 1:63233 35:12555 30:9360 301:6234 28:739 358:422 359:363 
[ 4743.669361][  T240] (cpu:irq_count)- 0:132347 1:830 2:677 3:802 4:1365982 5:3111 6:3618 7:1474652 
[ 4743.669364][  T240] (ipi:irq_count)- 0:63233 1:104449 2:0 3:0 4:0 5:306714 6:0 
[ 4743.910670][T22105] nx679j: journal mirror: 262143 bytes (file open, kmsg=3 pmsg=4 rd=8)
[ 4745.963144][T22141] nx679j: journal mirror: 262143 bytes (file open, kmsg=3 pmsg=4 rd=8)
[ 4748.015225][T22177] nx679j: journal mirror: 262143 bytes (file open, kmsg=3 pmsg=4 rd=8)
[ 4750.067748][T22178] nx679j: journal mirror: 262143 bytes (file open, kmsg=3 pmsg=4 rd=8)
[ 4752.120118][T22214] nx679j: journal mirror: 262143 bytes (file open, kmsg=3 pmsg=4 rd=8)
[ 4753.141373][  T240] (virq:irq_count)- 11:2482821 6:307364 2:104655 1:63479 35:12607 30:9387 301:6234 28:739 358:422 359:363 
[ 4753.141381][  T240] (cpu:irq_count)- 0:132628 1:830 2:677 3:802 4:1368775 5:3126 6:3629 7:1477695 
[ 4753.141386][  T240] (ipi:irq_count)- 0:63479 1:104655 2:0 3:0 4:0 5:307364 6:0 
[ 4754.172273][T22250] nx679j: journal mirror: 262143 bytes (file open, kmsg=3 pmsg=4 rd=8)
[ 4756.224893][T22284] nx679j: journal mirror: 262143 bytes (file open, kmsg=3 pmsg=4 rd=8)
[ 4758.277113][T22287] nx679j: journal mirror: 262143 bytes (file open, kmsg=3 pmsg=4 rd=8)
[ 4760.329545][T22323] nx679j: journal mirror: 262143 bytes (file open, kmsg=3 pmsg=4 rd=8)
[ 4762.381640][T22359] nx679j: journal mirror: 262143 bytes (file open, kmsg=3 pmsg=4 rd=8)
[ 4762.613367][  T240] (virq:irq_count)- 11:2487786 6:308010 2:104861 1:63714 35:12656 30:9414 301:6234 28:739 358:422 359:363 
[ 4762.613372][  T240] (cpu:irq_count)- 0:132905 1:830 2:677 3:802 4:1371579 5:3136 6:3643 7:1480718 
[ 4762.613375][  T240] (ipi:irq_count)- 0:63714 1:104861 2:0 3:0 4:0 5:308010 6:0 
[ 4764.434125][T22360] nx679j: journal mirror: 262143 bytes (file open, kmsg=3 pmsg=4 rd=8)
[ 4766.486519][T22396] nx679j: journal mirror: 262143 bytes (file open, kmsg=3 pmsg=4 rd=8)
[ 4768.538621][T22432] nx679j: journal mirror: 262143 bytes (file open, kmsg=3 pmsg=4 rd=8)
[ 4770.591151][T22433] nx679j: journal mirror: 262143 bytes (file open, kmsg=3 pmsg=4 rd=8)
[ 4772.085349][  T240] (virq:irq_count)- 11:2492745 6:308653 2:105066 1:63945 35:12702 30:9438 301:6237 28:739 358:422 359:363 
[ 4772.085355][  T240] (cpu:irq_count)- 0:133178 1:830 2:677 3:802 4:1374379 5:3143 6:3670 7:1483722 
[ 4772.085358][  T240] (ipi:irq_count)- 0:63945 1:105066 2:0 3:0 4:0 5:308653 6:0 
[ 4772.643606][T22469] nx679j: journal mirror: 262143 bytes (file open, kmsg=3 pmsg=4 rd=8)
[ 4774.695699][T22505] nx679j: journal mirror: 262143 bytes (file open, kmsg=3 pmsg=4 rd=8)
[ 4776.748145][T22506] nx679j: journal mirror: 262143 bytes (file open, kmsg=3 pmsg=4 rd=8)
[ 4778.800554][T22542] nx679j: journal mirror: 262143 bytes (file open, kmsg=3 pmsg=4 rd=8)
[ 4780.852732][T22578] nx679j: journal mirror: 262143 bytes (file open, kmsg=3 pmsg=4 rd=8)
[ 4781.557346][  T240] (virq:irq_count)- 11:2497718 6:309321 2:105274 1:64195 35:12757 30:9469 301:6237 28:739 358:422 359:363 
[ 4781.557353][  T240] (cpu:irq_count)- 0:133466 1:830 2:677 3:802 4:1377167 5:3159 6:3691 7:1486794 
[ 4781.557356][  T240] (ipi:irq_count)- 0:64195 1:105274 2:0 3:0 4:0 5:309321 6:0 
[ 4782.905224][T22579] nx679j: journal mirror: 262143 bytes (file open, kmsg=3 pmsg=4 rd=8)
[ 4784.957686][T22615] nx679j: journal mirror: 262143 bytes (file open, kmsg=3 pmsg=4 rd=8)
[ 4787.009775][T22651] nx679j: journal mirror: 262143 bytes (file open, kmsg=3 pmsg=4 rd=8)
[ 4789.062239][T22652] nx679j: journal mirror: 262143 bytes (file open, kmsg=3 pmsg=4 rd=8)
[ 4791.029368][  T240] (virq:irq_count)- 11:2502678 6:309973 2:105480 1:64439 35:12803 30:9493 301:6242 28:739 358:422 359:363 
[ 4791.029375][  T240] (cpu:irq_count)- 0:133743 1:830 2:677 3:802 4:1379926 5:3182 6:3706 7:1489857 
[ 4791.029378][  T240] (ipi:irq_count)- 0:64439 1:105480 2:0 3:0 4:0 5:309973 6:0 
[ 4791.114596][T22688] nx679j: journal mirror: 262143 bytes (file open, kmsg=3 pmsg=4 rd=8)
[ 4793.167014][T22724] nx679j: journal mirror: 262143 bytes (file open, kmsg=3 pmsg=4 rd=8)
[ 4795.219377][T22761] nx679j: journal mirror: 262143 bytes (file open, kmsg=3 pmsg=4 rd=8)
[ 4797.271681][T22797] nx679j: journal mirror: 262143 bytes (file open, kmsg=3 pmsg=4 rd=8)
[ 4799.323803][T22833] nx679j: journal mirror: 262143 bytes (file open, kmsg=3 pmsg=4 rd=8)
[ 4800.501364][    T7] (virq:irq_count)- 11:2507699 6:310634 2:105691 1:64765 35:12858 30:9520 301:6307 28:739 358:422 359:363 
[ 4800.501371][    T7] (cpu:irq_count)- 0:134112 1:832 2:677 3:802 4:1382742 5:3197 6:3741 7:1492987 
[ 4800.501374][    T7] (ipi:irq_count)- 0:64765 1:105691 2:0 3:0 4:0 5:310634 6:0 
[ 4801.376259][T22834] nx679j: journal mirror: 262143 bytes (file open, kmsg=3 pmsg=4 rd=8)
[ 4803.428746][T22870] nx679j: journal mirror: 262143 bytes (file open, kmsg=3 pmsg=4 rd=8)
[ 4805.480838][T22906] nx679j: journal mirror: 262143 bytes (file open, kmsg=3 pmsg=4 rd=8)
[ 4807.533330][T22907] nx679j: journal mirror: 262143 bytes (file open, kmsg=3 pmsg=4 rd=8)
[ 4809.585752][T22943] nx679j: journal mirror: 262143 bytes (file open, kmsg=3 pmsg=4 rd=8)
[ 4809.973377][  T240] (virq:irq_count)- 11:2512662 6:311283 2:105897 1:64954 35:12910 30:9547 301:6307 28:739 358:422 359:363 
[ 4809.973383][  T240] (cpu:irq_count)- 0:134392 1:832 2:677 3:802 4:1385512 5:3212 6:3754 7:1495995 
[ 4809.973386][  T240] (ipi:irq_count)- 0:64954 1:105897 2:0 3:0 4:0 5:311283 6:0 
[ 4811.638376][T22979] nx679j: journal mirror: 262143 bytes (file open, kmsg=3 pmsg=4 rd=8)
[ 4813.690652][T23015] nx679j: journal mirror: 262143 bytes (file open, kmsg=3 pmsg=4 rd=8)
[ 4815.742774][T23016] nx679j: journal mirror: 262143 bytes (file open, kmsg=3 pmsg=4 rd=8)
[ 4817.795108][T23052] nx679j: journal mirror: 262143 bytes (file open, kmsg=3 pmsg=4 rd=8)
[ 4819.445348][    T7] (virq:irq_count)- 11:2517625 6:311945 2:106099 1:65210 35:12954 30:9569 301:6307 28:739 358:422 359:363 
[ 4819.445354][    T7] (cpu:irq_count)- 0:134656 1:832 2:677 3:802 4:1388301 5:3251 6:3780 7:1499026 
[ 4819.445357][    T7] (ipi:irq_count)- 0:65210 1:106099 2:0 3:0 4:0 5:311945 6:0 
[ 4819.847215][T23088] nx679j: journal mirror: 262143 bytes (file open, kmsg=3 pmsg=4 rd=8)
[ 4821.899843][T23089] nx679j: journal mirror: 262143 bytes (file open, kmsg=3 pmsg=4 rd=8)
[ 4823.952190][T23125] nx679j: journal mirror: 262143 bytes (file open, kmsg=3 pmsg=4 rd=8)
[ 4826.004245][T23161] nx679j: journal mirror: 262143 bytes (file open, kmsg=3 pmsg=4 rd=8)
[ 4828.056730][T23162] nx679j: journal mirror: 262143 bytes (file open, kmsg=3 pmsg=4 rd=8)
[ 4828.917367][    T7] (virq:irq_count)- 11:2522592 6:312594 2:106304 1:65462 35:13002 30:9596 301:6317 28:739 358:422 359:363 
[ 4828.917374][    T7] (cpu:irq_count)- 0:134947 1:833 2:677 3:802 4:1391090 5:3266 6:3799 7:1502069 
[ 4828.917377][    T7] (ipi:irq_count)- 0:65462 1:106304 2:0 3:0 4:0 5:312594 6:0 
[ 4830.109237][T23198] nx679j: journal mirror: 262143 bytes (file open, kmsg=3 pmsg=4 rd=8)
[ 4832.161435][T23236] nx679j: journal mirror: 262143 bytes (file open, kmsg=3 pmsg=4 rd=8)
[ 4834.213826][T23237] nx679j: journal mirror: 262143 bytes (file open, kmsg=3 pmsg=4 rd=8)
[ 4836.266146][T23273] nx679j: journal mirror: 262143 bytes (file open, kmsg=3 pmsg=4 rd=8)
[ 4838.318330][T23309] nx679j: journal mirror: 262143 bytes (file open, kmsg=3 pmsg=4 rd=8)
[ 4838.389347][    T7] (virq:irq_count)- 11:2527575 6:313249 2:106512 1:65673 35:13057 30:9623 301:6346 28:739 358:422 359:363 
[ 4838.389353][    T7] (cpu:irq_count)- 0:135276 1:833 2:677 3:802 4:1393841 5:3278 6:3828 7:1505116 
[ 4838.389356][    T7] (ipi:irq_count)- 0:65673 1:106512 2:0 3:0 4:0 5:313249 6:0 
[ 4840.370820][T23310] nx679j: journal mirror: 262143 bytes (file open, kmsg=3 pmsg=4 rd=8)
[ 4842.423278][T23346] nx679j: journal mirror: 262143 bytes (file open, kmsg=3 pmsg=4 rd=8)
[ 4844.475371][T23382] nx679j: journal mirror: 262143 bytes (file open, kmsg=3 pmsg=4 rd=8)
[ 4846.527820][T23383] nx679j: journal mirror: 262143 bytes (file open, kmsg=3 pmsg=4 rd=8)
[ 4847.861348][  T240] (virq:irq_count)- 11:2532536 6:313897 2:106714 1:65919 35:13103 30:9647 301:6349 28:739 358:422 359:363 
[ 4847.861354][  T240] (cpu:irq_count)- 0:135547 1:833 2:677 3:802 4:1396606 5:3305 6:3839 7:1508172 
[ 4847.861357][  T240] (ipi:irq_count)- 0:65919 1:106714 2:0 3:0 4:0 5:313897 6:0 
[ 4848.580280][T23419] nx679j: journal mirror: 262143 bytes (file open, kmsg=3 pmsg=4 rd=8)
[ 4850.632359][T23455] nx679j: journal mirror: 262143 bytes (file open, kmsg=3 pmsg=4 rd=8)
[ 4852.684961][T23456] nx679j: journal mirror: 262143 bytes (file open, kmsg=3 pmsg=4 rd=8)
[ 4854.737379][T23495] nx679j: journal mirror: 262143 bytes (file open, kmsg=3 pmsg=4 rd=8)
[ 4856.789481][T23531] nx679j: journal mirror: 262143 bytes (file open, kmsg=3 pmsg=4 rd=8)
[ 4857.333377][  T240] (virq:irq_count)- 11:2537522 6:314573 2:106925 1:66242 35:13163 30:9678 301:6374 28:739 358:422 359:363 
[ 4857.333385][  T240] (cpu:irq_count)- 0:135877 1:833 2:677 3:802 4:1399450 5:3322 6:3873 7:1511259 
[ 4857.333389][  T240] (ipi:irq_count)- 0:66242 1:106925 2:0 3:0 4:0 5:314573 6:0 
[ 4858.841915][T23532] nx679j: journal mirror: 262143 bytes (file open, kmsg=3 pmsg=4 rd=8)
[ 4860.894299][T23568] nx679j: journal mirror: 262143 bytes (file open, kmsg=3 pmsg=4 rd=8)
[ 4862.946501][T23604] nx679j: journal mirror: 262143 bytes (file open, kmsg=3 pmsg=4 rd=8)
[ 4864.998898][T23605] nx679j: journal mirror: 262143 bytes (file open, kmsg=3 pmsg=4 rd=8)
[ 4866.805369][  T240] (virq:irq_count)- 11:2542481 6:315216 2:107133 1:66420 35:13209 30:9702 301:6374 28:739 358:422 359:363 
[ 4866.805376][  T240] (cpu:irq_count)- 0:136150 1:833 2:677 3:802 4:1402203 5:3335 6:3889 7:1514262 
[ 4866.805379][  T240] (ipi:irq_count)- 0:66420 1:107133 2:0 3:0 4:0 5:315216 6:0 
[ 4867.051335][T23641] nx679j: journal mirror: 262143 bytes (file open, kmsg=3 pmsg=4 rd=8)
[ 4869.103623][T23677] nx679j: journal mirror: 262143 bytes (file open, kmsg=3 pmsg=4 rd=8)
[ 4871.155913][T23713] nx679j: journal mirror: 262143 bytes (file open, kmsg=3 pmsg=4 rd=8)
[ 4873.208356][T23717] nx679j: journal mirror: 262143 bytes (file open, kmsg=3 pmsg=4 rd=8)
[ 4875.260658][T23753] nx679j: journal mirror: 262143 bytes (file open, kmsg=3 pmsg=4 rd=8)
[ 4876.277376][T17627] (virq:irq_count)- 11:2547462 6:315883 2:107341 1:66659 35:13263 30:9729 301:6399 28:739 358:422 359:363 
[ 4876.277383][T17627] (cpu:irq_count)- 0:136468 1:833 2:677 3:802 4:1404976 5:3362 6:3909 7:1517325 
[ 4876.277386][T17627] (ipi:irq_count)- 0:66659 1:107341 2:0 3:0 4:0 5:315883 6:0 
[ 4877.312811][T23789] nx679j: journal mirror: 262143 bytes (file open, kmsg=3 pmsg=4 rd=8)
[ 4879.365318][T23790] nx679j: journal mirror: 262143 bytes (file open, kmsg=3 pmsg=4 rd=8)
[ 4881.417933][T23826] nx679j: journal mirror: 262143 bytes (file open, kmsg=3 pmsg=4 rd=8)
[ 4883.469903][T23862] nx679j: journal mirror: 262143 bytes (file open, kmsg=3 pmsg=4 rd=8)
[ 4885.522379][T23863] nx679j: journal mirror: 262143 bytes (file open, kmsg=3 pmsg=4 rd=8)
[ 4885.749367][  T240] (virq:irq_count)- 11:2552427 6:316527 2:107549 1:66902 35:13313 30:9756 301:6403 28:739 358:422 359:363 
[ 4885.749373][  T240] (cpu:irq_count)- 0:136753 1:833 2:677 3:802 4:1407779 5:3376 6:3926 7:1520347 
[ 4885.749376][  T240] (ipi:irq_count)- 0:66902 1:107549 2:0 3:0 4:0 5:316527 6:0 
[ 4887.574742][T23899] nx679j: journal mirror: 262143 bytes (file open, kmsg=3 pmsg=4 rd=8)
[ 4889.626916][T23935] nx679j: journal mirror: 262143 bytes (file open, kmsg=3 pmsg=4 rd=8)
[ 4891.679369][T23936] nx679j: journal mirror: 262143 bytes (file open, kmsg=3 pmsg=4 rd=8)
[ 4893.731745][T23972] nx679j: journal mirror: 262143 bytes (file open, kmsg=3 pmsg=4 rd=8)
[ 4895.221354][T17627] (virq:irq_count)- 11:2557388 6:317173 2:107756 1:67072 35:13357 30:9780 301:6404 28:739 358:422 359:363 
[ 4895.221363][T17627] (cpu:irq_count)- 0:137024 1:833 2:677 3:802 4:1410561 5:3389 6:3941 7:1523319 
[ 4895.221366][T17627] (ipi:irq_count)- 0:67072 1:107756 2:0 3:0 4:0 5:317173 6:0 
[ 4895.783862][T24008] nx679j: journal mirror: 262143 bytes (file open, kmsg=3 pmsg=4 rd=8)
[ 4897.836470][T24009] nx679j: journal mirror: 262143 bytes (file open, kmsg=3 pmsg=4 rd=8)
[ 4899.888900][T24048] nx679j: journal mirror: 262143 bytes (file open, kmsg=3 pmsg=4 rd=8)
[ 4901.941213][T24084] nx679j: journal mirror: 262143 bytes (file open, kmsg=3 pmsg=4 rd=8)
[ 4903.993674][T24089] nx679j: journal mirror: 262143 bytes (file open, kmsg=3 pmsg=4 rd=8)
[ 4904.693370][  T240] (virq:irq_count)- 11:2562385 6:317845 2:107968 1:67336 35:13417 30:9807 301:6456 28:739 358:422 359:363 
[ 4904.693377][  T240] (cpu:irq_count)- 0:137389 1:834 2:677 3:802 4:1413362 5:3400 6:3970 7:1526396 
[ 4904.693380][  T240] (ipi:irq_count)- 0:67336 1:107968 2:0 3:0 4:0 5:317845 6:0 
[ 4906.045870][T24125] nx679j: journal mirror: 262143 bytes (file open, kmsg=3 pmsg=4 rd=8)
[ 4908.097963][T24161] nx679j: journal mirror: 262143 bytes (file open, kmsg=3 pmsg=4 rd=8)
[ 4910.150468][T24162] nx679j: journal mirror: 262143 bytes (file open, kmsg=3 pmsg=4 rd=8)
[ 4912.202870][T24198] nx679j: journal mirror: 262143 bytes (file open, kmsg=3 pmsg=4 rd=8)
[ 4914.165357][T17627] (virq:irq_count)- 11:2567346 6:318487 2:108175 1:67571 35:13463 30:9831 301:6459 28:739 358:422 359:363 
[ 4914.165363][T17627] (cpu:irq_count)- 0:137666 1:834 2:677 3:802 4:1416126 5:3412 6:3987 7:1529444 
[ 4914.165366][T17627] (ipi:irq_count)- 0:67571 1:108175 2:0 3:0 4:0 5:318487 6:0 
[ 4914.254994][T24234] nx679j: journal mirror: 262143 bytes (file open, kmsg=3 pmsg=4 rd=8)
[ 4914.706078][  T240] ipa ipa_smmu_perph_cb_probe:10174 cb 2 is disabled
[ 4914.706095][  T240] ipa ipa_smmu_perph_cb_probe:10174 cb 5 is disabled
[ 4914.706098][  T240] ipa ipa_smmu_perph_cb_probe:10174 cb 6 is disabled
[ 4914.731960][  T240] IPA FW loaded successfully
[ 4914.732343][  T240] gsi soc:qcom,msm_gsi: gsi_register_device:1534 GSI irq is wake enabled 40
[ 4914.732405][  T240] gsi soc:qcom,msm_gsi: saved msi 0 msg data 0 addr 0x00**************
[ 4914.732431][  T240] gsi soc:qcom,msm_gsi: saved msi 1 msg data 1 addr 0x00**************
[ 4914.735850][  T240] ipa ipa3_rmnet_ctl_register_pm_client:739 rmnet_ctl register done
[ 4914.735863][  T240] ipa ipa3_rmnet_ll_register_pm_client:964 rmnet_ll register done
[ 4914.735869][  T240] IPA driver is now in ready state
[ 4914.735883][  T240] ipa-lnx-stats ipa_spearhead_stats_ioctl_init:1856 IPA ipa_lnx_stats_ioctl major(497) initial ok :>>>>
[ 4914.735885][  T240] ipa-lnx-stats ipa_spearhead_stats_init:1884 IPA_LNX_STATS_IOCTL init success
[ 4914.735887][  T240] IPA driver initialization was successful.
[ 4914.735891][  T120] rmnet_ipa3 started initialization
[ 4914.735893][  T120] IPA SSR support = True
[ 4914.735894][  T120] IPA SG support = True
[ 4914.735895][  T120] IPA Napi Enable = True
[ 4914.735896][  T120] using default for wan-rx-desc-size = 256
[ 4914.736452][  T120] ipa-wan ipa3_wwan_register_netdev_pm_client:3474 rmnet_ipa%d register done
[ 4914.736587][  T120] ipa-wan ipa3_wwan_probe:3669 rmnet_ipa completed initialization
[ 4914.737085][T17627] Sending QMI_IPA_INIT_MODEM_DRIVER_REQ_V01
[ 4914.737660][    T7] ipa-wan ipa3_handle_indication_req:144 not send indication
[ 4914.776488][  T240] ipa ipa3_uc_wdi_event_log_info_handler:373 WDI protocol missing 0x1
[ 4914.776491][  T240] ipa ipa3_uc_ntn_event_log_info_handler:19 NTN protocol missing 0x1
[ 4914.776504][  T240] ipa ipa_pc_qmp_enable:11184 mailbox channel request failed, ret=-19
[ 4914.883215][T17627] QMI_IPA_INIT_MODEM_DRIVER_REQ_V01 response received
[ 4916.307586][T24235] nx679j: journal mirror: 262143 bytes (file open, kmsg=3 pmsg=4 rd=8)
[ 4918.360861][T24332] nx679j: journal mirror: 262143 bytes (file open, kmsg=3 pmsg=4 rd=8)
[ 4918.453015][  T120] sd 0:0:0:4: [sde] Synchronizing SCSI cache
[ 4920.412986][T24399] nx679j: journal mirror: 262143 bytes (file open, kmsg=3 pmsg=4 rd=8)
[ 4922.465597][T24449] nx679j: journal mirror: 262143 bytes (file open, kmsg=3 pmsg=4 rd=8)
[ 4923.637340][  T240] (virq:irq_count)- 11:2572375 6:319234 2:108404 1:68136 35:13562 30:9874 301:6497 28:750 358:422 359:374 
[ 4923.637347][  T240] (cpu:irq_count)- 0:138135 1:834 2:677 3:802 4:1418980 5:3456 6:4060 7:1532809 
[ 4923.637350][  T240] (ipi:irq_count)- 0:68136 1:108404 2:0 3:0 4:0 5:319234 6:0 
[ 4924.517922][T24464] nx679j: journal mirror: 262143 bytes (file open, kmsg=3 pmsg=4 rd=8)
[ 4926.570275][T24514] nx679j: journal mirror: 262143 bytes (file open, kmsg=3 pmsg=4 rd=8)
[ 4928.622489][T24564] nx679j: journal mirror: 262143 bytes (file open, kmsg=3 pmsg=4 rd=8)
[ 4930.674925][T24579] nx679j: journal mirror: 262143 bytes (file open, kmsg=3 pmsg=4 rd=8)
[ 4932.727520][T24629] nx679j: journal mirror: 262143 bytes (file open, kmsg=3 pmsg=4 rd=8)
[ 4933.109333][T17627] (virq:irq_count)- 11:2577355 6:319897 2:108616 1:68332 35:13614 30:9901 301:6497 28:750 358:422 359:374 
[ 4933.109339][T17627] (cpu:irq_count)- 0:138422 1:834 2:677 3:802 4:1421689 5:3465 6:4079 7:1535915 
[ 4933.109342][T17627] (ipi:irq_count)- 0:68332 1:108616 2:0 3:0 4:0 5:319897 6:0 
[ 4934.779627][T24683] nx679j: journal mirror: 262143 bytes (file open, kmsg=3 pmsg=4 rd=8)
[ 4936.831990][T24701] nx679j: journal mirror: 262143 bytes (file open, kmsg=3 pmsg=4 rd=8)
[ 4938.884450][T24751] nx679j: journal mirror: 262143 bytes (file open, kmsg=3 pmsg=4 rd=8)
[ 4940.936400][T24801] nx679j: journal mirror: 262143 bytes (file open, kmsg=3 pmsg=4 rd=8)
[ 4942.581335][T17627] (virq:irq_count)- 11:2582334 6:320557 2:108823 1:68581 35:13661 30:9925 301:6497 28:750 358:422 359:374 
[ 4942.581343][T17627] (cpu:irq_count)- 0:138694 1:834 2:677 3:802 4:1424441 5:3487 6:4097 7:1539017 
[ 4942.581346][T17627] (ipi:irq_count)- 0:68581 1:108823 2:0 3:0 4:0 5:320557 6:0 
[ 4942.989027][T24816] nx679j: journal mirror: 262143 bytes (file open, kmsg=3 pmsg=4 rd=8)
[ 4945.041388][T24866] nx679j: journal mirror: 262143 bytes (file open, kmsg=3 pmsg=4 rd=8)
[ 4947.093483][T24916] nx679j: journal mirror: 262143 bytes (file open, kmsg=3 pmsg=4 rd=8)
[ 4949.146104][T24931] nx679j: journal mirror: 262143 bytes (file open, kmsg=3 pmsg=4 rd=8)
[ 4951.198534][T24981] nx679j: journal mirror: 262143 bytes (file open, kmsg=3 pmsg=4 rd=8)
[ 4952.053343][T17627] (virq:irq_count)- 11:2587317 6:321207 2:109034 1:68839 35:13713 30:9952 301:6510 28:750 358:422 359:374 
[ 4952.053350][T17627] (cpu:irq_count)- 0:138995 1:834 2:677 3:802 4:1427205 5:3491 6:4113 7:1542126 
[ 4952.053353][T17627] (ipi:irq_count)- 0:68839 1:109034 2:0 3:0 4:0 5:321207 6:0 
[ 4953.250761][T25031] nx679j: journal mirror: 262143 bytes (file open, kmsg=3 pmsg=4 rd=8)
[ 4955.303175][T25046] nx679j: journal mirror: 262143 bytes (file open, kmsg=3 pmsg=4 rd=8)
[ 4957.356160][T25096] nx679j: journal mirror: 262143 bytes (file open, kmsg=3 pmsg=4 rd=8)
[ 4959.408257][T25146] nx679j: journal mirror: 262143 bytes (file open, kmsg=3 pmsg=4 rd=8)
[ 4961.460800][T25161] nx679j: journal mirror: 262143 bytes (file open, kmsg=3 pmsg=4 rd=8)
[ 4961.525340][T17627] (virq:irq_count)- 11:2592299 6:321853 2:109241 1:69051 35:13761 30:9979 301:6510 28:750 358:422 359:374 
[ 4961.525346][T17627] (cpu:irq_count)- 0:139272 1:834 2:677 3:802 4:1429979 5:3501 6:4136 7:1545164 
[ 4961.525348][T17627] (ipi:irq_count)- 0:69051 1:109241 2:0 3:0 4:0 5:321853 6:0 
[ 4963.513228][T25211] nx679j: journal mirror: 262143 bytes (file open, kmsg=3 pmsg=4 rd=8)
[ 4965.565381][T25261] nx679j: journal mirror: 262143 bytes (file open, kmsg=3 pmsg=4 rd=8)
[ 4967.617939][T25276] nx679j: journal mirror: 262143 bytes (file open, kmsg=3 pmsg=4 rd=8)
[ 4969.670396][T25326] nx679j: journal mirror: 262143 bytes (file open, kmsg=3 pmsg=4 rd=8)
[ 4970.997323][T17627] (virq:irq_count)- 11:2597275 6:322499 2:109452 1:69224 35:13805 30:10003 301:6513 28:750 358:422 359:374 
[ 4970.997329][T17627] (cpu:irq_count)- 0:139549 1:834 2:677 3:802 4:1432714 5:3507 6:4148 7:1548211 
[ 4970.997332][T17627] (ipi:irq_count)- 0:69224 1:109452 2:0 3:0 4:0 5:322499 6:0 
[ 4971.722461][T25376] nx679j: journal mirror: 262143 bytes (file open, kmsg=3 pmsg=4 rd=8)
[ 4973.775076][T25391] nx679j: journal mirror: 262143 bytes (file open, kmsg=3 pmsg=4 rd=8)
[ 4975.827433][T25443] nx679j: journal mirror: 262143 bytes (file open, kmsg=3 pmsg=4 rd=8)
[ 4977.879586][T25493] nx679j: journal mirror: 262143 bytes (file open, kmsg=3 pmsg=4 rd=8)
[ 4979.932034][T25550] nx679j: journal mirror: 262143 bytes (file open, kmsg=3 pmsg=4 rd=8)
[ 4980.469068][  T240] (virq:irq_count)- 11:2602274 6:323159 2:109662 1:69507 35:13856 30:10028 301:6545 28:750 358:422 359:374 
[ 4980.469074][  T240] (cpu:irq_count)- 0:139873 1:835 2:677 3:802 4:1435475 5:3527 6:4169 7:1551344 
[ 4980.469077][  T240] (ipi:irq_count)- 0:69507 1:109662 2:0 3:0 4:0 5:323159 6:0 
[ 4981.984409][T25565] nx679j: journal mirror: 262143 bytes (file open, kmsg=3 pmsg=4 rd=8)
[ 4984.036843][T25615] nx679j: journal mirror: 262143 bytes (file open, kmsg=3 pmsg=4 rd=8)
[ 4986.088968][T25674] nx679j: journal mirror: 262143 bytes (file open, kmsg=3 pmsg=4 rd=8)
[ 4988.141553][T25689] nx679j: journal mirror: 262143 bytes (file open, kmsg=3 pmsg=4 rd=8)
[ 4989.941329][T17627] (virq:irq_count)- 11:2607318 6:323849 2:109877 1:69836 35:13911 30:10052 301:6699 28:750 358:422 359:374 
[ 4989.941335][T17627] (cpu:irq_count)- 0:140360 1:838 2:677 3:802 4:1438286 5:3559 6:4194 7:1554497 
[ 4989.941339][T17627] (ipi:irq_count)- 0:69836 1:109877 2:0 3:0 4:0 5:323849 6:0 
[ 4990.193938][T25739] nx679j: journal mirror: 262143 bytes (file open, kmsg=3 pmsg=4 rd=8)
[ 4992.246048][T25789] nx679j: journal mirror: 262143 bytes (file open, kmsg=3 pmsg=4 rd=8)
[ 4994.298685][T25804] nx679j: journal mirror: 262143 bytes (file open, kmsg=3 pmsg=4 rd=8)
[ 4996.351031][T25854] nx679j: journal mirror: 262143 bytes (file open, kmsg=3 pmsg=4 rd=8)
[ 4998.403386][T25904] nx679j: journal mirror: 262143 bytes (file open, kmsg=3 pmsg=4 rd=8)
[ 4999.413358][T17627] (virq:irq_count)- 11:2612336 6:324545 2:110093 1:70199 35:13978 30:10083 301:6728 28:750 358:422 359:374 
[ 4999.413366][T17627] (cpu:irq_count)- 0:140706 1:838 2:677 3:802 4:1441096 5:3580 6:4249 7:1557685 
[ 4999.413369][T17627] (ipi:irq_count)- 0:70199 1:110093 2:0 3:0 4:0 5:324545 6:0 
[ 5000.455823][T25925] nx679j: journal mirror: 262143 bytes (file open, kmsg=3 pmsg=4 rd=8)
[ 5002.508244][T25975] nx679j: journal mirror: 262143 bytes (file open, kmsg=3 pmsg=4 rd=8)
[ 5004.560361][T26025] nx679j: journal mirror: 262143 bytes (file open, kmsg=3 pmsg=4 rd=8)
[ 5006.612976][T26040] nx679j: journal mirror: 262143 bytes (file open, kmsg=3 pmsg=4 rd=8)
[ 5008.665423][T26099] nx679j: journal mirror: 262143 bytes (file open, kmsg=3 pmsg=4 rd=8)
[ 5008.885375][T17627] (virq:irq_count)- 11:2617342 6:325215 2:110305 1:70487 35:14031 30:10110 301:6760 28:750 358:422 359:374 
[ 5008.885381][T17627] (cpu:irq_count)- 0:141035 1:839 2:677 3:802 4:1443930 5:3596 6:4269 7:1560773 
[ 5008.885384][T17627] (ipi:irq_count)- 0:70487 1:110305 2:0 3:0 4:0 5:325215 6:0 
[ 5010.717482][T26149] nx679j: journal mirror: 262143 bytes (file open, kmsg=3 pmsg=4 rd=8)
[ 5012.769984][T26164] nx679j: journal mirror: 262143 bytes (file open, kmsg=3 pmsg=4 rd=8)
[ 5014.822411][T26214] nx679j: journal mirror: 262143 bytes (file open, kmsg=3 pmsg=4 rd=8)
[ 5016.874769][T26264] nx679j: journal mirror: 262143 bytes (file open, kmsg=3 pmsg=4 rd=8)
[ 5018.357331][T17627] (virq:irq_count)- 11:2622339 6:325871 2:110519 1:70723 35:14081 30:10134 301:6789 28:750 358:422 359:374 
[ 5018.357341][T17627] (cpu:irq_count)- 0:141358 1:839 2:677 3:802 4:1446746 5:3602 6:4291 7:1563812 
[ 5018.357345][T17627] (ipi:irq_count)- 0:70723 1:110519 2:0 3:0 4:0 5:325871 6:0 
[ 5018.927111][T26286] nx679j: journal mirror: 262143 bytes (file open, kmsg=3 pmsg=4 rd=8)
[ 5020.979506][T26336] nx679j: journal mirror: 262143 bytes (file open, kmsg=3 pmsg=4 rd=8)
[ 5023.031643][T26393] nx679j: journal mirror: 262143 bytes (file open, kmsg=3 pmsg=4 rd=8)
[ 5025.084189][T26408] nx679j: journal mirror: 262143 bytes (file open, kmsg=3 pmsg=4 rd=8)
[ 5027.136583][T26463] nx679j: journal mirror: 262143 bytes (file open, kmsg=3 pmsg=4 rd=8)
[ 5027.829337][T17627] (virq:irq_count)- 11:2627354 6:326551 2:110728 1:70964 35:14138 30:10161 301:6844 28:750 358:422 359:374 
[ 5027.829346][T17627] (cpu:irq_count)- 0:141722 1:839 2:677 3:802 4:1449570 5:3614 6:4322 7:1566865 
[ 5027.829350][T17627] (ipi:irq_count)- 0:70964 1:110728 2:0 3:0 4:0 5:326551 6:0 
[ 5029.188985][T26513] nx679j: journal mirror: 262143 bytes (file open, kmsg=3 pmsg=4 rd=8)
[ 5031.241380][T26531] nx679j: journal mirror: 262143 bytes (file open, kmsg=3 pmsg=4 rd=8)
[ 5033.293735][T26581] nx679j: journal mirror: 262143 bytes (file open, kmsg=3 pmsg=4 rd=8)
[ 5035.346120][T26631] nx679j: journal mirror: 262143 bytes (file open, kmsg=3 pmsg=4 rd=8)
[ 5037.301354][T24304] (virq:irq_count)- 11:2632346 6:327232 2:110937 1:71261 35:14193 30:10185 301:6869 28:752 358:422 359:376 
[ 5037.301361][T24304] (cpu:irq_count)- 0:142045 1:840 2:677 3:802 4:1452394 5:3630 6:4348 7:1569962 
[ 5037.301364][T24304] (ipi:irq_count)- 0:71261 1:110937 2:0 3:0 4:0 5:327232 6:0 
[ 5037.398480][T26681] nx679j: journal mirror: 262143 bytes (file open, kmsg=3 pmsg=4 rd=8)
[ 5039.450729][T26687] nx679j: journal mirror: 262143 bytes (file open, kmsg=3 pmsg=4 rd=8)
[ 5041.502995][T26728] nx679j: journal mirror: 262143 bytes (file open, kmsg=3 pmsg=4 rd=8)
[ 5043.555067][T26764] nx679j: journal mirror: 262143 bytes (file open, kmsg=3 pmsg=4 rd=8)
[ 5045.607707][T26765] nx679j: journal mirror: 262143 bytes (file open, kmsg=3 pmsg=4 rd=8)
[ 5046.773365][T24304] (virq:irq_count)- 11:2637318 6:327894 2:111142 1:71537 35:14249 30:10212 301:6873 28:752 358:422 359:376 
[ 5046.773371][T24304] (cpu:irq_count)- 0:142333 1:840 2:677 3:802 4:1455173 5:3650 6:4371 7:1573054 
[ 5046.773374][T24304] (ipi:irq_count)- 0:71537 1:111142 2:0 3:0 4:0 5:327894 6:0 
[ 5047.660087][T26801] nx679j: journal mirror: 262143 bytes (file open, kmsg=3 pmsg=4 rd=8)
[ 5049.712183][T26837] nx679j: journal mirror: 262143 bytes (file open, kmsg=3 pmsg=4 rd=8)
[ 5051.764706][T26838] nx679j: journal mirror: 262143 bytes (file open, kmsg=3 pmsg=4 rd=8)
[ 5053.817120][T26874] nx679j: journal mirror: 262143 bytes (file open, kmsg=3 pmsg=4 rd=8)
[ 5055.869214][T26910] nx679j: journal mirror: 262143 bytes (file open, kmsg=3 pmsg=4 rd=8)
[ 5056.245365][  T240] (virq:irq_count)- 11:2642284 6:328530 2:111348 1:71769 35:14299 30:10239 301:6876 28:752 358:422 359:376 
[ 5056.245371][  T240] (cpu:irq_count)- 0:142615 1:840 2:677 3:802 4:1457952 5:3654 6:4385 7:1576095 
[ 5056.245374][  T240] (ipi:irq_count)- 0:71769 1:111348 2:0 3:0 4:0 5:328530 6:0 
[ 5057.921837][T26911] nx679j: journal mirror: 262143 bytes (file open, kmsg=3 pmsg=4 rd=8)
[ 5059.974200][T26947] nx679j: journal mirror: 262143 bytes (file open, kmsg=3 pmsg=4 rd=8)
[ 5062.026250][T26988] nx679j: journal mirror: 262143 bytes (file open, kmsg=3 pmsg=4 rd=8)
[ 5064.078719][T26989] nx679j: journal mirror: 262143 bytes (file open, kmsg=3 pmsg=4 rd=8)
[ 5065.717367][T17627] (virq:irq_count)- 11:2647263 6:329203 2:111559 1:72010 35:14357 30:10267 301:6906 28:752 358:422 359:376 
[ 5065.717374][T17627] (cpu:irq_count)- 0:142946 1:840 2:677 3:802 4:1460744 5:3676 6:4401 7:1579154 
[ 5065.717377][T17627] (ipi:irq_count)- 0:72010 1:111559 2:0 3:0 4:0 5:329203 6:0 
[ 5066.131136][T27025] nx679j: journal mirror: 262143 bytes (file open, kmsg=3 pmsg=4 rd=8)
[ 5068.183221][T27061] nx679j: journal mirror: 262143 bytes (file open, kmsg=3 pmsg=4 rd=8)
[ 5070.235847][T27062] nx679j: journal mirror: 262143 bytes (file open, kmsg=3 pmsg=4 rd=8)
[ 5072.288206][T27123] nx679j: journal mirror: 262143 bytes (file open, kmsg=3 pmsg=4 rd=8)
[ 5074.340298][T27163] nx679j: journal mirror: 262143 bytes (file open, kmsg=3 pmsg=4 rd=8)
[ 5075.189376][T24304] (virq:irq_count)- 11:2652254 6:329881 2:111768 1:72331 35:14412 30:10294 301:6941 28:752 358:422 359:376 
[ 5075.189386][T24304] (cpu:irq_count)- 0:143281 1:841 2:677 3:802 4:1463564 5:3689 6:4434 7:1582268 
[ 5075.189390][T24304] (ipi:irq_count)- 0:72331 1:111768 2:0 3:0 4:0 5:329881 6:0 
[ 5076.392893][T27168] nx679j: journal mirror: 262143 bytes (file open, kmsg=3 pmsg=4 rd=8)
[ 5078.445282][T27205] nx679j: journal mirror: 262143 bytes (file open, kmsg=3 pmsg=4 rd=8)
[ 5080.497332][T27241] nx679j: journal mirror: 262143 bytes (file open, kmsg=3 pmsg=4 rd=8)
[ 5082.549803][T27242] nx679j: journal mirror: 262143 bytes (file open, kmsg=3 pmsg=4 rd=8)
[ 5084.602232][T27278] nx679j: journal mirror: 262143 bytes (file open, kmsg=3 pmsg=4 rd=8)
[ 5084.661364][T24304] (virq:irq_count)- 11:2657219 6:330540 2:111980 1:72588 35:14463 30:10321 301:6942 28:752 358:422 359:376 
[ 5084.661370][T24304] (cpu:irq_count)- 0:143567 1:841 2:677 3:802 4:1466338 5:3711 6:4447 7:1585345 
[ 5084.661373][T24304] (ipi:irq_count)- 0:72588 1:111980 2:0 3:0 4:0 5:330540 6:0 
[ 5086.654308][T27314] nx679j: journal mirror: 262143 bytes (file open, kmsg=3 pmsg=4 rd=8)
[ 5088.707648][T27321] nx679j: journal mirror: 262143 bytes (file open, kmsg=3 pmsg=4 rd=8)
[ 5090.759326][T27351] nx679j: journal mirror: 262143 bytes (file open, kmsg=3 pmsg=4 rd=8)
[ 5092.811761][T27408] nx679j: journal mirror: 262143 bytes (file open, kmsg=3 pmsg=4 rd=8)
[ 5094.133344][T24304] (virq:irq_count)- 11:2662218 6:331200 2:112188 1:72885 35:14512 30:10345 301:6987 28:752 358:422 359:376 
[ 5094.133351][T24304] (cpu:irq_count)- 0:143897 1:841 2:677 3:802 4:1469121 5:3723 6:4479 7:1588470 
[ 5094.133354][T24304] (ipi:irq_count)- 0:72885 1:112188 2:0 3:0 4:0 5:331200 6:0 
[ 5094.863748][T27444] nx679j: journal mirror: 262143 bytes (file open, kmsg=3 pmsg=4 rd=8)
[ 5096.916282][T27445] nx679j: journal mirror: 262143 bytes (file open, kmsg=3 pmsg=4 rd=8)
[ 5098.968734][T27481] nx679j: journal mirror: 262143 bytes (file open, kmsg=3 pmsg=4 rd=8)
[ 5101.020832][T27517] nx679j: journal mirror: 262143 bytes (file open, kmsg=3 pmsg=4 rd=8)
[ 5103.073380][T27518] nx679j: journal mirror: 262143 bytes (file open, kmsg=3 pmsg=4 rd=8)
[ 5103.605369][T24304] (virq:irq_count)- 11:2667189 6:331856 2:112392 1:73043 35:14558 30:10372 301:6987 28:752 358:422 359:376 
[ 5103.605375][T24304] (cpu:irq_count)- 0:144170 1:841 2:677 3:802 4:1471869 5:3735 6:4495 7:1591483 
[ 5103.605378][T24304] (ipi:irq_count)- 0:73043 1:112392 2:0 3:0 4:0 5:331856 6:0 
[ 5105.125813][T27554] nx679j: journal mirror: 262143 bytes (file open, kmsg=3 pmsg=4 rd=8)
[ 5107.178195][T27590] nx679j: journal mirror: 262143 bytes (file open, kmsg=3 pmsg=4 rd=8)
[ 5109.230550][T27600] nx679j: journal mirror: 262143 bytes (file open, kmsg=3 pmsg=4 rd=8)
[ 5111.283024][T27636] nx679j: journal mirror: 262143 bytes (file open, kmsg=3 pmsg=4 rd=8)
[ 5113.077347][T17627] (virq:irq_count)- 11:2672171 6:332534 2:112608 1:73325 35:14611 30:10396 301:7016 28:752 358:422 359:376 
[ 5113.077353][T17627] (cpu:irq_count)- 0:144502 1:842 2:677 3:802 4:1474682 5:3755 6:4515 7:1594562 
[ 5113.077356][T17627] (ipi:irq_count)- 0:73325 1:112608 2:0 3:0 4:0 5:332534 6:0 
[ 5113.335295][T27672] nx679j: journal mirror: 262143 bytes (file open, kmsg=3 pmsg=4 rd=8)
[ 5115.387824][T27673] nx679j: journal mirror: 262143 bytes (file open, kmsg=3 pmsg=4 rd=8)
[ 5117.440307][T27709] nx679j: journal mirror: 262143 bytes (file open, kmsg=3 pmsg=4 rd=8)
[ 5119.492439][T27749] nx679j: journal mirror: 262143 bytes (file open, kmsg=3 pmsg=4 rd=8)
[ 5121.544920][T27750] nx679j: journal mirror: 262143 bytes (file open, kmsg=3 pmsg=4 rd=8)
[ 5122.549360][T24304] (virq:irq_count)- 11:2677157 6:333205 2:112814 1:73614 35:14667 30:10423 301:7044 28:752 358:422 359:376 
[ 5122.549366][T24304] (cpu:irq_count)- 0:144823 1:842 2:677 3:802 4:1477464 5:3766 6:4541 7:1597685 
[ 5122.549369][T24304] (ipi:irq_count)- 0:73614 1:112814 2:0 3:0 4:0 5:333205 6:0 
[ 5123.597400][T27786] nx679j: journal mirror: 262143 bytes (file open, kmsg=3 pmsg=4 rd=8)
[ 5125.649445][T27822] nx679j: journal mirror: 262143 bytes (file open, kmsg=3 pmsg=4 rd=8)
[ 5127.702080][T27823] nx679j: journal mirror: 262143 bytes (file open, kmsg=3 pmsg=4 rd=8)
[ 5128.322968][T27915] ipa ipa3_set_aggr_limit:4324 set rx_buff_sz config from netmngr 0
[ 5128.326626][T27915] rmnet_ctl driver probed
[ 5129.754487][T27892] nx679j: journal mirror: 262143 bytes (file open, kmsg=3 pmsg=4 rd=8)
[ 5131.806531][T27978] nx679j: journal mirror: 262143 bytes (file open, kmsg=3 pmsg=4 rd=8)
[ 5132.021368][T24304] (virq:irq_count)- 11:2682167 6:333895 2:113029 1:74094 35:14761 30:10458 301:7082 28:754 358:422 359:378 
[ 5132.021374][T24304] (cpu:irq_count)- 0:145255 1:842 2:677 3:802 4:1480275 5:3784 6:4580 7:1600986 
[ 5132.021377][T24304] (ipi:irq_count)- 0:74094 1:113029 2:0 3:0 4:0 5:333895 6:0 
[ 5133.859121][T27979] nx679j: journal mirror: 262143 bytes (file open, kmsg=3 pmsg=4 rd=8)
[ 5135.911517][T28015] nx679j: journal mirror: 262143 bytes (file open, kmsg=3 pmsg=4 rd=8)
[ 5137.963591][T28051] nx679j: journal mirror: 262143 bytes (file open, kmsg=3 pmsg=4 rd=8)
[ 5140.016113][T28052] nx679j: journal mirror: 262143 bytes (file open, kmsg=3 pmsg=4 rd=8)
[ 5141.493368][  T240] (virq:irq_count)- 11:2687142 6:334561 2:113238 1:74393 35:14815 30:10486 301:7082 28:754 358:422 359:378 
[ 5141.493376][  T240] (cpu:irq_count)- 0:145540 1:842 2:677 3:802 4:1483058 5:3795 6:4611 7:1604107 
[ 5141.493379][  T240] (ipi:irq_count)- 0:74393 1:113238 2:0 3:0 4:0 5:334561 6:0 
[ 5142.068623][T28088] nx679j: journal mirror: 262143 bytes (file open, kmsg=3 pmsg=4 rd=8)
[ 5144.120657][T28124] nx679j: journal mirror: 262143 bytes (file open, kmsg=3 pmsg=4 rd=8)
[ 5146.173378][T28160] nx679j: journal mirror: 262143 bytes (file open, kmsg=3 pmsg=4 rd=8)
[ 5148.225702][T28161] nx679j: journal mirror: 262143 bytes (file open, kmsg=3 pmsg=4 rd=8)
[ 5150.278048][T28199] nx679j: journal mirror: 262143 bytes (file open, kmsg=3 pmsg=4 rd=8)
[ 5150.965326][  T240] (virq:irq_count)- 11:2692229 6:335241 2:113500 1:74786 35:14883 30:10548 301:7503 28:754 358:422 359:378 
[ 5150.965332][  T240] (cpu:irq_count)- 0:146417 1:851 2:679 3:804 4:1485846 5:3803 6:4645 7:1607362 
[ 5150.965335][  T240] (ipi:irq_count)- 0:74786 1:113500 2:0 3:0 4:0 5:335241 6:0 
[ 5152.330093][T28235] nx679j: journal mirror: 262143 bytes (file open, kmsg=3 pmsg=4 rd=8)
[ 5154.382687][T28236] nx679j: journal mirror: 262143 bytes (file open, kmsg=3 pmsg=4 rd=8)
[ 5156.435034][T28272] nx679j: journal mirror: 262143 bytes (file open, kmsg=3 pmsg=4 rd=8)
[ 5158.487156][T28308] nx679j: journal mirror: 262143 bytes (file open, kmsg=3 pmsg=4 rd=8)
[ 5160.437345][  T240] (virq:irq_count)- 11:2697201 6:335888 2:113707 1:74957 35:14927 30:10572 301:7505 28:754 358:422 359:378 
[ 5160.437352][  T240] (cpu:irq_count)- 0:146690 1:851 2:679 3:804 4:1488548 5:3813 6:4658 7:1610431 
[ 5160.437355][  T240] (ipi:irq_count)- 0:74957 1:113707 2:0 3:0 4:0 5:335888 6:0 
[ 5160.539746][T28309] nx679j: journal mirror: 262143 bytes (file open, kmsg=3 pmsg=4 rd=8)
[ 5162.592231][T28345] nx679j: journal mirror: 262143 bytes (file open, kmsg=3 pmsg=4 rd=8)
[ 5164.644304][T28385] nx679j: journal mirror: 262143 bytes (file open, kmsg=3 pmsg=4 rd=8)
[ 5166.696860][T28386] nx679j: journal mirror: 262143 bytes (file open, kmsg=3 pmsg=4 rd=8)
[ 5168.749244][T28422] nx679j: journal mirror: 262143 bytes (file open, kmsg=3 pmsg=4 rd=8)
[ 5169.909345][  T240] (virq:irq_count)- 11:2702256 6:336566 2:113921 1:75289 35:14985 30:10599 301:7747 28:754 358:422 359:378 
[ 5169.909352][  T240] (cpu:irq_count)- 0:147289 1:854 2:679 3:804 4:1491320 5:3841 6:4687 7:1613606 
[ 5169.909356][  T240] (ipi:irq_count)- 0:75289 1:113921 2:0 3:0 4:0 5:336566 6:0 
[ 5170.801378][T28458] nx679j: journal mirror: 262143 bytes (file open, kmsg=3 pmsg=4 rd=8)
[ 5172.853861][T28459] nx679j: journal mirror: 262143 bytes (file open, kmsg=3 pmsg=4 rd=8)
[ 5174.906271][T28495] nx679j: journal mirror: 262143 bytes (file open, kmsg=3 pmsg=4 rd=8)
[ 5176.958516][T28531] nx679j: journal mirror: 262143 bytes (file open, kmsg=3 pmsg=4 rd=8)
[ 5179.010917][T28532] nx679j: journal mirror: 262143 bytes (file open, kmsg=3 pmsg=4 rd=8)
[ 5179.381357][T17627] (virq:irq_count)- 11:2707227 6:337210 2:114128 1:75534 35:15035 30:10626 301:7750 28:754 358:422 359:378 
[ 5179.381363][T17627] (cpu:irq_count)- 0:147573 1:854 2:679 3:804 4:1494069 5:3853 6:4696 7:1616699 
[ 5179.381366][T17627] (ipi:irq_count)- 0:75534 1:114128 2:0 3:0 4:0 5:337210 6:0 
[ 5181.063340][T28568] nx679j: journal mirror: 262143 bytes (file open, kmsg=3 pmsg=4 rd=8)
[ 5183.115382][T28604] nx679j: journal mirror: 262143 bytes (file open, kmsg=3 pmsg=4 rd=8)
[ 5185.167989][T28605] nx679j: journal mirror: 262143 bytes (file open, kmsg=3 pmsg=4 rd=8)
[ 5187.220393][T28641] nx679j: journal mirror: 262143 bytes (file open, kmsg=3 pmsg=4 rd=8)
[ 5188.577015][  T120] sd 0:0:0:5: [sdf] Synchronizing SCSI cache
[ 5188.853082][T17627] (virq:irq_count)- 11:2712204 6:337871 2:114340 1:75802 35:15093 30:10661 301:7762 28:756 358:422 359:380 
[ 5188.853087][T17627] (cpu:irq_count)- 0:147889 1:854 2:679 3:804 4:1496835 5:3862 6:4722 7:1619809 
[ 5188.853090][T17627] (ipi:irq_count)- 0:75802 1:114340 2:0 3:0 4:0 5:337871 6:0 
[ 5189.272418][T28677] nx679j: journal mirror: 262143 bytes (file open, kmsg=3 pmsg=4 rd=8)
[ 5191.324948][T28678] nx679j: journal mirror: 262143 bytes (file open, kmsg=3 pmsg=4 rd=8)
[ 5193.377427][T28714] nx679j: journal mirror: 262143 bytes (file open, kmsg=3 pmsg=4 rd=8)
[ 5195.429552][T28750] nx679j: journal mirror: 262143 bytes (file open, kmsg=3 pmsg=4 rd=8)
[ 5197.482154][T28751] nx679j: journal mirror: 262143 bytes (file open, kmsg=3 pmsg=4 rd=8)
[ 5198.325364][T24304] (virq:irq_count)- 11:2717174 6:338530 2:114549 1:76053 35:15142 30:10688 301:7763 28:756 358:422 359:380 
[ 5198.325369][T24304] (cpu:irq_count)- 0:148173 1:854 2:679 3:804 4:1499561 5:3875 6:4751 7:1622923 
[ 5198.325373][T24304] (ipi:irq_count)- 0:76053 1:114549 2:0 3:0 4:0 5:338530 6:0 
[ 5199.534434][T28787] nx679j: journal mirror: 262143 bytes (file open, kmsg=3 pmsg=4 rd=8)
[ 5201.586537][T28823] nx679j: journal mirror: 262143 bytes (file open, kmsg=3 pmsg=4 rd=8)
[ 5203.639026][T28859] nx679j: journal mirror: 262143 bytes (file open, kmsg=3 pmsg=4 rd=8)
[ 5205.691449][T28860] nx679j: journal mirror: 262143 bytes (file open, kmsg=3 pmsg=4 rd=8)
[ 5207.743852][T28896] nx679j: journal mirror: 262143 bytes (file open, kmsg=3 pmsg=4 rd=8)
[ 5207.797347][  T240] (virq:irq_count)- 11:2722150 6:339182 2:114759 1:76346 35:15197 30:10717 301:7766 28:756 358:422 359:380 
[ 5207.797353][  T240] (cpu:irq_count)- 0:148464 1:854 2:679 3:804 4:1502349 5:3901 6:4769 7:1626018 
[ 5207.797357][  T240] (ipi:irq_count)- 0:76346 1:114759 2:0 3:0 4:0 5:339182 6:0 
[ 5209.795898][T28932] nx679j: journal mirror: 262143 bytes (file open, kmsg=3 pmsg=4 rd=8)
[ 5211.848398][T28933] nx679j: journal mirror: 262143 bytes (file open, kmsg=3 pmsg=4 rd=8)
[ 5213.900849][T28969] nx679j: journal mirror: 262143 bytes (file open, kmsg=3 pmsg=4 rd=8)
[ 5215.952921][T29005] nx679j: journal mirror: 262143 bytes (file open, kmsg=3 pmsg=4 rd=8)
[ 5217.269349][T17627] (virq:irq_count)- 11:2727119 6:339831 2:114965 1:76493 35:15243 30:10741 301:7766 28:756 358:422 359:380 
[ 5217.269357][T17627] (cpu:irq_count)- 0:148735 1:854 2:679 3:804 4:1505067 5:3907 6:4785 7:1629048 
[ 5217.269361][T17627] (ipi:irq_count)- 0:76493 1:114965 2:0 3:0 4:0 5:339831 6:0 
[ 5218.005615][T29006] nx679j: journal mirror: 262143 bytes (file open, kmsg=3 pmsg=4 rd=8)
[ 5220.058057][T29042] nx679j: journal mirror: 262143 bytes (file open, kmsg=3 pmsg=4 rd=8)
[ 5222.110067][T29078] nx679j: journal mirror: 262143 bytes (file open, kmsg=3 pmsg=4 rd=8)
[ 5224.162663][T29079] nx679j: journal mirror: 262143 bytes (file open, kmsg=3 pmsg=4 rd=8)
[ 5226.215065][T29115] nx679j: journal mirror: 262143 bytes (file open, kmsg=3 pmsg=4 rd=8)
[ 5226.741360][T17627] (virq:irq_count)- 11:2732094 6:340491 2:115175 1:76752 35:15296 30:10768 301:7766 28:756 358:422 359:380 
[ 5226.741366][T17627] (cpu:irq_count)- 0:149020 1:854 2:679 3:804 4:1507861 5:3924 6:4803 7:1632118 
[ 5226.741370][T17627] (ipi:irq_count)- 0:76752 1:115175 2:0 3:0 4:0 5:340491 6:0 
[ 5228.267155][T29151] nx679j: journal mirror: 262143 bytes (file open, kmsg=3 pmsg=4 rd=8)
[ 5230.319693][T29152] nx679j: journal mirror: 262143 bytes (file open, kmsg=3 pmsg=4 rd=8)
[ 5232.372092][T29188] nx679j: journal mirror: 262143 bytes (file open, kmsg=3 pmsg=4 rd=8)
[ 5234.424168][T29224] nx679j: journal mirror: 262143 bytes (file open, kmsg=3 pmsg=4 rd=8)
[ 5236.213365][  T240] (virq:irq_count)- 11:2737063 6:341144 2:115379 1:76998 35:15343 30:10792 301:7769 28:756 358:422 359:380 
[ 5236.213372][  T240] (cpu:irq_count)- 0:149293 1:854 2:679 3:804 4:1510647 5:3953 6:4817 7:1635162 
[ 5236.213375][  T240] (ipi:irq_count)- 0:76998 1:115379 2:0 3:0 4:0 5:341144 6:0 
[ 5236.476718][T29225] nx679j: journal mirror: 262143 bytes (file open, kmsg=3 pmsg=4 rd=8)
[ 5238.529180][T29261] nx679j: journal mirror: 262143 bytes (file open, kmsg=3 pmsg=4 rd=8)
[ 5240.581255][T29297] nx679j: journal mirror: 262143 bytes (file open, kmsg=3 pmsg=4 rd=8)
[ 5242.633748][T29298] nx679j: journal mirror: 262143 bytes (file open, kmsg=3 pmsg=4 rd=8)
[ 5244.686335][T29334] nx679j: journal mirror: 262143 bytes (file open, kmsg=3 pmsg=4 rd=8)
[ 5245.685357][  T240] (virq:irq_count)- 11:2742036 6:341808 2:115587 1:77260 35:15396 30:10819 301:7771 28:756 358:422 359:380 
[ 5245.685363][  T240] (cpu:irq_count)- 0:149579 1:854 2:679 3:804 4:1513435 5:3973 6:4844 7:1638230 
[ 5245.685366][  T240] (ipi:irq_count)- 0:77260 1:115587 2:0 3:0 4:0 5:341808 6:0 
[ 5246.738255][T29370] nx679j: journal mirror: 262143 bytes (file open, kmsg=3 pmsg=4 rd=8)
[ 5248.790746][T29371] nx679j: journal mirror: 262143 bytes (file open, kmsg=3 pmsg=4 rd=8)
[ 5250.843187][T29407] nx679j: journal mirror: 262143 bytes (file open, kmsg=3 pmsg=4 rd=8)
[ 5252.895232][T29443] nx679j: journal mirror: 262143 bytes (file open, kmsg=3 pmsg=4 rd=8)
[ 5254.947846][T29444] nx679j: journal mirror: 262143 bytes (file open, kmsg=3 pmsg=4 rd=8)
[ 5255.157361][  T240] (virq:irq_count)- 11:2747012 6:342458 2:115791 1:77508 35:15446 30:10846 301:7772 28:756 358:422 359:380 
[ 5255.157367][  T240] (cpu:irq_count)- 0:149856 1:854 2:679 3:804 4:1516200 5:3982 6:4872 7:1641307 
[ 5255.157370][  T240] (ipi:irq_count)- 0:77508 1:115791 2:0 3:0 4:0 5:342458 6:0 
[ 5257.000286][T29480] nx679j: journal mirror: 262143 bytes (file open, kmsg=3 pmsg=4 rd=8)
[ 5259.052666][T29516] nx679j: journal mirror: 262143 bytes (file open, kmsg=3 pmsg=4 rd=8)
[ 5261.104750][T29552] nx679j: journal mirror: 262143 bytes (file open, kmsg=3 pmsg=4 rd=8)
[ 5263.157352][T29553] nx679j: journal mirror: 262143 bytes (file open, kmsg=3 pmsg=4 rd=8)
[ 5264.629357][  T240] (virq:irq_count)- 11:2751983 6:343107 2:115996 1:77705 35:15491 30:10870 301:7773 28:756 358:422 359:380 
[ 5264.629363][  T240] (cpu:irq_count)- 0:150127 1:854 2:679 3:804 4:1518944 5:4000 6:4887 7:1644351 
[ 5264.629367][  T240] (ipi:irq_count)- 0:77705 1:115996 2:0 3:0 4:0 5:343107 6:0 
[ 5265.209719][T29589] nx679j: journal mirror: 262143 bytes (file open, kmsg=3 pmsg=4 rd=8)
[ 5267.261823][T29625] nx679j: journal mirror: 262143 bytes (file open, kmsg=3 pmsg=4 rd=8)
[ 5269.314383][T29626] nx679j: journal mirror: 262143 bytes (file open, kmsg=3 pmsg=4 rd=8)
[ 5271.366782][T29662] nx679j: journal mirror: 262143 bytes (file open, kmsg=3 pmsg=4 rd=8)
[ 5273.418891][T29698] nx679j: journal mirror: 262143 bytes (file open, kmsg=3 pmsg=4 rd=8)
[ 5274.101374][T24304] (virq:irq_count)- 11:2756955 6:343760 2:116203 1:77892 35:15541 30:10897 301:7776 28:756 358:422 359:380 
[ 5274.101379][T24304] (cpu:irq_count)- 0:150411 1:854 2:679 3:804 4:1521709 5:4010 6:4905 7:1647373 
[ 5274.101383][T24304] (ipi:irq_count)- 0:77892 1:116203 2:0 3:0 4:0 5:343760 6:0 
[ 5275.471439][T29699] nx679j: journal mirror: 262143 bytes (file open, kmsg=3 pmsg=4 rd=8)
[ 5277.523841][T29735] nx679j: journal mirror: 262143 bytes (file open, kmsg=3 pmsg=4 rd=8)
[ 5279.575921][T29771] nx679j: journal mirror: 262143 bytes (file open, kmsg=3 pmsg=4 rd=8)
[ 5281.628512][T29772] nx679j: journal mirror: 262143 bytes (file open, kmsg=3 pmsg=4 rd=8)
[ 5283.573369][T24304] (virq:irq_count)- 11:2761923 6:344421 2:116412 1:78193 35:15596 30:10925 301:7779 28:756 358:422 359:380 
[ 5283.573378][T24304] (cpu:irq_count)- 0:150701 1:854 2:679 3:804 4:1524519 5:4023 6:4920 7:1650470 
[ 5283.573381][T24304] (ipi:irq_count)- 0:78193 1:116412 2:0 3:0 4:0 5:344421 6:0 
[ 5283.680962][T29808] nx679j: journal mirror: 262143 bytes (file open, kmsg=3 pmsg=4 rd=8)
[ 5285.733266][T29850] nx679j: journal mirror: 262143 bytes (file open, kmsg=3 pmsg=4 rd=8)
[ 5287.785327][T29865] nx679j: journal mirror: 262143 bytes (file open, kmsg=3 pmsg=4 rd=8)
[ 5289.837574][T29866] nx679j: journal mirror: 262143 bytes (file open, kmsg=3 pmsg=4 rd=8)
[ 5291.889893][T29867] nx679j: journal mirror: 262143 bytes (file open, kmsg=3 pmsg=4 rd=8)
[ 5293.045348][T24304] (virq:irq_count)- 11:2766909 6:345042 2:116616 1:78325 35:15625 30:10940 301:7820 28:758 358:422 359:382 
[ 5293.045354][T24304] (cpu:irq_count)- 0:151006 1:855 2:679 3:804 4:1527249 5:4025 6:4928 7:1653456 
[ 5293.045357][T24304] (ipi:irq_count)- 0:78325 1:116616 2:0 3:0 4:0 5:345042 6:0 
[ 5293.942225][T29868] nx679j: journal mirror: 262143 bytes (file open, kmsg=3 pmsg=4 rd=8)
[ 5295.994551][T29869] nx679j: journal mirror: 262143 bytes (file open, kmsg=3 pmsg=4 rd=8)
[ 5298.046905][T29870] nx679j: journal mirror: 262143 bytes (file open, kmsg=3 pmsg=4 rd=8)
[ 5300.099205][T29871] nx679j: journal mirror: 262143 bytes (file open, kmsg=3 pmsg=4 rd=8)
[ 5302.151580][T29872] nx679j: journal mirror: 262143 bytes (file open, kmsg=3 pmsg=4 rd=8)
[ 5302.517336][  T240] (virq:irq_count)- 11:2771857 6:345644 2:116811 1:78370 35:15645 30:10955 301:7823 28:758 358:422 359:382 
[ 5302.517343][  T240] (cpu:irq_count)- 0:151237 1:855 2:679 3:804 4:1529913 5:4025 6:4931 7:1656386 
[ 5302.517349][  T240] (ipi:irq_count)- 0:78370 1:116811 2:0 3:0 4:0 5:345644 6:0 
[ 5304.203915][T29873] nx679j: journal mirror: 262143 bytes (file open, kmsg=3 pmsg=4 rd=8)
[ 5306.256247][T29874] nx679j: journal mirror: 262143 bytes (file open, kmsg=3 pmsg=4 rd=8)
[ 5308.308593][T29875] nx679j: journal mirror: 262143 bytes (file open, kmsg=3 pmsg=4 rd=8)
[ 5310.360957][T29876] nx679j: journal mirror: 262143 bytes (file open, kmsg=3 pmsg=4 rd=8)
[ 5311.989335][  T240] (virq:irq_count)- 11:2776807 6:346247 2:117006 1:78417 35:15661 30:10967 301:7836 28:758 358:422 359:382 
[ 5311.989340][  T240] (cpu:irq_count)- 0:151474 1:855 2:679 3:804 4:1532602 5:4025 6:4934 7:1659294 
[ 5311.989343][  T240] (ipi:irq_count)- 0:78417 1:117007 2:0 3:0 4:0 5:346247 6:0 
[ 5312.413314][T29877] nx679j: journal mirror: 262143 bytes (file open, kmsg=3 pmsg=4 rd=8)
[ 5314.465671][T29878] nx679j: journal mirror: 262143 bytes (file open, kmsg=3 pmsg=4 rd=8)
[ 5316.517971][T29879] nx679j: journal mirror: 262143 bytes (file open, kmsg=3 pmsg=4 rd=8)
[ 5318.570298][T29880] nx679j: journal mirror: 262143 bytes (file open, kmsg=3 pmsg=4 rd=8)
[ 5320.622623][T29881] nx679j: journal mirror: 262143 bytes (file open, kmsg=3 pmsg=4 rd=8)
[ 5321.461331][T24304] (virq:irq_count)- 11:2781761 6:346848 2:117204 1:78459 35:15681 30:10982 301:7836 28:758 358:422 359:382 
[ 5321.461336][T24304] (cpu:irq_count)- 0:151706 1:855 2:679 3:804 4:1535295 5:4025 6:4937 7:1662195 
[ 5321.461339][T24304] (ipi:irq_count)- 0:78459 1:117204 2:0 3:0 4:0 5:346848 6:0 
[ 5322.674987][T29882] nx679j: journal mirror: 262143 bytes (file open, kmsg=3 pmsg=4 rd=8)
[ 5324.727311][T29883] nx679j: journal mirror: 262143 bytes (file open, kmsg=3 pmsg=4 rd=8)
[ 5326.779656][T29884] nx679j: journal mirror: 262143 bytes (file open, kmsg=3 pmsg=4 rd=8)
[ 5328.831992][T29885] nx679j: journal mirror: 262143 bytes (file open, kmsg=3 pmsg=4 rd=8)
[ 5330.884331][T29886] nx679j: journal mirror: 262143 bytes (file open, kmsg=3 pmsg=4 rd=8)
[ 5330.933316][  T240] (virq:irq_count)- 11:2786715 6:347450 2:117399 1:78505 35:15701 30:10997 301:7839 28:758 358:422 359:382 
[ 5330.933320][  T240] (cpu:irq_count)- 0:151937 1:855 2:679 3:804 4:1537985 5:4025 6:4940 7:1665106 
[ 5330.933323][  T240] (ipi:irq_count)- 0:78505 1:117399 2:0 3:0 4:0 5:347450 6:0 
[ 5332.936687][T29887] nx679j: journal mirror: 262143 bytes (file open, kmsg=3 pmsg=4 rd=8)
[ 5334.989068][T29888] nx679j: journal mirror: 262143 bytes (file open, kmsg=3 pmsg=4 rd=8)
[ 5337.041440][T29889] nx679j: journal mirror: 262143 bytes (file open, kmsg=3 pmsg=4 rd=8)
[ 5339.093755][T29890] nx679j: journal mirror: 262143 bytes (file open, kmsg=3 pmsg=4 rd=8)
[ 5340.405329][  T240] (virq:irq_count)- 11:2791663 6:348051 2:117593 1:78540 35:15717 30:11009 301:7839 28:758 358:422 359:382 
[ 5340.405333][  T240] (cpu:irq_count)- 0:152158 1:855 2:679 3:804 4:1540641 5:4025 6:4943 7:1668033 
[ 5340.405337][  T240] (ipi:irq_count)- 0:78540 1:117594 2:0 3:0 4:0 5:348051 6:0 
[ 5341.146090][T29891] nx679j: journal mirror: 262143 bytes (file open, kmsg=3 pmsg=4 rd=8)
[ 5343.198426][T29892] nx679j: journal mirror: 262143 bytes (file open, kmsg=3 pmsg=4 rd=8)
[ 5345.250775][T29893] nx679j: journal mirror: 262143 bytes (file open, kmsg=3 pmsg=4 rd=8)
[ 5347.303114][T29894] nx679j: journal mirror: 262143 bytes (file open, kmsg=3 pmsg=4 rd=8)
[ 5349.355454][T29895] nx679j: journal mirror: 262143 bytes (file open, kmsg=3 pmsg=4 rd=8)
[ 5349.877332][  T240] (virq:irq_count)- 11:2796614 6:348653 2:117788 1:78580 35:15737 30:11024 301:7839 28:758 358:422 359:382 
[ 5349.877337][  T240] (cpu:irq_count)- 0:152385 1:855 2:679 3:804 4:1543286 5:4025 6:4946 7:1670980 
[ 5349.877340][  T240] (ipi:irq_count)- 0:78580 1:117788 2:0 3:0 4:0 5:348653 6:0 
[ 5351.407797][T29896] nx679j: journal mirror: 262143 bytes (file open, kmsg=3 pmsg=4 rd=8)
[ 5353.460138][T29897] nx679j: journal mirror: 262143 bytes (file open, kmsg=3 pmsg=4 rd=8)
[ 5355.512476][T29898] nx679j: journal mirror: 262143 bytes (file open, kmsg=3 pmsg=4 rd=8)
[ 5357.564820][T29899] nx679j: journal mirror: 262143 bytes (file open, kmsg=3 pmsg=4 rd=8)
[ 5359.349330][  T240] (virq:irq_count)- 11:2801563 6:349256 2:117982 1:78620 35:15753 30:11036 301:7842 28:758 358:422 359:382 
[ 5359.349335][  T240] (cpu:irq_count)- 0:152610 1:855 2:679 3:804 4:1545934 5:4025 6:4949 7:1673921 
[ 5359.349338][  T240] (ipi:irq_count)- 0:78620 1:117982 2:0 3:0 4:0 5:349256 6:0 
[ 5359.617204][T29900] nx679j: journal mirror: 262143 bytes (file open, kmsg=3 pmsg=4 rd=8)
[ 5361.669560][T29901] nx679j: journal mirror: 262143 bytes (file open, kmsg=3 pmsg=4 rd=8)
[ 5363.721856][T29902] nx679j: journal mirror: 262143 bytes (file open, kmsg=3 pmsg=4 rd=8)
[ 5365.774181][T29903] nx679j: journal mirror: 262143 bytes (file open, kmsg=3 pmsg=4 rd=8)
[ 5367.826505][T29904] nx679j: journal mirror: 262143 bytes (file open, kmsg=3 pmsg=4 rd=8)
[ 5368.821338][T24304] (virq:irq_count)- 11:2806517 6:349858 2:118177 1:78667 35:15775 30:11051 301:7845 28:758 358:422 359:382 
[ 5368.821346][T24304] (cpu:irq_count)- 0:152844 1:855 2:679 3:804 4:1548587 5:4025 6:4952 7:1676870 
[ 5368.821349][T24304] (ipi:irq_count)- 0:78667 1:118178 2:0 3:0 4:0 5:349858 6:0 
[ 5369.878851][T29905] nx679j: journal mirror: 262143 bytes (file open, kmsg=3 pmsg=4 rd=8)
[ 5371.931230][T29906] nx679j: journal mirror: 262143 bytes (file open, kmsg=3 pmsg=4 rd=8)
[ 5373.983558][T29907] nx679j: journal mirror: 262143 bytes (file open, kmsg=3 pmsg=4 rd=8)
[ 5376.035904][T29908] nx679j: journal mirror: 262143 bytes (file open, kmsg=3 pmsg=4 rd=8)
[ 5378.088234][T29909] nx679j: journal mirror: 262143 bytes (file open, kmsg=3 pmsg=4 rd=8)
[ 5378.293336][  T240] (virq:irq_count)- 11:2811469 6:350460 2:118372 1:78716 35:15795 30:11066 301:7849 28:758 358:422 359:382 
[ 5378.293341][  T240] (cpu:irq_count)- 0:153078 1:855 2:679 3:804 4:1551254 5:4025 6:4955 7:1679803 
[ 5378.293344][  T240] (ipi:irq_count)- 0:78716 1:118373 2:0 3:0 4:0 5:350460 6:0 
[ 5380.140570][T29910] nx679j: journal mirror: 262143 bytes (file open, kmsg=3 pmsg=4 rd=8)
[ 5382.192919][T29911] nx679j: journal mirror: 262143 bytes (file open, kmsg=3 pmsg=4 rd=8)
[ 5384.245372][T29912] nx679j: journal mirror: 262143 bytes (file open, kmsg=3 pmsg=4 rd=8)
[ 5386.297639][T29913] nx679j: journal mirror: 262143 bytes (file open, kmsg=3 pmsg=4 rd=8)
[ 5387.765334][T24304] (virq:irq_count)- 11:2816417 6:351063 2:118568 1:78755 35:15811 30:11078 301:7852 28:758 358:422 359:382 
[ 5387.765339][T24304] (cpu:irq_count)- 0:153303 1:855 2:679 3:804 4:1553911 5:4025 6:4958 7:1682734 
[ 5387.765342][T24304] (ipi:irq_count)- 0:78755 1:118568 2:0 3:0 4:0 5:351063 6:0 
[ 5388.349987][T29914] nx679j: journal mirror: 262143 bytes (file open, kmsg=3 pmsg=4 rd=8)
[ 5390.402290][T29915] nx679j: journal mirror: 262143 bytes (file open, kmsg=3 pmsg=4 rd=8)
[ 5392.454655][T29916] nx679j: journal mirror: 262143 bytes (file open, kmsg=3 pmsg=4 rd=8)
[ 5394.507004][T29917] nx679j: journal mirror: 262143 bytes (file open, kmsg=3 pmsg=4 rd=8)
[ 5396.559344][T29918] nx679j: journal mirror: 262143 bytes (file open, kmsg=3 pmsg=4 rd=8)
[ 5397.237338][  T240] (virq:irq_count)- 11:2821369 6:351664 2:118763 1:78795 35:15831 30:11093 301:7852 28:758 358:422 359:382 
[ 5397.237343][  T240] (cpu:irq_count)- 0:153531 1:855 2:679 3:804 4:1556578 5:4025 6:4961 7:1685659 
[ 5397.237346][  T240] (ipi:irq_count)- 0:78795 1:118763 2:0 3:0 4:0 5:351664 6:0 
[ 5398.611677][T29919] nx679j: journal mirror: 262143 bytes (file open, kmsg=3 pmsg=4 rd=8)
[ 5400.664015][T29920] nx679j: journal mirror: 262143 bytes (file open, kmsg=3 pmsg=4 rd=8)
[ 5402.716349][T29921] nx679j: journal mirror: 262143 bytes (file open, kmsg=3 pmsg=4 rd=8)
[ 5404.768692][T29922] nx679j: journal mirror: 262143 bytes (file open, kmsg=3 pmsg=4 rd=8)
[ 5406.709328][  T240] (virq:irq_count)- 11:2826318 6:352265 2:118958 1:78830 35:15847 30:11105 301:7855 28:758 358:422 359:382 
[ 5406.709333][  T240] (cpu:irq_count)- 0:153755 1:855 2:679 3:804 4:1559221 5:4025 6:4964 7:1688600 
[ 5406.709336][  T240] (ipi:irq_count)- 0:78830 1:118958 2:0 3:0 4:0 5:352265 6:0 
[ 5406.821066][T29923] nx679j: journal mirror: 262143 bytes (file open, kmsg=3 pmsg=4 rd=8)
[ 5408.873403][T29924] nx679j: journal mirror: 262143 bytes (file open, kmsg=3 pmsg=4 rd=8)
[ 5410.925743][T29925] nx679j: journal mirror: 262143 bytes (file open, kmsg=3 pmsg=4 rd=8)
[ 5412.978077][T29926] nx679j: journal mirror: 262143 bytes (file open, kmsg=3 pmsg=4 rd=8)
[ 5415.030400][T29927] nx679j: journal mirror: 262143 bytes (file open, kmsg=3 pmsg=4 rd=8)
[ 5416.181335][T24304] (virq:irq_count)- 11:2831273 6:352867 2:119153 1:78880 35:15867 30:11120 301:7858 28:758 358:422 359:382 
[ 5416.181340][T24304] (cpu:irq_count)- 0:153986 1:855 2:679 3:804 4:1561886 5:4025 6:4967 7:1691541 
[ 5416.181343][T24304] (ipi:irq_count)- 0:78880 1:119153 2:0 3:0 4:0 5:352867 6:0 
[ 5417.082758][T29928] nx679j: journal mirror: 262143 bytes (file open, kmsg=3 pmsg=4 rd=8)
[ 5419.135103][T29929] nx679j: journal mirror: 262143 bytes (file open, kmsg=3 pmsg=4 rd=8)
[ 5421.187429][T29930] nx679j: journal mirror: 262143 bytes (file open, kmsg=3 pmsg=4 rd=8)
[ 5423.239782][T29931] nx679j: journal mirror: 262143 bytes (file open, kmsg=3 pmsg=4 rd=8)
[ 5425.292123][T29932] nx679j: journal mirror: 262143 bytes (file open, kmsg=3 pmsg=4 rd=8)
[ 5425.653337][T17627] (virq:irq_count)- 11:2836224 6:353470 2:119348 1:78924 35:15887 30:11135 301:7860 28:758 358:422 359:382 
[ 5425.653341][T17627] (cpu:irq_count)- 0:154218 1:855 2:679 3:804 4:1564549 5:4025 6:4970 7:1694474 
[ 5425.653344][T17627] (ipi:irq_count)- 0:78924 1:119349 2:0 3:0 4:0 5:353470 6:0 
[ 5427.344483][T29933] nx679j: journal mirror: 262143 bytes (file open, kmsg=3 pmsg=4 rd=8)
[ 5429.396806][T29934] nx679j: journal mirror: 262143 bytes (file open, kmsg=3 pmsg=4 rd=8)
[ 5431.449186][T29935] nx679j: journal mirror: 262143 bytes (file open, kmsg=3 pmsg=4 rd=8)
[ 5433.501535][T29936] nx679j: journal mirror: 262143 bytes (file open, kmsg=3 pmsg=4 rd=8)
[ 5435.125331][T24304] (virq:irq_count)- 11:2841172 6:354072 2:119543 1:78970 35:15903 30:11147 301:7871 28:758 358:422 359:382 
[ 5435.125336][T24304] (cpu:irq_count)- 0:154452 1:855 2:679 3:804 4:1567220 5:4025 6:4973 7:1697395 
[ 5435.125339][T24304] (ipi:irq_count)- 0:78970 1:119543 2:0 3:0 4:0 5:354072 6:0 
[ 5435.553878][T29937] nx679j: journal mirror: 262143 bytes (file open, kmsg=3 pmsg=4 rd=8)
[ 5437.606211][T29938] nx679j: journal mirror: 262143 bytes (file open, kmsg=3 pmsg=4 rd=8)
[ 5439.658553][T29939] nx679j: journal mirror: 262143 bytes (file open, kmsg=3 pmsg=4 rd=8)
[ 5441.710896][T29940] nx679j: journal mirror: 262143 bytes (file open, kmsg=3 pmsg=4 rd=8)
[ 5443.763220][T29941] nx679j: journal mirror: 262143 bytes (file open, kmsg=3 pmsg=4 rd=8)
[ 5444.597336][T24304] (virq:irq_count)- 11:2846122 6:354673 2:119738 1:79013 35:15923 30:11162 301:7872 28:758 358:422 359:382 
[ 5444.597342][T24304] (cpu:irq_count)- 0:154681 1:855 2:679 3:804 4:1569901 5:4025 6:4976 7:1700307 
[ 5444.597345][T24304] (ipi:irq_count)- 0:79013 1:119738 2:0 3:0 4:0 5:354673 6:0 
[ 5445.815573][T29942] nx679j: journal mirror: 262143 bytes (file open, kmsg=3 pmsg=4 rd=8)
[ 5447.867901][T29943] nx679j: journal mirror: 262143 bytes (file open, kmsg=3 pmsg=4 rd=8)
[ 5449.920229][T29944] nx679j: journal mirror: 262143 bytes (file open, kmsg=3 pmsg=4 rd=8)
[ 5451.972582][T29945] nx679j: journal mirror: 262143 bytes (file open, kmsg=3 pmsg=4 rd=8)
[ 5454.024936][T29946] nx679j: journal mirror: 262143 bytes (file open, kmsg=3 pmsg=4 rd=8)
[ 5454.069318][T17627] (virq:irq_count)- 11:2851075 6:355275 2:119934 1:79055 35:15943 30:11177 301:7874 28:758 358:422 359:382 
[ 5454.069324][T17627] (cpu:irq_count)- 0:154912 1:855 2:679 3:804 4:1572593 5:4025 6:4979 7:1703211 
[ 5454.069328][T17627] (ipi:irq_count)- 0:79055 1:119934 2:0 3:0 4:0 5:355275 6:0 
[ 5456.077321][T29947] nx679j: journal mirror: 262143 bytes (file open, kmsg=3 pmsg=4 rd=8)
[ 5458.129658][T29948] nx679j: journal mirror: 262143 bytes (file open, kmsg=3 pmsg=4 rd=8)
[ 5460.181973][T29949] nx679j: journal mirror: 262143 bytes (file open, kmsg=3 pmsg=4 rd=8)
[ 5462.234279][T29950] nx679j: journal mirror: 262143 bytes (file open, kmsg=3 pmsg=4 rd=8)
[ 5463.541330][  T240] (virq:irq_count)- 11:2856023 6:355876 2:120130 1:79088 35:15959 30:11189 301:7874 28:758 358:422 359:382 
[ 5463.541335][  T240] (cpu:irq_count)- 0:155134 1:855 2:679 3:804 4:1575263 5:4025 6:4982 7:1706122 
[ 5463.541338][  T240] (ipi:irq_count)- 0:79088 1:120130 2:0 3:0 4:0 5:355876 6:0 
[ 5464.286622][T29951] nx679j: journal mirror: 262143 bytes (file open, kmsg=3 pmsg=4 rd=8)
[ 5466.339001][T29952] nx679j: journal mirror: 262143 bytes (file open, kmsg=3 pmsg=4 rd=8)
[ 5468.391342][T29953] nx679j: journal mirror: 262143 bytes (file open, kmsg=3 pmsg=4 rd=8)
[ 5470.443672][T29954] nx679j: journal mirror: 262143 bytes (file open, kmsg=3 pmsg=4 rd=8)
[ 5472.496016][T29955] nx679j: journal mirror: 262143 bytes (file open, kmsg=3 pmsg=4 rd=8)
[ 5473.013331][  T240] (virq:irq_count)- 11:2860975 6:356478 2:120324 1:79128 35:15979 30:11204 301:7875 28:758 358:422 359:382 
[ 5473.013336][  T240] (cpu:irq_count)- 0:155363 1:855 2:679 3:804 4:1577960 5:4025 6:4985 7:1709017 
[ 5473.013339][  T240] (ipi:irq_count)- 0:79128 1:120324 2:0 3:0 4:0 5:356478 6:0 
[ 5474.548354][T29956] nx679j: journal mirror: 262143 bytes (file open, kmsg=3 pmsg=4 rd=8)
[ 5476.600702][T29957] nx679j: journal mirror: 262143 bytes (file open, kmsg=3 pmsg=4 rd=8)
[ 5478.653087][T29958] nx679j: journal mirror: 262143 bytes (file open, kmsg=3 pmsg=4 rd=8)
[ 5480.705477][T29959] nx679j: journal mirror: 262143 bytes (file open, kmsg=3 pmsg=4 rd=8)
[ 5482.485333][  T240] (virq:irq_count)- 11:2865924 6:357080 2:120521 1:79165 35:15995 30:11216 301:7878 28:758 358:422 359:382 
[ 5482.485338][  T240] (cpu:irq_count)- 0:155590 1:855 2:679 3:804 4:1580644 5:4025 6:4988 7:1711919 
[ 5482.485341][  T240] (ipi:irq_count)- 0:79165 1:120521 2:0 3:0 4:0 5:357080 6:0 
[ 5482.757829][T29960] nx679j: journal mirror: 262143 bytes (file open, kmsg=3 pmsg=4 rd=8)
[ 5484.810190][T29961] nx679j: journal mirror: 262143 bytes (file open, kmsg=3 pmsg=4 rd=8)
[ 5486.862443][T29962] nx679j: journal mirror: 262143 bytes (file open, kmsg=3 pmsg=4 rd=8)
[ 5488.914763][T29963] nx679j: journal mirror: 262143 bytes (file open, kmsg=3 pmsg=4 rd=8)
[ 5490.967105][T29964] nx679j: journal mirror: 262143 bytes (file open, kmsg=3 pmsg=4 rd=8)
[ 5491.957339][T17627] (virq:irq_count)- 11:2870874 6:357683 2:120718 1:79209 35:16015 30:11231 301:7882 28:758 358:422 359:382 
[ 5491.957344][T17627] (cpu:irq_count)- 0:155825 1:855 2:679 3:804 4:1583348 5:4025 6:4991 7:1714810 
[ 5491.957347][T17627] (ipi:irq_count)- 0:79209 1:120718 2:0 3:0 4:0 5:357683 6:0 
[ 5493.019443][T29965] nx679j: journal mirror: 262143 bytes (file open, kmsg=3 pmsg=4 rd=8)
[ 5495.071790][T29966] nx679j: journal mirror: 262143 bytes (file open, kmsg=3 pmsg=4 rd=8)
[ 5497.124139][T29967] nx679j: journal mirror: 262143 bytes (file open, kmsg=3 pmsg=4 rd=8)
[ 5499.176469][T29968] nx679j: journal mirror: 262143 bytes (file open, kmsg=3 pmsg=4 rd=8)
[ 5501.228800][T29969] nx679j: journal mirror: 262143 bytes (file open, kmsg=3 pmsg=4 rd=8)
[ 5501.429329][  T240] (virq:irq_count)- 11:2875826 6:358284 2:120912 1:79250 35:16035 30:11246 301:7882 28:758 358:422 359:382 
[ 5501.429334][  T240] (cpu:irq_count)- 0:156052 1:855 2:679 3:804 4:1586035 5:4025 6:4994 7:1717716 
[ 5501.429337][  T240] (ipi:irq_count)- 0:79250 1:120912 2:0 3:0 4:0 5:358284 6:0 
[ 5503.281199][T29970] nx679j: journal mirror: 262143 bytes (file open, kmsg=3 pmsg=4 rd=8)
[ 5505.333566][T29971] nx679j: journal mirror: 262143 bytes (file open, kmsg=3 pmsg=4 rd=8)
[ 5507.385856][T29972] nx679j: journal mirror: 262143 bytes (file open, kmsg=3 pmsg=4 rd=8)
[ 5509.438206][T29973] nx679j: journal mirror: 262143 bytes (file open, kmsg=3 pmsg=4 rd=8)
[ 5510.901330][T17627] (virq:irq_count)- 11:2880775 6:358887 2:121108 1:79290 35:16051 30:11258 301:7885 28:758 358:422 359:382 
[ 5510.901335][T17627] (cpu:irq_count)- 0:156278 1:855 2:679 3:804 4:1588696 5:4025 6:4997 7:1720645 
[ 5510.901338][T17627] (ipi:irq_count)- 0:79290 1:121108 2:0 3:0 4:0 5:358887 6:0 
[ 5511.490545][T29974] nx679j: journal mirror: 262143 bytes (file open, kmsg=3 pmsg=4 rd=8)
[ 5513.542928][T29975] nx679j: journal mirror: 262143 bytes (file open, kmsg=3 pmsg=4 rd=8)
[ 5515.595243][T29976] nx679j: journal mirror: 262143 bytes (file open, kmsg=3 pmsg=4 rd=8)
[ 5517.647561][T29977] nx679j: journal mirror: 262143 bytes (file open, kmsg=3 pmsg=4 rd=8)
[ 5519.699905][T29978] nx679j: journal mirror: 262143 bytes (file open, kmsg=3 pmsg=4 rd=8)
[ 5520.373341][  T240] (virq:irq_count)- 11:2885725 6:359488 2:121303 1:79331 35:16071 30:11273 301:7887 28:758 358:422 359:382 
[ 5520.373346][  T240] (cpu:irq_count)- 0:156508 1:855 2:679 3:804 4:1591394 5:4025 6:5000 7:1723538 
[ 5520.373349][  T240] (ipi:irq_count)- 0:79331 1:121303 2:0 3:0 4:0 5:359488 6:0 
[ 5521.752249][T29979] nx679j: journal mirror: 262143 bytes (file open, kmsg=3 pmsg=4 rd=8)
[ 5523.804579][T29980] nx679j: journal mirror: 262143 bytes (file open, kmsg=3 pmsg=4 rd=8)
[ 5525.856902][T29981] nx679j: journal mirror: 262143 bytes (file open, kmsg=3 pmsg=4 rd=8)
[ 5527.909294][T29982] nx679j: journal mirror: 262143 bytes (file open, kmsg=3 pmsg=4 rd=8)
[ 5529.845332][  T240] (virq:irq_count)- 11:2890675 6:360089 2:121498 1:79367 35:16087 30:11285 301:7888 28:758 358:422 359:382 
[ 5529.845339][  T240] (cpu:irq_count)- 0:156730 1:855 2:679 3:804 4:1594087 5:4025 6:5003 7:1726431 
[ 5529.845343][  T240] (ipi:irq_count)- 0:79367 1:121498 2:0 3:0 4:0 5:360089 6:0 
[ 5529.961627][T29983] nx679j: journal mirror: 262143 bytes (file open, kmsg=3 pmsg=4 rd=8)
[ 5532.013900][T29984] nx679j: journal mirror: 262143 bytes (file open, kmsg=3 pmsg=4 rd=8)
[ 5534.066282][T29985] nx679j: journal mirror: 262143 bytes (file open, kmsg=3 pmsg=4 rd=8)
[ 5536.118658][T29986] nx679j: journal mirror: 262143 bytes (file open, kmsg=3 pmsg=4 rd=8)
[ 5538.170979][T29987] nx679j: journal mirror: 262143 bytes (file open, kmsg=3 pmsg=4 rd=8)
[ 5539.317335][T17627] (virq:irq_count)- 11:2895630 6:360691 2:121693 1:79411 35:16107 30:11300 301:7891 28:758 358:422 359:382 
[ 5539.317341][T17627] (cpu:irq_count)- 0:156961 1:855 2:679 3:804 4:1596763 5:4025 6:5006 7:1729355 
[ 5539.317344][T17627] (ipi:irq_count)- 0:79411 1:121693 2:0 3:0 4:0 5:360691 6:0 
[ 5540.223314][T29988] nx679j: journal mirror: 262143 bytes (file open, kmsg=3 pmsg=4 rd=8)
[ 5542.275747][T29989] nx679j: journal mirror: 262143 bytes (file open, kmsg=3 pmsg=4 rd=8)
[ 5544.328027][T29990] nx679j: journal mirror: 262143 bytes (file open, kmsg=3 pmsg=4 rd=8)
[ 5546.380380][T29991] nx679j: journal mirror: 262143 bytes (file open, kmsg=3 pmsg=4 rd=8)
[ 5548.432724][T29992] nx679j: journal mirror: 262143 bytes (file open, kmsg=3 pmsg=4 rd=8)
[ 5548.789338][T17627] (virq:irq_count)- 11:2900583 6:361295 2:121891 1:79461 35:16127 30:11315 301:7900 28:758 358:422 359:382 
[ 5548.789344][T17627] (cpu:irq_count)- 0:157205 1:855 2:679 3:804 4:1599388 5:4025 6:5009 7:1732332 
[ 5548.789347][T17627] (ipi:irq_count)- 0:79461 1:121891 2:0 3:0 4:0 5:361295 6:0 
[ 5550.485099][T29993] nx679j: journal mirror: 262143 bytes (file open, kmsg=3 pmsg=4 rd=8)
[ 5552.537448][T29994] nx679j: journal mirror: 262143 bytes (file open, kmsg=3 pmsg=4 rd=8)
[ 5554.589779][T29995] nx679j: journal mirror: 262143 bytes (file open, kmsg=3 pmsg=4 rd=8)
[ 5556.642100][T29996] nx679j: journal mirror: 262143 bytes (file open, kmsg=3 pmsg=4 rd=8)
[ 5558.261332][T17627] (virq:irq_count)- 11:2905530 6:361897 2:122086 1:79497 35:16143 30:11327 301:7904 28:758 358:422 359:382 
[ 5558.261337][T17627] (cpu:irq_count)- 0:157431 1:855 2:679 3:804 4:1602032 5:4025 6:5012 7:1735271 
[ 5558.261340][T17627] (ipi:irq_count)- 0:79497 1:122086 2:0 3:0 4:0 5:361897 6:0 
[ 5558.694418][T29997] nx679j: journal mirror: 262143 bytes (file open, kmsg=3 pmsg=4 rd=8)
[ 5560.746761][T29998] nx679j: journal mirror: 262143 bytes (file open, kmsg=3 pmsg=4 rd=8)
[ 5562.799102][T29999] nx679j: journal mirror: 262143 bytes (file open, kmsg=3 pmsg=4 rd=8)
[ 5564.851474][T30000] nx679j: journal mirror: 262143 bytes (file open, kmsg=3 pmsg=4 rd=8)
[ 5566.903783][T30001] nx679j: journal mirror: 262143 bytes (file open, kmsg=3 pmsg=4 rd=8)
[ 5567.733335][  T240] (virq:irq_count)- 11:2910481 6:362498 2:122282 1:79542 35:16163 30:11342 301:7907 28:758 358:422 359:382 
[ 5567.733342][  T240] (cpu:irq_count)- 0:157663 1:855 2:679 3:804 4:1604668 5:4025 6:5015 7:1738231 
[ 5567.733347][  T240] (ipi:irq_count)- 0:79542 1:122282 2:0 3:0 4:0 5:362498 6:0 
[ 5568.956125][T30002] nx679j: journal mirror: 262143 bytes (file open, kmsg=3 pmsg=4 rd=8)
[ 5571.008455][T30003] nx679j: journal mirror: 262143 bytes (file open, kmsg=3 pmsg=4 rd=8)
[ 5573.060809][T30004] nx679j: journal mirror: 262143 bytes (file open, kmsg=3 pmsg=4 rd=8)
[ 5575.113186][T30005] nx679j: journal mirror: 262143 bytes (file open, kmsg=3 pmsg=4 rd=8)
[ 5577.165559][T30006] nx679j: journal mirror: 262143 bytes (file open, kmsg=3 pmsg=4 rd=8)
[ 5577.205332][  T240] (virq:irq_count)- 11:2915433 6:363100 2:122478 1:79581 35:16183 30:11357 301:7907 28:758 358:422 359:382 
[ 5577.205337][  T240] (cpu:irq_count)- 0:157892 1:855 2:679 3:804 4:1607300 5:4025 6:5018 7:1741191 
[ 5577.205340][  T240] (ipi:irq_count)- 0:79581 1:122478 2:0 3:0 4:0 5:363100 6:0 
[ 5579.217864][T30007] nx679j: journal mirror: 262143 bytes (file open, kmsg=3 pmsg=4 rd=8)
[ 5581.270199][T30008] nx679j: journal mirror: 262143 bytes (file open, kmsg=3 pmsg=4 rd=8)
[ 5583.322530][T30009] nx679j: journal mirror: 262143 bytes (file open, kmsg=3 pmsg=4 rd=8)
[ 5585.374883][T30010] nx679j: journal mirror: 262143 bytes (file open, kmsg=3 pmsg=4 rd=8)
[ 5586.677329][T24304] (virq:irq_count)- 11:2920380 6:363701 2:122674 1:79613 35:16199 30:11369 301:7908 28:758 358:422 359:382 
[ 5586.677334][T24304] (cpu:irq_count)- 0:158115 1:855 2:679 3:804 4:1609961 5:4025 6:5021 7:1744109 
[ 5586.677337][T24304] (ipi:irq_count)- 0:79613 1:122674 2:0 3:0 4:0 5:363701 6:0 
[ 5587.427247][T30011] nx679j: journal mirror: 262143 bytes (file open, kmsg=3 pmsg=4 rd=8)
[ 5589.479568][T30012] nx679j: journal mirror: 262143 bytes (file open, kmsg=3 pmsg=4 rd=8)
[ 5591.531901][T30013] nx679j: journal mirror: 262143 bytes (file open, kmsg=3 pmsg=4 rd=8)
[ 5593.584250][T30014] nx679j: journal mirror: 262143 bytes (file open, kmsg=3 pmsg=4 rd=8)
[ 5595.636584][T30015] nx679j: journal mirror: 262143 bytes (file open, kmsg=3 pmsg=4 rd=8)
[ 5596.149332][T24304] (virq:irq_count)- 11:2925335 6:364304 2:122869 1:79659 35:16219 30:11384 301:7910 28:758 358:422 359:382 
[ 5596.149336][T24304] (cpu:irq_count)- 0:158346 1:855 2:679 3:804 4:1612611 5:4025 6:5024 7:1747061 
[ 5596.149339][T24304] (ipi:irq_count)- 0:79659 1:122869 2:0 3:0 4:0 5:364304 6:0 
[ 5597.688933][T30016] nx679j: journal mirror: 262143 bytes (file open, kmsg=3 pmsg=4 rd=8)
[ 5599.741312][T30017] nx679j: journal mirror: 262143 bytes (file open, kmsg=3 pmsg=4 rd=8)
[ 5601.793692][T30018] nx679j: journal mirror: 262143 bytes (file open, kmsg=3 pmsg=4 rd=8)
[ 5603.846000][T30019] nx679j: journal mirror: 262143 bytes (file open, kmsg=3 pmsg=4 rd=8)
[ 5605.621340][T24304] (virq:irq_count)- 11:2930282 6:364906 2:123065 1:79699 35:16235 30:11396 301:7913 28:758 358:422 359:382 
[ 5605.621346][T24304] (cpu:irq_count)- 0:158572 1:855 2:679 3:804 4:1615243 5:4025 6:5027 7:1750016 
[ 5605.621351][T24304] (ipi:irq_count)- 0:79699 1:123065 2:0 3:0 4:0 5:364906 6:0 
[ 5605.898302][T30020] nx679j: journal mirror: 262143 bytes (file open, kmsg=3 pmsg=4 rd=8)
[ 5607.950627][T30021] nx679j: journal mirror: 262143 bytes (file open, kmsg=3 pmsg=4 rd=8)
[ 5610.002980][T30022] nx679j: journal mirror: 262143 bytes (file open, kmsg=3 pmsg=4 rd=8)
[ 5612.055317][T30023] nx679j: journal mirror: 262143 bytes (file open, kmsg=3 pmsg=4 rd=8)
[ 5614.107654][T30024] nx679j: journal mirror: 262143 bytes (file open, kmsg=3 pmsg=4 rd=8)
[ 5615.093332][  T240] (virq:irq_count)- 11:2935237 6:365508 2:123259 1:79740 35:16257 30:11411 301:7914 28:758 358:422 359:382 
[ 5615.093337][  T240] (cpu:irq_count)- 0:158802 1:855 2:679 3:804 4:1617900 5:4025 6:5030 7:1752956 
[ 5615.093340][  T240] (ipi:irq_count)- 0:79740 1:123259 2:0 3:0 4:0 5:365508 6:0 
[ 5616.159998][T30025] nx679j: journal mirror: 262143 bytes (file open, kmsg=3 pmsg=4 rd=8)
[ 5618.212335][T30026] nx679j: journal mirror: 262143 bytes (file open, kmsg=3 pmsg=4 rd=8)
[ 5620.264691][T30027] nx679j: journal mirror: 262143 bytes (file open, kmsg=3 pmsg=4 rd=8)
[ 5622.317062][T30028] nx679j: journal mirror: 262143 bytes (file open, kmsg=3 pmsg=4 rd=8)
[ 5624.369420][T30029] nx679j: journal mirror: 262143 bytes (file open, kmsg=3 pmsg=4 rd=8)
[ 5624.565331][T24304] (virq:irq_count)- 11:2940192 6:366109 2:123455 1:79781 35:16277 30:11426 301:7915 28:758 358:422 359:382 
[ 5624.565335][T24304] (cpu:irq_count)- 0:159032 1:855 2:679 3:804 4:1620533 5:4025 6:5033 7:1755919 
[ 5624.565338][T24304] (ipi:irq_count)- 0:79781 1:123455 2:0 3:0 4:0 5:366109 6:0 
[ 5626.421747][T30030] nx679j: journal mirror: 262143 bytes (file open, kmsg=3 pmsg=4 rd=8)
[ 5628.474140][T30031] nx679j: journal mirror: 262143 bytes (file open, kmsg=3 pmsg=4 rd=8)
[ 5630.526404][T30032] nx679j: journal mirror: 262143 bytes (file open, kmsg=3 pmsg=4 rd=8)
[ 5632.578740][T30033] nx679j: journal mirror: 262143 bytes (file open, kmsg=3 pmsg=4 rd=8)
[ 5634.037334][  T240] (virq:irq_count)- 11:2945142 6:366711 2:123651 1:79816 35:16293 30:11438 301:7917 28:758 358:422 359:382 
[ 5634.037338][  T240] (cpu:irq_count)- 0:159256 1:855 2:679 3:804 4:1623191 5:4025 6:5036 7:1758847 
[ 5634.037342][  T240] (ipi:irq_count)- 0:79816 1:123651 2:0 3:0 4:0 5:366711 6:0 
[ 5634.631114][T30034] nx679j: journal mirror: 262143 bytes (file open, kmsg=3 pmsg=4 rd=8)
[ 5636.683442][T30035] nx679j: journal mirror: 262143 bytes (file open, kmsg=3 pmsg=4 rd=8)
[ 5638.735787][T30036] nx679j: journal mirror: 262143 bytes (file open, kmsg=3 pmsg=4 rd=8)
[ 5640.788155][T30037] nx679j: journal mirror: 262143 bytes (file open, kmsg=3 pmsg=4 rd=8)
[ 5642.840474][T30038] nx679j: journal mirror: 262143 bytes (file open, kmsg=3 pmsg=4 rd=8)
[ 5643.509334][T24304] (virq:irq_count)- 11:2950094 6:367312 2:123846 1:79854 35:16313 30:11453 301:7917 28:758 358:422 359:382 
[ 5643.509338][T24304] (cpu:irq_count)- 0:159484 1:855 2:679 3:804 4:1625865 5:4025 6:5039 7:1761763 
[ 5643.509342][T24304] (ipi:irq_count)- 0:79854 1:123846 2:0 3:0 4:0 5:367312 6:0 
[ 5644.892809][T30039] nx679j: journal mirror: 262143 bytes (file open, kmsg=3 pmsg=4 rd=8)
[ 5646.945194][T30040] nx679j: journal mirror: 262143 bytes (file open, kmsg=3 pmsg=4 rd=8)
[ 5648.997542][T30041] nx679j: journal mirror: 262143 bytes (file open, kmsg=3 pmsg=4 rd=8)
[ 5651.049849][T30042] nx679j: journal mirror: 262143 bytes (file open, kmsg=3 pmsg=4 rd=8)
[ 5652.981330][  T240] (virq:irq_count)- 11:2955045 6:367914 2:124042 1:79891 35:16329 30:11465 301:7920 28:758 358:422 359:382 
[ 5652.981335][  T240] (cpu:irq_count)- 0:159709 1:855 2:679 3:804 4:1628530 5:4025 6:5042 7:1764687 
[ 5652.981338][  T240] (ipi:irq_count)- 0:79891 1:124042 2:0 3:0 4:0 5:367914 6:0 
[ 5653.102195][T30043] nx679j: journal mirror: 262143 bytes (file open, kmsg=3 pmsg=4 rd=8)
[ 5655.154498][T30044] nx679j: journal mirror: 262143 bytes (file open, kmsg=3 pmsg=4 rd=8)
[ 5657.206845][T30045] nx679j: journal mirror: 262143 bytes (file open, kmsg=3 pmsg=4 rd=8)
[ 5659.259186][T30046] nx679j: journal mirror: 262143 bytes (file open, kmsg=3 pmsg=4 rd=8)
[ 5661.311537][T30047] nx679j: journal mirror: 262143 bytes (file open, kmsg=3 pmsg=4 rd=8)
[ 5662.453330][  T240] (virq:irq_count)- 11:2960000 6:368515 2:124238 1:79929 35:16349 30:11480 301:7920 28:758 358:422 359:382 
[ 5662.453335][  T240] (cpu:irq_count)- 0:159938 1:855 2:679 3:804 4:1631226 5:4025 6:5045 7:1767584 
[ 5662.453338][  T240] (ipi:irq_count)- 0:79929 1:124238 2:0 3:0 4:0 5:368515 6:0 
[ 5663.363891][T30048] nx679j: journal mirror: 262143 bytes (file open, kmsg=3 pmsg=4 rd=8)
[ 5665.416245][T30049] nx679j: journal mirror: 262143 bytes (file open, kmsg=3 pmsg=4 rd=8)
[ 5667.468597][T30050] nx679j: journal mirror: 262143 bytes (file open, kmsg=3 pmsg=4 rd=8)
[ 5669.520948][T30051] nx679j: journal mirror: 262143 bytes (file open, kmsg=3 pmsg=4 rd=8)
[ 5671.573328][T30052] nx679j: journal mirror: 262143 bytes (file open, kmsg=3 pmsg=4 rd=8)
[ 5671.925334][  T240] (virq:irq_count)- 11:2964954 6:369118 2:124434 1:79985 35:16369 30:11495 301:7930 28:758 358:422 359:382 
[ 5671.925338][  T240] (cpu:irq_count)- 0:160180 1:855 2:679 3:804 4:1633891 5:4025 6:5048 7:1770528 
[ 5671.925341][  T240] (ipi:irq_count)- 0:79985 1:124434 2:0 3:0 4:0 5:369118 6:0 
[ 5673.625675][T30053] nx679j: journal mirror: 262143 bytes (file open, kmsg=3 pmsg=4 rd=8)
[ 5675.678005][T30054] nx679j: journal mirror: 262143 bytes (file open, kmsg=3 pmsg=4 rd=8)
[ 5677.730311][T30055] nx679j: journal mirror: 262143 bytes (file open, kmsg=3 pmsg=4 rd=8)
[ 5679.782641][T30056] nx679j: journal mirror: 262143 bytes (file open, kmsg=3 pmsg=4 rd=8)
[ 5681.397333][  T240] (virq:irq_count)- 11:2969903 6:369719 2:124628 1:80017 35:16385 30:11507 301:7930 28:758 358:422 359:382 
[ 5681.397338][  T240] (cpu:irq_count)- 0:160400 1:855 2:679 3:804 4:1636594 5:4025 6:5051 7:1773406 
[ 5681.397342][  T240] (ipi:irq_count)- 0:80017 1:124628 2:0 3:0 4:0 5:369719 6:0 
[ 5681.834980][T30057] nx679j: journal mirror: 262143 bytes (file open, kmsg=3 pmsg=4 rd=8)
[ 5683.887697][T30058] nx679j: journal mirror: 262143 bytes (file open, kmsg=3 pmsg=4 rd=8)
[ 5685.940183][T30073] nx679j: journal mirror: 262143 bytes (file open, kmsg=3 pmsg=4 rd=8)
[ 5687.992138][T30074] nx679j: journal mirror: 262143 bytes (file open, kmsg=3 pmsg=4 rd=8)
[ 5690.044392][T30075] nx679j: journal mirror: 262143 bytes (file open, kmsg=3 pmsg=4 rd=8)
[ 5690.869351][T17627] (virq:irq_count)- 11:2974915 6:370354 2:124831 1:80161 35:16414 30:11522 301:8036 28:758 358:422 359:382 
[ 5690.869357][T17627] (cpu:irq_count)- 0:160796 1:856 2:679 3:804 4:1639332 5:4031 6:5062 7:1776398 
[ 5690.869360][T17627] (ipi:irq_count)- 0:80161 1:124831 2:0 3:0 4:0 5:370354 6:0 
[ 5692.096718][T30076] nx679j: journal mirror: 262143 bytes (file open, kmsg=3 pmsg=4 rd=8)
[ 5694.149095][T30077] nx679j: journal mirror: 262143 bytes (file open, kmsg=3 pmsg=4 rd=8)
[ 5696.201452][T30078] nx679j: journal mirror: 262143 bytes (file open, kmsg=3 pmsg=4 rd=8)
[ 5698.253783][T30079] nx679j: journal mirror: 262143 bytes (file open, kmsg=3 pmsg=4 rd=8)
[ 5700.306120][T30080] nx679j: journal mirror: 262143 bytes (file open, kmsg=3 pmsg=4 rd=8)
[ 5700.341327][T17627] (virq:irq_count)- 11:2979866 6:370956 2:125027 1:80200 35:16434 30:11537 301:8036 28:758 358:422 359:382 
[ 5700.341332][T17627] (cpu:irq_count)- 0:161025 1:856 2:679 3:804 4:1642029 5:4031 6:5065 7:1779292 
[ 5700.341335][T17627] (ipi:irq_count)- 0:80200 1:125027 2:0 3:0 4:0 5:370956 6:0 
[ 5702.358422][T30081] nx679j: journal mirror: 262143 bytes (file open, kmsg=3 pmsg=4 rd=8)
[ 5704.410743][T30082] nx679j: journal mirror: 262143 bytes (file open, kmsg=3 pmsg=4 rd=8)
[ 5706.463096][T30083] nx679j: journal mirror: 262143 bytes (file open, kmsg=3 pmsg=4 rd=8)
[ 5708.515448][T30084] nx679j: journal mirror: 262143 bytes (file open, kmsg=3 pmsg=4 rd=8)
[ 5709.813332][T24304] (virq:irq_count)- 11:2984813 6:371557 2:125222 1:80232 35:16450 30:11549 301:8036 28:758 358:422 359:382 
[ 5709.813337][T24304] (cpu:irq_count)- 0:161246 1:856 2:679 3:804 4:1644734 5:4031 6:5068 7:1782166 
[ 5709.813340][T24304] (ipi:irq_count)- 0:80232 1:125222 2:0 3:0 4:0 5:371557 6:0 
[ 5710.567804][T30085] nx679j: journal mirror: 262143 bytes (file open, kmsg=3 pmsg=4 rd=8)
[ 5712.620139][T30086] nx679j: journal mirror: 262143 bytes (file open, kmsg=3 pmsg=4 rd=8)
[ 5714.672451][T30087] nx679j: journal mirror: 262143 bytes (file open, kmsg=3 pmsg=4 rd=8)
[ 5716.724819][T30088] nx679j: journal mirror: 262143 bytes (file open, kmsg=3 pmsg=4 rd=8)
[ 5718.777216][T30089] nx679j: journal mirror: 262143 bytes (file open, kmsg=3 pmsg=4 rd=8)
[ 5719.285340][T24304] (virq:irq_count)- 11:2989767 6:372159 2:125418 1:80271 35:16470 30:11564 301:8036 28:758 358:422 359:382 
[ 5719.285344][T24304] (cpu:irq_count)- 0:161475 1:856 2:679 3:804 4:1647420 5:4031 6:5071 7:1785074 
[ 5719.285348][T24304] (ipi:irq_count)- 0:80271 1:125418 2:0 3:0 4:0 5:372159 6:0 
[ 5720.829552][T30090] nx679j: journal mirror: 262143 bytes (file open, kmsg=3 pmsg=4 rd=8)
[ 5722.881857][T30091] nx679j: journal mirror: 262143 bytes (file open, kmsg=3 pmsg=4 rd=8)
[ 5724.934213][T30092] nx679j: journal mirror: 262143 bytes (file open, kmsg=3 pmsg=4 rd=8)
[ 5726.986539][T30093] nx679j: journal mirror: 262143 bytes (file open, kmsg=3 pmsg=4 rd=8)
[ 5728.757333][T17627] (virq:irq_count)- 11:2994716 6:372760 2:125615 1:80312 35:16486 30:11576 301:8039 28:758 358:422 359:382 
[ 5728.757338][T17627] (cpu:irq_count)- 0:161702 1:856 2:679 3:804 4:1650105 5:4031 6:5074 7:1787978 
[ 5728.757341][T17627] (ipi:irq_count)- 0:80312 1:125615 2:0 3:0 4:0 5:372760 6:0 
[ 5729.038890][T30094] nx679j: journal mirror: 262143 bytes (file open, kmsg=3 pmsg=4 rd=8)
[ 5731.091218][T30095] nx679j: journal mirror: 262143 bytes (file open, kmsg=3 pmsg=4 rd=8)
[ 5733.143573][T30096] nx679j: journal mirror: 262143 bytes (file open, kmsg=3 pmsg=4 rd=8)
[ 5735.195891][T30097] nx679j: journal mirror: 262143 bytes (file open, kmsg=3 pmsg=4 rd=8)
[ 5737.248235][T30098] nx679j: journal mirror: 262143 bytes (file open, kmsg=3 pmsg=4 rd=8)
[ 5738.229332][T17627] (virq:irq_count)- 11:2999667 6:373362 2:125809 1:80352 35:16506 30:11591 301:8040 28:758 358:422 359:382 
[ 5738.229337][T17627] (cpu:irq_count)- 0:161930 1:856 2:679 3:804 4:1652822 5:4031 6:5077 7:1790853 
[ 5738.229340][T17627] (ipi:irq_count)- 0:80352 1:125809 2:0 3:0 4:0 5:373362 6:0 
[ 5739.300591][T30099] nx679j: journal mirror: 262143 bytes (file open, kmsg=3 pmsg=4 rd=8)
[ 5741.352936][T30100] nx679j: journal mirror: 262143 bytes (file open, kmsg=3 pmsg=4 rd=8)
[ 5743.405312][T30101] nx679j: journal mirror: 262143 bytes (file open, kmsg=3 pmsg=4 rd=8)
[ 5745.457644][T30102] nx679j: journal mirror: 262143 bytes (file open, kmsg=3 pmsg=4 rd=8)
[ 5747.509984][T30103] nx679j: journal mirror: 262143 bytes (file open, kmsg=3 pmsg=4 rd=8)
[ 5747.701340][  T240] (virq:irq_count)- 11:3004618 6:373963 2:126007 1:80397 35:16526 30:11606 301:8043 28:758 358:422 359:382 
[ 5747.701346][  T240] (cpu:irq_count)- 0:162164 1:856 2:679 3:804 4:1655479 5:4031 6:5080 7:1793792 
[ 5747.701349][  T240] (ipi:irq_count)- 0:80397 1:126007 2:0 3:0 4:0 5:373963 6:0 
[ 5749.562291][T30104] nx679j: journal mirror: 262143 bytes (file open, kmsg=3 pmsg=4 rd=8)
[ 5751.614669][T30105] nx679j: journal mirror: 262143 bytes (file open, kmsg=3 pmsg=4 rd=8)
[ 5753.667012][T30106] nx679j: journal mirror: 262143 bytes (file open, kmsg=3 pmsg=4 rd=8)
[ 5755.719352][T30107] nx679j: journal mirror: 262143 bytes (file open, kmsg=3 pmsg=4 rd=8)
[ 5757.173336][T17627] (virq:irq_count)- 11:3009567 6:374566 2:126201 1:80427 35:16542 30:11618 301:8044 28:758 358:422 359:382 
[ 5757.173341][T17627] (cpu:irq_count)- 0:162386 1:856 2:679 3:804 4:1658124 5:4031 6:5083 7:1796727 
[ 5757.173344][T17627] (ipi:irq_count)- 0:80427 1:126201 2:0 3:0 4:0 5:374566 6:0 
[ 5757.771670][T30108] nx679j: journal mirror: 262143 bytes (file open, kmsg=3 pmsg=4 rd=8)
[ 5759.824027][T30109] nx679j: journal mirror: 262143 bytes (file open, kmsg=3 pmsg=4 rd=8)
[ 5761.876347][T30110] nx679j: journal mirror: 262143 bytes (file open, kmsg=3 pmsg=4 rd=8)
[ 5763.928700][T30111] nx679j: journal mirror: 262143 bytes (file open, kmsg=3 pmsg=4 rd=8)
[ 5765.981085][T30112] nx679j: journal mirror: 262143 bytes (file open, kmsg=3 pmsg=4 rd=8)
[ 5766.645340][  T240] (virq:irq_count)- 11:3014520 6:375167 2:126395 1:80472 35:16562 30:11633 301:8047 28:758 358:422 359:382 
[ 5766.645344][  T240] (cpu:irq_count)- 0:162617 1:856 2:679 3:804 4:1660774 5:4031 6:5086 7:1799675 
[ 5766.645348][  T240] (ipi:irq_count)- 0:80472 1:126396 2:0 3:0 4:0 5:375167 6:0 
[ 5768.033439][T30113] nx679j: journal mirror: 262143 bytes (file open, kmsg=3 pmsg=4 rd=8)
[ 5770.085768][T30114] nx679j: journal mirror: 262143 bytes (file open, kmsg=3 pmsg=4 rd=8)
[ 5772.138184][T30115] nx679j: journal mirror: 262143 bytes (file open, kmsg=3 pmsg=4 rd=8)
[ 5774.190414][T30116] nx679j: journal mirror: 262143 bytes (file open, kmsg=3 pmsg=4 rd=8)
[ 5776.117338][T17627] (virq:irq_count)- 11:3019469 6:375769 2:126593 1:80504 35:16578 30:11645 301:8047 28:758 358:422 359:382 
[ 5776.117343][T17627] (cpu:irq_count)- 0:162840 1:856 2:679 3:804 4:1663414 5:4031 6:5089 7:1802617 
[ 5776.117346][T17627] (ipi:irq_count)- 0:80504 1:126593 2:0 3:0 4:0 5:375769 6:0 
[ 5776.242758][T30117] nx679j: journal mirror: 262143 bytes (file open, kmsg=3 pmsg=4 rd=8)
[ 5778.295069][T30118] nx679j: journal mirror: 262143 bytes (file open, kmsg=3 pmsg=4 rd=8)
[ 5780.347425][T30119] nx679j: journal mirror: 262143 bytes (file open, kmsg=3 pmsg=4 rd=8)
[ 5782.399808][T30120] nx679j: journal mirror: 262143 bytes (file open, kmsg=3 pmsg=4 rd=8)
[ 5784.452139][T30121] nx679j: journal mirror: 262143 bytes (file open, kmsg=3 pmsg=4 rd=8)
[ 5785.589332][T17627] (virq:irq_count)- 11:3024421 6:376370 2:126789 1:80546 35:16598 30:11660 301:8049 28:758 358:422 359:382 
[ 5785.589337][T17627] (cpu:irq_count)- 0:163071 1:856 2:679 3:804 4:1666072 5:4031 6:5092 7:1805553 
[ 5785.589340][T17627] (ipi:irq_count)- 0:80546 1:126789 2:0 3:0 4:0 5:376370 6:0 
[ 5786.504472][T30122] nx679j: journal mirror: 262143 bytes (file open, kmsg=3 pmsg=4 rd=8)
[ 5788.556826][T30123] nx679j: journal mirror: 262143 bytes (file open, kmsg=3 pmsg=4 rd=8)
[ 5790.609223][T30124] nx679j: journal mirror: 262143 bytes (file open, kmsg=3 pmsg=4 rd=8)
[ 5792.661624][T30125] nx679j: journal mirror: 262143 bytes (file open, kmsg=3 pmsg=4 rd=8)
[ 5794.713872][T30126] nx679j: journal mirror: 262143 bytes (file open, kmsg=3 pmsg=4 rd=8)
[ 5795.061338][T17627] (virq:irq_count)- 11:3029373 6:376974 2:126988 1:80593 35:16618 30:11675 301:8058 28:758 358:422 359:382 
[ 5795.061344][T17627] (cpu:irq_count)- 0:163316 1:856 2:679 3:804 4:1668722 5:4031 6:5095 7:1808501 
[ 5795.061347][T17627] (ipi:irq_count)- 0:80593 1:126988 2:0 3:0 4:0 5:376974 6:0 
[ 5796.766201][T30127] nx679j: journal mirror: 262143 bytes (file open, kmsg=3 pmsg=4 rd=8)
[ 5798.818549][T30128] nx679j: journal mirror: 262143 bytes (file open, kmsg=3 pmsg=4 rd=8)
[ 5800.870919][T30129] nx679j: journal mirror: 262143 bytes (file open, kmsg=3 pmsg=4 rd=8)
[ 5802.923236][T30130] nx679j: journal mirror: 262143 bytes (file open, kmsg=3 pmsg=4 rd=8)
[ 5804.533346][T17627] (virq:irq_count)- 11:3034322 6:377575 2:127182 1:80630 35:16634 30:11687 301:8061 28:758 358:422 359:382 
[ 5804.533351][T17627] (cpu:irq_count)- 0:163540 1:856 2:679 3:804 4:1671367 5:4031 6:5098 7:1811441 
[ 5804.533354][T17627] (ipi:irq_count)- 0:80630 1:127182 2:0 3:0 4:0 5:377575 6:0 
[ 5804.975569][T30131] nx679j: journal mirror: 262143 bytes (file open, kmsg=3 pmsg=4 rd=8)
[ 5807.027920][T30132] nx679j: journal mirror: 262143 bytes (file open, kmsg=3 pmsg=4 rd=8)
[ 5809.080242][T30133] nx679j: journal mirror: 262143 bytes (file open, kmsg=3 pmsg=4 rd=8)
[ 5811.132586][T30134] nx679j: journal mirror: 262143 bytes (file open, kmsg=3 pmsg=4 rd=8)
[ 5813.184920][T30135] nx679j: journal mirror: 262143 bytes (file open, kmsg=3 pmsg=4 rd=8)
[ 5814.005335][  T240] (virq:irq_count)- 11:3039276 6:378176 2:127378 1:80676 35:16654 30:11702 301:8065 28:758 358:422 359:382 
[ 5814.005339][  T240] (cpu:irq_count)- 0:163773 1:857 2:679 3:804 4:1673984 5:4031 6:5101 7:1814423 
[ 5814.005342][  T240] (ipi:irq_count)- 0:80676 1:127378 2:0 3:0 4:0 5:378176 6:0 
[ 5815.237290][T30136] nx679j: journal mirror: 262143 bytes (file open, kmsg=3 pmsg=4 rd=8)
[ 5817.289750][T30137] nx679j: journal mirror: 262143 bytes (file open, kmsg=3 pmsg=4 rd=8)
[ 5819.341987][T30138] nx679j: journal mirror: 262143 bytes (file open, kmsg=3 pmsg=4 rd=8)
[ 5821.394285][T30139] nx679j: journal mirror: 262143 bytes (file open, kmsg=3 pmsg=4 rd=8)
[ 5823.446657][T30140] nx679j: journal mirror: 262143 bytes (file open, kmsg=3 pmsg=4 rd=8)
[ 5823.477319][  T240] (virq:irq_count)- 11:3044230 6:378778 2:127576 1:80721 35:16674 30:11717 301:8068 28:758 358:422 359:382 
[ 5823.477324][  T240] (cpu:irq_count)- 0:164007 1:858 2:679 3:804 4:1676620 5:4031 6:5104 7:1817386 
[ 5823.477327][  T240] (ipi:irq_count)- 0:80721 1:127576 2:0 3:0 4:0 5:378778 6:0 
[ 5825.498988][T30141] nx679j: journal mirror: 262143 bytes (file open, kmsg=3 pmsg=4 rd=8)
[ 5827.551333][T30142] nx679j: journal mirror: 262143 bytes (file open, kmsg=3 pmsg=4 rd=8)
[ 5829.603694][T30143] nx679j: journal mirror: 262143 bytes (file open, kmsg=3 pmsg=4 rd=8)
[ 5831.656025][T30144] nx679j: journal mirror: 262143 bytes (file open, kmsg=3 pmsg=4 rd=8)
[ 5832.949331][  T240] (virq:irq_count)- 11:3049178 6:379379 2:127771 1:80753 35:16690 30:11729 301:8068 28:758 358:422 359:382 
[ 5832.949336][  T240] (cpu:irq_count)- 0:164228 1:858 2:679 3:804 4:1679242 5:4031 6:5107 7:1820344 
[ 5832.949339][  T240] (ipi:irq_count)- 0:80753 1:127771 2:0 3:0 4:0 5:379379 6:0 
[ 5833.708353][T30145] nx679j: journal mirror: 262143 bytes (file open, kmsg=3 pmsg=4 rd=8)
[ 5835.760696][T30146] nx679j: journal mirror: 262143 bytes (file open, kmsg=3 pmsg=4 rd=8)
[ 5837.813122][T30147] nx679j: journal mirror: 262143 bytes (file open, kmsg=3 pmsg=4 rd=8)
[ 5839.865430][T30148] nx679j: journal mirror: 262143 bytes (file open, kmsg=3 pmsg=4 rd=8)
[ 5841.917776][T30149] nx679j: journal mirror: 262143 bytes (file open, kmsg=3 pmsg=4 rd=8)
[ 5842.421337][  T240] (virq:irq_count)- 11:3054132 6:379981 2:127966 1:80795 35:16710 30:11744 301:8068 28:758 358:422 359:382 
[ 5842.421342][  T240] (cpu:irq_count)- 0:164456 1:858 2:679 3:804 4:1681915 5:4031 6:5110 7:1823268 
[ 5842.421346][  T240] (ipi:irq_count)- 0:80795 1:127966 2:0 3:0 4:0 5:379981 6:0 
[ 5843.970113][T30150] nx679j: journal mirror: 262143 bytes (file open, kmsg=3 pmsg=4 rd=8)
[ 5846.022415][T30151] nx679j: journal mirror: 262143 bytes (file open, kmsg=3 pmsg=4 rd=8)
[ 5848.074755][T30152] nx679j: journal mirror: 262143 bytes (file open, kmsg=3 pmsg=4 rd=8)
[ 5850.127090][T30153] nx679j: journal mirror: 262143 bytes (file open, kmsg=3 pmsg=4 rd=8)
[ 5851.893330][  T240] (virq:irq_count)- 11:3059085 6:380582 2:128159 1:80830 35:16726 30:11756 301:8071 28:758 358:422 359:382 
[ 5851.893335][  T240] (cpu:irq_count)- 0:164678 1:860 2:679 3:804 4:1684572 5:4031 6:5113 7:1826197 
[ 5851.893338][  T240] (ipi:irq_count)- 0:80830 1:128159 2:0 3:0 4:0 5:380582 6:0 
[ 5852.179430][T30154] nx679j: journal mirror: 262143 bytes (file open, kmsg=3 pmsg=4 rd=8)
[ 5854.231752][T30155] nx679j: journal mirror: 262143 bytes (file open, kmsg=3 pmsg=4 rd=8)
[ 5856.284100][T30156] nx679j: journal mirror: 262143 bytes (file open, kmsg=3 pmsg=4 rd=8)
[ 5858.336461][T30157] nx679j: journal mirror: 262143 bytes (file open, kmsg=3 pmsg=4 rd=8)
[ 5860.388800][T30158] nx679j: journal mirror: 262143 bytes (file open, kmsg=3 pmsg=4 rd=8)
[ 5861.365334][T17627] (virq:irq_count)- 11:3064041 6:381184 2:128354 1:80867 35:16746 30:11771 301:8071 28:758 358:422 359:382 
[ 5861.365339][T17627] (cpu:irq_count)- 0:164906 1:860 2:679 3:804 4:1687259 5:4031 6:5116 7:1829104 
[ 5861.365342][T17627] (ipi:irq_count)- 0:80867 1:128354 2:0 3:0 4:0 5:381184 6:0 
[ 5862.441175][T30159] nx679j: journal mirror: 262143 bytes (file open, kmsg=3 pmsg=4 rd=8)
[ 5864.493517][T30160] nx679j: journal mirror: 262143 bytes (file open, kmsg=3 pmsg=4 rd=8)
[ 5866.545857][T30161] nx679j: journal mirror: 262143 bytes (file open, kmsg=3 pmsg=4 rd=8)
[ 5868.598188][T30162] nx679j: journal mirror: 262143 bytes (file open, kmsg=3 pmsg=4 rd=8)
[ 5870.650512][T30163] nx679j: journal mirror: 262143 bytes (file open, kmsg=3 pmsg=4 rd=8)
[ 5870.837339][T24304] (virq:irq_count)- 11:3068995 6:381785 2:128551 1:80910 35:16766 30:11786 301:8074 28:758 358:422 359:382 
[ 5870.837344][T24304] (cpu:irq_count)- 0:165139 1:860 2:679 3:804 4:1689919 5:4031 6:5119 7:1832041 
[ 5870.837347][T24304] (ipi:irq_count)- 0:80910 1:128551 2:0 3:0 4:0 5:381785 6:0 
[ 5872.702863][T30164] nx679j: journal mirror: 262143 bytes (file open, kmsg=3 pmsg=4 rd=8)
[ 5874.755195][T30165] nx679j: journal mirror: 262143 bytes (file open, kmsg=3 pmsg=4 rd=8)
[ 5876.807555][T30166] nx679j: journal mirror: 262143 bytes (file open, kmsg=3 pmsg=4 rd=8)
[ 5878.859895][T30167] nx679j: journal mirror: 262143 bytes (file open, kmsg=3 pmsg=4 rd=8)
[ 5880.309336][  T240] (virq:irq_count)- 11:3073947 6:382387 2:128745 1:80943 35:16782 30:11798 301:8074 28:758 358:422 359:382 
[ 5880.309342][  T240] (cpu:irq_count)- 0:165359 1:860 2:679 3:804 4:1692569 5:4031 6:5122 7:1834977 
[ 5880.309345][  T240] (ipi:irq_count)- 0:80943 1:128745 2:0 3:0 4:0 5:382387 6:0 
[ 5880.912227][T30168] nx679j: journal mirror: 262143 bytes (file open, kmsg=3 pmsg=4 rd=8)
[ 5882.964574][T30169] nx679j: journal mirror: 262143 bytes (file open, kmsg=3 pmsg=4 rd=8)
[ 5885.016930][T30170] nx679j: journal mirror: 262143 bytes (file open, kmsg=3 pmsg=4 rd=8)
[ 5887.069295][T30171] nx679j: journal mirror: 262143 bytes (file open, kmsg=3 pmsg=4 rd=8)
[ 5889.121661][T30172] nx679j: journal mirror: 262143 bytes (file open, kmsg=3 pmsg=4 rd=8)
[ 5889.781336][T24304] (virq:irq_count)- 11:3078903 6:382988 2:128941 1:80989 35:16802 30:11813 301:8077 28:758 358:422 359:382 
[ 5889.781341][T24304] (cpu:irq_count)- 0:165591 1:860 2:679 3:804 4:1695242 5:4031 6:5125 7:1837906 
[ 5889.781344][T24304] (ipi:irq_count)- 0:80989 1:128941 2:0 3:0 4:0 5:382988 6:0 
[ 5891.174003][T30173] nx679j: journal mirror: 262143 bytes (file open, kmsg=3 pmsg=4 rd=8)
[ 5893.226271][T30174] nx679j: journal mirror: 262143 bytes (file open, kmsg=3 pmsg=4 rd=8)
[ 5895.278607][T30175] nx679j: journal mirror: 262143 bytes (file open, kmsg=3 pmsg=4 rd=8)
[ 5897.330952][T30176] nx679j: journal mirror: 262143 bytes (file open, kmsg=3 pmsg=4 rd=8)
[ 5899.253344][  T240] (virq:irq_count)- 11:3083854 6:383590 2:129134 1:81019 35:16818 30:11825 301:8077 28:758 358:422 359:382 
[ 5899.253349][  T240] (cpu:irq_count)- 0:165810 1:860 2:679 3:804 4:1697937 5:4031 6:5128 7:1840793 
[ 5899.253352][  T240] (ipi:irq_count)- 0:81019 1:129134 2:0 3:0 4:0 5:383590 6:0 
[ 5899.383300][T30177] nx679j: journal mirror: 262143 bytes (file open, kmsg=3 pmsg=4 rd=8)
[ 5901.435641][T30178] nx679j: journal mirror: 262143 bytes (file open, kmsg=3 pmsg=4 rd=8)
[ 5903.487983][T30179] nx679j: journal mirror: 262143 bytes (file open, kmsg=3 pmsg=4 rd=8)
[ 5905.540339][T30180] nx679j: journal mirror: 262143 bytes (file open, kmsg=3 pmsg=4 rd=8)
[ 5907.592674][T30181] nx679j: journal mirror: 262143 bytes (file open, kmsg=3 pmsg=4 rd=8)
[ 5908.725317][  T240] (virq:irq_count)- 11:3088809 6:384191 2:129329 1:81062 35:16838 30:11840 301:8084 28:758 358:422 359:382 
[ 5908.725324][  T240] (cpu:irq_count)- 0:166045 1:860 2:679 3:804 4:1700618 5:4031 6:5131 7:1843710 
[ 5908.725329][  T240] (ipi:irq_count)- 0:81062 1:129329 2:0 3:0 4:0 5:384191 6:0 
[ 5909.645069][T30182] nx679j: journal mirror: 262143 bytes (file open, kmsg=3 pmsg=4 rd=8)
[ 5911.697417][T30183] nx679j: journal mirror: 262143 bytes (file open, kmsg=3 pmsg=4 rd=8)
[ 5913.749887][T30184] nx679j: journal mirror: 262143 bytes (file open, kmsg=3 pmsg=4 rd=8)
[ 5915.802219][T30185] nx679j: journal mirror: 262143 bytes (file open, kmsg=3 pmsg=4 rd=8)
[ 5917.854428][T30186] nx679j: journal mirror: 262143 bytes (file open, kmsg=3 pmsg=4 rd=8)
[ 5918.197345][  T240] (virq:irq_count)- 11:3093763 6:384795 2:129526 1:81109 35:16858 30:11855 301:8087 28:758 358:422 359:382 
[ 5918.197352][  T240] (cpu:irq_count)- 0:166280 1:860 2:679 3:804 4:1703317 5:4031 6:5134 7:1846613 
[ 5918.197357][  T240] (ipi:irq_count)- 0:81109 1:129526 2:0 3:0 4:0 5:384795 6:0 
[ 5919.906788][T30187] nx679j: journal mirror: 262143 bytes (file open, kmsg=3 pmsg=4 rd=8)
[ 5921.959254][T30188] nx679j: journal mirror: 262143 bytes (file open, kmsg=3 pmsg=4 rd=8)
[ 5924.011454][T30189] nx679j: journal mirror: 262143 bytes (file open, kmsg=3 pmsg=4 rd=8)
[ 5926.063816][T30190] nx679j: journal mirror: 262143 bytes (file open, kmsg=3 pmsg=4 rd=8)
[ 5927.669339][  T240] (virq:irq_count)- 11:3098711 6:385396 2:129721 1:81149 35:16874 30:11867 301:8093 28:758 358:422 359:382 
[ 5927.669344][  T240] (cpu:irq_count)- 0:166507 1:861 2:679 3:804 4:1705988 5:4031 6:5137 7:1849529 
[ 5927.669347][  T240] (ipi:irq_count)- 0:81149 1:129721 2:0 3:0 4:0 5:385396 6:0 
[ 5928.116142][T30191] nx679j: journal mirror: 262143 bytes (file open, kmsg=3 pmsg=4 rd=8)
[ 5930.168473][T30192] nx679j: journal mirror: 262143 bytes (file open, kmsg=3 pmsg=4 rd=8)
[ 5932.220813][T30193] nx679j: journal mirror: 262143 bytes (file open, kmsg=3 pmsg=4 rd=8)
[ 5934.273175][T30194] nx679j: journal mirror: 262143 bytes (file open, kmsg=3 pmsg=4 rd=8)
[ 5936.325517][T30195] nx679j: journal mirror: 262143 bytes (file open, kmsg=3 pmsg=4 rd=8)
[ 5937.141346][T24304] (virq:irq_count)- 11:3103666 6:385997 2:129920 1:81194 35:16896 30:11882 301:8093 28:758 358:422 359:382 
[ 5937.141351][T24304] (cpu:irq_count)- 0:166741 1:861 2:679 3:804 4:1708659 5:4031 6:5140 7:1852458 
[ 5937.141354][T24304] (ipi:irq_count)- 0:81194 1:129920 2:0 3:0 4:0 5:385997 6:0 
[ 5938.378000][T30196] nx679j: journal mirror: 262143 bytes (file open, kmsg=3 pmsg=4 rd=8)
[ 5940.430232][T30197] nx679j: journal mirror: 262143 bytes (file open, kmsg=3 pmsg=4 rd=8)
[ 5942.482672][T30198] nx679j: journal mirror: 262143 bytes (file open, kmsg=3 pmsg=4 rd=8)
[ 5944.534891][T30199] nx679j: journal mirror: 262143 bytes (file open, kmsg=3 pmsg=4 rd=8)
[ 5946.587377][T30200] nx679j: journal mirror: 262143 bytes (file open, kmsg=3 pmsg=4 rd=8)
[ 5946.613330][T24304] (virq:irq_count)- 11:3108617 6:386599 2:130114 1:81239 35:16916 30:11897 301:8093 28:758 358:422 359:382 
[ 5946.613335][T24304] (cpu:irq_count)- 0:166968 1:861 2:679 3:804 4:1711328 5:4031 6:5143 7:1855386 
[ 5946.613338][T24304] (ipi:irq_count)- 0:81239 1:130114 2:0 3:0 4:0 5:386599 6:0 
[ 5948.639583][T30201] nx679j: journal mirror: 262143 bytes (file open, kmsg=3 pmsg=4 rd=8)
[ 5950.691899][T30202] nx679j: journal mirror: 262143 bytes (file open, kmsg=3 pmsg=4 rd=8)
[ 5952.744251][T30203] nx679j: journal mirror: 262143 bytes (file open, kmsg=3 pmsg=4 rd=8)
[ 5954.796600][T30204] nx679j: journal mirror: 262143 bytes (file open, kmsg=3 pmsg=4 rd=8)
[ 5956.085334][T24304] (virq:irq_count)- 11:3113565 6:387200 2:130308 1:81272 35:16934 30:11909 301:8093 28:758 358:422 359:382 
[ 5956.085340][T24304] (cpu:irq_count)- 0:167190 1:861 2:679 3:804 4:1713965 5:4031 6:5146 7:1858330 
[ 5956.085343][T24304] (ipi:irq_count)- 0:81272 1:130308 2:0 3:0 4:0 5:387200 6:0 
[ 5956.848971][T30205] nx679j: journal mirror: 262143 bytes (file open, kmsg=3 pmsg=4 rd=8)
[ 5958.901327][T30206] nx679j: journal mirror: 262143 bytes (file open, kmsg=3 pmsg=4 rd=8)
[ 5960.954075][T30207] nx679j: journal mirror: 262143 bytes (file open, kmsg=3 pmsg=4 rd=8)
[ 5963.006461][T30229] nx679j: journal mirror: 262143 bytes (file open, kmsg=3 pmsg=4 rd=8)
[ 5965.058683][T30230] nx679j: journal mirror: 262143 bytes (file open, kmsg=3 pmsg=4 rd=8)
[ 5965.557353][T24304] (virq:irq_count)- 11:3118554 6:387822 2:130509 1:81407 35:16960 30:11924 301:8138 28:760 358:422 359:385 
[ 5965.557361][T24304] (cpu:irq_count)- 0:167495 1:862 2:679 3:804 4:1716636 5:4035 6:5154 7:1861379 
[ 5965.557366][T24304] (ipi:irq_count)- 0:81407 1:130509 2:0 3:0 4:0 5:387822 6:0 
[ 5967.111016][T30231] nx679j: journal mirror: 262143 bytes (file open, kmsg=3 pmsg=4 rd=8)
[ 5969.163344][T30232] nx679j: journal mirror: 262143 bytes (file open, kmsg=3 pmsg=4 rd=8)
[ 5971.215693][T30233] nx679j: journal mirror: 262143 bytes (file open, kmsg=3 pmsg=4 rd=8)
[ 5973.268011][T30234] nx679j: journal mirror: 262143 bytes (file open, kmsg=3 pmsg=4 rd=8)
[ 5975.029331][T24304] (virq:irq_count)- 11:3123501 6:388423 2:130703 1:81440 35:16976 30:11936 301:8139 28:760 358:422 359:385 
[ 5975.029336][T24304] (cpu:irq_count)- 0:167716 1:862 2:679 3:804 4:1719290 5:4035 6:5157 7:1864305 
[ 5975.029340][T24304] (ipi:irq_count)- 0:81440 1:130703 2:0 3:0 4:0 5:388423 6:0 
[ 5975.320350][T30235] nx679j: journal mirror: 262143 bytes (file open, kmsg=3 pmsg=4 rd=8)
[ 5977.372691][T30236] nx679j: journal mirror: 262143 bytes (file open, kmsg=3 pmsg=4 rd=8)
[ 5979.425076][T30237] nx679j: journal mirror: 262143 bytes (file open, kmsg=3 pmsg=4 rd=8)
[ 5981.477417][T30238] nx679j: journal mirror: 262143 bytes (file open, kmsg=3 pmsg=4 rd=8)
[ 5983.529770][T30239] nx679j: journal mirror: 262143 bytes (file open, kmsg=3 pmsg=4 rd=8)
[ 5984.501337][  T240] (virq:irq_count)- 11:3128455 6:389025 2:130902 1:81480 35:16996 30:11951 301:8140 28:760 358:422 359:385 
[ 5984.501342][  T240] (cpu:irq_count)- 0:167949 1:862 2:679 3:804 4:1721949 5:4035 6:5160 7:1867241 
[ 5984.501345][  T240] (ipi:irq_count)- 0:81480 1:130902 2:0 3:0 4:0 5:389025 6:0 
[ 5985.582103][T30240] nx679j: journal mirror: 262143 bytes (file open, kmsg=3 pmsg=4 rd=8)
[ 5987.634430][T30241] nx679j: journal mirror: 262143 bytes (file open, kmsg=3 pmsg=4 rd=8)
[ 5989.686755][T30242] nx679j: journal mirror: 262143 bytes (file open, kmsg=3 pmsg=4 rd=8)
[ 5991.739089][T30243] nx679j: journal mirror: 262143 bytes (file open, kmsg=3 pmsg=4 rd=8)
[ 5993.791453][T30244] nx679j: journal mirror: 262143 bytes (file open, kmsg=3 pmsg=4 rd=8)
[ 5993.973337][T24304] (virq:irq_count)- 11:3133410 6:389627 2:131098 1:81520 35:17016 30:11966 301:8142 28:760 358:422 359:385 
[ 5993.973344][T24304] (cpu:irq_count)- 0:168181 1:862 2:679 3:804 4:1724583 5:4035 6:5163 7:1870202 
[ 5993.973349][T24304] (ipi:irq_count)- 0:81520 1:131098 2:0 3:0 4:0 5:389627 6:0 
[ 5995.843822][T30245] nx679j: journal mirror: 262143 bytes (file open, kmsg=3 pmsg=4 rd=8)
[ 5997.896163][T30246] nx679j: journal mirror: 262143 bytes (file open, kmsg=3 pmsg=4 rd=8)
[ 5999.948857][T30247] nx679j: journal mirror: 262143 bytes (file open, kmsg=3 pmsg=4 rd=8)
[ 6002.001047][T30259] nx679j: journal mirror: 262143 bytes (file open, kmsg=3 pmsg=4 rd=8)
[ 6003.445343][  T240] (virq:irq_count)- 11:3138490 6:390272 2:131316 1:81875 35:17042 30:11978 301:8363 28:760 358:422 359:385 
[ 6003.445348][  T240] (cpu:irq_count)- 0:168732 1:863 2:679 3:804 4:1727277 5:4044 6:5192 7:1873476 
[ 6003.445352][  T240] (ipi:irq_count)- 0:81875 1:131316 2:0 3:0 4:0 5:390272 6:0 
[ 6004.053241][T30260] nx679j: journal mirror: 262143 bytes (file open, kmsg=3 pmsg=4 rd=8)
[ 6006.105585][T30261] nx679j: journal mirror: 262143 bytes (file open, kmsg=3 pmsg=4 rd=8)
[ 6008.157869][T30262] nx679j: journal mirror: 262143 bytes (file open, kmsg=3 pmsg=4 rd=8)
[ 6010.210219][T30263] nx679j: journal mirror: 262143 bytes (file open, kmsg=3 pmsg=4 rd=8)
[ 6012.262545][T30264] nx679j: journal mirror: 262143 bytes (file open, kmsg=3 pmsg=4 rd=8)
[ 6012.917352][T24304] (virq:irq_count)- 11:3143445 6:390874 2:131516 1:81923 35:17062 30:11993 301:8368 28:760 358:422 359:385 
[ 6012.917357][T24304] (cpu:irq_count)- 0:168973 1:863 2:679 3:804 4:1729918 5:4045 6:5195 7:1876435 
[ 6012.917360][T24304] (ipi:irq_count)- 0:81923 1:131516 2:0 3:0 4:0 5:390874 6:0 
[ 6014.314886][T30265] nx679j: journal mirror: 262143 bytes (file open, kmsg=3 pmsg=4 rd=8)
[ 6016.367224][T30266] nx679j: journal mirror: 262143 bytes (file open, kmsg=3 pmsg=4 rd=8)
[ 6018.419558][T30267] nx679j: journal mirror: 262143 bytes (file open, kmsg=3 pmsg=4 rd=8)
[ 6020.471920][T30268] nx679j: journal mirror: 262143 bytes (file open, kmsg=3 pmsg=4 rd=8)
[ 6022.389373][  T240] (virq:irq_count)- 11:3148409 6:391502 2:131716 1:82046 35:17087 30:12009 301:8391 28:760 358:422 359:385 
[ 6022.389381][  T240] (cpu:irq_count)- 0:169243 1:863 2:679 3:804 4:1732585 5:4050 6:5207 7:1879460 
[ 6022.389384][  T240] (ipi:irq_count)- 0:82046 1:131716 2:0 3:0 4:0 5:391502 6:0 
[ 6022.524645][T30269] nx679j: journal mirror: 262143 bytes (file open, kmsg=3 pmsg=4 rd=8)
[ 6024.577064][T30325] nx679j: journal mirror: 262143 bytes (file open, kmsg=3 pmsg=4 rd=8)
[ 6026.629271][T30361] nx679j: journal mirror: 262143 bytes (file open, kmsg=3 pmsg=4 rd=8)
[ 6028.681661][T30362] nx679j: journal mirror: 262143 bytes (file open, kmsg=3 pmsg=4 rd=8)
[ 6030.734108][T30398] nx679j: journal mirror: 262143 bytes (file open, kmsg=3 pmsg=4 rd=8)
[ 6031.861352][T17627] (virq:irq_count)- 11:3153386 6:392161 2:131923 1:82260 35:17139 30:12036 301:8402 28:761 358:422 359:386 
[ 6031.861357][T17627] (cpu:irq_count)- 0:169538 1:863 2:679 3:804 4:1735346 5:4063 6:5226 7:1882521 
[ 6031.861361][T17627] (ipi:irq_count)- 0:82260 1:131923 2:0 3:0 4:0 5:392161 6:0 
[ 6032.786208][T30434] nx679j: journal mirror: 262143 bytes (file open, kmsg=3 pmsg=4 rd=8)
[ 6034.838748][T30435] nx679j: journal mirror: 262143 bytes (file open, kmsg=3 pmsg=4 rd=8)
[ 6036.891217][T30471] nx679j: journal mirror: 262143 bytes (file open, kmsg=3 pmsg=4 rd=8)
[ 6038.943246][T30507] nx679j: journal mirror: 262143 bytes (file open, kmsg=3 pmsg=4 rd=8)
[ 6040.995812][T30508] nx679j: journal mirror: 262143 bytes (file open, kmsg=3 pmsg=4 rd=8)
[ 6041.333369][T24304] (virq:irq_count)- 11:3158358 6:392807 2:132129 1:82514 35:17189 30:12063 301:8404 28:761 358:422 359:386 
[ 6041.333375][T24304] (cpu:irq_count)- 0:169819 1:863 2:679 3:804 4:1738112 5:4077 6:5242 7:1885601 
[ 6041.333378][T24304] (ipi:irq_count)- 0:82514 1:132129 2:0 3:0 4:0 5:392807 6:0 
[ 6043.048240][T30544] nx679j: journal mirror: 262143 bytes (file open, kmsg=3 pmsg=4 rd=8)
[ 6045.100449][T30580] nx679j: journal mirror: 262143 bytes (file open, kmsg=3 pmsg=4 rd=8)
[ 6047.152801][T30581] nx679j: journal mirror: 262143 bytes (file open, kmsg=3 pmsg=4 rd=8)
[ 6049.205294][T30617] nx679j: journal mirror: 262143 bytes (file open, kmsg=3 pmsg=4 rd=8)
[ 6049.437735][T30674] ipa ipa3_setup_apps_low_lat_prod_pipe:374 Configuring low lat prod without rmnet config
[ 6050.805557][T24304] (virq:irq_count)- 11:3163354 6:393495 2:132344 1:82886 35:17263 30:12095 301:8436 28:761 358:422 359:386 
[ 6050.805564][T24304] (cpu:irq_count)- 0:170203 1:864 2:679 3:804 4:1740905 5:4106 6:5271 7:1888800 
[ 6050.805567][T24304] (ipi:irq_count)- 0:82886 1:132344 2:0 3:0 4:0 5:393495 6:0 
[ 6051.257660][T30653] nx679j: journal mirror: 262143 bytes (file open, kmsg=3 pmsg=4 rd=8)
[ 6053.310120][T30691] nx679j: journal mirror: 262143 bytes (file open, kmsg=3 pmsg=4 rd=8)
[ 6055.362499][T30727] nx679j: journal mirror: 262143 bytes (file open, kmsg=3 pmsg=4 rd=8)
[ 6057.414479][T30763] nx679j: journal mirror: 262143 bytes (file open, kmsg=3 pmsg=4 rd=8)
[ 6059.467072][T30764] nx679j: journal mirror: 262143 bytes (file open, kmsg=3 pmsg=4 rd=8)
[ 6060.277362][T17627] (virq:irq_count)- 11:3168358 6:394148 2:132558 1:83199 35:17319 30:12122 301:8479 28:761 358:422 359:386 
[ 6060.277369][T17627] (cpu:irq_count)- 0:170552 1:865 2:679 3:804 4:1743706 5:4120 6:5288 7:1891930 
[ 6060.277372][T17627] (ipi:irq_count)- 0:83199 1:132558 2:0 3:0 4:0 5:394148 6:0 
[ 6061.519480][T30800] nx679j: journal mirror: 262143 bytes (file open, kmsg=3 pmsg=4 rd=8)
[ 6063.571600][T30854] nx679j: journal mirror: 262143 bytes (file open, kmsg=3 pmsg=4 rd=8)
[ 6065.624146][T30855] nx679j: journal mirror: 262143 bytes (file open, kmsg=3 pmsg=4 rd=8)
[ 6067.676564][T30891] nx679j: journal mirror: 262143 bytes (file open, kmsg=3 pmsg=4 rd=8)
[ 6069.728702][T30927] nx679j: journal mirror: 262143 bytes (file open, kmsg=3 pmsg=4 rd=8)
[ 6069.749352][  T240] (virq:irq_count)- 11:3173332 6:394783 2:132770 1:83433 35:17369 30:12149 301:8479 28:761 358:422 359:386 
[ 6069.749358][  T240] (cpu:irq_count)- 0:170837 1:865 2:679 3:804 4:1746497 5:4129 6:5303 7:1894962 
[ 6069.749361][  T240] (ipi:irq_count)- 0:83433 1:132770 2:0 3:0 4:0 5:394783 6:0 
[ 6071.781307][T30928] nx679j: journal mirror: 262143 bytes (file open, kmsg=3 pmsg=4 rd=8)
[ 6073.833696][T30964] nx679j: journal mirror: 262143 bytes (file open, kmsg=3 pmsg=4 rd=8)
[ 6075.886088][T31032] nx679j: journal mirror: 262143 bytes (file open, kmsg=3 pmsg=4 rd=8)
[ 6077.938152][T31068] nx679j: journal mirror: 262143 bytes (file open, kmsg=3 pmsg=4 rd=8)
[ 6079.221370][  T240] (virq:irq_count)- 11:3178327 6:395481 2:132988 1:83727 35:17430 30:12185 301:8506 28:764 358:422 359:389 
[ 6079.221377][  T240] (cpu:irq_count)- 0:171188 1:866 2:679 3:804 4:1749273 5:4148 6:5321 7:1898132 
[ 6079.221381][  T240] (ipi:irq_count)- 0:83727 1:132988 2:0 3:0 4:0 5:395481 6:0 
[ 6079.990707][T31069] nx679j: journal mirror: 262143 bytes (file open, kmsg=3 pmsg=4 rd=8)
[ 6082.043084][T31105] nx679j: journal mirror: 262143 bytes (file open, kmsg=3 pmsg=4 rd=8)
[ 6084.095776][T31141] nx679j: journal mirror: 262143 bytes (file open, kmsg=3 pmsg=4 rd=8)
[ 6086.149752][T31148] nx679j: journal mirror: 262143 bytes (file open, kmsg=3 pmsg=4 rd=8)
[ 6088.202112][T31184] nx679j: journal mirror: 262143 bytes (file open, kmsg=3 pmsg=4 rd=8)
[ 6088.693374][T24304] (virq:irq_count)- 11:3183317 6:396147 2:133196 1:84013 35:17490 30:12212 301:8538 28:764 358:422 359:389 
[ 6088.693380][T24304] (cpu:irq_count)- 0:171523 1:867 2:679 3:804 4:1752076 5:4162 6:5338 7:1901231 
[ 6088.693383][T24304] (ipi:irq_count)- 0:84013 1:133196 2:0 3:0 4:0 5:396147 6:0 
[ 6090.254189][T31220] nx679j: journal mirror: 262143 bytes (file open, kmsg=3 pmsg=4 rd=8)
[ 6092.306862][T31221] nx679j: journal mirror: 262143 bytes (file open, kmsg=3 pmsg=4 rd=8)
[ 6094.359117][T31257] nx679j: journal mirror: 262143 bytes (file open, kmsg=3 pmsg=4 rd=8)
[ 6096.411145][T31293] nx679j: journal mirror: 262143 bytes (file open, kmsg=3 pmsg=4 rd=8)
[ 6098.142129][T31350] DATARMNET6e31e62d2e(): Initializing on device rmnet_data0
[ 6098.142136][T31350] rmnet_shs initializing rmnet_data0
[ 6098.142145][T31350] rmnet_shs init with 0
[ 6098.142156][T31350] DATARMNET7dec24813e(): Initializing on device rmnet_data0
[ 6098.144472][T31355] ipa-wan ipa3_wwan_ioctl:2891 dev(rmnet_data0) register to IPA
[ 6098.147511][T31358] DATARMNETe9173bbe0e(): rmnet dl_ind registration fail
